<?xml version="1.0" encoding="UTF-8"?>
<character>
  <stroke time="0">
    <point>
      <x>0.41166666</x>
      <y>0.12833333</y>
      <w>0.032258064</w>
      <t>4</t>
    </point>
    <point>
      <x>0.41166666</x>
      <y>0.13</y>
      <w>0.12316716</w>
      <t>33</t>
    </point>
    <point>
      <x>0.41333333</x>
      <y>0.13</y>
      <w>0.12316716</w>
      <t>33</t>
    </point>
    <point>
      <x>0.41333333</x>
      <y>0.13166666</y>
      <w>0.19648094</w>
      <t>66</t>
    </point>
    <point>
      <x>0.415</x>
      <y>0.13166666</y>
      <w>0.19648094</w>
      <t>66</t>
    </point>
    <point>
      <x>0.41666666</x>
      <y>0.13333334</y>
      <w>0.19648094</w>
      <t>66</t>
    </point>
    <point>
      <x>0.41833332</x>
      <y>0.135</y>
      <w>0.2521994</w>
      <t>100</t>
    </point>
    <point>
      <x>0.42</x>
      <y>0.135</y>
      <w>0.2521994</w>
      <t>100</t>
    </point>
    <point>
      <x>0.42</x>
      <y>0.13666667</y>
      <w>0.2521994</w>
      <t>100</t>
    </point>
    <point>
      <x>0.42166665</x>
      <y>0.13666667</y>
      <w>0.30400783</w>
      <t>133</t>
    </point>
    <point>
      <x>0.42166665</x>
      <y>0.13833334</y>
      <w>0.30400783</w>
      <t>133</t>
    </point>
    <point>
      <x>0.42333335</x>
      <y>0.13833334</y>
      <w>0.30400783</w>
      <t>133</t>
    </point>
    <point>
      <x>0.42333335</x>
      <y>0.14</y>
      <w>0.30400783</w>
      <t>133</t>
    </point>
    <point>
      <x>0.425</x>
      <y>0.14</y>
      <w>0.30400783</w>
      <t>134</t>
    </point>
    <point>
      <x>0.42666668</x>
      <y>0.14166667</y>
      <w>0.37829912</w>
      <t>167</t>
    </point>
    <point>
      <x>0.42833334</x>
      <y>0.14166667</y>
      <w>0.37829912</w>
      <t>167</t>
    </point>
    <point>
      <x>0.42833334</x>
      <y>0.14333333</y>
      <w>0.4398827</w>
      <t>199</t>
    </point>
    <point>
      <x>0.43</x>
      <y>0.14333333</y>
      <w>0.4398827</w>
      <t>199</t>
    </point>
    <point>
      <x>0.43166667</x>
      <y>0.14333333</y>
      <w>0.4398827</w>
      <t>199</t>
    </point>
    <point>
      <x>0.43333334</x>
      <y>0.14333333</y>
      <w>0.47702834</w>
      <t>233</t>
    </point>
    <point>
      <x>0.435</x>
      <y>0.14333333</y>
      <w>0.47702834</w>
      <t>235</t>
    </point>
    <point>
      <x>0.43666667</x>
      <y>0.145</y>
      <w>0.47702834</w>
      <t>235</t>
    </point>
    <point>
      <x>0.43833333</x>
      <y>0.145</y>
      <w>0.47702834</w>
      <t>235</t>
    </point>
    <point>
      <x>0.44</x>
      <y>0.145</y>
      <w>0.5083089</w>
      <t>266</t>
    </point>
    <point>
      <x>0.44166666</x>
      <y>0.145</y>
      <w>0.5083089</w>
      <t>266</t>
    </point>
    <point>
      <x>0.44333333</x>
      <y>0.145</y>
      <w>0.5083089</w>
      <t>266</t>
    </point>
    <point>
      <x>0.445</x>
      <y>0.145</y>
      <w>0.5083089</w>
      <t>267</t>
    </point>
    <point>
      <x>0.44666666</x>
      <y>0.145</y>
      <w>0.5083089</w>
      <t>267</t>
    </point>
    <point>
      <x>0.45</x>
      <y>0.145</y>
      <w>0.53176934</w>
      <t>299</t>
    </point>
    <point>
      <x>0.45166665</x>
      <y>0.145</y>
      <w>0.53176934</w>
      <t>299</t>
    </point>
    <point>
      <x>0.45333335</x>
      <y>0.145</y>
      <w>0.53176934</w>
      <t>299</t>
    </point>
    <point>
      <x>0.455</x>
      <y>0.145</y>
      <w>0.53176934</w>
      <t>299</t>
    </point>
    <point>
      <x>0.45666668</x>
      <y>0.145</y>
      <w>0.55718476</w>
      <t>333</t>
    </point>
    <point>
      <x>0.45833334</x>
      <y>0.145</y>
      <w>0.55718476</w>
      <t>333</t>
    </point>
    <point>
      <x>0.46166667</x>
      <y>0.145</y>
      <w>0.55718476</w>
      <t>333</t>
    </point>
    <point>
      <x>0.46333334</x>
      <y>0.145</y>
      <w>0.55718476</w>
      <t>334</t>
    </point>
    <point>
      <x>0.465</x>
      <y>0.145</y>
      <w>0.5650049</w>
      <t>366</t>
    </point>
    <point>
      <x>0.46666667</x>
      <y>0.14333333</y>
      <w>0.5650049</w>
      <t>366</t>
    </point>
    <point>
      <x>0.47</x>
      <y>0.14333333</y>
      <w>0.5650049</w>
      <t>366</t>
    </point>
    <point>
      <x>0.47166666</x>
      <y>0.14333333</y>
      <w>0.5650049</w>
      <t>367</t>
    </point>
    <point>
      <x>0.475</x>
      <y>0.14333333</y>
      <w>0.5650049</w>
      <t>367</t>
    </point>
    <point>
      <x>0.47666666</x>
      <y>0.14166667</y>
      <w>0.57380253</w>
      <t>399</t>
    </point>
    <point>
      <x>0.48</x>
      <y>0.14166667</y>
      <w>0.57380253</w>
      <t>399</t>
    </point>
    <point>
      <x>0.48333332</x>
      <y>0.14166667</y>
      <w>0.57380253</w>
      <t>399</t>
    </point>
    <point>
      <x>0.485</x>
      <y>0.14</y>
      <w>0.57380253</w>
      <t>400</t>
    </point>
    <point>
      <x>0.48666668</x>
      <y>0.14</y>
      <w>0.57478005</w>
      <t>433</t>
    </point>
    <point>
      <x>0.49</x>
      <y>0.14</y>
      <w>0.57478005</w>
      <t>433</t>
    </point>
    <point>
      <x>0.49333334</x>
      <y>0.14</y>
      <w>0.57478005</w>
      <t>433</t>
    </point>
    <point>
      <x>0.495</x>
      <y>0.14</y>
      <w>0.57478005</w>
      <t>433</t>
    </point>
    <point>
      <x>0.49666667</x>
      <y>0.13833334</y>
      <w>0.57478005</w>
      <t>434</t>
    </point>
    <point>
      <x>0.5</x>
      <y>0.13833334</y>
      <w>0.58064514</w>
      <t>466</t>
    </point>
    <point>
      <x>0.50166667</x>
      <y>0.13833334</y>
      <w>0.58064514</w>
      <t>466</t>
    </point>
    <point>
      <x>0.50333333</x>
      <y>0.13833334</y>
      <w>0.58064514</w>
      <t>466</t>
    </point>
    <point>
      <x>0.50666666</x>
      <y>0.13833334</y>
      <w>0.58064514</w>
      <t>467</t>
    </point>
    <point>
      <x>0.5083333</x>
      <y>0.13833334</y>
      <w>0.58162266</w>
      <t>500</t>
    </point>
    <point>
      <x>0.51</x>
      <y>0.13833334</y>
      <w>0.58162266</w>
      <t>500</t>
    </point>
    <point>
      <x>0.51166666</x>
      <y>0.13833334</y>
      <w>0.58162266</w>
      <t>500</t>
    </point>
    <point>
      <x>0.5133333</x>
      <y>0.13833334</y>
      <w>0.58162266</w>
      <t>501</t>
    </point>
    <point>
      <x>0.515</x>
      <y>0.13833334</y>
      <w>0.58162266</w>
      <t>501</t>
    </point>
    <point>
      <x>0.51666665</x>
      <y>0.13833334</y>
      <w>0.5845552</w>
      <t>533</t>
    </point>
    <point>
      <x>0.5183333</x>
      <y>0.13833334</y>
      <w>0.5845552</w>
      <t>533</t>
    </point>
    <point>
      <x>0.52</x>
      <y>0.13833334</y>
      <w>0.5982405</w>
      <t>599</t>
    </point>
    <point>
      <x>0.52166665</x>
      <y>0.13833334</y>
      <w>0.5982405</w>
      <t>599</t>
    </point>
    <point>
      <x>0.52166665</x>
      <y>0.14</y>
      <w>0.5982405</w>
      <t>599</t>
    </point>
    <point>
      <x>0.5233333</x>
      <y>0.14</y>
      <w>0.5982405</w>
      <t>599</t>
    </point>
    <point>
      <x>0.5233333</x>
      <y>0.14166667</y>
      <w>0.61290324</w>
      <t>633</t>
    </point>
    <point>
      <x>0.525</x>
      <y>0.14333333</y>
      <w>0.61290324</w>
      <t>633</t>
    </point>
    <point>
      <x>0.52666664</x>
      <y>0.145</y>
      <w>0.61290324</w>
      <t>633</t>
    </point>
    <point>
      <x>0.52666664</x>
      <y>0.14666666</y>
      <w>0.6217009</w>
      <t>666</t>
    </point>
    <point>
      <x>0.5283333</x>
      <y>0.14666666</y>
      <w>0.6217009</w>
      <t>666</t>
    </point>
    <point>
      <x>0.5283333</x>
      <y>0.14833333</y>
      <w>0.6217009</w>
      <t>666</t>
    </point>
    <point>
      <x>0.5283333</x>
      <y>0.15</y>
      <w>0.61485827</w>
      <t>833</t>
    </point>
    <point>
      <x>0.52666664</x>
      <y>0.15</y>
      <w>0.61485827</w>
      <t>833</t>
    </point>
    <point>
      <x>0.52666664</x>
      <y>0.15166667</y>
      <w>0.61290324</w>
      <t>866</t>
    </point>
    <point>
      <x>0.525</x>
      <y>0.15333334</y>
      <w>0.61290324</w>
      <t>866</t>
    </point>
    <point>
      <x>0.5233333</x>
      <y>0.155</y>
      <w>0.61290324</w>
      <t>866</t>
    </point>
    <point>
      <x>0.52166665</x>
      <y>0.155</y>
      <w>0.61290324</w>
      <t>900</t>
    </point>
    <point>
      <x>0.52166665</x>
      <y>0.15666667</y>
      <w>0.61290324</w>
      <t>900</t>
    </point>
    <point>
      <x>0.52</x>
      <y>0.15666667</y>
      <w>0.61290324</w>
      <t>900</t>
    </point>
    <point>
      <x>0.52</x>
      <y>0.15833333</y>
      <w>0.61290324</w>
      <t>900</t>
    </point>
    <point>
      <x>0.5183333</x>
      <y>0.15833333</y>
      <w>0.5845552</w>
      <t>933</t>
    </point>
    <point>
      <x>0.5183333</x>
      <y>0.16</y>
      <w>0.5845552</w>
      <t>933</t>
    </point>
    <point>
      <x>0.51666665</x>
      <y>0.16</y>
      <w>0.5845552</w>
      <t>933</t>
    </point>
    <point>
      <x>0.51666665</x>
      <y>0.16166666</y>
      <w>0.5845552</w>
      <t>933</t>
    </point>
    <point>
      <x>0.515</x>
      <y>0.16166666</y>
      <w>0.53079176</w>
      <t>967</t>
    </point>
    <point>
      <x>0.5133333</x>
      <y>0.16333333</y>
      <w>0.53079176</w>
      <t>968</t>
    </point>
    <point>
      <x>0.5133333</x>
      <y>0.165</y>
      <w>0.53079176</w>
      <t>968</t>
    </point>
    <point>
      <x>0.51166666</x>
      <y>0.165</y>
      <w>0.53079176</w>
      <t>968</t>
    </point>
    <point>
      <x>0.51</x>
      <y>0.16666667</y>
      <w>0.53079176</w>
      <t>968</t>
    </point>
    <point>
      <x>0.51</x>
      <y>0.16833334</y>
      <w>0.48778105</w>
      <t>1000</t>
    </point>
    <point>
      <x>0.5083333</x>
      <y>0.16833334</y>
      <w>0.48778105</w>
      <t>1000</t>
    </point>
    <point>
      <x>0.50666666</x>
      <y>0.17</y>
      <w>0.48778105</w>
      <t>1000</t>
    </point>
    <point>
      <x>0.505</x>
      <y>0.17166667</y>
      <w>0.48778105</w>
      <t>1000</t>
    </point>
    <point>
      <x>0.50333333</x>
      <y>0.17333333</y>
      <w>0.43597263</w>
      <t>1033</t>
    </point>
    <point>
      <x>0.5</x>
      <y>0.175</y>
      <w>0.43597263</w>
      <t>1033</t>
    </point>
    <point>
      <x>0.49833333</x>
      <y>0.17666666</y>
      <w>0.43597263</w>
      <t>1033</t>
    </point>
    <point>
      <x>0.49666667</x>
      <y>0.17833333</y>
      <w>0.43597263</w>
      <t>1033</t>
    </point>
    <point>
      <x>0.49333334</x>
      <y>0.18</y>
      <w>0.43597263</w>
      <t>1033</t>
    </point>
    <point>
      <x>0.49166667</x>
      <y>0.18166667</y>
      <w>0.35092863</w>
      <t>1066</t>
    </point>
    <point>
      <x>0.49</x>
      <y>0.18333334</y>
      <w>0.35092863</w>
      <t>1066</t>
    </point>
    <point>
      <x>0.48666668</x>
      <y>0.185</y>
      <w>0.35092863</w>
      <t>1066</t>
    </point>
    <point>
      <x>0.485</x>
      <y>0.18666667</y>
      <w>0.35092863</w>
      <t>1066</t>
    </point>
    <point>
      <x>0.48166665</x>
      <y>0.18833333</y>
      <w>0.21896383</w>
      <t>1100</t>
    </point>
    <point>
      <x>0.48</x>
      <y>0.19</y>
      <w>0.21896383</w>
      <t>1100</t>
    </point>
    <point>
      <x>0.47833332</x>
      <y>0.19</y>
      <w>0.21896383</w>
      <t>1100</t>
    </point>
    <point>
      <x>0.475</x>
      <y>0.19166666</y>
      <w>0.21896383</w>
      <t>1100</t>
    </point>
    <point>
      <x>0.47333333</x>
      <y>0.19333333</y>
      <w>0.086021505</w>
      <t>1133</t>
    </point>
    <point>
      <x>0.47166666</x>
      <y>0.195</y>
      <w>0.086021505</w>
      <t>1133</t>
    </point>
    <point>
      <x>0.47</x>
      <y>0.19666667</y>
      <w>0.086021505</w>
      <t>1133</t>
    </point>
    <point>
      <x>0.46833333</x>
      <y>0.19833334</y>
      <w>0.086021505</w>
      <t>1133</t>
    </point>
    <point>
      <x>0.46666667</x>
      <y>0.2</y>
      <w>0.086021505</w>
      <t>1133</t>
    </point>
    <point>
      <x>0.46333334</x>
      <y>0.20166667</y>
      <w>0.0</w>
      <t>1166</t>
    </point>
  </stroke>
  <stroke time="2201">
    <point>
      <x>0.24666667</x>
      <y>0.36166668</y>
      <w>0.047898337</w>
      <t>2201</t>
    </point>
    <point>
      <x>0.24833333</x>
      <y>0.36333334</y>
      <w>0.047898337</w>
      <t>2201</t>
    </point>
    <point>
      <x>0.25</x>
      <y>0.365</y>
      <w>0.11632454</w>
      <t>2234</t>
    </point>
    <point>
      <x>0.25166667</x>
      <y>0.365</y>
      <w>0.11632454</w>
      <t>2234</t>
    </point>
    <point>
      <x>0.25333333</x>
      <y>0.36666667</y>
      <w>0.11632454</w>
      <t>2234</t>
    </point>
    <point>
      <x>0.25333333</x>
      <y>0.36833334</y>
      <w>0.11632454</w>
      <t>2234</t>
    </point>
    <point>
      <x>0.255</x>
      <y>0.37</y>
      <w>0.11632454</w>
      <t>2234</t>
    </point>
    <point>
      <x>0.25666666</x>
      <y>0.37166667</y>
      <w>0.19159335</w>
      <t>2267</t>
    </point>
    <point>
      <x>0.25833333</x>
      <y>0.37166667</y>
      <w>0.19159335</w>
      <t>2267</t>
    </point>
    <point>
      <x>0.26</x>
      <y>0.37333333</y>
      <w>0.19159335</w>
      <t>2267</t>
    </point>
    <point>
      <x>0.26166666</x>
      <y>0.375</y>
      <w>0.19159335</w>
      <t>2269</t>
    </point>
    <point>
      <x>0.26333332</x>
      <y>0.37666667</y>
      <w>0.28739002</w>
      <t>2300</t>
    </point>
    <point>
      <x>0.265</x>
      <y>0.37666667</y>
      <w>0.28739002</w>
      <t>2300</t>
    </point>
    <point>
      <x>0.26666668</x>
      <y>0.37833333</y>
      <w>0.28739002</w>
      <t>2300</t>
    </point>
    <point>
      <x>0.26833335</x>
      <y>0.38</y>
      <w>0.40175954</w>
      <t>2334</t>
    </point>
    <point>
      <x>0.27</x>
      <y>0.38</y>
      <w>0.40175954</w>
      <t>2334</t>
    </point>
    <point>
      <x>0.27</x>
      <y>0.38166666</y>
      <w>0.40175954</w>
      <t>2334</t>
    </point>
    <point>
      <x>0.27166668</x>
      <y>0.38166666</y>
      <w>0.47311828</w>
      <t>2368</t>
    </point>
    <point>
      <x>0.27333334</x>
      <y>0.38166666</y>
      <w>0.47311828</w>
      <t>2368</t>
    </point>
    <point>
      <x>0.275</x>
      <y>0.38333333</y>
      <w>0.51124144</w>
      <t>2401</t>
    </point>
    <point>
      <x>0.27666667</x>
      <y>0.38333333</y>
      <w>0.51124144</w>
      <t>2401</t>
    </point>
    <point>
      <x>0.27833334</x>
      <y>0.38333333</y>
      <w>0.51124144</w>
      <t>2401</t>
    </point>
    <point>
      <x>0.28</x>
      <y>0.385</y>
      <w>0.54447705</w>
      <t>2434</t>
    </point>
    <point>
      <x>0.28166667</x>
      <y>0.385</y>
      <w>0.54447705</w>
      <t>2434</t>
    </point>
    <point>
      <x>0.28333333</x>
      <y>0.385</y>
      <w>0.54447705</w>
      <t>2434</t>
    </point>
    <point>
      <x>0.285</x>
      <y>0.385</y>
      <w>0.57087</w>
      <t>2467</t>
    </point>
    <point>
      <x>0.28666666</x>
      <y>0.385</y>
      <w>0.57087</w>
      <t>2467</t>
    </point>
    <point>
      <x>0.28833333</x>
      <y>0.385</y>
      <w>0.57087</w>
      <t>2467</t>
    </point>
    <point>
      <x>0.29</x>
      <y>0.385</y>
      <w>0.57087</w>
      <t>2467</t>
    </point>
    <point>
      <x>0.29166666</x>
      <y>0.385</y>
      <w>0.57087</w>
      <t>2467</t>
    </point>
    <point>
      <x>0.295</x>
      <y>0.385</y>
      <w>0.58651024</w>
      <t>2500</t>
    </point>
    <point>
      <x>0.29666665</x>
      <y>0.385</y>
      <w>0.58651024</w>
      <t>2500</t>
    </point>
    <point>
      <x>0.29833335</x>
      <y>0.385</y>
      <w>0.58651024</w>
      <t>2500</t>
    </point>
    <point>
      <x>0.3</x>
      <y>0.385</y>
      <w>0.58651024</w>
      <t>2500</t>
    </point>
    <point>
      <x>0.30333334</x>
      <y>0.385</y>
      <w>0.60801566</w>
      <t>2534</t>
    </point>
    <point>
      <x>0.305</x>
      <y>0.38333333</y>
      <w>0.60801566</w>
      <t>2534</t>
    </point>
    <point>
      <x>0.30833334</x>
      <y>0.38333333</y>
      <w>0.60801566</w>
      <t>2534</t>
    </point>
    <point>
      <x>0.31</x>
      <y>0.38166666</y>
      <w>0.60801566</w>
      <t>2534</t>
    </point>
    <point>
      <x>0.31333333</x>
      <y>0.38166666</y>
      <w>0.60801566</w>
      <t>2534</t>
    </point>
    <point>
      <x>0.315</x>
      <y>0.38</y>
      <w>0.62658846</w>
      <t>2567</t>
    </point>
    <point>
      <x>0.31833333</x>
      <y>0.38</y>
      <w>0.62658846</w>
      <t>2567</t>
    </point>
    <point>
      <x>0.32</x>
      <y>0.37833333</y>
      <w>0.62658846</w>
      <t>2567</t>
    </point>
    <point>
      <x>0.32333332</x>
      <y>0.37833333</y>
      <w>0.62658846</w>
      <t>2567</t>
    </point>
    <point>
      <x>0.325</x>
      <y>0.37666667</y>
      <w>0.6304985</w>
      <t>2601</t>
    </point>
    <point>
      <x>0.32833335</x>
      <y>0.37666667</y>
      <w>0.6304985</w>
      <t>2601</t>
    </point>
    <point>
      <x>0.33166668</x>
      <y>0.375</y>
      <w>0.6304985</w>
      <t>2601</t>
    </point>
    <point>
      <x>0.33333334</x>
      <y>0.375</y>
      <w>0.6304985</w>
      <t>2601</t>
    </point>
    <point>
      <x>0.33666667</x>
      <y>0.37333333</y>
      <w>0.63734114</w>
      <t>2634</t>
    </point>
    <point>
      <x>0.34</x>
      <y>0.37166667</y>
      <w>0.63734114</w>
      <t>2634</t>
    </point>
    <point>
      <x>0.34333333</x>
      <y>0.37</y>
      <w>0.63734114</w>
      <t>2634</t>
    </point>
    <point>
      <x>0.34833333</x>
      <y>0.37</y>
      <w>0.63734114</w>
      <t>2634</t>
    </point>
    <point>
      <x>0.35166666</x>
      <y>0.36833334</y>
      <w>0.63734114</w>
      <t>2634</t>
    </point>
    <point>
      <x>0.355</x>
      <y>0.36666667</y>
      <w>0.65102637</w>
      <t>2667</t>
    </point>
    <point>
      <x>0.36</x>
      <y>0.365</y>
      <w>0.65102637</w>
      <t>2667</t>
    </point>
    <point>
      <x>0.36333334</x>
      <y>0.36333334</y>
      <w>0.65102637</w>
      <t>2667</t>
    </point>
    <point>
      <x>0.36833334</x>
      <y>0.36166668</y>
      <w>0.65102637</w>
      <t>2667</t>
    </point>
    <point>
      <x>0.37166667</x>
      <y>0.36</y>
      <w>0.6568915</w>
      <t>2701</t>
    </point>
    <point>
      <x>0.37666667</x>
      <y>0.35833332</y>
      <w>0.6568915</w>
      <t>2701</t>
    </point>
    <point>
      <x>0.38333333</x>
      <y>0.35666665</y>
      <w>0.6568915</w>
      <t>2701</t>
    </point>
    <point>
      <x>0.38833332</x>
      <y>0.355</y>
      <w>0.6568915</w>
      <t>2701</t>
    </point>
    <point>
      <x>0.395</x>
      <y>0.35333332</y>
      <w>0.6568915</w>
      <t>2701</t>
    </point>
    <point>
      <x>0.4</x>
      <y>0.35166666</y>
      <w>0.65884656</w>
      <t>2734</t>
    </point>
    <point>
      <x>0.40666667</x>
      <y>0.34833333</y>
      <w>0.65884656</w>
      <t>2734</t>
    </point>
    <point>
      <x>0.41333333</x>
      <y>0.34666666</y>
      <w>0.65884656</w>
      <t>2734</t>
    </point>
    <point>
      <x>0.42</x>
      <y>0.34333333</y>
      <w>0.65884656</w>
      <t>2734</t>
    </point>
    <point>
      <x>0.42666668</x>
      <y>0.34</y>
      <w>0.6568915</w>
      <t>2767</t>
    </point>
    <point>
      <x>0.435</x>
      <y>0.33666667</y>
      <w>0.6568915</w>
      <t>2767</t>
    </point>
    <point>
      <x>0.44333333</x>
      <y>0.335</y>
      <w>0.6568915</w>
      <t>2767</t>
    </point>
    <point>
      <x>0.45</x>
      <y>0.33166668</y>
      <w>0.6568915</w>
      <t>2767</t>
    </point>
    <point>
      <x>0.45833334</x>
      <y>0.32833335</y>
      <w>0.6568915</w>
      <t>2767</t>
    </point>
    <point>
      <x>0.46666667</x>
      <y>0.325</y>
      <w>0.65591395</w>
      <t>2801</t>
    </point>
    <point>
      <x>0.47333333</x>
      <y>0.32166666</y>
      <w>0.65591395</w>
      <t>2801</t>
    </point>
    <point>
      <x>0.48166665</x>
      <y>0.31833333</y>
      <w>0.65591395</w>
      <t>2801</t>
    </point>
    <point>
      <x>0.49</x>
      <y>0.315</y>
      <w>0.65591395</w>
      <t>2801</t>
    </point>
    <point>
      <x>0.49833333</x>
      <y>0.31166667</y>
      <w>0.6568915</w>
      <t>2834</t>
    </point>
    <point>
      <x>0.50666666</x>
      <y>0.30833334</y>
      <w>0.6568915</w>
      <t>2834</t>
    </point>
    <point>
      <x>0.51666665</x>
      <y>0.305</y>
      <w>0.6568915</w>
      <t>2834</t>
    </point>
    <point>
      <x>0.525</x>
      <y>0.30166668</y>
      <w>0.6568915</w>
      <t>2834</t>
    </point>
    <point>
      <x>0.53333336</x>
      <y>0.3</y>
      <w>0.6568915</w>
      <t>2834</t>
    </point>
    <point>
      <x>0.5416667</x>
      <y>0.29666665</y>
      <w>0.6598241</w>
      <t>2867</t>
    </point>
    <point>
      <x>0.5516667</x>
      <y>0.29333332</y>
      <w>0.6598241</w>
      <t>2867</t>
    </point>
    <point>
      <x>0.55833334</x>
      <y>0.29166666</y>
      <w>0.6598241</w>
      <t>2867</t>
    </point>
    <point>
      <x>0.56666666</x>
      <y>0.29</y>
      <w>0.6598241</w>
      <t>2867</t>
    </point>
    <point>
      <x>0.5733333</x>
      <y>0.28833333</y>
      <w>0.6568915</w>
      <t>2901</t>
    </point>
    <point>
      <x>0.58166665</x>
      <y>0.28666666</y>
      <w>0.6568915</w>
      <t>2901</t>
    </point>
    <point>
      <x>0.59</x>
      <y>0.285</y>
      <w>0.6568915</w>
      <t>2901</t>
    </point>
    <point>
      <x>0.5966667</x>
      <y>0.28333333</y>
      <w>0.6568915</w>
      <t>2901</t>
    </point>
    <point>
      <x>0.60333335</x>
      <y>0.28166667</y>
      <w>0.6568915</w>
      <t>2934</t>
    </point>
    <point>
      <x>0.6116667</x>
      <y>0.28</y>
      <w>0.6568915</w>
      <t>2934</t>
    </point>
    <point>
      <x>0.61833334</x>
      <y>0.28</y>
      <w>0.6568915</w>
      <t>2934</t>
    </point>
    <point>
      <x>0.62333333</x>
      <y>0.27833334</y>
      <w>0.6568915</w>
      <t>2934</t>
    </point>
    <point>
      <x>0.62833333</x>
      <y>0.27833334</y>
      <w>0.6568915</w>
      <t>2934</t>
    </point>
    <point>
      <x>0.6333333</x>
      <y>0.27833334</y>
      <w>0.6568915</w>
      <t>2967</t>
    </point>
    <point>
      <x>0.6383333</x>
      <y>0.27666667</y>
      <w>0.6568915</w>
      <t>2967</t>
    </point>
    <point>
      <x>0.6433333</x>
      <y>0.27666667</y>
      <w>0.6568915</w>
      <t>2967</t>
    </point>
    <point>
      <x>0.64666665</x>
      <y>0.27666667</y>
      <w>0.6568915</w>
      <t>2967</t>
    </point>
    <point>
      <x>0.65</x>
      <y>0.27666667</y>
      <w>0.65786904</w>
      <t>3001</t>
    </point>
    <point>
      <x>0.655</x>
      <y>0.27666667</y>
      <w>0.65786904</w>
      <t>3001</t>
    </point>
    <point>
      <x>0.6566667</x>
      <y>0.27666667</y>
      <w>0.65786904</w>
      <t>3001</t>
    </point>
    <point>
      <x>0.66</x>
      <y>0.27666667</y>
      <w>0.65786904</w>
      <t>3001</t>
    </point>
    <point>
      <x>0.66333336</x>
      <y>0.27666667</y>
      <w>0.65786904</w>
      <t>3001</t>
    </point>
    <point>
      <x>0.6666667</x>
      <y>0.27666667</y>
      <w>0.65884656</w>
      <t>3034</t>
    </point>
    <point>
      <x>0.66833335</x>
      <y>0.27666667</y>
      <w>0.65884656</w>
      <t>3034</t>
    </point>
    <point>
      <x>0.6716667</x>
      <y>0.27666667</y>
      <w>0.65884656</w>
      <t>3034</t>
    </point>
    <point>
      <x>0.67333335</x>
      <y>0.27833334</y>
      <w>0.65884656</w>
      <t>3034</t>
    </point>
    <point>
      <x>0.675</x>
      <y>0.27833334</y>
      <w>0.6617791</w>
      <t>3068</t>
    </point>
    <point>
      <x>0.6766667</x>
      <y>0.27833334</y>
      <w>0.6617791</w>
      <t>3068</t>
    </point>
    <point>
      <x>0.68</x>
      <y>0.28</y>
      <w>0.6617791</w>
      <t>3068</t>
    </point>
    <point>
      <x>0.6816667</x>
      <y>0.28</y>
      <w>0.6617791</w>
      <t>3068</t>
    </point>
    <point>
      <x>0.68333334</x>
      <y>0.28166667</y>
      <w>0.6617791</w>
      <t>3068</t>
    </point>
    <point>
      <x>0.685</x>
      <y>0.28166667</y>
      <w>0.68230695</w>
      <t>3101</t>
    </point>
    <point>
      <x>0.68666667</x>
      <y>0.28333333</y>
      <w>0.68230695</w>
      <t>3101</t>
    </point>
    <point>
      <x>0.68833333</x>
      <y>0.28333333</y>
      <w>0.68230695</w>
      <t>3101</t>
    </point>
    <point>
      <x>0.69166666</x>
      <y>0.285</y>
      <w>0.68230695</w>
      <t>3101</t>
    </point>
    <point>
      <x>0.6933333</x>
      <y>0.285</y>
      <w>0.69403714</w>
      <t>3134</t>
    </point>
    <point>
      <x>0.695</x>
      <y>0.28666666</y>
      <w>0.69403714</w>
      <t>3134</t>
    </point>
    <point>
      <x>0.69666666</x>
      <y>0.28666666</y>
      <w>0.69403714</w>
      <t>3134</t>
    </point>
    <point>
      <x>0.69666666</x>
      <y>0.28833333</y>
      <w>0.69403714</w>
      <t>3134</t>
    </point>
    <point>
      <x>0.6983333</x>
      <y>0.28833333</y>
      <w>0.69403714</w>
      <t>3134</t>
    </point>
    <point>
      <x>0.7</x>
      <y>0.29</y>
      <w>0.70674485</w>
      <t>3167</t>
    </point>
    <point>
      <x>0.70166665</x>
      <y>0.29166666</y>
      <w>0.70674485</w>
      <t>3167</t>
    </point>
    <point>
      <x>0.7033333</x>
      <y>0.29166666</y>
      <w>0.70674485</w>
      <t>3167</t>
    </point>
    <point>
      <x>0.7033333</x>
      <y>0.29333332</y>
      <w>0.70674485</w>
      <t>3167</t>
    </point>
    <point>
      <x>0.705</x>
      <y>0.29333332</y>
      <w>0.7096774</w>
      <t>3201</t>
    </point>
    <point>
      <x>0.705</x>
      <y>0.295</y>
      <w>0.7096774</w>
      <t>3201</t>
    </point>
    <point>
      <x>0.70666665</x>
      <y>0.295</y>
      <w>0.7096774</w>
      <t>3201</t>
    </point>
    <point>
      <x>0.7083333</x>
      <y>0.29666665</y>
      <w>0.7096774</w>
      <t>3201</t>
    </point>
    <point>
      <x>0.71</x>
      <y>0.29833335</y>
      <w>0.7096774</w>
      <t>3234</t>
    </point>
    <point>
      <x>0.71166664</x>
      <y>0.3</y>
      <w>0.7096774</w>
      <t>3234</t>
    </point>
    <point>
      <x>0.71166664</x>
      <y>0.30166668</y>
      <w>0.7106549</w>
      <t>3267</t>
    </point>
    <point>
      <x>0.7133333</x>
      <y>0.30333334</y>
      <w>0.7106549</w>
      <t>3267</t>
    </point>
    <point>
      <x>0.715</x>
      <y>0.305</y>
      <w>0.7106549</w>
      <t>3267</t>
    </point>
    <point>
      <x>0.715</x>
      <y>0.30666667</y>
      <w>0.7106549</w>
      <t>3301</t>
    </point>
    <point>
      <x>0.71666664</x>
      <y>0.30833334</y>
      <w>0.7106549</w>
      <t>3301</t>
    </point>
    <point>
      <x>0.71666664</x>
      <y>0.31</y>
      <w>0.7106549</w>
      <t>3301</t>
    </point>
    <point>
      <x>0.71666664</x>
      <y>0.31166667</y>
      <w>0.7096774</w>
      <t>3334</t>
    </point>
    <point>
      <x>0.71666664</x>
      <y>0.31333333</y>
      <w>0.7096774</w>
      <t>3334</t>
    </point>
    <point>
      <x>0.71666664</x>
      <y>0.315</y>
      <w>0.6969697</w>
      <t>3367</t>
    </point>
    <point>
      <x>0.71666664</x>
      <y>0.31666666</y>
      <w>0.6969697</w>
      <t>3367</t>
    </point>
    <point>
      <x>0.71666664</x>
      <y>0.31833333</y>
      <w>0.6969697</w>
      <t>3367</t>
    </point>
    <point>
      <x>0.71666664</x>
      <y>0.32</y>
      <w>0.6969697</w>
      <t>3367</t>
    </point>
    <point>
      <x>0.71666664</x>
      <y>0.32166666</y>
      <w>0.64320624</w>
      <t>3401</t>
    </point>
    <point>
      <x>0.715</x>
      <y>0.325</y>
      <w>0.64320624</w>
      <t>3401</t>
    </point>
    <point>
      <x>0.715</x>
      <y>0.32666665</y>
      <w>0.64320624</w>
      <t>3401</t>
    </point>
    <point>
      <x>0.7133333</x>
      <y>0.33</y>
      <w>0.64320624</w>
      <t>3401</t>
    </point>
    <point>
      <x>0.7133333</x>
      <y>0.33166668</y>
      <w>0.597263</w>
      <t>3434</t>
    </point>
    <point>
      <x>0.71166664</x>
      <y>0.335</y>
      <w>0.597263</w>
      <t>3434</t>
    </point>
    <point>
      <x>0.71</x>
      <y>0.33666667</y>
      <w>0.597263</w>
      <t>3434</t>
    </point>
    <point>
      <x>0.7083333</x>
      <y>0.34</y>
      <w>0.597263</w>
      <t>3434</t>
    </point>
    <point>
      <x>0.70666665</x>
      <y>0.34333333</y>
      <w>0.597263</w>
      <t>3434</t>
    </point>
    <point>
      <x>0.705</x>
      <y>0.345</y>
      <w>0.58064514</w>
      <t>3467</t>
    </point>
    <point>
      <x>0.7033333</x>
      <y>0.34833333</y>
      <w>0.58064514</w>
      <t>3467</t>
    </point>
    <point>
      <x>0.70166665</x>
      <y>0.35</y>
      <w>0.58064514</w>
      <t>3467</t>
    </point>
    <point>
      <x>0.6983333</x>
      <y>0.35333332</y>
      <w>0.58064514</w>
      <t>3467</t>
    </point>
    <point>
      <x>0.69666666</x>
      <y>0.355</y>
      <w>0.49951124</w>
      <t>3501</t>
    </point>
    <point>
      <x>0.6933333</x>
      <y>0.35833332</y>
      <w>0.49951124</w>
      <t>3501</t>
    </point>
    <point>
      <x>0.69</x>
      <y>0.36</y>
      <w>0.49951124</w>
      <t>3501</t>
    </point>
    <point>
      <x>0.68666667</x>
      <y>0.36333334</y>
      <w>0.49951124</w>
      <t>3501</t>
    </point>
    <point>
      <x>0.68333334</x>
      <y>0.365</y>
      <w>0.35581622</w>
      <t>3534</t>
    </point>
    <point>
      <x>0.68</x>
      <y>0.36833334</y>
      <w>0.35581622</w>
      <t>3534</t>
    </point>
    <point>
      <x>0.6766667</x>
      <y>0.37166667</y>
      <w>0.35581622</w>
      <t>3534</t>
    </point>
    <point>
      <x>0.67333335</x>
      <y>0.37333333</y>
      <w>0.35581622</w>
      <t>3534</t>
    </point>
    <point>
      <x>0.67</x>
      <y>0.37666667</y>
      <w>0.35581622</w>
      <t>3534</t>
    </point>
    <point>
      <x>0.66833335</x>
      <y>0.38</y>
      <w>0.30987293</w>
      <t>3567</t>
    </point>
    <point>
      <x>0.665</x>
      <y>0.38166666</y>
      <w>0.30987293</w>
      <t>3567</t>
    </point>
    <point>
      <x>0.6616667</x>
      <y>0.38333333</y>
      <w>0.30987293</w>
      <t>3567</t>
    </point>
    <point>
      <x>0.66</x>
      <y>0.38666666</y>
      <w>0.30987293</w>
      <t>3567</t>
    </point>
    <point>
      <x>0.6566667</x>
      <y>0.38833332</y>
      <w>0.052785926</w>
      <t>3601</t>
    </point>
    <point>
      <x>0.655</x>
      <y>0.39</y>
      <w>0.052785926</w>
      <t>3601</t>
    </point>
    <point>
      <x>0.65166664</x>
      <y>0.39166668</y>
      <w>0.052785926</w>
      <t>3601</t>
    </point>
    <point>
      <x>0.6483333</x>
      <y>0.39333335</y>
      <w>0.052785926</w>
      <t>3601</t>
    </point>
  </stroke>
  <stroke time="4934">
    <point>
      <x>0.46333334</x>
      <y>0.44</y>
      <w>0.0</w>
      <t>4934</t>
    </point>
    <point>
      <x>0.465</x>
      <y>0.44</y>
      <w>0.14760508</w>
      <t>4967</t>
    </point>
    <point>
      <x>0.46666667</x>
      <y>0.44</y>
      <w>0.14760508</w>
      <t>4967</t>
    </point>
    <point>
      <x>0.46833333</x>
      <y>0.44</y>
      <w>0.14760508</w>
      <t>4967</t>
    </point>
    <point>
      <x>0.47166666</x>
      <y>0.44</y>
      <w>0.26197457</w>
      <t>5001</t>
    </point>
    <point>
      <x>0.475</x>
      <y>0.44</y>
      <w>0.26197457</w>
      <t>5001</t>
    </point>
    <point>
      <x>0.47666666</x>
      <y>0.44166666</y>
      <w>0.26197457</w>
      <t>5001</t>
    </point>
    <point>
      <x>0.48</x>
      <y>0.44166666</y>
      <w>0.26197457</w>
      <t>5001</t>
    </point>
    <point>
      <x>0.48333332</x>
      <y>0.44333333</y>
      <w>0.3206256</w>
      <t>5034</t>
    </point>
    <point>
      <x>0.48666668</x>
      <y>0.44333333</y>
      <w>0.3206256</w>
      <t>5034</t>
    </point>
    <point>
      <x>0.49</x>
      <y>0.445</y>
      <w>0.3206256</w>
      <t>5034</t>
    </point>
    <point>
      <x>0.49333334</x>
      <y>0.44666666</y>
      <w>0.3206256</w>
      <t>5034</t>
    </point>
    <point>
      <x>0.49666667</x>
      <y>0.44833332</y>
      <w>0.3206256</w>
      <t>5034</t>
    </point>
    <point>
      <x>0.5</x>
      <y>0.45</y>
      <w>0.3773216</w>
      <t>5067</t>
    </point>
    <point>
      <x>0.50166667</x>
      <y>0.45</y>
      <w>0.3773216</w>
      <t>5067</t>
    </point>
    <point>
      <x>0.50333333</x>
      <y>0.45166665</y>
      <w>0.3773216</w>
      <t>5067</t>
    </point>
    <point>
      <x>0.505</x>
      <y>0.45333335</y>
      <w>0.3773216</w>
      <t>5067</t>
    </point>
    <point>
      <x>0.5083333</x>
      <y>0.455</y>
      <w>0.47605082</w>
      <t>5101</t>
    </point>
    <point>
      <x>0.51</x>
      <y>0.45666668</y>
      <w>0.47605082</w>
      <t>5101</t>
    </point>
    <point>
      <x>0.51</x>
      <y>0.45833334</y>
      <w>0.47605082</w>
      <t>5101</t>
    </point>
    <point>
      <x>0.51166666</x>
      <y>0.46</y>
      <w>0.47605082</w>
      <t>5101</t>
    </point>
    <point>
      <x>0.5133333</x>
      <y>0.46</y>
      <w>0.47605082</w>
      <t>5101</t>
    </point>
    <point>
      <x>0.5133333</x>
      <y>0.46166667</y>
      <w>0.53958946</w>
      <t>5134</t>
    </point>
    <point>
      <x>0.515</x>
      <y>0.46333334</y>
      <w>0.53958946</w>
      <t>5134</t>
    </point>
    <point>
      <x>0.515</x>
      <y>0.465</y>
      <w>0.53958946</w>
      <t>5134</t>
    </point>
    <point>
      <x>0.515</x>
      <y>0.46666667</y>
      <w>0.57575756</w>
      <t>5168</t>
    </point>
    <point>
      <x>0.515</x>
      <y>0.46833333</y>
      <w>0.57575756</w>
      <t>5168</t>
    </point>
    <point>
      <x>0.515</x>
      <y>0.47</y>
      <w>0.57575756</w>
      <t>5168</t>
    </point>
    <point>
      <x>0.515</x>
      <y>0.47166666</y>
      <w>0.5982405</w>
      <t>5201</t>
    </point>
    <point>
      <x>0.515</x>
      <y>0.47333333</y>
      <w>0.5982405</w>
      <t>5201</t>
    </point>
    <point>
      <x>0.515</x>
      <y>0.47666666</y>
      <w>0.5982405</w>
      <t>5201</t>
    </point>
    <point>
      <x>0.515</x>
      <y>0.47833332</y>
      <w>0.5982405</w>
      <t>5201</t>
    </point>
    <point>
      <x>0.515</x>
      <y>0.48166665</y>
      <w>0.6158358</w>
      <t>5234</t>
    </point>
    <point>
      <x>0.5133333</x>
      <y>0.485</y>
      <w>0.6158358</w>
      <t>5234</t>
    </point>
    <point>
      <x>0.51166666</x>
      <y>0.48833334</y>
      <w>0.6158358</w>
      <t>5234</t>
    </point>
    <point>
      <x>0.51</x>
      <y>0.49166667</y>
      <w>0.6158358</w>
      <t>5234</t>
    </point>
    <point>
      <x>0.5083333</x>
      <y>0.495</y>
      <w>0.6158358</w>
      <t>5234</t>
    </point>
    <point>
      <x>0.50666666</x>
      <y>0.49666667</y>
      <w>0.63147604</w>
      <t>5267</t>
    </point>
    <point>
      <x>0.505</x>
      <y>0.5</y>
      <w>0.63147604</w>
      <t>5267</t>
    </point>
    <point>
      <x>0.50333333</x>
      <y>0.50333333</y>
      <w>0.63147604</w>
      <t>5267</t>
    </point>
    <point>
      <x>0.50166667</x>
      <y>0.50666666</y>
      <w>0.63147604</w>
      <t>5267</t>
    </point>
    <point>
      <x>0.5</x>
      <y>0.51</y>
      <w>0.64320624</w>
      <t>5301</t>
    </point>
    <point>
      <x>0.49666667</x>
      <y>0.5133333</y>
      <w>0.64320624</w>
      <t>5301</t>
    </point>
    <point>
      <x>0.495</x>
      <y>0.51666665</y>
      <w>0.64320624</w>
      <t>5301</t>
    </point>
    <point>
      <x>0.49166667</x>
      <y>0.52166665</y>
      <w>0.64320624</w>
      <t>5301</t>
    </point>
    <point>
      <x>0.49</x>
      <y>0.525</y>
      <w>0.6461388</w>
      <t>5334</t>
    </point>
    <point>
      <x>0.48666668</x>
      <y>0.53</y>
      <w>0.6461388</w>
      <t>5334</t>
    </point>
    <point>
      <x>0.485</x>
      <y>0.53333336</y>
      <w>0.6461388</w>
      <t>5334</t>
    </point>
    <point>
      <x>0.48166665</x>
      <y>0.53833336</y>
      <w>0.6461388</w>
      <t>5334</t>
    </point>
    <point>
      <x>0.47833332</x>
      <y>0.5416667</y>
      <w>0.6461388</w>
      <t>5334</t>
    </point>
    <point>
      <x>0.47666666</x>
      <y>0.5466667</y>
      <w>0.6461388</w>
      <t>5367</t>
    </point>
    <point>
      <x>0.47333333</x>
      <y>0.5516667</y>
      <w>0.6461388</w>
      <t>5367</t>
    </point>
    <point>
      <x>0.47</x>
      <y>0.555</y>
      <w>0.6461388</w>
      <t>5367</t>
    </point>
    <point>
      <x>0.46666667</x>
      <y>0.56</y>
      <w>0.6461388</w>
      <t>5367</t>
    </point>
    <point>
      <x>0.465</x>
      <y>0.56333333</y>
      <w>0.6461388</w>
      <t>5401</t>
    </point>
    <point>
      <x>0.46333334</x>
      <y>0.56666666</y>
      <w>0.6461388</w>
      <t>5401</t>
    </point>
    <point>
      <x>0.46166667</x>
      <y>0.5683333</y>
      <w>0.6461388</w>
      <t>5401</t>
    </point>
    <point>
      <x>0.46166667</x>
      <y>0.57166666</y>
      <w>0.6461388</w>
      <t>5401</t>
    </point>
    <point>
      <x>0.46</x>
      <y>0.5733333</y>
      <w>0.6461388</w>
      <t>5401</t>
    </point>
    <point>
      <x>0.46</x>
      <y>0.575</y>
      <w>0.6451613</w>
      <t>5434</t>
    </point>
    <point>
      <x>0.46</x>
      <y>0.57666665</y>
      <w>0.6451613</w>
      <t>5434</t>
    </point>
    <point>
      <x>0.46</x>
      <y>0.5783333</y>
      <w>0.6451613</w>
      <t>5434</t>
    </point>
    <point>
      <x>0.46</x>
      <y>0.58</y>
      <w>0.6451613</w>
      <t>5434</t>
    </point>
    <point>
      <x>0.46</x>
      <y>0.58166665</y>
      <w>0.6402737</w>
      <t>5467</t>
    </point>
    <point>
      <x>0.46</x>
      <y>0.5833333</y>
      <w>0.6402737</w>
      <t>5467</t>
    </point>
    <point>
      <x>0.46</x>
      <y>0.585</y>
      <w>0.6402737</w>
      <t>5467</t>
    </point>
    <point>
      <x>0.46166667</x>
      <y>0.585</y>
      <w>0.6402737</w>
      <t>5467</t>
    </point>
    <point>
      <x>0.46333334</x>
      <y>0.58666664</y>
      <w>0.6402737</w>
      <t>5467</t>
    </point>
    <point>
      <x>0.46333334</x>
      <y>0.5883333</y>
      <w>0.63831866</w>
      <t>5501</t>
    </point>
    <point>
      <x>0.465</x>
      <y>0.5883333</y>
      <w>0.63831866</w>
      <t>5501</t>
    </point>
    <point>
      <x>0.46666667</x>
      <y>0.59</y>
      <w>0.63831866</w>
      <t>5501</t>
    </point>
    <point>
      <x>0.46833333</x>
      <y>0.59166664</y>
      <w>0.63831866</w>
      <t>5501</t>
    </point>
    <point>
      <x>0.47166666</x>
      <y>0.59166664</y>
      <w>0.6344086</w>
      <t>5534</t>
    </point>
    <point>
      <x>0.47333333</x>
      <y>0.5933333</y>
      <w>0.6344086</w>
      <t>5534</t>
    </point>
    <point>
      <x>0.47666666</x>
      <y>0.5933333</y>
      <w>0.6344086</w>
      <t>5534</t>
    </point>
    <point>
      <x>0.47833332</x>
      <y>0.595</y>
      <w>0.6344086</w>
      <t>5534</t>
    </point>
    <point>
      <x>0.48166665</x>
      <y>0.595</y>
      <w>0.6344086</w>
      <t>5534</t>
    </point>
    <point>
      <x>0.485</x>
      <y>0.5966667</y>
      <w>0.6392962</w>
      <t>5567</t>
    </point>
    <point>
      <x>0.48833334</x>
      <y>0.5966667</y>
      <w>0.6392962</w>
      <t>5567</t>
    </point>
    <point>
      <x>0.49333334</x>
      <y>0.5966667</y>
      <w>0.6392962</w>
      <t>5567</t>
    </point>
    <point>
      <x>0.49666667</x>
      <y>0.59833336</y>
      <w>0.6392962</w>
      <t>5567</t>
    </point>
    <point>
      <x>0.5</x>
      <y>0.59833336</y>
      <w>0.6402737</w>
      <t>5601</t>
    </point>
    <point>
      <x>0.505</x>
      <y>0.59833336</y>
      <w>0.6402737</w>
      <t>5601</t>
    </point>
    <point>
      <x>0.51</x>
      <y>0.59833336</y>
      <w>0.6402737</w>
      <t>5601</t>
    </point>
    <point>
      <x>0.5133333</x>
      <y>0.59833336</y>
      <w>0.6402737</w>
      <t>5601</t>
    </point>
    <point>
      <x>0.5183333</x>
      <y>0.59833336</y>
      <w>0.64320624</w>
      <t>5634</t>
    </point>
    <point>
      <x>0.5233333</x>
      <y>0.59833336</y>
      <w>0.64320624</w>
      <t>5634</t>
    </point>
    <point>
      <x>0.53</x>
      <y>0.59833336</y>
      <w>0.64320624</w>
      <t>5634</t>
    </point>
    <point>
      <x>0.535</x>
      <y>0.59833336</y>
      <w>0.64320624</w>
      <t>5634</t>
    </point>
    <point>
      <x>0.5416667</x>
      <y>0.5966667</y>
      <w>0.64320624</w>
      <t>5634</t>
    </point>
    <point>
      <x>0.54833335</x>
      <y>0.5966667</y>
      <w>0.6412512</w>
      <t>5667</t>
    </point>
    <point>
      <x>0.555</x>
      <y>0.595</y>
      <w>0.6412512</w>
      <t>5667</t>
    </point>
    <point>
      <x>0.56</x>
      <y>0.595</y>
      <w>0.6412512</w>
      <t>5667</t>
    </point>
    <point>
      <x>0.56666666</x>
      <y>0.5933333</y>
      <w>0.6412512</w>
      <t>5667</t>
    </point>
    <point>
      <x>0.57166666</x>
      <y>0.5933333</y>
      <w>0.629521</w>
      <t>5701</t>
    </point>
    <point>
      <x>0.57666665</x>
      <y>0.59166664</y>
      <w>0.629521</w>
      <t>5701</t>
    </point>
    <point>
      <x>0.5833333</x>
      <y>0.59166664</y>
      <w>0.629521</w>
      <t>5701</t>
    </point>
    <point>
      <x>0.5883333</x>
      <y>0.59</y>
      <w>0.629521</w>
      <t>5701</t>
    </point>
    <point>
      <x>0.595</x>
      <y>0.59</y>
      <w>0.629521</w>
      <t>5701</t>
    </point>
    <point>
      <x>0.6</x>
      <y>0.5883333</y>
      <w>0.6109482</w>
      <t>5734</t>
    </point>
    <point>
      <x>0.605</x>
      <y>0.58666664</y>
      <w>0.6109482</w>
      <t>5734</t>
    </point>
    <point>
      <x>0.61</x>
      <y>0.58666664</y>
      <w>0.6109482</w>
      <t>5734</t>
    </point>
    <point>
      <x>0.615</x>
      <y>0.585</y>
      <w>0.6109482</w>
      <t>5734</t>
    </point>
    <point>
      <x>0.61833334</x>
      <y>0.5833333</y>
      <w>0.5913978</w>
      <t>5767</t>
    </point>
    <point>
      <x>0.62166667</x>
      <y>0.58166665</y>
      <w>0.5913978</w>
      <t>5767</t>
    </point>
    <point>
      <x>0.625</x>
      <y>0.58166665</y>
      <w>0.5913978</w>
      <t>5767</t>
    </point>
    <point>
      <x>0.62666667</x>
      <y>0.58</y>
      <w>0.5913978</w>
      <t>5767</t>
    </point>
    <point>
      <x>0.62833333</x>
      <y>0.58</y>
      <w>0.5913978</w>
      <t>5767</t>
    </point>
    <point>
      <x>0.63</x>
      <y>0.5783333</y>
      <w>0.5718475</w>
      <t>5801</t>
    </point>
    <point>
      <x>0.63166666</x>
      <y>0.5783333</y>
      <w>0.5718475</w>
      <t>5801</t>
    </point>
    <point>
      <x>0.63166666</x>
      <y>0.57666665</y>
      <w>0.56207234</w>
      <t>5833</t>
    </point>
    <point>
      <x>0.63166666</x>
      <y>0.575</y>
      <w>0.56207234</w>
      <t>5833</t>
    </point>
    <point>
      <x>0.63166666</x>
      <y>0.5733333</y>
      <w>0.54447705</w>
      <t>5868</t>
    </point>
    <point>
      <x>0.63166666</x>
      <y>0.57166666</y>
      <w>0.54447705</w>
      <t>5868</t>
    </point>
    <point>
      <x>0.63166666</x>
      <y>0.57</y>
      <w>0.54447705</w>
      <t>5868</t>
    </point>
    <point>
      <x>0.63</x>
      <y>0.57</y>
      <w>0.54447705</w>
      <t>5868</t>
    </point>
    <point>
      <x>0.63</x>
      <y>0.5683333</y>
      <w>0.5092864</w>
      <t>5901</t>
    </point>
    <point>
      <x>0.62833333</x>
      <y>0.56666666</y>
      <w>0.5092864</w>
      <t>5901</t>
    </point>
    <point>
      <x>0.62666667</x>
      <y>0.565</y>
      <w>0.5092864</w>
      <t>5901</t>
    </point>
    <point>
      <x>0.625</x>
      <y>0.565</y>
      <w>0.5092864</w>
      <t>5901</t>
    </point>
    <point>
      <x>0.62333333</x>
      <y>0.56333333</y>
      <w>0.4916911</w>
      <t>5934</t>
    </point>
    <point>
      <x>0.62166667</x>
      <y>0.56166667</y>
      <w>0.4916911</w>
      <t>5934</t>
    </point>
    <point>
      <x>0.62</x>
      <y>0.56166667</y>
      <w>0.4916911</w>
      <t>5934</t>
    </point>
    <point>
      <x>0.61833334</x>
      <y>0.56</y>
      <w>0.4916911</w>
      <t>5934</t>
    </point>
    <point>
      <x>0.6166667</x>
      <y>0.56</y>
      <w>0.4916911</w>
      <t>5934</t>
    </point>
    <point>
      <x>0.61333334</x>
      <y>0.55833334</y>
      <w>0.49364614</w>
      <t>5967</t>
    </point>
    <point>
      <x>0.6116667</x>
      <y>0.5566667</y>
      <w>0.49364614</w>
      <t>5967</t>
    </point>
    <point>
      <x>0.61</x>
      <y>0.5566667</y>
      <w>0.49364614</w>
      <t>5967</t>
    </point>
    <point>
      <x>0.60833335</x>
      <y>0.555</y>
      <w>0.49364614</w>
      <t>5967</t>
    </point>
    <point>
      <x>0.6066667</x>
      <y>0.555</y>
      <w>0.4975562</w>
      <t>6001</t>
    </point>
    <point>
      <x>0.60333335</x>
      <y>0.55333334</y>
      <w>0.4975562</w>
      <t>6001</t>
    </point>
    <point>
      <x>0.6016667</x>
      <y>0.55333334</y>
      <w>0.4975562</w>
      <t>6001</t>
    </point>
    <point>
      <x>0.6</x>
      <y>0.55333334</y>
      <w>0.4975562</w>
      <t>6001</t>
    </point>
    <point>
      <x>0.5966667</x>
      <y>0.5516667</y>
      <w>0.4975562</w>
      <t>6001</t>
    </point>
    <point>
      <x>0.595</x>
      <y>0.5516667</y>
      <w>0.51906157</w>
      <t>6034</t>
    </point>
    <point>
      <x>0.5933333</x>
      <y>0.5516667</y>
      <w>0.51906157</w>
      <t>6034</t>
    </point>
    <point>
      <x>0.59166664</x>
      <y>0.5516667</y>
      <w>0.51906157</w>
      <t>6034</t>
    </point>
    <point>
      <x>0.5883333</x>
      <y>0.5516667</y>
      <w>0.51906157</w>
      <t>6034</t>
    </point>
    <point>
      <x>0.585</x>
      <y>0.5516667</y>
      <w>0.52394915</w>
      <t>6068</t>
    </point>
    <point>
      <x>0.5833333</x>
      <y>0.5516667</y>
      <w>0.52394915</w>
      <t>6068</t>
    </point>
    <point>
      <x>0.58</x>
      <y>0.5516667</y>
      <w>0.52394915</w>
      <t>6068</t>
    </point>
    <point>
      <x>0.5783333</x>
      <y>0.5516667</y>
      <w>0.52394915</w>
      <t>6068</t>
    </point>
    <point>
      <x>0.57666665</x>
      <y>0.5516667</y>
      <w>0.52394915</w>
      <t>6068</t>
    </point>
    <point>
      <x>0.575</x>
      <y>0.5516667</y>
      <w>0.5278592</w>
      <t>6101</t>
    </point>
    <point>
      <x>0.5733333</x>
      <y>0.55333334</y>
      <w>0.5278592</w>
      <t>6101</t>
    </point>
    <point>
      <x>0.57166666</x>
      <y>0.55333334</y>
      <w>0.5278592</w>
      <t>6101</t>
    </point>
    <point>
      <x>0.57</x>
      <y>0.55333334</y>
      <w>0.5278592</w>
      <t>6101</t>
    </point>
    <point>
      <x>0.5683333</x>
      <y>0.555</y>
      <w>0.5366569</w>
      <t>6134</t>
    </point>
    <point>
      <x>0.56666666</x>
      <y>0.5566667</y>
      <w>0.5366569</w>
      <t>6134</t>
    </point>
    <point>
      <x>0.565</x>
      <y>0.5566667</y>
      <w>0.5366569</w>
      <t>6134</t>
    </point>
    <point>
      <x>0.56333333</x>
      <y>0.55833334</y>
      <w>0.5366569</w>
      <t>6134</t>
    </point>
    <point>
      <x>0.56166667</x>
      <y>0.56</y>
      <w>0.5366569</w>
      <t>6134</t>
    </point>
    <point>
      <x>0.56</x>
      <y>0.56166667</y>
      <w>0.56304985</w>
      <t>6167</t>
    </point>
    <point>
      <x>0.55833334</x>
      <y>0.56333333</y>
      <w>0.56304985</w>
      <t>6167</t>
    </point>
    <point>
      <x>0.55833334</x>
      <y>0.565</y>
      <w>0.56304985</w>
      <t>6167</t>
    </point>
    <point>
      <x>0.5566667</x>
      <y>0.565</y>
      <w>0.56304985</w>
      <t>6167</t>
    </point>
    <point>
      <x>0.5566667</x>
      <y>0.56666666</y>
      <w>0.5913978</w>
      <t>6201</t>
    </point>
    <point>
      <x>0.555</x>
      <y>0.56666666</y>
      <w>0.5913978</w>
      <t>6201</t>
    </point>
    <point>
      <x>0.555</x>
      <y>0.5683333</y>
      <w>0.5913978</w>
      <t>6201</t>
    </point>
    <point>
      <x>0.555</x>
      <y>0.57</y>
      <w>0.5913978</w>
      <t>6201</t>
    </point>
    <point>
      <x>0.555</x>
      <y>0.57166666</y>
      <w>0.6285435</w>
      <t>6234</t>
    </point>
    <point>
      <x>0.55333334</x>
      <y>0.5733333</y>
      <w>0.6285435</w>
      <t>6234</t>
    </point>
    <point>
      <x>0.55333334</x>
      <y>0.575</y>
      <w>0.6285435</w>
      <t>6234</t>
    </point>
    <point>
      <x>0.55333334</x>
      <y>0.57666665</y>
      <w>0.6285435</w>
      <t>6234</t>
    </point>
    <point>
      <x>0.55333334</x>
      <y>0.5783333</y>
      <w>0.6285435</w>
      <t>6234</t>
    </point>
    <point>
      <x>0.55333334</x>
      <y>0.58</y>
      <w>0.6617791</w>
      <t>6268</t>
    </point>
    <point>
      <x>0.55333334</x>
      <y>0.58166665</y>
      <w>0.6617791</w>
      <t>6268</t>
    </point>
    <point>
      <x>0.55333334</x>
      <y>0.5833333</y>
      <w>0.6617791</w>
      <t>6268</t>
    </point>
    <point>
      <x>0.55333334</x>
      <y>0.585</y>
      <w>0.6617791</w>
      <t>6268</t>
    </point>
    <point>
      <x>0.55333334</x>
      <y>0.58666664</y>
      <w>0.7096774</w>
      <t>6301</t>
    </point>
    <point>
      <x>0.55333334</x>
      <y>0.59</y>
      <w>0.7096774</w>
      <t>6301</t>
    </point>
    <point>
      <x>0.55333334</x>
      <y>0.59166664</y>
      <w>0.7096774</w>
      <t>6301</t>
    </point>
    <point>
      <x>0.55333334</x>
      <y>0.5933333</y>
      <w>0.7096774</w>
      <t>6301</t>
    </point>
    <point>
      <x>0.55333334</x>
      <y>0.5966667</y>
      <w>0.74486804</w>
      <t>6334</t>
    </point>
    <point>
      <x>0.555</x>
      <y>0.59833336</y>
      <w>0.74486804</w>
      <t>6334</t>
    </point>
    <point>
      <x>0.555</x>
      <y>0.6016667</y>
      <w>0.74486804</w>
      <t>6334</t>
    </point>
    <point>
      <x>0.555</x>
      <y>0.60333335</y>
      <w>0.74486804</w>
      <t>6334</t>
    </point>
    <point>
      <x>0.555</x>
      <y>0.6066667</y>
      <w>0.78299123</w>
      <t>6367</t>
    </point>
    <point>
      <x>0.555</x>
      <y>0.61</y>
      <w>0.78299123</w>
      <t>6367</t>
    </point>
    <point>
      <x>0.555</x>
      <y>0.61333334</y>
      <w>0.78299123</w>
      <t>6367</t>
    </point>
    <point>
      <x>0.555</x>
      <y>0.6166667</y>
      <w>0.78299123</w>
      <t>6367</t>
    </point>
    <point>
      <x>0.555</x>
      <y>0.62</y>
      <w>0.78299123</w>
      <t>6367</t>
    </point>
    <point>
      <x>0.555</x>
      <y>0.62333333</y>
      <w>0.80254155</w>
      <t>6401</t>
    </point>
    <point>
      <x>0.5566667</x>
      <y>0.62666667</y>
      <w>0.80254155</w>
      <t>6401</t>
    </point>
    <point>
      <x>0.5566667</x>
      <y>0.63</y>
      <w>0.80254155</w>
      <t>6401</t>
    </point>
    <point>
      <x>0.5566667</x>
      <y>0.6333333</y>
      <w>0.80254155</w>
      <t>6401</t>
    </point>
    <point>
      <x>0.5566667</x>
      <y>0.63666666</y>
      <w>0.8064516</w>
      <t>6434</t>
    </point>
    <point>
      <x>0.5566667</x>
      <y>0.6383333</y>
      <w>0.8064516</w>
      <t>6434</t>
    </point>
    <point>
      <x>0.5566667</x>
      <y>0.64166665</y>
      <w>0.8064516</w>
      <t>6434</t>
    </point>
    <point>
      <x>0.5566667</x>
      <y>0.645</y>
      <w>0.8064516</w>
      <t>6434</t>
    </point>
    <point>
      <x>0.5566667</x>
      <y>0.65</y>
      <w>0.8064516</w>
      <t>6434</t>
    </point>
    <point>
      <x>0.5566667</x>
      <y>0.6533333</y>
      <w>0.81329423</w>
      <t>6467</t>
    </point>
    <point>
      <x>0.55833334</x>
      <y>0.6566667</y>
      <w>0.81329423</w>
      <t>6467</t>
    </point>
    <point>
      <x>0.55833334</x>
      <y>0.66</y>
      <w>0.81329423</w>
      <t>6467</t>
    </point>
    <point>
      <x>0.55833334</x>
      <y>0.665</y>
      <w>0.81329423</w>
      <t>6467</t>
    </point>
    <point>
      <x>0.55833334</x>
      <y>0.66833335</y>
      <w>0.82697946</w>
      <t>6501</t>
    </point>
    <point>
      <x>0.55833334</x>
      <y>0.67333335</y>
      <w>0.82697946</w>
      <t>6501</t>
    </point>
    <point>
      <x>0.55833334</x>
      <y>0.6766667</y>
      <w>0.82697946</w>
      <t>6501</t>
    </point>
    <point>
      <x>0.55833334</x>
      <y>0.6816667</y>
      <w>0.82697946</w>
      <t>6501</t>
    </point>
    <point>
      <x>0.55833334</x>
      <y>0.68666667</y>
      <w>0.8289345</w>
      <t>6534</t>
    </point>
    <point>
      <x>0.55833334</x>
      <y>0.69</y>
      <w>0.8289345</w>
      <t>6534</t>
    </point>
    <point>
      <x>0.55833334</x>
      <y>0.695</y>
      <w>0.8289345</w>
      <t>6534</t>
    </point>
    <point>
      <x>0.55833334</x>
      <y>0.6983333</y>
      <w>0.8289345</w>
      <t>6534</t>
    </point>
    <point>
      <x>0.55833334</x>
      <y>0.7033333</y>
      <w>0.8289345</w>
      <t>6534</t>
    </point>
    <point>
      <x>0.55833334</x>
      <y>0.70666665</y>
      <w>0.8289345</w>
      <t>6568</t>
    </point>
    <point>
      <x>0.55833334</x>
      <y>0.71</y>
      <w>0.8289345</w>
      <t>6568</t>
    </point>
    <point>
      <x>0.55833334</x>
      <y>0.7133333</y>
      <w>0.8289345</w>
      <t>6568</t>
    </point>
    <point>
      <x>0.55833334</x>
      <y>0.7183333</y>
      <w>0.8289345</w>
      <t>6568</t>
    </point>
    <point>
      <x>0.55833334</x>
      <y>0.7216667</y>
      <w>0.8289345</w>
      <t>6568</t>
    </point>
    <point>
      <x>0.55833334</x>
      <y>0.725</y>
      <w>0.8289345</w>
      <t>6601</t>
    </point>
    <point>
      <x>0.55833334</x>
      <y>0.72833335</y>
      <w>0.8289345</w>
      <t>6601</t>
    </point>
    <point>
      <x>0.55833334</x>
      <y>0.7316667</y>
      <w>0.8289345</w>
      <t>6601</t>
    </point>
    <point>
      <x>0.55833334</x>
      <y>0.735</y>
      <w>0.8289345</w>
      <t>6601</t>
    </point>
    <point>
      <x>0.55833334</x>
      <y>0.73833334</y>
      <w>0.8289345</w>
      <t>6634</t>
    </point>
    <point>
      <x>0.55833334</x>
      <y>0.7416667</y>
      <w>0.8289345</w>
      <t>6634</t>
    </point>
    <point>
      <x>0.55833334</x>
      <y>0.745</y>
      <w>0.8289345</w>
      <t>6634</t>
    </point>
    <point>
      <x>0.55833334</x>
      <y>0.74833333</y>
      <w>0.8289345</w>
      <t>6634</t>
    </point>
    <point>
      <x>0.55833334</x>
      <y>0.75166667</y>
      <w>0.8289345</w>
      <t>6667</t>
    </point>
    <point>
      <x>0.55833334</x>
      <y>0.75333333</y>
      <w>0.8289345</w>
      <t>6667</t>
    </point>
    <point>
      <x>0.55833334</x>
      <y>0.75666666</y>
      <w>0.8289345</w>
      <t>6667</t>
    </point>
    <point>
      <x>0.5566667</x>
      <y>0.76</y>
      <w>0.8289345</w>
      <t>6667</t>
    </point>
    <point>
      <x>0.5566667</x>
      <y>0.7633333</y>
      <w>0.8289345</w>
      <t>6667</t>
    </point>
    <point>
      <x>0.5566667</x>
      <y>0.76666665</y>
      <w>0.8220919</w>
      <t>6701</t>
    </point>
    <point>
      <x>0.5566667</x>
      <y>0.77</y>
      <w>0.8220919</w>
      <t>6701</t>
    </point>
    <point>
      <x>0.555</x>
      <y>0.7733333</y>
      <w>0.8220919</w>
      <t>6701</t>
    </point>
    <point>
      <x>0.555</x>
      <y>0.77666664</y>
      <w>0.8220919</w>
      <t>6701</t>
    </point>
    <point>
      <x>0.55333334</x>
      <y>0.78</y>
      <w>0.79081136</w>
      <t>6734</t>
    </point>
    <point>
      <x>0.55333334</x>
      <y>0.78333336</y>
      <w>0.79081136</w>
      <t>6734</t>
    </point>
    <point>
      <x>0.5516667</x>
      <y>0.7866667</y>
      <w>0.79081136</w>
      <t>6734</t>
    </point>
    <point>
      <x>0.5516667</x>
      <y>0.79</y>
      <w>0.79081136</w>
      <t>6735</t>
    </point>
    <point>
      <x>0.55</x>
      <y>0.795</y>
      <w>0.79081136</w>
      <t>6735</t>
    </point>
    <point>
      <x>0.54833335</x>
      <y>0.79833335</y>
      <w>0.76246333</w>
      <t>6767</t>
    </point>
    <point>
      <x>0.5466667</x>
      <y>0.8016667</y>
      <w>0.76246333</w>
      <t>6767</t>
    </point>
    <point>
      <x>0.545</x>
      <y>0.80333334</y>
      <w>0.76246333</w>
      <t>6767</t>
    </point>
    <point>
      <x>0.54333335</x>
      <y>0.8066667</y>
      <w>0.76246333</w>
      <t>6767</t>
    </point>
    <point>
      <x>0.54333335</x>
      <y>0.81</y>
      <w>0.73313785</w>
      <t>6801</t>
    </point>
    <point>
      <x>0.54</x>
      <y>0.81333333</y>
      <w>0.73313785</w>
      <t>6801</t>
    </point>
    <point>
      <x>0.53833336</x>
      <y>0.81666666</y>
      <w>0.73313785</w>
      <t>6801</t>
    </point>
    <point>
      <x>0.5366667</x>
      <y>0.82</y>
      <w>0.73313785</w>
      <t>6801</t>
    </point>
    <point>
      <x>0.535</x>
      <y>0.8233333</y>
      <w>0.68328446</w>
      <t>6834</t>
    </point>
    <point>
      <x>0.5316667</x>
      <y>0.82666665</y>
      <w>0.68328446</w>
      <t>6834</t>
    </point>
    <point>
      <x>0.53</x>
      <y>0.83</y>
      <w>0.68328446</w>
      <t>6834</t>
    </point>
    <point>
      <x>0.5283333</x>
      <y>0.83166665</y>
      <w>0.68328446</w>
      <t>6834</t>
    </point>
    <point>
      <x>0.52666664</x>
      <y>0.835</y>
      <w>0.68328446</w>
      <t>6834</t>
    </point>
    <point>
      <x>0.5233333</x>
      <y>0.8383333</y>
      <w>0.6666667</w>
      <t>6867</t>
    </point>
    <point>
      <x>0.52166665</x>
      <y>0.84166664</y>
      <w>0.6666667</w>
      <t>6867</t>
    </point>
    <point>
      <x>0.52</x>
      <y>0.845</y>
      <w>0.6666667</w>
      <t>6867</t>
    </point>
    <point>
      <x>0.51666665</x>
      <y>0.8466667</y>
      <w>0.6666667</w>
      <t>6867</t>
    </point>
    <point>
      <x>0.515</x>
      <y>0.85</y>
      <w>0.62463343</w>
      <t>6900</t>
    </point>
    <point>
      <x>0.51166666</x>
      <y>0.8516667</y>
      <w>0.62463343</w>
      <t>6900</t>
    </point>
    <point>
      <x>0.51</x>
      <y>0.855</y>
      <w>0.62463343</w>
      <t>6900</t>
    </point>
    <point>
      <x>0.5083333</x>
      <y>0.8566667</y>
      <w>0.62463343</w>
      <t>6900</t>
    </point>
    <point>
      <x>0.505</x>
      <y>0.86</y>
      <w>0.62463343</w>
      <t>6900</t>
    </point>
    <point>
      <x>0.50333333</x>
      <y>0.8616667</y>
      <w>0.51319647</w>
      <t>6934</t>
    </point>
    <point>
      <x>0.5</x>
      <y>0.86333334</y>
      <w>0.51319647</w>
      <t>6934</t>
    </point>
    <point>
      <x>0.49666667</x>
      <y>0.865</y>
      <w>0.51319647</w>
      <t>6934</t>
    </point>
    <point>
      <x>0.49333334</x>
      <y>0.8666667</y>
      <w>0.51319647</w>
      <t>6934</t>
    </point>
    <point>
      <x>0.49166667</x>
      <y>0.87</y>
      <w>0.50537634</w>
      <t>6967</t>
    </point>
    <point>
      <x>0.48833334</x>
      <y>0.87166667</y>
      <w>0.50537634</w>
      <t>6967</t>
    </point>
    <point>
      <x>0.485</x>
      <y>0.87333333</y>
      <w>0.50537634</w>
      <t>6967</t>
    </point>
    <point>
      <x>0.48166665</x>
      <y>0.875</y>
      <w>0.50537634</w>
      <t>6967</t>
    </point>
    <point>
      <x>0.48</x>
      <y>0.87666667</y>
      <w>0.50537634</w>
      <t>6967</t>
    </point>
    <point>
      <x>0.47666666</x>
      <y>0.87833333</y>
      <w>0.4848485</w>
      <t>7001</t>
    </point>
    <point>
      <x>0.47333333</x>
      <y>0.88</y>
      <w>0.4848485</w>
      <t>7001</t>
    </point>
    <point>
      <x>0.47</x>
      <y>0.8833333</y>
      <w>0.4848485</w>
      <t>7001</t>
    </point>
    <point>
      <x>0.46666667</x>
      <y>0.885</y>
      <w>0.4848485</w>
      <t>7001</t>
    </point>
    <point>
      <x>0.46333334</x>
      <y>0.88666666</y>
      <w>0.26979473</w>
      <t>7034</t>
    </point>
    <point>
      <x>0.46</x>
      <y>0.8883333</y>
      <w>0.26979473</w>
      <t>7034</t>
    </point>
    <point>
      <x>0.45666668</x>
      <y>0.89</y>
      <w>0.26979473</w>
      <t>7034</t>
    </point>
    <point>
      <x>0.45166665</x>
      <y>0.89166665</y>
      <w>0.26979473</w>
      <t>7034</t>
    </point>
    <point>
      <x>0.44833332</x>
      <y>0.89166665</y>
      <w>0.26979473</w>
      <t>7034</t>
    </point>
    <point>
      <x>0.445</x>
      <y>0.8933333</y>
      <w>0.10459433</w>
      <t>7067</t>
    </point>
    <point>
      <x>0.44</x>
      <y>0.8933333</y>
      <w>0.10459433</w>
      <t>7067</t>
    </point>
    <point>
      <x>0.43666667</x>
      <y>0.895</y>
      <w>0.10459433</w>
      <t>7067</t>
    </point>
    <point>
      <x>0.43166667</x>
      <y>0.895</y>
      <w>0.10459433</w>
      <t>7067</t>
    </point>
    <point>
      <x>0.42666668</x>
      <y>0.89666665</y>
      <w>0.07331378</w>
      <t>7101</t>
    </point>
    <point>
      <x>0.42333335</x>
      <y>0.89666665</y>
      <w>0.07331378</w>
      <t>7101</t>
    </point>
  </stroke>
</character>
