<?xml version="1.0" encoding="UTF-8"?>
<character>
  <stroke time="0">
    <point>
      <x>0.25666666</x>
      <y>0.21333334</y>
      <w>0.22873901</w>
      <t>37</t>
    </point>
    <point>
      <x>0.25833333</x>
      <y>0.215</y>
      <w>0.30400783</w>
      <t>67</t>
    </point>
    <point>
      <x>0.26</x>
      <y>0.215</y>
      <w>0.30400783</w>
      <t>67</t>
    </point>
    <point>
      <x>0.26166666</x>
      <y>0.21666667</y>
      <w>0.40273705</w>
      <t>101</t>
    </point>
    <point>
      <x>0.26333332</x>
      <y>0.21666667</y>
      <w>0.40273705</w>
      <t>101</t>
    </point>
    <point>
      <x>0.265</x>
      <y>0.21833333</y>
      <w>0.40273705</w>
      <t>101</t>
    </point>
    <point>
      <x>0.26666668</x>
      <y>0.22</y>
      <w>0.40273705</w>
      <t>102</t>
    </point>
    <point>
      <x>0.26833335</x>
      <y>0.22166666</y>
      <w>0.40273705</w>
      <t>102</t>
    </point>
    <point>
      <x>0.27</x>
      <y>0.22333333</y>
      <w>0.50537634</w>
      <t>133</t>
    </point>
    <point>
      <x>0.27166668</x>
      <y>0.22333333</y>
      <w>0.50537634</w>
      <t>133</t>
    </point>
    <point>
      <x>0.27166668</x>
      <y>0.225</y>
      <w>0.50537634</w>
      <t>133</t>
    </point>
    <point>
      <x>0.27333334</x>
      <y>0.22666667</y>
      <w>0.5777126</w>
      <t>166</t>
    </point>
    <point>
      <x>0.275</x>
      <y>0.22833334</y>
      <w>0.5777126</w>
      <t>166</t>
    </point>
    <point>
      <x>0.27666667</x>
      <y>0.23</y>
      <w>0.6422287</w>
      <t>200</t>
    </point>
    <point>
      <x>0.27833334</x>
      <y>0.23166667</y>
      <w>0.6422287</w>
      <t>200</t>
    </point>
    <point>
      <x>0.27833334</x>
      <y>0.23333333</y>
      <w>0.6422287</w>
      <t>200</t>
    </point>
    <point>
      <x>0.28</x>
      <y>0.235</y>
      <w>0.684262</w>
      <t>233</t>
    </point>
    <point>
      <x>0.28</x>
      <y>0.23666666</y>
      <w>0.684262</w>
      <t>233</t>
    </point>
    <point>
      <x>0.28166667</x>
      <y>0.23666666</y>
      <w>0.684262</w>
      <t>233</t>
    </point>
    <point>
      <x>0.28166667</x>
      <y>0.23833333</y>
      <w>0.70772237</w>
      <t>267</t>
    </point>
    <point>
      <x>0.28166667</x>
      <y>0.24</y>
      <w>0.72043014</w>
      <t>269</t>
    </point>
    <point>
      <x>0.28333333</x>
      <y>0.24</y>
      <w>0.72043014</w>
      <t>269</t>
    </point>
    <point>
      <x>0.28333333</x>
      <y>0.24166666</y>
      <w>0.72043014</w>
      <t>269</t>
    </point>
    <point>
      <x>0.28333333</x>
      <y>0.24333334</y>
      <w>0.72629523</w>
      <t>300</t>
    </point>
    <point>
      <x>0.28333333</x>
      <y>0.245</y>
      <w>0.72629523</w>
      <t>300</t>
    </point>
    <point>
      <x>0.28333333</x>
      <y>0.24666667</y>
      <w>0.72629523</w>
      <t>300</t>
    </point>
    <point>
      <x>0.285</x>
      <y>0.24666667</y>
      <w>0.74486804</w>
      <t>333</t>
    </point>
    <point>
      <x>0.285</x>
      <y>0.24833333</y>
      <w>0.74486804</w>
      <t>333</t>
    </point>
    <point>
      <x>0.285</x>
      <y>0.25</y>
      <w>0.74486804</w>
      <t>333</t>
    </point>
    <point>
      <x>0.285</x>
      <y>0.25166667</y>
      <w>0.74486804</w>
      <t>334</t>
    </point>
    <point>
      <x>0.285</x>
      <y>0.25333333</y>
      <w>0.75073314</w>
      <t>366</t>
    </point>
    <point>
      <x>0.285</x>
      <y>0.255</y>
      <w>0.75073314</w>
      <t>366</t>
    </point>
    <point>
      <x>0.285</x>
      <y>0.25666666</y>
      <w>0.75073314</w>
      <t>366</t>
    </point>
    <point>
      <x>0.285</x>
      <y>0.25833333</y>
      <w>0.75073314</w>
      <t>367</t>
    </point>
    <point>
      <x>0.285</x>
      <y>0.26</y>
      <w>0.75171065</w>
      <t>400</t>
    </point>
    <point>
      <x>0.285</x>
      <y>0.26333332</y>
      <w>0.75171065</w>
      <t>400</t>
    </point>
    <point>
      <x>0.285</x>
      <y>0.265</y>
      <w>0.75171065</w>
      <t>400</t>
    </point>
    <point>
      <x>0.285</x>
      <y>0.26666668</y>
      <w>0.75171065</w>
      <t>401</t>
    </point>
    <point>
      <x>0.285</x>
      <y>0.26833335</y>
      <w>0.75171065</w>
      <t>401</t>
    </point>
    <point>
      <x>0.285</x>
      <y>0.27</y>
      <w>0.75171065</w>
      <t>434</t>
    </point>
    <point>
      <x>0.285</x>
      <y>0.27166668</y>
      <w>0.75171065</w>
      <t>434</t>
    </point>
    <point>
      <x>0.285</x>
      <y>0.275</y>
      <w>0.75171065</w>
      <t>434</t>
    </point>
    <point>
      <x>0.285</x>
      <y>0.27666667</y>
      <w>0.75171065</w>
      <t>435</t>
    </point>
    <point>
      <x>0.28333333</x>
      <y>0.27833334</y>
      <w>0.75171065</w>
      <t>466</t>
    </point>
    <point>
      <x>0.28333333</x>
      <y>0.28166667</y>
      <w>0.75171065</w>
      <t>466</t>
    </point>
    <point>
      <x>0.28166667</x>
      <y>0.285</y>
      <w>0.75171065</w>
      <t>466</t>
    </point>
    <point>
      <x>0.28166667</x>
      <y>0.28833333</y>
      <w>0.75171065</w>
      <t>466</t>
    </point>
    <point>
      <x>0.28</x>
      <y>0.29</y>
      <w>0.7468231</w>
      <t>500</t>
    </point>
    <point>
      <x>0.27833334</x>
      <y>0.29333332</y>
      <w>0.7468231</w>
      <t>500</t>
    </point>
    <point>
      <x>0.27833334</x>
      <y>0.29666665</y>
      <w>0.7468231</w>
      <t>500</t>
    </point>
    <point>
      <x>0.27666667</x>
      <y>0.3</y>
      <w>0.7468231</w>
      <t>501</t>
    </point>
    <point>
      <x>0.275</x>
      <y>0.30333334</y>
      <w>0.7468231</w>
      <t>501</t>
    </point>
    <point>
      <x>0.275</x>
      <y>0.30666667</y>
      <w>0.7096774</w>
      <t>534</t>
    </point>
    <point>
      <x>0.27333334</x>
      <y>0.31</y>
      <w>0.7096774</w>
      <t>534</t>
    </point>
    <point>
      <x>0.27166668</x>
      <y>0.31166667</y>
      <w>0.7096774</w>
      <t>534</t>
    </point>
    <point>
      <x>0.27166668</x>
      <y>0.315</y>
      <w>0.7096774</w>
      <t>534</t>
    </point>
    <point>
      <x>0.27</x>
      <y>0.31833333</y>
      <w>0.63245356</w>
      <t>566</t>
    </point>
    <point>
      <x>0.27</x>
      <y>0.32</y>
      <w>0.63245356</w>
      <t>566</t>
    </point>
    <point>
      <x>0.26833335</x>
      <y>0.32333332</y>
      <w>0.63245356</w>
      <t>566</t>
    </point>
    <point>
      <x>0.26666668</x>
      <y>0.32666665</y>
      <w>0.63245356</w>
      <t>567</t>
    </point>
    <point>
      <x>0.26666668</x>
      <y>0.32833335</y>
      <w>0.63245356</w>
      <t>567</t>
    </point>
    <point>
      <x>0.265</x>
      <y>0.33166668</y>
      <w>0.44965786</w>
      <t>600</t>
    </point>
    <point>
      <x>0.26333332</x>
      <y>0.335</y>
      <w>0.44965786</w>
      <t>600</t>
    </point>
    <point>
      <x>0.26333332</x>
      <y>0.33833334</y>
      <w>0.44965786</w>
      <t>600</t>
    </point>
    <point>
      <x>0.26166666</x>
      <y>0.34166667</y>
      <w>0.44965786</w>
      <t>600</t>
    </point>
    <point>
      <x>0.26</x>
      <y>0.34666666</y>
      <w>0.20918866</w>
      <t>633</t>
    </point>
    <point>
      <x>0.25833333</x>
      <y>0.35</y>
      <w>0.20918866</w>
      <t>633</t>
    </point>
    <point>
      <x>0.25666666</x>
      <y>0.355</y>
      <w>0.20918866</w>
      <t>633</t>
    </point>
    <point>
      <x>0.255</x>
      <y>0.36</y>
      <w>0.20918866</w>
      <t>633</t>
    </point>
    <point>
      <x>0.255</x>
      <y>0.36333334</y>
      <w>0.20918866</w>
      <t>634</t>
    </point>
  </stroke>
  <stroke time="1567">
    <point>
      <x>0.23833333</x>
      <y>0.47833332</y>
      <w>0.14956012</w>
      <t>1600</t>
    </point>
    <point>
      <x>0.23833333</x>
      <y>0.48</y>
      <w>0.14956012</w>
      <t>1600</t>
    </point>
    <point>
      <x>0.24</x>
      <y>0.48166665</y>
      <w>0.14956012</w>
      <t>1600</t>
    </point>
    <point>
      <x>0.24</x>
      <y>0.48333332</y>
      <w>0.14956012</w>
      <t>1601</t>
    </point>
    <point>
      <x>0.24166666</x>
      <y>0.48333332</y>
      <w>0.14956012</w>
      <t>1601</t>
    </point>
    <point>
      <x>0.24333334</x>
      <y>0.485</y>
      <w>0.28836754</w>
      <t>1633</t>
    </point>
    <point>
      <x>0.245</x>
      <y>0.48666668</y>
      <w>0.28836754</w>
      <t>1633</t>
    </point>
    <point>
      <x>0.24666667</x>
      <y>0.48833334</y>
      <w>0.28836754</w>
      <t>1633</t>
    </point>
    <point>
      <x>0.24833333</x>
      <y>0.49</y>
      <w>0.28836754</w>
      <t>1633</t>
    </point>
    <point>
      <x>0.25</x>
      <y>0.49166667</y>
      <w>0.38514173</w>
      <t>1667</t>
    </point>
    <point>
      <x>0.25166667</x>
      <y>0.49333334</y>
      <w>0.38514173</w>
      <t>1667</t>
    </point>
    <point>
      <x>0.25166667</x>
      <y>0.495</y>
      <w>0.38514173</w>
      <t>1667</t>
    </point>
    <point>
      <x>0.25333333</x>
      <y>0.49833333</y>
      <w>0.38514173</w>
      <t>1667</t>
    </point>
    <point>
      <x>0.255</x>
      <y>0.5</y>
      <w>0.45943305</w>
      <t>1700</t>
    </point>
    <point>
      <x>0.25666666</x>
      <y>0.50333333</y>
      <w>0.45943305</w>
      <t>1702</t>
    </point>
    <point>
      <x>0.25666666</x>
      <y>0.505</y>
      <w>0.45943305</w>
      <t>1702</t>
    </point>
    <point>
      <x>0.25833333</x>
      <y>0.5083333</y>
      <w>0.45943305</w>
      <t>1702</t>
    </point>
    <point>
      <x>0.26</x>
      <y>0.51</y>
      <w>0.45943305</w>
      <t>1702</t>
    </point>
    <point>
      <x>0.26</x>
      <y>0.51166666</y>
      <w>0.5415445</w>
      <t>1733</t>
    </point>
    <point>
      <x>0.26</x>
      <y>0.5133333</y>
      <w>0.5415445</w>
      <t>1733</t>
    </point>
    <point>
      <x>0.26</x>
      <y>0.515</y>
      <w>0.5415445</w>
      <t>1733</t>
    </point>
    <point>
      <x>0.26</x>
      <y>0.51666665</y>
      <w>0.5415445</w>
      <t>1733</t>
    </point>
    <point>
      <x>0.26</x>
      <y>0.5183333</y>
      <w>0.6158358</w>
      <t>1766</t>
    </point>
    <point>
      <x>0.26166666</x>
      <y>0.52166665</y>
      <w>0.6158358</w>
      <t>1766</t>
    </point>
    <point>
      <x>0.26166666</x>
      <y>0.5233333</y>
      <w>0.6158358</w>
      <t>1766</t>
    </point>
    <point>
      <x>0.26166666</x>
      <y>0.52666664</y>
      <w>0.6158358</w>
      <t>1766</t>
    </point>
    <point>
      <x>0.26166666</x>
      <y>0.53</y>
      <w>0.6158358</w>
      <t>1766</t>
    </point>
    <point>
      <x>0.26166666</x>
      <y>0.53333336</y>
      <w>0.6930596</w>
      <t>1800</t>
    </point>
    <point>
      <x>0.26166666</x>
      <y>0.5366667</y>
      <w>0.6930596</w>
      <t>1800</t>
    </point>
    <point>
      <x>0.26166666</x>
      <y>0.53833336</y>
      <w>0.6930596</w>
      <t>1800</t>
    </point>
    <point>
      <x>0.26166666</x>
      <y>0.5416667</y>
      <w>0.6930596</w>
      <t>1800</t>
    </point>
    <point>
      <x>0.26166666</x>
      <y>0.545</y>
      <w>0.73998046</w>
      <t>1833</t>
    </point>
    <point>
      <x>0.26166666</x>
      <y>0.5466667</y>
      <w>0.73998046</w>
      <t>1833</t>
    </point>
    <point>
      <x>0.26166666</x>
      <y>0.55</y>
      <w>0.73998046</w>
      <t>1833</t>
    </point>
    <point>
      <x>0.26166666</x>
      <y>0.55333334</y>
      <w>0.73998046</w>
      <t>1833</t>
    </point>
    <point>
      <x>0.26166666</x>
      <y>0.5566667</y>
      <w>0.73998046</w>
      <t>1833</t>
    </point>
    <point>
      <x>0.26166666</x>
      <y>0.56</y>
      <w>0.78299123</w>
      <t>1867</t>
    </point>
    <point>
      <x>0.26166666</x>
      <y>0.565</y>
      <w>0.78299123</w>
      <t>1867</t>
    </point>
    <point>
      <x>0.26166666</x>
      <y>0.5683333</y>
      <w>0.78299123</w>
      <t>1867</t>
    </point>
    <point>
      <x>0.26166666</x>
      <y>0.57166666</y>
      <w>0.78299123</w>
      <t>1867</t>
    </point>
    <point>
      <x>0.26</x>
      <y>0.575</y>
      <w>0.81329423</w>
      <t>1900</t>
    </point>
    <point>
      <x>0.26</x>
      <y>0.5783333</y>
      <w>0.81329423</w>
      <t>1900</t>
    </point>
    <point>
      <x>0.26</x>
      <y>0.5833333</y>
      <w>0.81329423</w>
      <t>1900</t>
    </point>
    <point>
      <x>0.25833333</x>
      <y>0.58666664</y>
      <w>0.81329423</w>
      <t>1900</t>
    </point>
    <point>
      <x>0.25833333</x>
      <y>0.59</y>
      <w>0.81329423</w>
      <t>1901</t>
    </point>
    <point>
      <x>0.25666666</x>
      <y>0.595</y>
      <w>0.86608016</w>
      <t>1933</t>
    </point>
    <point>
      <x>0.255</x>
      <y>0.6</y>
      <w>0.86608016</w>
      <t>1933</t>
    </point>
    <point>
      <x>0.255</x>
      <y>0.60333335</y>
      <w>0.86608016</w>
      <t>1933</t>
    </point>
    <point>
      <x>0.25333333</x>
      <y>0.60833335</y>
      <w>0.86608016</w>
      <t>1933</t>
    </point>
    <point>
      <x>0.25166667</x>
      <y>0.61333334</y>
      <w>0.90029323</w>
      <t>1967</t>
    </point>
    <point>
      <x>0.25166667</x>
      <y>0.61833334</y>
      <w>0.90029323</w>
      <t>1967</t>
    </point>
    <point>
      <x>0.25</x>
      <y>0.62333333</y>
      <w>0.90029323</w>
      <t>1969</t>
    </point>
    <point>
      <x>0.24833333</x>
      <y>0.62833333</y>
      <w>0.90029323</w>
      <t>1969</t>
    </point>
    <point>
      <x>0.24833333</x>
      <y>0.635</y>
      <w>0.90029323</w>
      <t>1969</t>
    </point>
    <point>
      <x>0.24666667</x>
      <y>0.64</y>
      <w>0.9354839</w>
      <t>2000</t>
    </point>
    <point>
      <x>0.24666667</x>
      <y>0.645</y>
      <w>0.9354839</w>
      <t>2000</t>
    </point>
    <point>
      <x>0.245</x>
      <y>0.65166664</y>
      <w>0.9354839</w>
      <t>2000</t>
    </point>
    <point>
      <x>0.245</x>
      <y>0.6566667</y>
      <w>0.9354839</w>
      <t>2001</t>
    </point>
    <point>
      <x>0.245</x>
      <y>0.6616667</y>
      <w>0.94623655</w>
      <t>2033</t>
    </point>
    <point>
      <x>0.24333334</x>
      <y>0.66833335</y>
      <w>0.94623655</w>
      <t>2033</t>
    </point>
    <point>
      <x>0.24333334</x>
      <y>0.67333335</y>
      <w>0.94623655</w>
      <t>2033</t>
    </point>
    <point>
      <x>0.24333334</x>
      <y>0.67833334</y>
      <w>0.94623655</w>
      <t>2033</t>
    </point>
    <point>
      <x>0.24166666</x>
      <y>0.685</y>
      <w>0.95112413</w>
      <t>2067</t>
    </point>
    <point>
      <x>0.24166666</x>
      <y>0.69166666</y>
      <w>0.95112413</w>
      <t>2067</t>
    </point>
    <point>
      <x>0.24166666</x>
      <y>0.6983333</y>
      <w>0.95112413</w>
      <t>2067</t>
    </point>
    <point>
      <x>0.24</x>
      <y>0.705</y>
      <w>0.95112413</w>
      <t>2067</t>
    </point>
    <point>
      <x>0.24</x>
      <y>0.71</y>
      <w>0.95112413</w>
      <t>2067</t>
    </point>
    <point>
      <x>0.24</x>
      <y>0.71666664</y>
      <w>0.9599218</w>
      <t>2100</t>
    </point>
    <point>
      <x>0.24</x>
      <y>0.7216667</y>
      <w>0.9599218</w>
      <t>2100</t>
    </point>
    <point>
      <x>0.24</x>
      <y>0.72833335</y>
      <w>0.9599218</w>
      <t>2100</t>
    </point>
    <point>
      <x>0.24</x>
      <y>0.73333335</y>
      <w>0.9599218</w>
      <t>2100</t>
    </point>
    <point>
      <x>0.24166666</x>
      <y>0.73833334</y>
      <w>0.9687194</w>
      <t>2133</t>
    </point>
    <point>
      <x>0.24166666</x>
      <y>0.74333334</y>
      <w>0.9687194</w>
      <t>2133</t>
    </point>
    <point>
      <x>0.24333334</x>
      <y>0.74833333</y>
      <w>0.9687194</w>
      <t>2133</t>
    </point>
    <point>
      <x>0.245</x>
      <y>0.75333333</y>
      <w>0.9687194</w>
      <t>2133</t>
    </point>
    <point>
      <x>0.245</x>
      <y>0.75666666</y>
      <w>0.9687194</w>
      <t>2133</t>
    </point>
    <point>
      <x>0.24666667</x>
      <y>0.76166666</y>
      <w>0.9706745</w>
      <t>2166</t>
    </point>
    <point>
      <x>0.24833333</x>
      <y>0.765</y>
      <w>0.9706745</w>
      <t>2166</t>
    </point>
    <point>
      <x>0.25</x>
      <y>0.7683333</y>
      <w>0.9706745</w>
      <t>2166</t>
    </point>
    <point>
      <x>0.25166667</x>
      <y>0.77166665</y>
      <w>0.9706745</w>
      <t>2166</t>
    </point>
    <point>
      <x>0.25333333</x>
      <y>0.775</y>
      <w>0.9706745</w>
      <t>2200</t>
    </point>
    <point>
      <x>0.255</x>
      <y>0.77666664</y>
      <w>0.9706745</w>
      <t>2200</t>
    </point>
    <point>
      <x>0.25666666</x>
      <y>0.78</y>
      <w>0.9706745</w>
      <t>2200</t>
    </point>
    <point>
      <x>0.25833333</x>
      <y>0.7816667</y>
      <w>0.9706745</w>
      <t>2200</t>
    </point>
    <point>
      <x>0.25833333</x>
      <y>0.78333336</y>
      <w>0.9706745</w>
      <t>2201</t>
    </point>
    <point>
      <x>0.26</x>
      <y>0.785</y>
      <w>0.9706745</w>
      <t>2233</t>
    </point>
    <point>
      <x>0.26</x>
      <y>0.7866667</y>
      <w>0.9706745</w>
      <t>2233</t>
    </point>
    <point>
      <x>0.26166666</x>
      <y>0.7866667</y>
      <w>0.9706745</w>
      <t>2233</t>
    </point>
    <point>
      <x>0.26166666</x>
      <y>0.785</y>
      <w>0.79569894</w>
      <t>2400</t>
    </point>
    <point>
      <x>0.26333332</x>
      <y>0.7816667</y>
      <w>0.79569894</w>
      <t>2400</t>
    </point>
    <point>
      <x>0.26333332</x>
      <y>0.7783333</y>
      <w>0.79569894</w>
      <t>2400</t>
    </point>
    <point>
      <x>0.265</x>
      <y>0.775</y>
      <w>0.79569894</w>
      <t>2400</t>
    </point>
    <point>
      <x>0.26666668</x>
      <y>0.77</y>
      <w>0.73900294</w>
      <t>2433</t>
    </point>
    <point>
      <x>0.26666668</x>
      <y>0.765</y>
      <w>0.73900294</w>
      <t>2433</t>
    </point>
    <point>
      <x>0.26833335</x>
      <y>0.76</y>
      <w>0.73900294</w>
      <t>2433</t>
    </point>
    <point>
      <x>0.27</x>
      <y>0.755</y>
      <w>0.73900294</w>
      <t>2433</t>
    </point>
    <point>
      <x>0.27166668</x>
      <y>0.75166667</y>
      <w>0.73900294</w>
      <t>2433</t>
    </point>
    <point>
      <x>0.27333334</x>
      <y>0.74666667</y>
      <w>0.66471165</w>
      <t>2466</t>
    </point>
    <point>
      <x>0.275</x>
      <y>0.74333334</y>
      <w>0.66471165</w>
      <t>2466</t>
    </point>
    <point>
      <x>0.27666667</x>
      <y>0.73833334</y>
      <w>0.66471165</w>
      <t>2466</t>
    </point>
    <point>
      <x>0.27833334</x>
      <y>0.73333335</y>
      <w>0.66471165</w>
      <t>2466</t>
    </point>
    <point>
      <x>0.28</x>
      <y>0.73</y>
      <w>0.61876833</w>
      <t>2500</t>
    </point>
    <point>
      <x>0.28</x>
      <y>0.725</y>
      <w>0.61876833</w>
      <t>2500</t>
    </point>
    <point>
      <x>0.28333333</x>
      <y>0.72</y>
      <w>0.61876833</w>
      <t>2500</t>
    </point>
    <point>
      <x>0.285</x>
      <y>0.715</y>
      <w>0.61876833</w>
      <t>2500</t>
    </point>
    <point>
      <x>0.28666666</x>
      <y>0.7083333</y>
      <w>0.61876833</w>
      <t>2500</t>
    </point>
    <point>
      <x>0.29</x>
      <y>0.7033333</y>
      <w>0.5767351</w>
      <t>2533</t>
    </point>
    <point>
      <x>0.29166666</x>
      <y>0.69666666</y>
      <w>0.5767351</w>
      <t>2533</t>
    </point>
    <point>
      <x>0.295</x>
      <y>0.69</y>
      <w>0.5767351</w>
      <t>2533</t>
    </point>
    <point>
      <x>0.29666665</x>
      <y>0.685</y>
      <w>0.5767351</w>
      <t>2533</t>
    </point>
    <point>
      <x>0.3</x>
      <y>0.67833334</y>
      <w>0.52492666</w>
      <t>2567</t>
    </point>
    <point>
      <x>0.30166668</x>
      <y>0.67333335</y>
      <w>0.52492666</w>
      <t>2567</t>
    </point>
    <point>
      <x>0.305</x>
      <y>0.66833335</y>
      <w>0.52492666</w>
      <t>2567</t>
    </point>
    <point>
      <x>0.30833334</x>
      <y>0.6616667</y>
      <w>0.52492666</w>
      <t>2567</t>
    </point>
    <point>
      <x>0.31333333</x>
      <y>0.6566667</y>
      <w>0.51124144</w>
      <t>2600</t>
    </point>
    <point>
      <x>0.31833333</x>
      <y>0.65</y>
      <w>0.51124144</w>
      <t>2600</t>
    </point>
    <point>
      <x>0.32166666</x>
      <y>0.6433333</y>
      <w>0.51124144</w>
      <t>2600</t>
    </point>
    <point>
      <x>0.32833335</x>
      <y>0.63666666</y>
      <w>0.51124144</w>
      <t>2600</t>
    </point>
    <point>
      <x>0.33333334</x>
      <y>0.62833333</y>
      <w>0.51124144</w>
      <t>2600</t>
    </point>
    <point>
      <x>0.33833334</x>
      <y>0.62166667</y>
      <w>0.49266863</w>
      <t>2633</t>
    </point>
    <point>
      <x>0.34333333</x>
      <y>0.615</y>
      <w>0.49266863</w>
      <t>2633</t>
    </point>
    <point>
      <x>0.34666666</x>
      <y>0.60833335</y>
      <w>0.49266863</w>
      <t>2633</t>
    </point>
    <point>
      <x>0.35166666</x>
      <y>0.6016667</y>
      <w>0.49266863</w>
      <t>2633</t>
    </point>
    <point>
      <x>0.35833332</x>
      <y>0.595</y>
      <w>0.41348973</w>
      <t>2667</t>
    </point>
    <point>
      <x>0.36333334</x>
      <y>0.5883333</y>
      <w>0.41348973</w>
      <t>2667</t>
    </point>
    <point>
      <x>0.37</x>
      <y>0.58166665</y>
      <w>0.41348973</w>
      <t>2667</t>
    </point>
    <point>
      <x>0.37666667</x>
      <y>0.5733333</y>
      <w>0.41348973</w>
      <t>2667</t>
    </point>
    <point>
      <x>0.38333333</x>
      <y>0.56666666</y>
      <w>0.41348973</w>
      <t>2667</t>
    </point>
    <point>
      <x>0.39</x>
      <y>0.5566667</y>
      <w>0.38025415</w>
      <t>2700</t>
    </point>
    <point>
      <x>0.39833334</x>
      <y>0.54833335</y>
      <w>0.38025415</w>
      <t>2700</t>
    </point>
    <point>
      <x>0.405</x>
      <y>0.54</y>
      <w>0.38025415</w>
      <t>2700</t>
    </point>
    <point>
      <x>0.41166666</x>
      <y>0.5316667</y>
      <w>0.38025415</w>
      <t>2700</t>
    </point>
    <point>
      <x>0.41833332</x>
      <y>0.5233333</y>
      <w>0.3841642</w>
      <t>2734</t>
    </point>
    <point>
      <x>0.42666668</x>
      <y>0.51666665</y>
      <w>0.3831867</w>
      <t>2734</t>
    </point>
    <point>
      <x>0.43333334</x>
      <y>0.5083333</y>
      <w>0.3831867</w>
      <t>2734</t>
    </point>
    <point>
      <x>0.44166666</x>
      <y>0.50166667</y>
      <w>0.3831867</w>
      <t>2734</t>
    </point>
    <point>
      <x>0.45</x>
      <y>0.49333334</y>
      <w>0.3831867</w>
      <t>2734</t>
    </point>
    <point>
      <x>0.46</x>
      <y>0.48666668</y>
      <w>0.3714565</w>
      <t>2767</t>
    </point>
    <point>
      <x>0.47</x>
      <y>0.47833332</y>
      <w>0.3714565</w>
      <t>2767</t>
    </point>
    <point>
      <x>0.48166665</x>
      <y>0.47166666</y>
      <w>0.3714565</w>
      <t>2767</t>
    </point>
    <point>
      <x>0.49333334</x>
      <y>0.46333334</y>
      <w>0.3714565</w>
      <t>2767</t>
    </point>
    <point>
      <x>0.50333333</x>
      <y>0.455</y>
      <w>0.37927663</w>
      <t>2800</t>
    </point>
    <point>
      <x>0.51666665</x>
      <y>0.44666666</y>
      <w>0.37927663</w>
      <t>2800</t>
    </point>
    <point>
      <x>0.5283333</x>
      <y>0.43833333</y>
      <w>0.37927663</w>
      <t>2800</t>
    </point>
    <point>
      <x>0.5416667</x>
      <y>0.43</y>
      <w>0.37927663</w>
      <t>2800</t>
    </point>
    <point>
      <x>0.5566667</x>
      <y>0.42166665</y>
      <w>0.37927663</w>
      <t>2800</t>
    </point>
    <point>
      <x>0.57</x>
      <y>0.41166666</y>
      <w>0.37243402</w>
      <t>2833</t>
    </point>
    <point>
      <x>0.5833333</x>
      <y>0.40333334</y>
      <w>0.37243402</w>
      <t>2833</t>
    </point>
    <point>
      <x>0.6</x>
      <y>0.395</y>
      <w>0.37243402</w>
      <t>2833</t>
    </point>
    <point>
      <x>0.615</x>
      <y>0.38666666</y>
      <w>0.37243402</w>
      <t>2833</t>
    </point>
    <point>
      <x>0.63166666</x>
      <y>0.37833333</y>
      <w>0.40078202</w>
      <t>2867</t>
    </point>
    <point>
      <x>0.6483333</x>
      <y>0.37166667</y>
      <w>0.40078202</w>
      <t>2867</t>
    </point>
    <point>
      <x>0.665</x>
      <y>0.36333334</y>
      <w>0.40078202</w>
      <t>2867</t>
    </point>
    <point>
      <x>0.68</x>
      <y>0.35666665</y>
      <w>0.40078202</w>
      <t>2867</t>
    </point>
    <point>
      <x>0.695</x>
      <y>0.35166666</y>
      <w>0.4281525</w>
      <t>2900</t>
    </point>
    <point>
      <x>0.7083333</x>
      <y>0.345</y>
      <w>0.4281525</w>
      <t>2900</t>
    </point>
    <point>
      <x>0.7216667</x>
      <y>0.34</y>
      <w>0.4281525</w>
      <t>2900</t>
    </point>
    <point>
      <x>0.7316667</x>
      <y>0.33666667</y>
      <w>0.4281525</w>
      <t>2900</t>
    </point>
    <point>
      <x>0.74</x>
      <y>0.335</y>
      <w>0.4281525</w>
      <t>2900</t>
    </point>
    <point>
      <x>0.74666667</x>
      <y>0.33333334</y>
      <w>0.43304008</w>
      <t>2933</t>
    </point>
    <point>
      <x>0.75166667</x>
      <y>0.33166668</y>
      <w>0.43304008</w>
      <t>2933</t>
    </point>
    <point>
      <x>0.755</x>
      <y>0.33166668</y>
      <w>0.43304008</w>
      <t>2933</t>
    </point>
    <point>
      <x>0.75666666</x>
      <y>0.33166668</y>
      <w>0.43304008</w>
      <t>2933</t>
    </point>
    <point>
      <x>0.7583333</x>
      <y>0.33166668</y>
      <w>0.44965786</w>
      <t>2967</t>
    </point>
    <point>
      <x>0.755</x>
      <y>0.33166668</y>
      <w>0.44965786</w>
      <t>2967</t>
    </point>
    <point>
      <x>0.75333333</x>
      <y>0.33166668</y>
      <w>0.30987293</w>
      <t>3000</t>
    </point>
    <point>
      <x>0.75</x>
      <y>0.33</y>
      <w>0.30987293</w>
      <t>3000</t>
    </point>
    <point>
      <x>0.74666667</x>
      <y>0.33</y>
      <w>0.30987293</w>
      <t>3000</t>
    </point>
    <point>
      <x>0.745</x>
      <y>0.33</y>
      <w>0.30987293</w>
      <t>3000</t>
    </point>
  </stroke>
  <stroke time="3467">
    <point>
      <x>0.44833332</x>
      <y>0.38666666</y>
      <w>0.18963832</w>
      <t>3467</t>
    </point>
    <point>
      <x>0.44833332</x>
      <y>0.39</y>
      <w>0.18963832</w>
      <t>3467</t>
    </point>
    <point>
      <x>0.44833332</x>
      <y>0.39333335</y>
      <w>0.2580645</w>
      <t>3500</t>
    </point>
    <point>
      <x>0.44833332</x>
      <y>0.39666668</y>
      <w>0.2580645</w>
      <t>3500</t>
    </point>
    <point>
      <x>0.45</x>
      <y>0.4</y>
      <w>0.2580645</w>
      <t>3500</t>
    </point>
    <point>
      <x>0.45166665</x>
      <y>0.40333334</y>
      <w>0.2580645</w>
      <t>3500</t>
    </point>
    <point>
      <x>0.45166665</x>
      <y>0.40666667</y>
      <w>0.2580645</w>
      <t>3500</t>
    </point>
    <point>
      <x>0.45333335</x>
      <y>0.41</y>
      <w>0.514174</w>
      <t>3533</t>
    </point>
    <point>
      <x>0.455</x>
      <y>0.415</y>
      <w>0.514174</w>
      <t>3533</t>
    </point>
    <point>
      <x>0.45666668</x>
      <y>0.41833332</y>
      <w>0.514174</w>
      <t>3533</t>
    </point>
    <point>
      <x>0.45833334</x>
      <y>0.42333335</y>
      <w>0.514174</w>
      <t>3533</t>
    </point>
    <point>
      <x>0.45833334</x>
      <y>0.42666668</y>
      <w>0.6480938</w>
      <t>3567</t>
    </point>
    <point>
      <x>0.46</x>
      <y>0.43166667</y>
      <w>0.6480938</w>
      <t>3567</t>
    </point>
    <point>
      <x>0.46</x>
      <y>0.43666667</y>
      <w>0.6480938</w>
      <t>3567</t>
    </point>
    <point>
      <x>0.46166667</x>
      <y>0.44</y>
      <w>0.6480938</w>
      <t>3567</t>
    </point>
    <point>
      <x>0.46333334</x>
      <y>0.445</y>
      <w>0.6480938</w>
      <t>3567</t>
    </point>
    <point>
      <x>0.46333334</x>
      <y>0.45</y>
      <w>0.76344085</w>
      <t>3600</t>
    </point>
    <point>
      <x>0.465</x>
      <y>0.455</y>
      <w>0.76344085</w>
      <t>3600</t>
    </point>
    <point>
      <x>0.46666667</x>
      <y>0.46</y>
      <w>0.76344085</w>
      <t>3600</t>
    </point>
    <point>
      <x>0.46833333</x>
      <y>0.465</y>
      <w>0.76344085</w>
      <t>3600</t>
    </point>
    <point>
      <x>0.46833333</x>
      <y>0.47</y>
      <w>0.8191593</w>
      <t>3634</t>
    </point>
    <point>
      <x>0.47</x>
      <y>0.475</y>
      <w>0.8191593</w>
      <t>3634</t>
    </point>
    <point>
      <x>0.47166666</x>
      <y>0.47833332</y>
      <w>0.8191593</w>
      <t>3634</t>
    </point>
    <point>
      <x>0.47166666</x>
      <y>0.48333332</y>
      <w>0.8191593</w>
      <t>3634</t>
    </point>
    <point>
      <x>0.47333333</x>
      <y>0.48666668</y>
      <w>0.8191593</w>
      <t>3634</t>
    </point>
    <point>
      <x>0.475</x>
      <y>0.49</y>
      <w>0.84750736</w>
      <t>3667</t>
    </point>
    <point>
      <x>0.47666666</x>
      <y>0.49333334</y>
      <w>0.84750736</w>
      <t>3667</t>
    </point>
    <point>
      <x>0.47833332</x>
      <y>0.49833333</y>
      <w>0.84750736</w>
      <t>3667</t>
    </point>
    <point>
      <x>0.48166665</x>
      <y>0.50166667</y>
      <w>0.84750736</w>
      <t>3667</t>
    </point>
    <point>
      <x>0.48333332</x>
      <y>0.505</y>
      <w>0.86412513</w>
      <t>3700</t>
    </point>
    <point>
      <x>0.485</x>
      <y>0.5083333</y>
      <w>0.86412513</w>
      <t>3700</t>
    </point>
    <point>
      <x>0.48666668</x>
      <y>0.51166666</y>
      <w>0.86412513</w>
      <t>3700</t>
    </point>
    <point>
      <x>0.48833334</x>
      <y>0.515</y>
      <w>0.86412513</w>
      <t>3700</t>
    </point>
    <point>
      <x>0.49</x>
      <y>0.5183333</y>
      <w>0.86412513</w>
      <t>3700</t>
    </point>
    <point>
      <x>0.49</x>
      <y>0.52166665</y>
      <w>0.8748778</w>
      <t>3734</t>
    </point>
    <point>
      <x>0.49166667</x>
      <y>0.5233333</y>
      <w>0.8748778</w>
      <t>3734</t>
    </point>
    <point>
      <x>0.49333334</x>
      <y>0.52666664</y>
      <w>0.8748778</w>
      <t>3734</t>
    </point>
    <point>
      <x>0.495</x>
      <y>0.5283333</y>
      <w>0.8748778</w>
      <t>3734</t>
    </point>
    <point>
      <x>0.49666667</x>
      <y>0.53</y>
      <w>0.8748778</w>
      <t>3767</t>
    </point>
    <point>
      <x>0.49833333</x>
      <y>0.5316667</y>
      <w>0.8748778</w>
      <t>3767</t>
    </point>
    <point>
      <x>0.49833333</x>
      <y>0.53333336</y>
      <w>0.8748778</w>
      <t>3767</t>
    </point>
    <point>
      <x>0.5</x>
      <y>0.535</y>
      <w>0.8748778</w>
      <t>3767</t>
    </point>
    <point>
      <x>0.50166667</x>
      <y>0.535</y>
      <w>0.8748778</w>
      <t>3800</t>
    </point>
    <point>
      <x>0.50166667</x>
      <y>0.5366667</y>
      <w>0.8748778</w>
      <t>3800</t>
    </point>
    <point>
      <x>0.50333333</x>
      <y>0.5366667</y>
      <w>0.8748778</w>
      <t>3800</t>
    </point>
    <point>
      <x>0.50333333</x>
      <y>0.53833336</y>
      <w>0.8748778</w>
      <t>3800</t>
    </point>
    <point>
      <x>0.505</x>
      <y>0.53833336</y>
      <w>0.8748778</w>
      <t>3800</t>
    </point>
    <point>
      <x>0.50666666</x>
      <y>0.53833336</y>
      <w>0.87096775</w>
      <t>3834</t>
    </point>
    <point>
      <x>0.50666666</x>
      <y>0.54</y>
      <w>0.87096775</w>
      <t>3834</t>
    </point>
    <point>
      <x>0.5083333</x>
      <y>0.54</y>
      <w>0.87096775</w>
      <t>3834</t>
    </point>
    <point>
      <x>0.51</x>
      <y>0.54</y>
      <w>0.83870965</w>
      <t>3867</t>
    </point>
    <point>
      <x>0.51166666</x>
      <y>0.54</y>
      <w>0.83870965</w>
      <t>3867</t>
    </point>
    <point>
      <x>0.5133333</x>
      <y>0.53833336</y>
      <w>0.7878788</w>
      <t>3900</t>
    </point>
    <point>
      <x>0.51666665</x>
      <y>0.5366667</y>
      <w>0.7878788</w>
      <t>3900</t>
    </point>
    <point>
      <x>0.5183333</x>
      <y>0.53333336</y>
      <w>0.7878788</w>
      <t>3900</t>
    </point>
    <point>
      <x>0.52166665</x>
      <y>0.5283333</y>
      <w>0.7878788</w>
      <t>3900</t>
    </point>
    <point>
      <x>0.525</x>
      <y>0.525</y>
      <w>0.6236559</w>
      <t>3934</t>
    </point>
    <point>
      <x>0.53</x>
      <y>0.52</y>
      <w>0.6236559</w>
      <t>3934</t>
    </point>
    <point>
      <x>0.53333336</x>
      <y>0.515</y>
      <w>0.6236559</w>
      <t>3934</t>
    </point>
    <point>
      <x>0.5366667</x>
      <y>0.51</y>
      <w>0.6236559</w>
      <t>3934</t>
    </point>
    <point>
      <x>0.54</x>
      <y>0.505</y>
      <w>0.6236559</w>
      <t>3934</t>
    </point>
    <point>
      <x>0.5416667</x>
      <y>0.5</y>
      <w>0.5034213</w>
      <t>3967</t>
    </point>
    <point>
      <x>0.545</x>
      <y>0.495</y>
      <w>0.5034213</w>
      <t>3967</t>
    </point>
    <point>
      <x>0.54833335</x>
      <y>0.48833334</y>
      <w>0.5034213</w>
      <t>3967</t>
    </point>
    <point>
      <x>0.5516667</x>
      <y>0.48166665</y>
      <w>0.5034213</w>
      <t>3967</t>
    </point>
    <point>
      <x>0.555</x>
      <y>0.475</y>
      <w>0.41935483</w>
      <t>4000</t>
    </point>
    <point>
      <x>0.5566667</x>
      <y>0.46833333</y>
      <w>0.41935483</w>
      <t>4000</t>
    </point>
    <point>
      <x>0.56</x>
      <y>0.46</y>
      <w>0.41935483</w>
      <t>4000</t>
    </point>
    <point>
      <x>0.56166667</x>
      <y>0.45166665</y>
      <w>0.41935483</w>
      <t>4000</t>
    </point>
    <point>
      <x>0.565</x>
      <y>0.445</y>
      <w>0.41935483</w>
      <t>4000</t>
    </point>
    <point>
      <x>0.56666666</x>
      <y>0.43666667</y>
      <w>0.26490712</w>
      <t>4034</t>
    </point>
    <point>
      <x>0.5683333</x>
      <y>0.43</y>
      <w>0.26490712</w>
      <t>4034</t>
    </point>
    <point>
      <x>0.57</x>
      <y>0.42166665</y>
      <w>0.26490712</w>
      <t>4034</t>
    </point>
    <point>
      <x>0.57166666</x>
      <y>0.415</y>
      <w>0.26490712</w>
      <t>4034</t>
    </point>
    <point>
      <x>0.575</x>
      <y>0.40666667</y>
      <w>0.086021505</w>
      <t>4066</t>
    </point>
    <point>
      <x>0.57666665</x>
      <y>0.4</y>
      <w>0.086021505</w>
      <t>4067</t>
    </point>
    <point>
      <x>0.5783333</x>
      <y>0.39166668</y>
      <w>0.086021505</w>
      <t>4067</t>
    </point>
    <point>
      <x>0.58166665</x>
      <y>0.38166666</y>
      <w>0.086021505</w>
      <t>4067</t>
    </point>
    <point>
      <x>0.585</x>
      <y>0.37333333</y>
      <w>0.07722385</w>
      <t>4100</t>
    </point>
    <point>
      <x>0.5883333</x>
      <y>0.365</y>
      <w>0.07722385</w>
      <t>4100</t>
    </point>
    <point>
      <x>0.59166664</x>
      <y>0.355</y>
      <w>0.07722385</w>
      <t>4100</t>
    </point>
    <point>
      <x>0.595</x>
      <y>0.34666666</y>
      <w>0.07722385</w>
      <t>4100</t>
    </point>
  </stroke>
  <stroke time="4200">
    <point>
      <x>0.6433333</x>
      <y>0.24333334</y>
      <w>0.08308896</w>
      <t>4233</t>
    </point>
    <point>
      <x>0.6483333</x>
      <y>0.23833333</y>
      <w>0.08308896</w>
      <t>4233</t>
    </point>
    <point>
      <x>0.65166664</x>
      <y>0.235</y>
      <w>0.08308896</w>
      <t>4233</t>
    </point>
    <point>
      <x>0.6566667</x>
      <y>0.23166667</y>
      <w>0.08308896</w>
      <t>4233</t>
    </point>
    <point>
      <x>0.6616667</x>
      <y>0.22666667</y>
      <w>0.08308896</w>
      <t>4233</t>
    </point>
    <point>
      <x>0.6666667</x>
      <y>0.22333333</y>
      <w>0.12707722</w>
      <t>4267</t>
    </point>
    <point>
      <x>0.6716667</x>
      <y>0.22</y>
      <w>0.12707722</w>
      <t>4267</t>
    </point>
    <point>
      <x>0.67833334</x>
      <y>0.21666667</y>
      <w>0.12707722</w>
      <t>4267</t>
    </point>
    <point>
      <x>0.6816667</x>
      <y>0.215</y>
      <w>0.12707722</w>
      <t>4267</t>
    </point>
    <point>
      <x>0.68666667</x>
      <y>0.21333334</y>
      <w>0.17497556</w>
      <t>4300</t>
    </point>
    <point>
      <x>0.69</x>
      <y>0.21166667</y>
      <w>0.17497556</w>
      <t>4300</t>
    </point>
    <point>
      <x>0.6933333</x>
      <y>0.21166667</y>
      <w>0.17497556</w>
      <t>4300</t>
    </point>
    <point>
      <x>0.695</x>
      <y>0.21166667</y>
      <w>0.17497556</w>
      <t>4300</t>
    </point>
    <point>
      <x>0.6983333</x>
      <y>0.21166667</y>
      <w>0.17497556</w>
      <t>4300</t>
    </point>
    <point>
      <x>0.7</x>
      <y>0.21166667</y>
      <w>0.30107528</w>
      <t>4334</t>
    </point>
    <point>
      <x>0.70166665</x>
      <y>0.21333334</y>
      <w>0.30107528</w>
      <t>4334</t>
    </point>
    <point>
      <x>0.7033333</x>
      <y>0.215</y>
      <w>0.30107528</w>
      <t>4334</t>
    </point>
    <point>
      <x>0.705</x>
      <y>0.21666667</y>
      <w>0.43304008</w>
      <t>4366</t>
    </point>
    <point>
      <x>0.705</x>
      <y>0.22</y>
      <w>0.43304008</w>
      <t>4366</t>
    </point>
    <point>
      <x>0.70666665</x>
      <y>0.22333333</y>
      <w>0.43304008</w>
      <t>4366</t>
    </point>
    <point>
      <x>0.7083333</x>
      <y>0.22666667</y>
      <w>0.43304008</w>
      <t>4366</t>
    </point>
    <point>
      <x>0.71</x>
      <y>0.23166667</y>
      <w>0.5102639</w>
      <t>4400</t>
    </point>
    <point>
      <x>0.71</x>
      <y>0.23666666</y>
      <w>0.5102639</w>
      <t>4400</t>
    </point>
    <point>
      <x>0.71166664</x>
      <y>0.24166666</y>
      <w>0.5102639</w>
      <t>4400</t>
    </point>
    <point>
      <x>0.71166664</x>
      <y>0.24666667</y>
      <w>0.5102639</w>
      <t>4400</t>
    </point>
    <point>
      <x>0.71166664</x>
      <y>0.25166667</y>
      <w>0.5102639</w>
      <t>4400</t>
    </point>
    <point>
      <x>0.71166664</x>
      <y>0.25666666</y>
      <w>0.5845552</w>
      <t>4434</t>
    </point>
    <point>
      <x>0.71166664</x>
      <y>0.26166666</y>
      <w>0.5845552</w>
      <t>4434</t>
    </point>
    <point>
      <x>0.71166664</x>
      <y>0.26833335</y>
      <w>0.5845552</w>
      <t>4434</t>
    </point>
    <point>
      <x>0.71</x>
      <y>0.27333334</y>
      <w>0.5845552</w>
      <t>4434</t>
    </point>
    <point>
      <x>0.7083333</x>
      <y>0.28</y>
      <w>0.65493643</w>
      <t>4467</t>
    </point>
    <point>
      <x>0.70666665</x>
      <y>0.28666666</y>
      <w>0.65493643</w>
      <t>4467</t>
    </point>
    <point>
      <x>0.7033333</x>
      <y>0.29333332</y>
      <w>0.65493643</w>
      <t>4467</t>
    </point>
    <point>
      <x>0.70166665</x>
      <y>0.3</y>
      <w>0.65493643</w>
      <t>4467</t>
    </point>
    <point>
      <x>0.6983333</x>
      <y>0.30666667</y>
      <w>0.65493643</w>
      <t>4467</t>
    </point>
    <point>
      <x>0.69666666</x>
      <y>0.315</y>
      <w>0.71652</w>
      <t>4500</t>
    </point>
    <point>
      <x>0.6933333</x>
      <y>0.32166666</y>
      <w>0.71652</w>
      <t>4500</t>
    </point>
    <point>
      <x>0.69</x>
      <y>0.32833335</y>
      <w>0.71652</w>
      <t>4500</t>
    </point>
    <point>
      <x>0.68833333</x>
      <y>0.33666667</y>
      <w>0.71652</w>
      <t>4500</t>
    </point>
    <point>
      <x>0.685</x>
      <y>0.34333333</y>
      <w>0.75757575</w>
      <t>4534</t>
    </point>
    <point>
      <x>0.6816667</x>
      <y>0.35166666</y>
      <w>0.75757575</w>
      <t>4534</t>
    </point>
    <point>
      <x>0.67833334</x>
      <y>0.36</y>
      <w>0.75757575</w>
      <t>4534</t>
    </point>
    <point>
      <x>0.675</x>
      <y>0.36833334</y>
      <w>0.75757575</w>
      <t>4534</t>
    </point>
    <point>
      <x>0.6716667</x>
      <y>0.375</y>
      <w>0.75757575</w>
      <t>4534</t>
    </point>
    <point>
      <x>0.66833335</x>
      <y>0.38333333</y>
      <w>0.80840665</w>
      <t>4567</t>
    </point>
    <point>
      <x>0.665</x>
      <y>0.39166668</y>
      <w>0.80840665</w>
      <t>4567</t>
    </point>
    <point>
      <x>0.66333336</x>
      <y>0.4</y>
      <w>0.80840665</w>
      <t>4567</t>
    </point>
    <point>
      <x>0.66</x>
      <y>0.40833333</y>
      <w>0.80840665</w>
      <t>4567</t>
    </point>
    <point>
      <x>0.6566667</x>
      <y>0.41666666</y>
      <w>0.8308895</w>
      <t>4600</t>
    </point>
    <point>
      <x>0.655</x>
      <y>0.425</y>
      <w>0.8308895</w>
      <t>4600</t>
    </point>
    <point>
      <x>0.6533333</x>
      <y>0.43166667</y>
      <w>0.8308895</w>
      <t>4600</t>
    </point>
    <point>
      <x>0.65</x>
      <y>0.44</y>
      <w>0.8308895</w>
      <t>4600</t>
    </point>
    <point>
      <x>0.6483333</x>
      <y>0.44666666</y>
      <w>0.8308895</w>
      <t>4600</t>
    </point>
    <point>
      <x>0.645</x>
      <y>0.455</y>
      <w>0.8416422</w>
      <t>4634</t>
    </point>
    <point>
      <x>0.6433333</x>
      <y>0.46333334</y>
      <w>0.8416422</w>
      <t>4634</t>
    </point>
    <point>
      <x>0.64166665</x>
      <y>0.47</y>
      <w>0.8416422</w>
      <t>4634</t>
    </point>
    <point>
      <x>0.6383333</x>
      <y>0.47833332</y>
      <w>0.8416422</w>
      <t>4634</t>
    </point>
    <point>
      <x>0.6383333</x>
      <y>0.485</y>
      <w>0.8445748</w>
      <t>4667</t>
    </point>
    <point>
      <x>0.63666666</x>
      <y>0.49166667</y>
      <w>0.8445748</w>
      <t>4667</t>
    </point>
    <point>
      <x>0.63666666</x>
      <y>0.49833333</y>
      <w>0.8445748</w>
      <t>4667</t>
    </point>
    <point>
      <x>0.63666666</x>
      <y>0.50333333</y>
      <w>0.8445748</w>
      <t>4667</t>
    </point>
    <point>
      <x>0.63666666</x>
      <y>0.5083333</y>
      <w>0.8494624</w>
      <t>4700</t>
    </point>
    <point>
      <x>0.63666666</x>
      <y>0.515</y>
      <w>0.8494624</w>
      <t>4700</t>
    </point>
    <point>
      <x>0.63666666</x>
      <y>0.5183333</y>
      <w>0.8494624</w>
      <t>4700</t>
    </point>
    <point>
      <x>0.63666666</x>
      <y>0.52166665</y>
      <w>0.8494624</w>
      <t>4700</t>
    </point>
    <point>
      <x>0.6383333</x>
      <y>0.525</y>
      <w>0.8494624</w>
      <t>4700</t>
    </point>
    <point>
      <x>0.6383333</x>
      <y>0.5283333</y>
      <w>0.8514174</w>
      <t>4733</t>
    </point>
    <point>
      <x>0.64</x>
      <y>0.53</y>
      <w>0.8514174</w>
      <t>4733</t>
    </point>
    <point>
      <x>0.64166665</x>
      <y>0.53333336</y>
      <w>0.8514174</w>
      <t>4733</t>
    </point>
    <point>
      <x>0.64166665</x>
      <y>0.535</y>
      <w>0.8514174</w>
      <t>4733</t>
    </point>
    <point>
      <x>0.6433333</x>
      <y>0.5366667</y>
      <w>0.8504399</w>
      <t>4767</t>
    </point>
    <point>
      <x>0.645</x>
      <y>0.53833336</y>
      <w>0.8504399</w>
      <t>4767</t>
    </point>
    <point>
      <x>0.64666665</x>
      <y>0.54</y>
      <w>0.8504399</w>
      <t>4767</t>
    </point>
    <point>
      <x>0.6483333</x>
      <y>0.5416667</y>
      <w>0.8504399</w>
      <t>4767</t>
    </point>
    <point>
      <x>0.6483333</x>
      <y>0.54333335</y>
      <w>0.8504399</w>
      <t>4767</t>
    </point>
    <point>
      <x>0.65166664</x>
      <y>0.545</y>
      <w>0.8484849</w>
      <t>4800</t>
    </point>
    <point>
      <x>0.6533333</x>
      <y>0.5466667</y>
      <w>0.8484849</w>
      <t>4800</t>
    </point>
    <point>
      <x>0.655</x>
      <y>0.54833335</y>
      <w>0.8484849</w>
      <t>4800</t>
    </point>
    <point>
      <x>0.6566667</x>
      <y>0.5516667</y>
      <w>0.8484849</w>
      <t>4800</t>
    </point>
    <point>
      <x>0.66</x>
      <y>0.55333334</y>
      <w>0.8484849</w>
      <t>4834</t>
    </point>
    <point>
      <x>0.6616667</x>
      <y>0.555</y>
      <w>0.8484849</w>
      <t>4834</t>
    </point>
    <point>
      <x>0.66333336</x>
      <y>0.5566667</y>
      <w>0.8484849</w>
      <t>4834</t>
    </point>
    <point>
      <x>0.665</x>
      <y>0.55833334</y>
      <w>0.8484849</w>
      <t>4834</t>
    </point>
    <point>
      <x>0.6666667</x>
      <y>0.56166667</y>
      <w>0.8484849</w>
      <t>4834</t>
    </point>
    <point>
      <x>0.66833335</x>
      <y>0.56333333</y>
      <w>0.84750736</w>
      <t>4867</t>
    </point>
    <point>
      <x>0.67</x>
      <y>0.565</y>
      <w>0.84750736</w>
      <t>4867</t>
    </point>
    <point>
      <x>0.6716667</x>
      <y>0.56666666</y>
      <w>0.84750736</w>
      <t>4867</t>
    </point>
    <point>
      <x>0.67333335</x>
      <y>0.5683333</y>
      <w>0.84750736</w>
      <t>4867</t>
    </point>
    <point>
      <x>0.67333335</x>
      <y>0.57</y>
      <w>0.8494624</w>
      <t>4900</t>
    </point>
    <point>
      <x>0.675</x>
      <y>0.57166666</y>
      <w>0.8494624</w>
      <t>4900</t>
    </point>
    <point>
      <x>0.6766667</x>
      <y>0.5733333</y>
      <w>0.8494624</w>
      <t>4900</t>
    </point>
    <point>
      <x>0.6766667</x>
      <y>0.575</y>
      <w>0.8494624</w>
      <t>4900</t>
    </point>
    <point>
      <x>0.67833334</x>
      <y>0.57666665</y>
      <w>0.8494624</w>
      <t>4900</t>
    </point>
    <point>
      <x>0.67833334</x>
      <y>0.5783333</y>
      <w>0.8514174</w>
      <t>4934</t>
    </point>
    <point>
      <x>0.67833334</x>
      <y>0.58</y>
      <w>0.8514174</w>
      <t>4934</t>
    </point>
    <point>
      <x>0.67833334</x>
      <y>0.5833333</y>
      <w>0.8514174</w>
      <t>4934</t>
    </point>
    <point>
      <x>0.67833334</x>
      <y>0.585</y>
      <w>0.8514174</w>
      <t>4934</t>
    </point>
    <point>
      <x>0.67833334</x>
      <y>0.5883333</y>
      <w>0.8553275</w>
      <t>4967</t>
    </point>
    <point>
      <x>0.67833334</x>
      <y>0.59</y>
      <w>0.8553275</w>
      <t>4967</t>
    </point>
    <point>
      <x>0.67833334</x>
      <y>0.5933333</y>
      <w>0.8553275</w>
      <t>4967</t>
    </point>
    <point>
      <x>0.67833334</x>
      <y>0.595</y>
      <w>0.8553275</w>
      <t>4967</t>
    </point>
    <point>
      <x>0.67833334</x>
      <y>0.5966667</y>
      <w>0.8631476</w>
      <t>5000</t>
    </point>
    <point>
      <x>0.6766667</x>
      <y>0.6</y>
      <w>0.8631476</w>
      <t>5000</t>
    </point>
    <point>
      <x>0.675</x>
      <y>0.6016667</y>
      <w>0.8631476</w>
      <t>5000</t>
    </point>
    <point>
      <x>0.675</x>
      <y>0.605</y>
      <w>0.8631476</w>
      <t>5000</t>
    </point>
    <point>
      <x>0.67333335</x>
      <y>0.60833335</y>
      <w>0.8631476</w>
      <t>5000</t>
    </point>
    <point>
      <x>0.6716667</x>
      <y>0.61</y>
      <w>0.8758553</w>
      <t>5034</t>
    </point>
    <point>
      <x>0.67</x>
      <y>0.61333334</y>
      <w>0.8758553</w>
      <t>5034</t>
    </point>
    <point>
      <x>0.66833335</x>
      <y>0.615</y>
      <w>0.8758553</w>
      <t>5034</t>
    </point>
    <point>
      <x>0.6666667</x>
      <y>0.61833334</y>
      <w>0.8758553</w>
      <t>5034</t>
    </point>
    <point>
      <x>0.665</x>
      <y>0.62166667</y>
      <w>0.8797654</w>
      <t>5067</t>
    </point>
    <point>
      <x>0.66333336</x>
      <y>0.625</y>
      <w>0.8797654</w>
      <t>5067</t>
    </point>
    <point>
      <x>0.66</x>
      <y>0.63</y>
      <w>0.8797654</w>
      <t>5067</t>
    </point>
    <point>
      <x>0.65833336</x>
      <y>0.6333333</y>
      <w>0.8797654</w>
      <t>5067</t>
    </point>
    <point>
      <x>0.655</x>
      <y>0.6383333</y>
      <w>0.8797654</w>
      <t>5067</t>
    </point>
    <point>
      <x>0.6533333</x>
      <y>0.64166665</y>
      <w>0.884653</w>
      <t>5100</t>
    </point>
    <point>
      <x>0.65</x>
      <y>0.645</y>
      <w>0.884653</w>
      <t>5100</t>
    </point>
    <point>
      <x>0.6483333</x>
      <y>0.6483333</y>
      <w>0.884653</w>
      <t>5100</t>
    </point>
    <point>
      <x>0.64666665</x>
      <y>0.65166664</y>
      <w>0.884653</w>
      <t>5100</t>
    </point>
    <point>
      <x>0.645</x>
      <y>0.6566667</y>
      <w>0.8875855</w>
      <t>5134</t>
    </point>
    <point>
      <x>0.6433333</x>
      <y>0.66</y>
      <w>0.8875855</w>
      <t>5134</t>
    </point>
    <point>
      <x>0.6433333</x>
      <y>0.66333336</y>
      <w>0.8875855</w>
      <t>5134</t>
    </point>
    <point>
      <x>0.64166665</x>
      <y>0.665</y>
      <w>0.8875855</w>
      <t>5134</t>
    </point>
    <point>
      <x>0.64</x>
      <y>0.66833335</y>
      <w>0.8875855</w>
      <t>5134</t>
    </point>
    <point>
      <x>0.64</x>
      <y>0.6716667</y>
      <w>0.8875855</w>
      <t>5167</t>
    </point>
    <point>
      <x>0.6383333</x>
      <y>0.67333335</y>
      <w>0.8875855</w>
      <t>5167</t>
    </point>
    <point>
      <x>0.6383333</x>
      <y>0.6766667</y>
      <w>0.8875855</w>
      <t>5167</t>
    </point>
    <point>
      <x>0.63666666</x>
      <y>0.68</y>
      <w>0.8875855</w>
      <t>5167</t>
    </point>
    <point>
      <x>0.63666666</x>
      <y>0.68333334</y>
      <w>0.8875855</w>
      <t>5200</t>
    </point>
    <point>
      <x>0.63666666</x>
      <y>0.68666667</y>
      <w>0.8875855</w>
      <t>5200</t>
    </point>
    <point>
      <x>0.63666666</x>
      <y>0.69</y>
      <w>0.8875855</w>
      <t>5200</t>
    </point>
    <point>
      <x>0.63666666</x>
      <y>0.69166666</y>
      <w>0.8875855</w>
      <t>5200</t>
    </point>
    <point>
      <x>0.635</x>
      <y>0.695</y>
      <w>0.8875855</w>
      <t>5200</t>
    </point>
    <point>
      <x>0.635</x>
      <y>0.6983333</y>
      <w>0.886608</w>
      <t>5234</t>
    </point>
    <point>
      <x>0.635</x>
      <y>0.7</y>
      <w>0.886608</w>
      <t>5234</t>
    </point>
    <point>
      <x>0.635</x>
      <y>0.7033333</y>
      <w>0.886608</w>
      <t>5234</t>
    </point>
    <point>
      <x>0.635</x>
      <y>0.705</y>
      <w>0.886608</w>
      <t>5234</t>
    </point>
    <point>
      <x>0.635</x>
      <y>0.70666665</y>
      <w>0.8856305</w>
      <t>5267</t>
    </point>
    <point>
      <x>0.635</x>
      <y>0.7083333</y>
      <w>0.8856305</w>
      <t>5267</t>
    </point>
    <point>
      <x>0.63666666</x>
      <y>0.71</y>
      <w>0.8856305</w>
      <t>5267</t>
    </point>
    <point>
      <x>0.63666666</x>
      <y>0.71166664</y>
      <w>0.8856305</w>
      <t>5267</t>
    </point>
    <point>
      <x>0.6383333</x>
      <y>0.715</y>
      <w>0.88367546</w>
      <t>5300</t>
    </point>
    <point>
      <x>0.6383333</x>
      <y>0.71666664</y>
      <w>0.88367546</w>
      <t>5300</t>
    </point>
    <point>
      <x>0.64</x>
      <y>0.7183333</y>
      <w>0.88367546</w>
      <t>5300</t>
    </point>
    <point>
      <x>0.64166665</x>
      <y>0.72</y>
      <w>0.88367546</w>
      <t>5300</t>
    </point>
    <point>
      <x>0.64166665</x>
      <y>0.7216667</y>
      <w>0.88367546</w>
      <t>5300</t>
    </point>
    <point>
      <x>0.6433333</x>
      <y>0.725</y>
      <w>0.8817204</w>
      <t>5333</t>
    </point>
    <point>
      <x>0.645</x>
      <y>0.7266667</y>
      <w>0.8817204</w>
      <t>5333</t>
    </point>
    <point>
      <x>0.64666665</x>
      <y>0.72833335</y>
      <w>0.8817204</w>
      <t>5333</t>
    </point>
    <point>
      <x>0.6483333</x>
      <y>0.73</y>
      <w>0.8817204</w>
      <t>5333</t>
    </point>
    <point>
      <x>0.65</x>
      <y>0.7316667</y>
      <w>0.8758553</w>
      <t>5367</t>
    </point>
    <point>
      <x>0.65166664</x>
      <y>0.73333335</y>
      <w>0.8758553</w>
      <t>5367</t>
    </point>
    <point>
      <x>0.655</x>
      <y>0.735</y>
      <w>0.8758553</w>
      <t>5367</t>
    </point>
    <point>
      <x>0.6566667</x>
      <y>0.73833334</y>
      <w>0.8758553</w>
      <t>5367</t>
    </point>
    <point>
      <x>0.65833336</x>
      <y>0.74</y>
      <w>0.8758553</w>
      <t>5367</t>
    </point>
    <point>
      <x>0.6616667</x>
      <y>0.7416667</y>
      <w>0.8729228</w>
      <t>5400</t>
    </point>
    <point>
      <x>0.665</x>
      <y>0.745</y>
      <w>0.8729228</w>
      <t>5400</t>
    </point>
    <point>
      <x>0.66833335</x>
      <y>0.74666667</y>
      <w>0.8729228</w>
      <t>5400</t>
    </point>
    <point>
      <x>0.6716667</x>
      <y>0.74833333</y>
      <w>0.8729228</w>
      <t>5400</t>
    </point>
    <point>
      <x>0.675</x>
      <y>0.75</y>
      <w>0.8611926</w>
      <t>5434</t>
    </point>
    <point>
      <x>0.67833334</x>
      <y>0.75166667</y>
      <w>0.8611926</w>
      <t>5434</t>
    </point>
    <point>
      <x>0.6816667</x>
      <y>0.75333333</y>
      <w>0.8611926</w>
      <t>5434</t>
    </point>
    <point>
      <x>0.685</x>
      <y>0.755</y>
      <w>0.8611926</w>
      <t>5434</t>
    </point>
    <point>
      <x>0.68666667</x>
      <y>0.755</y>
      <w>0.8611926</w>
      <t>5434</t>
    </point>
    <point>
      <x>0.69</x>
      <y>0.75666666</y>
      <w>0.84750736</w>
      <t>5467</t>
    </point>
    <point>
      <x>0.6933333</x>
      <y>0.7583333</y>
      <w>0.84750736</w>
      <t>5467</t>
    </point>
    <point>
      <x>0.695</x>
      <y>0.76</y>
      <w>0.84750736</w>
      <t>5467</t>
    </point>
    <point>
      <x>0.69666666</x>
      <y>0.76</y>
      <w>0.84750736</w>
      <t>5467</t>
    </point>
    <point>
      <x>0.7</x>
      <y>0.76166666</y>
      <w>0.83186704</w>
      <t>5500</t>
    </point>
    <point>
      <x>0.70166665</x>
      <y>0.7633333</y>
      <w>0.83186704</w>
      <t>5500</t>
    </point>
    <point>
      <x>0.7033333</x>
      <y>0.7633333</y>
      <w>0.83186704</w>
      <t>5500</t>
    </point>
    <point>
      <x>0.70666665</x>
      <y>0.765</y>
      <w>0.83186704</w>
      <t>5500</t>
    </point>
    <point>
      <x>0.7083333</x>
      <y>0.76666665</y>
      <w>0.83186704</w>
      <t>5500</t>
    </point>
    <point>
      <x>0.71</x>
      <y>0.76666665</y>
      <w>0.8181818</w>
      <t>5534</t>
    </point>
    <point>
      <x>0.71166664</x>
      <y>0.7683333</y>
      <w>0.8181818</w>
      <t>5534</t>
    </point>
    <point>
      <x>0.715</x>
      <y>0.7683333</y>
      <w>0.8181818</w>
      <t>5534</t>
    </point>
    <point>
      <x>0.71666664</x>
      <y>0.77</y>
      <w>0.8181818</w>
      <t>5534</t>
    </point>
    <point>
      <x>0.7183333</x>
      <y>0.77166665</y>
      <w>0.81329423</w>
      <t>5567</t>
    </point>
    <point>
      <x>0.72</x>
      <y>0.77166665</y>
      <w>0.81329423</w>
      <t>5567</t>
    </point>
    <point>
      <x>0.72333336</x>
      <y>0.7733333</y>
      <w>0.81329423</w>
      <t>5567</t>
    </point>
    <point>
      <x>0.725</x>
      <y>0.775</y>
      <w>0.81329423</w>
      <t>5567</t>
    </point>
    <point>
      <x>0.7266667</x>
      <y>0.775</y>
      <w>0.80840665</w>
      <t>5600</t>
    </point>
    <point>
      <x>0.72833335</x>
      <y>0.77666664</y>
      <w>0.80840665</w>
      <t>5600</t>
    </point>
    <point>
      <x>0.73</x>
      <y>0.7783333</y>
      <w>0.80840665</w>
      <t>5600</t>
    </point>
    <point>
      <x>0.7316667</x>
      <y>0.7783333</y>
      <w>0.80840665</w>
      <t>5600</t>
    </point>
    <point>
      <x>0.73333335</x>
      <y>0.7783333</y>
      <w>0.80840665</w>
      <t>5600</t>
    </point>
    <point>
      <x>0.735</x>
      <y>0.78</y>
      <w>0.7947214</w>
      <t>5634</t>
    </point>
    <point>
      <x>0.7366667</x>
      <y>0.78</y>
      <w>0.7947214</w>
      <t>5634</t>
    </point>
    <point>
      <x>0.73833334</x>
      <y>0.78</y>
      <w>0.7878788</w>
      <t>5667</t>
    </point>
    <point>
      <x>0.74</x>
      <y>0.78</y>
      <w>0.73216033</w>
      <t>5700</t>
    </point>
  </stroke>
</character>
