<?xml version="1.0" encoding="UTF-8"?>
<character>
  <stroke time="0">
    <point>
      <x>0.38</x>
      <y>0.145</y>
      <w>0.21505377</w>
      <t>69</t>
    </point>
    <point>
      <x>0.38</x>
      <y>0.14666666</y>
      <w>0.24437928</w>
      <t>69</t>
    </point>
    <point>
      <x>0.38166666</x>
      <y>0.14666666</y>
      <w>0.285435</w>
      <t>100</t>
    </point>
    <point>
      <x>0.38166666</x>
      <y>0.14833333</y>
      <w>0.285435</w>
      <t>100</t>
    </point>
    <point>
      <x>0.38333333</x>
      <y>0.15</y>
      <w>0.285435</w>
      <t>100</t>
    </point>
    <point>
      <x>0.385</x>
      <y>0.15166667</y>
      <w>0.285435</w>
      <t>101</t>
    </point>
    <point>
      <x>0.38666666</x>
      <y>0.15333334</y>
      <w>0.285435</w>
      <t>101</t>
    </point>
    <point>
      <x>0.38666666</x>
      <y>0.155</y>
      <w>0.35190615</w>
      <t>133</t>
    </point>
    <point>
      <x>0.38833332</x>
      <y>0.15666667</y>
      <w>0.35190615</w>
      <t>133</t>
    </point>
    <point>
      <x>0.39</x>
      <y>0.15666667</y>
      <w>0.35190615</w>
      <t>133</t>
    </point>
    <point>
      <x>0.39</x>
      <y>0.15833333</y>
      <w>0.35190615</w>
      <t>134</t>
    </point>
    <point>
      <x>0.39</x>
      <y>0.16</y>
      <w>0.427175</w>
      <t>167</t>
    </point>
    <point>
      <x>0.39166668</x>
      <y>0.16</y>
      <w>0.427175</w>
      <t>167</t>
    </point>
    <point>
      <x>0.39166668</x>
      <y>0.16166666</y>
      <w>0.427175</w>
      <t>167</t>
    </point>
    <point>
      <x>0.39333335</x>
      <y>0.16166666</y>
      <w>0.427175</w>
      <t>168</t>
    </point>
    <point>
      <x>0.395</x>
      <y>0.16333333</y>
      <w>0.46529815</w>
      <t>200</t>
    </point>
    <point>
      <x>0.39666668</x>
      <y>0.165</y>
      <w>0.46529815</w>
      <t>200</t>
    </point>
    <point>
      <x>0.39833334</x>
      <y>0.16666667</y>
      <w>0.5219941</w>
      <t>233</t>
    </point>
    <point>
      <x>0.4</x>
      <y>0.16666667</y>
      <w>0.5219941</w>
      <t>233</t>
    </point>
    <point>
      <x>0.40166667</x>
      <y>0.16833334</y>
      <w>0.5581623</w>
      <t>266</t>
    </point>
    <point>
      <x>0.40333334</x>
      <y>0.16833334</y>
      <w>0.59433043</w>
      <t>299</t>
    </point>
    <point>
      <x>0.405</x>
      <y>0.16833334</y>
      <w>0.63147604</w>
      <t>334</t>
    </point>
    <point>
      <x>0.40666667</x>
      <y>0.16833334</y>
      <w>0.63147604</w>
      <t>334</t>
    </point>
    <point>
      <x>0.40833333</x>
      <y>0.16833334</y>
      <w>0.65591395</w>
      <t>366</t>
    </point>
    <point>
      <x>0.41</x>
      <y>0.16833334</y>
      <w>0.65591395</w>
      <t>366</t>
    </point>
    <point>
      <x>0.41166666</x>
      <y>0.16833334</y>
      <w>0.6911046</w>
      <t>400</t>
    </point>
    <point>
      <x>0.41333333</x>
      <y>0.16833334</y>
      <w>0.6911046</w>
      <t>400</t>
    </point>
    <point>
      <x>0.415</x>
      <y>0.16833334</y>
      <w>0.6911046</w>
      <t>400</t>
    </point>
    <point>
      <x>0.41666666</x>
      <y>0.16666667</y>
      <w>0.6911046</w>
      <t>401</t>
    </point>
    <point>
      <x>0.41833332</x>
      <y>0.16666667</y>
      <w>0.6911046</w>
      <t>401</t>
    </point>
    <point>
      <x>0.42</x>
      <y>0.16666667</y>
      <w>0.6979472</w>
      <t>433</t>
    </point>
    <point>
      <x>0.42166665</x>
      <y>0.165</y>
      <w>0.6979472</w>
      <t>433</t>
    </point>
    <point>
      <x>0.42333335</x>
      <y>0.165</y>
      <w>0.6979472</w>
      <t>433</t>
    </point>
    <point>
      <x>0.425</x>
      <y>0.165</y>
      <w>0.7038123</w>
      <t>467</t>
    </point>
    <point>
      <x>0.42666668</x>
      <y>0.16333333</y>
      <w>0.7038123</w>
      <t>467</t>
    </point>
    <point>
      <x>0.42833334</x>
      <y>0.16333333</y>
      <w>0.7038123</w>
      <t>467</t>
    </point>
    <point>
      <x>0.43</x>
      <y>0.16166666</y>
      <w>0.7038123</w>
      <t>467</t>
    </point>
    <point>
      <x>0.43166667</x>
      <y>0.16166666</y>
      <w>0.7038123</w>
      <t>468</t>
    </point>
    <point>
      <x>0.435</x>
      <y>0.16</y>
      <w>0.7047898</w>
      <t>499</t>
    </point>
    <point>
      <x>0.43833333</x>
      <y>0.15833333</y>
      <w>0.7047898</w>
      <t>499</t>
    </point>
    <point>
      <x>0.44166666</x>
      <y>0.15666667</y>
      <w>0.7047898</w>
      <t>499</t>
    </point>
    <point>
      <x>0.445</x>
      <y>0.155</y>
      <w>0.7047898</w>
      <t>500</t>
    </point>
    <point>
      <x>0.44833332</x>
      <y>0.15333334</y>
      <w>0.70576733</w>
      <t>533</t>
    </point>
    <point>
      <x>0.45333335</x>
      <y>0.15166667</y>
      <w>0.70576733</w>
      <t>533</t>
    </point>
    <point>
      <x>0.45666668</x>
      <y>0.15</y>
      <w>0.70576733</w>
      <t>533</t>
    </point>
    <point>
      <x>0.46</x>
      <y>0.14833333</y>
      <w>0.70576733</w>
      <t>534</t>
    </point>
    <point>
      <x>0.465</x>
      <y>0.14666666</y>
      <w>0.7038123</w>
      <t>566</t>
    </point>
    <point>
      <x>0.46833333</x>
      <y>0.145</y>
      <w>0.7038123</w>
      <t>566</t>
    </point>
    <point>
      <x>0.47166666</x>
      <y>0.14333333</y>
      <w>0.7038123</w>
      <t>566</t>
    </point>
    <point>
      <x>0.47666666</x>
      <y>0.14333333</y>
      <w>0.7038123</w>
      <t>566</t>
    </point>
    <point>
      <x>0.48</x>
      <y>0.14166667</y>
      <w>0.7038123</w>
      <t>567</t>
    </point>
    <point>
      <x>0.485</x>
      <y>0.14</y>
      <w>0.7047898</w>
      <t>599</t>
    </point>
    <point>
      <x>0.49</x>
      <y>0.13666667</y>
      <w>0.7047898</w>
      <t>599</t>
    </point>
    <point>
      <x>0.495</x>
      <y>0.135</y>
      <w>0.7047898</w>
      <t>599</t>
    </point>
    <point>
      <x>0.5</x>
      <y>0.13333334</y>
      <w>0.7047898</w>
      <t>599</t>
    </point>
    <point>
      <x>0.50666666</x>
      <y>0.13</y>
      <w>0.70674485</w>
      <t>633</t>
    </point>
    <point>
      <x>0.5133333</x>
      <y>0.12666667</y>
      <w>0.70674485</w>
      <t>633</t>
    </point>
    <point>
      <x>0.5183333</x>
      <y>0.125</y>
      <w>0.70674485</w>
      <t>633</t>
    </point>
    <point>
      <x>0.5233333</x>
      <y>0.12166667</y>
      <w>0.70674485</w>
      <t>633</t>
    </point>
    <point>
      <x>0.53</x>
      <y>0.12</y>
      <w>0.70674485</w>
      <t>633</t>
    </point>
    <point>
      <x>0.535</x>
      <y>0.11666667</y>
      <w>0.70772237</w>
      <t>666</t>
    </point>
    <point>
      <x>0.5416667</x>
      <y>0.115</y>
      <w>0.70772237</w>
      <t>666</t>
    </point>
    <point>
      <x>0.54833335</x>
      <y>0.11333334</y>
      <w>0.70772237</w>
      <t>666</t>
    </point>
    <point>
      <x>0.555</x>
      <y>0.111666664</y>
      <w>0.70772237</w>
      <t>666</t>
    </point>
    <point>
      <x>0.56</x>
      <y>0.11</y>
      <w>0.7096774</w>
      <t>700</t>
    </point>
    <point>
      <x>0.565</x>
      <y>0.108333334</y>
      <w>0.7096774</w>
      <t>700</t>
    </point>
    <point>
      <x>0.57</x>
      <y>0.10666667</y>
      <w>0.7096774</w>
      <t>700</t>
    </point>
    <point>
      <x>0.5733333</x>
      <y>0.10666667</y>
      <w>0.7096774</w>
      <t>700</t>
    </point>
    <point>
      <x>0.57666665</x>
      <y>0.10666667</y>
      <w>0.7096774</w>
      <t>700</t>
    </point>
    <point>
      <x>0.58</x>
      <y>0.10666667</y>
      <w>0.70674485</w>
      <t>733</t>
    </point>
    <point>
      <x>0.58166665</x>
      <y>0.10666667</y>
      <w>0.70674485</w>
      <t>733</t>
    </point>
    <point>
      <x>0.5833333</x>
      <y>0.10666667</y>
      <w>0.70674485</w>
      <t>733</t>
    </point>
    <point>
      <x>0.585</x>
      <y>0.10666667</y>
      <w>0.70674485</w>
      <t>734</t>
    </point>
    <point>
      <x>0.58666664</x>
      <y>0.10666667</y>
      <w>0.70576733</w>
      <t>767</t>
    </point>
    <point>
      <x>0.5883333</x>
      <y>0.10666667</y>
      <w>0.7047898</w>
      <t>800</t>
    </point>
    <point>
      <x>0.59</x>
      <y>0.10666667</y>
      <w>0.70674485</w>
      <t>833</t>
    </point>
    <point>
      <x>0.59166664</x>
      <y>0.10666667</y>
      <w>0.70674485</w>
      <t>833</t>
    </point>
    <point>
      <x>0.5933333</x>
      <y>0.108333334</y>
      <w>0.70674485</w>
      <t>833</t>
    </point>
    <point>
      <x>0.595</x>
      <y>0.11</y>
      <w>0.70772237</w>
      <t>866</t>
    </point>
    <point>
      <x>0.5966667</x>
      <y>0.11</y>
      <w>0.70772237</w>
      <t>866</t>
    </point>
    <point>
      <x>0.59833336</x>
      <y>0.111666664</y>
      <w>0.70772237</w>
      <t>866</t>
    </point>
    <point>
      <x>0.59833336</x>
      <y>0.11333334</y>
      <w>0.70772237</w>
      <t>866</t>
    </point>
    <point>
      <x>0.6</x>
      <y>0.11333334</y>
      <w>0.71847504</w>
      <t>900</t>
    </point>
    <point>
      <x>0.6016667</x>
      <y>0.115</y>
      <w>0.71847504</w>
      <t>900</t>
    </point>
    <point>
      <x>0.60333335</x>
      <y>0.11666667</y>
      <w>0.71847504</w>
      <t>902</t>
    </point>
    <point>
      <x>0.605</x>
      <y>0.11666667</y>
      <w>0.72043014</w>
      <t>933</t>
    </point>
    <point>
      <x>0.605</x>
      <y>0.11833333</y>
      <w>0.72043014</w>
      <t>933</t>
    </point>
    <point>
      <x>0.6066667</x>
      <y>0.11833333</y>
      <w>0.72043014</w>
      <t>933</t>
    </point>
    <point>
      <x>0.6066667</x>
      <y>0.12</y>
      <w>0.72043014</w>
      <t>933</t>
    </point>
    <point>
      <x>0.60833335</x>
      <y>0.12166667</y>
      <w>0.7174975</w>
      <t>966</t>
    </point>
    <point>
      <x>0.60833335</x>
      <y>0.123333335</y>
      <w>0.71847504</w>
      <t>999</t>
    </point>
    <point>
      <x>0.60833335</x>
      <y>0.125</y>
      <w>0.71847504</w>
      <t>999</t>
    </point>
    <point>
      <x>0.61</x>
      <y>0.12666667</y>
      <w>0.71358746</w>
      <t>1033</t>
    </point>
    <point>
      <x>0.61</x>
      <y>0.12833333</y>
      <w>0.684262</w>
      <t>1067</t>
    </point>
    <point>
      <x>0.61</x>
      <y>0.13</y>
      <w>0.684262</w>
      <t>1067</t>
    </point>
    <point>
      <x>0.60833335</x>
      <y>0.13</y>
      <w>0.684262</w>
      <t>1067</t>
    </point>
    <point>
      <x>0.60833335</x>
      <y>0.13166666</y>
      <w>0.684262</w>
      <t>1067</t>
    </point>
    <point>
      <x>0.6066667</x>
      <y>0.13333334</y>
      <w>0.60117304</w>
      <t>1100</t>
    </point>
    <point>
      <x>0.605</x>
      <y>0.135</y>
      <w>0.60117304</w>
      <t>1100</t>
    </point>
    <point>
      <x>0.60333335</x>
      <y>0.135</y>
      <w>0.60117304</w>
      <t>1100</t>
    </point>
    <point>
      <x>0.6016667</x>
      <y>0.13666667</y>
      <w>0.60117304</w>
      <t>1100</t>
    </point>
    <point>
      <x>0.59833336</x>
      <y>0.13833334</y>
      <w>0.52492666</w>
      <t>1133</t>
    </point>
    <point>
      <x>0.5966667</x>
      <y>0.14</y>
      <w>0.52492666</w>
      <t>1133</t>
    </point>
    <point>
      <x>0.5933333</x>
      <y>0.14333333</y>
      <w>0.52492666</w>
      <t>1133</t>
    </point>
    <point>
      <x>0.59</x>
      <y>0.145</y>
      <w>0.52492666</w>
      <t>1133</t>
    </point>
    <point>
      <x>0.58666664</x>
      <y>0.14666666</y>
      <w>0.43890518</w>
      <t>1166</t>
    </point>
    <point>
      <x>0.5833333</x>
      <y>0.15</y>
      <w>0.43890518</w>
      <t>1166</t>
    </point>
    <point>
      <x>0.58</x>
      <y>0.15333334</y>
      <w>0.43890518</w>
      <t>1166</t>
    </point>
    <point>
      <x>0.57666665</x>
      <y>0.15666667</y>
      <w>0.43890518</w>
      <t>1166</t>
    </point>
    <point>
      <x>0.5733333</x>
      <y>0.16</y>
      <w>0.43890518</w>
      <t>1166</t>
    </point>
    <point>
      <x>0.57</x>
      <y>0.16333333</y>
      <w>0.36363637</w>
      <t>1200</t>
    </point>
    <point>
      <x>0.56666666</x>
      <y>0.16666667</y>
      <w>0.36363637</w>
      <t>1200</t>
    </point>
    <point>
      <x>0.56333333</x>
      <y>0.17</y>
      <w>0.36363637</w>
      <t>1200</t>
    </point>
    <point>
      <x>0.56</x>
      <y>0.17333333</y>
      <w>0.36363637</w>
      <t>1200</t>
    </point>
    <point>
      <x>0.5566667</x>
      <y>0.17666666</y>
      <w>0.31867057</w>
      <t>1233</t>
    </point>
    <point>
      <x>0.55333334</x>
      <y>0.18166667</y>
      <w>0.31867057</w>
      <t>1233</t>
    </point>
    <point>
      <x>0.55</x>
      <y>0.185</y>
      <w>0.31867057</w>
      <t>1233</t>
    </point>
    <point>
      <x>0.5466667</x>
      <y>0.18833333</y>
      <w>0.31867057</w>
      <t>1233</t>
    </point>
    <point>
      <x>0.54333335</x>
      <y>0.19166666</y>
      <w>0.31867057</w>
      <t>1233</t>
    </point>
    <point>
      <x>0.5416667</x>
      <y>0.19666667</y>
      <w>0.29423264</w>
      <t>1266</t>
    </point>
    <point>
      <x>0.53833336</x>
      <y>0.2</y>
      <w>0.29423264</w>
      <t>1266</t>
    </point>
    <point>
      <x>0.5366667</x>
      <y>0.205</y>
      <w>0.29423264</w>
      <t>1266</t>
    </point>
    <point>
      <x>0.535</x>
      <y>0.21</y>
      <w>0.29423264</w>
      <t>1266</t>
    </point>
    <point>
      <x>0.53333336</x>
      <y>0.215</y>
      <w>0.29032257</w>
      <t>1300</t>
    </point>
    <point>
      <x>0.5316667</x>
      <y>0.21833333</y>
      <w>0.29032257</w>
      <t>1300</t>
    </point>
    <point>
      <x>0.53</x>
      <y>0.22166666</y>
      <w>0.29032257</w>
      <t>1300</t>
    </point>
    <point>
      <x>0.53</x>
      <y>0.225</y>
      <w>0.29032257</w>
      <t>1301</t>
    </point>
    <point>
      <x>0.5283333</x>
      <y>0.22833334</y>
      <w>0.29032257</w>
      <t>1301</t>
    </point>
    <point>
      <x>0.5283333</x>
      <y>0.23</y>
      <w>0.3147605</w>
      <t>1334</t>
    </point>
    <point>
      <x>0.5283333</x>
      <y>0.23333333</y>
      <w>0.3147605</w>
      <t>1334</t>
    </point>
    <point>
      <x>0.5283333</x>
      <y>0.235</y>
      <w>0.3147605</w>
      <t>1334</t>
    </point>
    <point>
      <x>0.5283333</x>
      <y>0.23833333</y>
      <w>0.3147605</w>
      <t>1334</t>
    </point>
    <point>
      <x>0.5283333</x>
      <y>0.24</y>
      <w>0.3548387</w>
      <t>1366</t>
    </point>
    <point>
      <x>0.5283333</x>
      <y>0.24166666</y>
      <w>0.3548387</w>
      <t>1366</t>
    </point>
    <point>
      <x>0.53</x>
      <y>0.245</y>
      <w>0.3548387</w>
      <t>1366</t>
    </point>
    <point>
      <x>0.5316667</x>
      <y>0.24666667</y>
      <w>0.3548387</w>
      <t>1366</t>
    </point>
    <point>
      <x>0.5316667</x>
      <y>0.24833333</y>
      <w>0.38025415</w>
      <t>1400</t>
    </point>
    <point>
      <x>0.53333336</x>
      <y>0.25</y>
      <w>0.38025415</w>
      <t>1400</t>
    </point>
    <point>
      <x>0.535</x>
      <y>0.25</y>
      <w>0.38025415</w>
      <t>1400</t>
    </point>
    <point>
      <x>0.5366667</x>
      <y>0.25166667</y>
      <w>0.38025415</w>
      <t>1400</t>
    </point>
    <point>
      <x>0.5366667</x>
      <y>0.25333333</y>
      <w>0.38025415</w>
      <t>1400</t>
    </point>
    <point>
      <x>0.54</x>
      <y>0.255</y>
      <w>0.43597263</w>
      <t>1433</t>
    </point>
    <point>
      <x>0.5416667</x>
      <y>0.25666666</y>
      <w>0.43597263</w>
      <t>1433</t>
    </point>
    <point>
      <x>0.54333335</x>
      <y>0.25833333</y>
      <w>0.43597263</w>
      <t>1433</t>
    </point>
    <point>
      <x>0.5466667</x>
      <y>0.26</y>
      <w>0.43597263</w>
      <t>1433</t>
    </point>
    <point>
      <x>0.54833335</x>
      <y>0.26166666</y>
      <w>0.4907136</w>
      <t>1466</t>
    </point>
    <point>
      <x>0.5516667</x>
      <y>0.26333332</y>
      <w>0.4907136</w>
      <t>1466</t>
    </point>
    <point>
      <x>0.555</x>
      <y>0.265</y>
      <w>0.4907136</w>
      <t>1466</t>
    </point>
    <point>
      <x>0.5566667</x>
      <y>0.26666668</y>
      <w>0.4907136</w>
      <t>1466</t>
    </point>
    <point>
      <x>0.56</x>
      <y>0.26833335</y>
      <w>0.4907136</w>
      <t>1466</t>
    </point>
    <point>
      <x>0.56333333</x>
      <y>0.27</y>
      <w>0.5219941</w>
      <t>1500</t>
    </point>
    <point>
      <x>0.565</x>
      <y>0.27166668</y>
      <w>0.5219941</w>
      <t>1500</t>
    </point>
    <point>
      <x>0.5683333</x>
      <y>0.275</y>
      <w>0.5219941</w>
      <t>1500</t>
    </point>
    <point>
      <x>0.57</x>
      <y>0.27666667</y>
      <w>0.5219941</w>
      <t>1500</t>
    </point>
    <point>
      <x>0.5733333</x>
      <y>0.27833334</y>
      <w>0.53176934</w>
      <t>1533</t>
    </point>
    <point>
      <x>0.575</x>
      <y>0.28166667</y>
      <w>0.53176934</w>
      <t>1533</t>
    </point>
    <point>
      <x>0.57666665</x>
      <y>0.28333333</y>
      <w>0.53176934</w>
      <t>1533</t>
    </point>
    <point>
      <x>0.58</x>
      <y>0.285</y>
      <w>0.53176934</w>
      <t>1533</t>
    </point>
    <point>
      <x>0.58166665</x>
      <y>0.28666666</y>
      <w>0.53176934</w>
      <t>1533</t>
    </point>
    <point>
      <x>0.5833333</x>
      <y>0.28833333</y>
      <w>0.5434995</w>
      <t>1566</t>
    </point>
    <point>
      <x>0.585</x>
      <y>0.29</y>
      <w>0.5434995</w>
      <t>1566</t>
    </point>
    <point>
      <x>0.58666664</x>
      <y>0.29166666</y>
      <w>0.5434995</w>
      <t>1566</t>
    </point>
    <point>
      <x>0.5883333</x>
      <y>0.295</y>
      <w>0.5434995</w>
      <t>1566</t>
    </point>
    <point>
      <x>0.59</x>
      <y>0.29666665</y>
      <w>0.56402737</w>
      <t>1600</t>
    </point>
    <point>
      <x>0.59166664</x>
      <y>0.29833335</y>
      <w>0.56402737</w>
      <t>1600</t>
    </point>
    <point>
      <x>0.5933333</x>
      <y>0.3</y>
      <w>0.56402737</w>
      <t>1600</t>
    </point>
    <point>
      <x>0.595</x>
      <y>0.30333334</y>
      <w>0.56402737</w>
      <t>1600</t>
    </point>
    <point>
      <x>0.5966667</x>
      <y>0.305</y>
      <w>0.56402737</w>
      <t>1600</t>
    </point>
    <point>
      <x>0.5966667</x>
      <y>0.30666667</y>
      <w>0.5669599</w>
      <t>1633</t>
    </point>
    <point>
      <x>0.59833336</x>
      <y>0.30833334</y>
      <w>0.5669599</w>
      <t>1633</t>
    </point>
    <point>
      <x>0.59833336</x>
      <y>0.31166667</y>
      <w>0.5669599</w>
      <t>1633</t>
    </point>
    <point>
      <x>0.59833336</x>
      <y>0.31333333</y>
      <w>0.5669599</w>
      <t>1633</t>
    </point>
    <point>
      <x>0.6</x>
      <y>0.31666666</y>
      <w>0.57575756</w>
      <t>1666</t>
    </point>
    <point>
      <x>0.6</x>
      <y>0.31833333</y>
      <w>0.57575756</w>
      <t>1666</t>
    </point>
    <point>
      <x>0.6</x>
      <y>0.32166666</y>
      <w>0.57575756</w>
      <t>1666</t>
    </point>
    <point>
      <x>0.6</x>
      <y>0.32333332</y>
      <w>0.57575756</w>
      <t>1666</t>
    </point>
    <point>
      <x>0.6</x>
      <y>0.325</y>
      <w>0.5786901</w>
      <t>1699</t>
    </point>
    <point>
      <x>0.6</x>
      <y>0.32833335</y>
      <w>0.5786901</w>
      <t>1699</t>
    </point>
    <point>
      <x>0.6</x>
      <y>0.33</y>
      <w>0.5786901</w>
      <t>1699</t>
    </point>
    <point>
      <x>0.6</x>
      <y>0.33166668</y>
      <w>0.5786901</w>
      <t>1699</t>
    </point>
    <point>
      <x>0.59833336</x>
      <y>0.335</y>
      <w>0.5786901</w>
      <t>1699</t>
    </point>
    <point>
      <x>0.59833336</x>
      <y>0.33666667</y>
      <w>0.58064514</w>
      <t>1733</t>
    </point>
    <point>
      <x>0.59833336</x>
      <y>0.33833334</y>
      <w>0.58064514</w>
      <t>1733</t>
    </point>
    <point>
      <x>0.5966667</x>
      <y>0.34</y>
      <w>0.58064514</w>
      <t>1733</t>
    </point>
    <point>
      <x>0.595</x>
      <y>0.34166667</y>
      <w>0.58064514</w>
      <t>1733</t>
    </point>
    <point>
      <x>0.5933333</x>
      <y>0.345</y>
      <w>0.58064514</w>
      <t>1766</t>
    </point>
    <point>
      <x>0.59166664</x>
      <y>0.34666666</y>
      <w>0.58064514</w>
      <t>1766</t>
    </point>
    <point>
      <x>0.59</x>
      <y>0.35</y>
      <w>0.58064514</w>
      <t>1766</t>
    </point>
    <point>
      <x>0.58666664</x>
      <y>0.35166666</y>
      <w>0.58064514</w>
      <t>1766</t>
    </point>
    <point>
      <x>0.585</x>
      <y>0.355</y>
      <w>0.58064514</w>
      <t>1766</t>
    </point>
    <point>
      <x>0.58166665</x>
      <y>0.35833332</y>
      <w>0.58162266</w>
      <t>1800</t>
    </point>
    <point>
      <x>0.58</x>
      <y>0.36</y>
      <w>0.58162266</w>
      <t>1800</t>
    </point>
    <point>
      <x>0.57666665</x>
      <y>0.36333334</y>
      <w>0.58162266</w>
      <t>1800</t>
    </point>
    <point>
      <x>0.5733333</x>
      <y>0.36666667</y>
      <w>0.58162266</w>
      <t>1800</t>
    </point>
    <point>
      <x>0.57</x>
      <y>0.37</y>
      <w>0.542522</w>
      <t>1833</t>
    </point>
    <point>
      <x>0.56666666</x>
      <y>0.37166667</y>
      <w>0.542522</w>
      <t>1833</t>
    </point>
    <point>
      <x>0.56166667</x>
      <y>0.375</y>
      <w>0.542522</w>
      <t>1833</t>
    </point>
    <point>
      <x>0.55833334</x>
      <y>0.37666667</y>
      <w>0.542522</w>
      <t>1833</t>
    </point>
    <point>
      <x>0.55333334</x>
      <y>0.38</y>
      <w>0.542522</w>
      <t>1833</t>
    </point>
    <point>
      <x>0.55</x>
      <y>0.38166666</y>
      <w>0.5288367</w>
      <t>1866</t>
    </point>
    <point>
      <x>0.545</x>
      <y>0.38333333</y>
      <w>0.5288367</w>
      <t>1866</t>
    </point>
    <point>
      <x>0.5416667</x>
      <y>0.385</y>
      <w>0.5288367</w>
      <t>1866</t>
    </point>
    <point>
      <x>0.5366667</x>
      <y>0.38666666</y>
      <w>0.5288367</w>
      <t>1866</t>
    </point>
    <point>
      <x>0.53333336</x>
      <y>0.39</y>
      <w>0.5043988</w>
      <t>1900</t>
    </point>
    <point>
      <x>0.5283333</x>
      <y>0.39166668</y>
      <w>0.5043988</w>
      <t>1900</t>
    </point>
    <point>
      <x>0.525</x>
      <y>0.39333335</y>
      <w>0.5043988</w>
      <t>1900</t>
    </point>
    <point>
      <x>0.52</x>
      <y>0.395</y>
      <w>0.5043988</w>
      <t>1900</t>
    </point>
    <point>
      <x>0.51666665</x>
      <y>0.39666668</y>
      <w>0.5043988</w>
      <t>1900</t>
    </point>
    <point>
      <x>0.51166666</x>
      <y>0.39833334</y>
      <w>0.4633431</w>
      <t>1933</t>
    </point>
    <point>
      <x>0.50666666</x>
      <y>0.4</y>
      <w>0.4633431</w>
      <t>1933</t>
    </point>
    <point>
      <x>0.50166667</x>
      <y>0.40166667</y>
      <w>0.4633431</w>
      <t>1933</t>
    </point>
    <point>
      <x>0.49666667</x>
      <y>0.40333334</y>
      <w>0.4633431</w>
      <t>1933</t>
    </point>
    <point>
      <x>0.49166667</x>
      <y>0.40333334</y>
      <w>0.40371457</w>
      <t>1967</t>
    </point>
    <point>
      <x>0.48666668</x>
      <y>0.405</y>
      <w>0.40371457</w>
      <t>1967</t>
    </point>
    <point>
      <x>0.48166665</x>
      <y>0.40666667</y>
      <w>0.40371457</w>
      <t>1967</t>
    </point>
    <point>
      <x>0.47666666</x>
      <y>0.40833333</y>
      <w>0.40371457</w>
      <t>1967</t>
    </point>
    <point>
      <x>0.47166666</x>
      <y>0.40833333</y>
      <w>0.40371457</w>
      <t>1967</t>
    </point>
    <point>
      <x>0.46666667</x>
      <y>0.40833333</y>
      <w>0.3264907</w>
      <t>2000</t>
    </point>
    <point>
      <x>0.46166667</x>
      <y>0.41</y>
      <w>0.3264907</w>
      <t>2000</t>
    </point>
    <point>
      <x>0.45666668</x>
      <y>0.41</y>
      <w>0.3264907</w>
      <t>2000</t>
    </point>
    <point>
      <x>0.45333335</x>
      <y>0.41</y>
      <w>0.3264907</w>
      <t>2000</t>
    </point>
    <point>
      <x>0.44833332</x>
      <y>0.41</y>
      <w>0.25513196</w>
      <t>2033</t>
    </point>
    <point>
      <x>0.445</x>
      <y>0.40833333</y>
      <w>0.25513196</w>
      <t>2033</t>
    </point>
    <point>
      <x>0.44166666</x>
      <y>0.40666667</y>
      <w>0.25513196</w>
      <t>2033</t>
    </point>
    <point>
      <x>0.43833333</x>
      <y>0.40333334</y>
      <w>0.25513196</w>
      <t>2033</t>
    </point>
    <point>
      <x>0.43666667</x>
      <y>0.40166667</y>
      <w>0.24144672</w>
      <t>2066</t>
    </point>
    <point>
      <x>0.435</x>
      <y>0.4</y>
      <w>0.24144672</w>
      <t>2066</t>
    </point>
    <point>
      <x>0.43333334</x>
      <y>0.39666668</y>
      <w>0.24144672</w>
      <t>2066</t>
    </point>
    <point>
      <x>0.43166667</x>
      <y>0.395</y>
      <w>0.24144672</w>
      <t>2066</t>
    </point>
    <point>
      <x>0.43166667</x>
      <y>0.39166668</y>
      <w>0.24144672</w>
      <t>2066</t>
    </point>
    <point>
      <x>0.43166667</x>
      <y>0.39</y>
      <w>0.20723362</w>
      <t>2100</t>
    </point>
    <point>
      <x>0.43</x>
      <y>0.38666666</y>
      <w>0.20723362</w>
      <t>2100</t>
    </point>
    <point>
      <x>0.43</x>
      <y>0.385</y>
      <w>0.20723362</w>
      <t>2100</t>
    </point>
    <point>
      <x>0.43</x>
      <y>0.38166666</y>
      <w>0.20723362</w>
      <t>2100</t>
    </point>
    <point>
      <x>0.43</x>
      <y>0.37833333</y>
      <w>0.2453568</w>
      <t>2133</t>
    </point>
    <point>
      <x>0.43</x>
      <y>0.37666667</y>
      <w>0.2453568</w>
      <t>2133</t>
    </point>
    <point>
      <x>0.43166667</x>
      <y>0.37333333</y>
      <w>0.2453568</w>
      <t>2133</t>
    </point>
    <point>
      <x>0.43166667</x>
      <y>0.37166667</y>
      <w>0.2453568</w>
      <t>2133</t>
    </point>
    <point>
      <x>0.43333334</x>
      <y>0.36833334</y>
      <w>0.2453568</w>
      <t>2133</t>
    </point>
    <point>
      <x>0.435</x>
      <y>0.36666667</y>
      <w>0.25904202</w>
      <t>2167</t>
    </point>
    <point>
      <x>0.43666667</x>
      <y>0.365</y>
      <w>0.25904202</w>
      <t>2167</t>
    </point>
    <point>
      <x>0.43833333</x>
      <y>0.36333334</y>
      <w>0.25904202</w>
      <t>2167</t>
    </point>
    <point>
      <x>0.44</x>
      <y>0.36166668</y>
      <w>0.25904202</w>
      <t>2167</t>
    </point>
    <point>
      <x>0.44166666</x>
      <y>0.36</y>
      <w>0.29716522</w>
      <t>2200</t>
    </point>
    <point>
      <x>0.44333333</x>
      <y>0.35833332</y>
      <w>0.29716522</w>
      <t>2200</t>
    </point>
    <point>
      <x>0.445</x>
      <y>0.35833332</y>
      <w>0.29716522</w>
      <t>2200</t>
    </point>
    <point>
      <x>0.44666666</x>
      <y>0.35833332</y>
      <w>0.29716522</w>
      <t>2200</t>
    </point>
    <point>
      <x>0.44833332</x>
      <y>0.35833332</y>
      <w>0.29716522</w>
      <t>2200</t>
    </point>
    <point>
      <x>0.45</x>
      <y>0.35666665</y>
      <w>0.34017596</w>
      <t>2233</t>
    </point>
    <point>
      <x>0.45166665</x>
      <y>0.35666665</y>
      <w>0.34017596</w>
      <t>2233</t>
    </point>
    <point>
      <x>0.45333335</x>
      <y>0.35666665</y>
      <w>0.34017596</w>
      <t>2233</t>
    </point>
    <point>
      <x>0.455</x>
      <y>0.35666665</y>
      <w>0.34017596</w>
      <t>2233</t>
    </point>
    <point>
      <x>0.45666668</x>
      <y>0.35666665</y>
      <w>0.3646139</w>
      <t>2266</t>
    </point>
    <point>
      <x>0.45833334</x>
      <y>0.35666665</y>
      <w>0.3646139</w>
      <t>2266</t>
    </point>
    <point>
      <x>0.46</x>
      <y>0.35666665</y>
      <w>0.3646139</w>
      <t>2266</t>
    </point>
    <point>
      <x>0.46166667</x>
      <y>0.35666665</y>
      <w>0.3646139</w>
      <t>2266</t>
    </point>
    <point>
      <x>0.46333334</x>
      <y>0.35666665</y>
      <w>0.3646139</w>
      <t>2266</t>
    </point>
    <point>
      <x>0.465</x>
      <y>0.35833332</y>
      <w>0.4340176</w>
      <t>2300</t>
    </point>
    <point>
      <x>0.46666667</x>
      <y>0.36</y>
      <w>0.4340176</w>
      <t>2300</t>
    </point>
    <point>
      <x>0.46833333</x>
      <y>0.36166668</y>
      <w>0.4340176</w>
      <t>2300</t>
    </point>
    <point>
      <x>0.47</x>
      <y>0.36333334</y>
      <w>0.48875856</w>
      <t>2333</t>
    </point>
    <point>
      <x>0.47166666</x>
      <y>0.365</y>
      <w>0.48875856</w>
      <t>2333</t>
    </point>
    <point>
      <x>0.47333333</x>
      <y>0.36666667</y>
      <w>0.48875856</w>
      <t>2333</t>
    </point>
    <point>
      <x>0.47333333</x>
      <y>0.36833334</y>
      <w>0.48875856</w>
      <t>2333</t>
    </point>
    <point>
      <x>0.475</x>
      <y>0.37</y>
      <w>0.52297163</w>
      <t>2367</t>
    </point>
    <point>
      <x>0.47666666</x>
      <y>0.37166667</y>
      <w>0.52297163</w>
      <t>2367</t>
    </point>
    <point>
      <x>0.47833332</x>
      <y>0.37333333</y>
      <w>0.52297163</w>
      <t>2367</t>
    </point>
    <point>
      <x>0.47833332</x>
      <y>0.375</y>
      <w>0.52297163</w>
      <t>2367</t>
    </point>
    <point>
      <x>0.47833332</x>
      <y>0.37666667</y>
      <w>0.5483871</w>
      <t>2400</t>
    </point>
    <point>
      <x>0.48</x>
      <y>0.37666667</y>
      <w>0.5483871</w>
      <t>2400</t>
    </point>
    <point>
      <x>0.48</x>
      <y>0.37833333</y>
      <w>0.5483871</w>
      <t>2400</t>
    </point>
    <point>
      <x>0.48</x>
      <y>0.38</y>
      <w>0.5483871</w>
      <t>2400</t>
    </point>
    <point>
      <x>0.48166665</x>
      <y>0.38</y>
      <w>0.5777126</w>
      <t>2433</t>
    </point>
    <point>
      <x>0.48166665</x>
      <y>0.38166666</y>
      <w>0.5777126</w>
      <t>2433</t>
    </point>
    <point>
      <x>0.48166665</x>
      <y>0.38333333</y>
      <w>0.5777126</w>
      <t>2433</t>
    </point>
    <point>
      <x>0.48166665</x>
      <y>0.385</y>
      <w>0.5777126</w>
      <t>2433</t>
    </point>
    <point>
      <x>0.48166665</x>
      <y>0.38666666</y>
      <w>0.5904203</w>
      <t>2467</t>
    </point>
    <point>
      <x>0.48166665</x>
      <y>0.38833332</y>
      <w>0.5904203</w>
      <t>2467</t>
    </point>
    <point>
      <x>0.48166665</x>
      <y>0.39</y>
      <w>0.5904203</w>
      <t>2467</t>
    </point>
    <point>
      <x>0.48166665</x>
      <y>0.39166668</y>
      <w>0.60215056</w>
      <t>2500</t>
    </point>
    <point>
      <x>0.48166665</x>
      <y>0.39333335</y>
      <w>0.60215056</w>
      <t>2500</t>
    </point>
    <point>
      <x>0.48166665</x>
      <y>0.395</y>
      <w>0.60215056</w>
      <t>2500</t>
    </point>
    <point>
      <x>0.48166665</x>
      <y>0.39666668</y>
      <w>0.60215056</w>
      <t>2500</t>
    </point>
    <point>
      <x>0.48166665</x>
      <y>0.39833334</y>
      <w>0.60215056</w>
      <t>2500</t>
    </point>
    <point>
      <x>0.48166665</x>
      <y>0.4</y>
      <w>0.6099707</w>
      <t>2533</t>
    </point>
    <point>
      <x>0.48166665</x>
      <y>0.40166667</y>
      <w>0.6099707</w>
      <t>2533</t>
    </point>
    <point>
      <x>0.48166665</x>
      <y>0.40333334</y>
      <w>0.6099707</w>
      <t>2533</t>
    </point>
    <point>
      <x>0.48166665</x>
      <y>0.405</y>
      <w>0.6099707</w>
      <t>2533</t>
    </point>
    <point>
      <x>0.48</x>
      <y>0.40666667</y>
      <w>0.6109482</w>
      <t>2567</t>
    </point>
    <point>
      <x>0.48</x>
      <y>0.40833333</y>
      <w>0.6109482</w>
      <t>2567</t>
    </point>
    <point>
      <x>0.48</x>
      <y>0.41</y>
      <w>0.6109482</w>
      <t>2567</t>
    </point>
    <point>
      <x>0.48</x>
      <y>0.41333333</y>
      <w>0.6109482</w>
      <t>2567</t>
    </point>
    <point>
      <x>0.47833332</x>
      <y>0.415</y>
      <w>0.6158358</w>
      <t>2599</t>
    </point>
    <point>
      <x>0.47666666</x>
      <y>0.41666666</y>
      <w>0.6158358</w>
      <t>2599</t>
    </point>
    <point>
      <x>0.47666666</x>
      <y>0.41833332</y>
      <w>0.6158358</w>
      <t>2599</t>
    </point>
    <point>
      <x>0.475</x>
      <y>0.42166665</y>
      <w>0.6158358</w>
      <t>2599</t>
    </point>
    <point>
      <x>0.47333333</x>
      <y>0.42333335</y>
      <w>0.6177908</w>
      <t>2633</t>
    </point>
    <point>
      <x>0.47333333</x>
      <y>0.425</y>
      <w>0.6177908</w>
      <t>2633</t>
    </point>
    <point>
      <x>0.47166666</x>
      <y>0.42666668</y>
      <w>0.6177908</w>
      <t>2633</t>
    </point>
    <point>
      <x>0.47</x>
      <y>0.43</y>
      <w>0.6177908</w>
      <t>2633</t>
    </point>
    <point>
      <x>0.47</x>
      <y>0.43166667</y>
      <w>0.61876833</w>
      <t>2667</t>
    </point>
    <point>
      <x>0.46833333</x>
      <y>0.43333334</y>
      <w>0.61876833</w>
      <t>2667</t>
    </point>
    <point>
      <x>0.46666667</x>
      <y>0.43666667</y>
      <w>0.61876833</w>
      <t>2667</t>
    </point>
    <point>
      <x>0.465</x>
      <y>0.43833333</y>
      <w>0.61876833</w>
      <t>2667</t>
    </point>
    <point>
      <x>0.46333334</x>
      <y>0.44166666</y>
      <w>0.61876833</w>
      <t>2667</t>
    </point>
    <point>
      <x>0.46</x>
      <y>0.445</y>
      <w>0.61974585</w>
      <t>2700</t>
    </point>
    <point>
      <x>0.45833334</x>
      <y>0.44833332</y>
      <w>0.61974585</w>
      <t>2700</t>
    </point>
    <point>
      <x>0.455</x>
      <y>0.45166665</y>
      <w>0.61974585</w>
      <t>2700</t>
    </point>
    <point>
      <x>0.45166665</x>
      <y>0.455</y>
      <w>0.61974585</w>
      <t>2700</t>
    </point>
    <point>
      <x>0.44833332</x>
      <y>0.46</y>
      <w>0.61876833</w>
      <t>2733</t>
    </point>
    <point>
      <x>0.445</x>
      <y>0.465</y>
      <w>0.61876833</w>
      <t>2733</t>
    </point>
    <point>
      <x>0.44166666</x>
      <y>0.47</y>
      <w>0.61876833</w>
      <t>2733</t>
    </point>
    <point>
      <x>0.43666667</x>
      <y>0.475</y>
      <w>0.61876833</w>
      <t>2733</t>
    </point>
    <point>
      <x>0.43166667</x>
      <y>0.48</y>
      <w>0.61876833</w>
      <t>2733</t>
    </point>
    <point>
      <x>0.42666668</x>
      <y>0.485</y>
      <w>0.6177908</w>
      <t>2767</t>
    </point>
    <point>
      <x>0.42333335</x>
      <y>0.49</y>
      <w>0.6177908</w>
      <t>2767</t>
    </point>
    <point>
      <x>0.41833332</x>
      <y>0.495</y>
      <w>0.6177908</w>
      <t>2767</t>
    </point>
    <point>
      <x>0.41333333</x>
      <y>0.5</y>
      <w>0.6177908</w>
      <t>2767</t>
    </point>
    <point>
      <x>0.40666667</x>
      <y>0.50666666</y>
      <w>0.61974585</w>
      <t>2800</t>
    </point>
    <point>
      <x>0.40166667</x>
      <y>0.51166666</y>
      <w>0.61974585</w>
      <t>2800</t>
    </point>
    <point>
      <x>0.39666668</x>
      <y>0.51666665</y>
      <w>0.61974585</w>
      <t>2800</t>
    </point>
    <point>
      <x>0.39</x>
      <y>0.52166665</y>
      <w>0.61974585</w>
      <t>2800</t>
    </point>
    <point>
      <x>0.38666666</x>
      <y>0.52666664</y>
      <w>0.61974585</w>
      <t>2800</t>
    </point>
    <point>
      <x>0.38166666</x>
      <y>0.53</y>
      <w>0.61290324</w>
      <t>2833</t>
    </point>
    <point>
      <x>0.37833333</x>
      <y>0.535</y>
      <w>0.61290324</w>
      <t>2833</t>
    </point>
    <point>
      <x>0.37333333</x>
      <y>0.54</y>
      <w>0.61290324</w>
      <t>2833</t>
    </point>
    <point>
      <x>0.37</x>
      <y>0.545</y>
      <w>0.61290324</w>
      <t>2833</t>
    </point>
    <point>
      <x>0.365</x>
      <y>0.55</y>
      <w>0.6031281</w>
      <t>2867</t>
    </point>
    <point>
      <x>0.36166668</x>
      <y>0.555</y>
      <w>0.6031281</w>
      <t>2867</t>
    </point>
    <point>
      <x>0.35666665</x>
      <y>0.55833334</y>
      <w>0.6031281</w>
      <t>2867</t>
    </point>
    <point>
      <x>0.35333332</x>
      <y>0.56166667</y>
      <w>0.6031281</w>
      <t>2867</t>
    </point>
    <point>
      <x>0.35</x>
      <y>0.565</y>
      <w>0.6031281</w>
      <t>2867</t>
    </point>
    <point>
      <x>0.34833333</x>
      <y>0.5683333</y>
      <w>0.6031281</w>
      <t>2900</t>
    </point>
    <point>
      <x>0.345</x>
      <y>0.57166666</y>
      <w>0.6031281</w>
      <t>2900</t>
    </point>
    <point>
      <x>0.34333333</x>
      <y>0.575</y>
      <w>0.6031281</w>
      <t>2900</t>
    </point>
    <point>
      <x>0.34166667</x>
      <y>0.57666665</y>
      <w>0.6031281</w>
      <t>2900</t>
    </point>
    <point>
      <x>0.34</x>
      <y>0.58</y>
      <w>0.60703814</w>
      <t>2933</t>
    </point>
    <point>
      <x>0.33833334</x>
      <y>0.58</y>
      <w>0.60703814</w>
      <t>2933</t>
    </point>
    <point>
      <x>0.33833334</x>
      <y>0.58166665</y>
      <w>0.60703814</w>
      <t>2933</t>
    </point>
    <point>
      <x>0.33666667</x>
      <y>0.5833333</y>
      <w>0.60703814</w>
      <t>2933</t>
    </point>
    <point>
      <x>0.33666667</x>
      <y>0.585</y>
      <w>0.6744868</w>
      <t>3033</t>
    </point>
    <point>
      <x>0.33833334</x>
      <y>0.58666664</y>
      <w>0.70087975</w>
      <t>3067</t>
    </point>
    <point>
      <x>0.34</x>
      <y>0.5883333</y>
      <w>0.70087975</w>
      <t>3067</t>
    </point>
    <point>
      <x>0.34166667</x>
      <y>0.5883333</y>
      <w>0.71358746</w>
      <t>3100</t>
    </point>
    <point>
      <x>0.34166667</x>
      <y>0.59</y>
      <w>0.71358746</w>
      <t>3100</t>
    </point>
    <point>
      <x>0.34333333</x>
      <y>0.59</y>
      <w>0.71358746</w>
      <t>3100</t>
    </point>
    <point>
      <x>0.345</x>
      <y>0.59</y>
      <w>0.71847504</w>
      <t>3166</t>
    </point>
    <point>
      <x>0.34666666</x>
      <y>0.59</y>
      <w>0.72043014</w>
      <t>3200</t>
    </point>
    <point>
      <x>0.34833333</x>
      <y>0.59</y>
      <w>0.72043014</w>
      <t>3200</t>
    </point>
    <point>
      <x>0.35</x>
      <y>0.59</y>
      <w>0.72043014</w>
      <t>3200</t>
    </point>
    <point>
      <x>0.35166666</x>
      <y>0.5883333</y>
      <w>0.72629523</w>
      <t>3233</t>
    </point>
    <point>
      <x>0.35333332</x>
      <y>0.5883333</y>
      <w>0.72629523</w>
      <t>3233</t>
    </point>
    <point>
      <x>0.355</x>
      <y>0.58666664</y>
      <w>0.72629523</w>
      <t>3233</t>
    </point>
    <point>
      <x>0.35666665</x>
      <y>0.585</y>
      <w>0.72629523</w>
      <t>3233</t>
    </point>
    <point>
      <x>0.36</x>
      <y>0.585</y>
      <w>0.72727275</w>
      <t>3266</t>
    </point>
    <point>
      <x>0.36166668</x>
      <y>0.5833333</y>
      <w>0.72727275</w>
      <t>3266</t>
    </point>
    <point>
      <x>0.365</x>
      <y>0.58</y>
      <w>0.72727275</w>
      <t>3266</t>
    </point>
    <point>
      <x>0.36666667</x>
      <y>0.5783333</y>
      <w>0.72727275</w>
      <t>3266</t>
    </point>
    <point>
      <x>0.37</x>
      <y>0.57666665</y>
      <w>0.72727275</w>
      <t>3266</t>
    </point>
    <point>
      <x>0.37333333</x>
      <y>0.575</y>
      <w>0.7302053</w>
      <t>3300</t>
    </point>
    <point>
      <x>0.375</x>
      <y>0.57166666</y>
      <w>0.7302053</w>
      <t>3300</t>
    </point>
    <point>
      <x>0.37833333</x>
      <y>0.57</y>
      <w>0.7302053</w>
      <t>3300</t>
    </point>
    <point>
      <x>0.38166666</x>
      <y>0.5683333</y>
      <w>0.7302053</w>
      <t>3300</t>
    </point>
    <point>
      <x>0.385</x>
      <y>0.56666666</y>
      <w>0.7253177</w>
      <t>3333</t>
    </point>
    <point>
      <x>0.38833332</x>
      <y>0.56333333</y>
      <w>0.7253177</w>
      <t>3333</t>
    </point>
    <point>
      <x>0.39166668</x>
      <y>0.56166667</y>
      <w>0.7253177</w>
      <t>3333</t>
    </point>
    <point>
      <x>0.395</x>
      <y>0.56</y>
      <w>0.7253177</w>
      <t>3333</t>
    </point>
    <point>
      <x>0.39833334</x>
      <y>0.55833334</y>
      <w>0.7253177</w>
      <t>3333</t>
    </point>
    <point>
      <x>0.40166667</x>
      <y>0.555</y>
      <w>0.71163243</w>
      <t>3367</t>
    </point>
    <point>
      <x>0.405</x>
      <y>0.55333334</y>
      <w>0.71163243</w>
      <t>3367</t>
    </point>
    <point>
      <x>0.40833333</x>
      <y>0.5516667</y>
      <w>0.71163243</w>
      <t>3367</t>
    </point>
    <point>
      <x>0.41333333</x>
      <y>0.55</y>
      <w>0.71163243</w>
      <t>3367</t>
    </point>
    <point>
      <x>0.41666666</x>
      <y>0.5466667</y>
      <w>0.6969697</w>
      <t>3400</t>
    </point>
    <point>
      <x>0.42</x>
      <y>0.545</y>
      <w>0.6969697</w>
      <t>3400</t>
    </point>
    <point>
      <x>0.425</x>
      <y>0.54333335</y>
      <w>0.6969697</w>
      <t>3400</t>
    </point>
    <point>
      <x>0.43</x>
      <y>0.54</y>
      <w>0.6969697</w>
      <t>3400</t>
    </point>
    <point>
      <x>0.435</x>
      <y>0.53833336</y>
      <w>0.6969697</w>
      <t>3400</t>
    </point>
    <point>
      <x>0.44</x>
      <y>0.535</y>
      <w>0.65786904</w>
      <t>3433</t>
    </point>
    <point>
      <x>0.445</x>
      <y>0.5316667</y>
      <w>0.65786904</w>
      <t>3433</t>
    </point>
    <point>
      <x>0.45166665</x>
      <y>0.53</y>
      <w>0.65786904</w>
      <t>3433</t>
    </point>
    <point>
      <x>0.45666668</x>
      <y>0.52666664</y>
      <w>0.65786904</w>
      <t>3433</t>
    </point>
    <point>
      <x>0.46166667</x>
      <y>0.525</y>
      <w>0.6236559</w>
      <t>3467</t>
    </point>
    <point>
      <x>0.46666667</x>
      <y>0.5233333</y>
      <w>0.6236559</w>
      <t>3467</t>
    </point>
    <point>
      <x>0.47166666</x>
      <y>0.52</y>
      <w>0.6236559</w>
      <t>3467</t>
    </point>
    <point>
      <x>0.47666666</x>
      <y>0.5183333</y>
      <w>0.6236559</w>
      <t>3467</t>
    </point>
    <point>
      <x>0.48166665</x>
      <y>0.51666665</y>
      <w>0.6236559</w>
      <t>3467</t>
    </point>
    <point>
      <x>0.48666668</x>
      <y>0.515</y>
      <w>0.59237534</w>
      <t>3500</t>
    </point>
    <point>
      <x>0.49166667</x>
      <y>0.5133333</y>
      <w>0.59237534</w>
      <t>3500</t>
    </point>
    <point>
      <x>0.49666667</x>
      <y>0.51166666</y>
      <w>0.59237534</w>
      <t>3500</t>
    </point>
    <point>
      <x>0.50333333</x>
      <y>0.5083333</y>
      <w>0.59237534</w>
      <t>3500</t>
    </point>
    <point>
      <x>0.5083333</x>
      <y>0.50666666</y>
      <w>0.53274685</w>
      <t>3533</t>
    </point>
    <point>
      <x>0.515</x>
      <y>0.50333333</y>
      <w>0.53274685</w>
      <t>3533</t>
    </point>
    <point>
      <x>0.52</x>
      <y>0.50166667</y>
      <w>0.53274685</w>
      <t>3533</t>
    </point>
    <point>
      <x>0.525</x>
      <y>0.5</y>
      <w>0.53274685</w>
      <t>3533</t>
    </point>
    <point>
      <x>0.5316667</x>
      <y>0.49833333</y>
      <w>0.50635386</w>
      <t>3566</t>
    </point>
    <point>
      <x>0.5366667</x>
      <y>0.49666667</y>
      <w>0.50635386</w>
      <t>3566</t>
    </point>
    <point>
      <x>0.54333335</x>
      <y>0.49666667</y>
      <w>0.50635386</w>
      <t>3566</t>
    </point>
    <point>
      <x>0.55</x>
      <y>0.495</y>
      <w>0.50635386</w>
      <t>3566</t>
    </point>
    <point>
      <x>0.555</x>
      <y>0.49333334</y>
      <w>0.50635386</w>
      <t>3566</t>
    </point>
    <point>
      <x>0.56166667</x>
      <y>0.49166667</y>
      <w>0.50635386</w>
      <t>3600</t>
    </point>
    <point>
      <x>0.56666666</x>
      <y>0.49</y>
      <w>0.50635386</w>
      <t>3600</t>
    </point>
    <point>
      <x>0.5733333</x>
      <y>0.49</y>
      <w>0.50635386</w>
      <t>3600</t>
    </point>
    <point>
      <x>0.5783333</x>
      <y>0.48833334</y>
      <w>0.50635386</w>
      <t>3600</t>
    </point>
    <point>
      <x>0.5833333</x>
      <y>0.48833334</y>
      <w>0.5043988</w>
      <t>3633</t>
    </point>
    <point>
      <x>0.59</x>
      <y>0.48833334</y>
      <w>0.5043988</w>
      <t>3633</t>
    </point>
    <point>
      <x>0.595</x>
      <y>0.48833334</y>
      <w>0.5043988</w>
      <t>3633</t>
    </point>
    <point>
      <x>0.6016667</x>
      <y>0.48666668</y>
      <w>0.5043988</w>
      <t>3633</t>
    </point>
    <point>
      <x>0.6066667</x>
      <y>0.48666668</y>
      <w>0.5043988</w>
      <t>3633</t>
    </point>
    <point>
      <x>0.61333334</x>
      <y>0.48666668</y>
      <w>0.50537634</w>
      <t>3667</t>
    </point>
    <point>
      <x>0.61833334</x>
      <y>0.48666668</y>
      <w>0.50537634</w>
      <t>3667</t>
    </point>
    <point>
      <x>0.62333333</x>
      <y>0.48666668</y>
      <w>0.50537634</w>
      <t>3667</t>
    </point>
    <point>
      <x>0.62833333</x>
      <y>0.48666668</y>
      <w>0.50537634</w>
      <t>3667</t>
    </point>
    <point>
      <x>0.6333333</x>
      <y>0.485</y>
      <w>0.50635386</w>
      <t>3700</t>
    </point>
    <point>
      <x>0.6383333</x>
      <y>0.485</y>
      <w>0.50635386</w>
      <t>3700</t>
    </point>
    <point>
      <x>0.6433333</x>
      <y>0.485</y>
      <w>0.50635386</w>
      <t>3700</t>
    </point>
    <point>
      <x>0.6483333</x>
      <y>0.485</y>
      <w>0.50635386</w>
      <t>3700</t>
    </point>
    <point>
      <x>0.65166664</x>
      <y>0.485</y>
      <w>0.50635386</w>
      <t>3700</t>
    </point>
    <point>
      <x>0.6566667</x>
      <y>0.485</y>
      <w>0.5288367</w>
      <t>3733</t>
    </point>
    <point>
      <x>0.66</x>
      <y>0.48666668</y>
      <w>0.5288367</w>
      <t>3733</t>
    </point>
    <point>
      <x>0.665</x>
      <y>0.48666668</y>
      <w>0.5288367</w>
      <t>3733</t>
    </point>
    <point>
      <x>0.66833335</x>
      <y>0.48833334</y>
      <w>0.5288367</w>
      <t>3733</t>
    </point>
    <point>
      <x>0.6716667</x>
      <y>0.49</y>
      <w>0.5601173</w>
      <t>3766</t>
    </point>
    <point>
      <x>0.6766667</x>
      <y>0.49</y>
      <w>0.5601173</w>
      <t>3766</t>
    </point>
    <point>
      <x>0.6816667</x>
      <y>0.49166667</y>
      <w>0.5601173</w>
      <t>3766</t>
    </point>
    <point>
      <x>0.685</x>
      <y>0.49333334</y>
      <w>0.5601173</w>
      <t>3766</t>
    </point>
    <point>
      <x>0.69</x>
      <y>0.49333334</y>
      <w>0.5601173</w>
      <t>3766</t>
    </point>
    <point>
      <x>0.695</x>
      <y>0.495</y>
      <w>0.5777126</w>
      <t>3799</t>
    </point>
    <point>
      <x>0.6983333</x>
      <y>0.495</y>
      <w>0.5777126</w>
      <t>3799</t>
    </point>
    <point>
      <x>0.70166665</x>
      <y>0.49666667</y>
      <w>0.5777126</w>
      <t>3799</t>
    </point>
    <point>
      <x>0.705</x>
      <y>0.49833333</y>
      <w>0.5777126</w>
      <t>3799</t>
    </point>
    <point>
      <x>0.70666665</x>
      <y>0.5</y>
      <w>0.60215056</w>
      <t>3833</t>
    </point>
    <point>
      <x>0.71</x>
      <y>0.5</y>
      <w>0.60215056</w>
      <t>3833</t>
    </point>
    <point>
      <x>0.71166664</x>
      <y>0.50166667</y>
      <w>0.60215056</w>
      <t>3833</t>
    </point>
    <point>
      <x>0.715</x>
      <y>0.505</y>
      <w>0.60215056</w>
      <t>3833</t>
    </point>
    <point>
      <x>0.7183333</x>
      <y>0.50666666</y>
      <w>0.61876833</w>
      <t>3867</t>
    </point>
    <point>
      <x>0.72</x>
      <y>0.5083333</y>
      <w>0.61876833</w>
      <t>3867</t>
    </point>
    <point>
      <x>0.7216667</x>
      <y>0.51</y>
      <w>0.61876833</w>
      <t>3867</t>
    </point>
    <point>
      <x>0.72333336</x>
      <y>0.51166666</y>
      <w>0.61876833</w>
      <t>3867</t>
    </point>
    <point>
      <x>0.725</x>
      <y>0.51166666</y>
      <w>0.61876833</w>
      <t>3867</t>
    </point>
    <point>
      <x>0.7266667</x>
      <y>0.5133333</y>
      <w>0.6344086</w>
      <t>3900</t>
    </point>
    <point>
      <x>0.72833335</x>
      <y>0.515</y>
      <w>0.6344086</w>
      <t>3900</t>
    </point>
    <point>
      <x>0.73</x>
      <y>0.51666665</y>
      <w>0.6344086</w>
      <t>3900</t>
    </point>
    <point>
      <x>0.7316667</x>
      <y>0.5183333</y>
      <w>0.6344086</w>
      <t>3900</t>
    </point>
    <point>
      <x>0.73333335</x>
      <y>0.52</y>
      <w>0.6471163</w>
      <t>3933</t>
    </point>
    <point>
      <x>0.73333335</x>
      <y>0.52166665</y>
      <w>0.6471163</w>
      <t>3933</t>
    </point>
    <point>
      <x>0.735</x>
      <y>0.5233333</y>
      <w>0.6471163</w>
      <t>3933</t>
    </point>
    <point>
      <x>0.7366667</x>
      <y>0.5233333</y>
      <w>0.6471163</w>
      <t>3933</t>
    </point>
    <point>
      <x>0.7366667</x>
      <y>0.525</y>
      <w>0.6471163</w>
      <t>3933</t>
    </point>
    <point>
      <x>0.73833334</x>
      <y>0.525</y>
      <w>0.64907134</w>
      <t>3967</t>
    </point>
    <point>
      <x>0.73833334</x>
      <y>0.52666664</y>
      <w>0.64907134</w>
      <t>3967</t>
    </point>
    <point>
      <x>0.74</x>
      <y>0.5283333</y>
      <w>0.64907134</w>
      <t>3967</t>
    </point>
    <point>
      <x>0.74</x>
      <y>0.53</y>
      <w>0.6529814</w>
      <t>4000</t>
    </point>
    <point>
      <x>0.74</x>
      <y>0.5316667</y>
      <w>0.6529814</w>
      <t>4000</t>
    </point>
    <point>
      <x>0.74</x>
      <y>0.53333336</y>
      <w>0.6529814</w>
      <t>4000</t>
    </point>
    <point>
      <x>0.74</x>
      <y>0.535</y>
      <w>0.65493643</w>
      <t>4033</t>
    </point>
    <point>
      <x>0.74</x>
      <y>0.5366667</y>
      <w>0.65493643</w>
      <t>4033</t>
    </point>
    <point>
      <x>0.73833334</x>
      <y>0.53833336</y>
      <w>0.65591395</w>
      <t>4067</t>
    </point>
    <point>
      <x>0.73833334</x>
      <y>0.54</y>
      <w>0.65591395</w>
      <t>4067</t>
    </point>
    <point>
      <x>0.7366667</x>
      <y>0.5416667</y>
      <w>0.65591395</w>
      <t>4067</t>
    </point>
    <point>
      <x>0.735</x>
      <y>0.54333335</y>
      <w>0.65591395</w>
      <t>4067</t>
    </point>
    <point>
      <x>0.73333335</x>
      <y>0.54333335</y>
      <w>0.6402737</w>
      <t>4100</t>
    </point>
    <point>
      <x>0.7316667</x>
      <y>0.545</y>
      <w>0.6402737</w>
      <t>4100</t>
    </point>
    <point>
      <x>0.73</x>
      <y>0.5466667</y>
      <w>0.6402737</w>
      <t>4100</t>
    </point>
    <point>
      <x>0.72833335</x>
      <y>0.5466667</y>
      <w>0.6402737</w>
      <t>4100</t>
    </point>
    <point>
      <x>0.7266667</x>
      <y>0.54833335</y>
      <w>0.6099707</w>
      <t>4133</t>
    </point>
    <point>
      <x>0.725</x>
      <y>0.55</y>
      <w>0.6099707</w>
      <t>4133</t>
    </point>
    <point>
      <x>0.72333336</x>
      <y>0.55</y>
      <w>0.6099707</w>
      <t>4133</t>
    </point>
    <point>
      <x>0.7216667</x>
      <y>0.5516667</y>
      <w>0.6099707</w>
      <t>4133</t>
    </point>
    <point>
      <x>0.7183333</x>
      <y>0.5516667</y>
      <w>0.5845552</w>
      <t>4168</t>
    </point>
    <point>
      <x>0.71666664</x>
      <y>0.55333334</y>
      <w>0.5845552</w>
      <t>4168</t>
    </point>
    <point>
      <x>0.715</x>
      <y>0.55333334</y>
      <w>0.5845552</w>
      <t>4168</t>
    </point>
    <point>
      <x>0.7133333</x>
      <y>0.555</y>
      <w>0.5845552</w>
      <t>4168</t>
    </point>
    <point>
      <x>0.71166664</x>
      <y>0.555</y>
      <w>0.5845552</w>
      <t>4168</t>
    </point>
    <point>
      <x>0.7083333</x>
      <y>0.555</y>
      <w>0.5581623</w>
      <t>4200</t>
    </point>
    <point>
      <x>0.70666665</x>
      <y>0.5566667</y>
      <w>0.5581623</w>
      <t>4200</t>
    </point>
    <point>
      <x>0.7033333</x>
      <y>0.5566667</y>
      <w>0.5581623</w>
      <t>4200</t>
    </point>
    <point>
      <x>0.70166665</x>
      <y>0.55833334</y>
      <w>0.5581623</w>
      <t>4200</t>
    </point>
    <point>
      <x>0.6983333</x>
      <y>0.55833334</y>
      <w>0.5278592</w>
      <t>4234</t>
    </point>
    <point>
      <x>0.69666666</x>
      <y>0.55833334</y>
      <w>0.5278592</w>
      <t>4234</t>
    </point>
    <point>
      <x>0.6933333</x>
      <y>0.56</y>
      <w>0.5278592</w>
      <t>4234</t>
    </point>
    <point>
      <x>0.69166666</x>
      <y>0.56</y>
      <w>0.5278592</w>
      <t>4234</t>
    </point>
    <point>
      <x>0.68833333</x>
      <y>0.56166667</y>
      <w>0.5278592</w>
      <t>4234</t>
    </point>
    <point>
      <x>0.68666667</x>
      <y>0.56166667</y>
      <w>0.51906157</w>
      <t>4268</t>
    </point>
    <point>
      <x>0.68333334</x>
      <y>0.56166667</y>
      <w>0.51906157</w>
      <t>4268</t>
    </point>
    <point>
      <x>0.6816667</x>
      <y>0.56333333</y>
      <w>0.51906157</w>
      <t>4268</t>
    </point>
    <point>
      <x>0.67833334</x>
      <y>0.56333333</y>
      <w>0.51906157</w>
      <t>4268</t>
    </point>
    <point>
      <x>0.675</x>
      <y>0.56333333</y>
      <w>0.48680353</w>
      <t>4301</t>
    </point>
    <point>
      <x>0.6716667</x>
      <y>0.565</y>
      <w>0.48680353</w>
      <t>4301</t>
    </point>
    <point>
      <x>0.66833335</x>
      <y>0.565</y>
      <w>0.48680353</w>
      <t>4301</t>
    </point>
    <point>
      <x>0.6666667</x>
      <y>0.56666666</y>
      <w>0.48680353</w>
      <t>4301</t>
    </point>
    <point>
      <x>0.66333336</x>
      <y>0.56666666</y>
      <w>0.48680353</w>
      <t>4301</t>
    </point>
    <point>
      <x>0.66</x>
      <y>0.5683333</y>
      <w>0.44965786</w>
      <t>4334</t>
    </point>
    <point>
      <x>0.6566667</x>
      <y>0.5683333</y>
      <w>0.44965786</w>
      <t>4334</t>
    </point>
    <point>
      <x>0.655</x>
      <y>0.5683333</y>
      <w>0.44965786</w>
      <t>4334</t>
    </point>
    <point>
      <x>0.65166664</x>
      <y>0.57</y>
      <w>0.44965786</w>
      <t>4334</t>
    </point>
    <point>
      <x>0.64666665</x>
      <y>0.57</y>
      <w>0.35679373</w>
      <t>4368</t>
    </point>
    <point>
      <x>0.6433333</x>
      <y>0.57166666</y>
      <w>0.35679373</w>
      <t>4368</t>
    </point>
    <point>
      <x>0.64</x>
      <y>0.57166666</y>
      <w>0.35679373</w>
      <t>4368</t>
    </point>
    <point>
      <x>0.63666666</x>
      <y>0.5733333</y>
      <w>0.35679373</w>
      <t>4368</t>
    </point>
    <point>
      <x>0.6333333</x>
      <y>0.575</y>
      <w>0.35679373</w>
      <t>4368</t>
    </point>
    <point>
      <x>0.62833333</x>
      <y>0.575</y>
      <w>0.27859238</w>
      <t>4400</t>
    </point>
    <point>
      <x>0.625</x>
      <y>0.57666665</y>
      <w>0.27859238</w>
      <t>4400</t>
    </point>
    <point>
      <x>0.62</x>
      <y>0.5783333</y>
      <w>0.27859238</w>
      <t>4400</t>
    </point>
    <point>
      <x>0.6166667</x>
      <y>0.5783333</y>
      <w>0.27859238</w>
      <t>4400</t>
    </point>
    <point>
      <x>0.6116667</x>
      <y>0.58</y>
      <w>0.23851417</w>
      <t>4434</t>
    </point>
    <point>
      <x>0.6066667</x>
      <y>0.58166665</y>
      <w>0.23851417</w>
      <t>4434</t>
    </point>
    <point>
      <x>0.6016667</x>
      <y>0.5833333</y>
      <w>0.23851417</w>
      <t>4434</t>
    </point>
    <point>
      <x>0.5966667</x>
      <y>0.585</y>
      <w>0.23851417</w>
      <t>4434</t>
    </point>
    <point>
      <x>0.59</x>
      <y>0.58666664</y>
      <w>0.1710655</w>
      <t>4467</t>
    </point>
    <point>
      <x>0.585</x>
      <y>0.5883333</y>
      <w>0.1710655</w>
      <t>4467</t>
    </point>
    <point>
      <x>0.5783333</x>
      <y>0.59</y>
      <w>0.1710655</w>
      <t>4467</t>
    </point>
    <point>
      <x>0.5733333</x>
      <y>0.59166664</y>
      <w>0.1710655</w>
      <t>4467</t>
    </point>
  </stroke>
  <stroke time="5001">
    <point>
      <x>0.485</x>
      <y>0.675</y>
      <w>0.06549364</w>
      <t>5001</t>
    </point>
    <point>
      <x>0.485</x>
      <y>0.6766667</y>
      <w>0.17888562</w>
      <t>5034</t>
    </point>
    <point>
      <x>0.48333332</x>
      <y>0.67833334</y>
      <w>0.17888562</w>
      <t>5034</t>
    </point>
    <point>
      <x>0.48333332</x>
      <y>0.68</y>
      <w>0.17888562</w>
      <t>5034</t>
    </point>
    <point>
      <x>0.48333332</x>
      <y>0.6816667</y>
      <w>0.25904202</w>
      <t>5068</t>
    </point>
    <point>
      <x>0.48333332</x>
      <y>0.68333334</y>
      <w>0.25904202</w>
      <t>5068</t>
    </point>
    <point>
      <x>0.48166665</x>
      <y>0.685</y>
      <w>0.25904202</w>
      <t>5068</t>
    </point>
    <point>
      <x>0.48166665</x>
      <y>0.68666667</y>
      <w>0.25904202</w>
      <t>5068</t>
    </point>
    <point>
      <x>0.48166665</x>
      <y>0.68833333</y>
      <w>0.25904202</w>
      <t>5068</t>
    </point>
    <point>
      <x>0.48166665</x>
      <y>0.69</y>
      <w>0.35190615</w>
      <t>5101</t>
    </point>
    <point>
      <x>0.48166665</x>
      <y>0.69166666</y>
      <w>0.35190615</w>
      <t>5101</t>
    </point>
    <point>
      <x>0.48166665</x>
      <y>0.6933333</y>
      <w>0.35190615</w>
      <t>5101</t>
    </point>
    <point>
      <x>0.48166665</x>
      <y>0.695</y>
      <w>0.43010753</w>
      <t>5134</t>
    </point>
    <point>
      <x>0.48166665</x>
      <y>0.69666666</y>
      <w>0.43010753</w>
      <t>5134</t>
    </point>
    <point>
      <x>0.48333332</x>
      <y>0.6983333</y>
      <w>0.48680353</w>
      <t>5167</t>
    </point>
    <point>
      <x>0.48333332</x>
      <y>0.7</y>
      <w>0.48680353</w>
      <t>5167</t>
    </point>
    <point>
      <x>0.485</x>
      <y>0.7</y>
      <w>0.48680353</w>
      <t>5167</t>
    </point>
    <point>
      <x>0.485</x>
      <y>0.70166665</y>
      <w>0.48680353</w>
      <t>5167</t>
    </point>
    <point>
      <x>0.48666668</x>
      <y>0.70166665</y>
      <w>0.52492666</w>
      <t>5201</t>
    </point>
    <point>
      <x>0.48833334</x>
      <y>0.7033333</y>
      <w>0.52492666</w>
      <t>5201</t>
    </point>
    <point>
      <x>0.48833334</x>
      <y>0.705</y>
      <w>0.52492666</w>
      <t>5201</t>
    </point>
    <point>
      <x>0.49</x>
      <y>0.705</y>
      <w>0.52492666</w>
      <t>5201</t>
    </point>
    <point>
      <x>0.49166667</x>
      <y>0.70666665</y>
      <w>0.52492666</w>
      <t>5201</t>
    </point>
    <point>
      <x>0.49333334</x>
      <y>0.7083333</y>
      <w>0.5542522</w>
      <t>5234</t>
    </point>
    <point>
      <x>0.495</x>
      <y>0.7083333</y>
      <w>0.5542522</w>
      <t>5234</t>
    </point>
    <point>
      <x>0.49666667</x>
      <y>0.71</y>
      <w>0.5542522</w>
      <t>5234</t>
    </point>
    <point>
      <x>0.49666667</x>
      <y>0.71166664</y>
      <w>0.5542522</w>
      <t>5234</t>
    </point>
    <point>
      <x>0.5</x>
      <y>0.7133333</y>
      <w>0.58064514</w>
      <t>5267</t>
    </point>
    <point>
      <x>0.50166667</x>
      <y>0.715</y>
      <w>0.58064514</w>
      <t>5267</t>
    </point>
    <point>
      <x>0.50333333</x>
      <y>0.715</y>
      <w>0.58064514</w>
      <t>5267</t>
    </point>
    <point>
      <x>0.505</x>
      <y>0.71666664</y>
      <w>0.6031281</w>
      <t>5300</t>
    </point>
    <point>
      <x>0.50666666</x>
      <y>0.7183333</y>
      <w>0.6031281</w>
      <t>5300</t>
    </point>
    <point>
      <x>0.5083333</x>
      <y>0.7183333</y>
      <w>0.6031281</w>
      <t>5300</t>
    </point>
    <point>
      <x>0.51</x>
      <y>0.72</y>
      <w>0.6031281</w>
      <t>5300</t>
    </point>
    <point>
      <x>0.51166666</x>
      <y>0.7216667</y>
      <w>0.6031281</w>
      <t>5300</t>
    </point>
    <point>
      <x>0.5133333</x>
      <y>0.72333336</y>
      <w>0.66959924</w>
      <t>5334</t>
    </point>
    <point>
      <x>0.515</x>
      <y>0.725</y>
      <w>0.66959924</w>
      <t>5334</t>
    </point>
    <point>
      <x>0.51666665</x>
      <y>0.725</y>
      <w>0.66959924</w>
      <t>5334</t>
    </point>
    <point>
      <x>0.5183333</x>
      <y>0.7266667</y>
      <w>0.66959924</w>
      <t>5334</t>
    </point>
    <point>
      <x>0.5183333</x>
      <y>0.72833335</y>
      <w>0.70674485</w>
      <t>5367</t>
    </point>
    <point>
      <x>0.52</x>
      <y>0.72833335</y>
      <w>0.70674485</w>
      <t>5367</t>
    </point>
    <point>
      <x>0.52166665</x>
      <y>0.73</y>
      <w>0.70674485</w>
      <t>5367</t>
    </point>
    <point>
      <x>0.5233333</x>
      <y>0.7316667</y>
      <w>0.70674485</w>
      <t>5367</t>
    </point>
    <point>
      <x>0.525</x>
      <y>0.73333335</y>
      <w>0.70674485</w>
      <t>5367</t>
    </point>
    <point>
      <x>0.52666664</x>
      <y>0.73333335</y>
      <w>0.73411536</w>
      <t>5401</t>
    </point>
    <point>
      <x>0.5283333</x>
      <y>0.735</y>
      <w>0.73411536</w>
      <t>5401</t>
    </point>
    <point>
      <x>0.5283333</x>
      <y>0.7366667</y>
      <w>0.73411536</w>
      <t>5401</t>
    </point>
    <point>
      <x>0.53</x>
      <y>0.73833334</y>
      <w>0.73411536</w>
      <t>5401</t>
    </point>
    <point>
      <x>0.5316667</x>
      <y>0.73833334</y>
      <w>0.7595308</w>
      <t>5435</t>
    </point>
    <point>
      <x>0.5316667</x>
      <y>0.74</y>
      <w>0.7595308</w>
      <t>5435</t>
    </point>
    <point>
      <x>0.53333336</x>
      <y>0.7416667</y>
      <w>0.7595308</w>
      <t>5435</t>
    </point>
    <point>
      <x>0.53333336</x>
      <y>0.74333334</y>
      <w>0.7595308</w>
      <t>5435</t>
    </point>
    <point>
      <x>0.535</x>
      <y>0.745</y>
      <w>0.7595308</w>
      <t>5435</t>
    </point>
    <point>
      <x>0.5366667</x>
      <y>0.74666667</y>
      <w>0.78396875</w>
      <t>5468</t>
    </point>
    <point>
      <x>0.53833336</x>
      <y>0.74833333</y>
      <w>0.78396875</w>
      <t>5468</t>
    </point>
    <point>
      <x>0.53833336</x>
      <y>0.75</y>
      <w>0.78396875</w>
      <t>5468</t>
    </point>
    <point>
      <x>0.54</x>
      <y>0.75166667</y>
      <w>0.78396875</w>
      <t>5468</t>
    </point>
    <point>
      <x>0.5416667</x>
      <y>0.75333333</y>
      <w>0.7986315</w>
      <t>5501</t>
    </point>
    <point>
      <x>0.5416667</x>
      <y>0.755</y>
      <w>0.7986315</w>
      <t>5501</t>
    </point>
    <point>
      <x>0.54333335</x>
      <y>0.75666666</y>
      <w>0.7986315</w>
      <t>5501</t>
    </point>
    <point>
      <x>0.545</x>
      <y>0.7583333</y>
      <w>0.7986315</w>
      <t>5501</t>
    </point>
    <point>
      <x>0.545</x>
      <y>0.76</y>
      <w>0.7986315</w>
      <t>5501</t>
    </point>
    <point>
      <x>0.5466667</x>
      <y>0.7633333</y>
      <w>0.8172043</w>
      <t>5534</t>
    </point>
    <point>
      <x>0.54833335</x>
      <y>0.765</y>
      <w>0.8172043</w>
      <t>5534</t>
    </point>
    <point>
      <x>0.55</x>
      <y>0.7683333</y>
      <w>0.8172043</w>
      <t>5534</t>
    </point>
    <point>
      <x>0.55</x>
      <y>0.77</y>
      <w>0.8172043</w>
      <t>5534</t>
    </point>
    <point>
      <x>0.5516667</x>
      <y>0.77166665</y>
      <w>0.85239494</w>
      <t>5568</t>
    </point>
    <point>
      <x>0.55333334</x>
      <y>0.7733333</y>
      <w>0.85239494</w>
      <t>5568</t>
    </point>
    <point>
      <x>0.55333334</x>
      <y>0.775</y>
      <w>0.85239494</w>
      <t>5568</t>
    </point>
    <point>
      <x>0.555</x>
      <y>0.7783333</y>
      <w>0.85239494</w>
      <t>5568</t>
    </point>
    <point>
      <x>0.555</x>
      <y>0.78</y>
      <w>0.85239494</w>
      <t>5568</t>
    </point>
    <point>
      <x>0.5566667</x>
      <y>0.7816667</y>
      <w>0.85826004</w>
      <t>5601</t>
    </point>
    <point>
      <x>0.5566667</x>
      <y>0.78333336</y>
      <w>0.85826004</w>
      <t>5601</t>
    </point>
    <point>
      <x>0.55833334</x>
      <y>0.785</y>
      <w>0.85826004</w>
      <t>5601</t>
    </point>
    <point>
      <x>0.55833334</x>
      <y>0.7866667</y>
      <w>0.85826004</w>
      <t>5601</t>
    </point>
    <point>
      <x>0.56</x>
      <y>0.78833336</y>
      <w>0.86021507</w>
      <t>5634</t>
    </point>
    <point>
      <x>0.56</x>
      <y>0.79</y>
      <w>0.86021507</w>
      <t>5634</t>
    </point>
    <point>
      <x>0.56166667</x>
      <y>0.7916667</y>
      <w>0.86021507</w>
      <t>5634</t>
    </point>
    <point>
      <x>0.56166667</x>
      <y>0.79333335</y>
      <w>0.86021507</w>
      <t>5634</t>
    </point>
    <point>
      <x>0.56333333</x>
      <y>0.795</y>
      <w>0.86412513</w>
      <t>5668</t>
    </point>
    <point>
      <x>0.56333333</x>
      <y>0.7966667</y>
      <w>0.86412513</w>
      <t>5668</t>
    </point>
    <point>
      <x>0.565</x>
      <y>0.8</y>
      <w>0.86412513</w>
      <t>5668</t>
    </point>
    <point>
      <x>0.565</x>
      <y>0.8016667</y>
      <w>0.86412513</w>
      <t>5668</t>
    </point>
    <point>
      <x>0.56666666</x>
      <y>0.80333334</y>
      <w>0.86412513</w>
      <t>5668</t>
    </point>
    <point>
      <x>0.5683333</x>
      <y>0.805</y>
      <w>0.86412513</w>
      <t>5701</t>
    </point>
    <point>
      <x>0.57</x>
      <y>0.8066667</y>
      <w>0.86412513</w>
      <t>5701</t>
    </point>
    <point>
      <x>0.57166666</x>
      <y>0.80833334</y>
      <w>0.86412513</w>
      <t>5701</t>
    </point>
    <point>
      <x>0.57166666</x>
      <y>0.81</y>
      <w>0.86412513</w>
      <t>5701</t>
    </point>
    <point>
      <x>0.5733333</x>
      <y>0.81166667</y>
      <w>0.8621701</w>
      <t>5734</t>
    </point>
    <point>
      <x>0.575</x>
      <y>0.81333333</y>
      <w>0.8621701</w>
      <t>5734</t>
    </point>
    <point>
      <x>0.57666665</x>
      <y>0.815</y>
      <w>0.8621701</w>
      <t>5734</t>
    </point>
    <point>
      <x>0.5783333</x>
      <y>0.815</y>
      <w>0.8621701</w>
      <t>5734</t>
    </point>
    <point>
      <x>0.5783333</x>
      <y>0.81666666</y>
      <w>0.8621701</w>
      <t>5734</t>
    </point>
    <point>
      <x>0.58166665</x>
      <y>0.8183333</y>
      <w>0.85923755</w>
      <t>5768</t>
    </point>
    <point>
      <x>0.5833333</x>
      <y>0.82</y>
      <w>0.85923755</w>
      <t>5768</t>
    </point>
    <point>
      <x>0.585</x>
      <y>0.82</y>
      <w>0.85923755</w>
      <t>5768</t>
    </point>
    <point>
      <x>0.58666664</x>
      <y>0.82166666</y>
      <w>0.85923755</w>
      <t>5768</t>
    </point>
    <point>
      <x>0.5883333</x>
      <y>0.82166666</y>
      <w>0.8416422</w>
      <t>5801</t>
    </point>
    <point>
      <x>0.59166664</x>
      <y>0.8233333</y>
      <w>0.8416422</w>
      <t>5801</t>
    </point>
    <point>
      <x>0.5933333</x>
      <y>0.825</y>
      <w>0.8416422</w>
      <t>5801</t>
    </point>
    <point>
      <x>0.595</x>
      <y>0.825</y>
      <w>0.8416422</w>
      <t>5801</t>
    </point>
    <point>
      <x>0.5966667</x>
      <y>0.82666665</y>
      <w>0.8416422</w>
      <t>5801</t>
    </point>
    <point>
      <x>0.59833336</x>
      <y>0.82666665</y>
      <w>0.8220919</w>
      <t>5834</t>
    </point>
    <point>
      <x>0.6016667</x>
      <y>0.8283333</y>
      <w>0.8220919</w>
      <t>5834</t>
    </point>
    <point>
      <x>0.60333335</x>
      <y>0.8283333</y>
      <w>0.8220919</w>
      <t>5834</t>
    </point>
    <point>
      <x>0.6066667</x>
      <y>0.83</y>
      <w>0.8220919</w>
      <t>5834</t>
    </point>
    <point>
      <x>0.60833335</x>
      <y>0.83</y>
      <w>0.79081136</w>
      <t>5868</t>
    </point>
    <point>
      <x>0.6116667</x>
      <y>0.83166665</y>
      <w>0.79081136</w>
      <t>5868</t>
    </point>
    <point>
      <x>0.61333334</x>
      <y>0.83166665</y>
      <w>0.79081136</w>
      <t>5868</t>
    </point>
    <point>
      <x>0.6166667</x>
      <y>0.8333333</y>
      <w>0.79081136</w>
      <t>5868</t>
    </point>
    <point>
      <x>0.61833334</x>
      <y>0.8333333</y>
      <w>0.79081136</w>
      <t>5868</t>
    </point>
    <point>
      <x>0.62166667</x>
      <y>0.835</y>
      <w>0.7380254</w>
      <t>5901</t>
    </point>
    <point>
      <x>0.625</x>
      <y>0.835</y>
      <w>0.7380254</w>
      <t>5901</t>
    </point>
    <point>
      <x>0.62666667</x>
      <y>0.835</y>
      <w>0.7380254</w>
      <t>5901</t>
    </point>
    <point>
      <x>0.63</x>
      <y>0.83666664</y>
      <w>0.7380254</w>
      <t>5901</t>
    </point>
    <point>
      <x>0.63166666</x>
      <y>0.83666664</y>
      <w>0.68328446</w>
      <t>5934</t>
    </point>
    <point>
      <x>0.635</x>
      <y>0.8383333</y>
      <w>0.68328446</w>
      <t>5934</t>
    </point>
    <point>
      <x>0.63666666</x>
      <y>0.8383333</y>
      <w>0.68328446</w>
      <t>5934</t>
    </point>
    <point>
      <x>0.64</x>
      <y>0.8383333</y>
      <w>0.68328446</w>
      <t>5934</t>
    </point>
    <point>
      <x>0.64166665</x>
      <y>0.8383333</y>
      <w>0.44379276</w>
      <t>5967</t>
    </point>
    <point>
      <x>0.645</x>
      <y>0.8383333</y>
      <w>0.44379276</w>
      <t>5967</t>
    </point>
    <point>
      <x>0.6483333</x>
      <y>0.8383333</y>
      <w>0.44379276</w>
      <t>5967</t>
    </point>
    <point>
      <x>0.65166664</x>
      <y>0.8383333</y>
      <w>0.44379276</w>
      <t>5967</t>
    </point>
    <point>
      <x>0.655</x>
      <y>0.83666664</y>
      <w>0.44379276</w>
      <t>5967</t>
    </point>
  </stroke>
</character>
