<?xml version="1.0" encoding="UTF-8"?>
<character>
  <stroke time="0">
    <point>
      <x>0.325</x>
      <y>0.16666667</y>
      <w>0.12414467</w>
      <t>37</t>
    </point>
    <point>
      <x>0.325</x>
      <y>0.16833334</y>
      <w>0.12414467</w>
      <t>37</t>
    </point>
    <point>
      <x>0.32666665</x>
      <y>0.17</y>
      <w>0.17497556</w>
      <t>67</t>
    </point>
    <point>
      <x>0.32833335</x>
      <y>0.17166667</y>
      <w>0.17497556</w>
      <t>67</t>
    </point>
    <point>
      <x>0.33</x>
      <y>0.17333333</y>
      <w>0.26197457</w>
      <t>101</t>
    </point>
    <point>
      <x>0.33166668</x>
      <y>0.17333333</y>
      <w>0.26197457</w>
      <t>101</t>
    </point>
    <point>
      <x>0.33166668</x>
      <y>0.175</y>
      <w>0.26197457</w>
      <t>101</t>
    </point>
    <point>
      <x>0.33333334</x>
      <y>0.17666666</y>
      <w>0.31769305</w>
      <t>133</t>
    </point>
    <point>
      <x>0.335</x>
      <y>0.17833333</y>
      <w>0.37927663</w>
      <t>167</t>
    </point>
    <point>
      <x>0.33666667</x>
      <y>0.18</y>
      <w>0.37927663</w>
      <t>167</t>
    </point>
    <point>
      <x>0.33833334</x>
      <y>0.18</y>
      <w>0.4281525</w>
      <t>201</t>
    </point>
    <point>
      <x>0.33833334</x>
      <y>0.18166667</y>
      <w>0.4281525</w>
      <t>201</t>
    </point>
    <point>
      <x>0.34</x>
      <y>0.18166667</y>
      <w>0.47702834</w>
      <t>234</t>
    </point>
    <point>
      <x>0.34166667</x>
      <y>0.18166667</y>
      <w>0.47702834</w>
      <t>234</t>
    </point>
    <point>
      <x>0.34166667</x>
      <y>0.18333334</y>
      <w>0.47702834</w>
      <t>234</t>
    </point>
    <point>
      <x>0.34333333</x>
      <y>0.18333334</y>
      <w>0.514174</w>
      <t>267</t>
    </point>
    <point>
      <x>0.345</x>
      <y>0.18333334</y>
      <w>0.514174</w>
      <t>267</t>
    </point>
    <point>
      <x>0.34666666</x>
      <y>0.18333334</y>
      <w>0.514174</w>
      <t>267</t>
    </point>
    <point>
      <x>0.34833333</x>
      <y>0.18333334</y>
      <w>0.54447705</w>
      <t>300</t>
    </point>
    <point>
      <x>0.35</x>
      <y>0.18333334</y>
      <w>0.54447705</w>
      <t>300</t>
    </point>
    <point>
      <x>0.35166666</x>
      <y>0.18333334</y>
      <w>0.57380253</w>
      <t>333</t>
    </point>
    <point>
      <x>0.35333332</x>
      <y>0.18333334</y>
      <w>0.57380253</w>
      <t>333</t>
    </point>
    <point>
      <x>0.355</x>
      <y>0.18333334</y>
      <w>0.5884653</w>
      <t>367</t>
    </point>
    <point>
      <x>0.35666665</x>
      <y>0.18333334</y>
      <w>0.5884653</w>
      <t>367</t>
    </point>
    <point>
      <x>0.35833332</x>
      <y>0.18333334</y>
      <w>0.5884653</w>
      <t>367</t>
    </point>
    <point>
      <x>0.36</x>
      <y>0.18333334</y>
      <w>0.5884653</w>
      <t>368</t>
    </point>
    <point>
      <x>0.36166668</x>
      <y>0.18333334</y>
      <w>0.60215056</w>
      <t>400</t>
    </point>
    <point>
      <x>0.36333334</x>
      <y>0.18333334</y>
      <w>0.60215056</w>
      <t>400</t>
    </point>
    <point>
      <x>0.365</x>
      <y>0.18333334</y>
      <w>0.60215056</w>
      <t>400</t>
    </point>
    <point>
      <x>0.36666667</x>
      <y>0.18333334</y>
      <w>0.60215056</w>
      <t>401</t>
    </point>
    <point>
      <x>0.36833334</x>
      <y>0.18333334</y>
      <w>0.60703814</w>
      <t>434</t>
    </point>
    <point>
      <x>0.37</x>
      <y>0.18166667</y>
      <w>0.60703814</w>
      <t>434</t>
    </point>
    <point>
      <x>0.37333333</x>
      <y>0.18166667</y>
      <w>0.60703814</w>
      <t>434</t>
    </point>
    <point>
      <x>0.375</x>
      <y>0.18</y>
      <w>0.60703814</w>
      <t>435</t>
    </point>
    <point>
      <x>0.37666667</x>
      <y>0.18</y>
      <w>0.60703814</w>
      <t>435</t>
    </point>
    <point>
      <x>0.38</x>
      <y>0.17833333</y>
      <w>0.6177908</w>
      <t>467</t>
    </point>
    <point>
      <x>0.38166666</x>
      <y>0.17833333</y>
      <w>0.6177908</w>
      <t>467</t>
    </point>
    <point>
      <x>0.385</x>
      <y>0.17666666</y>
      <w>0.6177908</w>
      <t>467</t>
    </point>
    <point>
      <x>0.38833332</x>
      <y>0.175</y>
      <w>0.6177908</w>
      <t>468</t>
    </point>
    <point>
      <x>0.39166668</x>
      <y>0.17333333</y>
      <w>0.6226784</w>
      <t>500</t>
    </point>
    <point>
      <x>0.39333335</x>
      <y>0.17333333</y>
      <w>0.6226784</w>
      <t>500</t>
    </point>
    <point>
      <x>0.39666668</x>
      <y>0.17166667</y>
      <w>0.6226784</w>
      <t>500</t>
    </point>
    <point>
      <x>0.40166667</x>
      <y>0.17</y>
      <w>0.6226784</w>
      <t>501</t>
    </point>
    <point>
      <x>0.405</x>
      <y>0.16833334</y>
      <w>0.62561095</w>
      <t>533</t>
    </point>
    <point>
      <x>0.40833333</x>
      <y>0.16666667</y>
      <w>0.62561095</w>
      <t>533</t>
    </point>
    <point>
      <x>0.41333333</x>
      <y>0.16333333</y>
      <w>0.62561095</w>
      <t>533</t>
    </point>
    <point>
      <x>0.41666666</x>
      <y>0.16166666</y>
      <w>0.62561095</w>
      <t>533</t>
    </point>
    <point>
      <x>0.42166665</x>
      <y>0.16</y>
      <w>0.62561095</w>
      <t>534</t>
    </point>
    <point>
      <x>0.425</x>
      <y>0.15833333</y>
      <w>0.62561095</w>
      <t>567</t>
    </point>
    <point>
      <x>0.43</x>
      <y>0.15666667</y>
      <w>0.62561095</w>
      <t>567</t>
    </point>
    <point>
      <x>0.435</x>
      <y>0.155</y>
      <w>0.62561095</w>
      <t>567</t>
    </point>
    <point>
      <x>0.43833333</x>
      <y>0.15333334</y>
      <w>0.62561095</w>
      <t>567</t>
    </point>
    <point>
      <x>0.44333333</x>
      <y>0.15166667</y>
      <w>0.62561095</w>
      <t>600</t>
    </point>
    <point>
      <x>0.44666666</x>
      <y>0.15</y>
      <w>0.62561095</w>
      <t>600</t>
    </point>
    <point>
      <x>0.45166665</x>
      <y>0.14833333</y>
      <w>0.62561095</w>
      <t>600</t>
    </point>
    <point>
      <x>0.45666668</x>
      <y>0.14666666</y>
      <w>0.62561095</w>
      <t>600</t>
    </point>
    <point>
      <x>0.46</x>
      <y>0.145</y>
      <w>0.62561095</w>
      <t>601</t>
    </point>
    <point>
      <x>0.465</x>
      <y>0.14333333</y>
      <w>0.62561095</w>
      <t>633</t>
    </point>
    <point>
      <x>0.47</x>
      <y>0.14166667</y>
      <w>0.62561095</w>
      <t>633</t>
    </point>
    <point>
      <x>0.47333333</x>
      <y>0.14</y>
      <w>0.62561095</w>
      <t>633</t>
    </point>
    <point>
      <x>0.47833332</x>
      <y>0.13833334</y>
      <w>0.62561095</w>
      <t>633</t>
    </point>
    <point>
      <x>0.48333332</x>
      <y>0.13666667</y>
      <w>0.627566</w>
      <t>667</t>
    </point>
    <point>
      <x>0.48833334</x>
      <y>0.135</y>
      <w>0.627566</w>
      <t>667</t>
    </point>
    <point>
      <x>0.49166667</x>
      <y>0.13333334</y>
      <w>0.627566</w>
      <t>667</t>
    </point>
    <point>
      <x>0.49666667</x>
      <y>0.13166666</y>
      <w>0.627566</w>
      <t>667</t>
    </point>
    <point>
      <x>0.50166667</x>
      <y>0.13</y>
      <w>0.627566</w>
      <t>668</t>
    </point>
    <point>
      <x>0.505</x>
      <y>0.12833333</y>
      <w>0.6285435</w>
      <t>700</t>
    </point>
    <point>
      <x>0.5083333</x>
      <y>0.12833333</y>
      <w>0.6285435</w>
      <t>700</t>
    </point>
    <point>
      <x>0.51166666</x>
      <y>0.12666667</y>
      <w>0.6285435</w>
      <t>700</t>
    </point>
    <point>
      <x>0.51666665</x>
      <y>0.12666667</y>
      <w>0.6285435</w>
      <t>700</t>
    </point>
    <point>
      <x>0.52</x>
      <y>0.12666667</y>
      <w>0.6285435</w>
      <t>734</t>
    </point>
    <point>
      <x>0.52166665</x>
      <y>0.12666667</y>
      <w>0.6285435</w>
      <t>734</t>
    </point>
    <point>
      <x>0.525</x>
      <y>0.125</y>
      <w>0.6285435</w>
      <t>734</t>
    </point>
    <point>
      <x>0.5283333</x>
      <y>0.125</y>
      <w>0.6285435</w>
      <t>734</t>
    </point>
    <point>
      <x>0.53</x>
      <y>0.125</y>
      <w>0.6285435</w>
      <t>735</t>
    </point>
    <point>
      <x>0.5316667</x>
      <y>0.125</y>
      <w>0.6285435</w>
      <t>768</t>
    </point>
    <point>
      <x>0.53333336</x>
      <y>0.125</y>
      <w>0.6285435</w>
      <t>769</t>
    </point>
    <point>
      <x>0.535</x>
      <y>0.125</y>
      <w>0.6285435</w>
      <t>769</t>
    </point>
    <point>
      <x>0.5366667</x>
      <y>0.125</y>
      <w>0.627566</w>
      <t>800</t>
    </point>
    <point>
      <x>0.53833336</x>
      <y>0.12666667</y>
      <w>0.627566</w>
      <t>800</t>
    </point>
    <point>
      <x>0.54</x>
      <y>0.12666667</y>
      <w>0.627566</w>
      <t>800</t>
    </point>
    <point>
      <x>0.5416667</x>
      <y>0.12833333</y>
      <w>0.6304985</w>
      <t>834</t>
    </point>
    <point>
      <x>0.54333335</x>
      <y>0.13</y>
      <w>0.6304985</w>
      <t>834</t>
    </point>
    <point>
      <x>0.545</x>
      <y>0.13166666</y>
      <w>0.6304985</w>
      <t>834</t>
    </point>
    <point>
      <x>0.5466667</x>
      <y>0.13166666</y>
      <w>0.6304985</w>
      <t>836</t>
    </point>
    <point>
      <x>0.54833335</x>
      <y>0.13333334</y>
      <w>0.63147604</w>
      <t>867</t>
    </point>
    <point>
      <x>0.54833335</x>
      <y>0.135</y>
      <w>0.63147604</w>
      <t>867</t>
    </point>
    <point>
      <x>0.54833335</x>
      <y>0.13666667</y>
      <w>0.6304985</w>
      <t>901</t>
    </point>
    <point>
      <x>0.55</x>
      <y>0.13666667</y>
      <w>0.6304985</w>
      <t>901</t>
    </point>
    <point>
      <x>0.55</x>
      <y>0.13833334</y>
      <w>0.63147604</w>
      <t>934</t>
    </point>
    <point>
      <x>0.55</x>
      <y>0.14</y>
      <w>0.63147604</w>
      <t>934</t>
    </point>
    <point>
      <x>0.55</x>
      <y>0.14166667</y>
      <w>0.6363636</w>
      <t>967</t>
    </point>
    <point>
      <x>0.55</x>
      <y>0.14333333</y>
      <w>0.6363636</w>
      <t>967</t>
    </point>
    <point>
      <x>0.55</x>
      <y>0.145</y>
      <w>0.6363636</w>
      <t>967</t>
    </point>
    <point>
      <x>0.55</x>
      <y>0.14666666</y>
      <w>0.6363636</w>
      <t>967</t>
    </point>
    <point>
      <x>0.55</x>
      <y>0.14833333</y>
      <w>0.63831866</w>
      <t>1001</t>
    </point>
    <point>
      <x>0.55</x>
      <y>0.15</y>
      <w>0.63831866</w>
      <t>1001</t>
    </point>
    <point>
      <x>0.55</x>
      <y>0.15166667</y>
      <w>0.63831866</w>
      <t>1001</t>
    </point>
    <point>
      <x>0.54833335</x>
      <y>0.155</y>
      <w>0.63831866</w>
      <t>1001</t>
    </point>
    <point>
      <x>0.54833335</x>
      <y>0.15666667</y>
      <w>0.6402737</w>
      <t>1034</t>
    </point>
    <point>
      <x>0.5466667</x>
      <y>0.16</y>
      <w>0.6402737</w>
      <t>1034</t>
    </point>
    <point>
      <x>0.545</x>
      <y>0.16166666</y>
      <w>0.6402737</w>
      <t>1034</t>
    </point>
    <point>
      <x>0.54333335</x>
      <y>0.165</y>
      <w>0.6402737</w>
      <t>1034</t>
    </point>
    <point>
      <x>0.5416667</x>
      <y>0.16833334</y>
      <w>0.6402737</w>
      <t>1035</t>
    </point>
    <point>
      <x>0.53833336</x>
      <y>0.17166667</y>
      <w>0.6461388</w>
      <t>1067</t>
    </point>
    <point>
      <x>0.5366667</x>
      <y>0.175</y>
      <w>0.6461388</w>
      <t>1067</t>
    </point>
    <point>
      <x>0.535</x>
      <y>0.17833333</y>
      <w>0.6461388</w>
      <t>1067</t>
    </point>
    <point>
      <x>0.53333336</x>
      <y>0.18</y>
      <w>0.6461388</w>
      <t>1067</t>
    </point>
    <point>
      <x>0.5316667</x>
      <y>0.18333334</y>
      <w>0.6461388</w>
      <t>1100</t>
    </point>
    <point>
      <x>0.5283333</x>
      <y>0.185</y>
      <w>0.6461388</w>
      <t>1100</t>
    </point>
    <point>
      <x>0.52666664</x>
      <y>0.18666667</y>
      <w>0.6461388</w>
      <t>1100</t>
    </point>
    <point>
      <x>0.525</x>
      <y>0.19</y>
      <w>0.6461388</w>
      <t>1100</t>
    </point>
    <point>
      <x>0.5233333</x>
      <y>0.19333333</y>
      <w>0.6461388</w>
      <t>1134</t>
    </point>
    <point>
      <x>0.52166665</x>
      <y>0.19666667</y>
      <w>0.6461388</w>
      <t>1134</t>
    </point>
    <point>
      <x>0.5183333</x>
      <y>0.2</y>
      <w>0.6461388</w>
      <t>1134</t>
    </point>
    <point>
      <x>0.51666665</x>
      <y>0.20333333</y>
      <w>0.6461388</w>
      <t>1134</t>
    </point>
    <point>
      <x>0.515</x>
      <y>0.20666666</y>
      <w>0.6461388</w>
      <t>1134</t>
    </point>
    <point>
      <x>0.5133333</x>
      <y>0.21</y>
      <w>0.6422287</w>
      <t>1167</t>
    </point>
    <point>
      <x>0.51166666</x>
      <y>0.21333334</y>
      <w>0.6422287</w>
      <t>1167</t>
    </point>
    <point>
      <x>0.51</x>
      <y>0.21666667</y>
      <w>0.6422287</w>
      <t>1167</t>
    </point>
    <point>
      <x>0.51</x>
      <y>0.22</y>
      <w>0.6422287</w>
      <t>1167</t>
    </point>
    <point>
      <x>0.5083333</x>
      <y>0.22333333</y>
      <w>0.6402737</w>
      <t>1200</t>
    </point>
    <point>
      <x>0.50666666</x>
      <y>0.225</y>
      <w>0.6402737</w>
      <t>1200</t>
    </point>
    <point>
      <x>0.50666666</x>
      <y>0.22833334</y>
      <w>0.6402737</w>
      <t>1200</t>
    </point>
    <point>
      <x>0.50666666</x>
      <y>0.23166667</y>
      <w>0.6402737</w>
      <t>1201</t>
    </point>
    <point>
      <x>0.50666666</x>
      <y>0.23333333</y>
      <w>0.6402737</w>
      <t>1201</t>
    </point>
    <point>
      <x>0.50666666</x>
      <y>0.235</y>
      <w>0.6363636</w>
      <t>1233</t>
    </point>
    <point>
      <x>0.50666666</x>
      <y>0.23833333</y>
      <w>0.6363636</w>
      <t>1233</t>
    </point>
    <point>
      <x>0.50666666</x>
      <y>0.24</y>
      <w>0.6363636</w>
      <t>1233</t>
    </point>
    <point>
      <x>0.50666666</x>
      <y>0.24166666</y>
      <w>0.6363636</w>
      <t>1233</t>
    </point>
    <point>
      <x>0.5083333</x>
      <y>0.24333334</y>
      <w>0.6285435</w>
      <t>1267</t>
    </point>
    <point>
      <x>0.5083333</x>
      <y>0.245</y>
      <w>0.6285435</w>
      <t>1267</t>
    </point>
    <point>
      <x>0.51</x>
      <y>0.24666667</y>
      <w>0.6285435</w>
      <t>1267</t>
    </point>
    <point>
      <x>0.51166666</x>
      <y>0.24833333</y>
      <w>0.6285435</w>
      <t>1267</t>
    </point>
    <point>
      <x>0.5133333</x>
      <y>0.25</y>
      <w>0.6285435</w>
      <t>1267</t>
    </point>
    <point>
      <x>0.5133333</x>
      <y>0.25166667</y>
      <w>0.60215056</w>
      <t>1300</t>
    </point>
    <point>
      <x>0.51666665</x>
      <y>0.25333333</y>
      <w>0.60215056</w>
      <t>1300</t>
    </point>
    <point>
      <x>0.5183333</x>
      <y>0.255</y>
      <w>0.60215056</w>
      <t>1300</t>
    </point>
    <point>
      <x>0.52</x>
      <y>0.25666666</y>
      <w>0.60215056</w>
      <t>1300</t>
    </point>
    <point>
      <x>0.52166665</x>
      <y>0.25666666</y>
      <w>0.59335285</w>
      <t>1334</t>
    </point>
    <point>
      <x>0.525</x>
      <y>0.25833333</y>
      <w>0.59335285</w>
      <t>1334</t>
    </point>
    <point>
      <x>0.52666664</x>
      <y>0.26</y>
      <w>0.59335285</w>
      <t>1334</t>
    </point>
    <point>
      <x>0.5283333</x>
      <y>0.26</y>
      <w>0.59335285</w>
      <t>1334</t>
    </point>
    <point>
      <x>0.53</x>
      <y>0.26166666</y>
      <w>0.59335285</w>
      <t>1334</t>
    </point>
    <point>
      <x>0.5316667</x>
      <y>0.26333332</y>
      <w>0.57478005</w>
      <t>1367</t>
    </point>
    <point>
      <x>0.53333336</x>
      <y>0.265</y>
      <w>0.57478005</w>
      <t>1367</t>
    </point>
    <point>
      <x>0.535</x>
      <y>0.26666668</y>
      <w>0.57478005</w>
      <t>1367</t>
    </point>
    <point>
      <x>0.5366667</x>
      <y>0.26833335</y>
      <w>0.53861195</w>
      <t>1401</t>
    </point>
    <point>
      <x>0.53833336</x>
      <y>0.27</y>
      <w>0.53861195</w>
      <t>1401</t>
    </point>
    <point>
      <x>0.54</x>
      <y>0.27166668</y>
      <w>0.53079176</w>
      <t>1434</t>
    </point>
    <point>
      <x>0.54</x>
      <y>0.27333334</y>
      <w>0.53079176</w>
      <t>1434</t>
    </point>
    <point>
      <x>0.5416667</x>
      <y>0.275</y>
      <w>0.51319647</w>
      <t>1468</t>
    </point>
    <point>
      <x>0.5416667</x>
      <y>0.27666667</y>
      <w>0.51319647</w>
      <t>1468</t>
    </point>
    <point>
      <x>0.5416667</x>
      <y>0.27833334</y>
      <w>0.51319647</w>
      <t>1468</t>
    </point>
    <point>
      <x>0.5416667</x>
      <y>0.28</y>
      <w>0.5083089</w>
      <t>1501</t>
    </point>
    <point>
      <x>0.5416667</x>
      <y>0.28166667</y>
      <w>0.5083089</w>
      <t>1501</t>
    </point>
    <point>
      <x>0.5416667</x>
      <y>0.28333333</y>
      <w>0.5083089</w>
      <t>1501</t>
    </point>
    <point>
      <x>0.5416667</x>
      <y>0.285</y>
      <w>0.5083089</w>
      <t>1501</t>
    </point>
    <point>
      <x>0.5416667</x>
      <y>0.28666666</y>
      <w>0.50537634</w>
      <t>1534</t>
    </point>
    <point>
      <x>0.5416667</x>
      <y>0.28833333</y>
      <w>0.50537634</w>
      <t>1534</t>
    </point>
    <point>
      <x>0.5416667</x>
      <y>0.29</y>
      <w>0.50537634</w>
      <t>1534</t>
    </point>
    <point>
      <x>0.5416667</x>
      <y>0.29166666</y>
      <w>0.5083089</w>
      <t>1567</t>
    </point>
    <point>
      <x>0.54</x>
      <y>0.29333332</y>
      <w>0.5083089</w>
      <t>1567</t>
    </point>
    <point>
      <x>0.54</x>
      <y>0.29666665</y>
      <w>0.5083089</w>
      <t>1567</t>
    </point>
    <point>
      <x>0.53833336</x>
      <y>0.29666665</y>
      <w>0.5083089</w>
      <t>1567</t>
    </point>
    <point>
      <x>0.53833336</x>
      <y>0.29833335</y>
      <w>0.5083089</w>
      <t>1567</t>
    </point>
    <point>
      <x>0.5366667</x>
      <y>0.30166668</y>
      <w>0.5092864</w>
      <t>1601</t>
    </point>
    <point>
      <x>0.535</x>
      <y>0.30333334</y>
      <w>0.5092864</w>
      <t>1601</t>
    </point>
    <point>
      <x>0.53333336</x>
      <y>0.305</y>
      <w>0.5092864</w>
      <t>1601</t>
    </point>
    <point>
      <x>0.5316667</x>
      <y>0.30666667</y>
      <w>0.5092864</w>
      <t>1601</t>
    </point>
    <point>
      <x>0.53</x>
      <y>0.31</y>
      <w>0.51124144</w>
      <t>1634</t>
    </point>
    <point>
      <x>0.5283333</x>
      <y>0.31166667</y>
      <w>0.51124144</w>
      <t>1634</t>
    </point>
    <point>
      <x>0.52666664</x>
      <y>0.31333333</y>
      <w>0.51124144</w>
      <t>1634</t>
    </point>
    <point>
      <x>0.525</x>
      <y>0.31666666</y>
      <w>0.51124144</w>
      <t>1634</t>
    </point>
    <point>
      <x>0.52166665</x>
      <y>0.31833333</y>
      <w>0.51124144</w>
      <t>1634</t>
    </point>
    <point>
      <x>0.52</x>
      <y>0.32</y>
      <w>0.51124144</w>
      <t>1667</t>
    </point>
    <point>
      <x>0.5183333</x>
      <y>0.32166666</y>
      <w>0.51124144</w>
      <t>1667</t>
    </point>
    <point>
      <x>0.51666665</x>
      <y>0.32333332</y>
      <w>0.51124144</w>
      <t>1667</t>
    </point>
    <point>
      <x>0.515</x>
      <y>0.32666665</y>
      <w>0.51124144</w>
      <t>1667</t>
    </point>
    <point>
      <x>0.51166666</x>
      <y>0.32833335</y>
      <w>0.51124144</w>
      <t>1701</t>
    </point>
    <point>
      <x>0.5083333</x>
      <y>0.33166668</y>
      <w>0.51124144</w>
      <t>1701</t>
    </point>
    <point>
      <x>0.50666666</x>
      <y>0.335</y>
      <w>0.51124144</w>
      <t>1701</t>
    </point>
    <point>
      <x>0.50333333</x>
      <y>0.33833334</y>
      <w>0.51124144</w>
      <t>1701</t>
    </point>
    <point>
      <x>0.5</x>
      <y>0.34166667</y>
      <w>0.5102639</w>
      <t>1734</t>
    </point>
    <point>
      <x>0.49833333</x>
      <y>0.345</y>
      <w>0.5102639</w>
      <t>1734</t>
    </point>
    <point>
      <x>0.495</x>
      <y>0.35</y>
      <w>0.5102639</w>
      <t>1734</t>
    </point>
    <point>
      <x>0.49</x>
      <y>0.35333332</y>
      <w>0.5102639</w>
      <t>1734</t>
    </point>
    <point>
      <x>0.48666668</x>
      <y>0.35833332</y>
      <w>0.5102639</w>
      <t>1734</t>
    </point>
    <point>
      <x>0.48333332</x>
      <y>0.36333334</y>
      <w>0.5092864</w>
      <t>1767</t>
    </point>
    <point>
      <x>0.47833332</x>
      <y>0.36833334</y>
      <w>0.5092864</w>
      <t>1767</t>
    </point>
    <point>
      <x>0.47333333</x>
      <y>0.375</y>
      <w>0.5092864</w>
      <t>1767</t>
    </point>
    <point>
      <x>0.46833333</x>
      <y>0.38</y>
      <w>0.5092864</w>
      <t>1767</t>
    </point>
    <point>
      <x>0.46333334</x>
      <y>0.385</y>
      <w>0.5092864</w>
      <t>1800</t>
    </point>
    <point>
      <x>0.45833334</x>
      <y>0.39</y>
      <w>0.5092864</w>
      <t>1800</t>
    </point>
    <point>
      <x>0.45333335</x>
      <y>0.39333335</y>
      <w>0.5092864</w>
      <t>1800</t>
    </point>
    <point>
      <x>0.44833332</x>
      <y>0.39833334</y>
      <w>0.5092864</w>
      <t>1800</t>
    </point>
    <point>
      <x>0.44333333</x>
      <y>0.40333334</y>
      <w>0.5092864</w>
      <t>1800</t>
    </point>
    <point>
      <x>0.43833333</x>
      <y>0.40833333</y>
      <w>0.51124144</w>
      <t>1834</t>
    </point>
    <point>
      <x>0.43333334</x>
      <y>0.415</y>
      <w>0.51124144</w>
      <t>1834</t>
    </point>
    <point>
      <x>0.42833334</x>
      <y>0.42</y>
      <w>0.51124144</w>
      <t>1834</t>
    </point>
    <point>
      <x>0.425</x>
      <y>0.425</y>
      <w>0.51124144</w>
      <t>1834</t>
    </point>
    <point>
      <x>0.42</x>
      <y>0.43166667</y>
      <w>0.514174</w>
      <t>1867</t>
    </point>
    <point>
      <x>0.415</x>
      <y>0.43666667</y>
      <w>0.514174</w>
      <t>1867</t>
    </point>
    <point>
      <x>0.41</x>
      <y>0.44166666</y>
      <w>0.514174</w>
      <t>1867</t>
    </point>
    <point>
      <x>0.40666667</x>
      <y>0.44666666</y>
      <w>0.514174</w>
      <t>1867</t>
    </point>
    <point>
      <x>0.40333334</x>
      <y>0.45166665</y>
      <w>0.514174</w>
      <t>1867</t>
    </point>
    <point>
      <x>0.4</x>
      <y>0.455</y>
      <w>0.5259042</w>
      <t>1900</t>
    </point>
    <point>
      <x>0.39666668</x>
      <y>0.46</y>
      <w>0.5259042</w>
      <t>1900</t>
    </point>
    <point>
      <x>0.395</x>
      <y>0.46333334</y>
      <w>0.5259042</w>
      <t>1900</t>
    </point>
    <point>
      <x>0.39333335</x>
      <y>0.46666667</y>
      <w>0.5259042</w>
      <t>1900</t>
    </point>
    <point>
      <x>0.39166668</x>
      <y>0.47</y>
      <w>0.52981424</w>
      <t>1934</t>
    </point>
    <point>
      <x>0.39</x>
      <y>0.47333333</y>
      <w>0.52981424</w>
      <t>1934</t>
    </point>
    <point>
      <x>0.38833332</x>
      <y>0.47666666</y>
      <w>0.52981424</w>
      <t>1934</t>
    </point>
    <point>
      <x>0.38666666</x>
      <y>0.48</y>
      <w>0.52981424</w>
      <t>1934</t>
    </point>
    <point>
      <x>0.385</x>
      <y>0.48333332</y>
      <w>0.52981424</w>
      <t>1934</t>
    </point>
    <point>
      <x>0.38333333</x>
      <y>0.48666668</y>
      <w>0.53079176</w>
      <t>1967</t>
    </point>
    <point>
      <x>0.38333333</x>
      <y>0.48833334</y>
      <w>0.53079176</w>
      <t>1967</t>
    </point>
    <point>
      <x>0.38333333</x>
      <y>0.49</y>
      <w>0.53079176</w>
      <t>1967</t>
    </point>
    <point>
      <x>0.38333333</x>
      <y>0.49166667</y>
      <w>0.53079176</w>
      <t>1967</t>
    </point>
    <point>
      <x>0.38333333</x>
      <y>0.49333334</y>
      <w>0.53372437</w>
      <t>2001</t>
    </point>
    <point>
      <x>0.38333333</x>
      <y>0.495</y>
      <w>0.53372437</w>
      <t>2001</t>
    </point>
    <point>
      <x>0.38333333</x>
      <y>0.49666667</y>
      <w>0.5366569</w>
      <t>2034</t>
    </point>
    <point>
      <x>0.385</x>
      <y>0.49666667</y>
      <w>0.5366569</w>
      <t>2034</t>
    </point>
    <point>
      <x>0.38666666</x>
      <y>0.49833333</y>
      <w>0.5366569</w>
      <t>2034</t>
    </point>
    <point>
      <x>0.38833332</x>
      <y>0.49833333</y>
      <w>0.5366569</w>
      <t>2034</t>
    </point>
    <point>
      <x>0.39</x>
      <y>0.49833333</y>
      <w>0.53763443</w>
      <t>2067</t>
    </point>
    <point>
      <x>0.39166668</x>
      <y>0.49833333</y>
      <w>0.53763443</w>
      <t>2067</t>
    </point>
    <point>
      <x>0.39333335</x>
      <y>0.49833333</y>
      <w>0.53763443</w>
      <t>2067</t>
    </point>
    <point>
      <x>0.395</x>
      <y>0.49833333</y>
      <w>0.53763443</w>
      <t>2067</t>
    </point>
    <point>
      <x>0.39666668</x>
      <y>0.49833333</y>
      <w>0.53958946</w>
      <t>2100</t>
    </point>
    <point>
      <x>0.4</x>
      <y>0.49833333</y>
      <w>0.53958946</w>
      <t>2100</t>
    </point>
    <point>
      <x>0.40166667</x>
      <y>0.49833333</y>
      <w>0.53958946</w>
      <t>2100</t>
    </point>
    <point>
      <x>0.40333334</x>
      <y>0.49833333</y>
      <w>0.53958946</w>
      <t>2100</t>
    </point>
    <point>
      <x>0.40666667</x>
      <y>0.49833333</y>
      <w>0.53958946</w>
      <t>2100</t>
    </point>
    <point>
      <x>0.41</x>
      <y>0.49833333</y>
      <w>0.54447705</w>
      <t>2134</t>
    </point>
    <point>
      <x>0.41333333</x>
      <y>0.49666667</y>
      <w>0.54447705</w>
      <t>2134</t>
    </point>
    <point>
      <x>0.41666666</x>
      <y>0.49666667</y>
      <w>0.54447705</w>
      <t>2134</t>
    </point>
    <point>
      <x>0.42</x>
      <y>0.495</y>
      <w>0.54447705</w>
      <t>2134</t>
    </point>
    <point>
      <x>0.42333335</x>
      <y>0.49333334</y>
      <w>0.54545456</w>
      <t>2167</t>
    </point>
    <point>
      <x>0.42666668</x>
      <y>0.49333334</y>
      <w>0.54545456</w>
      <t>2167</t>
    </point>
    <point>
      <x>0.43</x>
      <y>0.49166667</y>
      <w>0.54545456</w>
      <t>2167</t>
    </point>
    <point>
      <x>0.43333334</x>
      <y>0.49</y>
      <w>0.54545456</w>
      <t>2167</t>
    </point>
    <point>
      <x>0.43666667</x>
      <y>0.49</y>
      <w>0.54545456</w>
      <t>2167</t>
    </point>
    <point>
      <x>0.44</x>
      <y>0.48833334</y>
      <w>0.5464321</w>
      <t>2201</t>
    </point>
    <point>
      <x>0.44333333</x>
      <y>0.48666668</y>
      <w>0.5464321</w>
      <t>2201</t>
    </point>
    <point>
      <x>0.44666666</x>
      <y>0.485</y>
      <w>0.5464321</w>
      <t>2201</t>
    </point>
    <point>
      <x>0.45</x>
      <y>0.48333332</y>
      <w>0.5464321</w>
      <t>2201</t>
    </point>
    <point>
      <x>0.455</x>
      <y>0.48166665</y>
      <w>0.5464321</w>
      <t>2234</t>
    </point>
    <point>
      <x>0.45833334</x>
      <y>0.48</y>
      <w>0.5464321</w>
      <t>2234</t>
    </point>
    <point>
      <x>0.46166667</x>
      <y>0.47833332</y>
      <w>0.5464321</w>
      <t>2234</t>
    </point>
    <point>
      <x>0.465</x>
      <y>0.47666666</y>
      <w>0.5464321</w>
      <t>2234</t>
    </point>
    <point>
      <x>0.47</x>
      <y>0.475</y>
      <w>0.5464321</w>
      <t>2234</t>
    </point>
    <point>
      <x>0.47333333</x>
      <y>0.47333333</y>
      <w>0.5464321</w>
      <t>2267</t>
    </point>
    <point>
      <x>0.47666666</x>
      <y>0.47</y>
      <w>0.5464321</w>
      <t>2267</t>
    </point>
    <point>
      <x>0.48166665</x>
      <y>0.46833333</y>
      <w>0.5464321</w>
      <t>2267</t>
    </point>
    <point>
      <x>0.485</x>
      <y>0.46666667</y>
      <w>0.5464321</w>
      <t>2267</t>
    </point>
    <point>
      <x>0.48833334</x>
      <y>0.465</y>
      <w>0.5483871</w>
      <t>2301</t>
    </point>
    <point>
      <x>0.49166667</x>
      <y>0.46166667</y>
      <w>0.5483871</w>
      <t>2301</t>
    </point>
    <point>
      <x>0.495</x>
      <y>0.46</y>
      <w>0.5483871</w>
      <t>2301</t>
    </point>
    <point>
      <x>0.49666667</x>
      <y>0.45833334</y>
      <w>0.5483871</w>
      <t>2301</t>
    </point>
    <point>
      <x>0.5</x>
      <y>0.45666668</y>
      <w>0.5493646</w>
      <t>2334</t>
    </point>
    <point>
      <x>0.50333333</x>
      <y>0.45333335</y>
      <w>0.5493646</w>
      <t>2334</t>
    </point>
    <point>
      <x>0.505</x>
      <y>0.45166665</y>
      <w>0.5493646</w>
      <t>2334</t>
    </point>
    <point>
      <x>0.5083333</x>
      <y>0.45</y>
      <w>0.5493646</w>
      <t>2334</t>
    </point>
    <point>
      <x>0.51</x>
      <y>0.44833332</y>
      <w>0.5493646</w>
      <t>2334</t>
    </point>
    <point>
      <x>0.51166666</x>
      <y>0.44833332</y>
      <w>0.5493646</w>
      <t>2367</t>
    </point>
    <point>
      <x>0.5133333</x>
      <y>0.44666666</y>
      <w>0.5493646</w>
      <t>2367</t>
    </point>
    <point>
      <x>0.515</x>
      <y>0.44666666</y>
      <w>0.5493646</w>
      <t>2367</t>
    </point>
    <point>
      <x>0.515</x>
      <y>0.445</y>
      <w>0.5493646</w>
      <t>2401</t>
    </point>
    <point>
      <x>0.515</x>
      <y>0.44333333</y>
      <w>0.5493646</w>
      <t>2401</t>
    </point>
    <point>
      <x>0.515</x>
      <y>0.44166666</y>
      <w>0.5493646</w>
      <t>2401</t>
    </point>
    <point>
      <x>0.515</x>
      <y>0.44</y>
      <w>0.53861195</w>
      <t>2434</t>
    </point>
    <point>
      <x>0.515</x>
      <y>0.43833333</y>
      <w>0.53861195</w>
      <t>2434</t>
    </point>
    <point>
      <x>0.5133333</x>
      <y>0.43833333</y>
      <w>0.53861195</w>
      <t>2434</t>
    </point>
    <point>
      <x>0.51166666</x>
      <y>0.43833333</y>
      <w>0.53372437</w>
      <t>2467</t>
    </point>
    <point>
      <x>0.51166666</x>
      <y>0.43666667</y>
      <w>0.53372437</w>
      <t>2467</t>
    </point>
    <point>
      <x>0.51</x>
      <y>0.43666667</y>
      <w>0.53372437</w>
      <t>2467</t>
    </point>
    <point>
      <x>0.5083333</x>
      <y>0.43666667</y>
      <w>0.53372437</w>
      <t>2467</t>
    </point>
    <point>
      <x>0.50666666</x>
      <y>0.43666667</y>
      <w>0.53372437</w>
      <t>2467</t>
    </point>
    <point>
      <x>0.505</x>
      <y>0.435</y>
      <w>0.53274685</w>
      <t>2501</t>
    </point>
    <point>
      <x>0.50333333</x>
      <y>0.435</y>
      <w>0.53274685</w>
      <t>2501</t>
    </point>
    <point>
      <x>0.50166667</x>
      <y>0.435</y>
      <w>0.53274685</w>
      <t>2501</t>
    </point>
    <point>
      <x>0.5</x>
      <y>0.435</y>
      <w>0.53274685</w>
      <t>2501</t>
    </point>
    <point>
      <x>0.49833333</x>
      <y>0.43666667</y>
      <w>0.5464321</w>
      <t>2534</t>
    </point>
    <point>
      <x>0.49666667</x>
      <y>0.43833333</y>
      <w>0.5464321</w>
      <t>2534</t>
    </point>
    <point>
      <x>0.495</x>
      <y>0.44</y>
      <w>0.5464321</w>
      <t>2534</t>
    </point>
    <point>
      <x>0.49333334</x>
      <y>0.44</y>
      <w>0.5464321</w>
      <t>2534</t>
    </point>
    <point>
      <x>0.49166667</x>
      <y>0.44333333</y>
      <w>0.5464321</w>
      <t>2534</t>
    </point>
    <point>
      <x>0.49</x>
      <y>0.445</y>
      <w>0.5786901</w>
      <t>2567</t>
    </point>
    <point>
      <x>0.48833334</x>
      <y>0.44666666</y>
      <w>0.5786901</w>
      <t>2567</t>
    </point>
    <point>
      <x>0.48833334</x>
      <y>0.44833332</y>
      <w>0.5786901</w>
      <t>2567</t>
    </point>
    <point>
      <x>0.48666668</x>
      <y>0.45</y>
      <w>0.5786901</w>
      <t>2567</t>
    </point>
    <point>
      <x>0.48666668</x>
      <y>0.45166665</y>
      <w>0.6217009</w>
      <t>2601</t>
    </point>
    <point>
      <x>0.485</x>
      <y>0.455</y>
      <w>0.6217009</w>
      <t>2601</t>
    </point>
    <point>
      <x>0.485</x>
      <y>0.45666668</y>
      <w>0.6217009</w>
      <t>2601</t>
    </point>
    <point>
      <x>0.48333332</x>
      <y>0.45833334</y>
      <w>0.6217009</w>
      <t>2601</t>
    </point>
    <point>
      <x>0.48333332</x>
      <y>0.46</y>
      <w>0.6451613</w>
      <t>2634</t>
    </point>
    <point>
      <x>0.48166665</x>
      <y>0.46166667</y>
      <w>0.6451613</w>
      <t>2634</t>
    </point>
    <point>
      <x>0.48166665</x>
      <y>0.46333334</y>
      <w>0.6451613</w>
      <t>2634</t>
    </point>
    <point>
      <x>0.48166665</x>
      <y>0.465</y>
      <w>0.6451613</w>
      <t>2634</t>
    </point>
    <point>
      <x>0.48166665</x>
      <y>0.46666667</y>
      <w>0.6451613</w>
      <t>2634</t>
    </point>
    <point>
      <x>0.48</x>
      <y>0.46833333</y>
      <w>0.67057675</w>
      <t>2667</t>
    </point>
    <point>
      <x>0.48</x>
      <y>0.47</y>
      <w>0.67057675</w>
      <t>2667</t>
    </point>
    <point>
      <x>0.48</x>
      <y>0.47166666</y>
      <w>0.67057675</w>
      <t>2667</t>
    </point>
    <point>
      <x>0.48</x>
      <y>0.47333333</y>
      <w>0.67057675</w>
      <t>2667</t>
    </point>
    <point>
      <x>0.47833332</x>
      <y>0.475</y>
      <w>0.71358746</w>
      <t>2700</t>
    </point>
    <point>
      <x>0.47833332</x>
      <y>0.47833332</y>
      <w>0.71358746</w>
      <t>2700</t>
    </point>
    <point>
      <x>0.47666666</x>
      <y>0.48</y>
      <w>0.71358746</w>
      <t>2700</t>
    </point>
    <point>
      <x>0.47666666</x>
      <y>0.48166665</y>
      <w>0.71358746</w>
      <t>2700</t>
    </point>
    <point>
      <x>0.47666666</x>
      <y>0.48333332</y>
      <w>0.71358746</w>
      <t>2700</t>
    </point>
    <point>
      <x>0.475</x>
      <y>0.48666668</y>
      <w>0.73411536</w>
      <t>2734</t>
    </point>
    <point>
      <x>0.475</x>
      <y>0.49</y>
      <w>0.73411536</w>
      <t>2734</t>
    </point>
    <point>
      <x>0.47333333</x>
      <y>0.49166667</y>
      <w>0.73411536</w>
      <t>2734</t>
    </point>
    <point>
      <x>0.47166666</x>
      <y>0.495</y>
      <w>0.73411536</w>
      <t>2734</t>
    </point>
    <point>
      <x>0.47166666</x>
      <y>0.49833333</y>
      <w>0.7438905</w>
      <t>2767</t>
    </point>
    <point>
      <x>0.47</x>
      <y>0.50166667</y>
      <w>0.7438905</w>
      <t>2767</t>
    </point>
    <point>
      <x>0.46833333</x>
      <y>0.505</y>
      <w>0.7438905</w>
      <t>2767</t>
    </point>
    <point>
      <x>0.46833333</x>
      <y>0.5083333</y>
      <w>0.7438905</w>
      <t>2767</t>
    </point>
    <point>
      <x>0.46666667</x>
      <y>0.51166666</y>
      <w>0.7438905</w>
      <t>2767</t>
    </point>
    <point>
      <x>0.465</x>
      <y>0.515</y>
      <w>0.75268817</w>
      <t>2800</t>
    </point>
    <point>
      <x>0.46333334</x>
      <y>0.5183333</y>
      <w>0.75268817</w>
      <t>2800</t>
    </point>
    <point>
      <x>0.46333334</x>
      <y>0.5233333</y>
      <w>0.75268817</w>
      <t>2800</t>
    </point>
    <point>
      <x>0.46166667</x>
      <y>0.52666664</y>
      <w>0.75268817</w>
      <t>2800</t>
    </point>
    <point>
      <x>0.45833334</x>
      <y>0.5316667</y>
      <w>0.75757575</w>
      <t>2834</t>
    </point>
    <point>
      <x>0.45666668</x>
      <y>0.535</y>
      <w>0.75757575</w>
      <t>2834</t>
    </point>
    <point>
      <x>0.45333335</x>
      <y>0.54</y>
      <w>0.75757575</w>
      <t>2834</t>
    </point>
    <point>
      <x>0.45166665</x>
      <y>0.54333335</y>
      <w>0.75757575</w>
      <t>2834</t>
    </point>
    <point>
      <x>0.44833332</x>
      <y>0.5466667</y>
      <w>0.75757575</w>
      <t>2834</t>
    </point>
    <point>
      <x>0.44666666</x>
      <y>0.55</y>
      <w>0.7605083</w>
      <t>2867</t>
    </point>
    <point>
      <x>0.44333333</x>
      <y>0.55333334</y>
      <w>0.7605083</w>
      <t>2867</t>
    </point>
    <point>
      <x>0.44</x>
      <y>0.55833334</y>
      <w>0.7605083</w>
      <t>2867</t>
    </point>
    <point>
      <x>0.43666667</x>
      <y>0.56166667</y>
      <w>0.7605083</w>
      <t>2867</t>
    </point>
    <point>
      <x>0.43333334</x>
      <y>0.565</y>
      <w>0.76246333</w>
      <t>2901</t>
    </point>
    <point>
      <x>0.43</x>
      <y>0.5683333</y>
      <w>0.76246333</w>
      <t>2901</t>
    </point>
    <point>
      <x>0.42666668</x>
      <y>0.5733333</y>
      <w>0.76246333</w>
      <t>2901</t>
    </point>
    <point>
      <x>0.42166665</x>
      <y>0.57666665</y>
      <w>0.76246333</w>
      <t>2901</t>
    </point>
    <point>
      <x>0.41666666</x>
      <y>0.58166665</y>
      <w>0.76344085</w>
      <t>2934</t>
    </point>
    <point>
      <x>0.41333333</x>
      <y>0.585</y>
      <w>0.76344085</w>
      <t>2934</t>
    </point>
    <point>
      <x>0.40833333</x>
      <y>0.59</y>
      <w>0.76344085</w>
      <t>2934</t>
    </point>
    <point>
      <x>0.40333334</x>
      <y>0.5933333</y>
      <w>0.76344085</w>
      <t>2934</t>
    </point>
    <point>
      <x>0.39833334</x>
      <y>0.59833336</y>
      <w>0.76344085</w>
      <t>2934</t>
    </point>
    <point>
      <x>0.39333335</x>
      <y>0.6016667</y>
      <w>0.76441836</w>
      <t>2967</t>
    </point>
    <point>
      <x>0.38833332</x>
      <y>0.6066667</y>
      <w>0.76441836</w>
      <t>2967</t>
    </point>
    <point>
      <x>0.38333333</x>
      <y>0.61</y>
      <w>0.76441836</w>
      <t>2967</t>
    </point>
    <point>
      <x>0.37833333</x>
      <y>0.61333334</y>
      <w>0.76441836</w>
      <t>2967</t>
    </point>
    <point>
      <x>0.37333333</x>
      <y>0.6166667</y>
      <w>0.7497556</w>
      <t>3001</t>
    </point>
    <point>
      <x>0.36833334</x>
      <y>0.62</y>
      <w>0.7497556</w>
      <t>3001</t>
    </point>
    <point>
      <x>0.36333334</x>
      <y>0.62333333</y>
      <w>0.7497556</w>
      <t>3001</t>
    </point>
    <point>
      <x>0.35833332</x>
      <y>0.62666667</y>
      <w>0.7497556</w>
      <t>3001</t>
    </point>
    <point>
      <x>0.35333332</x>
      <y>0.63</y>
      <w>0.7497556</w>
      <t>3001</t>
    </point>
    <point>
      <x>0.34833333</x>
      <y>0.6333333</y>
      <w>0.7243402</w>
      <t>3034</t>
    </point>
    <point>
      <x>0.345</x>
      <y>0.635</y>
      <w>0.7243402</w>
      <t>3034</t>
    </point>
    <point>
      <x>0.34</x>
      <y>0.6383333</y>
      <w>0.7243402</w>
      <t>3034</t>
    </point>
    <point>
      <x>0.335</x>
      <y>0.64166665</y>
      <w>0.7243402</w>
      <t>3034</t>
    </point>
    <point>
      <x>0.33166668</x>
      <y>0.6433333</y>
      <w>0.7155425</w>
      <t>3067</t>
    </point>
    <point>
      <x>0.32833335</x>
      <y>0.645</y>
      <w>0.7155425</w>
      <t>3067</t>
    </point>
    <point>
      <x>0.32666665</x>
      <y>0.64666665</y>
      <w>0.7155425</w>
      <t>3067</t>
    </point>
    <point>
      <x>0.325</x>
      <y>0.64666665</y>
      <w>0.7155425</w>
      <t>3067</t>
    </point>
    <point>
      <x>0.32333332</x>
      <y>0.6483333</y>
      <w>0.7155425</w>
      <t>3067</t>
    </point>
    <point>
      <x>0.32333332</x>
      <y>0.65</y>
      <w>0.7106549</w>
      <t>3167</t>
    </point>
    <point>
      <x>0.32333332</x>
      <y>0.65166664</y>
      <w>0.70772237</w>
      <t>3201</t>
    </point>
    <point>
      <x>0.325</x>
      <y>0.65166664</y>
      <w>0.70772237</w>
      <t>3201</t>
    </point>
    <point>
      <x>0.32666665</x>
      <y>0.6533333</y>
      <w>0.70772237</w>
      <t>3201</t>
    </point>
    <point>
      <x>0.32833335</x>
      <y>0.655</y>
      <w>0.71163243</w>
      <t>3234</t>
    </point>
    <point>
      <x>0.33</x>
      <y>0.655</y>
      <w>0.71163243</w>
      <t>3234</t>
    </point>
    <point>
      <x>0.33166668</x>
      <y>0.6566667</y>
      <w>0.71163243</w>
      <t>3234</t>
    </point>
    <point>
      <x>0.33333334</x>
      <y>0.6566667</y>
      <w>0.70674485</w>
      <t>3267</t>
    </point>
    <point>
      <x>0.335</x>
      <y>0.6566667</y>
      <w>0.70674485</w>
      <t>3267</t>
    </point>
    <point>
      <x>0.33666667</x>
      <y>0.6566667</y>
      <w>0.70674485</w>
      <t>3267</t>
    </point>
    <point>
      <x>0.33833334</x>
      <y>0.6566667</y>
      <w>0.71847504</w>
      <t>3301</t>
    </point>
    <point>
      <x>0.34</x>
      <y>0.6566667</y>
      <w>0.71847504</w>
      <t>3301</t>
    </point>
    <point>
      <x>0.34166667</x>
      <y>0.6566667</y>
      <w>0.72140765</w>
      <t>3333</t>
    </point>
    <point>
      <x>0.34333333</x>
      <y>0.6566667</y>
      <w>0.72140765</w>
      <t>3333</t>
    </point>
    <point>
      <x>0.345</x>
      <y>0.655</y>
      <w>0.72140765</w>
      <t>3333</t>
    </point>
    <point>
      <x>0.34833333</x>
      <y>0.655</y>
      <w>0.7243402</w>
      <t>3368</t>
    </point>
    <point>
      <x>0.35</x>
      <y>0.6533333</y>
      <w>0.7243402</w>
      <t>3368</t>
    </point>
    <point>
      <x>0.35166666</x>
      <y>0.6533333</y>
      <w>0.7243402</w>
      <t>3368</t>
    </point>
    <point>
      <x>0.355</x>
      <y>0.65166664</y>
      <w>0.7243402</w>
      <t>3368</t>
    </point>
    <point>
      <x>0.35666665</x>
      <y>0.65</y>
      <w>0.7243402</w>
      <t>3368</t>
    </point>
    <point>
      <x>0.36</x>
      <y>0.6483333</y>
      <w>0.7253177</w>
      <t>3400</t>
    </point>
    <point>
      <x>0.36166668</x>
      <y>0.64666665</y>
      <w>0.7253177</w>
      <t>3400</t>
    </point>
    <point>
      <x>0.365</x>
      <y>0.64666665</y>
      <w>0.7253177</w>
      <t>3400</t>
    </point>
    <point>
      <x>0.36666667</x>
      <y>0.645</y>
      <w>0.7253177</w>
      <t>3400</t>
    </point>
    <point>
      <x>0.37</x>
      <y>0.6433333</y>
      <w>0.72727275</w>
      <t>3434</t>
    </point>
    <point>
      <x>0.37333333</x>
      <y>0.64166665</y>
      <w>0.72727275</w>
      <t>3434</t>
    </point>
    <point>
      <x>0.37666667</x>
      <y>0.64</y>
      <w>0.72727275</w>
      <t>3434</t>
    </point>
    <point>
      <x>0.38166666</x>
      <y>0.6383333</y>
      <w>0.72727275</w>
      <t>3434</t>
    </point>
    <point>
      <x>0.385</x>
      <y>0.635</y>
      <w>0.72727275</w>
      <t>3434</t>
    </point>
    <point>
      <x>0.38833332</x>
      <y>0.6333333</y>
      <w>0.7253177</w>
      <t>3467</t>
    </point>
    <point>
      <x>0.39333335</x>
      <y>0.63166666</y>
      <w>0.7253177</w>
      <t>3467</t>
    </point>
    <point>
      <x>0.39666668</x>
      <y>0.62833333</y>
      <w>0.7253177</w>
      <t>3467</t>
    </point>
    <point>
      <x>0.4</x>
      <y>0.62666667</y>
      <w>0.7253177</w>
      <t>3467</t>
    </point>
    <point>
      <x>0.40333334</x>
      <y>0.625</y>
      <w>0.7194526</w>
      <t>3500</t>
    </point>
    <point>
      <x>0.40833333</x>
      <y>0.62166667</y>
      <w>0.7194526</w>
      <t>3500</t>
    </point>
    <point>
      <x>0.41166666</x>
      <y>0.62</y>
      <w>0.7194526</w>
      <t>3500</t>
    </point>
    <point>
      <x>0.41666666</x>
      <y>0.61833334</y>
      <w>0.7194526</w>
      <t>3500</t>
    </point>
    <point>
      <x>0.42</x>
      <y>0.615</y>
      <w>0.7155425</w>
      <t>3534</t>
    </point>
    <point>
      <x>0.425</x>
      <y>0.61333334</y>
      <w>0.7155425</w>
      <t>3534</t>
    </point>
    <point>
      <x>0.42833334</x>
      <y>0.6116667</y>
      <w>0.7155425</w>
      <t>3534</t>
    </point>
    <point>
      <x>0.43333334</x>
      <y>0.60833335</y>
      <w>0.7155425</w>
      <t>3534</t>
    </point>
    <point>
      <x>0.43666667</x>
      <y>0.6066667</y>
      <w>0.7155425</w>
      <t>3534</t>
    </point>
    <point>
      <x>0.44166666</x>
      <y>0.60333335</y>
      <w>0.714565</w>
      <t>3567</t>
    </point>
    <point>
      <x>0.445</x>
      <y>0.6016667</y>
      <w>0.714565</w>
      <t>3567</t>
    </point>
    <point>
      <x>0.45</x>
      <y>0.59833336</y>
      <w>0.714565</w>
      <t>3567</t>
    </point>
    <point>
      <x>0.455</x>
      <y>0.5966667</y>
      <w>0.714565</w>
      <t>3567</t>
    </point>
    <point>
      <x>0.45833334</x>
      <y>0.5933333</y>
      <w>0.714565</w>
      <t>3601</t>
    </point>
    <point>
      <x>0.46333334</x>
      <y>0.59166664</y>
      <w>0.714565</w>
      <t>3601</t>
    </point>
    <point>
      <x>0.46833333</x>
      <y>0.59</y>
      <w>0.714565</w>
      <t>3601</t>
    </point>
    <point>
      <x>0.47166666</x>
      <y>0.58666664</y>
      <w>0.714565</w>
      <t>3601</t>
    </point>
    <point>
      <x>0.47666666</x>
      <y>0.585</y>
      <w>0.714565</w>
      <t>3601</t>
    </point>
    <point>
      <x>0.48166665</x>
      <y>0.5833333</y>
      <w>0.7106549</w>
      <t>3634</t>
    </point>
    <point>
      <x>0.485</x>
      <y>0.58</y>
      <w>0.7106549</w>
      <t>3634</t>
    </point>
    <point>
      <x>0.49</x>
      <y>0.5783333</y>
      <w>0.7106549</w>
      <t>3634</t>
    </point>
    <point>
      <x>0.49333334</x>
      <y>0.57666665</y>
      <w>0.7106549</w>
      <t>3634</t>
    </point>
    <point>
      <x>0.49833333</x>
      <y>0.575</y>
      <w>0.71163243</w>
      <t>3667</t>
    </point>
    <point>
      <x>0.50333333</x>
      <y>0.57166666</y>
      <w>0.71163243</w>
      <t>3667</t>
    </point>
    <point>
      <x>0.50666666</x>
      <y>0.57</y>
      <w>0.71163243</w>
      <t>3667</t>
    </point>
    <point>
      <x>0.51166666</x>
      <y>0.5683333</y>
      <w>0.71163243</w>
      <t>3667</t>
    </point>
    <point>
      <x>0.51666665</x>
      <y>0.56666666</y>
      <w>0.71163243</w>
      <t>3667</t>
    </point>
    <point>
      <x>0.52166665</x>
      <y>0.565</y>
      <w>0.71260995</w>
      <t>3701</t>
    </point>
    <point>
      <x>0.52666664</x>
      <y>0.56333333</y>
      <w>0.71260995</w>
      <t>3701</t>
    </point>
    <point>
      <x>0.53</x>
      <y>0.56166667</y>
      <w>0.71260995</w>
      <t>3701</t>
    </point>
    <point>
      <x>0.535</x>
      <y>0.56166667</y>
      <w>0.71260995</w>
      <t>3701</t>
    </point>
    <point>
      <x>0.53833336</x>
      <y>0.56</y>
      <w>0.71260995</w>
      <t>3734</t>
    </point>
    <point>
      <x>0.5416667</x>
      <y>0.56</y>
      <w>0.71260995</w>
      <t>3734</t>
    </point>
    <point>
      <x>0.545</x>
      <y>0.55833334</y>
      <w>0.71260995</w>
      <t>3734</t>
    </point>
    <point>
      <x>0.54833335</x>
      <y>0.55833334</y>
      <w>0.71260995</w>
      <t>3734</t>
    </point>
    <point>
      <x>0.55</x>
      <y>0.55833334</y>
      <w>0.71260995</w>
      <t>3734</t>
    </point>
    <point>
      <x>0.5516667</x>
      <y>0.55833334</y>
      <w>0.7106549</w>
      <t>3767</t>
    </point>
    <point>
      <x>0.555</x>
      <y>0.55833334</y>
      <w>0.7106549</w>
      <t>3767</t>
    </point>
    <point>
      <x>0.5566667</x>
      <y>0.55833334</y>
      <w>0.7106549</w>
      <t>3767</t>
    </point>
    <point>
      <x>0.55833334</x>
      <y>0.55833334</y>
      <w>0.7106549</w>
      <t>3767</t>
    </point>
    <point>
      <x>0.56</x>
      <y>0.55833334</y>
      <w>0.71163243</w>
      <t>3801</t>
    </point>
    <point>
      <x>0.56333333</x>
      <y>0.55833334</y>
      <w>0.71163243</w>
      <t>3801</t>
    </point>
    <point>
      <x>0.565</x>
      <y>0.55833334</y>
      <w>0.71163243</w>
      <t>3801</t>
    </point>
    <point>
      <x>0.56666666</x>
      <y>0.55833334</y>
      <w>0.71163243</w>
      <t>3834</t>
    </point>
    <point>
      <x>0.5683333</x>
      <y>0.55833334</y>
      <w>0.71163243</w>
      <t>3834</t>
    </point>
    <point>
      <x>0.57</x>
      <y>0.55833334</y>
      <w>0.71163243</w>
      <t>3834</t>
    </point>
    <point>
      <x>0.57166666</x>
      <y>0.55833334</y>
      <w>0.71163243</w>
      <t>3834</t>
    </point>
    <point>
      <x>0.5733333</x>
      <y>0.55833334</y>
      <w>0.71163243</w>
      <t>3834</t>
    </point>
    <point>
      <x>0.575</x>
      <y>0.55833334</y>
      <w>0.71260995</w>
      <t>3867</t>
    </point>
    <point>
      <x>0.575</x>
      <y>0.56</y>
      <w>0.71260995</w>
      <t>3867</t>
    </point>
    <point>
      <x>0.57666665</x>
      <y>0.56</y>
      <w>0.71163243</w>
      <t>3900</t>
    </point>
    <point>
      <x>0.57666665</x>
      <y>0.56166667</y>
      <w>0.71163243</w>
      <t>3900</t>
    </point>
    <point>
      <x>0.5783333</x>
      <y>0.56166667</y>
      <w>0.71163243</w>
      <t>3900</t>
    </point>
    <point>
      <x>0.5783333</x>
      <y>0.56333333</y>
      <w>0.71260995</w>
      <t>3967</t>
    </point>
    <point>
      <x>0.5783333</x>
      <y>0.565</y>
      <w>0.71260995</w>
      <t>3967</t>
    </point>
    <point>
      <x>0.5783333</x>
      <y>0.56666666</y>
      <w>0.71260995</w>
      <t>3967</t>
    </point>
    <point>
      <x>0.57666665</x>
      <y>0.5683333</y>
      <w>0.71358746</w>
      <t>4001</t>
    </point>
    <point>
      <x>0.575</x>
      <y>0.57</y>
      <w>0.71358746</w>
      <t>4001</t>
    </point>
    <point>
      <x>0.5733333</x>
      <y>0.5733333</y>
      <w>0.71358746</w>
      <t>4001</t>
    </point>
    <point>
      <x>0.57166666</x>
      <y>0.575</y>
      <w>0.71358746</w>
      <t>4001</t>
    </point>
    <point>
      <x>0.57</x>
      <y>0.57666665</y>
      <w>0.71652</w>
      <t>4034</t>
    </point>
    <point>
      <x>0.56666666</x>
      <y>0.58</y>
      <w>0.71652</w>
      <t>4034</t>
    </point>
    <point>
      <x>0.565</x>
      <y>0.58166665</y>
      <w>0.71652</w>
      <t>4034</t>
    </point>
    <point>
      <x>0.56166667</x>
      <y>0.585</y>
      <w>0.71652</w>
      <t>4034</t>
    </point>
    <point>
      <x>0.56</x>
      <y>0.58666664</y>
      <w>0.71652</w>
      <t>4034</t>
    </point>
    <point>
      <x>0.55833334</x>
      <y>0.59</y>
      <w>0.71652</w>
      <t>4067</t>
    </point>
    <point>
      <x>0.555</x>
      <y>0.5933333</y>
      <w>0.71652</w>
      <t>4067</t>
    </point>
    <point>
      <x>0.55333334</x>
      <y>0.595</y>
      <w>0.71652</w>
      <t>4067</t>
    </point>
    <point>
      <x>0.55</x>
      <y>0.59833336</y>
      <w>0.71652</w>
      <t>4067</t>
    </point>
    <point>
      <x>0.54833335</x>
      <y>0.6016667</y>
      <w>0.71847504</w>
      <t>4101</t>
    </point>
    <point>
      <x>0.5466667</x>
      <y>0.605</y>
      <w>0.71847504</w>
      <t>4101</t>
    </point>
    <point>
      <x>0.54333335</x>
      <y>0.60833335</y>
      <w>0.71847504</w>
      <t>4101</t>
    </point>
    <point>
      <x>0.5416667</x>
      <y>0.6116667</y>
      <w>0.71847504</w>
      <t>4101</t>
    </point>
    <point>
      <x>0.53833336</x>
      <y>0.615</y>
      <w>0.71847504</w>
      <t>4134</t>
    </point>
    <point>
      <x>0.5366667</x>
      <y>0.61833334</y>
      <w>0.71847504</w>
      <t>4134</t>
    </point>
    <point>
      <x>0.53333336</x>
      <y>0.62166667</y>
      <w>0.71847504</w>
      <t>4134</t>
    </point>
    <point>
      <x>0.5316667</x>
      <y>0.62666667</y>
      <w>0.71847504</w>
      <t>4134</t>
    </point>
    <point>
      <x>0.5283333</x>
      <y>0.63</y>
      <w>0.71847504</w>
      <t>4134</t>
    </point>
    <point>
      <x>0.52666664</x>
      <y>0.6333333</y>
      <w>0.72043014</w>
      <t>4167</t>
    </point>
    <point>
      <x>0.525</x>
      <y>0.63666666</y>
      <w>0.72043014</w>
      <t>4167</t>
    </point>
    <point>
      <x>0.52166665</x>
      <y>0.64</y>
      <w>0.72043014</w>
      <t>4167</t>
    </point>
    <point>
      <x>0.52</x>
      <y>0.6433333</y>
      <w>0.72043014</w>
      <t>4167</t>
    </point>
    <point>
      <x>0.51666665</x>
      <y>0.64666665</y>
      <w>0.7194526</w>
      <t>4201</t>
    </point>
    <point>
      <x>0.515</x>
      <y>0.65</y>
      <w>0.7194526</w>
      <t>4201</t>
    </point>
    <point>
      <x>0.51166666</x>
      <y>0.6533333</y>
      <w>0.7194526</w>
      <t>4201</t>
    </point>
    <point>
      <x>0.51</x>
      <y>0.65833336</y>
      <w>0.7194526</w>
      <t>4201</t>
    </point>
    <point>
      <x>0.5083333</x>
      <y>0.6616667</y>
      <w>0.7194526</w>
      <t>4201</t>
    </point>
    <point>
      <x>0.50666666</x>
      <y>0.665</y>
      <w>0.7194526</w>
      <t>4234</t>
    </point>
    <point>
      <x>0.505</x>
      <y>0.66833335</y>
      <w>0.7194526</w>
      <t>4234</t>
    </point>
    <point>
      <x>0.50333333</x>
      <y>0.6716667</y>
      <w>0.7194526</w>
      <t>4234</t>
    </point>
    <point>
      <x>0.50333333</x>
      <y>0.675</y>
      <w>0.7194526</w>
      <t>4234</t>
    </point>
    <point>
      <x>0.50166667</x>
      <y>0.6766667</y>
      <w>0.7174975</w>
      <t>4267</t>
    </point>
    <point>
      <x>0.50166667</x>
      <y>0.68</y>
      <w>0.7174975</w>
      <t>4267</t>
    </point>
    <point>
      <x>0.50166667</x>
      <y>0.6816667</y>
      <w>0.7174975</w>
      <t>4267</t>
    </point>
    <point>
      <x>0.50166667</x>
      <y>0.68333334</y>
      <w>0.7174975</w>
      <t>4267</t>
    </point>
    <point>
      <x>0.50166667</x>
      <y>0.685</y>
      <w>0.7174975</w>
      <t>4267</t>
    </point>
    <point>
      <x>0.50166667</x>
      <y>0.68666667</y>
      <w>0.71652</w>
      <t>4301</t>
    </point>
    <point>
      <x>0.50166667</x>
      <y>0.68833333</y>
      <w>0.71652</w>
      <t>4301</t>
    </point>
    <point>
      <x>0.50166667</x>
      <y>0.69</y>
      <w>0.714565</w>
      <t>4334</t>
    </point>
    <point>
      <x>0.50166667</x>
      <y>0.69166666</y>
      <w>0.714565</w>
      <t>4334</t>
    </point>
    <point>
      <x>0.50166667</x>
      <y>0.6933333</y>
      <w>0.714565</w>
      <t>4334</t>
    </point>
    <point>
      <x>0.50333333</x>
      <y>0.695</y>
      <w>0.71163243</w>
      <t>4367</t>
    </point>
    <point>
      <x>0.50333333</x>
      <y>0.69666666</y>
      <w>0.71163243</w>
      <t>4367</t>
    </point>
    <point>
      <x>0.505</x>
      <y>0.69666666</y>
      <w>0.71163243</w>
      <t>4367</t>
    </point>
    <point>
      <x>0.505</x>
      <y>0.6983333</y>
      <w>0.71163243</w>
      <t>4367</t>
    </point>
    <point>
      <x>0.50666666</x>
      <y>0.7</y>
      <w>0.7096774</w>
      <t>4401</t>
    </point>
    <point>
      <x>0.5083333</x>
      <y>0.70166665</y>
      <w>0.7096774</w>
      <t>4401</t>
    </point>
    <point>
      <x>0.51</x>
      <y>0.7033333</y>
      <w>0.7096774</w>
      <t>4401</t>
    </point>
    <point>
      <x>0.51166666</x>
      <y>0.705</y>
      <w>0.70087975</w>
      <t>4434</t>
    </point>
    <point>
      <x>0.515</x>
      <y>0.705</y>
      <w>0.70087975</w>
      <t>4434</t>
    </point>
    <point>
      <x>0.51666665</x>
      <y>0.705</y>
      <w>0.70087975</w>
      <t>4434</t>
    </point>
    <point>
      <x>0.5183333</x>
      <y>0.705</y>
      <w>0.70087975</w>
      <t>4434</t>
    </point>
    <point>
      <x>0.52</x>
      <y>0.70666665</y>
      <w>0.70087975</w>
      <t>4434</t>
    </point>
    <point>
      <x>0.5233333</x>
      <y>0.70666665</y>
      <w>0.69990224</w>
      <t>4467</t>
    </point>
    <point>
      <x>0.525</x>
      <y>0.70666665</y>
      <w>0.69990224</w>
      <t>4467</t>
    </point>
    <point>
      <x>0.5283333</x>
      <y>0.70666665</y>
      <w>0.69990224</w>
      <t>4467</t>
    </point>
    <point>
      <x>0.53</x>
      <y>0.70666665</y>
      <w>0.69990224</w>
      <t>4467</t>
    </point>
    <point>
      <x>0.53333336</x>
      <y>0.70666665</y>
      <w>0.69990224</w>
      <t>4468</t>
    </point>
    <point>
      <x>0.5366667</x>
      <y>0.70666665</y>
      <w>0.69403714</w>
      <t>4500</t>
    </point>
    <point>
      <x>0.53833336</x>
      <y>0.70666665</y>
      <w>0.69403714</w>
      <t>4500</t>
    </point>
    <point>
      <x>0.5416667</x>
      <y>0.70666665</y>
      <w>0.69403714</w>
      <t>4500</t>
    </point>
    <point>
      <x>0.545</x>
      <y>0.705</y>
      <w>0.69403714</w>
      <t>4500</t>
    </point>
    <point>
      <x>0.5466667</x>
      <y>0.705</y>
      <w>0.6920821</w>
      <t>4534</t>
    </point>
    <point>
      <x>0.55</x>
      <y>0.705</y>
      <w>0.6920821</w>
      <t>4534</t>
    </point>
    <point>
      <x>0.55333334</x>
      <y>0.7033333</y>
      <w>0.6920821</w>
      <t>4534</t>
    </point>
    <point>
      <x>0.5566667</x>
      <y>0.7033333</y>
      <w>0.6920821</w>
      <t>4534</t>
    </point>
    <point>
      <x>0.56</x>
      <y>0.7033333</y>
      <w>0.6901271</w>
      <t>4567</t>
    </point>
    <point>
      <x>0.565</x>
      <y>0.70166665</y>
      <w>0.6901271</w>
      <t>4567</t>
    </point>
    <point>
      <x>0.5683333</x>
      <y>0.70166665</y>
      <w>0.6901271</w>
      <t>4567</t>
    </point>
    <point>
      <x>0.57166666</x>
      <y>0.7</y>
      <w>0.6901271</w>
      <t>4567</t>
    </point>
    <point>
      <x>0.575</x>
      <y>0.7</y>
      <w>0.6901271</w>
      <t>4567</t>
    </point>
    <point>
      <x>0.5783333</x>
      <y>0.6983333</y>
      <w>0.6793744</w>
      <t>4600</t>
    </point>
    <point>
      <x>0.58166665</x>
      <y>0.6983333</y>
      <w>0.6793744</w>
      <t>4600</t>
    </point>
    <point>
      <x>0.585</x>
      <y>0.6983333</y>
      <w>0.6793744</w>
      <t>4600</t>
    </point>
    <point>
      <x>0.5883333</x>
      <y>0.6983333</y>
      <w>0.6793744</w>
      <t>4600</t>
    </point>
    <point>
      <x>0.59166664</x>
      <y>0.6983333</y>
      <w>0.67546433</w>
      <t>4634</t>
    </point>
    <point>
      <x>0.595</x>
      <y>0.6983333</y>
      <w>0.67546433</w>
      <t>4634</t>
    </point>
    <point>
      <x>0.59833336</x>
      <y>0.6983333</y>
      <w>0.67546433</w>
      <t>4634</t>
    </point>
    <point>
      <x>0.6016667</x>
      <y>0.6983333</y>
      <w>0.67546433</w>
      <t>4634</t>
    </point>
    <point>
      <x>0.60333335</x>
      <y>0.6983333</y>
      <w>0.67546433</w>
      <t>4634</t>
    </point>
    <point>
      <x>0.6066667</x>
      <y>0.6983333</y>
      <w>0.67741936</w>
      <t>4668</t>
    </point>
    <point>
      <x>0.60833335</x>
      <y>0.6983333</y>
      <w>0.67741936</w>
      <t>4668</t>
    </point>
    <point>
      <x>0.61</x>
      <y>0.6983333</y>
      <w>0.67741936</w>
      <t>4668</t>
    </point>
    <point>
      <x>0.61333334</x>
      <y>0.6983333</y>
      <w>0.67741936</w>
      <t>4668</t>
    </point>
    <point>
      <x>0.615</x>
      <y>0.6983333</y>
      <w>0.67741936</w>
      <t>4701</t>
    </point>
    <point>
      <x>0.6166667</x>
      <y>0.6983333</y>
      <w>0.67741936</w>
      <t>4701</t>
    </point>
    <point>
      <x>0.61833334</x>
      <y>0.6983333</y>
      <w>0.67741936</w>
      <t>4701</t>
    </point>
    <point>
      <x>0.62</x>
      <y>0.6983333</y>
      <w>0.67741936</w>
      <t>4701</t>
    </point>
    <point>
      <x>0.62166667</x>
      <y>0.6983333</y>
      <w>0.6783969</w>
      <t>4734</t>
    </point>
    <point>
      <x>0.62333333</x>
      <y>0.6983333</y>
      <w>0.6783969</w>
      <t>4734</t>
    </point>
    <point>
      <x>0.625</x>
      <y>0.6983333</y>
      <w>0.6783969</w>
      <t>4734</t>
    </point>
    <point>
      <x>0.62666667</x>
      <y>0.6983333</y>
      <w>0.6783969</w>
      <t>4734</t>
    </point>
    <point>
      <x>0.62833333</x>
      <y>0.6983333</y>
      <w>0.6803519</w>
      <t>4768</t>
    </point>
    <point>
      <x>0.63</x>
      <y>0.6983333</y>
      <w>0.6803519</w>
      <t>4768</t>
    </point>
    <point>
      <x>0.63</x>
      <y>0.7</y>
      <w>0.6803519</w>
      <t>4768</t>
    </point>
    <point>
      <x>0.63166666</x>
      <y>0.7</y>
      <w>0.6803519</w>
      <t>4800</t>
    </point>
    <point>
      <x>0.6333333</x>
      <y>0.70166665</y>
      <w>0.6803519</w>
      <t>4800</t>
    </point>
    <point>
      <x>0.635</x>
      <y>0.7033333</y>
      <w>0.68328446</w>
      <t>4833</t>
    </point>
    <point>
      <x>0.63666666</x>
      <y>0.705</y>
      <w>0.68328446</w>
      <t>4833</t>
    </point>
    <point>
      <x>0.6383333</x>
      <y>0.705</y>
      <w>0.68230695</w>
      <t>4867</t>
    </point>
    <point>
      <x>0.6383333</x>
      <y>0.70666665</y>
      <w>0.68230695</w>
      <t>4867</t>
    </point>
    <point>
      <x>0.64</x>
      <y>0.7083333</y>
      <w>0.68230695</w>
      <t>4900</t>
    </point>
    <point>
      <x>0.64</x>
      <y>0.71</y>
      <w>0.68230695</w>
      <t>4934</t>
    </point>
    <point>
      <x>0.64166665</x>
      <y>0.71166664</y>
      <w>0.68328446</w>
      <t>4967</t>
    </point>
    <point>
      <x>0.64166665</x>
      <y>0.7133333</y>
      <w>0.68328446</w>
      <t>4967</t>
    </point>
    <point>
      <x>0.64166665</x>
      <y>0.715</y>
      <w>0.6803519</w>
      <t>5000</t>
    </point>
    <point>
      <x>0.64166665</x>
      <y>0.71666664</y>
      <w>0.6803519</w>
      <t>5000</t>
    </point>
    <point>
      <x>0.64166665</x>
      <y>0.7183333</y>
      <w>0.6627566</w>
      <t>5034</t>
    </point>
    <point>
      <x>0.64</x>
      <y>0.72</y>
      <w>0.6627566</w>
      <t>5034</t>
    </point>
    <point>
      <x>0.64</x>
      <y>0.7216667</y>
      <w>0.6627566</w>
      <t>5034</t>
    </point>
    <point>
      <x>0.6383333</x>
      <y>0.7216667</y>
      <w>0.66373414</w>
      <t>5067</t>
    </point>
    <point>
      <x>0.6383333</x>
      <y>0.72333336</y>
      <w>0.62561095</w>
      <t>5100</t>
    </point>
    <point>
      <x>0.63666666</x>
      <y>0.72333336</y>
      <w>0.62561095</w>
      <t>5100</t>
    </point>
    <point>
      <x>0.63666666</x>
      <y>0.725</y>
      <w>0.62561095</w>
      <t>5100</t>
    </point>
    <point>
      <x>0.635</x>
      <y>0.7266667</y>
      <w>0.62561095</w>
      <t>5100</t>
    </point>
    <point>
      <x>0.6333333</x>
      <y>0.72833335</y>
      <w>0.62463343</w>
      <t>5133</t>
    </point>
    <point>
      <x>0.63166666</x>
      <y>0.73</y>
      <w>0.62463343</w>
      <t>5133</t>
    </point>
    <point>
      <x>0.63</x>
      <y>0.7316667</y>
      <w>0.61290324</w>
      <t>5168</t>
    </point>
    <point>
      <x>0.62833333</x>
      <y>0.73333335</y>
      <w>0.61290324</w>
      <t>5168</t>
    </point>
    <point>
      <x>0.62666667</x>
      <y>0.735</y>
      <w>0.61290324</w>
      <t>5168</t>
    </point>
    <point>
      <x>0.625</x>
      <y>0.7366667</y>
      <w>0.61290324</w>
      <t>5168</t>
    </point>
    <point>
      <x>0.62333333</x>
      <y>0.73833334</y>
      <w>0.5884653</w>
      <t>5201</t>
    </point>
    <point>
      <x>0.62166667</x>
      <y>0.74</y>
      <w>0.5884653</w>
      <t>5201</t>
    </point>
    <point>
      <x>0.62</x>
      <y>0.7416667</y>
      <w>0.5884653</w>
      <t>5201</t>
    </point>
    <point>
      <x>0.61833334</x>
      <y>0.74333334</y>
      <w>0.58748776</w>
      <t>5234</t>
    </point>
    <point>
      <x>0.61833334</x>
      <y>0.745</y>
      <w>0.58748776</w>
      <t>5234</t>
    </point>
    <point>
      <x>0.6166667</x>
      <y>0.745</y>
      <w>0.58748776</w>
      <t>5234</t>
    </point>
    <point>
      <x>0.615</x>
      <y>0.74666667</y>
      <w>0.58748776</w>
      <t>5234</t>
    </point>
    <point>
      <x>0.61333334</x>
      <y>0.74833333</y>
      <w>0.58748776</w>
      <t>5234</t>
    </point>
    <point>
      <x>0.6116667</x>
      <y>0.75</y>
      <w>0.56402737</w>
      <t>5267</t>
    </point>
    <point>
      <x>0.61</x>
      <y>0.75166667</y>
      <w>0.56402737</w>
      <t>5267</t>
    </point>
    <point>
      <x>0.60833335</x>
      <y>0.75333333</y>
      <w>0.56402737</w>
      <t>5267</t>
    </point>
    <point>
      <x>0.6066667</x>
      <y>0.755</y>
      <w>0.56402737</w>
      <t>5267</t>
    </point>
    <point>
      <x>0.605</x>
      <y>0.75666666</y>
      <w>0.54545456</w>
      <t>5300</t>
    </point>
    <point>
      <x>0.60333335</x>
      <y>0.7583333</y>
      <w>0.54545456</w>
      <t>5300</t>
    </point>
    <point>
      <x>0.6</x>
      <y>0.76</y>
      <w>0.54545456</w>
      <t>5300</t>
    </point>
    <point>
      <x>0.59833336</x>
      <y>0.7633333</y>
      <w>0.54545456</w>
      <t>5300</t>
    </point>
    <point>
      <x>0.595</x>
      <y>0.765</y>
      <w>0.5366569</w>
      <t>5334</t>
    </point>
    <point>
      <x>0.5933333</x>
      <y>0.76666665</y>
      <w>0.5366569</w>
      <t>5334</t>
    </point>
    <point>
      <x>0.59166664</x>
      <y>0.7683333</y>
      <w>0.5366569</w>
      <t>5334</t>
    </point>
    <point>
      <x>0.5883333</x>
      <y>0.77</y>
      <w>0.5366569</w>
      <t>5334</t>
    </point>
    <point>
      <x>0.58666664</x>
      <y>0.7733333</y>
      <w>0.5366569</w>
      <t>5334</t>
    </point>
    <point>
      <x>0.585</x>
      <y>0.775</y>
      <w>0.5024438</w>
      <t>5367</t>
    </point>
    <point>
      <x>0.58166665</x>
      <y>0.77666664</y>
      <w>0.5024438</w>
      <t>5367</t>
    </point>
    <point>
      <x>0.58</x>
      <y>0.7783333</y>
      <w>0.5024438</w>
      <t>5367</t>
    </point>
    <point>
      <x>0.57666665</x>
      <y>0.78</y>
      <w>0.5024438</w>
      <t>5367</t>
    </point>
    <point>
      <x>0.575</x>
      <y>0.7816667</y>
      <w>0.47605082</w>
      <t>5400</t>
    </point>
    <point>
      <x>0.57166666</x>
      <y>0.78333336</y>
      <w>0.47605082</w>
      <t>5400</t>
    </point>
    <point>
      <x>0.57</x>
      <y>0.785</y>
      <w>0.47605082</w>
      <t>5400</t>
    </point>
    <point>
      <x>0.56666666</x>
      <y>0.78833336</y>
      <w>0.47605082</w>
      <t>5400</t>
    </point>
    <point>
      <x>0.565</x>
      <y>0.79</y>
      <w>0.47605082</w>
      <t>5400</t>
    </point>
    <point>
      <x>0.56166667</x>
      <y>0.7916667</y>
      <w>0.3548387</w>
      <t>5433</t>
    </point>
    <point>
      <x>0.56</x>
      <y>0.795</y>
      <w>0.3548387</w>
      <t>5433</t>
    </point>
    <point>
      <x>0.5566667</x>
      <y>0.7966667</y>
      <w>0.3548387</w>
      <t>5433</t>
    </point>
    <point>
      <x>0.55333334</x>
      <y>0.8</y>
      <w>0.3548387</w>
      <t>5433</t>
    </point>
    <point>
      <x>0.55</x>
      <y>0.8016667</y>
      <w>0.33919844</w>
      <t>5467</t>
    </point>
    <point>
      <x>0.5466667</x>
      <y>0.805</y>
      <w>0.33919844</w>
      <t>5467</t>
    </point>
    <point>
      <x>0.54333335</x>
      <y>0.80833334</y>
      <w>0.33919844</w>
      <t>5467</t>
    </point>
    <point>
      <x>0.54</x>
      <y>0.81</y>
      <w>0.33919844</w>
      <t>5467</t>
    </point>
    <point>
      <x>0.5366667</x>
      <y>0.81333333</y>
      <w>0.33919844</w>
      <t>5467</t>
    </point>
    <point>
      <x>0.535</x>
      <y>0.815</y>
      <w>0.26979473</w>
      <t>5501</t>
    </point>
    <point>
      <x>0.5316667</x>
      <y>0.8183333</y>
      <w>0.26979473</w>
      <t>5501</t>
    </point>
    <point>
      <x>0.5283333</x>
      <y>0.82</y>
      <w>0.26979473</w>
      <t>5501</t>
    </point>
    <point>
      <x>0.525</x>
      <y>0.82166666</y>
      <w>0.26979473</w>
      <t>5501</t>
    </point>
    <point>
      <x>0.5233333</x>
      <y>0.825</y>
      <w>0.09872923</w>
      <t>5534</t>
    </point>
    <point>
      <x>0.52</x>
      <y>0.82666665</y>
      <w>0.09872923</w>
      <t>5534</t>
    </point>
    <point>
      <x>0.51666665</x>
      <y>0.8283333</y>
      <w>0.09872923</w>
      <t>5534</t>
    </point>
    <point>
      <x>0.5133333</x>
      <y>0.83166665</y>
      <w>0.09872923</w>
      <t>5534</t>
    </point>
    <point>
      <x>0.51</x>
      <y>0.8333333</y>
      <w>0.09872923</w>
      <t>5534</t>
    </point>
    <point>
      <x>0.50666666</x>
      <y>0.835</y>
      <w>0.024437929</w>
      <t>5567</t>
    </point>
    <point>
      <x>0.50333333</x>
      <y>0.83666664</y>
      <w>0.024437929</w>
      <t>5567</t>
    </point>
    <point>
      <x>0.50166667</x>
      <y>0.8383333</y>
      <w>0.024437929</w>
      <t>5567</t>
    </point>
  </stroke>
</character>
