<?xml version="1.0" encoding="UTF-8"?>
<character>
  <stroke time="0">
    <point>
      <x>0.32</x>
      <y>0.31666666</y>
      <w>0.40371457</w>
      <t>69</t>
    </point>
    <point>
      <x>0.32166666</x>
      <y>0.31666666</y>
      <w>0.51319647</w>
      <t>100</t>
    </point>
    <point>
      <x>0.32166666</x>
      <y>0.31833333</y>
      <w>0.51319647</w>
      <t>100</t>
    </point>
    <point>
      <x>0.32333332</x>
      <y>0.32</y>
      <w>0.51319647</w>
      <t>100</t>
    </point>
    <point>
      <x>0.325</x>
      <y>0.32</y>
      <w>0.51319647</w>
      <t>101</t>
    </point>
    <point>
      <x>0.325</x>
      <y>0.32166666</y>
      <w>0.60117304</w>
      <t>133</t>
    </point>
    <point>
      <x>0.32666665</x>
      <y>0.32166666</y>
      <w>0.60117304</w>
      <t>133</t>
    </point>
    <point>
      <x>0.32666665</x>
      <y>0.32333332</y>
      <w>0.60117304</w>
      <t>133</t>
    </point>
    <point>
      <x>0.32833335</x>
      <y>0.325</y>
      <w>0.60117304</w>
      <t>134</t>
    </point>
    <point>
      <x>0.33</x>
      <y>0.32666665</y>
      <w>0.60117304</w>
      <t>134</t>
    </point>
    <point>
      <x>0.33</x>
      <y>0.32833335</y>
      <w>0.6871945</w>
      <t>167</t>
    </point>
    <point>
      <x>0.33166668</x>
      <y>0.32833335</y>
      <w>0.6871945</w>
      <t>167</t>
    </point>
    <point>
      <x>0.33333334</x>
      <y>0.33</y>
      <w>0.6871945</w>
      <t>167</t>
    </point>
    <point>
      <x>0.33333334</x>
      <y>0.33166668</y>
      <w>0.7497556</w>
      <t>199</t>
    </point>
    <point>
      <x>0.335</x>
      <y>0.33166668</y>
      <w>0.7497556</w>
      <t>199</t>
    </point>
    <point>
      <x>0.335</x>
      <y>0.33333334</y>
      <w>0.7497556</w>
      <t>199</t>
    </point>
    <point>
      <x>0.33666667</x>
      <y>0.335</y>
      <w>0.83968717</w>
      <t>233</t>
    </point>
    <point>
      <x>0.33666667</x>
      <y>0.33666667</y>
      <w>0.83968717</w>
      <t>233</t>
    </point>
    <point>
      <x>0.33666667</x>
      <y>0.33833334</y>
      <w>0.83968717</w>
      <t>233</t>
    </point>
    <point>
      <x>0.33833334</x>
      <y>0.33833334</y>
      <w>0.87194526</w>
      <t>267</t>
    </point>
    <point>
      <x>0.33833334</x>
      <y>0.34</y>
      <w>0.87194526</w>
      <t>269</t>
    </point>
    <point>
      <x>0.33833334</x>
      <y>0.34166667</y>
      <w>0.87194526</w>
      <t>269</t>
    </point>
    <point>
      <x>0.33833334</x>
      <y>0.34333333</y>
      <w>0.87194526</w>
      <t>269</t>
    </point>
    <point>
      <x>0.33833334</x>
      <y>0.345</y>
      <w>0.9061583</w>
      <t>300</t>
    </point>
    <point>
      <x>0.34</x>
      <y>0.345</y>
      <w>0.9061583</w>
      <t>300</t>
    </point>
    <point>
      <x>0.34</x>
      <y>0.34666666</y>
      <w>0.9061583</w>
      <t>300</t>
    </point>
    <point>
      <x>0.34</x>
      <y>0.34833333</y>
      <w>0.9061583</w>
      <t>301</t>
    </point>
    <point>
      <x>0.34</x>
      <y>0.35</y>
      <w>0.92277616</w>
      <t>333</t>
    </point>
    <point>
      <x>0.34</x>
      <y>0.35333332</y>
      <w>0.92277616</w>
      <t>333</t>
    </point>
    <point>
      <x>0.34</x>
      <y>0.355</y>
      <w>0.92277616</w>
      <t>333</t>
    </point>
    <point>
      <x>0.34</x>
      <y>0.35833332</y>
      <w>0.92277616</w>
      <t>333</t>
    </point>
    <point>
      <x>0.34166667</x>
      <y>0.36166668</y>
      <w>0.943304</w>
      <t>366</t>
    </point>
    <point>
      <x>0.34166667</x>
      <y>0.365</y>
      <w>0.943304</w>
      <t>366</t>
    </point>
    <point>
      <x>0.34166667</x>
      <y>0.37</y>
      <w>0.943304</w>
      <t>366</t>
    </point>
    <point>
      <x>0.34166667</x>
      <y>0.37333333</y>
      <w>0.943304</w>
      <t>367</t>
    </point>
    <point>
      <x>0.34166667</x>
      <y>0.37666667</y>
      <w>0.943304</w>
      <t>367</t>
    </point>
    <point>
      <x>0.34166667</x>
      <y>0.38</y>
      <w>0.9657869</w>
      <t>399</t>
    </point>
    <point>
      <x>0.34166667</x>
      <y>0.38333333</y>
      <w>0.9657869</w>
      <t>399</t>
    </point>
    <point>
      <x>0.34166667</x>
      <y>0.385</y>
      <w>0.9657869</w>
      <t>399</t>
    </point>
    <point>
      <x>0.34166667</x>
      <y>0.38833332</y>
      <w>0.9657869</w>
      <t>400</t>
    </point>
    <point>
      <x>0.34166667</x>
      <y>0.39166668</y>
      <w>0.97849464</w>
      <t>433</t>
    </point>
    <point>
      <x>0.34333333</x>
      <y>0.39666668</y>
      <w>0.97849464</w>
      <t>433</t>
    </point>
    <point>
      <x>0.34333333</x>
      <y>0.4</y>
      <w>0.97849464</w>
      <t>433</t>
    </point>
    <point>
      <x>0.34333333</x>
      <y>0.405</y>
      <w>0.97849464</w>
      <t>434</t>
    </point>
    <point>
      <x>0.34333333</x>
      <y>0.41</y>
      <w>0.97849464</w>
      <t>434</t>
    </point>
    <point>
      <x>0.34333333</x>
      <y>0.415</y>
      <w>0.9941349</w>
      <t>467</t>
    </point>
    <point>
      <x>0.34333333</x>
      <y>0.42166665</y>
      <w>0.9941349</w>
      <t>467</t>
    </point>
    <point>
      <x>0.34333333</x>
      <y>0.42666668</y>
      <w>0.9941349</w>
      <t>467</t>
    </point>
    <point>
      <x>0.34333333</x>
      <y>0.43166667</y>
      <w>0.9941349</w>
      <t>467</t>
    </point>
    <point>
      <x>0.34333333</x>
      <y>0.43833333</y>
      <w>1.0</w>
      <t>500</t>
    </point>
    <point>
      <x>0.34333333</x>
      <y>0.445</y>
      <w>1.0</w>
      <t>500</t>
    </point>
    <point>
      <x>0.34333333</x>
      <y>0.45</y>
      <w>1.0</w>
      <t>500</t>
    </point>
    <point>
      <x>0.34333333</x>
      <y>0.45833334</y>
      <w>1.0</w>
      <t>500</t>
    </point>
    <point>
      <x>0.34166667</x>
      <y>0.465</y>
      <w>1.0</w>
      <t>501</t>
    </point>
    <point>
      <x>0.34166667</x>
      <y>0.47166666</y>
      <w>1.0</w>
      <t>533</t>
    </point>
    <point>
      <x>0.34166667</x>
      <y>0.48</y>
      <w>1.0</w>
      <t>533</t>
    </point>
    <point>
      <x>0.34166667</x>
      <y>0.48833334</y>
      <w>1.0</w>
      <t>533</t>
    </point>
    <point>
      <x>0.34166667</x>
      <y>0.49666667</y>
      <w>1.0</w>
      <t>534</t>
    </point>
    <point>
      <x>0.34166667</x>
      <y>0.505</y>
      <w>1.0</w>
      <t>566</t>
    </point>
    <point>
      <x>0.34166667</x>
      <y>0.515</y>
      <w>1.0</w>
      <t>566</t>
    </point>
    <point>
      <x>0.34166667</x>
      <y>0.525</y>
      <w>1.0</w>
      <t>566</t>
    </point>
    <point>
      <x>0.34</x>
      <y>0.53333336</y>
      <w>1.0</w>
      <t>567</t>
    </point>
    <point>
      <x>0.34</x>
      <y>0.54333335</y>
      <w>1.0</w>
      <t>599</t>
    </point>
    <point>
      <x>0.34</x>
      <y>0.55333334</y>
      <w>1.0</w>
      <t>599</t>
    </point>
    <point>
      <x>0.34</x>
      <y>0.56333333</y>
      <w>1.0</w>
      <t>599</t>
    </point>
    <point>
      <x>0.34</x>
      <y>0.57166666</y>
      <w>1.0</w>
      <t>599</t>
    </point>
    <point>
      <x>0.34</x>
      <y>0.58166665</y>
      <w>1.0</w>
      <t>600</t>
    </point>
    <point>
      <x>0.34</x>
      <y>0.59166664</y>
      <w>1.0</w>
      <t>633</t>
    </point>
    <point>
      <x>0.34</x>
      <y>0.6</y>
      <w>1.0</w>
      <t>633</t>
    </point>
    <point>
      <x>0.34</x>
      <y>0.61</y>
      <w>1.0</w>
      <t>633</t>
    </point>
    <point>
      <x>0.34</x>
      <y>0.61833334</y>
      <w>1.0</w>
      <t>633</t>
    </point>
    <point>
      <x>0.34</x>
      <y>0.62833333</y>
      <w>1.0</w>
      <t>666</t>
    </point>
    <point>
      <x>0.34166667</x>
      <y>0.635</y>
      <w>1.0</w>
      <t>666</t>
    </point>
    <point>
      <x>0.34166667</x>
      <y>0.64166665</y>
      <w>1.0</w>
      <t>666</t>
    </point>
    <point>
      <x>0.34166667</x>
      <y>0.6483333</y>
      <w>1.0</w>
      <t>666</t>
    </point>
    <point>
      <x>0.34333333</x>
      <y>0.65166664</y>
      <w>1.0</w>
      <t>667</t>
    </point>
    <point>
      <x>0.34333333</x>
      <y>0.655</y>
      <w>1.0</w>
      <t>699</t>
    </point>
    <point>
      <x>0.34333333</x>
      <y>0.6566667</y>
      <w>1.0</w>
      <t>699</t>
    </point>
    <point>
      <x>0.34333333</x>
      <y>0.65833336</y>
      <w>1.0</w>
      <t>699</t>
    </point>
    <point>
      <x>0.34333333</x>
      <y>0.66</y>
      <w>1.0</w>
      <t>699</t>
    </point>
    <point>
      <x>0.34333333</x>
      <y>0.6616667</y>
      <w>0.9863148</w>
      <t>733</t>
    </point>
    <point>
      <x>0.34333333</x>
      <y>0.66333336</y>
      <w>0.9863148</w>
      <t>733</t>
    </point>
    <point>
      <x>0.34333333</x>
      <y>0.6616667</y>
      <w>0.48582602</w>
      <t>800</t>
    </point>
    <point>
      <x>0.34333333</x>
      <y>0.66</y>
      <w>0.48582602</w>
      <t>800</t>
    </point>
    <point>
      <x>0.34333333</x>
      <y>0.6566667</y>
      <w>0.48582602</w>
      <t>802</t>
    </point>
    <point>
      <x>0.34333333</x>
      <y>0.6533333</y>
      <w>0.48582602</w>
      <t>802</t>
    </point>
  </stroke>
  <stroke time="1833">
    <point>
      <x>0.24666667</x>
      <y>0.48166665</y>
      <w>0.36754644</w>
      <t>1901</t>
    </point>
    <point>
      <x>0.24666667</x>
      <y>0.48333332</y>
      <w>0.48191592</w>
      <t>1933</t>
    </point>
    <point>
      <x>0.24833333</x>
      <y>0.48333332</y>
      <w>0.48191592</w>
      <t>1933</t>
    </point>
    <point>
      <x>0.24833333</x>
      <y>0.485</y>
      <w>0.48191592</w>
      <t>1933</t>
    </point>
    <point>
      <x>0.24833333</x>
      <y>0.48666668</y>
      <w>0.56207234</w>
      <t>1966</t>
    </point>
    <point>
      <x>0.25</x>
      <y>0.48666668</y>
      <w>0.56207234</w>
      <t>1966</t>
    </point>
    <point>
      <x>0.25</x>
      <y>0.48833334</y>
      <w>0.56207234</w>
      <t>1966</t>
    </point>
    <point>
      <x>0.25</x>
      <y>0.49</y>
      <w>0.56207234</w>
      <t>1966</t>
    </point>
    <point>
      <x>0.25</x>
      <y>0.49166667</y>
      <w>0.66373414</w>
      <t>2000</t>
    </point>
    <point>
      <x>0.25</x>
      <y>0.495</y>
      <w>0.66373414</w>
      <t>2000</t>
    </point>
    <point>
      <x>0.25</x>
      <y>0.49666667</y>
      <w>0.66373414</w>
      <t>2000</t>
    </point>
    <point>
      <x>0.25</x>
      <y>0.49833333</y>
      <w>0.66373414</w>
      <t>2000</t>
    </point>
    <point>
      <x>0.25</x>
      <y>0.5</y>
      <w>0.72629523</w>
      <t>2033</t>
    </point>
    <point>
      <x>0.24833333</x>
      <y>0.50166667</y>
      <w>0.72629523</w>
      <t>2033</t>
    </point>
    <point>
      <x>0.24833333</x>
      <y>0.505</y>
      <w>0.72629523</w>
      <t>2033</t>
    </point>
    <point>
      <x>0.24833333</x>
      <y>0.5083333</y>
      <w>0.72629523</w>
      <t>2033</t>
    </point>
    <point>
      <x>0.24666667</x>
      <y>0.51166666</y>
      <w>0.8162268</w>
      <t>2066</t>
    </point>
    <point>
      <x>0.24666667</x>
      <y>0.51666665</y>
      <w>0.8162268</w>
      <t>2066</t>
    </point>
    <point>
      <x>0.245</x>
      <y>0.52166665</y>
      <w>0.8162268</w>
      <t>2066</t>
    </point>
    <point>
      <x>0.24166666</x>
      <y>0.52666664</y>
      <w>0.8162268</w>
      <t>2066</t>
    </point>
    <point>
      <x>0.24</x>
      <y>0.53333336</y>
      <w>0.87096775</w>
      <t>2100</t>
    </point>
    <point>
      <x>0.23833333</x>
      <y>0.5366667</y>
      <w>0.87096775</w>
      <t>2100</t>
    </point>
    <point>
      <x>0.23666666</x>
      <y>0.5416667</y>
      <w>0.87096775</w>
      <t>2100</t>
    </point>
    <point>
      <x>0.235</x>
      <y>0.5466667</y>
      <w>0.87096775</w>
      <t>2100</t>
    </point>
    <point>
      <x>0.23333333</x>
      <y>0.5516667</y>
      <w>0.87096775</w>
      <t>2100</t>
    </point>
    <point>
      <x>0.23166667</x>
      <y>0.5566667</y>
      <w>0.91006845</w>
      <t>2133</t>
    </point>
    <point>
      <x>0.23</x>
      <y>0.56166667</y>
      <w>0.91006845</w>
      <t>2133</t>
    </point>
    <point>
      <x>0.22666667</x>
      <y>0.5683333</y>
      <w>0.91006845</w>
      <t>2133</t>
    </point>
    <point>
      <x>0.225</x>
      <y>0.5733333</y>
      <w>0.91006845</w>
      <t>2133</t>
    </point>
    <point>
      <x>0.22333333</x>
      <y>0.5783333</y>
      <w>0.94037145</w>
      <t>2166</t>
    </point>
    <point>
      <x>0.22166666</x>
      <y>0.5833333</y>
      <w>0.94037145</w>
      <t>2166</t>
    </point>
    <point>
      <x>0.22</x>
      <y>0.5883333</y>
      <w>0.94037145</w>
      <t>2166</t>
    </point>
    <point>
      <x>0.21833333</x>
      <y>0.5933333</y>
      <w>0.94037145</w>
      <t>2166</t>
    </point>
    <point>
      <x>0.21833333</x>
      <y>0.5966667</y>
      <w>0.94037145</w>
      <t>2167</t>
    </point>
    <point>
      <x>0.21666667</x>
      <y>0.6016667</y>
      <w>0.95894426</w>
      <t>2199</t>
    </point>
    <point>
      <x>0.21666667</x>
      <y>0.605</y>
      <w>0.95894426</w>
      <t>2199</t>
    </point>
    <point>
      <x>0.215</x>
      <y>0.60833335</y>
      <w>0.95894426</w>
      <t>2199</t>
    </point>
    <point>
      <x>0.215</x>
      <y>0.61333334</y>
      <w>0.95894426</w>
      <t>2199</t>
    </point>
    <point>
      <x>0.215</x>
      <y>0.6166667</y>
      <w>0.9706745</w>
      <t>2233</t>
    </point>
    <point>
      <x>0.215</x>
      <y>0.62</y>
      <w>0.9706745</w>
      <t>2233</t>
    </point>
    <point>
      <x>0.215</x>
      <y>0.62166667</y>
      <w>0.9706745</w>
      <t>2233</t>
    </point>
    <point>
      <x>0.215</x>
      <y>0.62333333</y>
      <w>0.9706745</w>
      <t>2233</t>
    </point>
    <point>
      <x>0.215</x>
      <y>0.625</y>
      <w>0.9755621</w>
      <t>2234</t>
    </point>
    <point>
      <x>0.215</x>
      <y>0.62666667</y>
      <w>0.97849464</w>
      <t>2266</t>
    </point>
    <point>
      <x>0.215</x>
      <y>0.62833333</y>
      <w>0.97849464</w>
      <t>2266</t>
    </point>
    <point>
      <x>0.21666667</x>
      <y>0.63</y>
      <w>0.9775171</w>
      <t>2300</t>
    </point>
    <point>
      <x>0.21833333</x>
      <y>0.63</y>
      <w>0.9775171</w>
      <t>2300</t>
    </point>
    <point>
      <x>0.21833333</x>
      <y>0.63166666</y>
      <w>0.9775171</w>
      <t>2333</t>
    </point>
    <point>
      <x>0.22</x>
      <y>0.63166666</y>
      <w>0.9775171</w>
      <t>2333</t>
    </point>
    <point>
      <x>0.22166666</x>
      <y>0.63166666</y>
      <w>0.97262955</w>
      <t>2367</t>
    </point>
    <point>
      <x>0.22333333</x>
      <y>0.63166666</y>
      <w>0.97262955</w>
      <t>2367</t>
    </point>
    <point>
      <x>0.225</x>
      <y>0.6333333</y>
      <w>0.9569892</w>
      <t>2400</t>
    </point>
    <point>
      <x>0.22666667</x>
      <y>0.6333333</y>
      <w>0.9569892</w>
      <t>2400</t>
    </point>
    <point>
      <x>0.22833334</x>
      <y>0.6333333</y>
      <w>0.9569892</w>
      <t>2400</t>
    </point>
    <point>
      <x>0.23</x>
      <y>0.6333333</y>
      <w>0.9569892</w>
      <t>2400</t>
    </point>
    <point>
      <x>0.23166667</x>
      <y>0.6333333</y>
      <w>0.9305963</w>
      <t>2433</t>
    </point>
    <point>
      <x>0.23333333</x>
      <y>0.6333333</y>
      <w>0.9305963</w>
      <t>2433</t>
    </point>
    <point>
      <x>0.235</x>
      <y>0.63166666</y>
      <w>0.9305963</w>
      <t>2433</t>
    </point>
    <point>
      <x>0.23666666</x>
      <y>0.63</y>
      <w>0.9305963</w>
      <t>2433</t>
    </point>
    <point>
      <x>0.24</x>
      <y>0.62833333</y>
      <w>0.9032258</w>
      <t>2466</t>
    </point>
    <point>
      <x>0.24333334</x>
      <y>0.62666667</y>
      <w>0.9032258</w>
      <t>2466</t>
    </point>
    <point>
      <x>0.245</x>
      <y>0.625</y>
      <w>0.9032258</w>
      <t>2466</t>
    </point>
    <point>
      <x>0.24833333</x>
      <y>0.62333333</y>
      <w>0.9032258</w>
      <t>2466</t>
    </point>
    <point>
      <x>0.25166667</x>
      <y>0.62</y>
      <w>0.9032258</w>
      <t>2466</t>
    </point>
    <point>
      <x>0.255</x>
      <y>0.61833334</y>
      <w>0.87683284</w>
      <t>2500</t>
    </point>
    <point>
      <x>0.25833333</x>
      <y>0.6166667</y>
      <w>0.87683284</w>
      <t>2500</t>
    </point>
    <point>
      <x>0.26166666</x>
      <y>0.61333334</y>
      <w>0.87683284</w>
      <t>2500</t>
    </point>
    <point>
      <x>0.265</x>
      <y>0.6116667</y>
      <w>0.87683284</w>
      <t>2500</t>
    </point>
    <point>
      <x>0.26833335</x>
      <y>0.60833335</y>
      <w>0.83284456</w>
      <t>2533</t>
    </point>
    <point>
      <x>0.27166668</x>
      <y>0.6066667</y>
      <w>0.83284456</w>
      <t>2533</t>
    </point>
    <point>
      <x>0.275</x>
      <y>0.6016667</y>
      <w>0.83284456</w>
      <t>2533</t>
    </point>
    <point>
      <x>0.27833334</x>
      <y>0.59833336</y>
      <w>0.83284456</w>
      <t>2533</t>
    </point>
    <point>
      <x>0.28333333</x>
      <y>0.595</y>
      <w>0.83284456</w>
      <t>2533</t>
    </point>
    <point>
      <x>0.28666666</x>
      <y>0.59166664</y>
      <w>0.7673509</w>
      <t>2566</t>
    </point>
    <point>
      <x>0.29</x>
      <y>0.58666664</y>
      <w>0.7673509</w>
      <t>2566</t>
    </point>
    <point>
      <x>0.29333332</x>
      <y>0.5833333</y>
      <w>0.7673509</w>
      <t>2566</t>
    </point>
    <point>
      <x>0.29833335</x>
      <y>0.58</y>
      <w>0.7673509</w>
      <t>2566</t>
    </point>
    <point>
      <x>0.30166668</x>
      <y>0.57666665</y>
      <w>0.7302053</w>
      <t>2600</t>
    </point>
    <point>
      <x>0.305</x>
      <y>0.57166666</y>
      <w>0.7302053</w>
      <t>2600</t>
    </point>
    <point>
      <x>0.31</x>
      <y>0.5683333</y>
      <w>0.7302053</w>
      <t>2600</t>
    </point>
    <point>
      <x>0.31333333</x>
      <y>0.565</y>
      <w>0.7302053</w>
      <t>2600</t>
    </point>
    <point>
      <x>0.31833333</x>
      <y>0.56</y>
      <w>0.7302053</w>
      <t>2600</t>
    </point>
    <point>
      <x>0.32333332</x>
      <y>0.555</y>
      <w>0.6852395</w>
      <t>2633</t>
    </point>
    <point>
      <x>0.32833335</x>
      <y>0.55</y>
      <w>0.6852395</w>
      <t>2633</t>
    </point>
    <point>
      <x>0.33333334</x>
      <y>0.5466667</y>
      <w>0.6852395</w>
      <t>2633</t>
    </point>
    <point>
      <x>0.33833334</x>
      <y>0.5416667</y>
      <w>0.6852395</w>
      <t>2633</t>
    </point>
    <point>
      <x>0.345</x>
      <y>0.5366667</y>
      <w>0.6099707</w>
      <t>2667</t>
    </point>
    <point>
      <x>0.35</x>
      <y>0.5316667</y>
      <w>0.6099707</w>
      <t>2667</t>
    </point>
    <point>
      <x>0.35833332</x>
      <y>0.52666664</y>
      <w>0.6099707</w>
      <t>2667</t>
    </point>
    <point>
      <x>0.365</x>
      <y>0.52</y>
      <w>0.6099707</w>
      <t>2667</t>
    </point>
    <point>
      <x>0.37166667</x>
      <y>0.515</y>
      <w>0.5532747</w>
      <t>2700</t>
    </point>
    <point>
      <x>0.37833333</x>
      <y>0.51</y>
      <w>0.5532747</w>
      <t>2700</t>
    </point>
    <point>
      <x>0.385</x>
      <y>0.50333333</y>
      <w>0.5532747</w>
      <t>2700</t>
    </point>
    <point>
      <x>0.39166668</x>
      <y>0.49833333</y>
      <w>0.5532747</w>
      <t>2700</t>
    </point>
    <point>
      <x>0.4</x>
      <y>0.49333334</y>
      <w>0.5532747</w>
      <t>2700</t>
    </point>
    <point>
      <x>0.40666667</x>
      <y>0.48833334</y>
      <w>0.51319647</w>
      <t>2733</t>
    </point>
    <point>
      <x>0.415</x>
      <y>0.48166665</y>
      <w>0.51319647</w>
      <t>2733</t>
    </point>
    <point>
      <x>0.42333335</x>
      <y>0.47666666</y>
      <w>0.51319647</w>
      <t>2733</t>
    </point>
    <point>
      <x>0.43166667</x>
      <y>0.47</y>
      <w>0.51319647</w>
      <t>2733</t>
    </point>
    <point>
      <x>0.44</x>
      <y>0.465</y>
      <w>0.49560118</w>
      <t>2767</t>
    </point>
    <point>
      <x>0.44666666</x>
      <y>0.46</y>
      <w>0.49560118</w>
      <t>2767</t>
    </point>
    <point>
      <x>0.45333335</x>
      <y>0.455</y>
      <w>0.49560118</w>
      <t>2767</t>
    </point>
    <point>
      <x>0.46166667</x>
      <y>0.45</y>
      <w>0.49560118</w>
      <t>2767</t>
    </point>
    <point>
      <x>0.46833333</x>
      <y>0.445</y>
      <w>0.49560118</w>
      <t>2767</t>
    </point>
    <point>
      <x>0.475</x>
      <y>0.44</y>
      <w>0.49853373</w>
      <t>2800</t>
    </point>
    <point>
      <x>0.48166665</x>
      <y>0.43666667</y>
      <w>0.49853373</w>
      <t>2800</t>
    </point>
    <point>
      <x>0.48666668</x>
      <y>0.43166667</y>
      <w>0.49853373</w>
      <t>2800</t>
    </point>
    <point>
      <x>0.49333334</x>
      <y>0.42833334</y>
      <w>0.49853373</w>
      <t>2800</t>
    </point>
    <point>
      <x>0.5</x>
      <y>0.425</y>
      <w>0.5014663</w>
      <t>2833</t>
    </point>
    <point>
      <x>0.50666666</x>
      <y>0.42</y>
      <w>0.5014663</w>
      <t>2833</t>
    </point>
    <point>
      <x>0.5133333</x>
      <y>0.41666666</y>
      <w>0.5014663</w>
      <t>2833</t>
    </point>
    <point>
      <x>0.52166665</x>
      <y>0.41333333</y>
      <w>0.5014663</w>
      <t>2833</t>
    </point>
    <point>
      <x>0.5283333</x>
      <y>0.41</y>
      <w>0.5014663</w>
      <t>2833</t>
    </point>
    <point>
      <x>0.535</x>
      <y>0.40666667</y>
      <w>0.50537634</w>
      <t>2866</t>
    </point>
    <point>
      <x>0.5416667</x>
      <y>0.40333334</y>
      <w>0.50537634</w>
      <t>2866</t>
    </point>
    <point>
      <x>0.54833335</x>
      <y>0.40166667</y>
      <w>0.50537634</w>
      <t>2866</t>
    </point>
    <point>
      <x>0.555</x>
      <y>0.39833334</y>
      <w>0.50537634</w>
      <t>2866</t>
    </point>
    <point>
      <x>0.56166667</x>
      <y>0.39666668</y>
      <w>0.51319647</w>
      <t>2900</t>
    </point>
    <point>
      <x>0.5683333</x>
      <y>0.395</y>
      <w>0.51319647</w>
      <t>2900</t>
    </point>
    <point>
      <x>0.575</x>
      <y>0.39333335</y>
      <w>0.51319647</w>
      <t>2900</t>
    </point>
    <point>
      <x>0.58</x>
      <y>0.39166668</y>
      <w>0.51319647</w>
      <t>2900</t>
    </point>
    <point>
      <x>0.58666664</x>
      <y>0.39</y>
      <w>0.51319647</w>
      <t>2900</t>
    </point>
    <point>
      <x>0.59166664</x>
      <y>0.39</y>
      <w>0.5210166</w>
      <t>2933</t>
    </point>
    <point>
      <x>0.5966667</x>
      <y>0.39</y>
      <w>0.5210166</w>
      <t>2933</t>
    </point>
    <point>
      <x>0.60333335</x>
      <y>0.38833332</y>
      <w>0.5210166</w>
      <t>2933</t>
    </point>
    <point>
      <x>0.60833335</x>
      <y>0.38833332</y>
      <w>0.5210166</w>
      <t>2933</t>
    </point>
    <point>
      <x>0.61333334</x>
      <y>0.38833332</y>
      <w>0.56989247</w>
      <t>2967</t>
    </point>
    <point>
      <x>0.6166667</x>
      <y>0.38833332</y>
      <w>0.56989247</w>
      <t>2967</t>
    </point>
    <point>
      <x>0.62</x>
      <y>0.38833332</y>
      <w>0.56989247</w>
      <t>2967</t>
    </point>
    <point>
      <x>0.62333333</x>
      <y>0.38833332</y>
      <w>0.56989247</w>
      <t>2967</t>
    </point>
    <point>
      <x>0.62666667</x>
      <y>0.38833332</y>
      <w>0.6226784</w>
      <t>3000</t>
    </point>
    <point>
      <x>0.63</x>
      <y>0.39</y>
      <w>0.6226784</w>
      <t>3000</t>
    </point>
    <point>
      <x>0.6333333</x>
      <y>0.39</y>
      <w>0.6226784</w>
      <t>3000</t>
    </point>
    <point>
      <x>0.635</x>
      <y>0.39166668</y>
      <w>0.6226784</w>
      <t>3000</t>
    </point>
    <point>
      <x>0.6383333</x>
      <y>0.39333335</y>
      <w>0.6226784</w>
      <t>3000</t>
    </point>
    <point>
      <x>0.64166665</x>
      <y>0.39333335</y>
      <w>0.6608016</w>
      <t>3033</t>
    </point>
    <point>
      <x>0.6433333</x>
      <y>0.395</y>
      <w>0.6608016</w>
      <t>3033</t>
    </point>
    <point>
      <x>0.64666665</x>
      <y>0.39666668</y>
      <w>0.6608016</w>
      <t>3033</t>
    </point>
    <point>
      <x>0.65</x>
      <y>0.39833334</y>
      <w>0.6608016</w>
      <t>3033</t>
    </point>
    <point>
      <x>0.65166664</x>
      <y>0.4</y>
      <w>0.71163243</w>
      <t>3067</t>
    </point>
    <point>
      <x>0.655</x>
      <y>0.40166667</y>
      <w>0.71163243</w>
      <t>3067</t>
    </point>
    <point>
      <x>0.6566667</x>
      <y>0.40166667</y>
      <w>0.71163243</w>
      <t>3067</t>
    </point>
    <point>
      <x>0.65833336</x>
      <y>0.40333334</y>
      <w>0.71163243</w>
      <t>3067</t>
    </point>
    <point>
      <x>0.65833336</x>
      <y>0.405</y>
      <w>0.71163243</w>
      <t>3067</t>
    </point>
    <point>
      <x>0.66</x>
      <y>0.40666667</y>
      <w>0.7311828</w>
      <t>3100</t>
    </point>
    <point>
      <x>0.6616667</x>
      <y>0.40833333</y>
      <w>0.7311828</w>
      <t>3100</t>
    </point>
    <point>
      <x>0.6616667</x>
      <y>0.41</y>
      <w>0.7311828</w>
      <t>3100</t>
    </point>
    <point>
      <x>0.66333336</x>
      <y>0.41166666</y>
      <w>0.7311828</w>
      <t>3100</t>
    </point>
    <point>
      <x>0.66333336</x>
      <y>0.41333333</y>
      <w>0.7663734</w>
      <t>3133</t>
    </point>
    <point>
      <x>0.665</x>
      <y>0.41666666</y>
      <w>0.7663734</w>
      <t>3133</t>
    </point>
    <point>
      <x>0.665</x>
      <y>0.41833332</y>
      <w>0.7663734</w>
      <t>3133</t>
    </point>
    <point>
      <x>0.6666667</x>
      <y>0.42166665</y>
      <w>0.7663734</w>
      <t>3133</t>
    </point>
    <point>
      <x>0.6666667</x>
      <y>0.425</y>
      <w>0.7663734</w>
      <t>3133</t>
    </point>
    <point>
      <x>0.6666667</x>
      <y>0.42666668</y>
      <w>0.78494626</w>
      <t>3166</t>
    </point>
    <point>
      <x>0.6666667</x>
      <y>0.43</y>
      <w>0.78494626</w>
      <t>3166</t>
    </point>
    <point>
      <x>0.6666667</x>
      <y>0.43333334</y>
      <w>0.78494626</w>
      <t>3166</t>
    </point>
    <point>
      <x>0.6666667</x>
      <y>0.43666667</y>
      <w>0.78494626</w>
      <t>3166</t>
    </point>
    <point>
      <x>0.6666667</x>
      <y>0.44</y>
      <w>0.80254155</w>
      <t>3200</t>
    </point>
    <point>
      <x>0.6666667</x>
      <y>0.44333333</y>
      <w>0.80254155</w>
      <t>3200</t>
    </point>
    <point>
      <x>0.6666667</x>
      <y>0.44666666</y>
      <w>0.80254155</w>
      <t>3200</t>
    </point>
    <point>
      <x>0.665</x>
      <y>0.45166665</y>
      <w>0.80254155</w>
      <t>3200</t>
    </point>
    <point>
      <x>0.66333336</x>
      <y>0.455</y>
      <w>0.80254155</w>
      <t>3200</t>
    </point>
    <point>
      <x>0.6616667</x>
      <y>0.45833334</y>
      <w>0.8220919</w>
      <t>3233</t>
    </point>
    <point>
      <x>0.66</x>
      <y>0.46333334</y>
      <w>0.8220919</w>
      <t>3233</t>
    </point>
    <point>
      <x>0.65833336</x>
      <y>0.46666667</y>
      <w>0.8220919</w>
      <t>3233</t>
    </point>
    <point>
      <x>0.6566667</x>
      <y>0.47166666</y>
      <w>0.8220919</w>
      <t>3233</t>
    </point>
    <point>
      <x>0.655</x>
      <y>0.475</y>
      <w>0.83284456</w>
      <t>3267</t>
    </point>
    <point>
      <x>0.6533333</x>
      <y>0.48</y>
      <w>0.83284456</w>
      <t>3267</t>
    </point>
    <point>
      <x>0.65166664</x>
      <y>0.48333332</y>
      <w>0.83284456</w>
      <t>3267</t>
    </point>
    <point>
      <x>0.6483333</x>
      <y>0.48666668</y>
      <w>0.83284456</w>
      <t>3267</t>
    </point>
    <point>
      <x>0.64666665</x>
      <y>0.49166667</y>
      <w>0.8347996</w>
      <t>3300</t>
    </point>
    <point>
      <x>0.6433333</x>
      <y>0.495</y>
      <w>0.8347996</w>
      <t>3300</t>
    </point>
    <point>
      <x>0.64166665</x>
      <y>0.5</y>
      <w>0.8347996</w>
      <t>3300</t>
    </point>
    <point>
      <x>0.64</x>
      <y>0.50333333</y>
      <w>0.8347996</w>
      <t>3300</t>
    </point>
    <point>
      <x>0.63666666</x>
      <y>0.5083333</y>
      <w>0.8347996</w>
      <t>3300</t>
    </point>
    <point>
      <x>0.6333333</x>
      <y>0.5133333</y>
      <w>0.8338221</w>
      <t>3333</t>
    </point>
    <point>
      <x>0.63166666</x>
      <y>0.5183333</y>
      <w>0.8338221</w>
      <t>3333</t>
    </point>
    <point>
      <x>0.62833333</x>
      <y>0.52166665</y>
      <w>0.8338221</w>
      <t>3333</t>
    </point>
    <point>
      <x>0.625</x>
      <y>0.52666664</y>
      <w>0.8338221</w>
      <t>3333</t>
    </point>
    <point>
      <x>0.62166667</x>
      <y>0.5316667</y>
      <w>0.8347996</w>
      <t>3366</t>
    </point>
    <point>
      <x>0.61833334</x>
      <y>0.535</y>
      <w>0.8347996</w>
      <t>3366</t>
    </point>
    <point>
      <x>0.615</x>
      <y>0.54</y>
      <w>0.8347996</w>
      <t>3366</t>
    </point>
    <point>
      <x>0.6116667</x>
      <y>0.54333335</y>
      <w>0.8347996</w>
      <t>3366</t>
    </point>
    <point>
      <x>0.60833335</x>
      <y>0.5466667</y>
      <w>0.8347996</w>
      <t>3366</t>
    </point>
    <point>
      <x>0.605</x>
      <y>0.5516667</y>
      <w>0.8338221</w>
      <t>3400</t>
    </point>
    <point>
      <x>0.6</x>
      <y>0.5566667</y>
      <w>0.8338221</w>
      <t>3400</t>
    </point>
    <point>
      <x>0.5966667</x>
      <y>0.56166667</y>
      <w>0.8338221</w>
      <t>3400</t>
    </point>
    <point>
      <x>0.59166664</x>
      <y>0.565</y>
      <w>0.8338221</w>
      <t>3400</t>
    </point>
    <point>
      <x>0.5883333</x>
      <y>0.5683333</y>
      <w>0.83284456</w>
      <t>3433</t>
    </point>
    <point>
      <x>0.5833333</x>
      <y>0.57166666</y>
      <w>0.83284456</w>
      <t>3433</t>
    </point>
    <point>
      <x>0.58</x>
      <y>0.57666665</y>
      <w>0.83284456</w>
      <t>3433</t>
    </point>
    <point>
      <x>0.575</x>
      <y>0.58</y>
      <w>0.83284456</w>
      <t>3433</t>
    </point>
    <point>
      <x>0.57166666</x>
      <y>0.58166665</y>
      <w>0.83284456</w>
      <t>3433</t>
    </point>
    <point>
      <x>0.56666666</x>
      <y>0.585</y>
      <w>0.7986315</w>
      <t>3466</t>
    </point>
    <point>
      <x>0.56333333</x>
      <y>0.58666664</y>
      <w>0.7986315</w>
      <t>3466</t>
    </point>
    <point>
      <x>0.55833334</x>
      <y>0.5883333</y>
      <w>0.7986315</w>
      <t>3466</t>
    </point>
    <point>
      <x>0.555</x>
      <y>0.59</y>
      <w>0.7986315</w>
      <t>3466</t>
    </point>
    <point>
      <x>0.5516667</x>
      <y>0.59166664</y>
      <w>0.7536657</w>
      <t>3500</t>
    </point>
    <point>
      <x>0.54833335</x>
      <y>0.5933333</y>
      <w>0.7536657</w>
      <t>3500</t>
    </point>
    <point>
      <x>0.545</x>
      <y>0.5933333</y>
      <w>0.7536657</w>
      <t>3500</t>
    </point>
    <point>
      <x>0.5416667</x>
      <y>0.595</y>
      <w>0.7536657</w>
      <t>3500</t>
    </point>
    <point>
      <x>0.53833336</x>
      <y>0.595</y>
      <w>0.7536657</w>
      <t>3500</t>
    </point>
    <point>
      <x>0.535</x>
      <y>0.595</y>
      <w>0.7360704</w>
      <t>3533</t>
    </point>
    <point>
      <x>0.5316667</x>
      <y>0.595</y>
      <w>0.7360704</w>
      <t>3533</t>
    </point>
    <point>
      <x>0.5283333</x>
      <y>0.595</y>
      <w>0.7360704</w>
      <t>3533</t>
    </point>
    <point>
      <x>0.525</x>
      <y>0.595</y>
      <w>0.7360704</w>
      <t>3533</t>
    </point>
    <point>
      <x>0.52166665</x>
      <y>0.595</y>
      <w>0.6920821</w>
      <t>3567</t>
    </point>
    <point>
      <x>0.52</x>
      <y>0.595</y>
      <w>0.6920821</w>
      <t>3567</t>
    </point>
    <point>
      <x>0.51666665</x>
      <y>0.595</y>
      <w>0.6920821</w>
      <t>3567</t>
    </point>
    <point>
      <x>0.515</x>
      <y>0.5933333</y>
      <w>0.6920821</w>
      <t>3567</t>
    </point>
    <point>
      <x>0.5133333</x>
      <y>0.5933333</y>
      <w>0.67741936</w>
      <t>3600</t>
    </point>
    <point>
      <x>0.51166666</x>
      <y>0.59166664</y>
      <w>0.67741936</w>
      <t>3600</t>
    </point>
    <point>
      <x>0.51</x>
      <y>0.59</y>
      <w>0.67741936</w>
      <t>3600</t>
    </point>
    <point>
      <x>0.5083333</x>
      <y>0.5883333</y>
      <w>0.67741936</w>
      <t>3600</t>
    </point>
    <point>
      <x>0.50666666</x>
      <y>0.585</y>
      <w>0.6539589</w>
      <t>3634</t>
    </point>
    <point>
      <x>0.505</x>
      <y>0.5833333</y>
      <w>0.6539589</w>
      <t>3634</t>
    </point>
    <point>
      <x>0.505</x>
      <y>0.58166665</y>
      <w>0.6539589</w>
      <t>3634</t>
    </point>
    <point>
      <x>0.505</x>
      <y>0.5783333</y>
      <w>0.6539589</w>
      <t>3634</t>
    </point>
    <point>
      <x>0.50333333</x>
      <y>0.57666665</y>
      <w>0.6461388</w>
      <t>3667</t>
    </point>
    <point>
      <x>0.50333333</x>
      <y>0.575</y>
      <w>0.6461388</w>
      <t>3667</t>
    </point>
    <point>
      <x>0.50333333</x>
      <y>0.5733333</y>
      <w>0.6461388</w>
      <t>3667</t>
    </point>
    <point>
      <x>0.50333333</x>
      <y>0.57</y>
      <w>0.6461388</w>
      <t>3667</t>
    </point>
    <point>
      <x>0.50333333</x>
      <y>0.5683333</y>
      <w>0.6461388</w>
      <t>3667</t>
    </point>
    <point>
      <x>0.50333333</x>
      <y>0.56666666</y>
      <w>0.6461388</w>
      <t>3700</t>
    </point>
    <point>
      <x>0.50333333</x>
      <y>0.565</y>
      <w>0.6461388</w>
      <t>3700</t>
    </point>
    <point>
      <x>0.50333333</x>
      <y>0.56333333</y>
      <w>0.6461388</w>
      <t>3700</t>
    </point>
    <point>
      <x>0.505</x>
      <y>0.56166667</y>
      <w>0.6461388</w>
      <t>3700</t>
    </point>
    <point>
      <x>0.505</x>
      <y>0.56</y>
      <w>0.6461388</w>
      <t>3733</t>
    </point>
    <point>
      <x>0.505</x>
      <y>0.55833334</y>
      <w>0.6461388</w>
      <t>3733</t>
    </point>
    <point>
      <x>0.50666666</x>
      <y>0.55833334</y>
      <w>0.6461388</w>
      <t>3733</t>
    </point>
    <point>
      <x>0.50666666</x>
      <y>0.5566667</y>
      <w>0.6461388</w>
      <t>3733</t>
    </point>
    <point>
      <x>0.5083333</x>
      <y>0.5566667</y>
      <w>0.6461388</w>
      <t>3733</t>
    </point>
    <point>
      <x>0.5083333</x>
      <y>0.555</y>
      <w>0.6451613</w>
      <t>3767</t>
    </point>
    <point>
      <x>0.51</x>
      <y>0.55333334</y>
      <w>0.6451613</w>
      <t>3767</t>
    </point>
    <point>
      <x>0.51166666</x>
      <y>0.55333334</y>
      <w>0.6451613</w>
      <t>3767</t>
    </point>
    <point>
      <x>0.515</x>
      <y>0.5516667</y>
      <w>0.6451613</w>
      <t>3767</t>
    </point>
    <point>
      <x>0.51666665</x>
      <y>0.5516667</y>
      <w>0.65591395</w>
      <t>3799</t>
    </point>
    <point>
      <x>0.52</x>
      <y>0.55</y>
      <w>0.65591395</w>
      <t>3799</t>
    </point>
    <point>
      <x>0.52166665</x>
      <y>0.55</y>
      <w>0.65591395</w>
      <t>3799</t>
    </point>
    <point>
      <x>0.525</x>
      <y>0.54833335</y>
      <w>0.65591395</w>
      <t>3799</t>
    </point>
    <point>
      <x>0.52666664</x>
      <y>0.54833335</y>
      <w>0.6656892</w>
      <t>3833</t>
    </point>
    <point>
      <x>0.5283333</x>
      <y>0.54833335</y>
      <w>0.6656892</w>
      <t>3833</t>
    </point>
    <point>
      <x>0.53</x>
      <y>0.54833335</y>
      <w>0.6656892</w>
      <t>3833</t>
    </point>
    <point>
      <x>0.5316667</x>
      <y>0.54833335</y>
      <w>0.6656892</w>
      <t>3833</t>
    </point>
    <point>
      <x>0.53333336</x>
      <y>0.54833335</y>
      <w>0.6656892</w>
      <t>3833</t>
    </point>
    <point>
      <x>0.535</x>
      <y>0.54833335</y>
      <w>0.74584556</w>
      <t>3866</t>
    </point>
    <point>
      <x>0.5366667</x>
      <y>0.54833335</y>
      <w>0.74584556</w>
      <t>3866</t>
    </point>
    <point>
      <x>0.53833336</x>
      <y>0.54833335</y>
      <w>0.74584556</w>
      <t>3866</t>
    </point>
    <point>
      <x>0.5416667</x>
      <y>0.54833335</y>
      <w>0.74584556</w>
      <t>3866</t>
    </point>
    <point>
      <x>0.54333335</x>
      <y>0.54833335</y>
      <w>0.7663734</w>
      <t>3900</t>
    </point>
    <point>
      <x>0.545</x>
      <y>0.55</y>
      <w>0.7663734</w>
      <t>3900</t>
    </point>
    <point>
      <x>0.54833335</x>
      <y>0.55</y>
      <w>0.7663734</w>
      <t>3900</t>
    </point>
    <point>
      <x>0.5516667</x>
      <y>0.5516667</y>
      <w>0.7663734</w>
      <t>3900</t>
    </point>
    <point>
      <x>0.555</x>
      <y>0.5516667</y>
      <w>0.7663734</w>
      <t>3900</t>
    </point>
    <point>
      <x>0.5566667</x>
      <y>0.55333334</y>
      <w>0.7869013</w>
      <t>3933</t>
    </point>
    <point>
      <x>0.56</x>
      <y>0.55333334</y>
      <w>0.7869013</w>
      <t>3933</t>
    </point>
    <point>
      <x>0.56333333</x>
      <y>0.555</y>
      <w>0.7869013</w>
      <t>3933</t>
    </point>
    <point>
      <x>0.565</x>
      <y>0.5566667</y>
      <w>0.7869013</w>
      <t>3933</t>
    </point>
    <point>
      <x>0.5683333</x>
      <y>0.55833334</y>
      <w>0.8064516</w>
      <t>3967</t>
    </point>
    <point>
      <x>0.57</x>
      <y>0.56</y>
      <w>0.8064516</w>
      <t>3967</t>
    </point>
    <point>
      <x>0.5733333</x>
      <y>0.56166667</y>
      <w>0.8064516</w>
      <t>3967</t>
    </point>
    <point>
      <x>0.575</x>
      <y>0.56333333</y>
      <w>0.8064516</w>
      <t>3967</t>
    </point>
    <point>
      <x>0.57666665</x>
      <y>0.565</y>
      <w>0.8064516</w>
      <t>3967</t>
    </point>
    <point>
      <x>0.5783333</x>
      <y>0.56666666</y>
      <w>0.83284456</w>
      <t>4000</t>
    </point>
    <point>
      <x>0.58</x>
      <y>0.5683333</y>
      <w>0.83284456</w>
      <t>4000</t>
    </point>
    <point>
      <x>0.58166665</x>
      <y>0.5683333</y>
      <w>0.83284456</w>
      <t>4000</t>
    </point>
    <point>
      <x>0.5833333</x>
      <y>0.57</y>
      <w>0.83284456</w>
      <t>4000</t>
    </point>
    <point>
      <x>0.585</x>
      <y>0.57166666</y>
      <w>0.8494624</w>
      <t>4033</t>
    </point>
    <point>
      <x>0.58666664</x>
      <y>0.5733333</y>
      <w>0.8494624</w>
      <t>4033</t>
    </point>
    <point>
      <x>0.5883333</x>
      <y>0.575</y>
      <w>0.8494624</w>
      <t>4033</t>
    </point>
    <point>
      <x>0.59</x>
      <y>0.57666665</y>
      <w>0.8494624</w>
      <t>4033</t>
    </point>
    <point>
      <x>0.59166664</x>
      <y>0.5783333</y>
      <w>0.8494624</w>
      <t>4033</t>
    </point>
    <point>
      <x>0.595</x>
      <y>0.58</y>
      <w>0.85826004</w>
      <t>4067</t>
    </point>
    <point>
      <x>0.5966667</x>
      <y>0.5833333</y>
      <w>0.85826004</w>
      <t>4067</t>
    </point>
    <point>
      <x>0.59833336</x>
      <y>0.585</y>
      <w>0.85826004</w>
      <t>4067</t>
    </point>
    <point>
      <x>0.6</x>
      <y>0.58666664</y>
      <w>0.85826004</w>
      <t>4067</t>
    </point>
    <point>
      <x>0.6016667</x>
      <y>0.5883333</y>
      <w>0.86608016</w>
      <t>4100</t>
    </point>
    <point>
      <x>0.60333335</x>
      <y>0.59</y>
      <w>0.86608016</w>
      <t>4100</t>
    </point>
    <point>
      <x>0.605</x>
      <y>0.59166664</y>
      <w>0.86608016</w>
      <t>4100</t>
    </point>
    <point>
      <x>0.6066667</x>
      <y>0.5933333</y>
      <w>0.86608016</w>
      <t>4100</t>
    </point>
    <point>
      <x>0.60833335</x>
      <y>0.595</y>
      <w>0.86608016</w>
      <t>4100</t>
    </point>
    <point>
      <x>0.61</x>
      <y>0.5966667</y>
      <w>0.87096775</w>
      <t>4133</t>
    </point>
    <point>
      <x>0.6116667</x>
      <y>0.6</y>
      <w>0.87096775</w>
      <t>4133</t>
    </point>
    <point>
      <x>0.6116667</x>
      <y>0.6016667</y>
      <w>0.87096775</w>
      <t>4133</t>
    </point>
    <point>
      <x>0.61333334</x>
      <y>0.60333335</y>
      <w>0.87096775</w>
      <t>4133</t>
    </point>
    <point>
      <x>0.615</x>
      <y>0.605</y>
      <w>0.8729228</w>
      <t>4167</t>
    </point>
    <point>
      <x>0.615</x>
      <y>0.6066667</y>
      <w>0.8729228</w>
      <t>4167</t>
    </point>
    <point>
      <x>0.6166667</x>
      <y>0.60833335</y>
      <w>0.8729228</w>
      <t>4167</t>
    </point>
    <point>
      <x>0.61833334</x>
      <y>0.61</y>
      <w>0.8729228</w>
      <t>4167</t>
    </point>
    <point>
      <x>0.61833334</x>
      <y>0.6116667</y>
      <w>0.87683284</w>
      <t>4200</t>
    </point>
    <point>
      <x>0.62</x>
      <y>0.615</y>
      <w>0.87683284</w>
      <t>4200</t>
    </point>
    <point>
      <x>0.62166667</x>
      <y>0.6166667</y>
      <w>0.87683284</w>
      <t>4200</t>
    </point>
    <point>
      <x>0.62166667</x>
      <y>0.61833334</y>
      <w>0.87683284</w>
      <t>4200</t>
    </point>
    <point>
      <x>0.62333333</x>
      <y>0.62</y>
      <w>0.87683284</w>
      <t>4200</t>
    </point>
    <point>
      <x>0.62333333</x>
      <y>0.62166667</y>
      <w>0.87683284</w>
      <t>4233</t>
    </point>
    <point>
      <x>0.625</x>
      <y>0.62333333</y>
      <w>0.87683284</w>
      <t>4233</t>
    </point>
    <point>
      <x>0.625</x>
      <y>0.625</y>
      <w>0.87683284</w>
      <t>4233</t>
    </point>
    <point>
      <x>0.62666667</x>
      <y>0.62833333</y>
      <w>0.87683284</w>
      <t>4233</t>
    </point>
    <point>
      <x>0.62666667</x>
      <y>0.63</y>
      <w>0.87683284</w>
      <t>4266</t>
    </point>
    <point>
      <x>0.62833333</x>
      <y>0.63</y>
      <w>0.87683284</w>
      <t>4266</t>
    </point>
    <point>
      <x>0.62833333</x>
      <y>0.63166666</y>
      <w>0.87683284</w>
      <t>4266</t>
    </point>
    <point>
      <x>0.62833333</x>
      <y>0.6333333</y>
      <w>0.87683284</w>
      <t>4266</t>
    </point>
    <point>
      <x>0.63</x>
      <y>0.635</y>
      <w>0.87683284</w>
      <t>4266</t>
    </point>
    <point>
      <x>0.63</x>
      <y>0.63666666</y>
      <w>0.87781036</w>
      <t>4300</t>
    </point>
    <point>
      <x>0.63</x>
      <y>0.6383333</y>
      <w>0.87781036</w>
      <t>4300</t>
    </point>
    <point>
      <x>0.63166666</x>
      <y>0.64</y>
      <w>0.87781036</w>
      <t>4300</t>
    </point>
    <point>
      <x>0.63166666</x>
      <y>0.64166665</y>
      <w>0.87781036</w>
      <t>4333</t>
    </point>
    <point>
      <x>0.63166666</x>
      <y>0.6433333</y>
      <w>0.87781036</w>
      <t>4333</t>
    </point>
    <point>
      <x>0.63166666</x>
      <y>0.645</y>
      <w>0.87781036</w>
      <t>4333</t>
    </point>
    <point>
      <x>0.6333333</x>
      <y>0.645</y>
      <w>0.87781036</w>
      <t>4333</t>
    </point>
    <point>
      <x>0.6333333</x>
      <y>0.64666665</y>
      <w>0.87781036</w>
      <t>4367</t>
    </point>
    <point>
      <x>0.6333333</x>
      <y>0.6483333</y>
      <w>0.87781036</w>
      <t>4367</t>
    </point>
    <point>
      <x>0.6333333</x>
      <y>0.65</y>
      <w>0.87781036</w>
      <t>4367</t>
    </point>
    <point>
      <x>0.6333333</x>
      <y>0.65166664</y>
      <w>0.87096775</w>
      <t>4400</t>
    </point>
    <point>
      <x>0.6333333</x>
      <y>0.6533333</y>
      <w>0.87096775</w>
      <t>4400</t>
    </point>
    <point>
      <x>0.6333333</x>
      <y>0.655</y>
      <w>0.87096775</w>
      <t>4400</t>
    </point>
    <point>
      <x>0.6333333</x>
      <y>0.6566667</y>
      <w>0.87096775</w>
      <t>4400</t>
    </point>
    <point>
      <x>0.6333333</x>
      <y>0.65833336</y>
      <w>0.87096775</w>
      <t>4400</t>
    </point>
    <point>
      <x>0.6333333</x>
      <y>0.66</y>
      <w>0.829912</w>
      <t>4433</t>
    </point>
    <point>
      <x>0.6333333</x>
      <y>0.6616667</y>
      <w>0.829912</w>
      <t>4433</t>
    </point>
    <point>
      <x>0.6333333</x>
      <y>0.66333336</y>
      <w>0.829912</w>
      <t>4433</t>
    </point>
    <point>
      <x>0.6333333</x>
      <y>0.665</y>
      <w>0.78396875</w>
      <t>4467</t>
    </point>
    <point>
      <x>0.6333333</x>
      <y>0.6666667</y>
      <w>0.78396875</w>
      <t>4467</t>
    </point>
    <point>
      <x>0.6333333</x>
      <y>0.66833335</y>
      <w>0.78396875</w>
      <t>4467</t>
    </point>
    <point>
      <x>0.6333333</x>
      <y>0.67</y>
      <w>0.78396875</w>
      <t>4467</t>
    </point>
    <point>
      <x>0.6333333</x>
      <y>0.67333335</y>
      <w>0.7106549</w>
      <t>4500</t>
    </point>
    <point>
      <x>0.6333333</x>
      <y>0.675</y>
      <w>0.7106549</w>
      <t>4500</t>
    </point>
    <point>
      <x>0.6333333</x>
      <y>0.6766667</y>
      <w>0.7106549</w>
      <t>4500</t>
    </point>
    <point>
      <x>0.6333333</x>
      <y>0.67833334</y>
      <w>0.7106549</w>
      <t>4500</t>
    </point>
    <point>
      <x>0.6333333</x>
      <y>0.68</y>
      <w>0.7106549</w>
      <t>4500</t>
    </point>
    <point>
      <x>0.6333333</x>
      <y>0.6816667</y>
      <w>0.56207234</w>
      <t>4533</t>
    </point>
    <point>
      <x>0.6333333</x>
      <y>0.68333334</y>
      <w>0.56207234</w>
      <t>4533</t>
    </point>
    <point>
      <x>0.63166666</x>
      <y>0.68666667</y>
      <w>0.56207234</w>
      <t>4533</t>
    </point>
    <point>
      <x>0.63166666</x>
      <y>0.68833333</y>
      <w>0.30498534</w>
      <t>4566</t>
    </point>
    <point>
      <x>0.63</x>
      <y>0.69166666</y>
      <w>0.30498534</w>
      <t>4566</t>
    </point>
    <point>
      <x>0.62833333</x>
      <y>0.6933333</y>
      <w>0.30498534</w>
      <t>4566</t>
    </point>
    <point>
      <x>0.62666667</x>
      <y>0.69666666</y>
      <w>0.30498534</w>
      <t>4566</t>
    </point>
  </stroke>
</character>
