<?xml version="1.0" encoding="UTF-8"?>
<character>
  <stroke time="0">
    <point>
      <x>0.27666667</x>
      <y>0.205</y>
      <w>0.40371457</w>
      <t>70</t>
    </point>
    <point>
      <x>0.27833334</x>
      <y>0.20666666</y>
      <w>0.5092864</w>
      <t>100</t>
    </point>
    <point>
      <x>0.28</x>
      <y>0.20833333</y>
      <w>0.5092864</w>
      <t>100</t>
    </point>
    <point>
      <x>0.28166667</x>
      <y>0.20833333</y>
      <w>0.5092864</w>
      <t>100</t>
    </point>
    <point>
      <x>0.28333333</x>
      <y>0.21</y>
      <w>0.5092864</w>
      <t>101</t>
    </point>
    <point>
      <x>0.285</x>
      <y>0.21</y>
      <w>0.5092864</w>
      <t>101</t>
    </point>
    <point>
      <x>0.285</x>
      <y>0.21166667</y>
      <w>0.5591398</w>
      <t>133</t>
    </point>
    <point>
      <x>0.28666666</x>
      <y>0.21166667</y>
      <w>0.5591398</w>
      <t>133</t>
    </point>
    <point>
      <x>0.28666666</x>
      <y>0.21333334</y>
      <w>0.5591398</w>
      <t>133</t>
    </point>
    <point>
      <x>0.28833333</x>
      <y>0.21333334</y>
      <w>0.5591398</w>
      <t>134</t>
    </point>
    <point>
      <x>0.28833333</x>
      <y>0.215</y>
      <w>0.65786904</w>
      <t>166</t>
    </point>
    <point>
      <x>0.29</x>
      <y>0.21666667</y>
      <w>0.65786904</w>
      <t>166</t>
    </point>
    <point>
      <x>0.29</x>
      <y>0.21833333</y>
      <w>0.65786904</w>
      <t>166</t>
    </point>
    <point>
      <x>0.29</x>
      <y>0.22</y>
      <w>0.65786904</w>
      <t>167</t>
    </point>
    <point>
      <x>0.29166666</x>
      <y>0.22166666</y>
      <w>0.7194526</w>
      <t>200</t>
    </point>
    <point>
      <x>0.29166666</x>
      <y>0.22333333</y>
      <w>0.7194526</w>
      <t>200</t>
    </point>
    <point>
      <x>0.29333332</x>
      <y>0.225</y>
      <w>0.7194526</w>
      <t>200</t>
    </point>
    <point>
      <x>0.29333332</x>
      <y>0.22833334</y>
      <w>0.7194526</w>
      <t>201</t>
    </point>
    <point>
      <x>0.29333332</x>
      <y>0.23</y>
      <w>0.7194526</w>
      <t>201</t>
    </point>
    <point>
      <x>0.29333332</x>
      <y>0.23166667</y>
      <w>0.7663734</w>
      <t>233</t>
    </point>
    <point>
      <x>0.29333332</x>
      <y>0.23333333</y>
      <w>0.7663734</w>
      <t>235</t>
    </point>
    <point>
      <x>0.29333332</x>
      <y>0.235</y>
      <w>0.7663734</w>
      <t>235</t>
    </point>
    <point>
      <x>0.29333332</x>
      <y>0.23833333</y>
      <w>0.7663734</w>
      <t>235</t>
    </point>
    <point>
      <x>0.29333332</x>
      <y>0.24</y>
      <w>0.80351907</w>
      <t>266</t>
    </point>
    <point>
      <x>0.29333332</x>
      <y>0.24333334</y>
      <w>0.80351907</w>
      <t>266</t>
    </point>
    <point>
      <x>0.29333332</x>
      <y>0.24666667</y>
      <w>0.80351907</w>
      <t>266</t>
    </point>
    <point>
      <x>0.29333332</x>
      <y>0.25</y>
      <w>0.80351907</w>
      <t>267</t>
    </point>
    <point>
      <x>0.29166666</x>
      <y>0.25333333</y>
      <w>0.80351907</w>
      <t>267</t>
    </point>
    <point>
      <x>0.29166666</x>
      <y>0.25833333</y>
      <w>0.83284456</w>
      <t>300</t>
    </point>
    <point>
      <x>0.29</x>
      <y>0.26333332</y>
      <w>0.83284456</w>
      <t>300</t>
    </point>
    <point>
      <x>0.28833333</x>
      <y>0.26833335</y>
      <w>0.83284456</w>
      <t>300</t>
    </point>
    <point>
      <x>0.28833333</x>
      <y>0.27333334</y>
      <w>0.83284456</w>
      <t>301</t>
    </point>
    <point>
      <x>0.28666666</x>
      <y>0.28</y>
      <w>0.86412513</w>
      <t>333</t>
    </point>
    <point>
      <x>0.285</x>
      <y>0.28666666</y>
      <w>0.86412513</w>
      <t>333</t>
    </point>
    <point>
      <x>0.28333333</x>
      <y>0.29333332</y>
      <w>0.86412513</w>
      <t>333</t>
    </point>
    <point>
      <x>0.28166667</x>
      <y>0.3</y>
      <w>0.86412513</w>
      <t>334</t>
    </point>
    <point>
      <x>0.27833334</x>
      <y>0.30833334</y>
      <w>0.8914956</w>
      <t>366</t>
    </point>
    <point>
      <x>0.27666667</x>
      <y>0.31833333</y>
      <w>0.8914956</w>
      <t>366</t>
    </point>
    <point>
      <x>0.27333334</x>
      <y>0.32833335</y>
      <w>0.8914956</w>
      <t>366</t>
    </point>
    <point>
      <x>0.27</x>
      <y>0.33666667</y>
      <w>0.8914956</w>
      <t>367</t>
    </point>
    <point>
      <x>0.26666668</x>
      <y>0.34666666</y>
      <w>0.8914956</w>
      <t>367</t>
    </point>
    <point>
      <x>0.26333332</x>
      <y>0.35666665</y>
      <w>0.9139785</w>
      <t>400</t>
    </point>
    <point>
      <x>0.26</x>
      <y>0.365</y>
      <w>0.9139785</w>
      <t>400</t>
    </point>
    <point>
      <x>0.25666666</x>
      <y>0.375</y>
      <w>0.9139785</w>
      <t>400</t>
    </point>
    <point>
      <x>0.25333333</x>
      <y>0.38333333</y>
      <w>0.9139785</w>
      <t>401</t>
    </point>
    <point>
      <x>0.25</x>
      <y>0.39166668</y>
      <w>0.9139785</w>
      <t>401</t>
    </point>
    <point>
      <x>0.24666667</x>
      <y>0.40166667</y>
      <w>0.9198436</w>
      <t>434</t>
    </point>
    <point>
      <x>0.24333334</x>
      <y>0.41</y>
      <w>0.9198436</w>
      <t>434</t>
    </point>
    <point>
      <x>0.24</x>
      <y>0.41833332</y>
      <w>0.9198436</w>
      <t>434</t>
    </point>
    <point>
      <x>0.23666666</x>
      <y>0.42833334</y>
      <w>0.9198436</w>
      <t>434</t>
    </point>
    <point>
      <x>0.23333333</x>
      <y>0.43666667</y>
      <w>0.92766374</w>
      <t>466</t>
    </point>
    <point>
      <x>0.23</x>
      <y>0.445</y>
      <w>0.92766374</w>
      <t>466</t>
    </point>
    <point>
      <x>0.22666667</x>
      <y>0.45333335</y>
      <w>0.92766374</w>
      <t>466</t>
    </point>
    <point>
      <x>0.22333333</x>
      <y>0.46166667</y>
      <w>0.92766374</w>
      <t>467</t>
    </point>
    <point>
      <x>0.22</x>
      <y>0.46666667</y>
      <w>0.92864126</w>
      <t>500</t>
    </point>
    <point>
      <x>0.21833333</x>
      <y>0.47333333</y>
      <w>0.92864126</w>
      <t>500</t>
    </point>
    <point>
      <x>0.215</x>
      <y>0.47833332</y>
      <w>0.92864126</w>
      <t>500</t>
    </point>
    <point>
      <x>0.21333334</x>
      <y>0.48166665</y>
      <w>0.92864126</w>
      <t>501</t>
    </point>
    <point>
      <x>0.21166667</x>
      <y>0.48666668</y>
      <w>0.92864126</w>
      <t>501</t>
    </point>
    <point>
      <x>0.21</x>
      <y>0.49</y>
      <w>0.92766374</w>
      <t>533</t>
    </point>
    <point>
      <x>0.20833333</x>
      <y>0.49333334</y>
      <w>0.92766374</w>
      <t>533</t>
    </point>
    <point>
      <x>0.20666666</x>
      <y>0.495</y>
      <w>0.92766374</w>
      <t>533</t>
    </point>
    <point>
      <x>0.205</x>
      <y>0.49666667</y>
      <w>0.92766374</w>
      <t>534</t>
    </point>
    <point>
      <x>0.20333333</x>
      <y>0.49833333</y>
      <w>0.92179865</w>
      <t>567</t>
    </point>
    <point>
      <x>0.20333333</x>
      <y>0.49666667</y>
      <w>0.86510265</w>
      <t>667</t>
    </point>
    <point>
      <x>0.205</x>
      <y>0.495</y>
      <w>0.86510265</w>
      <t>667</t>
    </point>
    <point>
      <x>0.20666666</x>
      <y>0.49333334</y>
      <w>0.86510265</w>
      <t>667</t>
    </point>
    <point>
      <x>0.21</x>
      <y>0.49</y>
      <w>0.86510265</w>
      <t>667</t>
    </point>
    <point>
      <x>0.21333334</x>
      <y>0.48666668</y>
      <w>0.8680352</w>
      <t>700</t>
    </point>
    <point>
      <x>0.21666667</x>
      <y>0.485</y>
      <w>0.8680352</w>
      <t>700</t>
    </point>
    <point>
      <x>0.22</x>
      <y>0.48166665</y>
      <w>0.8680352</w>
      <t>700</t>
    </point>
    <point>
      <x>0.225</x>
      <y>0.47833332</y>
      <w>0.8680352</w>
      <t>700</t>
    </point>
    <point>
      <x>0.22833334</x>
      <y>0.475</y>
      <w>0.8680352</w>
      <t>701</t>
    </point>
    <point>
      <x>0.23333333</x>
      <y>0.47166666</y>
      <w>0.86608016</w>
      <t>733</t>
    </point>
    <point>
      <x>0.23833333</x>
      <y>0.46833333</y>
      <w>0.86608016</w>
      <t>733</t>
    </point>
    <point>
      <x>0.24166666</x>
      <y>0.46666667</y>
      <w>0.86608016</w>
      <t>733</t>
    </point>
    <point>
      <x>0.24666667</x>
      <y>0.46333334</y>
      <w>0.86608016</w>
      <t>733</t>
    </point>
    <point>
      <x>0.25</x>
      <y>0.46166667</y>
      <w>0.8611926</w>
      <t>766</t>
    </point>
    <point>
      <x>0.25333333</x>
      <y>0.46</y>
      <w>0.8611926</w>
      <t>766</t>
    </point>
    <point>
      <x>0.25833333</x>
      <y>0.46</y>
      <w>0.8611926</w>
      <t>768</t>
    </point>
    <point>
      <x>0.26166666</x>
      <y>0.45833334</y>
      <w>0.8611926</w>
      <t>768</t>
    </point>
    <point>
      <x>0.26333332</x>
      <y>0.45833334</y>
      <w>0.86021507</w>
      <t>800</t>
    </point>
    <point>
      <x>0.26666668</x>
      <y>0.45833334</y>
      <w>0.86021507</w>
      <t>800</t>
    </point>
    <point>
      <x>0.26833335</x>
      <y>0.45833334</y>
      <w>0.86021507</w>
      <t>800</t>
    </point>
    <point>
      <x>0.27</x>
      <y>0.45833334</y>
      <w>0.86021507</w>
      <t>802</t>
    </point>
    <point>
      <x>0.27166668</x>
      <y>0.45833334</y>
      <w>0.86021507</w>
      <t>802</t>
    </point>
    <point>
      <x>0.27333334</x>
      <y>0.45833334</y>
      <w>0.8611926</w>
      <t>834</t>
    </point>
    <point>
      <x>0.275</x>
      <y>0.46</y>
      <w>0.8611926</w>
      <t>834</t>
    </point>
    <point>
      <x>0.27666667</x>
      <y>0.46166667</y>
      <w>0.8631476</w>
      <t>867</t>
    </point>
    <point>
      <x>0.27833334</x>
      <y>0.46166667</y>
      <w>0.8631476</w>
      <t>867</t>
    </point>
    <point>
      <x>0.28</x>
      <y>0.46333334</y>
      <w>0.8631476</w>
      <t>867</t>
    </point>
    <point>
      <x>0.28166667</x>
      <y>0.465</y>
      <w>0.8631476</w>
      <t>867</t>
    </point>
    <point>
      <x>0.28333333</x>
      <y>0.46666667</y>
      <w>0.8670577</w>
      <t>900</t>
    </point>
    <point>
      <x>0.285</x>
      <y>0.46833333</y>
      <w>0.8670577</w>
      <t>900</t>
    </point>
    <point>
      <x>0.28666666</x>
      <y>0.47166666</y>
      <w>0.8670577</w>
      <t>900</t>
    </point>
    <point>
      <x>0.28833333</x>
      <y>0.47333333</y>
      <w>0.8670577</w>
      <t>900</t>
    </point>
    <point>
      <x>0.28833333</x>
      <y>0.475</y>
      <w>0.87683284</w>
      <t>933</t>
    </point>
    <point>
      <x>0.29</x>
      <y>0.47833332</y>
      <w>0.87683284</w>
      <t>933</t>
    </point>
    <point>
      <x>0.29166666</x>
      <y>0.48</y>
      <w>0.87683284</w>
      <t>933</t>
    </point>
    <point>
      <x>0.29333332</x>
      <y>0.48333332</y>
      <w>0.87683284</w>
      <t>933</t>
    </point>
    <point>
      <x>0.29333332</x>
      <y>0.485</y>
      <w>0.87683284</w>
      <t>934</t>
    </point>
    <point>
      <x>0.295</x>
      <y>0.48833334</y>
      <w>0.8924731</w>
      <t>967</t>
    </point>
    <point>
      <x>0.29666665</x>
      <y>0.49166667</y>
      <w>0.8924731</w>
      <t>967</t>
    </point>
    <point>
      <x>0.29666665</x>
      <y>0.495</y>
      <w>0.8924731</w>
      <t>967</t>
    </point>
    <point>
      <x>0.29833335</x>
      <y>0.49833333</y>
      <w>0.8924731</w>
      <t>967</t>
    </point>
    <point>
      <x>0.29833335</x>
      <y>0.50166667</y>
      <w>0.8993157</w>
      <t>1000</t>
    </point>
    <point>
      <x>0.29833335</x>
      <y>0.50666666</y>
      <w>0.8993157</w>
      <t>1000</t>
    </point>
    <point>
      <x>0.3</x>
      <y>0.51166666</y>
      <w>0.8993157</w>
      <t>1000</t>
    </point>
    <point>
      <x>0.3</x>
      <y>0.51666665</y>
      <w>0.8993157</w>
      <t>1000</t>
    </point>
    <point>
      <x>0.3</x>
      <y>0.52166665</y>
      <w>0.91006845</w>
      <t>1033</t>
    </point>
    <point>
      <x>0.3</x>
      <y>0.52666664</y>
      <w>0.91006845</w>
      <t>1033</t>
    </point>
    <point>
      <x>0.3</x>
      <y>0.53333336</y>
      <w>0.91006845</w>
      <t>1033</t>
    </point>
    <point>
      <x>0.3</x>
      <y>0.53833336</y>
      <w>0.91006845</w>
      <t>1033</t>
    </point>
    <point>
      <x>0.3</x>
      <y>0.545</y>
      <w>0.91006845</w>
      <t>1033</t>
    </point>
    <point>
      <x>0.3</x>
      <y>0.5516667</y>
      <w>0.9198436</w>
      <t>1067</t>
    </point>
    <point>
      <x>0.29833335</x>
      <y>0.55833334</y>
      <w>0.9198436</w>
      <t>1067</t>
    </point>
    <point>
      <x>0.29833335</x>
      <y>0.565</y>
      <w>0.9198436</w>
      <t>1067</t>
    </point>
    <point>
      <x>0.29666665</x>
      <y>0.57166666</y>
      <w>0.9198436</w>
      <t>1067</t>
    </point>
    <point>
      <x>0.29666665</x>
      <y>0.5783333</y>
      <w>0.92179865</w>
      <t>1100</t>
    </point>
    <point>
      <x>0.295</x>
      <y>0.58666664</y>
      <w>0.92179865</w>
      <t>1100</t>
    </point>
    <point>
      <x>0.29333332</x>
      <y>0.5933333</y>
      <w>0.92179865</w>
      <t>1100</t>
    </point>
    <point>
      <x>0.29333332</x>
      <y>0.6016667</y>
      <w>0.92179865</w>
      <t>1100</t>
    </point>
    <point>
      <x>0.29166666</x>
      <y>0.61</y>
      <w>0.92179865</w>
      <t>1101</t>
    </point>
    <point>
      <x>0.29</x>
      <y>0.6166667</y>
      <w>0.92277616</w>
      <t>1133</t>
    </point>
    <point>
      <x>0.29</x>
      <y>0.625</y>
      <w>0.92277616</w>
      <t>1133</t>
    </point>
    <point>
      <x>0.28833333</x>
      <y>0.63166666</y>
      <w>0.92277616</w>
      <t>1133</t>
    </point>
    <point>
      <x>0.28666666</x>
      <y>0.64</y>
      <w>0.92277616</w>
      <t>1134</t>
    </point>
    <point>
      <x>0.285</x>
      <y>0.64666665</y>
      <w>0.92277616</w>
      <t>1166</t>
    </point>
    <point>
      <x>0.28333333</x>
      <y>0.6533333</y>
      <w>0.92277616</w>
      <t>1166</t>
    </point>
    <point>
      <x>0.28166667</x>
      <y>0.6616667</y>
      <w>0.92277616</w>
      <t>1166</t>
    </point>
    <point>
      <x>0.28</x>
      <y>0.66833335</y>
      <w>0.92277616</w>
      <t>1167</t>
    </point>
    <point>
      <x>0.27833334</x>
      <y>0.675</y>
      <w>0.92277616</w>
      <t>1167</t>
    </point>
    <point>
      <x>0.27833334</x>
      <y>0.6816667</y>
      <w>0.9247312</w>
      <t>1200</t>
    </point>
    <point>
      <x>0.27666667</x>
      <y>0.68833333</y>
      <w>0.9247312</w>
      <t>1200</t>
    </point>
    <point>
      <x>0.27666667</x>
      <y>0.6933333</y>
      <w>0.9247312</w>
      <t>1200</t>
    </point>
    <point>
      <x>0.275</x>
      <y>0.69666666</y>
      <w>0.9247312</w>
      <t>1200</t>
    </point>
    <point>
      <x>0.275</x>
      <y>0.70166665</y>
      <w>0.92277616</w>
      <t>1233</t>
    </point>
    <point>
      <x>0.275</x>
      <y>0.7033333</y>
      <w>0.92277616</w>
      <t>1233</t>
    </point>
    <point>
      <x>0.275</x>
      <y>0.70666665</y>
      <w>0.92277616</w>
      <t>1233</t>
    </point>
    <point>
      <x>0.27333334</x>
      <y>0.7083333</y>
      <w>0.92277616</w>
      <t>1233</t>
    </point>
    <point>
      <x>0.27333334</x>
      <y>0.71</y>
      <w>0.92277616</w>
      <t>1233</t>
    </point>
    <point>
      <x>0.27333334</x>
      <y>0.71166664</y>
      <w>0.9178886</w>
      <t>1266</t>
    </point>
    <point>
      <x>0.27333334</x>
      <y>0.7133333</y>
      <w>0.9178886</w>
      <t>1266</t>
    </point>
    <point>
      <x>0.275</x>
      <y>0.7133333</y>
      <w>0.90127075</w>
      <t>1367</t>
    </point>
    <point>
      <x>0.275</x>
      <y>0.715</y>
      <w>0.90127075</w>
      <t>1367</t>
    </point>
    <point>
      <x>0.27666667</x>
      <y>0.715</y>
      <w>0.886608</w>
      <t>1400</t>
    </point>
    <point>
      <x>0.27833334</x>
      <y>0.715</y>
      <w>0.886608</w>
      <t>1400</t>
    </point>
    <point>
      <x>0.28</x>
      <y>0.715</y>
      <w>0.8729228</w>
      <t>1434</t>
    </point>
    <point>
      <x>0.28166667</x>
      <y>0.715</y>
      <w>0.8357771</w>
      <t>1466</t>
    </point>
    <point>
      <x>0.28333333</x>
      <y>0.715</y>
      <w>0.8357771</w>
      <t>1466</t>
    </point>
    <point>
      <x>0.28333333</x>
      <y>0.7133333</y>
      <w>0.8044966</w>
      <t>1500</t>
    </point>
    <point>
      <x>0.285</x>
      <y>0.71166664</y>
      <w>0.8044966</w>
      <t>1500</t>
    </point>
    <point>
      <x>0.285</x>
      <y>0.71</y>
      <w>0.8044966</w>
      <t>1500</t>
    </point>
    <point>
      <x>0.28666666</x>
      <y>0.70666665</y>
      <w>0.8044966</w>
      <t>1500</t>
    </point>
    <point>
      <x>0.28833333</x>
      <y>0.705</y>
      <w>0.8044966</w>
      <t>1500</t>
    </point>
    <point>
      <x>0.29</x>
      <y>0.70166665</y>
      <w>0.7917889</w>
      <t>1533</t>
    </point>
    <point>
      <x>0.29</x>
      <y>0.6983333</y>
      <w>0.7917889</w>
      <t>1533</t>
    </point>
    <point>
      <x>0.29166666</x>
      <y>0.695</y>
      <w>0.7917889</w>
      <t>1533</t>
    </point>
    <point>
      <x>0.29333332</x>
      <y>0.69166666</y>
      <w>0.7917889</w>
      <t>1533</t>
    </point>
    <point>
      <x>0.295</x>
      <y>0.68666667</y>
      <w>0.7888563</w>
      <t>1567</t>
    </point>
    <point>
      <x>0.29833335</x>
      <y>0.68333334</y>
      <w>0.7888563</w>
      <t>1567</t>
    </point>
    <point>
      <x>0.3</x>
      <y>0.67833334</y>
      <w>0.7888563</w>
      <t>1567</t>
    </point>
    <point>
      <x>0.30166668</x>
      <y>0.67333335</y>
      <w>0.7888563</w>
      <t>1567</t>
    </point>
    <point>
      <x>0.30333334</x>
      <y>0.66833335</y>
      <w>0.7888563</w>
      <t>1567</t>
    </point>
    <point>
      <x>0.305</x>
      <y>0.66333336</y>
      <w>0.7595308</w>
      <t>1600</t>
    </point>
    <point>
      <x>0.30833334</x>
      <y>0.65833336</y>
      <w>0.7595308</w>
      <t>1600</t>
    </point>
    <point>
      <x>0.30833334</x>
      <y>0.655</y>
      <w>0.7595308</w>
      <t>1600</t>
    </point>
    <point>
      <x>0.31</x>
      <y>0.65</y>
      <w>0.7595308</w>
      <t>1600</t>
    </point>
    <point>
      <x>0.31166667</x>
      <y>0.645</y>
      <w>0.7595308</w>
      <t>1601</t>
    </point>
    <point>
      <x>0.31333333</x>
      <y>0.64</y>
      <w>0.7311828</w>
      <t>1633</t>
    </point>
    <point>
      <x>0.315</x>
      <y>0.63666666</y>
      <w>0.7311828</w>
      <t>1633</t>
    </point>
    <point>
      <x>0.31666666</x>
      <y>0.63166666</y>
      <w>0.7311828</w>
      <t>1633</t>
    </point>
    <point>
      <x>0.31833333</x>
      <y>0.625</y>
      <w>0.7311828</w>
      <t>1633</t>
    </point>
    <point>
      <x>0.32</x>
      <y>0.62</y>
      <w>0.67155427</w>
      <t>1667</t>
    </point>
    <point>
      <x>0.32166666</x>
      <y>0.615</y>
      <w>0.67155427</w>
      <t>1667</t>
    </point>
    <point>
      <x>0.32333332</x>
      <y>0.61</y>
      <w>0.67155427</w>
      <t>1667</t>
    </point>
    <point>
      <x>0.325</x>
      <y>0.60333335</y>
      <w>0.67155427</w>
      <t>1667</t>
    </point>
    <point>
      <x>0.32666665</x>
      <y>0.5966667</y>
      <w>0.62658846</w>
      <t>1700</t>
    </point>
    <point>
      <x>0.32833335</x>
      <y>0.59</y>
      <w>0.62658846</w>
      <t>1700</t>
    </point>
    <point>
      <x>0.33</x>
      <y>0.5833333</y>
      <w>0.62658846</w>
      <t>1700</t>
    </point>
    <point>
      <x>0.33166668</x>
      <y>0.57666665</y>
      <w>0.62658846</w>
      <t>1700</t>
    </point>
    <point>
      <x>0.335</x>
      <y>0.57</y>
      <w>0.62658846</w>
      <t>1700</t>
    </point>
    <point>
      <x>0.33666667</x>
      <y>0.56166667</y>
      <w>0.6001955</w>
      <t>1733</t>
    </point>
    <point>
      <x>0.34</x>
      <y>0.555</y>
      <w>0.6001955</w>
      <t>1733</t>
    </point>
    <point>
      <x>0.34166667</x>
      <y>0.5466667</y>
      <w>0.6001955</w>
      <t>1733</t>
    </point>
    <point>
      <x>0.345</x>
      <y>0.53833336</y>
      <w>0.6001955</w>
      <t>1733</t>
    </point>
    <point>
      <x>0.34833333</x>
      <y>0.53</y>
      <w>0.5210166</w>
      <t>1767</t>
    </point>
    <point>
      <x>0.35166666</x>
      <y>0.52</y>
      <w>0.5210166</w>
      <t>1767</t>
    </point>
    <point>
      <x>0.355</x>
      <y>0.51166666</y>
      <w>0.5210166</w>
      <t>1767</t>
    </point>
    <point>
      <x>0.35833332</x>
      <y>0.50333333</y>
      <w>0.5210166</w>
      <t>1767</t>
    </point>
    <point>
      <x>0.36333334</x>
      <y>0.49333334</y>
      <w>0.5210166</w>
      <t>1767</t>
    </point>
    <point>
      <x>0.36666667</x>
      <y>0.485</y>
      <w>0.45845553</w>
      <t>1800</t>
    </point>
    <point>
      <x>0.37166667</x>
      <y>0.47666666</y>
      <w>0.45845553</w>
      <t>1800</t>
    </point>
    <point>
      <x>0.375</x>
      <y>0.46833333</y>
      <w>0.45845553</w>
      <t>1800</t>
    </point>
    <point>
      <x>0.38</x>
      <y>0.45833334</y>
      <w>0.45845553</w>
      <t>1800</t>
    </point>
    <point>
      <x>0.385</x>
      <y>0.45</y>
      <w>0.36656892</w>
      <t>1833</t>
    </point>
    <point>
      <x>0.39</x>
      <y>0.44</y>
      <w>0.36656892</w>
      <t>1833</t>
    </point>
    <point>
      <x>0.395</x>
      <y>0.43</y>
      <w>0.36656892</w>
      <t>1833</t>
    </point>
    <point>
      <x>0.4</x>
      <y>0.42</y>
      <w>0.36656892</w>
      <t>1833</t>
    </point>
    <point>
      <x>0.405</x>
      <y>0.41166666</y>
      <w>0.3079179</w>
      <t>1867</t>
    </point>
    <point>
      <x>0.41</x>
      <y>0.40166667</y>
      <w>0.3079179</w>
      <t>1867</t>
    </point>
    <point>
      <x>0.415</x>
      <y>0.395</y>
      <w>0.3079179</w>
      <t>1867</t>
    </point>
    <point>
      <x>0.42</x>
      <y>0.38666666</y>
      <w>0.3079179</w>
      <t>1867</t>
    </point>
    <point>
      <x>0.425</x>
      <y>0.38</y>
      <w>0.3079179</w>
      <t>1867</t>
    </point>
    <point>
      <x>0.43</x>
      <y>0.37166667</y>
      <w>0.27859238</w>
      <t>1900</t>
    </point>
    <point>
      <x>0.435</x>
      <y>0.365</y>
      <w>0.27859238</w>
      <t>1900</t>
    </point>
    <point>
      <x>0.44</x>
      <y>0.35833332</y>
      <w>0.27859238</w>
      <t>1900</t>
    </point>
    <point>
      <x>0.44666666</x>
      <y>0.35</y>
      <w>0.27859238</w>
      <t>1900</t>
    </point>
    <point>
      <x>0.45166665</x>
      <y>0.34333333</y>
      <w>0.28445747</w>
      <t>1934</t>
    </point>
    <point>
      <x>0.45666668</x>
      <y>0.33833334</y>
      <w>0.28445747</w>
      <t>1934</t>
    </point>
    <point>
      <x>0.46166667</x>
      <y>0.33166668</y>
      <w>0.28445747</w>
      <t>1934</t>
    </point>
    <point>
      <x>0.46666667</x>
      <y>0.32666665</y>
      <w>0.28445747</w>
      <t>1934</t>
    </point>
    <point>
      <x>0.47166666</x>
      <y>0.32166666</y>
      <w>0.28445747</w>
      <t>1934</t>
    </point>
    <point>
      <x>0.47666666</x>
      <y>0.31666666</y>
      <w>0.3548387</w>
      <t>1967</t>
    </point>
    <point>
      <x>0.48</x>
      <y>0.31333333</y>
      <w>0.3548387</w>
      <t>1967</t>
    </point>
    <point>
      <x>0.485</x>
      <y>0.30833334</y>
      <w>0.3548387</w>
      <t>1967</t>
    </point>
    <point>
      <x>0.49</x>
      <y>0.305</y>
      <w>0.3548387</w>
      <t>1967</t>
    </point>
    <point>
      <x>0.495</x>
      <y>0.30166668</y>
      <w>0.37927663</w>
      <t>2000</t>
    </point>
    <point>
      <x>0.49833333</x>
      <y>0.29833335</y>
      <w>0.37927663</w>
      <t>2000</t>
    </point>
    <point>
      <x>0.50333333</x>
      <y>0.295</y>
      <w>0.37927663</w>
      <t>2000</t>
    </point>
    <point>
      <x>0.5083333</x>
      <y>0.29333332</y>
      <w>0.37927663</w>
      <t>2000</t>
    </point>
    <point>
      <x>0.51166666</x>
      <y>0.29</y>
      <w>0.37927663</w>
      <t>2000</t>
    </point>
    <point>
      <x>0.51666665</x>
      <y>0.28833333</y>
      <w>0.42033234</w>
      <t>2034</t>
    </point>
    <point>
      <x>0.52166665</x>
      <y>0.28666666</y>
      <w>0.42033234</w>
      <t>2034</t>
    </point>
    <point>
      <x>0.525</x>
      <y>0.28666666</y>
      <w>0.42033234</w>
      <t>2034</t>
    </point>
    <point>
      <x>0.5283333</x>
      <y>0.285</y>
      <w>0.42033234</w>
      <t>2034</t>
    </point>
    <point>
      <x>0.5316667</x>
      <y>0.285</y>
      <w>0.4809384</w>
      <t>2067</t>
    </point>
    <point>
      <x>0.535</x>
      <y>0.285</y>
      <w>0.4809384</w>
      <t>2067</t>
    </point>
    <point>
      <x>0.53833336</x>
      <y>0.285</y>
      <w>0.4809384</w>
      <t>2067</t>
    </point>
    <point>
      <x>0.54</x>
      <y>0.285</y>
      <w>0.4809384</w>
      <t>2067</t>
    </point>
    <point>
      <x>0.54333335</x>
      <y>0.28666666</y>
      <w>0.4809384</w>
      <t>2067</t>
    </point>
    <point>
      <x>0.5466667</x>
      <y>0.28666666</y>
      <w>0.57575756</w>
      <t>2100</t>
    </point>
    <point>
      <x>0.55</x>
      <y>0.28833333</y>
      <w>0.57575756</w>
      <t>2100</t>
    </point>
    <point>
      <x>0.55333334</x>
      <y>0.29</y>
      <w>0.57575756</w>
      <t>2100</t>
    </point>
    <point>
      <x>0.5566667</x>
      <y>0.29166666</y>
      <w>0.57575756</w>
      <t>2100</t>
    </point>
    <point>
      <x>0.56</x>
      <y>0.29333332</y>
      <w>0.6177908</w>
      <t>2133</t>
    </point>
    <point>
      <x>0.56333333</x>
      <y>0.29666665</y>
      <w>0.6177908</w>
      <t>2133</t>
    </point>
    <point>
      <x>0.56666666</x>
      <y>0.29833335</y>
      <w>0.6177908</w>
      <t>2133</t>
    </point>
    <point>
      <x>0.57</x>
      <y>0.30166668</y>
      <w>0.6177908</w>
      <t>2133</t>
    </point>
    <point>
      <x>0.5733333</x>
      <y>0.30333334</y>
      <w>0.70185727</w>
      <t>2167</t>
    </point>
    <point>
      <x>0.575</x>
      <y>0.30666667</y>
      <w>0.70185727</w>
      <t>2167</t>
    </point>
    <point>
      <x>0.5783333</x>
      <y>0.30833334</y>
      <w>0.70185727</w>
      <t>2167</t>
    </point>
    <point>
      <x>0.58166665</x>
      <y>0.31166667</y>
      <w>0.70185727</w>
      <t>2167</t>
    </point>
    <point>
      <x>0.5833333</x>
      <y>0.315</y>
      <w>0.70185727</w>
      <t>2167</t>
    </point>
    <point>
      <x>0.585</x>
      <y>0.31833333</y>
      <w>0.72727275</w>
      <t>2200</t>
    </point>
    <point>
      <x>0.5883333</x>
      <y>0.32166666</y>
      <w>0.72727275</w>
      <t>2200</t>
    </point>
    <point>
      <x>0.59</x>
      <y>0.325</y>
      <w>0.72727275</w>
      <t>2200</t>
    </point>
    <point>
      <x>0.5933333</x>
      <y>0.32833335</y>
      <w>0.72727275</w>
      <t>2200</t>
    </point>
    <point>
      <x>0.595</x>
      <y>0.33333334</y>
      <w>0.72727275</w>
      <t>2200</t>
    </point>
    <point>
      <x>0.5966667</x>
      <y>0.33666667</y>
      <w>0.771261</w>
      <t>2233</t>
    </point>
    <point>
      <x>0.6</x>
      <y>0.34166667</y>
      <w>0.771261</w>
      <t>2233</t>
    </point>
    <point>
      <x>0.60333335</x>
      <y>0.345</y>
      <w>0.771261</w>
      <t>2233</t>
    </point>
    <point>
      <x>0.605</x>
      <y>0.35</y>
      <w>0.771261</w>
      <t>2233</t>
    </point>
    <point>
      <x>0.6066667</x>
      <y>0.35333332</y>
      <w>0.8064516</w>
      <t>2267</t>
    </point>
    <point>
      <x>0.60833335</x>
      <y>0.35833332</y>
      <w>0.8064516</w>
      <t>2267</t>
    </point>
    <point>
      <x>0.61</x>
      <y>0.36166668</y>
      <w>0.8064516</w>
      <t>2267</t>
    </point>
    <point>
      <x>0.61333334</x>
      <y>0.36666667</y>
      <w>0.8064516</w>
      <t>2267</t>
    </point>
    <point>
      <x>0.615</x>
      <y>0.37166667</y>
      <w>0.8416422</w>
      <t>2300</t>
    </point>
    <point>
      <x>0.6166667</x>
      <y>0.37833333</y>
      <w>0.8416422</w>
      <t>2300</t>
    </point>
    <point>
      <x>0.61833334</x>
      <y>0.38333333</y>
      <w>0.8416422</w>
      <t>2300</t>
    </point>
    <point>
      <x>0.61833334</x>
      <y>0.38833332</y>
      <w>0.8416422</w>
      <t>2300</t>
    </point>
    <point>
      <x>0.62</x>
      <y>0.395</y>
      <w>0.8416422</w>
      <t>2300</t>
    </point>
    <point>
      <x>0.62166667</x>
      <y>0.4</y>
      <w>0.8572825</w>
      <t>2334</t>
    </point>
    <point>
      <x>0.62166667</x>
      <y>0.40833333</y>
      <w>0.8572825</w>
      <t>2334</t>
    </point>
    <point>
      <x>0.62333333</x>
      <y>0.415</y>
      <w>0.8572825</w>
      <t>2334</t>
    </point>
    <point>
      <x>0.625</x>
      <y>0.42166665</y>
      <w>0.8572825</w>
      <t>2334</t>
    </point>
    <point>
      <x>0.62666667</x>
      <y>0.43</y>
      <w>0.86412513</w>
      <t>2367</t>
    </point>
    <point>
      <x>0.62666667</x>
      <y>0.43666667</y>
      <w>0.86412513</w>
      <t>2367</t>
    </point>
    <point>
      <x>0.62833333</x>
      <y>0.44333333</y>
      <w>0.86412513</w>
      <t>2367</t>
    </point>
    <point>
      <x>0.62833333</x>
      <y>0.45166665</y>
      <w>0.86412513</w>
      <t>2367</t>
    </point>
    <point>
      <x>0.63</x>
      <y>0.46</y>
      <w>0.86412513</w>
      <t>2367</t>
    </point>
    <point>
      <x>0.63</x>
      <y>0.46666667</y>
      <w>0.8758553</w>
      <t>2400</t>
    </point>
    <point>
      <x>0.63</x>
      <y>0.475</y>
      <w>0.8758553</w>
      <t>2400</t>
    </point>
    <point>
      <x>0.63</x>
      <y>0.48333332</y>
      <w>0.8758553</w>
      <t>2400</t>
    </point>
    <point>
      <x>0.63</x>
      <y>0.49166667</y>
      <w>0.8758553</w>
      <t>2400</t>
    </point>
    <point>
      <x>0.63166666</x>
      <y>0.49833333</y>
      <w>0.8817204</w>
      <t>2434</t>
    </point>
    <point>
      <x>0.63166666</x>
      <y>0.50666666</y>
      <w>0.8817204</w>
      <t>2434</t>
    </point>
    <point>
      <x>0.63166666</x>
      <y>0.51666665</y>
      <w>0.8817204</w>
      <t>2434</t>
    </point>
    <point>
      <x>0.6333333</x>
      <y>0.525</y>
      <w>0.8817204</w>
      <t>2434</t>
    </point>
    <point>
      <x>0.6333333</x>
      <y>0.53333336</y>
      <w>0.88367546</w>
      <t>2467</t>
    </point>
    <point>
      <x>0.6333333</x>
      <y>0.54</y>
      <w>0.88367546</w>
      <t>2467</t>
    </point>
    <point>
      <x>0.6333333</x>
      <y>0.54833335</y>
      <w>0.88367546</w>
      <t>2467</t>
    </point>
    <point>
      <x>0.635</x>
      <y>0.555</y>
      <w>0.88367546</w>
      <t>2467</t>
    </point>
    <point>
      <x>0.635</x>
      <y>0.56333333</y>
      <w>0.88367546</w>
      <t>2467</t>
    </point>
    <point>
      <x>0.635</x>
      <y>0.57</y>
      <w>0.88269794</w>
      <t>2500</t>
    </point>
    <point>
      <x>0.635</x>
      <y>0.5783333</y>
      <w>0.88269794</w>
      <t>2500</t>
    </point>
    <point>
      <x>0.635</x>
      <y>0.5883333</y>
      <w>0.88269794</w>
      <t>2500</t>
    </point>
    <point>
      <x>0.635</x>
      <y>0.5966667</y>
      <w>0.88269794</w>
      <t>2500</t>
    </point>
    <point>
      <x>0.635</x>
      <y>0.6066667</y>
      <w>0.88269794</w>
      <t>2534</t>
    </point>
    <point>
      <x>0.635</x>
      <y>0.6166667</y>
      <w>0.88269794</w>
      <t>2534</t>
    </point>
    <point>
      <x>0.635</x>
      <y>0.62833333</y>
      <w>0.88269794</w>
      <t>2534</t>
    </point>
    <point>
      <x>0.635</x>
      <y>0.6383333</y>
      <w>0.88269794</w>
      <t>2534</t>
    </point>
    <point>
      <x>0.635</x>
      <y>0.65</y>
      <w>0.88269794</w>
      <t>2534</t>
    </point>
    <point>
      <x>0.635</x>
      <y>0.66333336</y>
      <w>0.87781036</w>
      <t>2567</t>
    </point>
    <point>
      <x>0.6333333</x>
      <y>0.675</y>
      <w>0.87781036</w>
      <t>2567</t>
    </point>
    <point>
      <x>0.6333333</x>
      <y>0.68833333</y>
      <w>0.87781036</w>
      <t>2567</t>
    </point>
    <point>
      <x>0.63166666</x>
      <y>0.70166665</y>
      <w>0.87781036</w>
      <t>2567</t>
    </point>
    <point>
      <x>0.63166666</x>
      <y>0.715</y>
      <w>0.8572825</w>
      <t>2600</t>
    </point>
    <point>
      <x>0.63</x>
      <y>0.72833335</y>
      <w>0.8572825</w>
      <t>2600</t>
    </point>
    <point>
      <x>0.63</x>
      <y>0.74</y>
      <w>0.8572825</w>
      <t>2600</t>
    </point>
    <point>
      <x>0.63</x>
      <y>0.75333333</y>
      <w>0.8572825</w>
      <t>2600</t>
    </point>
    <point>
      <x>0.62833333</x>
      <y>0.7633333</y>
      <w>0.8572825</w>
      <t>2600</t>
    </point>
    <point>
      <x>0.62833333</x>
      <y>0.7733333</y>
      <w>0.8172043</w>
      <t>2633</t>
    </point>
    <point>
      <x>0.62833333</x>
      <y>0.7816667</y>
      <w>0.8172043</w>
      <t>2633</t>
    </point>
    <point>
      <x>0.62666667</x>
      <y>0.79</y>
      <w>0.8172043</w>
      <t>2633</t>
    </point>
    <point>
      <x>0.625</x>
      <y>0.7966667</y>
      <w>0.8172043</w>
      <t>2633</t>
    </point>
    <point>
      <x>0.62333333</x>
      <y>0.80333334</y>
      <w>0.66373414</w>
      <t>2667</t>
    </point>
    <point>
      <x>0.62</x>
      <y>0.81</y>
      <w>0.66373414</w>
      <t>2667</t>
    </point>
    <point>
      <x>0.6166667</x>
      <y>0.81666666</y>
      <w>0.66373414</w>
      <t>2667</t>
    </point>
    <point>
      <x>0.61333334</x>
      <y>0.8233333</y>
      <w>0.66373414</w>
      <t>2667</t>
    </point>
    <point>
      <x>0.61</x>
      <y>0.8283333</y>
      <w>0.66373414</w>
      <t>2667</t>
    </point>
    <point>
      <x>0.6066667</x>
      <y>0.83166665</y>
      <w>0.6041056</w>
      <t>2700</t>
    </point>
    <point>
      <x>0.60333335</x>
      <y>0.835</y>
      <w>0.6041056</w>
      <t>2700</t>
    </point>
    <point>
      <x>0.6</x>
      <y>0.8383333</y>
      <w>0.6041056</w>
      <t>2700</t>
    </point>
    <point>
      <x>0.5966667</x>
      <y>0.84166664</y>
      <w>0.6041056</w>
      <t>2700</t>
    </point>
    <point>
      <x>0.595</x>
      <y>0.845</y>
      <w>0.57380253</w>
      <t>2734</t>
    </point>
    <point>
      <x>0.59166664</x>
      <y>0.8466667</y>
      <w>0.57380253</w>
      <t>2734</t>
    </point>
    <point>
      <x>0.5883333</x>
      <y>0.84833336</y>
      <w>0.57380253</w>
      <t>2734</t>
    </point>
    <point>
      <x>0.585</x>
      <y>0.85</y>
      <w>0.57380253</w>
      <t>2734</t>
    </point>
    <point>
      <x>0.58166665</x>
      <y>0.85</y>
      <w>0.47605082</w>
      <t>2767</t>
    </point>
    <point>
      <x>0.58</x>
      <y>0.85</y>
      <w>0.47605082</w>
      <t>2767</t>
    </point>
    <point>
      <x>0.57666665</x>
      <y>0.85</y>
      <w>0.47605082</w>
      <t>2767</t>
    </point>
    <point>
      <x>0.5733333</x>
      <y>0.84833336</y>
      <w>0.47605082</w>
      <t>2767</t>
    </point>
    <point>
      <x>0.57</x>
      <y>0.8466667</y>
      <w>0.47605082</w>
      <t>2767</t>
    </point>
    <point>
      <x>0.5683333</x>
      <y>0.8433333</y>
      <w>0.35581622</w>
      <t>2800</t>
    </point>
    <point>
      <x>0.565</x>
      <y>0.84</y>
      <w>0.35581622</w>
      <t>2800</t>
    </point>
    <point>
      <x>0.56166667</x>
      <y>0.83666664</y>
      <w>0.35581622</w>
      <t>2800</t>
    </point>
    <point>
      <x>0.55833334</x>
      <y>0.8333333</y>
      <w>0.35581622</w>
      <t>2800</t>
    </point>
    <point>
      <x>0.555</x>
      <y>0.8283333</y>
      <w>0.30498534</w>
      <t>2834</t>
    </point>
    <point>
      <x>0.5516667</x>
      <y>0.8233333</y>
      <w>0.30498534</w>
      <t>2834</t>
    </point>
    <point>
      <x>0.5466667</x>
      <y>0.82</y>
      <w>0.30498534</w>
      <t>2834</t>
    </point>
    <point>
      <x>0.54333335</x>
      <y>0.815</y>
      <w>0.30498534</w>
      <t>2834</t>
    </point>
    <point>
      <x>0.53833336</x>
      <y>0.81166667</y>
      <w>0.30498534</w>
      <t>2834</t>
    </point>
    <point>
      <x>0.53333336</x>
      <y>0.8066667</y>
      <w>0.2346041</w>
      <t>2867</t>
    </point>
    <point>
      <x>0.5283333</x>
      <y>0.80333334</y>
      <w>0.2346041</w>
      <t>2867</t>
    </point>
    <point>
      <x>0.5233333</x>
      <y>0.79833335</y>
      <w>0.2346041</w>
      <t>2867</t>
    </point>
    <point>
      <x>0.5183333</x>
      <y>0.79333335</y>
      <w>0.2346041</w>
      <t>2867</t>
    </point>
    <point>
      <x>0.51166666</x>
      <y>0.78833336</y>
      <w>0.22189638</w>
      <t>2900</t>
    </point>
    <point>
      <x>0.50666666</x>
      <y>0.78333336</y>
      <w>0.22189638</w>
      <t>2900</t>
    </point>
    <point>
      <x>0.5</x>
      <y>0.77666664</y>
      <w>0.22189638</w>
      <t>2900</t>
    </point>
    <point>
      <x>0.495</x>
      <y>0.77</y>
      <w>0.22189638</w>
      <t>2900</t>
    </point>
    <point>
      <x>0.48833334</x>
      <y>0.7633333</y>
      <w>0.22189638</w>
      <t>2900</t>
    </point>
    <point>
      <x>0.48333332</x>
      <y>0.75666666</y>
      <w>0.23655914</w>
      <t>2934</t>
    </point>
    <point>
      <x>0.48</x>
      <y>0.75166667</y>
      <w>0.23655914</w>
      <t>2934</t>
    </point>
    <point>
      <x>0.47666666</x>
      <y>0.745</y>
      <w>0.23655914</w>
      <t>2934</t>
    </point>
    <point>
      <x>0.475</x>
      <y>0.74</y>
      <w>0.23655914</w>
      <t>2934</t>
    </point>
    <point>
      <x>0.47333333</x>
      <y>0.73333335</y>
      <w>0.32551318</w>
      <t>2967</t>
    </point>
    <point>
      <x>0.47166666</x>
      <y>0.7266667</y>
      <w>0.32551318</w>
      <t>2967</t>
    </point>
    <point>
      <x>0.47</x>
      <y>0.7183333</y>
      <w>0.32551318</w>
      <t>2967</t>
    </point>
    <point>
      <x>0.46833333</x>
      <y>0.71166664</y>
      <w>0.32551318</w>
      <t>2967</t>
    </point>
    <point>
      <x>0.46666667</x>
      <y>0.7033333</y>
      <w>0.32551318</w>
      <t>2967</t>
    </point>
    <point>
      <x>0.46666667</x>
      <y>0.695</y>
      <w>0.38220918</w>
      <t>3000</t>
    </point>
    <point>
      <x>0.46666667</x>
      <y>0.68666667</y>
      <w>0.38220918</w>
      <t>3000</t>
    </point>
    <point>
      <x>0.465</x>
      <y>0.67833334</y>
      <w>0.38220918</w>
      <t>3000</t>
    </point>
    <point>
      <x>0.465</x>
      <y>0.67</y>
      <w>0.38220918</w>
      <t>3000</t>
    </point>
    <point>
      <x>0.465</x>
      <y>0.66</y>
      <w>0.41055718</w>
      <t>3034</t>
    </point>
    <point>
      <x>0.465</x>
      <y>0.65</y>
      <w>0.41055718</w>
      <t>3034</t>
    </point>
    <point>
      <x>0.465</x>
      <y>0.64166665</y>
      <w>0.41055718</w>
      <t>3034</t>
    </point>
    <point>
      <x>0.46666667</x>
      <y>0.63166666</y>
      <w>0.41055718</w>
      <t>3034</t>
    </point>
    <point>
      <x>0.46833333</x>
      <y>0.62166667</y>
      <w>0.41055718</w>
      <t>3034</t>
    </point>
    <point>
      <x>0.47</x>
      <y>0.6116667</y>
      <w>0.45747802</w>
      <t>3067</t>
    </point>
    <point>
      <x>0.47333333</x>
      <y>0.6016667</y>
      <w>0.45747802</w>
      <t>3067</t>
    </point>
    <point>
      <x>0.47666666</x>
      <y>0.59</y>
      <w>0.45747802</w>
      <t>3067</t>
    </point>
    <point>
      <x>0.47833332</x>
      <y>0.58</y>
      <w>0.45747802</w>
      <t>3067</t>
    </point>
    <point>
      <x>0.48166665</x>
      <y>0.57166666</y>
      <w>0.46432063</w>
      <t>3100</t>
    </point>
    <point>
      <x>0.485</x>
      <y>0.56166667</y>
      <w>0.46432063</w>
      <t>3100</t>
    </point>
    <point>
      <x>0.49</x>
      <y>0.55333334</y>
      <w>0.46432063</w>
      <t>3100</t>
    </point>
    <point>
      <x>0.495</x>
      <y>0.545</y>
      <w>0.46432063</w>
      <t>3100</t>
    </point>
    <point>
      <x>0.5</x>
      <y>0.53833336</y>
      <w>0.5102639</w>
      <t>3133</t>
    </point>
    <point>
      <x>0.50666666</x>
      <y>0.53</y>
      <w>0.5102639</w>
      <t>3133</t>
    </point>
    <point>
      <x>0.5133333</x>
      <y>0.52166665</y>
      <w>0.5102639</w>
      <t>3133</t>
    </point>
    <point>
      <x>0.52166665</x>
      <y>0.5133333</y>
      <w>0.5102639</w>
      <t>3133</t>
    </point>
    <point>
      <x>0.5283333</x>
      <y>0.505</y>
      <w>0.5102639</w>
      <t>3133</t>
    </point>
    <point>
      <x>0.53833336</x>
      <y>0.49666667</y>
      <w>0.5669599</w>
      <t>3167</t>
    </point>
    <point>
      <x>0.5466667</x>
      <y>0.48833334</y>
      <w>0.5669599</w>
      <t>3167</t>
    </point>
    <point>
      <x>0.555</x>
      <y>0.48166665</y>
      <w>0.5669599</w>
      <t>3167</t>
    </point>
    <point>
      <x>0.565</x>
      <y>0.475</y>
      <w>0.5669599</w>
      <t>3167</t>
    </point>
    <point>
      <x>0.575</x>
      <y>0.46833333</y>
      <w>0.5777126</w>
      <t>3200</t>
    </point>
    <point>
      <x>0.585</x>
      <y>0.46333334</y>
      <w>0.5777126</w>
      <t>3200</t>
    </point>
    <point>
      <x>0.5933333</x>
      <y>0.45833334</y>
      <w>0.5777126</w>
      <t>3200</t>
    </point>
    <point>
      <x>0.60333335</x>
      <y>0.45333335</y>
      <w>0.5777126</w>
      <t>3200</t>
    </point>
    <point>
      <x>0.6116667</x>
      <y>0.44833332</y>
      <w>0.5777126</w>
      <t>3200</t>
    </point>
    <point>
      <x>0.62166667</x>
      <y>0.445</y>
      <w>0.5884653</w>
      <t>3233</t>
    </point>
    <point>
      <x>0.63</x>
      <y>0.44</y>
      <w>0.5884653</w>
      <t>3233</t>
    </point>
    <point>
      <x>0.6383333</x>
      <y>0.43666667</y>
      <w>0.5884653</w>
      <t>3233</t>
    </point>
    <point>
      <x>0.645</x>
      <y>0.435</y>
      <w>0.5884653</w>
      <t>3233</t>
    </point>
    <point>
      <x>0.6533333</x>
      <y>0.43166667</y>
      <w>0.6041056</w>
      <t>3267</t>
    </point>
    <point>
      <x>0.66</x>
      <y>0.43166667</y>
      <w>0.6041056</w>
      <t>3267</t>
    </point>
    <point>
      <x>0.665</x>
      <y>0.43166667</y>
      <w>0.6041056</w>
      <t>3267</t>
    </point>
    <point>
      <x>0.6716667</x>
      <y>0.43166667</y>
      <w>0.6041056</w>
      <t>3267</t>
    </point>
    <point>
      <x>0.6766667</x>
      <y>0.43166667</y>
      <w>0.6041056</w>
      <t>3267</t>
    </point>
    <point>
      <x>0.6816667</x>
      <y>0.43166667</y>
      <w>0.67546433</w>
      <t>3300</t>
    </point>
    <point>
      <x>0.68666667</x>
      <y>0.43333334</y>
      <w>0.67546433</w>
      <t>3300</t>
    </point>
    <point>
      <x>0.69</x>
      <y>0.435</y>
      <w>0.67546433</w>
      <t>3300</t>
    </point>
    <point>
      <x>0.6933333</x>
      <y>0.43666667</y>
      <w>0.67546433</w>
      <t>3300</t>
    </point>
    <point>
      <x>0.69666666</x>
      <y>0.44</y>
      <w>0.72629523</w>
      <t>3334</t>
    </point>
    <point>
      <x>0.6983333</x>
      <y>0.44166666</y>
      <w>0.72629523</w>
      <t>3334</t>
    </point>
    <point>
      <x>0.7</x>
      <y>0.445</y>
      <w>0.72629523</w>
      <t>3334</t>
    </point>
    <point>
      <x>0.70166665</x>
      <y>0.44666666</y>
      <w>0.72629523</w>
      <t>3334</t>
    </point>
    <point>
      <x>0.70166665</x>
      <y>0.45</y>
      <w>0.72629523</w>
      <t>3334</t>
    </point>
    <point>
      <x>0.70166665</x>
      <y>0.45333335</y>
      <w>0.771261</w>
      <t>3367</t>
    </point>
    <point>
      <x>0.70166665</x>
      <y>0.45833334</y>
      <w>0.771261</w>
      <t>3367</t>
    </point>
    <point>
      <x>0.70166665</x>
      <y>0.46166667</y>
      <w>0.771261</w>
      <t>3367</t>
    </point>
    <point>
      <x>0.70166665</x>
      <y>0.46666667</y>
      <w>0.771261</w>
      <t>3367</t>
    </point>
    <point>
      <x>0.7</x>
      <y>0.47</y>
      <w>0.82111436</w>
      <t>3400</t>
    </point>
    <point>
      <x>0.7</x>
      <y>0.47333333</y>
      <w>0.82111436</w>
      <t>3400</t>
    </point>
    <point>
      <x>0.6983333</x>
      <y>0.47666666</y>
      <w>0.82111436</w>
      <t>3400</t>
    </point>
    <point>
      <x>0.69666666</x>
      <y>0.48</y>
      <w>0.82111436</w>
      <t>3400</t>
    </point>
    <point>
      <x>0.6933333</x>
      <y>0.48333332</y>
      <w>0.83870965</w>
      <t>3434</t>
    </point>
    <point>
      <x>0.69166666</x>
      <y>0.48833334</y>
      <w>0.83870965</w>
      <t>3434</t>
    </point>
    <point>
      <x>0.68833333</x>
      <y>0.49333334</y>
      <w>0.83870965</w>
      <t>3434</t>
    </point>
    <point>
      <x>0.68333334</x>
      <y>0.49833333</y>
      <w>0.83870965</w>
      <t>3434</t>
    </point>
    <point>
      <x>0.67833334</x>
      <y>0.50333333</y>
      <w>0.83870965</w>
      <t>3434</t>
    </point>
    <point>
      <x>0.67333335</x>
      <y>0.51</y>
      <w>0.87683284</w>
      <t>3467</t>
    </point>
    <point>
      <x>0.66833335</x>
      <y>0.515</y>
      <w>0.87683284</w>
      <t>3467</t>
    </point>
    <point>
      <x>0.6616667</x>
      <y>0.52166665</y>
      <w>0.87683284</w>
      <t>3467</t>
    </point>
    <point>
      <x>0.6566667</x>
      <y>0.5283333</y>
      <w>0.87683284</w>
      <t>3467</t>
    </point>
    <point>
      <x>0.65166664</x>
      <y>0.53333336</y>
      <w>0.89051807</w>
      <t>3500</t>
    </point>
    <point>
      <x>0.64666665</x>
      <y>0.53833336</y>
      <w>0.89051807</w>
      <t>3500</t>
    </point>
    <point>
      <x>0.64</x>
      <y>0.545</y>
      <w>0.89051807</w>
      <t>3500</t>
    </point>
    <point>
      <x>0.635</x>
      <y>0.5516667</y>
      <w>0.89051807</w>
      <t>3500</t>
    </point>
    <point>
      <x>0.62833333</x>
      <y>0.55833334</y>
      <w>0.89051807</w>
      <t>3500</t>
    </point>
    <point>
      <x>0.62333333</x>
      <y>0.565</y>
      <w>0.8914956</w>
      <t>3533</t>
    </point>
    <point>
      <x>0.6166667</x>
      <y>0.57166666</y>
      <w>0.8914956</w>
      <t>3533</t>
    </point>
    <point>
      <x>0.6116667</x>
      <y>0.5783333</y>
      <w>0.8914956</w>
      <t>3533</t>
    </point>
    <point>
      <x>0.6066667</x>
      <y>0.5833333</y>
      <w>0.8914956</w>
      <t>3533</t>
    </point>
    <point>
      <x>0.60333335</x>
      <y>0.59</y>
      <w>0.8914956</w>
      <t>3567</t>
    </point>
    <point>
      <x>0.59833336</x>
      <y>0.5966667</y>
      <w>0.8914956</w>
      <t>3567</t>
    </point>
    <point>
      <x>0.5933333</x>
      <y>0.6016667</y>
      <w>0.8914956</w>
      <t>3567</t>
    </point>
    <point>
      <x>0.59</x>
      <y>0.60833335</y>
      <w>0.8914956</w>
      <t>3567</t>
    </point>
    <point>
      <x>0.585</x>
      <y>0.615</y>
      <w>0.8914956</w>
      <t>3567</t>
    </point>
    <point>
      <x>0.58166665</x>
      <y>0.62</y>
      <w>0.8934506</w>
      <t>3600</t>
    </point>
    <point>
      <x>0.57666665</x>
      <y>0.62666667</y>
      <w>0.8934506</w>
      <t>3600</t>
    </point>
    <point>
      <x>0.575</x>
      <y>0.63</y>
      <w>0.8934506</w>
      <t>3600</t>
    </point>
    <point>
      <x>0.57166666</x>
      <y>0.635</y>
      <w>0.8934506</w>
      <t>3600</t>
    </point>
    <point>
      <x>0.57</x>
      <y>0.6383333</y>
      <w>0.8914956</w>
      <t>3634</t>
    </point>
    <point>
      <x>0.5683333</x>
      <y>0.64</y>
      <w>0.8914956</w>
      <t>3634</t>
    </point>
    <point>
      <x>0.56666666</x>
      <y>0.6433333</y>
      <w>0.8914956</w>
      <t>3634</t>
    </point>
    <point>
      <x>0.565</x>
      <y>0.645</y>
      <w>0.8914956</w>
      <t>3634</t>
    </point>
    <point>
      <x>0.565</x>
      <y>0.6483333</y>
      <w>0.89051807</w>
      <t>3667</t>
    </point>
    <point>
      <x>0.565</x>
      <y>0.65</y>
      <w>0.89051807</w>
      <t>3667</t>
    </point>
    <point>
      <x>0.56333333</x>
      <y>0.65166664</y>
      <w>0.89051807</w>
      <t>3667</t>
    </point>
    <point>
      <x>0.56333333</x>
      <y>0.6533333</y>
      <w>0.89051807</w>
      <t>3667</t>
    </point>
    <point>
      <x>0.565</x>
      <y>0.6533333</y>
      <w>0.86510265</w>
      <t>3733</t>
    </point>
    <point>
      <x>0.5683333</x>
      <y>0.6533333</y>
      <w>0.86510265</w>
      <t>3733</t>
    </point>
    <point>
      <x>0.57</x>
      <y>0.6533333</y>
      <w>0.86510265</w>
      <t>3733</t>
    </point>
    <point>
      <x>0.5733333</x>
      <y>0.6533333</y>
      <w>0.8484849</w>
      <t>3767</t>
    </point>
    <point>
      <x>0.5783333</x>
      <y>0.6533333</y>
      <w>0.8484849</w>
      <t>3767</t>
    </point>
    <point>
      <x>0.58166665</x>
      <y>0.6533333</y>
      <w>0.8484849</w>
      <t>3767</t>
    </point>
    <point>
      <x>0.585</x>
      <y>0.6533333</y>
      <w>0.8484849</w>
      <t>3767</t>
    </point>
    <point>
      <x>0.59</x>
      <y>0.65166664</y>
      <w>0.8426197</w>
      <t>3800</t>
    </point>
    <point>
      <x>0.595</x>
      <y>0.65166664</y>
      <w>0.8426197</w>
      <t>3800</t>
    </point>
    <point>
      <x>0.59833336</x>
      <y>0.65</y>
      <w>0.8426197</w>
      <t>3800</t>
    </point>
    <point>
      <x>0.60333335</x>
      <y>0.65</y>
      <w>0.8426197</w>
      <t>3800</t>
    </point>
    <point>
      <x>0.60833335</x>
      <y>0.6483333</y>
      <w>0.8426197</w>
      <t>3800</t>
    </point>
    <point>
      <x>0.61333334</x>
      <y>0.6483333</y>
      <w>0.8357771</w>
      <t>3834</t>
    </point>
    <point>
      <x>0.61833334</x>
      <y>0.6483333</y>
      <w>0.8357771</w>
      <t>3834</t>
    </point>
    <point>
      <x>0.62333333</x>
      <y>0.64666665</y>
      <w>0.8357771</w>
      <t>3834</t>
    </point>
    <point>
      <x>0.62833333</x>
      <y>0.64666665</y>
      <w>0.8357771</w>
      <t>3834</t>
    </point>
    <point>
      <x>0.6333333</x>
      <y>0.645</y>
      <w>0.8338221</w>
      <t>3866</t>
    </point>
    <point>
      <x>0.6383333</x>
      <y>0.645</y>
      <w>0.8338221</w>
      <t>3866</t>
    </point>
    <point>
      <x>0.6433333</x>
      <y>0.645</y>
      <w>0.8338221</w>
      <t>3866</t>
    </point>
    <point>
      <x>0.6483333</x>
      <y>0.645</y>
      <w>0.8338221</w>
      <t>3866</t>
    </point>
    <point>
      <x>0.6533333</x>
      <y>0.645</y>
      <w>0.8338221</w>
      <t>3866</t>
    </point>
    <point>
      <x>0.65833336</x>
      <y>0.6433333</y>
      <w>0.8357771</w>
      <t>3900</t>
    </point>
    <point>
      <x>0.6616667</x>
      <y>0.6433333</y>
      <w>0.8357771</w>
      <t>3900</t>
    </point>
    <point>
      <x>0.6666667</x>
      <y>0.6433333</y>
      <w>0.8357771</w>
      <t>3900</t>
    </point>
    <point>
      <x>0.67333335</x>
      <y>0.6433333</y>
      <w>0.8357771</w>
      <t>3900</t>
    </point>
    <point>
      <x>0.67833334</x>
      <y>0.6433333</y>
      <w>0.8357771</w>
      <t>3934</t>
    </point>
    <point>
      <x>0.685</x>
      <y>0.6433333</y>
      <w>0.8357771</w>
      <t>3934</t>
    </point>
    <point>
      <x>0.69</x>
      <y>0.6433333</y>
      <w>0.8357771</w>
      <t>3934</t>
    </point>
    <point>
      <x>0.695</x>
      <y>0.6433333</y>
      <w>0.8357771</w>
      <t>3934</t>
    </point>
    <point>
      <x>0.7</x>
      <y>0.6433333</y>
      <w>0.8357771</w>
      <t>3934</t>
    </point>
    <point>
      <x>0.705</x>
      <y>0.6433333</y>
      <w>0.8289345</w>
      <t>3967</t>
    </point>
    <point>
      <x>0.71</x>
      <y>0.6433333</y>
      <w>0.8289345</w>
      <t>3967</t>
    </point>
    <point>
      <x>0.715</x>
      <y>0.6433333</y>
      <w>0.8289345</w>
      <t>3967</t>
    </point>
    <point>
      <x>0.72</x>
      <y>0.6433333</y>
      <w>0.8289345</w>
      <t>3967</t>
    </point>
    <point>
      <x>0.72333336</x>
      <y>0.645</y>
      <w>0.82697946</w>
      <t>4000</t>
    </point>
    <point>
      <x>0.72833335</x>
      <y>0.645</y>
      <w>0.82697946</w>
      <t>4000</t>
    </point>
    <point>
      <x>0.7316667</x>
      <y>0.645</y>
      <w>0.82697946</w>
      <t>4000</t>
    </point>
    <point>
      <x>0.73333335</x>
      <y>0.64666665</y>
      <w>0.82697946</w>
      <t>4000</t>
    </point>
    <point>
      <x>0.7366667</x>
      <y>0.64666665</y>
      <w>0.8181818</w>
      <t>4033</t>
    </point>
    <point>
      <x>0.73833334</x>
      <y>0.64666665</y>
      <w>0.8181818</w>
      <t>4033</t>
    </point>
    <point>
      <x>0.74</x>
      <y>0.64666665</y>
      <w>0.8181818</w>
      <t>4033</t>
    </point>
    <point>
      <x>0.7416667</x>
      <y>0.6483333</y>
      <w>0.8181818</w>
      <t>4033</t>
    </point>
    <point>
      <x>0.74333334</x>
      <y>0.6483333</y>
      <w>0.8181818</w>
      <t>4033</t>
    </point>
    <point>
      <x>0.745</x>
      <y>0.6483333</y>
      <w>0.8181818</w>
      <t>4068</t>
    </point>
    <point>
      <x>0.745</x>
      <y>0.65</y>
      <w>0.8181818</w>
      <t>4068</t>
    </point>
    <point>
      <x>0.74666667</x>
      <y>0.65</y>
      <w>0.8181818</w>
      <t>4068</t>
    </point>
    <point>
      <x>0.74833333</x>
      <y>0.65166664</y>
      <w>0.8181818</w>
      <t>4068</t>
    </point>
    <point>
      <x>0.75</x>
      <y>0.6533333</y>
      <w>0.8191593</w>
      <t>4101</t>
    </point>
    <point>
      <x>0.75166667</x>
      <y>0.655</y>
      <w>0.8191593</w>
      <t>4101</t>
    </point>
    <point>
      <x>0.75333333</x>
      <y>0.655</y>
      <w>0.8191593</w>
      <t>4134</t>
    </point>
    <point>
      <x>0.75333333</x>
      <y>0.6566667</y>
      <w>0.8191593</w>
      <t>4134</t>
    </point>
    <point>
      <x>0.755</x>
      <y>0.6566667</y>
      <w>0.8191593</w>
      <t>4134</t>
    </point>
    <point>
      <x>0.75666666</x>
      <y>0.65833336</y>
      <w>0.8191593</w>
      <t>4134</t>
    </point>
    <point>
      <x>0.7583333</x>
      <y>0.66</y>
      <w>0.8191593</w>
      <t>4168</t>
    </point>
  </stroke>
</character>
