<?xml version="1.0" encoding="UTF-8"?>
<character>
  <stroke time="0">
    <point>
      <x>0.29</x>
      <y>0.27333334</y>
      <w>0.114369504</w>
      <t>4</t>
    </point>
    <point>
      <x>0.29</x>
      <y>0.275</y>
      <w>0.28445747</w>
      <t>33</t>
    </point>
    <point>
      <x>0.29166666</x>
      <y>0.275</y>
      <w>0.28445747</w>
      <t>33</t>
    </point>
    <point>
      <x>0.29166666</x>
      <y>0.27666667</y>
      <w>0.28445747</w>
      <t>33</t>
    </point>
    <point>
      <x>0.29333332</x>
      <y>0.27666667</y>
      <w>0.38807428</w>
      <t>67</t>
    </point>
    <point>
      <x>0.295</x>
      <y>0.27666667</y>
      <w>0.38807428</w>
      <t>67</t>
    </point>
    <point>
      <x>0.295</x>
      <y>0.27833334</y>
      <w>0.38807428</w>
      <t>67</t>
    </point>
    <point>
      <x>0.29666665</x>
      <y>0.27833334</y>
      <w>0.38807428</w>
      <t>68</t>
    </point>
    <point>
      <x>0.29833335</x>
      <y>0.28</y>
      <w>0.38807428</w>
      <t>68</t>
    </point>
    <point>
      <x>0.3</x>
      <y>0.28166667</y>
      <w>0.48191592</w>
      <t>100</t>
    </point>
    <point>
      <x>0.30166668</x>
      <y>0.28333333</y>
      <w>0.48191592</w>
      <t>100</t>
    </point>
    <point>
      <x>0.30333334</x>
      <y>0.285</y>
      <w>0.5483871</w>
      <t>134</t>
    </point>
    <point>
      <x>0.30333334</x>
      <y>0.28666666</y>
      <w>0.5483871</w>
      <t>134</t>
    </point>
    <point>
      <x>0.305</x>
      <y>0.28666666</y>
      <w>0.5483871</w>
      <t>134</t>
    </point>
    <point>
      <x>0.30666667</x>
      <y>0.28833333</y>
      <w>0.5483871</w>
      <t>135</t>
    </point>
    <point>
      <x>0.30833334</x>
      <y>0.29</y>
      <w>0.59237534</w>
      <t>167</t>
    </point>
    <point>
      <x>0.31</x>
      <y>0.29</y>
      <w>0.59237534</w>
      <t>167</t>
    </point>
    <point>
      <x>0.31166667</x>
      <y>0.29166666</y>
      <w>0.59237534</w>
      <t>167</t>
    </point>
    <point>
      <x>0.31333333</x>
      <y>0.29166666</y>
      <w>0.67546433</w>
      <t>200</t>
    </point>
    <point>
      <x>0.31333333</x>
      <y>0.29333332</y>
      <w>0.67546433</w>
      <t>200</t>
    </point>
    <point>
      <x>0.315</x>
      <y>0.29333332</y>
      <w>0.67546433</w>
      <t>202</t>
    </point>
    <point>
      <x>0.31666666</x>
      <y>0.295</y>
      <w>0.67546433</w>
      <t>202</t>
    </point>
    <point>
      <x>0.31833333</x>
      <y>0.295</y>
      <w>0.7096774</w>
      <t>233</t>
    </point>
    <point>
      <x>0.31833333</x>
      <y>0.29666665</y>
      <w>0.7096774</w>
      <t>233</t>
    </point>
    <point>
      <x>0.32</x>
      <y>0.29666665</y>
      <w>0.7096774</w>
      <t>233</t>
    </point>
    <point>
      <x>0.32166666</x>
      <y>0.29666665</y>
      <w>0.73216033</w>
      <t>266</t>
    </point>
    <point>
      <x>0.32166666</x>
      <y>0.29833335</y>
      <w>0.73216033</w>
      <t>266</t>
    </point>
    <point>
      <x>0.32333332</x>
      <y>0.29833335</y>
      <w>0.73216033</w>
      <t>266</t>
    </point>
    <point>
      <x>0.325</x>
      <y>0.29833335</y>
      <w>0.73216033</w>
      <t>267</t>
    </point>
    <point>
      <x>0.32666665</x>
      <y>0.29833335</y>
      <w>0.75855327</w>
      <t>300</t>
    </point>
    <point>
      <x>0.32833335</x>
      <y>0.29833335</y>
      <w>0.75855327</w>
      <t>300</t>
    </point>
    <point>
      <x>0.33</x>
      <y>0.3</y>
      <w>0.7781036</w>
      <t>334</t>
    </point>
    <point>
      <x>0.33166668</x>
      <y>0.3</y>
      <w>0.7927664</w>
      <t>367</t>
    </point>
    <point>
      <x>0.33333334</x>
      <y>0.3</y>
      <w>0.7927664</w>
      <t>367</t>
    </point>
    <point>
      <x>0.335</x>
      <y>0.3</y>
      <w>0.7927664</w>
      <t>367</t>
    </point>
    <point>
      <x>0.33666667</x>
      <y>0.3</y>
      <w>0.7986315</w>
      <t>400</t>
    </point>
    <point>
      <x>0.33833334</x>
      <y>0.3</y>
      <w>0.7986315</w>
      <t>400</t>
    </point>
    <point>
      <x>0.34</x>
      <y>0.3</y>
      <w>0.7986315</w>
      <t>400</t>
    </point>
    <point>
      <x>0.34166667</x>
      <y>0.3</y>
      <w>0.81427175</w>
      <t>434</t>
    </point>
    <point>
      <x>0.34333333</x>
      <y>0.3</y>
      <w>0.81427175</w>
      <t>434</t>
    </point>
    <point>
      <x>0.345</x>
      <y>0.3</y>
      <w>0.81427175</w>
      <t>434</t>
    </point>
    <point>
      <x>0.34833333</x>
      <y>0.3</y>
      <w>0.81427175</w>
      <t>434</t>
    </point>
    <point>
      <x>0.35</x>
      <y>0.3</y>
      <w>0.81427175</w>
      <t>435</t>
    </point>
    <point>
      <x>0.35166666</x>
      <y>0.3</y>
      <w>0.8181818</w>
      <t>466</t>
    </point>
    <point>
      <x>0.35333332</x>
      <y>0.3</y>
      <w>0.8181818</w>
      <t>466</t>
    </point>
    <point>
      <x>0.355</x>
      <y>0.29833335</y>
      <w>0.8181818</w>
      <t>466</t>
    </point>
    <point>
      <x>0.35666665</x>
      <y>0.29833335</y>
      <w>0.8181818</w>
      <t>466</t>
    </point>
    <point>
      <x>0.35833332</x>
      <y>0.29833335</y>
      <w>0.8191593</w>
      <t>500</t>
    </point>
    <point>
      <x>0.36166668</x>
      <y>0.29666665</y>
      <w>0.8191593</w>
      <t>500</t>
    </point>
    <point>
      <x>0.36333334</x>
      <y>0.29666665</y>
      <w>0.8191593</w>
      <t>500</t>
    </point>
    <point>
      <x>0.365</x>
      <y>0.29666665</y>
      <w>0.8191593</w>
      <t>500</t>
    </point>
    <point>
      <x>0.36666667</x>
      <y>0.295</y>
      <w>0.8191593</w>
      <t>534</t>
    </point>
    <point>
      <x>0.36833334</x>
      <y>0.295</y>
      <w>0.8191593</w>
      <t>534</t>
    </point>
    <point>
      <x>0.37</x>
      <y>0.295</y>
      <w>0.8191593</w>
      <t>534</t>
    </point>
    <point>
      <x>0.37166667</x>
      <y>0.29333332</y>
      <w>0.8191593</w>
      <t>534</t>
    </point>
    <point>
      <x>0.37333333</x>
      <y>0.29166666</y>
      <w>0.82013685</w>
      <t>567</t>
    </point>
    <point>
      <x>0.37666667</x>
      <y>0.29166666</y>
      <w>0.82013685</w>
      <t>567</t>
    </point>
    <point>
      <x>0.37833333</x>
      <y>0.29</y>
      <w>0.82013685</w>
      <t>567</t>
    </point>
    <point>
      <x>0.38166666</x>
      <y>0.29</y>
      <w>0.82013685</w>
      <t>568</t>
    </point>
    <point>
      <x>0.38333333</x>
      <y>0.28833333</y>
      <w>0.82013685</w>
      <t>568</t>
    </point>
    <point>
      <x>0.385</x>
      <y>0.28833333</y>
      <w>0.8191593</w>
      <t>600</t>
    </point>
    <point>
      <x>0.38833332</x>
      <y>0.28833333</y>
      <w>0.8191593</w>
      <t>600</t>
    </point>
    <point>
      <x>0.39</x>
      <y>0.28666666</y>
      <w>0.8191593</w>
      <t>600</t>
    </point>
    <point>
      <x>0.39166668</x>
      <y>0.285</y>
      <w>0.8191593</w>
      <t>600</t>
    </point>
    <point>
      <x>0.39333335</x>
      <y>0.285</y>
      <w>0.8191593</w>
      <t>633</t>
    </point>
    <point>
      <x>0.395</x>
      <y>0.28333333</y>
      <w>0.8191593</w>
      <t>635</t>
    </point>
    <point>
      <x>0.39833334</x>
      <y>0.28333333</y>
      <w>0.8191593</w>
      <t>635</t>
    </point>
    <point>
      <x>0.4</x>
      <y>0.28166667</y>
      <w>0.8191593</w>
      <t>635</t>
    </point>
    <point>
      <x>0.40166667</x>
      <y>0.28166667</y>
      <w>0.8172043</w>
      <t>667</t>
    </point>
    <point>
      <x>0.405</x>
      <y>0.28</y>
      <w>0.8172043</w>
      <t>667</t>
    </point>
    <point>
      <x>0.40666667</x>
      <y>0.27833334</y>
      <w>0.8172043</w>
      <t>667</t>
    </point>
    <point>
      <x>0.41</x>
      <y>0.27833334</y>
      <w>0.8172043</w>
      <t>667</t>
    </point>
    <point>
      <x>0.41333333</x>
      <y>0.27666667</y>
      <w>0.8172043</w>
      <t>668</t>
    </point>
    <point>
      <x>0.415</x>
      <y>0.275</y>
      <w>0.81524926</w>
      <t>700</t>
    </point>
    <point>
      <x>0.41833332</x>
      <y>0.27333334</y>
      <w>0.81524926</w>
      <t>700</t>
    </point>
    <point>
      <x>0.42166665</x>
      <y>0.27166668</y>
      <w>0.81524926</w>
      <t>700</t>
    </point>
    <point>
      <x>0.42666668</x>
      <y>0.27</y>
      <w>0.81524926</w>
      <t>700</t>
    </point>
    <point>
      <x>0.43</x>
      <y>0.26833335</y>
      <w>0.7653959</w>
      <t>733</t>
    </point>
    <point>
      <x>0.43333334</x>
      <y>0.26666668</y>
      <w>0.7653959</w>
      <t>733</t>
    </point>
    <point>
      <x>0.43833333</x>
      <y>0.265</y>
      <w>0.7653959</w>
      <t>733</t>
    </point>
    <point>
      <x>0.44166666</x>
      <y>0.26333332</y>
      <w>0.7653959</w>
      <t>733</t>
    </point>
    <point>
      <x>0.445</x>
      <y>0.26166666</y>
      <w>0.7653959</w>
      <t>734</t>
    </point>
    <point>
      <x>0.44833332</x>
      <y>0.26</y>
      <w>0.714565</w>
      <t>767</t>
    </point>
    <point>
      <x>0.45166665</x>
      <y>0.25666666</y>
      <w>0.714565</w>
      <t>767</t>
    </point>
    <point>
      <x>0.455</x>
      <y>0.255</y>
      <w>0.714565</w>
      <t>769</t>
    </point>
    <point>
      <x>0.46</x>
      <y>0.25333333</y>
      <w>0.714565</w>
      <t>769</t>
    </point>
    <point>
      <x>0.46333334</x>
      <y>0.25166667</y>
      <w>0.67057675</w>
      <t>800</t>
    </point>
    <point>
      <x>0.46666667</x>
      <y>0.25</y>
      <w>0.67057675</w>
      <t>800</t>
    </point>
    <point>
      <x>0.47166666</x>
      <y>0.25</y>
      <w>0.67057675</w>
      <t>800</t>
    </point>
    <point>
      <x>0.475</x>
      <y>0.24833333</y>
      <w>0.67057675</w>
      <t>800</t>
    </point>
    <point>
      <x>0.48</x>
      <y>0.24666667</y>
      <w>0.67057675</w>
      <t>800</t>
    </point>
    <point>
      <x>0.48333332</x>
      <y>0.245</y>
      <w>0.5904203</w>
      <t>833</t>
    </point>
    <point>
      <x>0.48666668</x>
      <y>0.24333334</y>
      <w>0.5904203</w>
      <t>833</t>
    </point>
    <point>
      <x>0.49</x>
      <y>0.24166666</y>
      <w>0.5904203</w>
      <t>833</t>
    </point>
    <point>
      <x>0.495</x>
      <y>0.24</y>
      <w>0.5904203</w>
      <t>833</t>
    </point>
    <point>
      <x>0.49833333</x>
      <y>0.23833333</y>
      <w>0.53079176</w>
      <t>867</t>
    </point>
    <point>
      <x>0.50333333</x>
      <y>0.23666666</y>
      <w>0.53079176</w>
      <t>867</t>
    </point>
    <point>
      <x>0.5083333</x>
      <y>0.235</y>
      <w>0.53079176</w>
      <t>867</t>
    </point>
    <point>
      <x>0.5133333</x>
      <y>0.23333333</y>
      <w>0.53079176</w>
      <t>868</t>
    </point>
    <point>
      <x>0.5183333</x>
      <y>0.23166667</y>
      <w>0.53079176</w>
      <t>868</t>
    </point>
    <point>
      <x>0.5233333</x>
      <y>0.23166667</y>
      <w>0.49853373</w>
      <t>900</t>
    </point>
    <point>
      <x>0.5283333</x>
      <y>0.23</y>
      <w>0.49853373</w>
      <t>900</t>
    </point>
    <point>
      <x>0.53333336</x>
      <y>0.22833334</y>
      <w>0.49853373</w>
      <t>900</t>
    </point>
    <point>
      <x>0.54</x>
      <y>0.22666667</y>
      <w>0.49853373</w>
      <t>900</t>
    </point>
    <point>
      <x>0.545</x>
      <y>0.225</y>
      <w>0.47605082</w>
      <t>934</t>
    </point>
    <point>
      <x>0.55</x>
      <y>0.22333333</y>
      <w>0.47605082</w>
      <t>934</t>
    </point>
    <point>
      <x>0.555</x>
      <y>0.22166666</y>
      <w>0.47605082</w>
      <t>934</t>
    </point>
    <point>
      <x>0.56</x>
      <y>0.22</y>
      <w>0.47605082</w>
      <t>934</t>
    </point>
    <point>
      <x>0.56666666</x>
      <y>0.21833333</y>
      <w>0.47605082</w>
      <t>967</t>
    </point>
    <point>
      <x>0.57</x>
      <y>0.21666667</y>
      <w>0.47605082</w>
      <t>967</t>
    </point>
    <point>
      <x>0.57666665</x>
      <y>0.21666667</y>
      <w>0.47605082</w>
      <t>967</t>
    </point>
    <point>
      <x>0.58</x>
      <y>0.215</y>
      <w>0.47605082</w>
      <t>967</t>
    </point>
    <point>
      <x>0.585</x>
      <y>0.215</y>
      <w>0.47605082</w>
      <t>967</t>
    </point>
    <point>
      <x>0.59</x>
      <y>0.21333334</y>
      <w>0.47800586</w>
      <t>1000</t>
    </point>
    <point>
      <x>0.595</x>
      <y>0.21333334</y>
      <w>0.47800586</w>
      <t>1000</t>
    </point>
    <point>
      <x>0.59833336</x>
      <y>0.21333334</y>
      <w>0.47800586</w>
      <t>1000</t>
    </point>
    <point>
      <x>0.6016667</x>
      <y>0.21166667</y>
      <w>0.47800586</w>
      <t>1000</t>
    </point>
    <point>
      <x>0.6066667</x>
      <y>0.21166667</y>
      <w>0.48191592</w>
      <t>1034</t>
    </point>
    <point>
      <x>0.61</x>
      <y>0.21166667</y>
      <w>0.48191592</w>
      <t>1034</t>
    </point>
    <point>
      <x>0.61333334</x>
      <y>0.21166667</y>
      <w>0.48191592</w>
      <t>1034</t>
    </point>
    <point>
      <x>0.6166667</x>
      <y>0.21166667</y>
      <w>0.48191592</w>
      <t>1034</t>
    </point>
    <point>
      <x>0.62166667</x>
      <y>0.21166667</y>
      <w>0.48191592</w>
      <t>1034</t>
    </point>
    <point>
      <x>0.625</x>
      <y>0.21166667</y>
      <w>0.5024438</w>
      <t>1067</t>
    </point>
    <point>
      <x>0.62833333</x>
      <y>0.21166667</y>
      <w>0.5024438</w>
      <t>1067</t>
    </point>
    <point>
      <x>0.63166666</x>
      <y>0.21166667</y>
      <w>0.5024438</w>
      <t>1067</t>
    </point>
    <point>
      <x>0.635</x>
      <y>0.21166667</y>
      <w>0.5024438</w>
      <t>1068</t>
    </point>
    <point>
      <x>0.63666666</x>
      <y>0.21333334</y>
      <w>0.56402737</w>
      <t>1100</t>
    </point>
    <point>
      <x>0.64</x>
      <y>0.21333334</y>
      <w>0.56402737</w>
      <t>1100</t>
    </point>
    <point>
      <x>0.6433333</x>
      <y>0.21333334</y>
      <w>0.56402737</w>
      <t>1100</t>
    </point>
    <point>
      <x>0.64666665</x>
      <y>0.215</y>
      <w>0.56402737</w>
      <t>1100</t>
    </point>
    <point>
      <x>0.6483333</x>
      <y>0.215</y>
      <w>0.56402737</w>
      <t>1101</t>
    </point>
    <point>
      <x>0.65166664</x>
      <y>0.215</y>
      <w>0.59433043</w>
      <t>1133</t>
    </point>
    <point>
      <x>0.655</x>
      <y>0.21666667</y>
      <w>0.59433043</w>
      <t>1133</t>
    </point>
    <point>
      <x>0.65833336</x>
      <y>0.21666667</y>
      <w>0.59433043</w>
      <t>1133</t>
    </point>
    <point>
      <x>0.66</x>
      <y>0.21833333</y>
      <w>0.59433043</w>
      <t>1133</t>
    </point>
    <point>
      <x>0.66333336</x>
      <y>0.22</y>
      <w>0.61974585</w>
      <t>1167</t>
    </point>
    <point>
      <x>0.6666667</x>
      <y>0.22</y>
      <w>0.61974585</w>
      <t>1167</t>
    </point>
    <point>
      <x>0.67</x>
      <y>0.22166666</y>
      <w>0.61974585</w>
      <t>1167</t>
    </point>
    <point>
      <x>0.67333335</x>
      <y>0.22333333</y>
      <w>0.61974585</w>
      <t>1167</t>
    </point>
    <point>
      <x>0.675</x>
      <y>0.22333333</y>
      <w>0.61974585</w>
      <t>1167</t>
    </point>
    <point>
      <x>0.67833334</x>
      <y>0.225</y>
      <w>0.6471163</w>
      <t>1200</t>
    </point>
    <point>
      <x>0.68</x>
      <y>0.22666667</y>
      <w>0.6471163</w>
      <t>1200</t>
    </point>
    <point>
      <x>0.6816667</x>
      <y>0.22666667</y>
      <w>0.6471163</w>
      <t>1200</t>
    </point>
    <point>
      <x>0.68333334</x>
      <y>0.22833334</y>
      <w>0.6471163</w>
      <t>1200</t>
    </point>
    <point>
      <x>0.685</x>
      <y>0.22833334</y>
      <w>0.6735093</w>
      <t>1234</t>
    </point>
    <point>
      <x>0.68666667</x>
      <y>0.23</y>
      <w>0.6735093</w>
      <t>1234</t>
    </point>
    <point>
      <x>0.68833333</x>
      <y>0.23166667</y>
      <w>0.6735093</w>
      <t>1234</t>
    </point>
    <point>
      <x>0.69</x>
      <y>0.23333333</y>
      <w>0.68817204</w>
      <t>1267</t>
    </point>
    <point>
      <x>0.69166666</x>
      <y>0.235</y>
      <w>0.68817204</w>
      <t>1267</t>
    </point>
    <point>
      <x>0.6933333</x>
      <y>0.23666666</y>
      <w>0.68817204</w>
      <t>1267</t>
    </point>
    <point>
      <x>0.695</x>
      <y>0.23666666</y>
      <w>0.68817204</w>
      <t>1267</t>
    </point>
    <point>
      <x>0.695</x>
      <y>0.23833333</y>
      <w>0.6979472</w>
      <t>1300</t>
    </point>
    <point>
      <x>0.69666666</x>
      <y>0.23833333</y>
      <w>0.6979472</w>
      <t>1300</t>
    </point>
    <point>
      <x>0.69666666</x>
      <y>0.24</y>
      <w>0.6979472</w>
      <t>1300</t>
    </point>
    <point>
      <x>0.6983333</x>
      <y>0.24</y>
      <w>0.6979472</w>
      <t>1300</t>
    </point>
    <point>
      <x>0.6983333</x>
      <y>0.24166666</y>
      <w>0.70576733</w>
      <t>1334</t>
    </point>
    <point>
      <x>0.7</x>
      <y>0.24166666</y>
      <w>0.70576733</w>
      <t>1334</t>
    </point>
    <point>
      <x>0.7</x>
      <y>0.24333334</y>
      <w>0.70576733</w>
      <t>1334</t>
    </point>
    <point>
      <x>0.70166665</x>
      <y>0.245</y>
      <w>0.7106549</w>
      <t>1367</t>
    </point>
    <point>
      <x>0.7033333</x>
      <y>0.24666667</y>
      <w>0.7106549</w>
      <t>1367</t>
    </point>
    <point>
      <x>0.7033333</x>
      <y>0.24833333</y>
      <w>0.71358746</w>
      <t>1401</t>
    </point>
    <point>
      <x>0.705</x>
      <y>0.25</y>
      <w>0.71358746</w>
      <t>1401</t>
    </point>
    <point>
      <x>0.705</x>
      <y>0.25166667</y>
      <w>0.7155425</w>
      <t>1433</t>
    </point>
    <point>
      <x>0.705</x>
      <y>0.25333333</y>
      <w>0.7155425</w>
      <t>1433</t>
    </point>
    <point>
      <x>0.705</x>
      <y>0.255</y>
      <w>0.7155425</w>
      <t>1466</t>
    </point>
    <point>
      <x>0.705</x>
      <y>0.25666666</y>
      <w>0.71652</w>
      <t>1500</t>
    </point>
    <point>
      <x>0.705</x>
      <y>0.25833333</y>
      <w>0.71652</w>
      <t>1500</t>
    </point>
    <point>
      <x>0.705</x>
      <y>0.26</y>
      <w>0.71652</w>
      <t>1533</t>
    </point>
    <point>
      <x>0.705</x>
      <y>0.26166666</y>
      <w>0.7174975</w>
      <t>1566</t>
    </point>
    <point>
      <x>0.705</x>
      <y>0.26333332</y>
      <w>0.7174975</w>
      <t>1566</t>
    </point>
    <point>
      <x>0.705</x>
      <y>0.265</y>
      <w>0.7096774</w>
      <t>1601</t>
    </point>
    <point>
      <x>0.7033333</x>
      <y>0.26666668</y>
      <w>0.7096774</w>
      <t>1601</t>
    </point>
    <point>
      <x>0.70166665</x>
      <y>0.26833335</y>
      <w>0.7096774</w>
      <t>1601</t>
    </point>
    <point>
      <x>0.70166665</x>
      <y>0.27</y>
      <w>0.6783969</w>
      <t>1633</t>
    </point>
    <point>
      <x>0.7</x>
      <y>0.27</y>
      <w>0.6783969</w>
      <t>1633</t>
    </point>
    <point>
      <x>0.7</x>
      <y>0.27166668</y>
      <w>0.6783969</w>
      <t>1633</t>
    </point>
    <point>
      <x>0.6983333</x>
      <y>0.27166668</y>
      <w>0.65884656</w>
      <t>1667</t>
    </point>
    <point>
      <x>0.6983333</x>
      <y>0.27333334</y>
      <w>0.6480938</w>
      <t>1700</t>
    </point>
    <point>
      <x>0.69666666</x>
      <y>0.27333334</y>
      <w>0.6480938</w>
      <t>1700</t>
    </point>
    <point>
      <x>0.69666666</x>
      <y>0.275</y>
      <w>0.6480938</w>
      <t>1700</t>
    </point>
    <point>
      <x>0.695</x>
      <y>0.275</y>
      <w>0.6480938</w>
      <t>1700</t>
    </point>
    <point>
      <x>0.6933333</x>
      <y>0.27666667</y>
      <w>0.6168133</w>
      <t>1733</t>
    </point>
    <point>
      <x>0.69166666</x>
      <y>0.27666667</y>
      <w>0.6168133</w>
      <t>1733</t>
    </point>
    <point>
      <x>0.69</x>
      <y>0.27833334</y>
      <w>0.6168133</w>
      <t>1733</t>
    </point>
    <point>
      <x>0.68833333</x>
      <y>0.27833334</y>
      <w>0.59530795</w>
      <t>1767</t>
    </point>
    <point>
      <x>0.68666667</x>
      <y>0.28</y>
      <w>0.59530795</w>
      <t>1767</t>
    </point>
    <point>
      <x>0.685</x>
      <y>0.28</y>
      <w>0.59530795</w>
      <t>1767</t>
    </point>
    <point>
      <x>0.68333334</x>
      <y>0.28166667</y>
      <w>0.59530795</w>
      <t>1767</t>
    </point>
    <point>
      <x>0.6816667</x>
      <y>0.28166667</y>
      <w>0.59530795</w>
      <t>1767</t>
    </point>
    <point>
      <x>0.68</x>
      <y>0.28166667</y>
      <w>0.58748776</w>
      <t>1800</t>
    </point>
    <point>
      <x>0.68</x>
      <y>0.28333333</y>
      <w>0.58748776</w>
      <t>1800</t>
    </point>
    <point>
      <x>0.67833334</x>
      <y>0.28333333</y>
      <w>0.58748776</w>
      <t>1800</t>
    </point>
    <point>
      <x>0.6766667</x>
      <y>0.28333333</y>
      <w>0.57087</w>
      <t>1834</t>
    </point>
    <point>
      <x>0.675</x>
      <y>0.28333333</y>
      <w>0.57087</w>
      <t>1834</t>
    </point>
    <point>
      <x>0.67333335</x>
      <y>0.28333333</y>
      <w>0.5278592</w>
      <t>1867</t>
    </point>
    <point>
      <x>0.67333335</x>
      <y>0.285</y>
      <w>0.5278592</w>
      <t>1867</t>
    </point>
    <point>
      <x>0.6716667</x>
      <y>0.285</y>
      <w>0.5278592</w>
      <t>1867</t>
    </point>
    <point>
      <x>0.67</x>
      <y>0.285</y>
      <w>0.5278592</w>
      <t>1867</t>
    </point>
    <point>
      <x>0.66833335</x>
      <y>0.285</y>
      <w>0.5278592</w>
      <t>1867</t>
    </point>
    <point>
      <x>0.6666667</x>
      <y>0.285</y>
      <w>0.4809384</w>
      <t>1900</t>
    </point>
    <point>
      <x>0.665</x>
      <y>0.28666666</y>
      <w>0.4809384</w>
      <t>1900</t>
    </point>
    <point>
      <x>0.66333336</x>
      <y>0.28666666</y>
      <w>0.4809384</w>
      <t>1900</t>
    </point>
    <point>
      <x>0.6616667</x>
      <y>0.28666666</y>
      <w>0.4809384</w>
      <t>1900</t>
    </point>
    <point>
      <x>0.65833336</x>
      <y>0.28833333</y>
      <w>0.4692082</w>
      <t>1934</t>
    </point>
    <point>
      <x>0.6566667</x>
      <y>0.28833333</y>
      <w>0.4692082</w>
      <t>1934</t>
    </point>
    <point>
      <x>0.655</x>
      <y>0.28833333</y>
      <w>0.4692082</w>
      <t>1934</t>
    </point>
    <point>
      <x>0.6533333</x>
      <y>0.28833333</y>
      <w>0.4692082</w>
      <t>1934</t>
    </point>
    <point>
      <x>0.65166664</x>
      <y>0.29</y>
      <w>0.4692082</w>
      <t>1934</t>
    </point>
    <point>
      <x>0.65</x>
      <y>0.29</y>
      <w>0.43792766</w>
      <t>1967</t>
    </point>
    <point>
      <x>0.64666665</x>
      <y>0.29</y>
      <w>0.43792766</w>
      <t>1967</t>
    </point>
    <point>
      <x>0.645</x>
      <y>0.29</y>
      <w>0.43792766</w>
      <t>1967</t>
    </point>
    <point>
      <x>0.6433333</x>
      <y>0.29166666</y>
      <w>0.43792766</w>
      <t>1967</t>
    </point>
    <point>
      <x>0.64166665</x>
      <y>0.29166666</y>
      <w>0.38220918</w>
      <t>2001</t>
    </point>
    <point>
      <x>0.64</x>
      <y>0.29166666</y>
      <w>0.38220918</w>
      <t>2001</t>
    </point>
    <point>
      <x>0.6383333</x>
      <y>0.29166666</y>
      <w>0.38220918</w>
      <t>2001</t>
    </point>
    <point>
      <x>0.63666666</x>
      <y>0.29333332</y>
      <w>0.38220918</w>
      <t>2001</t>
    </point>
    <point>
      <x>0.6333333</x>
      <y>0.29333332</y>
      <w>0.3020528</w>
      <t>2034</t>
    </point>
    <point>
      <x>0.63166666</x>
      <y>0.29333332</y>
      <w>0.3020528</w>
      <t>2034</t>
    </point>
    <point>
      <x>0.63</x>
      <y>0.29333332</y>
      <w>0.3020528</w>
      <t>2034</t>
    </point>
    <point>
      <x>0.62666667</x>
      <y>0.295</y>
      <w>0.3020528</w>
      <t>2034</t>
    </point>
    <point>
      <x>0.62333333</x>
      <y>0.295</y>
      <w>0.2580645</w>
      <t>2067</t>
    </point>
    <point>
      <x>0.62166667</x>
      <y>0.295</y>
      <w>0.2580645</w>
      <t>2067</t>
    </point>
    <point>
      <x>0.61833334</x>
      <y>0.295</y>
      <w>0.2580645</w>
      <t>2067</t>
    </point>
    <point>
      <x>0.615</x>
      <y>0.29666665</y>
      <w>0.2580645</w>
      <t>2067</t>
    </point>
    <point>
      <x>0.6116667</x>
      <y>0.29666665</y>
      <w>0.2062561</w>
      <t>2101</t>
    </point>
    <point>
      <x>0.60833335</x>
      <y>0.29666665</y>
      <w>0.2062561</w>
      <t>2101</t>
    </point>
    <point>
      <x>0.605</x>
      <y>0.29833335</y>
      <w>0.2062561</w>
      <t>2101</t>
    </point>
    <point>
      <x>0.6016667</x>
      <y>0.29833335</y>
      <w>0.2062561</w>
      <t>2101</t>
    </point>
    <point>
      <x>0.59833336</x>
      <y>0.3</y>
      <w>0.2062561</w>
      <t>2101</t>
    </point>
    <point>
      <x>0.595</x>
      <y>0.3</y>
      <w>0.045943305</w>
      <t>2134</t>
    </point>
    <point>
      <x>0.59166664</x>
      <y>0.3</y>
      <w>0.045943305</w>
      <t>2134</t>
    </point>
  </stroke>
  <stroke time="3500">
    <point>
      <x>0.4</x>
      <y>0.37666667</y>
      <w>0.22971652</w>
      <t>3534</t>
    </point>
    <point>
      <x>0.40166667</x>
      <y>0.37833333</y>
      <w>0.22971652</w>
      <t>3534</t>
    </point>
    <point>
      <x>0.40333334</x>
      <y>0.37833333</y>
      <w>0.22971652</w>
      <t>3534</t>
    </point>
    <point>
      <x>0.40333334</x>
      <y>0.38</y>
      <w>0.3548387</w>
      <t>3567</t>
    </point>
    <point>
      <x>0.405</x>
      <y>0.38</y>
      <w>0.3548387</w>
      <t>3567</t>
    </point>
    <point>
      <x>0.40666667</x>
      <y>0.38</y>
      <w>0.3548387</w>
      <t>3567</t>
    </point>
    <point>
      <x>0.40666667</x>
      <y>0.38166666</y>
      <w>0.3548387</w>
      <t>3567</t>
    </point>
    <point>
      <x>0.40833333</x>
      <y>0.38166666</y>
      <w>0.427175</w>
      <t>3601</t>
    </point>
    <point>
      <x>0.41</x>
      <y>0.38166666</y>
      <w>0.427175</w>
      <t>3601</t>
    </point>
    <point>
      <x>0.41</x>
      <y>0.38333333</y>
      <w>0.427175</w>
      <t>3601</t>
    </point>
    <point>
      <x>0.41166666</x>
      <y>0.38333333</y>
      <w>0.427175</w>
      <t>3601</t>
    </point>
    <point>
      <x>0.41166666</x>
      <y>0.385</y>
      <w>0.49560118</w>
      <t>3634</t>
    </point>
    <point>
      <x>0.41333333</x>
      <y>0.385</y>
      <w>0.49560118</w>
      <t>3634</t>
    </point>
    <point>
      <x>0.415</x>
      <y>0.38666666</y>
      <w>0.49560118</w>
      <t>3634</t>
    </point>
    <point>
      <x>0.41666666</x>
      <y>0.38666666</y>
      <w>0.5415445</w>
      <t>3667</t>
    </point>
    <point>
      <x>0.41833332</x>
      <y>0.38666666</y>
      <w>0.5415445</w>
      <t>3667</t>
    </point>
    <point>
      <x>0.42</x>
      <y>0.38666666</y>
      <w>0.5777126</w>
      <t>3700</t>
    </point>
    <point>
      <x>0.42166665</x>
      <y>0.38666666</y>
      <w>0.5777126</w>
      <t>3700</t>
    </point>
    <point>
      <x>0.42333335</x>
      <y>0.38833332</y>
      <w>0.5777126</w>
      <t>3700</t>
    </point>
    <point>
      <x>0.425</x>
      <y>0.38833332</y>
      <w>0.59628546</w>
      <t>3734</t>
    </point>
    <point>
      <x>0.42666668</x>
      <y>0.38833332</y>
      <w>0.59628546</w>
      <t>3734</t>
    </point>
    <point>
      <x>0.42833334</x>
      <y>0.38833332</y>
      <w>0.59628546</w>
      <t>3734</t>
    </point>
    <point>
      <x>0.43</x>
      <y>0.38833332</y>
      <w>0.60801566</w>
      <t>3767</t>
    </point>
    <point>
      <x>0.43166667</x>
      <y>0.38833332</y>
      <w>0.60801566</w>
      <t>3767</t>
    </point>
    <point>
      <x>0.43333334</x>
      <y>0.38833332</y>
      <w>0.629521</w>
      <t>3801</t>
    </point>
    <point>
      <x>0.435</x>
      <y>0.38833332</y>
      <w>0.629521</w>
      <t>3801</t>
    </point>
    <point>
      <x>0.43666667</x>
      <y>0.38833332</y>
      <w>0.629521</w>
      <t>3801</t>
    </point>
    <point>
      <x>0.43833333</x>
      <y>0.38666666</y>
      <w>0.629521</w>
      <t>3801</t>
    </point>
    <point>
      <x>0.44</x>
      <y>0.38666666</y>
      <w>0.629521</w>
      <t>3801</t>
    </point>
    <point>
      <x>0.44333333</x>
      <y>0.385</y>
      <w>0.6539589</w>
      <t>3834</t>
    </point>
    <point>
      <x>0.445</x>
      <y>0.385</y>
      <w>0.6539589</w>
      <t>3834</t>
    </point>
    <point>
      <x>0.44666666</x>
      <y>0.38333333</y>
      <w>0.6539589</w>
      <t>3834</t>
    </point>
    <point>
      <x>0.45</x>
      <y>0.38166666</y>
      <w>0.6539589</w>
      <t>3834</t>
    </point>
    <point>
      <x>0.45333335</x>
      <y>0.38166666</y>
      <w>0.6608016</w>
      <t>3867</t>
    </point>
    <point>
      <x>0.45666668</x>
      <y>0.38</y>
      <w>0.6608016</w>
      <t>3867</t>
    </point>
    <point>
      <x>0.45833334</x>
      <y>0.37833333</y>
      <w>0.6608016</w>
      <t>3867</t>
    </point>
    <point>
      <x>0.46166667</x>
      <y>0.37666667</y>
      <w>0.6608016</w>
      <t>3867</t>
    </point>
    <point>
      <x>0.46666667</x>
      <y>0.375</y>
      <w>0.6608016</w>
      <t>3867</t>
    </point>
    <point>
      <x>0.47</x>
      <y>0.375</y>
      <w>0.6627566</w>
      <t>3900</t>
    </point>
    <point>
      <x>0.47333333</x>
      <y>0.37333333</y>
      <w>0.6627566</w>
      <t>3900</t>
    </point>
    <point>
      <x>0.47666666</x>
      <y>0.37166667</y>
      <w>0.6627566</w>
      <t>3900</t>
    </point>
    <point>
      <x>0.48166665</x>
      <y>0.37</y>
      <w>0.6627566</w>
      <t>3900</t>
    </point>
    <point>
      <x>0.485</x>
      <y>0.36833334</y>
      <w>0.6617791</w>
      <t>3934</t>
    </point>
    <point>
      <x>0.48833334</x>
      <y>0.36833334</y>
      <w>0.6617791</w>
      <t>3934</t>
    </point>
    <point>
      <x>0.49166667</x>
      <y>0.36666667</y>
      <w>0.6617791</w>
      <t>3934</t>
    </point>
    <point>
      <x>0.495</x>
      <y>0.365</y>
      <w>0.6617791</w>
      <t>3934</t>
    </point>
    <point>
      <x>0.49833333</x>
      <y>0.365</y>
      <w>0.6598241</w>
      <t>3967</t>
    </point>
    <point>
      <x>0.50166667</x>
      <y>0.36333334</y>
      <w>0.6598241</w>
      <t>3967</t>
    </point>
    <point>
      <x>0.505</x>
      <y>0.36166668</y>
      <w>0.6598241</w>
      <t>3967</t>
    </point>
    <point>
      <x>0.5083333</x>
      <y>0.36166668</y>
      <w>0.6598241</w>
      <t>3967</t>
    </point>
    <point>
      <x>0.51166666</x>
      <y>0.36</y>
      <w>0.6598241</w>
      <t>3967</t>
    </point>
    <point>
      <x>0.515</x>
      <y>0.36</y>
      <w>0.6598241</w>
      <t>4000</t>
    </point>
    <point>
      <x>0.51666665</x>
      <y>0.36</y>
      <w>0.6598241</w>
      <t>4000</t>
    </point>
    <point>
      <x>0.52</x>
      <y>0.35833332</y>
      <w>0.6598241</w>
      <t>4000</t>
    </point>
    <point>
      <x>0.52166665</x>
      <y>0.35833332</y>
      <w>0.6598241</w>
      <t>4000</t>
    </point>
    <point>
      <x>0.5233333</x>
      <y>0.35833332</y>
      <w>0.6598241</w>
      <t>4034</t>
    </point>
    <point>
      <x>0.525</x>
      <y>0.35833332</y>
      <w>0.6598241</w>
      <t>4034</t>
    </point>
    <point>
      <x>0.52666664</x>
      <y>0.35833332</y>
      <w>0.6598241</w>
      <t>4034</t>
    </point>
    <point>
      <x>0.5283333</x>
      <y>0.35833332</y>
      <w>0.6598241</w>
      <t>4034</t>
    </point>
    <point>
      <x>0.53</x>
      <y>0.35833332</y>
      <w>0.6598241</w>
      <t>4034</t>
    </point>
    <point>
      <x>0.5316667</x>
      <y>0.35833332</y>
      <w>0.6598241</w>
      <t>4067</t>
    </point>
    <point>
      <x>0.53333336</x>
      <y>0.35833332</y>
      <w>0.6598241</w>
      <t>4067</t>
    </point>
    <point>
      <x>0.535</x>
      <y>0.35833332</y>
      <w>0.6598241</w>
      <t>4067</t>
    </point>
    <point>
      <x>0.5366667</x>
      <y>0.35833332</y>
      <w>0.6598241</w>
      <t>4067</t>
    </point>
    <point>
      <x>0.5366667</x>
      <y>0.36</y>
      <w>0.6598241</w>
      <t>4100</t>
    </point>
    <point>
      <x>0.53833336</x>
      <y>0.36</y>
      <w>0.6598241</w>
      <t>4100</t>
    </point>
    <point>
      <x>0.54</x>
      <y>0.36166668</y>
      <w>0.6598241</w>
      <t>4100</t>
    </point>
    <point>
      <x>0.5416667</x>
      <y>0.36166668</y>
      <w>0.6617791</w>
      <t>4134</t>
    </point>
    <point>
      <x>0.5416667</x>
      <y>0.36333334</y>
      <w>0.6617791</w>
      <t>4134</t>
    </point>
    <point>
      <x>0.54333335</x>
      <y>0.36333334</y>
      <w>0.66471165</w>
      <t>4166</t>
    </point>
    <point>
      <x>0.54333335</x>
      <y>0.365</y>
      <w>0.66471165</w>
      <t>4166</t>
    </point>
    <point>
      <x>0.545</x>
      <y>0.36666667</y>
      <w>0.6686217</w>
      <t>4201</t>
    </point>
    <point>
      <x>0.545</x>
      <y>0.36833334</y>
      <w>0.6686217</w>
      <t>4201</t>
    </point>
    <point>
      <x>0.545</x>
      <y>0.37</y>
      <w>0.6744868</w>
      <t>4234</t>
    </point>
    <point>
      <x>0.545</x>
      <y>0.37166667</y>
      <w>0.6813294</w>
      <t>4267</t>
    </point>
    <point>
      <x>0.5466667</x>
      <y>0.37166667</y>
      <w>0.6813294</w>
      <t>4267</t>
    </point>
    <point>
      <x>0.5466667</x>
      <y>0.37333333</y>
      <w>0.686217</w>
      <t>4300</t>
    </point>
    <point>
      <x>0.5466667</x>
      <y>0.375</y>
      <w>0.6920821</w>
      <t>4367</t>
    </point>
    <point>
      <x>0.5466667</x>
      <y>0.37666667</y>
      <w>0.6920821</w>
      <t>4367</t>
    </point>
    <point>
      <x>0.545</x>
      <y>0.37833333</y>
      <w>0.69403714</w>
      <t>4401</t>
    </point>
    <point>
      <x>0.54333335</x>
      <y>0.38</y>
      <w>0.69403714</w>
      <t>4401</t>
    </point>
    <point>
      <x>0.54333335</x>
      <y>0.38166666</y>
      <w>0.69403714</w>
      <t>4401</t>
    </point>
    <point>
      <x>0.5416667</x>
      <y>0.38166666</y>
      <w>0.69403714</w>
      <t>4433</t>
    </point>
    <point>
      <x>0.5416667</x>
      <y>0.38333333</y>
      <w>0.69403714</w>
      <t>4433</t>
    </point>
    <point>
      <x>0.54</x>
      <y>0.385</y>
      <w>0.69403714</w>
      <t>4433</t>
    </point>
    <point>
      <x>0.53833336</x>
      <y>0.385</y>
      <w>0.69403714</w>
      <t>4433</t>
    </point>
    <point>
      <x>0.5366667</x>
      <y>0.38666666</y>
      <w>0.69501466</w>
      <t>4467</t>
    </point>
    <point>
      <x>0.535</x>
      <y>0.38833332</y>
      <w>0.69501466</w>
      <t>4467</t>
    </point>
    <point>
      <x>0.53333336</x>
      <y>0.39</y>
      <w>0.69501466</w>
      <t>4467</t>
    </point>
    <point>
      <x>0.53333336</x>
      <y>0.39166668</y>
      <w>0.69501466</w>
      <t>4467</t>
    </point>
    <point>
      <x>0.53</x>
      <y>0.395</y>
      <w>0.69501466</w>
      <t>4467</t>
    </point>
    <point>
      <x>0.5283333</x>
      <y>0.39666668</y>
      <w>0.69501466</w>
      <t>4500</t>
    </point>
    <point>
      <x>0.52666664</x>
      <y>0.39833334</y>
      <w>0.69501466</w>
      <t>4500</t>
    </point>
    <point>
      <x>0.5233333</x>
      <y>0.40166667</y>
      <w>0.69501466</w>
      <t>4500</t>
    </point>
    <point>
      <x>0.52166665</x>
      <y>0.405</y>
      <w>0.69501466</w>
      <t>4500</t>
    </point>
    <point>
      <x>0.5183333</x>
      <y>0.40666667</y>
      <w>0.69403714</w>
      <t>4533</t>
    </point>
    <point>
      <x>0.51666665</x>
      <y>0.41</y>
      <w>0.69403714</w>
      <t>4533</t>
    </point>
    <point>
      <x>0.5133333</x>
      <y>0.41333333</y>
      <w>0.69403714</w>
      <t>4533</t>
    </point>
    <point>
      <x>0.51</x>
      <y>0.41833332</y>
      <w>0.69403714</w>
      <t>4533</t>
    </point>
    <point>
      <x>0.50666666</x>
      <y>0.42166665</y>
      <w>0.68817204</w>
      <t>4567</t>
    </point>
    <point>
      <x>0.50333333</x>
      <y>0.425</y>
      <w>0.68817204</w>
      <t>4567</t>
    </point>
    <point>
      <x>0.5</x>
      <y>0.43</y>
      <w>0.68817204</w>
      <t>4567</t>
    </point>
    <point>
      <x>0.49666667</x>
      <y>0.43333334</y>
      <w>0.68817204</w>
      <t>4567</t>
    </point>
    <point>
      <x>0.49333334</x>
      <y>0.43666667</y>
      <w>0.68817204</w>
      <t>4567</t>
    </point>
    <point>
      <x>0.49</x>
      <y>0.44166666</y>
      <w>0.66373414</w>
      <t>4600</t>
    </point>
    <point>
      <x>0.48666668</x>
      <y>0.445</y>
      <w>0.66373414</w>
      <t>4600</t>
    </point>
    <point>
      <x>0.48333332</x>
      <y>0.45</y>
      <w>0.66373414</w>
      <t>4600</t>
    </point>
    <point>
      <x>0.48</x>
      <y>0.45333335</y>
      <w>0.66373414</w>
      <t>4600</t>
    </point>
    <point>
      <x>0.475</x>
      <y>0.45833334</y>
      <w>0.6304985</w>
      <t>4634</t>
    </point>
    <point>
      <x>0.47333333</x>
      <y>0.46166667</y>
      <w>0.6304985</w>
      <t>4634</t>
    </point>
    <point>
      <x>0.47</x>
      <y>0.46666667</y>
      <w>0.6304985</w>
      <t>4634</t>
    </point>
    <point>
      <x>0.46666667</x>
      <y>0.47</y>
      <w>0.6304985</w>
      <t>4634</t>
    </point>
    <point>
      <x>0.46333334</x>
      <y>0.47333333</y>
      <w>0.6304985</w>
      <t>4634</t>
    </point>
    <point>
      <x>0.46166667</x>
      <y>0.47666666</y>
      <w>0.60703814</w>
      <t>4667</t>
    </point>
    <point>
      <x>0.46</x>
      <y>0.48</y>
      <w>0.60703814</w>
      <t>4667</t>
    </point>
    <point>
      <x>0.46</x>
      <y>0.48166665</y>
      <w>0.60703814</w>
      <t>4667</t>
    </point>
    <point>
      <x>0.45833334</x>
      <y>0.48333332</y>
      <w>0.60703814</w>
      <t>4667</t>
    </point>
    <point>
      <x>0.45833334</x>
      <y>0.48666668</y>
      <w>0.59628546</w>
      <t>4701</t>
    </point>
    <point>
      <x>0.45833334</x>
      <y>0.48833334</y>
      <w>0.59628546</w>
      <t>4701</t>
    </point>
    <point>
      <x>0.45833334</x>
      <y>0.49</y>
      <w>0.59628546</w>
      <t>4701</t>
    </point>
    <point>
      <x>0.45833334</x>
      <y>0.49166667</y>
      <w>0.59628546</w>
      <t>4701</t>
    </point>
    <point>
      <x>0.45833334</x>
      <y>0.49333334</y>
      <w>0.59628546</w>
      <t>4701</t>
    </point>
    <point>
      <x>0.45833334</x>
      <y>0.495</y>
      <w>0.59433043</w>
      <t>4734</t>
    </point>
    <point>
      <x>0.46</x>
      <y>0.49666667</y>
      <w>0.59433043</w>
      <t>4734</t>
    </point>
    <point>
      <x>0.46</x>
      <y>0.49833333</y>
      <w>0.59433043</w>
      <t>4734</t>
    </point>
    <point>
      <x>0.46166667</x>
      <y>0.5</y>
      <w>0.59433043</w>
      <t>4766</t>
    </point>
    <point>
      <x>0.46333334</x>
      <y>0.50166667</y>
      <w>0.59433043</w>
      <t>4766</t>
    </point>
    <point>
      <x>0.465</x>
      <y>0.50166667</y>
      <w>0.59433043</w>
      <t>4766</t>
    </point>
    <point>
      <x>0.465</x>
      <y>0.50333333</y>
      <w>0.59433043</w>
      <t>4766</t>
    </point>
    <point>
      <x>0.46666667</x>
      <y>0.50333333</y>
      <w>0.59433043</w>
      <t>4800</t>
    </point>
    <point>
      <x>0.46833333</x>
      <y>0.505</y>
      <w>0.59433043</w>
      <t>4800</t>
    </point>
    <point>
      <x>0.47</x>
      <y>0.505</y>
      <w>0.59433043</w>
      <t>4800</t>
    </point>
    <point>
      <x>0.47166666</x>
      <y>0.50666666</y>
      <w>0.59433043</w>
      <t>4800</t>
    </point>
    <point>
      <x>0.47333333</x>
      <y>0.50666666</y>
      <w>0.59433043</w>
      <t>4800</t>
    </point>
    <point>
      <x>0.47333333</x>
      <y>0.5083333</y>
      <w>0.59433043</w>
      <t>4834</t>
    </point>
    <point>
      <x>0.475</x>
      <y>0.5083333</y>
      <w>0.59433043</w>
      <t>4834</t>
    </point>
    <point>
      <x>0.47666666</x>
      <y>0.51</y>
      <w>0.59433043</w>
      <t>4834</t>
    </point>
    <point>
      <x>0.47833332</x>
      <y>0.51</y>
      <w>0.59433043</w>
      <t>4834</t>
    </point>
    <point>
      <x>0.48</x>
      <y>0.51166666</y>
      <w>0.59433043</w>
      <t>4867</t>
    </point>
    <point>
      <x>0.48166665</x>
      <y>0.5133333</y>
      <w>0.59433043</w>
      <t>4867</t>
    </point>
    <point>
      <x>0.48333332</x>
      <y>0.5133333</y>
      <w>0.59433043</w>
      <t>4867</t>
    </point>
    <point>
      <x>0.485</x>
      <y>0.515</y>
      <w>0.59433043</w>
      <t>4867</t>
    </point>
    <point>
      <x>0.48666668</x>
      <y>0.515</y>
      <w>0.59433043</w>
      <t>4900</t>
    </point>
    <point>
      <x>0.48666668</x>
      <y>0.51666665</y>
      <w>0.59433043</w>
      <t>4900</t>
    </point>
    <point>
      <x>0.48833334</x>
      <y>0.51666665</y>
      <w>0.59433043</w>
      <t>4900</t>
    </point>
    <point>
      <x>0.49</x>
      <y>0.5183333</y>
      <w>0.59433043</w>
      <t>4900</t>
    </point>
    <point>
      <x>0.49</x>
      <y>0.52</y>
      <w>0.59335285</w>
      <t>4934</t>
    </point>
    <point>
      <x>0.49166667</x>
      <y>0.52166665</y>
      <w>0.59335285</w>
      <t>4934</t>
    </point>
    <point>
      <x>0.49166667</x>
      <y>0.5233333</y>
      <w>0.59335285</w>
      <t>4934</t>
    </point>
    <point>
      <x>0.49333334</x>
      <y>0.5233333</y>
      <w>0.59433043</w>
      <t>4967</t>
    </point>
    <point>
      <x>0.49333334</x>
      <y>0.525</y>
      <w>0.59433043</w>
      <t>4967</t>
    </point>
    <point>
      <x>0.49333334</x>
      <y>0.52666664</y>
      <w>0.59433043</w>
      <t>4967</t>
    </point>
    <point>
      <x>0.495</x>
      <y>0.52666664</y>
      <w>0.59433043</w>
      <t>4967</t>
    </point>
    <point>
      <x>0.495</x>
      <y>0.5283333</y>
      <w>0.59433043</w>
      <t>5000</t>
    </point>
    <point>
      <x>0.495</x>
      <y>0.53</y>
      <w>0.59433043</w>
      <t>5000</t>
    </point>
    <point>
      <x>0.495</x>
      <y>0.5316667</y>
      <w>0.59433043</w>
      <t>5000</t>
    </point>
    <point>
      <x>0.49666667</x>
      <y>0.5316667</y>
      <w>0.59433043</w>
      <t>5000</t>
    </point>
    <point>
      <x>0.49666667</x>
      <y>0.53333336</y>
      <w>0.59433043</w>
      <t>5000</t>
    </point>
    <point>
      <x>0.49666667</x>
      <y>0.535</y>
      <w>0.59530795</w>
      <t>5034</t>
    </point>
    <point>
      <x>0.49666667</x>
      <y>0.5366667</y>
      <w>0.59530795</w>
      <t>5066</t>
    </point>
    <point>
      <x>0.49666667</x>
      <y>0.53833336</y>
      <w>0.597263</w>
      <t>5100</t>
    </point>
    <point>
      <x>0.49666667</x>
      <y>0.54</y>
      <w>0.597263</w>
      <t>5100</t>
    </point>
    <point>
      <x>0.49666667</x>
      <y>0.5416667</y>
      <w>0.597263</w>
      <t>5100</t>
    </point>
    <point>
      <x>0.49666667</x>
      <y>0.54333335</y>
      <w>0.60117304</w>
      <t>5133</t>
    </point>
    <point>
      <x>0.495</x>
      <y>0.54333335</y>
      <w>0.60117304</w>
      <t>5133</t>
    </point>
    <point>
      <x>0.495</x>
      <y>0.545</y>
      <w>0.60117304</w>
      <t>5133</t>
    </point>
    <point>
      <x>0.49333334</x>
      <y>0.5466667</y>
      <w>0.60117304</w>
      <t>5133</t>
    </point>
    <point>
      <x>0.49333334</x>
      <y>0.54833335</y>
      <w>0.61485827</w>
      <t>5167</t>
    </point>
    <point>
      <x>0.49166667</x>
      <y>0.55</y>
      <w>0.61485827</w>
      <t>5167</t>
    </point>
    <point>
      <x>0.49</x>
      <y>0.5516667</y>
      <w>0.61485827</w>
      <t>5167</t>
    </point>
    <point>
      <x>0.49</x>
      <y>0.55333334</y>
      <w>0.61485827</w>
      <t>5167</t>
    </point>
    <point>
      <x>0.48833334</x>
      <y>0.555</y>
      <w>0.63245356</w>
      <t>5200</t>
    </point>
    <point>
      <x>0.48666668</x>
      <y>0.5566667</y>
      <w>0.63245356</w>
      <t>5200</t>
    </point>
    <point>
      <x>0.485</x>
      <y>0.55833334</y>
      <w>0.63245356</w>
      <t>5200</t>
    </point>
    <point>
      <x>0.48333332</x>
      <y>0.56166667</y>
      <w>0.63245356</w>
      <t>5200</t>
    </point>
    <point>
      <x>0.48166665</x>
      <y>0.56333333</y>
      <w>0.66373414</w>
      <t>5234</t>
    </point>
    <point>
      <x>0.48</x>
      <y>0.56666666</y>
      <w>0.66373414</w>
      <t>5234</t>
    </point>
    <point>
      <x>0.47833332</x>
      <y>0.5683333</y>
      <w>0.66373414</w>
      <t>5234</t>
    </point>
    <point>
      <x>0.47666666</x>
      <y>0.57166666</y>
      <w>0.66373414</w>
      <t>5234</t>
    </point>
    <point>
      <x>0.475</x>
      <y>0.5733333</y>
      <w>0.66373414</w>
      <t>5234</t>
    </point>
    <point>
      <x>0.47333333</x>
      <y>0.575</y>
      <w>0.6803519</w>
      <t>5267</t>
    </point>
    <point>
      <x>0.47</x>
      <y>0.5783333</y>
      <w>0.6803519</w>
      <t>5267</t>
    </point>
    <point>
      <x>0.46833333</x>
      <y>0.58</y>
      <w>0.6803519</w>
      <t>5267</t>
    </point>
    <point>
      <x>0.46666667</x>
      <y>0.5833333</y>
      <w>0.6803519</w>
      <t>5267</t>
    </point>
    <point>
      <x>0.46333334</x>
      <y>0.585</y>
      <w>0.69403714</w>
      <t>5300</t>
    </point>
    <point>
      <x>0.46166667</x>
      <y>0.58666664</y>
      <w>0.69403714</w>
      <t>5300</t>
    </point>
    <point>
      <x>0.46</x>
      <y>0.59</y>
      <w>0.69403714</w>
      <t>5300</t>
    </point>
    <point>
      <x>0.45666668</x>
      <y>0.5933333</y>
      <w>0.69403714</w>
      <t>5300</t>
    </point>
    <point>
      <x>0.455</x>
      <y>0.5966667</y>
      <w>0.69403714</w>
      <t>5300</t>
    </point>
    <point>
      <x>0.45333335</x>
      <y>0.59833336</y>
      <w>0.70576733</w>
      <t>5334</t>
    </point>
    <point>
      <x>0.45</x>
      <y>0.60333335</y>
      <w>0.70576733</w>
      <t>5334</t>
    </point>
    <point>
      <x>0.44833332</x>
      <y>0.6066667</y>
      <w>0.70576733</w>
      <t>5334</t>
    </point>
    <point>
      <x>0.445</x>
      <y>0.61</y>
      <w>0.70576733</w>
      <t>5334</t>
    </point>
    <point>
      <x>0.44166666</x>
      <y>0.61333334</y>
      <w>0.72238517</w>
      <t>5367</t>
    </point>
    <point>
      <x>0.44</x>
      <y>0.61833334</y>
      <w>0.72238517</w>
      <t>5367</t>
    </point>
    <point>
      <x>0.43666667</x>
      <y>0.62166667</y>
      <w>0.72238517</w>
      <t>5367</t>
    </point>
    <point>
      <x>0.43333334</x>
      <y>0.625</y>
      <w>0.72238517</w>
      <t>5367</t>
    </point>
    <point>
      <x>0.43</x>
      <y>0.63</y>
      <w>0.72238517</w>
      <t>5367</t>
    </point>
    <point>
      <x>0.42666668</x>
      <y>0.6333333</y>
      <w>0.7380254</w>
      <t>5401</t>
    </point>
    <point>
      <x>0.42333335</x>
      <y>0.63666666</y>
      <w>0.7380254</w>
      <t>5401</t>
    </point>
    <point>
      <x>0.42</x>
      <y>0.64166665</y>
      <w>0.7380254</w>
      <t>5401</t>
    </point>
    <point>
      <x>0.41666666</x>
      <y>0.645</y>
      <w>0.7380254</w>
      <t>5401</t>
    </point>
    <point>
      <x>0.41333333</x>
      <y>0.65</y>
      <w>0.7497556</w>
      <t>5433</t>
    </point>
    <point>
      <x>0.41</x>
      <y>0.655</y>
      <w>0.7497556</w>
      <t>5433</t>
    </point>
    <point>
      <x>0.40833333</x>
      <y>0.65833336</y>
      <w>0.7497556</w>
      <t>5433</t>
    </point>
    <point>
      <x>0.405</x>
      <y>0.66333336</y>
      <w>0.7497556</w>
      <t>5433</t>
    </point>
    <point>
      <x>0.40166667</x>
      <y>0.6666667</y>
      <w>0.75855327</w>
      <t>5467</t>
    </point>
    <point>
      <x>0.4</x>
      <y>0.6716667</y>
      <w>0.75855327</w>
      <t>5467</t>
    </point>
    <point>
      <x>0.39833334</x>
      <y>0.675</y>
      <w>0.75855327</w>
      <t>5467</t>
    </point>
    <point>
      <x>0.395</x>
      <y>0.67833334</y>
      <w>0.75855327</w>
      <t>5467</t>
    </point>
    <point>
      <x>0.39333335</x>
      <y>0.68333334</y>
      <w>0.75855327</w>
      <t>5467</t>
    </point>
    <point>
      <x>0.39166668</x>
      <y>0.68666667</y>
      <w>0.7614858</w>
      <t>5500</t>
    </point>
    <point>
      <x>0.38833332</x>
      <y>0.69</y>
      <w>0.7614858</w>
      <t>5500</t>
    </point>
    <point>
      <x>0.38666666</x>
      <y>0.6933333</y>
      <w>0.7614858</w>
      <t>5500</t>
    </point>
    <point>
      <x>0.385</x>
      <y>0.6983333</y>
      <w>0.7614858</w>
      <t>5500</t>
    </point>
    <point>
      <x>0.38333333</x>
      <y>0.70166665</y>
      <w>0.76246333</w>
      <t>5534</t>
    </point>
    <point>
      <x>0.38166666</x>
      <y>0.705</y>
      <w>0.76246333</w>
      <t>5534</t>
    </point>
    <point>
      <x>0.38</x>
      <y>0.7083333</y>
      <w>0.76246333</w>
      <t>5534</t>
    </point>
    <point>
      <x>0.37833333</x>
      <y>0.7133333</y>
      <w>0.76246333</w>
      <t>5534</t>
    </point>
    <point>
      <x>0.37666667</x>
      <y>0.71666664</y>
      <w>0.76246333</w>
      <t>5534</t>
    </point>
    <point>
      <x>0.375</x>
      <y>0.72</y>
      <w>0.7614858</w>
      <t>5567</t>
    </point>
    <point>
      <x>0.375</x>
      <y>0.72333336</y>
      <w>0.7614858</w>
      <t>5567</t>
    </point>
    <point>
      <x>0.37333333</x>
      <y>0.7266667</y>
      <w>0.7614858</w>
      <t>5567</t>
    </point>
    <point>
      <x>0.37333333</x>
      <y>0.73</y>
      <w>0.7614858</w>
      <t>5567</t>
    </point>
    <point>
      <x>0.37166667</x>
      <y>0.73333335</y>
      <w>0.76246333</w>
      <t>5600</t>
    </point>
    <point>
      <x>0.37166667</x>
      <y>0.735</y>
      <w>0.76246333</w>
      <t>5600</t>
    </point>
    <point>
      <x>0.37</x>
      <y>0.73833334</y>
      <w>0.76246333</w>
      <t>5600</t>
    </point>
    <point>
      <x>0.37</x>
      <y>0.7416667</y>
      <w>0.76246333</w>
      <t>5600</t>
    </point>
    <point>
      <x>0.37</x>
      <y>0.74333334</y>
      <w>0.76246333</w>
      <t>5600</t>
    </point>
    <point>
      <x>0.37</x>
      <y>0.74666667</y>
      <w>0.7614858</w>
      <t>5634</t>
    </point>
    <point>
      <x>0.36833334</x>
      <y>0.74833333</y>
      <w>0.7614858</w>
      <t>5634</t>
    </point>
    <point>
      <x>0.36833334</x>
      <y>0.75166667</y>
      <w>0.7614858</w>
      <t>5634</t>
    </point>
    <point>
      <x>0.36833334</x>
      <y>0.75333333</y>
      <w>0.7614858</w>
      <t>5634</t>
    </point>
    <point>
      <x>0.36833334</x>
      <y>0.75666666</y>
      <w>0.7605083</w>
      <t>5667</t>
    </point>
    <point>
      <x>0.36833334</x>
      <y>0.7583333</y>
      <w>0.7605083</w>
      <t>5667</t>
    </point>
    <point>
      <x>0.36833334</x>
      <y>0.76166666</y>
      <w>0.7605083</w>
      <t>5667</t>
    </point>
    <point>
      <x>0.36833334</x>
      <y>0.7633333</y>
      <w>0.7605083</w>
      <t>5667</t>
    </point>
    <point>
      <x>0.36833334</x>
      <y>0.765</y>
      <w>0.7605083</w>
      <t>5667</t>
    </point>
    <point>
      <x>0.36833334</x>
      <y>0.76666665</y>
      <w>0.75855327</w>
      <t>5701</t>
    </point>
    <point>
      <x>0.36833334</x>
      <y>0.7683333</y>
      <w>0.75855327</w>
      <t>5701</t>
    </point>
    <point>
      <x>0.36833334</x>
      <y>0.77</y>
      <w>0.75855327</w>
      <t>5701</t>
    </point>
    <point>
      <x>0.36833334</x>
      <y>0.77166665</y>
      <w>0.75659823</w>
      <t>5734</t>
    </point>
    <point>
      <x>0.37</x>
      <y>0.7733333</y>
      <w>0.75659823</w>
      <t>5734</t>
    </point>
    <point>
      <x>0.37</x>
      <y>0.775</y>
      <w>0.75659823</w>
      <t>5734</t>
    </point>
    <point>
      <x>0.37166667</x>
      <y>0.775</y>
      <w>0.75659823</w>
      <t>5734</t>
    </point>
    <point>
      <x>0.37166667</x>
      <y>0.77666664</y>
      <w>0.7536657</w>
      <t>5767</t>
    </point>
    <point>
      <x>0.37333333</x>
      <y>0.7783333</y>
      <w>0.7536657</w>
      <t>5767</t>
    </point>
    <point>
      <x>0.375</x>
      <y>0.7783333</y>
      <w>0.7536657</w>
      <t>5767</t>
    </point>
    <point>
      <x>0.375</x>
      <y>0.78</y>
      <w>0.7536657</w>
      <t>5767</t>
    </point>
    <point>
      <x>0.37666667</x>
      <y>0.7816667</y>
      <w>0.7536657</w>
      <t>5767</t>
    </point>
    <point>
      <x>0.37833333</x>
      <y>0.7816667</y>
      <w>0.75171065</w>
      <t>5801</t>
    </point>
    <point>
      <x>0.38</x>
      <y>0.78333336</y>
      <w>0.75171065</w>
      <t>5801</t>
    </point>
    <point>
      <x>0.38166666</x>
      <y>0.78333336</y>
      <w>0.75171065</w>
      <t>5801</t>
    </point>
    <point>
      <x>0.38333333</x>
      <y>0.78333336</y>
      <w>0.75171065</w>
      <t>5801</t>
    </point>
    <point>
      <x>0.385</x>
      <y>0.785</y>
      <w>0.75171065</w>
      <t>5801</t>
    </point>
    <point>
      <x>0.38666666</x>
      <y>0.785</y>
      <w>0.7497556</w>
      <t>5834</t>
    </point>
    <point>
      <x>0.38833332</x>
      <y>0.785</y>
      <w>0.7497556</w>
      <t>5834</t>
    </point>
    <point>
      <x>0.39</x>
      <y>0.7866667</y>
      <w>0.7497556</w>
      <t>5834</t>
    </point>
    <point>
      <x>0.39166668</x>
      <y>0.7866667</y>
      <w>0.7497556</w>
      <t>5834</t>
    </point>
    <point>
      <x>0.395</x>
      <y>0.7866667</y>
      <w>0.7497556</w>
      <t>5867</t>
    </point>
    <point>
      <x>0.39666668</x>
      <y>0.7866667</y>
      <w>0.7497556</w>
      <t>5867</t>
    </point>
    <point>
      <x>0.39833334</x>
      <y>0.7866667</y>
      <w>0.7497556</w>
      <t>5867</t>
    </point>
    <point>
      <x>0.4</x>
      <y>0.7866667</y>
      <w>0.7497556</w>
      <t>5867</t>
    </point>
    <point>
      <x>0.40333334</x>
      <y>0.7866667</y>
      <w>0.7487781</w>
      <t>5900</t>
    </point>
    <point>
      <x>0.40666667</x>
      <y>0.7866667</y>
      <w>0.7487781</w>
      <t>5900</t>
    </point>
    <point>
      <x>0.40833333</x>
      <y>0.7866667</y>
      <w>0.7487781</w>
      <t>5900</t>
    </point>
    <point>
      <x>0.41166666</x>
      <y>0.7866667</y>
      <w>0.7487781</w>
      <t>5900</t>
    </point>
    <point>
      <x>0.415</x>
      <y>0.7866667</y>
      <w>0.7487781</w>
      <t>5900</t>
    </point>
    <point>
      <x>0.41666666</x>
      <y>0.7866667</y>
      <w>0.7497556</w>
      <t>5934</t>
    </point>
    <point>
      <x>0.42</x>
      <y>0.7866667</y>
      <w>0.7497556</w>
      <t>5934</t>
    </point>
    <point>
      <x>0.42333335</x>
      <y>0.7866667</y>
      <w>0.7497556</w>
      <t>5934</t>
    </point>
    <point>
      <x>0.42666668</x>
      <y>0.785</y>
      <w>0.7497556</w>
      <t>5934</t>
    </point>
    <point>
      <x>0.43</x>
      <y>0.785</y>
      <w>0.7497556</w>
      <t>5967</t>
    </point>
    <point>
      <x>0.43333334</x>
      <y>0.785</y>
      <w>0.7497556</w>
      <t>5967</t>
    </point>
    <point>
      <x>0.43666667</x>
      <y>0.785</y>
      <w>0.7497556</w>
      <t>5967</t>
    </point>
    <point>
      <x>0.44</x>
      <y>0.78333336</y>
      <w>0.7497556</w>
      <t>5967</t>
    </point>
    <point>
      <x>0.44333333</x>
      <y>0.78333336</y>
      <w>0.7497556</w>
      <t>5967</t>
    </point>
    <point>
      <x>0.44666666</x>
      <y>0.7816667</y>
      <w>0.75073314</w>
      <t>6000</t>
    </point>
    <point>
      <x>0.45166665</x>
      <y>0.7816667</y>
      <w>0.75073314</w>
      <t>6000</t>
    </point>
    <point>
      <x>0.455</x>
      <y>0.78</y>
      <w>0.75073314</w>
      <t>6000</t>
    </point>
    <point>
      <x>0.46</x>
      <y>0.78</y>
      <w>0.75073314</w>
      <t>6000</t>
    </point>
    <point>
      <x>0.46333334</x>
      <y>0.7783333</y>
      <w>0.75073314</w>
      <t>6034</t>
    </point>
    <point>
      <x>0.46833333</x>
      <y>0.77666664</y>
      <w>0.75073314</w>
      <t>6034</t>
    </point>
    <point>
      <x>0.47166666</x>
      <y>0.77666664</y>
      <w>0.75073314</w>
      <t>6034</t>
    </point>
    <point>
      <x>0.475</x>
      <y>0.775</y>
      <w>0.75073314</w>
      <t>6034</t>
    </point>
    <point>
      <x>0.48</x>
      <y>0.7733333</y>
      <w>0.7468231</w>
      <t>6067</t>
    </point>
    <point>
      <x>0.48333332</x>
      <y>0.77166665</y>
      <w>0.7468231</w>
      <t>6067</t>
    </point>
    <point>
      <x>0.48666668</x>
      <y>0.77166665</y>
      <w>0.7468231</w>
      <t>6067</t>
    </point>
    <point>
      <x>0.49166667</x>
      <y>0.77</y>
      <w>0.7468231</w>
      <t>6067</t>
    </point>
    <point>
      <x>0.495</x>
      <y>0.7683333</y>
      <w>0.7468231</w>
      <t>6067</t>
    </point>
    <point>
      <x>0.49833333</x>
      <y>0.76666665</y>
      <w>0.74584556</w>
      <t>6101</t>
    </point>
    <point>
      <x>0.50333333</x>
      <y>0.765</y>
      <w>0.74584556</w>
      <t>6101</t>
    </point>
    <point>
      <x>0.50666666</x>
      <y>0.7633333</y>
      <w>0.74584556</w>
      <t>6101</t>
    </point>
    <point>
      <x>0.51</x>
      <y>0.7633333</y>
      <w>0.74584556</w>
      <t>6101</t>
    </point>
    <point>
      <x>0.515</x>
      <y>0.76166666</y>
      <w>0.74584556</w>
      <t>6101</t>
    </point>
    <point>
      <x>0.5183333</x>
      <y>0.76</y>
      <w>0.742913</w>
      <t>6134</t>
    </point>
    <point>
      <x>0.52166665</x>
      <y>0.7583333</y>
      <w>0.742913</w>
      <t>6134</t>
    </point>
    <point>
      <x>0.525</x>
      <y>0.75666666</y>
      <w>0.742913</w>
      <t>6134</t>
    </point>
    <point>
      <x>0.53</x>
      <y>0.75666666</y>
      <w>0.742913</w>
      <t>6134</t>
    </point>
    <point>
      <x>0.53333336</x>
      <y>0.755</y>
      <w>0.7370479</w>
      <t>6166</t>
    </point>
    <point>
      <x>0.5366667</x>
      <y>0.75333333</y>
      <w>0.7370479</w>
      <t>6166</t>
    </point>
    <point>
      <x>0.54</x>
      <y>0.75166667</y>
      <w>0.7370479</w>
      <t>6166</t>
    </point>
    <point>
      <x>0.54333335</x>
      <y>0.75</y>
      <w>0.7370479</w>
      <t>6166</t>
    </point>
    <point>
      <x>0.5466667</x>
      <y>0.75</y>
      <w>0.72043014</w>
      <t>6200</t>
    </point>
    <point>
      <x>0.55</x>
      <y>0.74833333</y>
      <w>0.72043014</w>
      <t>6200</t>
    </point>
    <point>
      <x>0.5516667</x>
      <y>0.74666667</y>
      <w>0.72043014</w>
      <t>6200</t>
    </point>
    <point>
      <x>0.555</x>
      <y>0.74666667</y>
      <w>0.72043014</w>
      <t>6200</t>
    </point>
    <point>
      <x>0.55833334</x>
      <y>0.745</y>
      <w>0.72043014</w>
      <t>6200</t>
    </point>
    <point>
      <x>0.56</x>
      <y>0.74333334</y>
      <w>0.7106549</w>
      <t>6234</t>
    </point>
    <point>
      <x>0.56333333</x>
      <y>0.74333334</y>
      <w>0.7106549</w>
      <t>6234</t>
    </point>
    <point>
      <x>0.565</x>
      <y>0.7416667</y>
      <w>0.7106549</w>
      <t>6234</t>
    </point>
    <point>
      <x>0.5683333</x>
      <y>0.74</y>
      <w>0.7106549</w>
      <t>6234</t>
    </point>
    <point>
      <x>0.57</x>
      <y>0.74</y>
      <w>0.67546433</w>
      <t>6266</t>
    </point>
    <point>
      <x>0.5733333</x>
      <y>0.73833334</y>
      <w>0.67546433</w>
      <t>6266</t>
    </point>
    <point>
      <x>0.575</x>
      <y>0.7366667</y>
      <w>0.67546433</w>
      <t>6266</t>
    </point>
    <point>
      <x>0.5783333</x>
      <y>0.735</y>
      <w>0.67546433</w>
      <t>6266</t>
    </point>
    <point>
      <x>0.58</x>
      <y>0.735</y>
      <w>0.6520039</w>
      <t>6301</t>
    </point>
    <point>
      <x>0.58166665</x>
      <y>0.73333335</y>
      <w>0.6520039</w>
      <t>6301</t>
    </point>
    <point>
      <x>0.585</x>
      <y>0.7316667</y>
      <w>0.6520039</w>
      <t>6301</t>
    </point>
    <point>
      <x>0.58666664</x>
      <y>0.7316667</y>
      <w>0.6520039</w>
      <t>6301</t>
    </point>
    <point>
      <x>0.5883333</x>
      <y>0.73</y>
      <w>0.6520039</w>
      <t>6301</t>
    </point>
    <point>
      <x>0.59</x>
      <y>0.72833335</y>
      <w>0.6109482</w>
      <t>6334</t>
    </point>
    <point>
      <x>0.59166664</x>
      <y>0.72833335</y>
      <w>0.6109482</w>
      <t>6334</t>
    </point>
    <point>
      <x>0.59166664</x>
      <y>0.7266667</y>
      <w>0.6109482</w>
      <t>6334</t>
    </point>
    <point>
      <x>0.5933333</x>
      <y>0.7266667</y>
      <w>0.6109482</w>
      <t>6334</t>
    </point>
    <point>
      <x>0.595</x>
      <y>0.725</y>
      <w>0.5884653</w>
      <t>6367</t>
    </point>
    <point>
      <x>0.5966667</x>
      <y>0.72333336</y>
      <w>0.5884653</w>
      <t>6367</t>
    </point>
    <point>
      <x>0.59833336</x>
      <y>0.72333336</y>
      <w>0.5884653</w>
      <t>6367</t>
    </point>
    <point>
      <x>0.59833336</x>
      <y>0.7216667</y>
      <w>0.58064514</w>
      <t>6400</t>
    </point>
    <point>
      <x>0.6</x>
      <y>0.7216667</y>
      <w>0.58064514</w>
      <t>6400</t>
    </point>
    <point>
      <x>0.6016667</x>
      <y>0.72</y>
      <w>0.58064514</w>
      <t>6400</t>
    </point>
    <point>
      <x>0.6016667</x>
      <y>0.7183333</y>
      <w>0.58064514</w>
      <t>6400</t>
    </point>
    <point>
      <x>0.60333335</x>
      <y>0.7183333</y>
      <w>0.540567</w>
      <t>6433</t>
    </point>
    <point>
      <x>0.60333335</x>
      <y>0.71666664</y>
      <w>0.540567</w>
      <t>6433</t>
    </point>
    <point>
      <x>0.605</x>
      <y>0.71666664</y>
      <w>0.540567</w>
      <t>6433</t>
    </point>
    <point>
      <x>0.605</x>
      <y>0.715</y>
      <w>0.540567</w>
      <t>6433</t>
    </point>
    <point>
      <x>0.605</x>
      <y>0.7133333</y>
      <w>0.52981424</w>
      <t>6467</t>
    </point>
    <point>
      <x>0.605</x>
      <y>0.71166664</y>
      <w>0.52492666</w>
      <t>6500</t>
    </point>
    <point>
      <x>0.605</x>
      <y>0.71</y>
      <w>0.52492666</w>
      <t>6500</t>
    </point>
    <point>
      <x>0.60333335</x>
      <y>0.7083333</y>
      <w>0.514174</w>
      <t>6533</t>
    </point>
    <point>
      <x>0.6016667</x>
      <y>0.7083333</y>
      <w>0.514174</w>
      <t>6533</t>
    </point>
    <point>
      <x>0.6016667</x>
      <y>0.70666665</y>
      <w>0.5092864</w>
      <t>6567</t>
    </point>
    <point>
      <x>0.6</x>
      <y>0.70666665</y>
      <w>0.5092864</w>
      <t>6567</t>
    </point>
    <point>
      <x>0.59833336</x>
      <y>0.705</y>
      <w>0.5092864</w>
      <t>6567</t>
    </point>
    <point>
      <x>0.5966667</x>
      <y>0.7033333</y>
      <w>0.4799609</w>
      <t>6600</t>
    </point>
    <point>
      <x>0.595</x>
      <y>0.7033333</y>
      <w>0.4799609</w>
      <t>6600</t>
    </point>
    <point>
      <x>0.5933333</x>
      <y>0.70166665</y>
      <w>0.4799609</w>
      <t>6600</t>
    </point>
    <point>
      <x>0.59166664</x>
      <y>0.70166665</y>
      <w>0.4799609</w>
      <t>6600</t>
    </point>
    <point>
      <x>0.59</x>
      <y>0.7</y>
      <w>0.4799609</w>
      <t>6600</t>
    </point>
    <point>
      <x>0.5883333</x>
      <y>0.7</y>
      <w>0.41348973</w>
      <t>6633</t>
    </point>
    <point>
      <x>0.58666664</x>
      <y>0.6983333</y>
      <w>0.41348973</w>
      <t>6633</t>
    </point>
    <point>
      <x>0.585</x>
      <y>0.69666666</y>
      <w>0.41348973</w>
      <t>6633</t>
    </point>
    <point>
      <x>0.5833333</x>
      <y>0.695</y>
      <w>0.36656892</w>
      <t>6666</t>
    </point>
    <point>
      <x>0.58166665</x>
      <y>0.695</y>
      <w>0.36656892</w>
      <t>6666</t>
    </point>
    <point>
      <x>0.58166665</x>
      <y>0.6933333</y>
      <w>0.36656892</w>
      <t>6666</t>
    </point>
    <point>
      <x>0.58</x>
      <y>0.69166666</y>
      <w>0.36656892</w>
      <t>6666</t>
    </point>
    <point>
      <x>0.5783333</x>
      <y>0.69</y>
      <w>0.36656892</w>
      <t>6666</t>
    </point>
    <point>
      <x>0.57666665</x>
      <y>0.68833333</y>
      <w>0.31280547</w>
      <t>6700</t>
    </point>
    <point>
      <x>0.57666665</x>
      <y>0.68666667</y>
      <w>0.31280547</w>
      <t>6700</t>
    </point>
    <point>
      <x>0.575</x>
      <y>0.68333334</y>
      <w>0.31280547</w>
      <t>6700</t>
    </point>
    <point>
      <x>0.5733333</x>
      <y>0.6816667</y>
      <w>0.31280547</w>
      <t>6700</t>
    </point>
    <point>
      <x>0.57166666</x>
      <y>0.68</y>
      <w>0.30987293</w>
      <t>6734</t>
    </point>
    <point>
      <x>0.57</x>
      <y>0.67833334</y>
      <w>0.30987293</w>
      <t>6734</t>
    </point>
    <point>
      <x>0.5683333</x>
      <y>0.6766667</y>
      <w>0.30987293</w>
      <t>6734</t>
    </point>
    <point>
      <x>0.56666666</x>
      <y>0.675</y>
      <w>0.30987293</w>
      <t>6734</t>
    </point>
    <point>
      <x>0.565</x>
      <y>0.67333335</y>
      <w>0.30987293</w>
      <t>6734</t>
    </point>
    <point>
      <x>0.56333333</x>
      <y>0.67</y>
      <w>0.2913001</w>
      <t>6766</t>
    </point>
    <point>
      <x>0.56333333</x>
      <y>0.66833335</y>
      <w>0.2913001</w>
      <t>6766</t>
    </point>
    <point>
      <x>0.56166667</x>
      <y>0.6666667</y>
      <w>0.2913001</w>
      <t>6766</t>
    </point>
    <point>
      <x>0.56</x>
      <y>0.665</y>
      <w>0.2913001</w>
      <t>6766</t>
    </point>
    <point>
      <x>0.56</x>
      <y>0.66333336</y>
      <w>0.25415444</w>
      <t>6800</t>
    </point>
    <point>
      <x>0.55833334</x>
      <y>0.6616667</y>
      <w>0.25415444</w>
      <t>6800</t>
    </point>
    <point>
      <x>0.55833334</x>
      <y>0.66</y>
      <w>0.25415444</w>
      <t>6800</t>
    </point>
    <point>
      <x>0.55833334</x>
      <y>0.65833336</y>
      <w>0.25415444</w>
      <t>6800</t>
    </point>
    <point>
      <x>0.55833334</x>
      <y>0.6566667</y>
      <w>0.25415444</w>
      <t>6800</t>
    </point>
    <point>
      <x>0.55833334</x>
      <y>0.655</y>
      <w>0.13391985</w>
      <t>6834</t>
    </point>
    <point>
      <x>0.55833334</x>
      <y>0.65166664</y>
      <w>0.13391985</w>
      <t>6834</t>
    </point>
    <point>
      <x>0.55833334</x>
      <y>0.65</y>
      <w>0.13391985</w>
      <t>6834</t>
    </point>
    <point>
      <x>0.55833334</x>
      <y>0.6483333</y>
      <w>0.13391985</w>
      <t>6834</t>
    </point>
    <point>
      <x>0.56</x>
      <y>0.64666665</y>
      <w>0.079178885</w>
      <t>6866</t>
    </point>
    <point>
      <x>0.56166667</x>
      <y>0.645</y>
      <w>0.079178885</w>
      <t>6866</t>
    </point>
    <point>
      <x>0.56333333</x>
      <y>0.6433333</y>
      <w>0.079178885</w>
      <t>6866</t>
    </point>
    <point>
      <x>0.565</x>
      <y>0.64166665</y>
      <w>0.079178885</w>
      <t>6866</t>
    </point>
    <point>
      <x>0.56666666</x>
      <y>0.64</y>
      <w>0.086021505</w>
      <t>6900</t>
    </point>
    <point>
      <x>0.5683333</x>
      <y>0.64</y>
      <w>0.086021505</w>
      <t>6900</t>
    </point>
    <point>
      <x>0.57</x>
      <y>0.6383333</y>
      <w>0.086021505</w>
      <t>6900</t>
    </point>
    <point>
      <x>0.5733333</x>
      <y>0.63666666</y>
      <w>0.086021505</w>
      <t>6900</t>
    </point>
    <point>
      <x>0.575</x>
      <y>0.635</y>
      <w>0.086021505</w>
      <t>6900</t>
    </point>
    <point>
      <x>0.5783333</x>
      <y>0.63166666</y>
      <w>0.09677419</w>
      <t>6933</t>
    </point>
    <point>
      <x>0.58166665</x>
      <y>0.63</y>
      <w>0.09677419</w>
      <t>6933</t>
    </point>
    <point>
      <x>0.585</x>
      <y>0.62833333</y>
      <w>0.09677419</w>
      <t>6933</t>
    </point>
    <point>
      <x>0.58666664</x>
      <y>0.62666667</y>
      <w>0.09677419</w>
      <t>6933</t>
    </point>
    <point>
      <x>0.59</x>
      <y>0.625</y>
      <w>0.10166178</w>
      <t>6967</t>
    </point>
    <point>
      <x>0.5933333</x>
      <y>0.62333333</y>
      <w>0.10166178</w>
      <t>6967</t>
    </point>
    <point>
      <x>0.5966667</x>
      <y>0.62166667</y>
      <w>0.10166178</w>
      <t>6967</t>
    </point>
    <point>
      <x>0.6</x>
      <y>0.62</y>
      <w>0.10166178</w>
      <t>6967</t>
    </point>
    <point>
      <x>0.60333335</x>
      <y>0.61833334</y>
      <w>0.10166178</w>
      <t>6967</t>
    </point>
    <point>
      <x>0.60833335</x>
      <y>0.6166667</y>
      <w>0.17986315</w>
      <t>7000</t>
    </point>
    <point>
      <x>0.6116667</x>
      <y>0.615</y>
      <w>0.17986315</w>
      <t>7000</t>
    </point>
    <point>
      <x>0.6166667</x>
      <y>0.61333334</y>
      <w>0.17986315</w>
      <t>7000</t>
    </point>
    <point>
      <x>0.62166667</x>
      <y>0.61333334</y>
      <w>0.17986315</w>
      <t>7000</t>
    </point>
    <point>
      <x>0.62666667</x>
      <y>0.6116667</y>
      <w>0.23264907</w>
      <t>7034</t>
    </point>
    <point>
      <x>0.63</x>
      <y>0.61</y>
      <w>0.23264907</w>
      <t>7034</t>
    </point>
    <point>
      <x>0.635</x>
      <y>0.60833335</y>
      <w>0.23264907</w>
      <t>7034</t>
    </point>
    <point>
      <x>0.6383333</x>
      <y>0.60833335</y>
      <w>0.23264907</w>
      <t>7034</t>
    </point>
    <point>
      <x>0.6433333</x>
      <y>0.6066667</y>
      <w>0.23264907</w>
      <t>7034</t>
    </point>
    <point>
      <x>0.64666665</x>
      <y>0.6066667</y>
      <w>0.34604105</w>
      <t>7067</t>
    </point>
    <point>
      <x>0.65166664</x>
      <y>0.605</y>
      <w>0.34604105</w>
      <t>7067</t>
    </point>
    <point>
      <x>0.655</x>
      <y>0.605</y>
      <w>0.34604105</w>
      <t>7067</t>
    </point>
    <point>
      <x>0.65833336</x>
      <y>0.605</y>
      <w>0.34604105</w>
      <t>7067</t>
    </point>
    <point>
      <x>0.66333336</x>
      <y>0.60333335</y>
      <w>0.47702834</w>
      <t>7101</t>
    </point>
    <point>
      <x>0.6666667</x>
      <y>0.60333335</y>
      <w>0.47702834</w>
      <t>7101</t>
    </point>
    <point>
      <x>0.67</x>
      <y>0.60333335</y>
      <w>0.47702834</w>
      <t>7101</t>
    </point>
    <point>
      <x>0.6716667</x>
      <y>0.60333335</y>
      <w>0.47702834</w>
      <t>7101</t>
    </point>
    <point>
      <x>0.675</x>
      <y>0.60333335</y>
      <w>0.47702834</w>
      <t>7101</t>
    </point>
    <point>
      <x>0.67833334</x>
      <y>0.60333335</y>
      <w>0.54447705</w>
      <t>7134</t>
    </point>
    <point>
      <x>0.6816667</x>
      <y>0.60333335</y>
      <w>0.54447705</w>
      <t>7134</t>
    </point>
    <point>
      <x>0.68333334</x>
      <y>0.60333335</y>
      <w>0.54447705</w>
      <t>7134</t>
    </point>
    <point>
      <x>0.68666667</x>
      <y>0.605</y>
      <w>0.54447705</w>
      <t>7134</t>
    </point>
    <point>
      <x>0.69</x>
      <y>0.605</y>
      <w>0.59628546</w>
      <t>7166</t>
    </point>
    <point>
      <x>0.6933333</x>
      <y>0.605</y>
      <w>0.59628546</w>
      <t>7166</t>
    </point>
    <point>
      <x>0.695</x>
      <y>0.6066667</y>
      <w>0.59628546</w>
      <t>7166</t>
    </point>
    <point>
      <x>0.6983333</x>
      <y>0.6066667</y>
      <w>0.59628546</w>
      <t>7166</t>
    </point>
    <point>
      <x>0.7</x>
      <y>0.6066667</y>
      <w>0.6402737</w>
      <t>7201</t>
    </point>
    <point>
      <x>0.7033333</x>
      <y>0.6066667</y>
      <w>0.6402737</w>
      <t>7201</t>
    </point>
    <point>
      <x>0.705</x>
      <y>0.60833335</y>
      <w>0.6402737</w>
      <t>7201</t>
    </point>
    <point>
      <x>0.70666665</x>
      <y>0.60833335</y>
      <w>0.6402737</w>
      <t>7201</t>
    </point>
    <point>
      <x>0.7083333</x>
      <y>0.60833335</y>
      <w>0.6402737</w>
      <t>7201</t>
    </point>
    <point>
      <x>0.71</x>
      <y>0.61</y>
      <w>0.6744868</w>
      <t>7234</t>
    </point>
    <point>
      <x>0.71166664</x>
      <y>0.6116667</y>
      <w>0.6744868</w>
      <t>7234</t>
    </point>
    <point>
      <x>0.7133333</x>
      <y>0.6116667</y>
      <w>0.6744868</w>
      <t>7234</t>
    </point>
    <point>
      <x>0.715</x>
      <y>0.61333334</y>
      <w>0.6744868</w>
      <t>7234</t>
    </point>
    <point>
      <x>0.71666664</x>
      <y>0.615</y>
      <w>0.70772237</w>
      <t>7266</t>
    </point>
    <point>
      <x>0.7183333</x>
      <y>0.615</y>
      <w>0.70772237</w>
      <t>7266</t>
    </point>
    <point>
      <x>0.72</x>
      <y>0.6166667</y>
      <w>0.70772237</w>
      <t>7266</t>
    </point>
    <point>
      <x>0.7216667</x>
      <y>0.61833334</y>
      <w>0.70772237</w>
      <t>7266</t>
    </point>
    <point>
      <x>0.72333336</x>
      <y>0.61833334</y>
      <w>0.70772237</w>
      <t>7266</t>
    </point>
    <point>
      <x>0.72333336</x>
      <y>0.62</y>
      <w>0.72727275</w>
      <t>7300</t>
    </point>
    <point>
      <x>0.725</x>
      <y>0.62166667</y>
      <w>0.72727275</w>
      <t>7300</t>
    </point>
    <point>
      <x>0.7266667</x>
      <y>0.62166667</y>
      <w>0.72727275</w>
      <t>7300</t>
    </point>
    <point>
      <x>0.7266667</x>
      <y>0.62333333</y>
      <w>0.72727275</w>
      <t>7300</t>
    </point>
    <point>
      <x>0.72833335</x>
      <y>0.625</y>
      <w>0.73411536</w>
      <t>7334</t>
    </point>
    <point>
      <x>0.73</x>
      <y>0.62666667</y>
      <w>0.73411536</w>
      <t>7334</t>
    </point>
    <point>
      <x>0.7316667</x>
      <y>0.62833333</y>
      <w>0.73411536</w>
      <t>7334</t>
    </point>
    <point>
      <x>0.7316667</x>
      <y>0.63</y>
      <w>0.73411536</w>
      <t>7334</t>
    </point>
    <point>
      <x>0.73333335</x>
      <y>0.63166666</y>
      <w>0.7419355</w>
      <t>7366</t>
    </point>
    <point>
      <x>0.73333335</x>
      <y>0.6333333</y>
      <w>0.7419355</w>
      <t>7366</t>
    </point>
    <point>
      <x>0.73333335</x>
      <y>0.635</y>
      <w>0.7438905</w>
      <t>7400</t>
    </point>
    <point>
      <x>0.735</x>
      <y>0.635</y>
      <w>0.7438905</w>
      <t>7400</t>
    </point>
    <point>
      <x>0.735</x>
      <y>0.63666666</y>
      <w>0.7438905</w>
      <t>7400</t>
    </point>
    <point>
      <x>0.735</x>
      <y>0.6383333</y>
      <w>0.74486804</w>
      <t>7434</t>
    </point>
    <point>
      <x>0.735</x>
      <y>0.64</y>
      <w>0.74486804</w>
      <t>7434</t>
    </point>
    <point>
      <x>0.735</x>
      <y>0.64166665</y>
      <w>0.74584556</w>
      <t>7467</t>
    </point>
    <point>
      <x>0.735</x>
      <y>0.6433333</y>
      <w>0.74584556</w>
      <t>7467</t>
    </point>
    <point>
      <x>0.735</x>
      <y>0.645</y>
      <w>0.74584556</w>
      <t>7467</t>
    </point>
    <point>
      <x>0.735</x>
      <y>0.64666665</y>
      <w>0.74584556</w>
      <t>7467</t>
    </point>
    <point>
      <x>0.735</x>
      <y>0.6483333</y>
      <w>0.74486804</w>
      <t>7500</t>
    </point>
    <point>
      <x>0.735</x>
      <y>0.65</y>
      <w>0.73998046</w>
      <t>7500</t>
    </point>
    <point>
      <x>0.735</x>
      <y>0.65166664</y>
      <w>0.7096774</w>
      <t>7533</t>
    </point>
    <point>
      <x>0.73333335</x>
      <y>0.6533333</y>
      <w>0.7096774</w>
      <t>7533</t>
    </point>
    <point>
      <x>0.73333335</x>
      <y>0.655</y>
      <w>0.67546433</w>
      <t>7567</t>
    </point>
    <point>
      <x>0.7316667</x>
      <y>0.655</y>
      <w>0.67546433</w>
      <t>7567</t>
    </point>
    <point>
      <x>0.7316667</x>
      <y>0.6566667</y>
      <w>0.67546433</w>
      <t>7567</t>
    </point>
    <point>
      <x>0.73</x>
      <y>0.65833336</y>
      <w>0.67546433</w>
      <t>7567</t>
    </point>
    <point>
      <x>0.72833335</x>
      <y>0.65833336</y>
      <w>0.67546433</w>
      <t>7567</t>
    </point>
    <point>
      <x>0.72833335</x>
      <y>0.66</y>
      <w>0.64907134</w>
      <t>7600</t>
    </point>
    <point>
      <x>0.7266667</x>
      <y>0.6616667</y>
      <w>0.64907134</w>
      <t>7600</t>
    </point>
    <point>
      <x>0.725</x>
      <y>0.66333336</y>
      <w>0.64907134</w>
      <t>7600</t>
    </point>
    <point>
      <x>0.72333336</x>
      <y>0.66333336</y>
      <w>0.5845552</w>
      <t>7634</t>
    </point>
    <point>
      <x>0.7216667</x>
      <y>0.665</y>
      <w>0.5845552</w>
      <t>7634</t>
    </point>
    <point>
      <x>0.72</x>
      <y>0.6666667</y>
      <w>0.5845552</w>
      <t>7634</t>
    </point>
    <point>
      <x>0.7183333</x>
      <y>0.6666667</y>
      <w>0.5845552</w>
      <t>7634</t>
    </point>
    <point>
      <x>0.71666664</x>
      <y>0.66833335</y>
      <w>0.5464321</w>
      <t>7667</t>
    </point>
    <point>
      <x>0.715</x>
      <y>0.67</y>
      <w>0.5464321</w>
      <t>7667</t>
    </point>
    <point>
      <x>0.7133333</x>
      <y>0.67</y>
      <w>0.5464321</w>
      <t>7667</t>
    </point>
    <point>
      <x>0.71166664</x>
      <y>0.6716667</y>
      <w>0.5464321</w>
      <t>7667</t>
    </point>
    <point>
      <x>0.71</x>
      <y>0.6716667</y>
      <w>0.45845553</w>
      <t>7701</t>
    </point>
    <point>
      <x>0.7083333</x>
      <y>0.67333335</y>
      <w>0.45845553</w>
      <t>7701</t>
    </point>
    <point>
      <x>0.705</x>
      <y>0.67333335</y>
      <w>0.45845553</w>
      <t>7701</t>
    </point>
    <point>
      <x>0.7033333</x>
      <y>0.675</y>
      <w>0.45845553</w>
      <t>7701</t>
    </point>
    <point>
      <x>0.7</x>
      <y>0.675</y>
      <w>0.45845553</w>
      <t>7701</t>
    </point>
    <point>
      <x>0.6983333</x>
      <y>0.6766667</y>
      <w>0.3714565</w>
      <t>7733</t>
    </point>
    <point>
      <x>0.695</x>
      <y>0.6766667</y>
      <w>0.3714565</w>
      <t>7733</t>
    </point>
    <point>
      <x>0.6933333</x>
      <y>0.67833334</y>
      <w>0.3714565</w>
      <t>7733</t>
    </point>
    <point>
      <x>0.69</x>
      <y>0.68</y>
      <w>0.3714565</w>
      <t>7733</t>
    </point>
    <point>
      <x>0.68833333</x>
      <y>0.68</y>
      <w>0.22580644</w>
      <t>7766</t>
    </point>
    <point>
      <x>0.685</x>
      <y>0.6816667</y>
      <w>0.22580644</w>
      <t>7766</t>
    </point>
    <point>
      <x>0.6816667</x>
      <y>0.68333334</y>
      <w>0.22580644</w>
      <t>7766</t>
    </point>
    <point>
      <x>0.67833334</x>
      <y>0.685</y>
      <w>0.22580644</w>
      <t>7766</t>
    </point>
    <point>
      <x>0.6766667</x>
      <y>0.685</y>
      <w>0.0</w>
      <t>7801</t>
    </point>
    <point>
      <x>0.67333335</x>
      <y>0.68666667</y>
      <w>0.0</w>
      <t>7801</t>
    </point>
  </stroke>
</character>
