<?xml version="1.0" encoding="UTF-8"?>
<character>
  <stroke time="0">
    <point>
      <x>0.265</x>
      <y>0.245</y>
      <w>0.15542522</w>
      <t>69</t>
    </point>
    <point>
      <x>0.26666668</x>
      <y>0.245</y>
      <w>0.15542522</w>
      <t>69</t>
    </point>
    <point>
      <x>0.26833335</x>
      <y>0.245</y>
      <w>0.20918866</w>
      <t>100</t>
    </point>
    <point>
      <x>0.27</x>
      <y>0.245</y>
      <w>0.20918866</w>
      <t>100</t>
    </point>
    <point>
      <x>0.27166668</x>
      <y>0.245</y>
      <w>0.20918866</w>
      <t>100</t>
    </point>
    <point>
      <x>0.27333334</x>
      <y>0.245</y>
      <w>0.2580645</w>
      <t>133</t>
    </point>
    <point>
      <x>0.27666667</x>
      <y>0.245</y>
      <w>0.2580645</w>
      <t>133</t>
    </point>
    <point>
      <x>0.27833334</x>
      <y>0.245</y>
      <w>0.2580645</w>
      <t>133</t>
    </point>
    <point>
      <x>0.28</x>
      <y>0.24666667</y>
      <w>0.34017596</w>
      <t>166</t>
    </point>
    <point>
      <x>0.28333333</x>
      <y>0.24666667</y>
      <w>0.34017596</w>
      <t>166</t>
    </point>
    <point>
      <x>0.285</x>
      <y>0.24666667</y>
      <w>0.34017596</w>
      <t>166</t>
    </point>
    <point>
      <x>0.28833333</x>
      <y>0.24666667</y>
      <w>0.34017596</w>
      <t>167</t>
    </point>
    <point>
      <x>0.29</x>
      <y>0.24666667</y>
      <w>0.34017596</w>
      <t>167</t>
    </point>
    <point>
      <x>0.29333332</x>
      <y>0.24666667</y>
      <w>0.41935483</w>
      <t>200</t>
    </point>
    <point>
      <x>0.295</x>
      <y>0.24833333</y>
      <w>0.41935483</w>
      <t>200</t>
    </point>
    <point>
      <x>0.29833335</x>
      <y>0.24833333</y>
      <w>0.41935483</w>
      <t>200</t>
    </point>
    <point>
      <x>0.30166668</x>
      <y>0.24833333</y>
      <w>0.41935483</w>
      <t>201</t>
    </point>
    <point>
      <x>0.305</x>
      <y>0.25</y>
      <w>0.5043988</w>
      <t>233</t>
    </point>
    <point>
      <x>0.30833334</x>
      <y>0.25</y>
      <w>0.5043988</w>
      <t>233</t>
    </point>
    <point>
      <x>0.31166667</x>
      <y>0.25</y>
      <w>0.5043988</w>
      <t>233</t>
    </point>
    <point>
      <x>0.31333333</x>
      <y>0.25</y>
      <w>0.5043988</w>
      <t>235</t>
    </point>
    <point>
      <x>0.31666666</x>
      <y>0.25166667</y>
      <w>0.5043988</w>
      <t>235</t>
    </point>
    <point>
      <x>0.32</x>
      <y>0.25166667</y>
      <w>0.5464321</w>
      <t>266</t>
    </point>
    <point>
      <x>0.32333332</x>
      <y>0.25166667</y>
      <w>0.5464321</w>
      <t>266</t>
    </point>
    <point>
      <x>0.325</x>
      <y>0.25166667</y>
      <w>0.5464321</w>
      <t>266</t>
    </point>
    <point>
      <x>0.32833335</x>
      <y>0.25333333</y>
      <w>0.5464321</w>
      <t>267</t>
    </point>
    <point>
      <x>0.33166668</x>
      <y>0.25333333</y>
      <w>0.59628546</w>
      <t>299</t>
    </point>
    <point>
      <x>0.335</x>
      <y>0.25333333</y>
      <w>0.59628546</w>
      <t>299</t>
    </point>
    <point>
      <x>0.33666667</x>
      <y>0.255</y>
      <w>0.59628546</w>
      <t>299</t>
    </point>
    <point>
      <x>0.34</x>
      <y>0.255</y>
      <w>0.59628546</w>
      <t>300</t>
    </point>
    <point>
      <x>0.34166667</x>
      <y>0.25666666</y>
      <w>0.6412512</w>
      <t>333</t>
    </point>
    <point>
      <x>0.345</x>
      <y>0.25666666</y>
      <w>0.6412512</w>
      <t>333</t>
    </point>
    <point>
      <x>0.34666666</x>
      <y>0.25833333</y>
      <w>0.6412512</w>
      <t>333</t>
    </point>
    <point>
      <x>0.35</x>
      <y>0.25833333</y>
      <w>0.6412512</w>
      <t>334</t>
    </point>
    <point>
      <x>0.35166666</x>
      <y>0.26</y>
      <w>0.6412512</w>
      <t>334</t>
    </point>
    <point>
      <x>0.35333332</x>
      <y>0.26</y>
      <w>0.66471165</w>
      <t>366</t>
    </point>
    <point>
      <x>0.35666665</x>
      <y>0.26166666</y>
      <w>0.66471165</w>
      <t>366</t>
    </point>
    <point>
      <x>0.35833332</x>
      <y>0.26333332</y>
      <w>0.66471165</w>
      <t>366</t>
    </point>
    <point>
      <x>0.36</x>
      <y>0.26333332</y>
      <w>0.66471165</w>
      <t>367</t>
    </point>
    <point>
      <x>0.36166668</x>
      <y>0.265</y>
      <w>0.68817204</w>
      <t>399</t>
    </point>
    <point>
      <x>0.36333334</x>
      <y>0.265</y>
      <w>0.68817204</w>
      <t>399</t>
    </point>
    <point>
      <x>0.365</x>
      <y>0.26666668</y>
      <w>0.68817204</w>
      <t>399</t>
    </point>
    <point>
      <x>0.36833334</x>
      <y>0.26833335</y>
      <w>0.68817204</w>
      <t>400</t>
    </point>
    <point>
      <x>0.37</x>
      <y>0.27</y>
      <w>0.68817204</w>
      <t>400</t>
    </point>
    <point>
      <x>0.37</x>
      <y>0.27166668</y>
      <w>0.69990224</w>
      <t>433</t>
    </point>
    <point>
      <x>0.37166667</x>
      <y>0.27166668</y>
      <w>0.69990224</w>
      <t>433</t>
    </point>
    <point>
      <x>0.37333333</x>
      <y>0.27333334</y>
      <w>0.69990224</w>
      <t>433</t>
    </point>
    <point>
      <x>0.375</x>
      <y>0.275</y>
      <w>0.69990224</w>
      <t>433</t>
    </point>
    <point>
      <x>0.375</x>
      <y>0.27666667</y>
      <w>0.7096774</w>
      <t>466</t>
    </point>
    <point>
      <x>0.37666667</x>
      <y>0.27833334</y>
      <w>0.7096774</w>
      <t>466</t>
    </point>
    <point>
      <x>0.37833333</x>
      <y>0.28</y>
      <w>0.7096774</w>
      <t>466</t>
    </point>
    <point>
      <x>0.37833333</x>
      <y>0.28166667</y>
      <w>0.7096774</w>
      <t>466</t>
    </point>
    <point>
      <x>0.38</x>
      <y>0.285</y>
      <w>0.7096774</w>
      <t>467</t>
    </point>
    <point>
      <x>0.38166666</x>
      <y>0.28666666</y>
      <w>0.7174975</w>
      <t>499</t>
    </point>
    <point>
      <x>0.38166666</x>
      <y>0.29</y>
      <w>0.7174975</w>
      <t>499</t>
    </point>
    <point>
      <x>0.38333333</x>
      <y>0.29166666</y>
      <w>0.7174975</w>
      <t>499</t>
    </point>
    <point>
      <x>0.38333333</x>
      <y>0.29333332</y>
      <w>0.7174975</w>
      <t>499</t>
    </point>
    <point>
      <x>0.385</x>
      <y>0.29666665</y>
      <w>0.72043014</w>
      <t>533</t>
    </point>
    <point>
      <x>0.385</x>
      <y>0.3</y>
      <w>0.72043014</w>
      <t>533</t>
    </point>
    <point>
      <x>0.385</x>
      <y>0.30166668</y>
      <w>0.72043014</w>
      <t>533</t>
    </point>
    <point>
      <x>0.385</x>
      <y>0.305</y>
      <w>0.72043014</w>
      <t>533</t>
    </point>
    <point>
      <x>0.385</x>
      <y>0.30833334</y>
      <w>0.72043014</w>
      <t>534</t>
    </point>
    <point>
      <x>0.385</x>
      <y>0.31166667</y>
      <w>0.72238517</w>
      <t>566</t>
    </point>
    <point>
      <x>0.385</x>
      <y>0.31666666</y>
      <w>0.72238517</w>
      <t>566</t>
    </point>
    <point>
      <x>0.385</x>
      <y>0.32</y>
      <w>0.72238517</w>
      <t>566</t>
    </point>
    <point>
      <x>0.385</x>
      <y>0.32333332</y>
      <w>0.72238517</w>
      <t>566</t>
    </point>
    <point>
      <x>0.385</x>
      <y>0.32666665</y>
      <w>0.7243402</w>
      <t>600</t>
    </point>
    <point>
      <x>0.385</x>
      <y>0.33166668</y>
      <w>0.7243402</w>
      <t>600</t>
    </point>
    <point>
      <x>0.38333333</x>
      <y>0.33666667</y>
      <w>0.7243402</w>
      <t>600</t>
    </point>
    <point>
      <x>0.38166666</x>
      <y>0.34166667</y>
      <w>0.7243402</w>
      <t>600</t>
    </point>
    <point>
      <x>0.38166666</x>
      <y>0.345</y>
      <w>0.7243402</w>
      <t>601</t>
    </point>
    <point>
      <x>0.38</x>
      <y>0.35</y>
      <w>0.7253177</w>
      <t>633</t>
    </point>
    <point>
      <x>0.37833333</x>
      <y>0.355</y>
      <w>0.7253177</w>
      <t>633</t>
    </point>
    <point>
      <x>0.375</x>
      <y>0.36166668</y>
      <w>0.7253177</w>
      <t>633</t>
    </point>
    <point>
      <x>0.37333333</x>
      <y>0.36666667</y>
      <w>0.7253177</w>
      <t>633</t>
    </point>
    <point>
      <x>0.37166667</x>
      <y>0.37166667</y>
      <w>0.7243402</w>
      <t>666</t>
    </point>
    <point>
      <x>0.36833334</x>
      <y>0.37666667</y>
      <w>0.7243402</w>
      <t>666</t>
    </point>
    <point>
      <x>0.36666667</x>
      <y>0.38333333</y>
      <w>0.7243402</w>
      <t>666</t>
    </point>
    <point>
      <x>0.36333334</x>
      <y>0.38833332</y>
      <w>0.7243402</w>
      <t>666</t>
    </point>
    <point>
      <x>0.36</x>
      <y>0.395</y>
      <w>0.72238517</w>
      <t>700</t>
    </point>
    <point>
      <x>0.35666665</x>
      <y>0.4</y>
      <w>0.72238517</w>
      <t>700</t>
    </point>
    <point>
      <x>0.35333332</x>
      <y>0.40666667</y>
      <w>0.72238517</w>
      <t>700</t>
    </point>
    <point>
      <x>0.35</x>
      <y>0.41333333</y>
      <w>0.72238517</w>
      <t>700</t>
    </point>
    <point>
      <x>0.34666666</x>
      <y>0.41833332</y>
      <w>0.72238517</w>
      <t>701</t>
    </point>
    <point>
      <x>0.34333333</x>
      <y>0.425</y>
      <w>0.72043014</w>
      <t>734</t>
    </point>
    <point>
      <x>0.34</x>
      <y>0.43</y>
      <w>0.72043014</w>
      <t>735</t>
    </point>
    <point>
      <x>0.33666667</x>
      <y>0.43666667</y>
      <w>0.72043014</w>
      <t>735</t>
    </point>
    <point>
      <x>0.33166668</x>
      <y>0.44166666</y>
      <w>0.72043014</w>
      <t>735</t>
    </point>
    <point>
      <x>0.32833335</x>
      <y>0.44833332</y>
      <w>0.66959924</w>
      <t>766</t>
    </point>
    <point>
      <x>0.32333332</x>
      <y>0.45333335</y>
      <w>0.66959924</w>
      <t>766</t>
    </point>
    <point>
      <x>0.32</x>
      <y>0.45833334</y>
      <w>0.66959924</w>
      <t>766</t>
    </point>
    <point>
      <x>0.315</x>
      <y>0.46333334</y>
      <w>0.66959924</w>
      <t>766</t>
    </point>
    <point>
      <x>0.31</x>
      <y>0.46833333</y>
      <w>0.66959924</w>
      <t>767</t>
    </point>
    <point>
      <x>0.305</x>
      <y>0.47166666</y>
      <w>0.63245356</w>
      <t>800</t>
    </point>
    <point>
      <x>0.3</x>
      <y>0.47666666</y>
      <w>0.63245356</w>
      <t>800</t>
    </point>
    <point>
      <x>0.295</x>
      <y>0.48</y>
      <w>0.63245356</w>
      <t>800</t>
    </point>
    <point>
      <x>0.29166666</x>
      <y>0.485</y>
      <w>0.63245356</w>
      <t>800</t>
    </point>
    <point>
      <x>0.28666666</x>
      <y>0.48833334</y>
      <w>0.59628546</w>
      <t>833</t>
    </point>
    <point>
      <x>0.28166667</x>
      <y>0.49</y>
      <w>0.59628546</w>
      <t>833</t>
    </point>
    <point>
      <x>0.27833334</x>
      <y>0.49333334</y>
      <w>0.59628546</w>
      <t>833</t>
    </point>
    <point>
      <x>0.27166668</x>
      <y>0.49666667</y>
      <w>0.59628546</w>
      <t>833</t>
    </point>
    <point>
      <x>0.26666668</x>
      <y>0.5</y>
      <w>0.59628546</w>
      <t>834</t>
    </point>
    <point>
      <x>0.26166666</x>
      <y>0.50166667</y>
      <w>0.4740958</w>
      <t>866</t>
    </point>
    <point>
      <x>0.25833333</x>
      <y>0.505</y>
      <w>0.4740958</w>
      <t>866</t>
    </point>
    <point>
      <x>0.25333333</x>
      <y>0.50666666</y>
      <w>0.4740958</w>
      <t>866</t>
    </point>
    <point>
      <x>0.25166667</x>
      <y>0.50666666</y>
      <w>0.4740958</w>
      <t>866</t>
    </point>
    <point>
      <x>0.24833333</x>
      <y>0.50666666</y>
      <w>0.4125122</w>
      <t>900</t>
    </point>
    <point>
      <x>0.24666667</x>
      <y>0.50666666</y>
      <w>0.4125122</w>
      <t>900</t>
    </point>
    <point>
      <x>0.245</x>
      <y>0.505</y>
      <w>0.4125122</w>
      <t>900</t>
    </point>
    <point>
      <x>0.24333334</x>
      <y>0.50333333</y>
      <w>0.35288367</w>
      <t>933</t>
    </point>
    <point>
      <x>0.24333334</x>
      <y>0.5</y>
      <w>0.35288367</w>
      <t>933</t>
    </point>
    <point>
      <x>0.24166666</x>
      <y>0.49833333</y>
      <w>0.35288367</w>
      <t>933</t>
    </point>
    <point>
      <x>0.24166666</x>
      <y>0.495</y>
      <w>0.35288367</w>
      <t>933</t>
    </point>
    <point>
      <x>0.24</x>
      <y>0.49166667</y>
      <w>0.35288367</w>
      <t>933</t>
    </point>
    <point>
      <x>0.24</x>
      <y>0.48833334</y>
      <w>0.33235583</w>
      <t>966</t>
    </point>
    <point>
      <x>0.24</x>
      <y>0.485</y>
      <w>0.33235583</w>
      <t>966</t>
    </point>
    <point>
      <x>0.24</x>
      <y>0.48166665</y>
      <w>0.33235583</w>
      <t>966</t>
    </point>
    <point>
      <x>0.24</x>
      <y>0.47833332</y>
      <w>0.33235583</w>
      <t>966</t>
    </point>
    <point>
      <x>0.24</x>
      <y>0.475</y>
      <w>0.33822092</w>
      <t>1000</t>
    </point>
    <point>
      <x>0.24166666</x>
      <y>0.47166666</y>
      <w>0.33822092</w>
      <t>1002</t>
    </point>
    <point>
      <x>0.24166666</x>
      <y>0.46833333</y>
      <w>0.33822092</w>
      <t>1002</t>
    </point>
    <point>
      <x>0.24333334</x>
      <y>0.465</y>
      <w>0.33822092</w>
      <t>1002</t>
    </point>
    <point>
      <x>0.245</x>
      <y>0.46166667</y>
      <w>0.33822092</w>
      <t>1002</t>
    </point>
    <point>
      <x>0.24666667</x>
      <y>0.46</y>
      <w>0.3548387</w>
      <t>1033</t>
    </point>
    <point>
      <x>0.24833333</x>
      <y>0.45666668</y>
      <w>0.3548387</w>
      <t>1033</t>
    </point>
    <point>
      <x>0.25166667</x>
      <y>0.45333335</y>
      <w>0.3548387</w>
      <t>1033</t>
    </point>
    <point>
      <x>0.25333333</x>
      <y>0.44833332</y>
      <w>0.3548387</w>
      <t>1034</t>
    </point>
    <point>
      <x>0.25666666</x>
      <y>0.445</y>
      <w>0.3841642</w>
      <t>1066</t>
    </point>
    <point>
      <x>0.26</x>
      <y>0.44166666</y>
      <w>0.3841642</w>
      <t>1066</t>
    </point>
    <point>
      <x>0.26333332</x>
      <y>0.43833333</y>
      <w>0.3841642</w>
      <t>1066</t>
    </point>
    <point>
      <x>0.26666668</x>
      <y>0.435</y>
      <w>0.3841642</w>
      <t>1066</t>
    </point>
    <point>
      <x>0.27</x>
      <y>0.43333334</y>
      <w>0.3841642</w>
      <t>1067</t>
    </point>
    <point>
      <x>0.27333334</x>
      <y>0.43</y>
      <w>0.4281525</w>
      <t>1099</t>
    </point>
    <point>
      <x>0.275</x>
      <y>0.42833334</y>
      <w>0.4281525</w>
      <t>1099</t>
    </point>
    <point>
      <x>0.27833334</x>
      <y>0.42666668</y>
      <w>0.4281525</w>
      <t>1099</t>
    </point>
    <point>
      <x>0.28166667</x>
      <y>0.425</y>
      <w>0.4281525</w>
      <t>1099</t>
    </point>
    <point>
      <x>0.28333333</x>
      <y>0.42333335</y>
      <w>0.5356794</w>
      <t>1133</t>
    </point>
    <point>
      <x>0.28666666</x>
      <y>0.42166665</y>
      <w>0.5356794</w>
      <t>1133</t>
    </point>
    <point>
      <x>0.29</x>
      <y>0.42</y>
      <w>0.5356794</w>
      <t>1133</t>
    </point>
    <point>
      <x>0.29166666</x>
      <y>0.41833332</y>
      <w>0.5356794</w>
      <t>1133</t>
    </point>
    <point>
      <x>0.29333332</x>
      <y>0.41833332</y>
      <w>0.5356794</w>
      <t>1133</t>
    </point>
    <point>
      <x>0.29666665</x>
      <y>0.41666666</y>
      <w>0.58162266</w>
      <t>1167</t>
    </point>
    <point>
      <x>0.29833335</x>
      <y>0.41666666</y>
      <w>0.58162266</w>
      <t>1167</t>
    </point>
    <point>
      <x>0.3</x>
      <y>0.41666666</y>
      <w>0.58162266</w>
      <t>1167</t>
    </point>
    <point>
      <x>0.30166668</x>
      <y>0.41666666</y>
      <w>0.58162266</w>
      <t>1167</t>
    </point>
    <point>
      <x>0.30333334</x>
      <y>0.415</y>
      <w>0.6177908</w>
      <t>1200</t>
    </point>
    <point>
      <x>0.305</x>
      <y>0.415</y>
      <w>0.6177908</w>
      <t>1200</t>
    </point>
    <point>
      <x>0.30666667</x>
      <y>0.415</y>
      <w>0.6177908</w>
      <t>1200</t>
    </point>
    <point>
      <x>0.30833334</x>
      <y>0.415</y>
      <w>0.6529814</w>
      <t>1233</t>
    </point>
    <point>
      <x>0.31</x>
      <y>0.415</y>
      <w>0.6529814</w>
      <t>1233</t>
    </point>
    <point>
      <x>0.31166667</x>
      <y>0.41666666</y>
      <w>0.6529814</w>
      <t>1233</t>
    </point>
    <point>
      <x>0.31333333</x>
      <y>0.41833332</y>
      <w>0.6529814</w>
      <t>1233</t>
    </point>
    <point>
      <x>0.31333333</x>
      <y>0.42</y>
      <w>0.71163243</w>
      <t>1267</t>
    </point>
    <point>
      <x>0.315</x>
      <y>0.42166665</y>
      <w>0.71163243</w>
      <t>1267</t>
    </point>
    <point>
      <x>0.31666666</x>
      <y>0.42333335</y>
      <w>0.71163243</w>
      <t>1267</t>
    </point>
    <point>
      <x>0.31666666</x>
      <y>0.425</y>
      <w>0.71163243</w>
      <t>1267</t>
    </point>
    <point>
      <x>0.31833333</x>
      <y>0.42666668</y>
      <w>0.7487781</w>
      <t>1300</t>
    </point>
    <point>
      <x>0.32</x>
      <y>0.42833334</y>
      <w>0.7487781</w>
      <t>1300</t>
    </point>
    <point>
      <x>0.32</x>
      <y>0.43166667</y>
      <w>0.7487781</w>
      <t>1300</t>
    </point>
    <point>
      <x>0.32166666</x>
      <y>0.43333334</y>
      <w>0.7487781</w>
      <t>1300</t>
    </point>
    <point>
      <x>0.32166666</x>
      <y>0.43666667</y>
      <w>0.7487781</w>
      <t>1300</t>
    </point>
    <point>
      <x>0.32166666</x>
      <y>0.44</y>
      <w>0.7790811</w>
      <t>1333</t>
    </point>
    <point>
      <x>0.32166666</x>
      <y>0.44333333</y>
      <w>0.7790811</w>
      <t>1333</t>
    </point>
    <point>
      <x>0.32333332</x>
      <y>0.44666666</y>
      <w>0.7790811</w>
      <t>1333</t>
    </point>
    <point>
      <x>0.32333332</x>
      <y>0.45</y>
      <w>0.7790811</w>
      <t>1333</t>
    </point>
    <point>
      <x>0.32333332</x>
      <y>0.45333335</y>
      <w>0.8103617</w>
      <t>1366</t>
    </point>
    <point>
      <x>0.32333332</x>
      <y>0.45666668</y>
      <w>0.8103617</w>
      <t>1366</t>
    </point>
    <point>
      <x>0.32333332</x>
      <y>0.46166667</y>
      <w>0.8103617</w>
      <t>1366</t>
    </point>
    <point>
      <x>0.32333332</x>
      <y>0.465</y>
      <w>0.8103617</w>
      <t>1366</t>
    </point>
    <point>
      <x>0.32333332</x>
      <y>0.47</y>
      <w>0.8103617</w>
      <t>1366</t>
    </point>
    <point>
      <x>0.32333332</x>
      <y>0.475</y>
      <w>0.8338221</w>
      <t>1400</t>
    </point>
    <point>
      <x>0.32333332</x>
      <y>0.48</y>
      <w>0.8338221</w>
      <t>1400</t>
    </point>
    <point>
      <x>0.32166666</x>
      <y>0.485</y>
      <w>0.8338221</w>
      <t>1400</t>
    </point>
    <point>
      <x>0.32166666</x>
      <y>0.48833334</y>
      <w>0.8338221</w>
      <t>1400</t>
    </point>
    <point>
      <x>0.32166666</x>
      <y>0.49333334</y>
      <w>0.8504399</w>
      <t>1433</t>
    </point>
    <point>
      <x>0.32166666</x>
      <y>0.49833333</y>
      <w>0.8504399</w>
      <t>1433</t>
    </point>
    <point>
      <x>0.32166666</x>
      <y>0.50333333</y>
      <w>0.8504399</w>
      <t>1433</t>
    </point>
    <point>
      <x>0.32</x>
      <y>0.51</y>
      <w>0.8504399</w>
      <t>1433</t>
    </point>
    <point>
      <x>0.32</x>
      <y>0.515</y>
      <w>0.8504399</w>
      <t>1433</t>
    </point>
    <point>
      <x>0.32</x>
      <y>0.52</y>
      <w>0.8572825</w>
      <t>1466</t>
    </point>
    <point>
      <x>0.32</x>
      <y>0.52666664</y>
      <w>0.8572825</w>
      <t>1466</t>
    </point>
    <point>
      <x>0.32</x>
      <y>0.5316667</y>
      <w>0.8572825</w>
      <t>1466</t>
    </point>
    <point>
      <x>0.32</x>
      <y>0.5366667</y>
      <w>0.8572825</w>
      <t>1466</t>
    </point>
    <point>
      <x>0.31833333</x>
      <y>0.54333335</y>
      <w>0.86021507</w>
      <t>1500</t>
    </point>
    <point>
      <x>0.31833333</x>
      <y>0.55</y>
      <w>0.86021507</w>
      <t>1500</t>
    </point>
    <point>
      <x>0.31833333</x>
      <y>0.555</y>
      <w>0.86021507</w>
      <t>1500</t>
    </point>
    <point>
      <x>0.31833333</x>
      <y>0.56166667</y>
      <w>0.86021507</w>
      <t>1500</t>
    </point>
    <point>
      <x>0.31833333</x>
      <y>0.5683333</y>
      <w>0.8611926</w>
      <t>1533</t>
    </point>
    <point>
      <x>0.31833333</x>
      <y>0.575</y>
      <w>0.8611926</w>
      <t>1533</t>
    </point>
    <point>
      <x>0.31666666</x>
      <y>0.58166665</y>
      <w>0.8611926</w>
      <t>1533</t>
    </point>
    <point>
      <x>0.31666666</x>
      <y>0.5883333</y>
      <w>0.8611926</w>
      <t>1533</t>
    </point>
    <point>
      <x>0.31666666</x>
      <y>0.595</y>
      <w>0.8611926</w>
      <t>1533</t>
    </point>
    <point>
      <x>0.31666666</x>
      <y>0.6</y>
      <w>0.8611926</w>
      <t>1566</t>
    </point>
    <point>
      <x>0.31666666</x>
      <y>0.6066667</y>
      <w>0.8611926</w>
      <t>1566</t>
    </point>
    <point>
      <x>0.315</x>
      <y>0.6116667</y>
      <w>0.8611926</w>
      <t>1566</t>
    </point>
    <point>
      <x>0.315</x>
      <y>0.6166667</y>
      <w>0.8611926</w>
      <t>1566</t>
    </point>
    <point>
      <x>0.315</x>
      <y>0.62</y>
      <w>0.86021507</w>
      <t>1600</t>
    </point>
    <point>
      <x>0.315</x>
      <y>0.625</y>
      <w>0.86021507</w>
      <t>1600</t>
    </point>
    <point>
      <x>0.315</x>
      <y>0.63</y>
      <w>0.86021507</w>
      <t>1600</t>
    </point>
    <point>
      <x>0.315</x>
      <y>0.6333333</y>
      <w>0.86021507</w>
      <t>1600</t>
    </point>
    <point>
      <x>0.315</x>
      <y>0.63666666</y>
      <w>0.86021507</w>
      <t>1600</t>
    </point>
    <point>
      <x>0.315</x>
      <y>0.64</y>
      <w>0.8504399</w>
      <t>1633</t>
    </point>
    <point>
      <x>0.315</x>
      <y>0.6433333</y>
      <w>0.8504399</w>
      <t>1633</t>
    </point>
    <point>
      <x>0.315</x>
      <y>0.64666665</y>
      <w>0.8504399</w>
      <t>1633</t>
    </point>
    <point>
      <x>0.315</x>
      <y>0.6483333</y>
      <w>0.8504399</w>
      <t>1633</t>
    </point>
    <point>
      <x>0.315</x>
      <y>0.65</y>
      <w>0.8064516</w>
      <t>1667</t>
    </point>
    <point>
      <x>0.315</x>
      <y>0.65166664</y>
      <w>0.8064516</w>
      <t>1667</t>
    </point>
    <point>
      <x>0.315</x>
      <y>0.6533333</y>
      <w>0.8064516</w>
      <t>1667</t>
    </point>
    <point>
      <x>0.31666666</x>
      <y>0.6533333</y>
      <w>0.7595308</w>
      <t>1700</t>
    </point>
    <point>
      <x>0.31833333</x>
      <y>0.6533333</y>
      <w>0.72238517</w>
      <t>1733</t>
    </point>
    <point>
      <x>0.32</x>
      <y>0.6533333</y>
      <w>0.72238517</w>
      <t>1733</t>
    </point>
    <point>
      <x>0.32166666</x>
      <y>0.6533333</y>
      <w>0.72238517</w>
      <t>1733</t>
    </point>
    <point>
      <x>0.32333332</x>
      <y>0.6533333</y>
      <w>0.6979472</w>
      <t>1766</t>
    </point>
    <point>
      <x>0.325</x>
      <y>0.65166664</y>
      <w>0.6979472</w>
      <t>1766</t>
    </point>
    <point>
      <x>0.32666665</x>
      <y>0.65</y>
      <w>0.6979472</w>
      <t>1766</t>
    </point>
    <point>
      <x>0.33</x>
      <y>0.6483333</y>
      <w>0.6979472</w>
      <t>1766</t>
    </point>
    <point>
      <x>0.33166668</x>
      <y>0.645</y>
      <w>0.65493643</w>
      <t>1800</t>
    </point>
    <point>
      <x>0.33333334</x>
      <y>0.6433333</y>
      <w>0.65493643</w>
      <t>1800</t>
    </point>
    <point>
      <x>0.335</x>
      <y>0.64</y>
      <w>0.65493643</w>
      <t>1800</t>
    </point>
    <point>
      <x>0.33666667</x>
      <y>0.6383333</y>
      <w>0.65493643</w>
      <t>1800</t>
    </point>
    <point>
      <x>0.33833334</x>
      <y>0.635</y>
      <w>0.58651024</w>
      <t>1833</t>
    </point>
    <point>
      <x>0.34</x>
      <y>0.6333333</y>
      <w>0.58651024</w>
      <t>1833</t>
    </point>
    <point>
      <x>0.34166667</x>
      <y>0.63</y>
      <w>0.58651024</w>
      <t>1833</t>
    </point>
    <point>
      <x>0.34333333</x>
      <y>0.62666667</y>
      <w>0.58651024</w>
      <t>1833</t>
    </point>
    <point>
      <x>0.345</x>
      <y>0.625</y>
      <w>0.58651024</w>
      <t>1833</t>
    </point>
    <point>
      <x>0.34666666</x>
      <y>0.62166667</y>
      <w>0.54447705</w>
      <t>1866</t>
    </point>
    <point>
      <x>0.34833333</x>
      <y>0.61833334</y>
      <w>0.54447705</w>
      <t>1866</t>
    </point>
    <point>
      <x>0.35</x>
      <y>0.61333334</y>
      <w>0.54447705</w>
      <t>1866</t>
    </point>
    <point>
      <x>0.35166666</x>
      <y>0.61</y>
      <w>0.54447705</w>
      <t>1866</t>
    </point>
    <point>
      <x>0.35333332</x>
      <y>0.6066667</y>
      <w>0.46432063</w>
      <t>1900</t>
    </point>
    <point>
      <x>0.355</x>
      <y>0.60333335</y>
      <w>0.46432063</w>
      <t>1900</t>
    </point>
    <point>
      <x>0.35666665</x>
      <y>0.6</y>
      <w>0.46432063</w>
      <t>1900</t>
    </point>
    <point>
      <x>0.35833332</x>
      <y>0.5966667</y>
      <w>0.46432063</w>
      <t>1900</t>
    </point>
    <point>
      <x>0.36166668</x>
      <y>0.5933333</y>
      <w>0.46432063</w>
      <t>1900</t>
    </point>
    <point>
      <x>0.36333334</x>
      <y>0.59</y>
      <w>0.4633431</w>
      <t>1933</t>
    </point>
    <point>
      <x>0.365</x>
      <y>0.58666664</y>
      <w>0.4633431</w>
      <t>1933</t>
    </point>
    <point>
      <x>0.36666667</x>
      <y>0.5833333</y>
      <w>0.4633431</w>
      <t>1933</t>
    </point>
    <point>
      <x>0.36833334</x>
      <y>0.5783333</y>
      <w>0.4633431</w>
      <t>1933</t>
    </point>
    <point>
      <x>0.37</x>
      <y>0.5733333</y>
      <w>0.45552298</w>
      <t>1967</t>
    </point>
    <point>
      <x>0.37166667</x>
      <y>0.57</y>
      <w>0.45552298</w>
      <t>1967</t>
    </point>
    <point>
      <x>0.375</x>
      <y>0.565</y>
      <w>0.45552298</w>
      <t>1967</t>
    </point>
    <point>
      <x>0.37666667</x>
      <y>0.56</y>
      <w>0.45552298</w>
      <t>1967</t>
    </point>
    <point>
      <x>0.38</x>
      <y>0.5566667</y>
      <w>0.45552298</w>
      <t>1967</t>
    </point>
    <point>
      <x>0.38166666</x>
      <y>0.5516667</y>
      <w>0.38709676</w>
      <t>2000</t>
    </point>
    <point>
      <x>0.38333333</x>
      <y>0.5466667</y>
      <w>0.38709676</w>
      <t>2000</t>
    </point>
    <point>
      <x>0.385</x>
      <y>0.5416667</y>
      <w>0.38709676</w>
      <t>2000</t>
    </point>
    <point>
      <x>0.38833332</x>
      <y>0.5366667</y>
      <w>0.38709676</w>
      <t>2000</t>
    </point>
    <point>
      <x>0.39</x>
      <y>0.5316667</y>
      <w>0.31867057</w>
      <t>2033</t>
    </point>
    <point>
      <x>0.39166668</x>
      <y>0.5283333</y>
      <w>0.31867057</w>
      <t>2033</t>
    </point>
    <point>
      <x>0.395</x>
      <y>0.52166665</y>
      <w>0.31867057</w>
      <t>2033</t>
    </point>
    <point>
      <x>0.39833334</x>
      <y>0.51666665</y>
      <w>0.31867057</w>
      <t>2033</t>
    </point>
    <point>
      <x>0.4</x>
      <y>0.51166666</y>
      <w>0.31867057</w>
      <t>2033</t>
    </point>
    <point>
      <x>0.40333334</x>
      <y>0.50666666</y>
      <w>0.24340177</w>
      <t>2066</t>
    </point>
    <point>
      <x>0.40666667</x>
      <y>0.5</y>
      <w>0.24340177</w>
      <t>2066</t>
    </point>
    <point>
      <x>0.41</x>
      <y>0.495</y>
      <w>0.24340177</w>
      <t>2066</t>
    </point>
    <point>
      <x>0.41333333</x>
      <y>0.49</y>
      <w>0.24340177</w>
      <t>2066</t>
    </point>
    <point>
      <x>0.41666666</x>
      <y>0.485</y>
      <w>0.20039101</w>
      <t>2100</t>
    </point>
    <point>
      <x>0.42</x>
      <y>0.48</y>
      <w>0.20039101</w>
      <t>2100</t>
    </point>
    <point>
      <x>0.42333335</x>
      <y>0.475</y>
      <w>0.20039101</w>
      <t>2100</t>
    </point>
    <point>
      <x>0.42666668</x>
      <y>0.47166666</y>
      <w>0.20039101</w>
      <t>2100</t>
    </point>
  </stroke>
  <stroke time="3400">
    <point>
      <x>0.48833334</x>
      <y>0.28833333</y>
      <w>0.0</w>
      <t>3400</t>
    </point>
    <point>
      <x>0.48833334</x>
      <y>0.29</y>
      <w>0.13978495</w>
      <t>3433</t>
    </point>
    <point>
      <x>0.49</x>
      <y>0.29166666</y>
      <w>0.13978495</w>
      <t>3433</t>
    </point>
    <point>
      <x>0.49166667</x>
      <y>0.29333332</y>
      <w>0.13978495</w>
      <t>3433</t>
    </point>
    <point>
      <x>0.49333334</x>
      <y>0.29333332</y>
      <w>0.13978495</w>
      <t>3433</t>
    </point>
    <point>
      <x>0.495</x>
      <y>0.295</y>
      <w>0.23655914</w>
      <t>3467</t>
    </point>
    <point>
      <x>0.49666667</x>
      <y>0.29666665</y>
      <w>0.23655914</w>
      <t>3467</t>
    </point>
    <point>
      <x>0.49833333</x>
      <y>0.29833335</y>
      <w>0.23655914</w>
      <t>3467</t>
    </point>
    <point>
      <x>0.49833333</x>
      <y>0.3</y>
      <w>0.23655914</w>
      <t>3467</t>
    </point>
    <point>
      <x>0.5</x>
      <y>0.3</y>
      <w>0.31867057</w>
      <t>3500</t>
    </point>
    <point>
      <x>0.5</x>
      <y>0.30166668</y>
      <w>0.31867057</w>
      <t>3500</t>
    </point>
    <point>
      <x>0.50166667</x>
      <y>0.305</y>
      <w>0.31867057</w>
      <t>3500</t>
    </point>
    <point>
      <x>0.50166667</x>
      <y>0.30666667</y>
      <w>0.31867057</w>
      <t>3500</t>
    </point>
    <point>
      <x>0.50333333</x>
      <y>0.31</y>
      <w>0.48875856</w>
      <t>3534</t>
    </point>
    <point>
      <x>0.50333333</x>
      <y>0.31166667</y>
      <w>0.48875856</w>
      <t>3534</t>
    </point>
    <point>
      <x>0.50333333</x>
      <y>0.31333333</y>
      <w>0.48875856</w>
      <t>3534</t>
    </point>
    <point>
      <x>0.50333333</x>
      <y>0.31666666</y>
      <w>0.48875856</w>
      <t>3534</t>
    </point>
    <point>
      <x>0.505</x>
      <y>0.31833333</y>
      <w>0.48875856</w>
      <t>3534</t>
    </point>
    <point>
      <x>0.505</x>
      <y>0.32</y>
      <w>0.5542522</w>
      <t>3567</t>
    </point>
    <point>
      <x>0.505</x>
      <y>0.32166666</y>
      <w>0.5542522</w>
      <t>3567</t>
    </point>
    <point>
      <x>0.505</x>
      <y>0.32333332</y>
      <w>0.5542522</w>
      <t>3567</t>
    </point>
    <point>
      <x>0.505</x>
      <y>0.32666665</y>
      <w>0.5542522</w>
      <t>3567</t>
    </point>
    <point>
      <x>0.505</x>
      <y>0.32833335</y>
      <w>0.60703814</w>
      <t>3600</t>
    </point>
    <point>
      <x>0.50666666</x>
      <y>0.33166668</y>
      <w>0.60703814</w>
      <t>3600</t>
    </point>
    <point>
      <x>0.50666666</x>
      <y>0.33333334</y>
      <w>0.60703814</w>
      <t>3600</t>
    </point>
    <point>
      <x>0.50666666</x>
      <y>0.33666667</y>
      <w>0.60703814</w>
      <t>3600</t>
    </point>
    <point>
      <x>0.50666666</x>
      <y>0.34</y>
      <w>0.60703814</w>
      <t>3600</t>
    </point>
    <point>
      <x>0.50666666</x>
      <y>0.34166667</y>
      <w>0.65004885</w>
      <t>3633</t>
    </point>
    <point>
      <x>0.50666666</x>
      <y>0.345</y>
      <w>0.65004885</w>
      <t>3633</t>
    </point>
    <point>
      <x>0.50666666</x>
      <y>0.34833333</y>
      <w>0.65004885</w>
      <t>3633</t>
    </point>
    <point>
      <x>0.50666666</x>
      <y>0.35166666</y>
      <w>0.65004885</w>
      <t>3633</t>
    </point>
    <point>
      <x>0.50666666</x>
      <y>0.35333332</y>
      <w>0.6783969</w>
      <t>3667</t>
    </point>
    <point>
      <x>0.50666666</x>
      <y>0.35666665</y>
      <w>0.6783969</w>
      <t>3667</t>
    </point>
    <point>
      <x>0.50666666</x>
      <y>0.35833332</y>
      <w>0.6783969</w>
      <t>3667</t>
    </point>
    <point>
      <x>0.50666666</x>
      <y>0.36166668</y>
      <w>0.6783969</w>
      <t>3667</t>
    </point>
    <point>
      <x>0.50666666</x>
      <y>0.36333334</y>
      <w>0.686217</w>
      <t>3700</t>
    </point>
    <point>
      <x>0.50666666</x>
      <y>0.365</y>
      <w>0.686217</w>
      <t>3700</t>
    </point>
    <point>
      <x>0.5083333</x>
      <y>0.36666667</y>
      <w>0.686217</w>
      <t>3700</t>
    </point>
    <point>
      <x>0.51</x>
      <y>0.36666667</y>
      <w>0.6871945</w>
      <t>3767</t>
    </point>
    <point>
      <x>0.51</x>
      <y>0.36833334</y>
      <w>0.6871945</w>
      <t>3767</t>
    </point>
    <point>
      <x>0.51166666</x>
      <y>0.36833334</y>
      <w>0.6871945</w>
      <t>3767</t>
    </point>
    <point>
      <x>0.5133333</x>
      <y>0.36833334</y>
      <w>0.6871945</w>
      <t>3767</t>
    </point>
    <point>
      <x>0.515</x>
      <y>0.36833334</y>
      <w>0.686217</w>
      <t>3800</t>
    </point>
    <point>
      <x>0.51666665</x>
      <y>0.36833334</y>
      <w>0.686217</w>
      <t>3800</t>
    </point>
    <point>
      <x>0.5183333</x>
      <y>0.36833334</y>
      <w>0.686217</w>
      <t>3800</t>
    </point>
    <point>
      <x>0.52</x>
      <y>0.36833334</y>
      <w>0.686217</w>
      <t>3800</t>
    </point>
    <point>
      <x>0.52166665</x>
      <y>0.36833334</y>
      <w>0.6871945</w>
      <t>3833</t>
    </point>
    <point>
      <x>0.5233333</x>
      <y>0.36833334</y>
      <w>0.6871945</w>
      <t>3833</t>
    </point>
    <point>
      <x>0.525</x>
      <y>0.36833334</y>
      <w>0.6871945</w>
      <t>3833</t>
    </point>
    <point>
      <x>0.52666664</x>
      <y>0.36833334</y>
      <w>0.6871945</w>
      <t>3833</t>
    </point>
    <point>
      <x>0.5283333</x>
      <y>0.36833334</y>
      <w>0.6871945</w>
      <t>3833</t>
    </point>
    <point>
      <x>0.53</x>
      <y>0.36833334</y>
      <w>0.6871945</w>
      <t>3867</t>
    </point>
    <point>
      <x>0.53333336</x>
      <y>0.36833334</y>
      <w>0.6871945</w>
      <t>3867</t>
    </point>
    <point>
      <x>0.535</x>
      <y>0.36833334</y>
      <w>0.6871945</w>
      <t>3867</t>
    </point>
    <point>
      <x>0.53833336</x>
      <y>0.36666667</y>
      <w>0.6871945</w>
      <t>3867</t>
    </point>
    <point>
      <x>0.54</x>
      <y>0.365</y>
      <w>0.68817204</w>
      <t>3900</t>
    </point>
    <point>
      <x>0.54333335</x>
      <y>0.365</y>
      <w>0.68817204</w>
      <t>3900</t>
    </point>
    <point>
      <x>0.5466667</x>
      <y>0.36333334</y>
      <w>0.68817204</w>
      <t>3900</t>
    </point>
    <point>
      <x>0.54833335</x>
      <y>0.36166668</y>
      <w>0.68817204</w>
      <t>3900</t>
    </point>
    <point>
      <x>0.5516667</x>
      <y>0.36</y>
      <w>0.68817204</w>
      <t>3900</t>
    </point>
    <point>
      <x>0.555</x>
      <y>0.35833332</y>
      <w>0.6783969</w>
      <t>3933</t>
    </point>
    <point>
      <x>0.55833334</x>
      <y>0.35666665</y>
      <w>0.6783969</w>
      <t>3933</t>
    </point>
    <point>
      <x>0.56166667</x>
      <y>0.355</y>
      <w>0.6783969</w>
      <t>3933</t>
    </point>
    <point>
      <x>0.56666666</x>
      <y>0.35333332</y>
      <w>0.6783969</w>
      <t>3933</t>
    </point>
    <point>
      <x>0.57</x>
      <y>0.35166666</y>
      <w>0.6529814</w>
      <t>3967</t>
    </point>
    <point>
      <x>0.5733333</x>
      <y>0.34833333</y>
      <w>0.6529814</w>
      <t>3967</t>
    </point>
    <point>
      <x>0.5783333</x>
      <y>0.34666666</y>
      <w>0.6529814</w>
      <t>3967</t>
    </point>
    <point>
      <x>0.58166665</x>
      <y>0.34333333</y>
      <w>0.6529814</w>
      <t>3967</t>
    </point>
    <point>
      <x>0.58666664</x>
      <y>0.34</y>
      <w>0.6363636</w>
      <t>4000</t>
    </point>
    <point>
      <x>0.59166664</x>
      <y>0.33666667</y>
      <w>0.6363636</w>
      <t>4000</t>
    </point>
    <point>
      <x>0.5966667</x>
      <y>0.33333334</y>
      <w>0.6363636</w>
      <t>4000</t>
    </point>
    <point>
      <x>0.6016667</x>
      <y>0.33</y>
      <w>0.6363636</w>
      <t>4000</t>
    </point>
    <point>
      <x>0.6066667</x>
      <y>0.32666665</y>
      <w>0.6363636</w>
      <t>4000</t>
    </point>
    <point>
      <x>0.6116667</x>
      <y>0.32333332</y>
      <w>0.6050831</w>
      <t>4033</t>
    </point>
    <point>
      <x>0.6166667</x>
      <y>0.32</y>
      <w>0.6050831</w>
      <t>4033</t>
    </point>
    <point>
      <x>0.62333333</x>
      <y>0.31666666</y>
      <w>0.6050831</w>
      <t>4033</t>
    </point>
    <point>
      <x>0.62833333</x>
      <y>0.31333333</y>
      <w>0.6050831</w>
      <t>4033</t>
    </point>
    <point>
      <x>0.63166666</x>
      <y>0.31</y>
      <w>0.5483871</w>
      <t>4067</t>
    </point>
    <point>
      <x>0.63666666</x>
      <y>0.30666667</y>
      <w>0.5483871</w>
      <t>4067</t>
    </point>
    <point>
      <x>0.64166665</x>
      <y>0.30333334</y>
      <w>0.5483871</w>
      <t>4067</t>
    </point>
    <point>
      <x>0.645</x>
      <y>0.3</y>
      <w>0.5483871</w>
      <t>4067</t>
    </point>
    <point>
      <x>0.65</x>
      <y>0.29666665</y>
      <w>0.5483871</w>
      <t>4067</t>
    </point>
    <point>
      <x>0.6533333</x>
      <y>0.29166666</y>
      <w>0.49266863</w>
      <t>4100</t>
    </point>
    <point>
      <x>0.6566667</x>
      <y>0.29</y>
      <w>0.49266863</w>
      <t>4100</t>
    </point>
    <point>
      <x>0.66</x>
      <y>0.28666666</y>
      <w>0.49266863</w>
      <t>4100</t>
    </point>
    <point>
      <x>0.66333336</x>
      <y>0.28333333</y>
      <w>0.49266863</w>
      <t>4100</t>
    </point>
    <point>
      <x>0.6666667</x>
      <y>0.28166667</y>
      <w>0.4809384</w>
      <t>4133</t>
    </point>
    <point>
      <x>0.66833335</x>
      <y>0.27833334</y>
      <w>0.4809384</w>
      <t>4133</t>
    </point>
    <point>
      <x>0.67</x>
      <y>0.27666667</y>
      <w>0.4809384</w>
      <t>4133</t>
    </point>
    <point>
      <x>0.67333335</x>
      <y>0.275</y>
      <w>0.4809384</w>
      <t>4133</t>
    </point>
    <point>
      <x>0.675</x>
      <y>0.27333334</y>
      <w>0.4809384</w>
      <t>4133</t>
    </point>
    <point>
      <x>0.675</x>
      <y>0.27166668</y>
      <w>0.4799609</w>
      <t>4167</t>
    </point>
    <point>
      <x>0.6766667</x>
      <y>0.26833335</y>
      <w>0.4799609</w>
      <t>4167</t>
    </point>
    <point>
      <x>0.67833334</x>
      <y>0.26666668</y>
      <w>0.4799609</w>
      <t>4167</t>
    </point>
    <point>
      <x>0.67833334</x>
      <y>0.265</y>
      <w>0.4682307</w>
      <t>4200</t>
    </point>
    <point>
      <x>0.67833334</x>
      <y>0.26333332</y>
      <w>0.4682307</w>
      <t>4200</t>
    </point>
    <point>
      <x>0.67833334</x>
      <y>0.26166666</y>
      <w>0.4682307</w>
      <t>4200</t>
    </point>
    <point>
      <x>0.67833334</x>
      <y>0.26</y>
      <w>0.4692082</w>
      <t>4234</t>
    </point>
    <point>
      <x>0.67833334</x>
      <y>0.25833333</y>
      <w>0.4692082</w>
      <t>4234</t>
    </point>
    <point>
      <x>0.67833334</x>
      <y>0.25666666</y>
      <w>0.4692082</w>
      <t>4234</t>
    </point>
    <point>
      <x>0.67833334</x>
      <y>0.255</y>
      <w>0.4692082</w>
      <t>4234</t>
    </point>
    <point>
      <x>0.67833334</x>
      <y>0.25333333</y>
      <w>0.46627566</w>
      <t>4267</t>
    </point>
    <point>
      <x>0.67833334</x>
      <y>0.25166667</y>
      <w>0.46627566</w>
      <t>4267</t>
    </point>
    <point>
      <x>0.6766667</x>
      <y>0.25</y>
      <w>0.46627566</w>
      <t>4267</t>
    </point>
    <point>
      <x>0.6766667</x>
      <y>0.24833333</y>
      <w>0.46627566</w>
      <t>4267</t>
    </point>
    <point>
      <x>0.675</x>
      <y>0.24666667</y>
      <w>0.45943305</w>
      <t>4300</t>
    </point>
    <point>
      <x>0.67333335</x>
      <y>0.245</y>
      <w>0.45943305</w>
      <t>4300</t>
    </point>
    <point>
      <x>0.6716667</x>
      <y>0.24333334</y>
      <w>0.45943305</w>
      <t>4300</t>
    </point>
    <point>
      <x>0.67</x>
      <y>0.24166666</y>
      <w>0.45943305</w>
      <t>4300</t>
    </point>
    <point>
      <x>0.66833335</x>
      <y>0.24</y>
      <w>0.45943305</w>
      <t>4300</t>
    </point>
    <point>
      <x>0.6666667</x>
      <y>0.23666666</y>
      <w>0.4565005</w>
      <t>4333</t>
    </point>
    <point>
      <x>0.665</x>
      <y>0.235</y>
      <w>0.4565005</w>
      <t>4333</t>
    </point>
    <point>
      <x>0.66333336</x>
      <y>0.23333333</y>
      <w>0.4565005</w>
      <t>4333</t>
    </point>
    <point>
      <x>0.6616667</x>
      <y>0.23</y>
      <w>0.4565005</w>
      <t>4333</t>
    </point>
    <point>
      <x>0.65833336</x>
      <y>0.22833334</y>
      <w>0.45552298</w>
      <t>4367</t>
    </point>
    <point>
      <x>0.6566667</x>
      <y>0.22666667</y>
      <w>0.45552298</w>
      <t>4367</t>
    </point>
    <point>
      <x>0.655</x>
      <y>0.225</y>
      <w>0.45552298</w>
      <t>4367</t>
    </point>
    <point>
      <x>0.65166664</x>
      <y>0.225</y>
      <w>0.45552298</w>
      <t>4367</t>
    </point>
    <point>
      <x>0.65</x>
      <y>0.22333333</y>
      <w>0.45552298</w>
      <t>4367</t>
    </point>
    <point>
      <x>0.6483333</x>
      <y>0.22166666</y>
      <w>0.45845553</w>
      <t>4400</t>
    </point>
    <point>
      <x>0.645</x>
      <y>0.22166666</y>
      <w>0.45845553</w>
      <t>4400</t>
    </point>
    <point>
      <x>0.6433333</x>
      <y>0.22166666</y>
      <w>0.45845553</w>
      <t>4400</t>
    </point>
    <point>
      <x>0.64166665</x>
      <y>0.22</y>
      <w>0.45845553</w>
      <t>4400</t>
    </point>
    <point>
      <x>0.64</x>
      <y>0.22</y>
      <w>0.4750733</w>
      <t>4433</t>
    </point>
    <point>
      <x>0.6383333</x>
      <y>0.22</y>
      <w>0.4750733</w>
      <t>4433</t>
    </point>
    <point>
      <x>0.63666666</x>
      <y>0.22</y>
      <w>0.4750733</w>
      <t>4433</t>
    </point>
    <point>
      <x>0.635</x>
      <y>0.22</y>
      <w>0.4750733</w>
      <t>4433</t>
    </point>
    <point>
      <x>0.6333333</x>
      <y>0.22</y>
      <w>0.4750733</w>
      <t>4433</t>
    </point>
    <point>
      <x>0.63166666</x>
      <y>0.22</y>
      <w>0.48582602</w>
      <t>4467</t>
    </point>
    <point>
      <x>0.63</x>
      <y>0.22</y>
      <w>0.48582602</w>
      <t>4467</t>
    </point>
    <point>
      <x>0.62833333</x>
      <y>0.22</y>
      <w>0.48582602</w>
      <t>4467</t>
    </point>
    <point>
      <x>0.62666667</x>
      <y>0.22</y>
      <w>0.48582602</w>
      <t>4467</t>
    </point>
    <point>
      <x>0.625</x>
      <y>0.22166666</y>
      <w>0.4907136</w>
      <t>4500</t>
    </point>
    <point>
      <x>0.62333333</x>
      <y>0.22166666</y>
      <w>0.4907136</w>
      <t>4500</t>
    </point>
    <point>
      <x>0.62166667</x>
      <y>0.22333333</y>
      <w>0.4907136</w>
      <t>4500</t>
    </point>
    <point>
      <x>0.62</x>
      <y>0.22333333</y>
      <w>0.4907136</w>
      <t>4500</t>
    </point>
    <point>
      <x>0.61833334</x>
      <y>0.225</y>
      <w>0.5102639</w>
      <t>4534</t>
    </point>
    <point>
      <x>0.6166667</x>
      <y>0.22666667</y>
      <w>0.5102639</w>
      <t>4534</t>
    </point>
    <point>
      <x>0.615</x>
      <y>0.22666667</y>
      <w>0.5102639</w>
      <t>4534</t>
    </point>
    <point>
      <x>0.61333334</x>
      <y>0.22833334</y>
      <w>0.5102639</w>
      <t>4534</t>
    </point>
    <point>
      <x>0.61333334</x>
      <y>0.23</y>
      <w>0.5102639</w>
      <t>4534</t>
    </point>
    <point>
      <x>0.6116667</x>
      <y>0.23166667</y>
      <w>0.5493646</w>
      <t>4567</t>
    </point>
    <point>
      <x>0.61</x>
      <y>0.23333333</y>
      <w>0.5493646</w>
      <t>4567</t>
    </point>
    <point>
      <x>0.61</x>
      <y>0.235</y>
      <w>0.5493646</w>
      <t>4567</t>
    </point>
    <point>
      <x>0.60833335</x>
      <y>0.23666666</y>
      <w>0.5493646</w>
      <t>4567</t>
    </point>
    <point>
      <x>0.60833335</x>
      <y>0.24</y>
      <w>0.56304985</w>
      <t>4600</t>
    </point>
    <point>
      <x>0.6066667</x>
      <y>0.24166666</y>
      <w>0.56304985</w>
      <t>4600</t>
    </point>
    <point>
      <x>0.6066667</x>
      <y>0.24333334</y>
      <w>0.56304985</w>
      <t>4600</t>
    </point>
    <point>
      <x>0.6066667</x>
      <y>0.24666667</y>
      <w>0.56304985</w>
      <t>4600</t>
    </point>
    <point>
      <x>0.605</x>
      <y>0.25</y>
      <w>0.56304985</w>
      <t>4600</t>
    </point>
    <point>
      <x>0.605</x>
      <y>0.25333333</y>
      <w>0.6001955</w>
      <t>4633</t>
    </point>
    <point>
      <x>0.60333335</x>
      <y>0.25666666</y>
      <w>0.6001955</w>
      <t>4633</t>
    </point>
    <point>
      <x>0.60333335</x>
      <y>0.26</y>
      <w>0.6001955</w>
      <t>4633</t>
    </point>
    <point>
      <x>0.6016667</x>
      <y>0.26333332</y>
      <w>0.6001955</w>
      <t>4633</t>
    </point>
    <point>
      <x>0.6016667</x>
      <y>0.26666668</y>
      <w>0.6344086</w>
      <t>4667</t>
    </point>
    <point>
      <x>0.6016667</x>
      <y>0.27</y>
      <w>0.6344086</w>
      <t>4667</t>
    </point>
    <point>
      <x>0.6</x>
      <y>0.275</y>
      <w>0.6344086</w>
      <t>4667</t>
    </point>
    <point>
      <x>0.6</x>
      <y>0.27833334</y>
      <w>0.6344086</w>
      <t>4667</t>
    </point>
    <point>
      <x>0.59833336</x>
      <y>0.28333333</y>
      <w>0.6344086</w>
      <t>4667</t>
    </point>
    <point>
      <x>0.59833336</x>
      <y>0.28833333</y>
      <w>0.66471165</w>
      <t>4700</t>
    </point>
    <point>
      <x>0.59833336</x>
      <y>0.29333332</y>
      <w>0.66471165</w>
      <t>4700</t>
    </point>
    <point>
      <x>0.5966667</x>
      <y>0.29833335</y>
      <w>0.66471165</w>
      <t>4700</t>
    </point>
    <point>
      <x>0.5966667</x>
      <y>0.30333334</y>
      <w>0.66471165</w>
      <t>4700</t>
    </point>
    <point>
      <x>0.5966667</x>
      <y>0.30833334</y>
      <w>0.7194526</w>
      <t>4733</t>
    </point>
    <point>
      <x>0.5966667</x>
      <y>0.31333333</y>
      <w>0.7194526</w>
      <t>4733</t>
    </point>
    <point>
      <x>0.595</x>
      <y>0.31833333</y>
      <w>0.7194526</w>
      <t>4733</t>
    </point>
    <point>
      <x>0.595</x>
      <y>0.325</y>
      <w>0.7194526</w>
      <t>4733</t>
    </point>
    <point>
      <x>0.595</x>
      <y>0.33166668</y>
      <w>0.7194526</w>
      <t>4733</t>
    </point>
    <point>
      <x>0.5933333</x>
      <y>0.33666667</y>
      <w>0.7546432</w>
      <t>4767</t>
    </point>
    <point>
      <x>0.5933333</x>
      <y>0.34333333</y>
      <w>0.7546432</w>
      <t>4767</t>
    </point>
    <point>
      <x>0.59166664</x>
      <y>0.35</y>
      <w>0.7546432</w>
      <t>4767</t>
    </point>
    <point>
      <x>0.59166664</x>
      <y>0.35666665</y>
      <w>0.7546432</w>
      <t>4767</t>
    </point>
    <point>
      <x>0.59</x>
      <y>0.36333334</y>
      <w>0.7869013</w>
      <t>4800</t>
    </point>
    <point>
      <x>0.59</x>
      <y>0.37</y>
      <w>0.7869013</w>
      <t>4800</t>
    </point>
    <point>
      <x>0.59</x>
      <y>0.37666667</y>
      <w>0.7869013</w>
      <t>4800</t>
    </point>
    <point>
      <x>0.5883333</x>
      <y>0.385</y>
      <w>0.7869013</w>
      <t>4800</t>
    </point>
    <point>
      <x>0.5883333</x>
      <y>0.39166668</y>
      <w>0.7869013</w>
      <t>4800</t>
    </point>
    <point>
      <x>0.5883333</x>
      <y>0.39833334</y>
      <w>0.80938417</w>
      <t>4833</t>
    </point>
    <point>
      <x>0.5883333</x>
      <y>0.40666667</y>
      <w>0.80938417</w>
      <t>4833</t>
    </point>
    <point>
      <x>0.5883333</x>
      <y>0.415</y>
      <w>0.80938417</w>
      <t>4833</t>
    </point>
    <point>
      <x>0.5883333</x>
      <y>0.42333335</y>
      <w>0.80938417</w>
      <t>4833</t>
    </point>
    <point>
      <x>0.5883333</x>
      <y>0.43166667</y>
      <w>0.82697946</w>
      <t>4867</t>
    </point>
    <point>
      <x>0.5883333</x>
      <y>0.44</y>
      <w>0.82697946</w>
      <t>4867</t>
    </point>
    <point>
      <x>0.5883333</x>
      <y>0.45</y>
      <w>0.82697946</w>
      <t>4867</t>
    </point>
    <point>
      <x>0.59</x>
      <y>0.45833334</y>
      <w>0.82697946</w>
      <t>4867</t>
    </point>
    <point>
      <x>0.59</x>
      <y>0.46833333</y>
      <w>0.83968717</w>
      <t>4900</t>
    </point>
    <point>
      <x>0.59</x>
      <y>0.47666666</y>
      <w>0.83968717</w>
      <t>4900</t>
    </point>
    <point>
      <x>0.59</x>
      <y>0.485</y>
      <w>0.83968717</w>
      <t>4900</t>
    </point>
    <point>
      <x>0.59</x>
      <y>0.495</y>
      <w>0.83968717</w>
      <t>4900</t>
    </point>
    <point>
      <x>0.59</x>
      <y>0.50333333</y>
      <w>0.83968717</w>
      <t>4900</t>
    </point>
    <point>
      <x>0.59</x>
      <y>0.5133333</y>
      <w>0.8426197</w>
      <t>4933</t>
    </point>
    <point>
      <x>0.59</x>
      <y>0.5233333</y>
      <w>0.8426197</w>
      <t>4933</t>
    </point>
    <point>
      <x>0.59</x>
      <y>0.5316667</y>
      <w>0.8426197</w>
      <t>4933</t>
    </point>
    <point>
      <x>0.59</x>
      <y>0.54333335</y>
      <w>0.8426197</w>
      <t>4933</t>
    </point>
    <point>
      <x>0.59</x>
      <y>0.55333334</y>
      <w>0.8445748</w>
      <t>4967</t>
    </point>
    <point>
      <x>0.59</x>
      <y>0.56333333</y>
      <w>0.8445748</w>
      <t>4967</t>
    </point>
    <point>
      <x>0.5883333</x>
      <y>0.5733333</y>
      <w>0.8445748</w>
      <t>4967</t>
    </point>
    <point>
      <x>0.5883333</x>
      <y>0.585</y>
      <w>0.8445748</w>
      <t>4967</t>
    </point>
    <point>
      <x>0.5883333</x>
      <y>0.595</y>
      <w>0.8445748</w>
      <t>4967</t>
    </point>
    <point>
      <x>0.5883333</x>
      <y>0.605</y>
      <w>0.8455523</w>
      <t>5000</t>
    </point>
    <point>
      <x>0.5883333</x>
      <y>0.615</y>
      <w>0.8455523</w>
      <t>5000</t>
    </point>
    <point>
      <x>0.5883333</x>
      <y>0.625</y>
      <w>0.8455523</w>
      <t>5000</t>
    </point>
    <point>
      <x>0.5883333</x>
      <y>0.635</y>
      <w>0.8455523</w>
      <t>5000</t>
    </point>
    <point>
      <x>0.5883333</x>
      <y>0.645</y>
      <w>0.84359723</w>
      <t>5033</t>
    </point>
    <point>
      <x>0.59</x>
      <y>0.655</y>
      <w>0.84359723</w>
      <t>5033</t>
    </point>
    <point>
      <x>0.59</x>
      <y>0.665</y>
      <w>0.84359723</w>
      <t>5033</t>
    </point>
    <point>
      <x>0.59166664</x>
      <y>0.675</y>
      <w>0.84359723</w>
      <t>5033</t>
    </point>
    <point>
      <x>0.59166664</x>
      <y>0.68666667</y>
      <w>0.84359723</w>
      <t>5033</t>
    </point>
    <point>
      <x>0.59166664</x>
      <y>0.69666666</y>
      <w>0.8426197</w>
      <t>5067</t>
    </point>
    <point>
      <x>0.5933333</x>
      <y>0.70666665</y>
      <w>0.8426197</w>
      <t>5067</t>
    </point>
    <point>
      <x>0.5933333</x>
      <y>0.71666664</y>
      <w>0.8426197</w>
      <t>5067</t>
    </point>
    <point>
      <x>0.5933333</x>
      <y>0.7266667</y>
      <w>0.8426197</w>
      <t>5067</t>
    </point>
    <point>
      <x>0.5933333</x>
      <y>0.7366667</y>
      <w>0.8347996</w>
      <t>5100</t>
    </point>
    <point>
      <x>0.5933333</x>
      <y>0.74666667</y>
      <w>0.8347996</w>
      <t>5100</t>
    </point>
    <point>
      <x>0.5933333</x>
      <y>0.75666666</y>
      <w>0.8347996</w>
      <t>5100</t>
    </point>
    <point>
      <x>0.5933333</x>
      <y>0.765</y>
      <w>0.8347996</w>
      <t>5100</t>
    </point>
    <point>
      <x>0.595</x>
      <y>0.7733333</y>
      <w>0.8347996</w>
      <t>5100</t>
    </point>
    <point>
      <x>0.595</x>
      <y>0.78</y>
      <w>0.8064516</w>
      <t>5133</t>
    </point>
    <point>
      <x>0.595</x>
      <y>0.78833336</y>
      <w>0.8064516</w>
      <t>5133</t>
    </point>
    <point>
      <x>0.595</x>
      <y>0.795</y>
      <w>0.8064516</w>
      <t>5133</t>
    </point>
    <point>
      <x>0.595</x>
      <y>0.8</y>
      <w>0.8064516</w>
      <t>5133</t>
    </point>
    <point>
      <x>0.5966667</x>
      <y>0.805</y>
      <w>0.78494626</w>
      <t>5167</t>
    </point>
    <point>
      <x>0.5966667</x>
      <y>0.81</y>
      <w>0.78494626</w>
      <t>5167</t>
    </point>
    <point>
      <x>0.5966667</x>
      <y>0.81333333</y>
      <w>0.78494626</w>
      <t>5167</t>
    </point>
    <point>
      <x>0.5966667</x>
      <y>0.815</y>
      <w>0.78494626</w>
      <t>5167</t>
    </point>
    <point>
      <x>0.5966667</x>
      <y>0.81666666</y>
      <w>0.7595308</w>
      <t>5200</t>
    </point>
    <point>
      <x>0.5966667</x>
      <y>0.8183333</y>
      <w>0.7595308</w>
      <t>5200</t>
    </point>
    <point>
      <x>0.5966667</x>
      <y>0.82</y>
      <w>0.7595308</w>
      <t>5200</t>
    </point>
    <point>
      <x>0.595</x>
      <y>0.82</y>
      <w>0.629521</w>
      <t>5267</t>
    </point>
    <point>
      <x>0.5933333</x>
      <y>0.82</y>
      <w>0.629521</w>
      <t>5267</t>
    </point>
    <point>
      <x>0.59</x>
      <y>0.8183333</y>
      <w>0.629521</w>
      <t>5267</t>
    </point>
    <point>
      <x>0.5883333</x>
      <y>0.81666666</y>
      <w>0.60117304</w>
      <t>5300</t>
    </point>
    <point>
      <x>0.585</x>
      <y>0.81666666</y>
      <w>0.60117304</w>
      <t>5300</t>
    </point>
    <point>
      <x>0.58166665</x>
      <y>0.815</y>
      <w>0.60117304</w>
      <t>5300</t>
    </point>
    <point>
      <x>0.57666665</x>
      <y>0.81333333</y>
      <w>0.60117304</w>
      <t>5300</t>
    </point>
    <point>
      <x>0.5733333</x>
      <y>0.81166667</y>
      <w>0.5669599</w>
      <t>5333</t>
    </point>
    <point>
      <x>0.56666666</x>
      <y>0.81</y>
      <w>0.5669599</w>
      <t>5333</t>
    </point>
    <point>
      <x>0.56166667</x>
      <y>0.80833334</y>
      <w>0.5669599</w>
      <t>5333</t>
    </point>
    <point>
      <x>0.5566667</x>
      <y>0.8066667</y>
      <w>0.5669599</w>
      <t>5333</t>
    </point>
    <point>
      <x>0.55</x>
      <y>0.805</y>
      <w>0.5669599</w>
      <t>5333</t>
    </point>
    <point>
      <x>0.545</x>
      <y>0.8016667</y>
      <w>0.51319647</w>
      <t>5367</t>
    </point>
    <point>
      <x>0.54</x>
      <y>0.8</y>
      <w>0.51319647</w>
      <t>5367</t>
    </point>
    <point>
      <x>0.535</x>
      <y>0.7966667</y>
      <w>0.51319647</w>
      <t>5367</t>
    </point>
    <point>
      <x>0.5283333</x>
      <y>0.79333335</y>
      <w>0.51319647</w>
      <t>5367</t>
    </point>
    <point>
      <x>0.5233333</x>
      <y>0.78833336</y>
      <w>0.45747802</w>
      <t>5400</t>
    </point>
    <point>
      <x>0.51666665</x>
      <y>0.785</y>
      <w>0.45747802</w>
      <t>5400</t>
    </point>
    <point>
      <x>0.51166666</x>
      <y>0.7816667</y>
      <w>0.45747802</w>
      <t>5400</t>
    </point>
    <point>
      <x>0.505</x>
      <y>0.7783333</y>
      <w>0.45747802</w>
      <t>5400</t>
    </point>
    <point>
      <x>0.5</x>
      <y>0.7733333</y>
      <w>0.45747802</w>
      <t>5400</t>
    </point>
    <point>
      <x>0.49333334</x>
      <y>0.77</y>
      <w>0.43010753</w>
      <t>5433</t>
    </point>
    <point>
      <x>0.48833334</x>
      <y>0.76666665</y>
      <w>0.43010753</w>
      <t>5433</t>
    </point>
    <point>
      <x>0.48333332</x>
      <y>0.765</y>
      <w>0.43010753</w>
      <t>5433</t>
    </point>
    <point>
      <x>0.47833332</x>
      <y>0.76</y>
      <w>0.43010753</w>
      <t>5433</t>
    </point>
    <point>
      <x>0.47333333</x>
      <y>0.75666666</y>
      <w>0.40078202</w>
      <t>5466</t>
    </point>
    <point>
      <x>0.47</x>
      <y>0.75166667</y>
      <w>0.40078202</w>
      <t>5466</t>
    </point>
    <point>
      <x>0.465</x>
      <y>0.74666667</y>
      <w>0.40078202</w>
      <t>5466</t>
    </point>
    <point>
      <x>0.46166667</x>
      <y>0.74</y>
      <w>0.40078202</w>
      <t>5466</t>
    </point>
    <point>
      <x>0.45833334</x>
      <y>0.73333335</y>
      <w>0.3597263</w>
      <t>5500</t>
    </point>
    <point>
      <x>0.455</x>
      <y>0.72833335</y>
      <w>0.3597263</w>
      <t>5500</t>
    </point>
    <point>
      <x>0.45166665</x>
      <y>0.7216667</y>
      <w>0.3597263</w>
      <t>5500</t>
    </point>
    <point>
      <x>0.44833332</x>
      <y>0.715</y>
      <w>0.3597263</w>
      <t>5500</t>
    </point>
    <point>
      <x>0.44666666</x>
      <y>0.7083333</y>
      <w>0.3597263</w>
      <t>5500</t>
    </point>
    <point>
      <x>0.44333333</x>
      <y>0.7033333</y>
      <w>0.2913001</w>
      <t>5533</t>
    </point>
    <point>
      <x>0.44333333</x>
      <y>0.69666666</y>
      <w>0.2913001</w>
      <t>5533</t>
    </point>
    <point>
      <x>0.44166666</x>
      <y>0.68833333</y>
      <w>0.2913001</w>
      <t>5533</t>
    </point>
    <point>
      <x>0.44166666</x>
      <y>0.6816667</y>
      <w>0.2913001</w>
      <t>5533</t>
    </point>
    <point>
      <x>0.44</x>
      <y>0.67333335</y>
      <w>0.26881722</w>
      <t>5566</t>
    </point>
    <point>
      <x>0.44</x>
      <y>0.6666667</y>
      <w>0.26881722</w>
      <t>5566</t>
    </point>
    <point>
      <x>0.44</x>
      <y>0.66</y>
      <w>0.26881722</w>
      <t>5566</t>
    </point>
    <point>
      <x>0.44</x>
      <y>0.65166664</y>
      <w>0.26881722</w>
      <t>5566</t>
    </point>
    <point>
      <x>0.44166666</x>
      <y>0.645</y>
      <w>0.30596286</w>
      <t>5600</t>
    </point>
    <point>
      <x>0.44333333</x>
      <y>0.63666666</y>
      <w>0.30596286</w>
      <t>5600</t>
    </point>
    <point>
      <x>0.44666666</x>
      <y>0.63</y>
      <w>0.30596286</w>
      <t>5600</t>
    </point>
    <point>
      <x>0.44833332</x>
      <y>0.62166667</y>
      <w>0.30596286</w>
      <t>5600</t>
    </point>
    <point>
      <x>0.45166665</x>
      <y>0.615</y>
      <w>0.30596286</w>
      <t>5600</t>
    </point>
    <point>
      <x>0.455</x>
      <y>0.6066667</y>
      <w>0.3079179</w>
      <t>5634</t>
    </point>
    <point>
      <x>0.46</x>
      <y>0.59833336</y>
      <w>0.3079179</w>
      <t>5634</t>
    </point>
    <point>
      <x>0.465</x>
      <y>0.59</y>
      <w>0.3079179</w>
      <t>5634</t>
    </point>
    <point>
      <x>0.47</x>
      <y>0.58166665</y>
      <w>0.3079179</w>
      <t>5634</t>
    </point>
    <point>
      <x>0.475</x>
      <y>0.57166666</y>
      <w>0.3079179</w>
      <t>5634</t>
    </point>
    <point>
      <x>0.48166665</x>
      <y>0.56333333</y>
      <w>0.34408602</w>
      <t>5666</t>
    </point>
    <point>
      <x>0.48833334</x>
      <y>0.555</y>
      <w>0.34408602</w>
      <t>5666</t>
    </point>
    <point>
      <x>0.495</x>
      <y>0.545</y>
      <w>0.34408602</w>
      <t>5666</t>
    </point>
    <point>
      <x>0.50166667</x>
      <y>0.5366667</y>
      <w>0.34408602</w>
      <t>5666</t>
    </point>
    <point>
      <x>0.5083333</x>
      <y>0.5283333</y>
      <w>0.370479</w>
      <t>5700</t>
    </point>
    <point>
      <x>0.515</x>
      <y>0.52</y>
      <w>0.370479</w>
      <t>5700</t>
    </point>
    <point>
      <x>0.5233333</x>
      <y>0.5133333</y>
      <w>0.370479</w>
      <t>5700</t>
    </point>
    <point>
      <x>0.5316667</x>
      <y>0.505</y>
      <w>0.370479</w>
      <t>5700</t>
    </point>
    <point>
      <x>0.54</x>
      <y>0.49833333</y>
      <w>0.37438905</w>
      <t>5733</t>
    </point>
    <point>
      <x>0.55</x>
      <y>0.49166667</y>
      <w>0.37438905</w>
      <t>5733</t>
    </point>
    <point>
      <x>0.56</x>
      <y>0.485</y>
      <w>0.37438905</w>
      <t>5733</t>
    </point>
    <point>
      <x>0.57</x>
      <y>0.47833332</y>
      <w>0.37438905</w>
      <t>5733</t>
    </point>
    <point>
      <x>0.58166665</x>
      <y>0.47333333</y>
      <w>0.37438905</w>
      <t>5733</t>
    </point>
    <point>
      <x>0.59</x>
      <y>0.47</y>
      <w>0.40078202</w>
      <t>5767</t>
    </point>
    <point>
      <x>0.6</x>
      <y>0.46666667</y>
      <w>0.40078202</w>
      <t>5767</t>
    </point>
    <point>
      <x>0.6066667</x>
      <y>0.46333334</y>
      <w>0.40078202</w>
      <t>5767</t>
    </point>
    <point>
      <x>0.615</x>
      <y>0.46166667</y>
      <w>0.40078202</w>
      <t>5767</t>
    </point>
    <point>
      <x>0.62166667</x>
      <y>0.46</y>
      <w>0.42521995</w>
      <t>5800</t>
    </point>
    <point>
      <x>0.62833333</x>
      <y>0.46</y>
      <w>0.42521995</w>
      <t>5800</t>
    </point>
    <point>
      <x>0.635</x>
      <y>0.46</y>
      <w>0.42521995</w>
      <t>5800</t>
    </point>
    <point>
      <x>0.64</x>
      <y>0.46</y>
      <w>0.42521995</w>
      <t>5800</t>
    </point>
    <point>
      <x>0.645</x>
      <y>0.46</y>
      <w>0.42521995</w>
      <t>5800</t>
    </point>
    <point>
      <x>0.6483333</x>
      <y>0.46</y>
      <w>0.44477028</w>
      <t>5833</t>
    </point>
    <point>
      <x>0.65166664</x>
      <y>0.46</y>
      <w>0.44477028</w>
      <t>5833</t>
    </point>
    <point>
      <x>0.655</x>
      <y>0.46</y>
      <w>0.44477028</w>
      <t>5833</t>
    </point>
    <point>
      <x>0.6566667</x>
      <y>0.46166667</y>
      <w>0.44477028</w>
      <t>5833</t>
    </point>
    <point>
      <x>0.65833336</x>
      <y>0.46333334</y>
      <w>0.46725318</w>
      <t>5866</t>
    </point>
    <point>
      <x>0.65833336</x>
      <y>0.465</y>
      <w>0.46725318</w>
      <t>5866</t>
    </point>
    <point>
      <x>0.66</x>
      <y>0.465</y>
      <w>0.46725318</w>
      <t>5866</t>
    </point>
    <point>
      <x>0.66</x>
      <y>0.46666667</y>
      <w>0.46725318</w>
      <t>5866</t>
    </point>
    <point>
      <x>0.6616667</x>
      <y>0.47</y>
      <w>0.46725318</w>
      <t>5866</t>
    </point>
    <point>
      <x>0.6616667</x>
      <y>0.47166666</y>
      <w>0.4848485</w>
      <t>5900</t>
    </point>
    <point>
      <x>0.6616667</x>
      <y>0.47333333</y>
      <w>0.4848485</w>
      <t>5900</t>
    </point>
    <point>
      <x>0.6616667</x>
      <y>0.47666666</y>
      <w>0.4848485</w>
      <t>5900</t>
    </point>
    <point>
      <x>0.6616667</x>
      <y>0.48</y>
      <w>0.4848485</w>
      <t>5900</t>
    </point>
    <point>
      <x>0.66</x>
      <y>0.48166665</y>
      <w>0.542522</w>
      <t>5933</t>
    </point>
    <point>
      <x>0.65833336</x>
      <y>0.485</y>
      <w>0.542522</w>
      <t>5933</t>
    </point>
    <point>
      <x>0.6566667</x>
      <y>0.48833334</y>
      <w>0.542522</w>
      <t>5933</t>
    </point>
    <point>
      <x>0.6533333</x>
      <y>0.49</y>
      <w>0.542522</w>
      <t>5933</t>
    </point>
    <point>
      <x>0.65166664</x>
      <y>0.49333334</y>
      <w>0.542522</w>
      <t>5933</t>
    </point>
    <point>
      <x>0.6483333</x>
      <y>0.49666667</y>
      <w>0.5581623</w>
      <t>5967</t>
    </point>
    <point>
      <x>0.64666665</x>
      <y>0.49833333</y>
      <w>0.5581623</w>
      <t>5967</t>
    </point>
    <point>
      <x>0.6433333</x>
      <y>0.50166667</y>
      <w>0.5581623</w>
      <t>5967</t>
    </point>
    <point>
      <x>0.64</x>
      <y>0.505</y>
      <w>0.5581623</w>
      <t>5967</t>
    </point>
    <point>
      <x>0.63666666</x>
      <y>0.5083333</y>
      <w>0.5786901</w>
      <t>5999</t>
    </point>
    <point>
      <x>0.63166666</x>
      <y>0.5133333</y>
      <w>0.5786901</w>
      <t>5999</t>
    </point>
    <point>
      <x>0.62833333</x>
      <y>0.51666665</y>
      <w>0.5786901</w>
      <t>5999</t>
    </point>
    <point>
      <x>0.62333333</x>
      <y>0.52166665</y>
      <w>0.5786901</w>
      <t>5999</t>
    </point>
    <point>
      <x>0.61833334</x>
      <y>0.525</y>
      <w>0.62658846</w>
      <t>6034</t>
    </point>
    <point>
      <x>0.61333334</x>
      <y>0.53</y>
      <w>0.62658846</w>
      <t>6034</t>
    </point>
    <point>
      <x>0.60833335</x>
      <y>0.53333336</y>
      <w>0.62658846</w>
      <t>6034</t>
    </point>
    <point>
      <x>0.60333335</x>
      <y>0.53833336</y>
      <w>0.62658846</w>
      <t>6034</t>
    </point>
    <point>
      <x>0.59833336</x>
      <y>0.54333335</y>
      <w>0.62658846</w>
      <t>6034</t>
    </point>
    <point>
      <x>0.595</x>
      <y>0.54833335</y>
      <w>0.6686217</w>
      <t>6067</t>
    </point>
    <point>
      <x>0.59</x>
      <y>0.5516667</y>
      <w>0.6686217</w>
      <t>6067</t>
    </point>
    <point>
      <x>0.58666664</x>
      <y>0.5566667</y>
      <w>0.6686217</w>
      <t>6067</t>
    </point>
    <point>
      <x>0.58166665</x>
      <y>0.56166667</y>
      <w>0.6686217</w>
      <t>6067</t>
    </point>
    <point>
      <x>0.5783333</x>
      <y>0.565</y>
      <w>0.70087975</w>
      <t>6100</t>
    </point>
    <point>
      <x>0.5733333</x>
      <y>0.57</y>
      <w>0.70087975</w>
      <t>6100</t>
    </point>
    <point>
      <x>0.57</x>
      <y>0.575</y>
      <w>0.70087975</w>
      <t>6100</t>
    </point>
    <point>
      <x>0.56666666</x>
      <y>0.58</y>
      <w>0.70087975</w>
      <t>6100</t>
    </point>
    <point>
      <x>0.56166667</x>
      <y>0.585</y>
      <w>0.70087975</w>
      <t>6100</t>
    </point>
    <point>
      <x>0.55833334</x>
      <y>0.5883333</y>
      <w>0.71163243</w>
      <t>6134</t>
    </point>
    <point>
      <x>0.555</x>
      <y>0.5933333</y>
      <w>0.71163243</w>
      <t>6134</t>
    </point>
    <point>
      <x>0.55333334</x>
      <y>0.5966667</y>
      <w>0.71163243</w>
      <t>6134</t>
    </point>
    <point>
      <x>0.55</x>
      <y>0.6</y>
      <w>0.71163243</w>
      <t>6134</t>
    </point>
    <point>
      <x>0.54833335</x>
      <y>0.60333335</y>
      <w>0.71163243</w>
      <t>6134</t>
    </point>
    <point>
      <x>0.5466667</x>
      <y>0.6066667</y>
      <w>0.72043014</w>
      <t>6167</t>
    </point>
    <point>
      <x>0.545</x>
      <y>0.60833335</y>
      <w>0.72043014</w>
      <t>6167</t>
    </point>
    <point>
      <x>0.54333335</x>
      <y>0.6116667</y>
      <w>0.72043014</w>
      <t>6167</t>
    </point>
    <point>
      <x>0.5416667</x>
      <y>0.61333334</y>
      <w>0.72043014</w>
      <t>6167</t>
    </point>
    <point>
      <x>0.5416667</x>
      <y>0.615</y>
      <w>0.72140765</w>
      <t>6200</t>
    </point>
    <point>
      <x>0.5416667</x>
      <y>0.6166667</y>
      <w>0.72140765</w>
      <t>6200</t>
    </point>
    <point>
      <x>0.54333335</x>
      <y>0.6166667</y>
      <w>0.72825027</w>
      <t>6300</t>
    </point>
    <point>
      <x>0.545</x>
      <y>0.6166667</y>
      <w>0.72825027</w>
      <t>6300</t>
    </point>
    <point>
      <x>0.5466667</x>
      <y>0.6166667</y>
      <w>0.72825027</w>
      <t>6300</t>
    </point>
    <point>
      <x>0.55</x>
      <y>0.6166667</y>
      <w>0.72825027</w>
      <t>6300</t>
    </point>
    <point>
      <x>0.55333334</x>
      <y>0.6166667</y>
      <w>0.7370479</w>
      <t>6333</t>
    </point>
    <point>
      <x>0.5566667</x>
      <y>0.6166667</y>
      <w>0.7370479</w>
      <t>6333</t>
    </point>
    <point>
      <x>0.56</x>
      <y>0.6166667</y>
      <w>0.7370479</w>
      <t>6333</t>
    </point>
    <point>
      <x>0.56333333</x>
      <y>0.6166667</y>
      <w>0.7370479</w>
      <t>6333</t>
    </point>
    <point>
      <x>0.5683333</x>
      <y>0.6166667</y>
      <w>0.7380254</w>
      <t>6366</t>
    </point>
    <point>
      <x>0.57166666</x>
      <y>0.6166667</y>
      <w>0.7380254</w>
      <t>6366</t>
    </point>
    <point>
      <x>0.575</x>
      <y>0.6166667</y>
      <w>0.7380254</w>
      <t>6366</t>
    </point>
    <point>
      <x>0.58</x>
      <y>0.615</y>
      <w>0.7380254</w>
      <t>6366</t>
    </point>
    <point>
      <x>0.5833333</x>
      <y>0.615</y>
      <w>0.7380254</w>
      <t>6400</t>
    </point>
    <point>
      <x>0.58666664</x>
      <y>0.615</y>
      <w>0.7380254</w>
      <t>6400</t>
    </point>
    <point>
      <x>0.59</x>
      <y>0.615</y>
      <w>0.7380254</w>
      <t>6400</t>
    </point>
    <point>
      <x>0.5933333</x>
      <y>0.61333334</y>
      <w>0.7380254</w>
      <t>6400</t>
    </point>
    <point>
      <x>0.5966667</x>
      <y>0.61333334</y>
      <w>0.7380254</w>
      <t>6400</t>
    </point>
    <point>
      <x>0.6016667</x>
      <y>0.61333334</y>
      <w>0.7380254</w>
      <t>6434</t>
    </point>
    <point>
      <x>0.605</x>
      <y>0.61333334</y>
      <w>0.7380254</w>
      <t>6434</t>
    </point>
    <point>
      <x>0.60833335</x>
      <y>0.61333334</y>
      <w>0.7380254</w>
      <t>6434</t>
    </point>
    <point>
      <x>0.61333334</x>
      <y>0.61333334</y>
      <w>0.7380254</w>
      <t>6434</t>
    </point>
    <point>
      <x>0.6166667</x>
      <y>0.61333334</y>
      <w>0.7380254</w>
      <t>6466</t>
    </point>
    <point>
      <x>0.62</x>
      <y>0.61333334</y>
      <w>0.7380254</w>
      <t>6466</t>
    </point>
    <point>
      <x>0.625</x>
      <y>0.61333334</y>
      <w>0.7380254</w>
      <t>6466</t>
    </point>
    <point>
      <x>0.62833333</x>
      <y>0.61333334</y>
      <w>0.7380254</w>
      <t>6466</t>
    </point>
    <point>
      <x>0.63166666</x>
      <y>0.61333334</y>
      <w>0.7380254</w>
      <t>6466</t>
    </point>
    <point>
      <x>0.635</x>
      <y>0.61333334</y>
      <w>0.7380254</w>
      <t>6500</t>
    </point>
    <point>
      <x>0.6383333</x>
      <y>0.615</y>
      <w>0.7380254</w>
      <t>6500</t>
    </point>
    <point>
      <x>0.64166665</x>
      <y>0.615</y>
      <w>0.7380254</w>
      <t>6500</t>
    </point>
    <point>
      <x>0.645</x>
      <y>0.615</y>
      <w>0.7380254</w>
      <t>6500</t>
    </point>
    <point>
      <x>0.6483333</x>
      <y>0.6166667</y>
      <w>0.7380254</w>
      <t>6533</t>
    </point>
    <point>
      <x>0.65166664</x>
      <y>0.6166667</y>
      <w>0.7380254</w>
      <t>6533</t>
    </point>
    <point>
      <x>0.655</x>
      <y>0.61833334</y>
      <w>0.7380254</w>
      <t>6533</t>
    </point>
    <point>
      <x>0.65833336</x>
      <y>0.61833334</y>
      <w>0.7380254</w>
      <t>6533</t>
    </point>
    <point>
      <x>0.6616667</x>
      <y>0.62</y>
      <w>0.7380254</w>
      <t>6533</t>
    </point>
    <point>
      <x>0.6666667</x>
      <y>0.62</y>
      <w>0.73900294</w>
      <t>6566</t>
    </point>
    <point>
      <x>0.67</x>
      <y>0.62</y>
      <w>0.73900294</w>
      <t>6566</t>
    </point>
    <point>
      <x>0.67333335</x>
      <y>0.62166667</y>
      <w>0.73900294</w>
      <t>6566</t>
    </point>
    <point>
      <x>0.6766667</x>
      <y>0.62166667</y>
      <w>0.73900294</w>
      <t>6566</t>
    </point>
    <point>
      <x>0.67833334</x>
      <y>0.62166667</y>
      <w>0.73998046</w>
      <t>6600</t>
    </point>
    <point>
      <x>0.6816667</x>
      <y>0.62333333</y>
      <w>0.73998046</w>
      <t>6600</t>
    </point>
    <point>
      <x>0.68333334</x>
      <y>0.62333333</y>
      <w>0.73998046</w>
      <t>6600</t>
    </point>
    <point>
      <x>0.68666667</x>
      <y>0.625</y>
      <w>0.73998046</w>
      <t>6600</t>
    </point>
    <point>
      <x>0.68833333</x>
      <y>0.625</y>
      <w>0.73998046</w>
      <t>6600</t>
    </point>
    <point>
      <x>0.69166666</x>
      <y>0.62666667</y>
      <w>0.73998046</w>
      <t>6634</t>
    </point>
    <point>
      <x>0.6933333</x>
      <y>0.62666667</y>
      <w>0.73998046</w>
      <t>6634</t>
    </point>
    <point>
      <x>0.695</x>
      <y>0.62666667</y>
      <w>0.73998046</w>
      <t>6634</t>
    </point>
    <point>
      <x>0.69666666</x>
      <y>0.62666667</y>
      <w>0.73998046</w>
      <t>6634</t>
    </point>
    <point>
      <x>0.6983333</x>
      <y>0.62833333</y>
      <w>0.7419355</w>
      <t>6666</t>
    </point>
    <point>
      <x>0.7</x>
      <y>0.62833333</y>
      <w>0.7419355</w>
      <t>6666</t>
    </point>
  </stroke>
</character>
