<?xml version="1.0" encoding="UTF-8"?>
<character>
  <stroke time="0">
    <point>
      <x>0.34166667</x>
      <y>0.21833333</y>
      <w>0.0</w>
      <t>4</t>
    </point>
    <point>
      <x>0.34166667</x>
      <y>0.22</y>
      <w>0.09090909</w>
      <t>33</t>
    </point>
    <point>
      <x>0.34333333</x>
      <y>0.22</y>
      <w>0.09090909</w>
      <t>33</t>
    </point>
    <point>
      <x>0.345</x>
      <y>0.22166666</y>
      <w>0.16422288</w>
      <t>67</t>
    </point>
    <point>
      <x>0.34666666</x>
      <y>0.22333333</y>
      <w>0.16422288</w>
      <t>67</t>
    </point>
    <point>
      <x>0.34833333</x>
      <y>0.225</y>
      <w>0.16422288</w>
      <t>67</t>
    </point>
    <point>
      <x>0.35</x>
      <y>0.22666667</y>
      <w>0.16422288</w>
      <t>67</t>
    </point>
    <point>
      <x>0.35</x>
      <y>0.22833334</y>
      <w>0.20430107</w>
      <t>100</t>
    </point>
    <point>
      <x>0.35166666</x>
      <y>0.23</y>
      <w>0.20430107</w>
      <t>100</t>
    </point>
    <point>
      <x>0.35333332</x>
      <y>0.23166667</y>
      <w>0.20430107</w>
      <t>100</t>
    </point>
    <point>
      <x>0.355</x>
      <y>0.23333333</y>
      <w>0.20430107</w>
      <t>101</t>
    </point>
    <point>
      <x>0.35666665</x>
      <y>0.235</y>
      <w>0.2111437</w>
      <t>128</t>
    </point>
    <point>
      <x>0.35833332</x>
      <y>0.23666666</y>
      <w>0.2111437</w>
      <t>128</t>
    </point>
    <point>
      <x>0.36</x>
      <y>0.23666666</y>
      <w>0.2111437</w>
      <t>128</t>
    </point>
    <point>
      <x>0.36166668</x>
      <y>0.23833333</y>
      <w>0.2111437</w>
      <t>129</t>
    </point>
    <point>
      <x>0.36166668</x>
      <y>0.24166666</y>
      <w>0.2678397</w>
      <t>167</t>
    </point>
    <point>
      <x>0.36333334</x>
      <y>0.24333334</y>
      <w>0.2678397</w>
      <t>167</t>
    </point>
    <point>
      <x>0.36333334</x>
      <y>0.245</y>
      <w>0.2678397</w>
      <t>167</t>
    </point>
    <point>
      <x>0.36333334</x>
      <y>0.24833333</y>
      <w>0.2678397</w>
      <t>167</t>
    </point>
    <point>
      <x>0.365</x>
      <y>0.25</y>
      <w>0.2678397</w>
      <t>168</t>
    </point>
    <point>
      <x>0.365</x>
      <y>0.25166667</y>
      <w>0.29912025</w>
      <t>201</t>
    </point>
    <point>
      <x>0.365</x>
      <y>0.255</y>
      <w>0.29912025</w>
      <t>201</t>
    </point>
    <point>
      <x>0.36666667</x>
      <y>0.25666666</y>
      <w>0.29912025</w>
      <t>201</t>
    </point>
    <point>
      <x>0.36666667</x>
      <y>0.25833333</y>
      <w>0.29912025</w>
      <t>202</t>
    </point>
    <point>
      <x>0.36666667</x>
      <y>0.26</y>
      <w>0.29912025</w>
      <t>202</t>
    </point>
    <point>
      <x>0.36666667</x>
      <y>0.26166666</y>
      <w>0.35679373</w>
      <t>234</t>
    </point>
    <point>
      <x>0.36666667</x>
      <y>0.26333332</y>
      <w>0.35679373</w>
      <t>234</t>
    </point>
    <point>
      <x>0.36666667</x>
      <y>0.265</y>
      <w>0.35679373</w>
      <t>234</t>
    </point>
    <point>
      <x>0.36666667</x>
      <y>0.26666668</y>
      <w>0.43792766</w>
      <t>267</t>
    </point>
    <point>
      <x>0.36666667</x>
      <y>0.26833335</y>
      <w>0.43792766</w>
      <t>267</t>
    </point>
    <point>
      <x>0.36666667</x>
      <y>0.27</y>
      <w>0.43792766</w>
      <t>267</t>
    </point>
    <point>
      <x>0.36666667</x>
      <y>0.27333334</y>
      <w>0.43792766</w>
      <t>268</t>
    </point>
    <point>
      <x>0.36666667</x>
      <y>0.275</y>
      <w>0.514174</w>
      <t>300</t>
    </point>
    <point>
      <x>0.36666667</x>
      <y>0.27666667</y>
      <w>0.514174</w>
      <t>300</t>
    </point>
    <point>
      <x>0.365</x>
      <y>0.27833334</y>
      <w>0.514174</w>
      <t>300</t>
    </point>
    <point>
      <x>0.365</x>
      <y>0.28166667</y>
      <w>0.514174</w>
      <t>300</t>
    </point>
    <point>
      <x>0.365</x>
      <y>0.28333333</y>
      <w>0.514174</w>
      <t>301</t>
    </point>
    <point>
      <x>0.36333334</x>
      <y>0.285</y>
      <w>0.5483871</w>
      <t>333</t>
    </point>
    <point>
      <x>0.36333334</x>
      <y>0.28666666</y>
      <w>0.5483871</w>
      <t>333</t>
    </point>
    <point>
      <x>0.36166668</x>
      <y>0.29</y>
      <w>0.5483871</w>
      <t>333</t>
    </point>
    <point>
      <x>0.36166668</x>
      <y>0.29333332</y>
      <w>0.5483871</w>
      <t>334</t>
    </point>
    <point>
      <x>0.36</x>
      <y>0.29666665</y>
      <w>0.572825</w>
      <t>367</t>
    </point>
    <point>
      <x>0.36</x>
      <y>0.3</y>
      <w>0.572825</w>
      <t>367</t>
    </point>
    <point>
      <x>0.35833332</x>
      <y>0.30333334</y>
      <w>0.572825</w>
      <t>367</t>
    </point>
    <point>
      <x>0.35833332</x>
      <y>0.30666667</y>
      <w>0.572825</w>
      <t>368</t>
    </point>
    <point>
      <x>0.35833332</x>
      <y>0.31</y>
      <w>0.572825</w>
      <t>368</t>
    </point>
    <point>
      <x>0.35666665</x>
      <y>0.31333333</y>
      <w>0.5904203</w>
      <t>400</t>
    </point>
    <point>
      <x>0.355</x>
      <y>0.31666666</y>
      <w>0.5904203</w>
      <t>400</t>
    </point>
    <point>
      <x>0.355</x>
      <y>0.32166666</y>
      <w>0.5904203</w>
      <t>400</t>
    </point>
    <point>
      <x>0.35333332</x>
      <y>0.325</y>
      <w>0.5904203</w>
      <t>401</t>
    </point>
    <point>
      <x>0.35166666</x>
      <y>0.32833335</y>
      <w>0.597263</w>
      <t>433</t>
    </point>
    <point>
      <x>0.35</x>
      <y>0.33333334</y>
      <w>0.597263</w>
      <t>433</t>
    </point>
    <point>
      <x>0.34833333</x>
      <y>0.33666667</y>
      <w>0.597263</w>
      <t>433</t>
    </point>
    <point>
      <x>0.34666666</x>
      <y>0.34</y>
      <w>0.597263</w>
      <t>434</t>
    </point>
    <point>
      <x>0.345</x>
      <y>0.34333333</y>
      <w>0.60117304</w>
      <t>466</t>
    </point>
    <point>
      <x>0.34333333</x>
      <y>0.34833333</y>
      <w>0.60117304</w>
      <t>466</t>
    </point>
    <point>
      <x>0.34166667</x>
      <y>0.35166666</y>
      <w>0.60117304</w>
      <t>466</t>
    </point>
    <point>
      <x>0.34166667</x>
      <y>0.35666665</y>
      <w>0.60117304</w>
      <t>467</t>
    </point>
    <point>
      <x>0.34</x>
      <y>0.36</y>
      <w>0.60117304</w>
      <t>467</t>
    </point>
    <point>
      <x>0.33833334</x>
      <y>0.36333334</y>
      <w>0.6031281</w>
      <t>501</t>
    </point>
    <point>
      <x>0.33833334</x>
      <y>0.36833334</y>
      <w>0.6031281</w>
      <t>501</t>
    </point>
    <point>
      <x>0.33666667</x>
      <y>0.37166667</y>
      <w>0.6031281</w>
      <t>501</t>
    </point>
    <point>
      <x>0.33666667</x>
      <y>0.37666667</y>
      <w>0.6031281</w>
      <t>502</t>
    </point>
    <point>
      <x>0.335</x>
      <y>0.38</y>
      <w>0.6031281</w>
      <t>502</t>
    </point>
    <point>
      <x>0.335</x>
      <y>0.38333333</y>
      <w>0.60117304</w>
      <t>533</t>
    </point>
    <point>
      <x>0.335</x>
      <y>0.38833332</y>
      <w>0.60117304</w>
      <t>533</t>
    </point>
    <point>
      <x>0.33333334</x>
      <y>0.39166668</y>
      <w>0.60117304</w>
      <t>533</t>
    </point>
    <point>
      <x>0.33333334</x>
      <y>0.395</y>
      <w>0.60117304</w>
      <t>533</t>
    </point>
    <point>
      <x>0.33333334</x>
      <y>0.39833334</y>
      <w>0.599218</w>
      <t>567</t>
    </point>
    <point>
      <x>0.33333334</x>
      <y>0.40166667</y>
      <w>0.599218</w>
      <t>567</t>
    </point>
    <point>
      <x>0.33333334</x>
      <y>0.405</y>
      <w>0.599218</w>
      <t>567</t>
    </point>
    <point>
      <x>0.33333334</x>
      <y>0.40833333</y>
      <w>0.599218</w>
      <t>567</t>
    </point>
    <point>
      <x>0.33333334</x>
      <y>0.41166666</y>
      <w>0.59335285</w>
      <t>600</t>
    </point>
    <point>
      <x>0.33333334</x>
      <y>0.41333333</y>
      <w>0.59335285</w>
      <t>600</t>
    </point>
    <point>
      <x>0.33333334</x>
      <y>0.41666666</y>
      <w>0.59335285</w>
      <t>600</t>
    </point>
    <point>
      <x>0.33333334</x>
      <y>0.42</y>
      <w>0.59335285</w>
      <t>600</t>
    </point>
    <point>
      <x>0.33333334</x>
      <y>0.42333335</y>
      <w>0.59335285</w>
      <t>601</t>
    </point>
    <point>
      <x>0.335</x>
      <y>0.42666668</y>
      <w>0.5718475</w>
      <t>634</t>
    </point>
    <point>
      <x>0.335</x>
      <y>0.43</y>
      <w>0.5718475</w>
      <t>635</t>
    </point>
    <point>
      <x>0.33666667</x>
      <y>0.43333334</y>
      <w>0.5718475</w>
      <t>635</t>
    </point>
    <point>
      <x>0.33833334</x>
      <y>0.43666667</y>
      <w>0.5718475</w>
      <t>635</t>
    </point>
    <point>
      <x>0.33833334</x>
      <y>0.44</y>
      <w>0.5591398</w>
      <t>667</t>
    </point>
    <point>
      <x>0.34</x>
      <y>0.44333333</y>
      <w>0.5591398</w>
      <t>667</t>
    </point>
    <point>
      <x>0.34166667</x>
      <y>0.44666666</y>
      <w>0.5591398</w>
      <t>667</t>
    </point>
    <point>
      <x>0.34166667</x>
      <y>0.45</y>
      <w>0.5591398</w>
      <t>669</t>
    </point>
    <point>
      <x>0.34333333</x>
      <y>0.45166665</y>
      <w>0.5591398</w>
      <t>669</t>
    </point>
    <point>
      <x>0.345</x>
      <y>0.455</y>
      <w>0.55620724</w>
      <t>700</t>
    </point>
    <point>
      <x>0.345</x>
      <y>0.45833334</y>
      <w>0.55620724</w>
      <t>700</t>
    </point>
    <point>
      <x>0.34666666</x>
      <y>0.46166667</y>
      <w>0.55620724</w>
      <t>700</t>
    </point>
    <point>
      <x>0.34833333</x>
      <y>0.465</y>
      <w>0.55620724</w>
      <t>700</t>
    </point>
    <point>
      <x>0.35</x>
      <y>0.46833333</y>
      <w>0.5542522</w>
      <t>734</t>
    </point>
    <point>
      <x>0.35166666</x>
      <y>0.47166666</y>
      <w>0.5542522</w>
      <t>734</t>
    </point>
    <point>
      <x>0.35333332</x>
      <y>0.475</y>
      <w>0.5542522</w>
      <t>734</t>
    </point>
    <point>
      <x>0.355</x>
      <y>0.47833332</y>
      <w>0.5542522</w>
      <t>734</t>
    </point>
    <point>
      <x>0.35666665</x>
      <y>0.48166665</y>
      <w>0.5532747</w>
      <t>767</t>
    </point>
    <point>
      <x>0.35833332</x>
      <y>0.48666668</y>
      <w>0.5532747</w>
      <t>767</t>
    </point>
    <point>
      <x>0.36</x>
      <y>0.49</y>
      <w>0.5532747</w>
      <t>767</t>
    </point>
    <point>
      <x>0.36</x>
      <y>0.495</y>
      <w>0.5532747</w>
      <t>767</t>
    </point>
    <point>
      <x>0.36166668</x>
      <y>0.5</y>
      <w>0.5532747</w>
      <t>767</t>
    </point>
    <point>
      <x>0.36333334</x>
      <y>0.505</y>
      <w>0.5532747</w>
      <t>800</t>
    </point>
    <point>
      <x>0.365</x>
      <y>0.51</y>
      <w>0.5532747</w>
      <t>800</t>
    </point>
    <point>
      <x>0.36666667</x>
      <y>0.515</y>
      <w>0.5532747</w>
      <t>800</t>
    </point>
    <point>
      <x>0.36833334</x>
      <y>0.52</y>
      <w>0.5532747</w>
      <t>800</t>
    </point>
    <point>
      <x>0.37</x>
      <y>0.525</y>
      <w>0.5532747</w>
      <t>833</t>
    </point>
    <point>
      <x>0.37</x>
      <y>0.53</y>
      <w>0.5532747</w>
      <t>833</t>
    </point>
    <point>
      <x>0.37166667</x>
      <y>0.535</y>
      <w>0.5532747</w>
      <t>833</t>
    </point>
    <point>
      <x>0.37333333</x>
      <y>0.5416667</y>
      <w>0.5532747</w>
      <t>833</t>
    </point>
    <point>
      <x>0.375</x>
      <y>0.5466667</y>
      <w>0.5532747</w>
      <t>833</t>
    </point>
    <point>
      <x>0.37666667</x>
      <y>0.5516667</y>
      <w>0.5532747</w>
      <t>867</t>
    </point>
    <point>
      <x>0.37666667</x>
      <y>0.5566667</y>
      <w>0.5532747</w>
      <t>867</t>
    </point>
    <point>
      <x>0.37833333</x>
      <y>0.56333333</y>
      <w>0.5532747</w>
      <t>867</t>
    </point>
    <point>
      <x>0.38</x>
      <y>0.5683333</y>
      <w>0.5532747</w>
      <t>867</t>
    </point>
    <point>
      <x>0.38166666</x>
      <y>0.5733333</y>
      <w>0.5542522</w>
      <t>900</t>
    </point>
    <point>
      <x>0.38333333</x>
      <y>0.58</y>
      <w>0.5542522</w>
      <t>900</t>
    </point>
    <point>
      <x>0.38333333</x>
      <y>0.58666664</y>
      <w>0.5542522</w>
      <t>900</t>
    </point>
    <point>
      <x>0.385</x>
      <y>0.59166664</y>
      <w>0.5542522</w>
      <t>900</t>
    </point>
    <point>
      <x>0.38666666</x>
      <y>0.59833336</y>
      <w>0.5542522</w>
      <t>900</t>
    </point>
    <point>
      <x>0.38666666</x>
      <y>0.60333335</y>
      <w>0.5542522</w>
      <t>933</t>
    </point>
    <point>
      <x>0.38833332</x>
      <y>0.61</y>
      <w>0.5542522</w>
      <t>933</t>
    </point>
    <point>
      <x>0.38833332</x>
      <y>0.6166667</y>
      <w>0.5542522</w>
      <t>933</t>
    </point>
    <point>
      <x>0.39</x>
      <y>0.62166667</y>
      <w>0.5542522</w>
      <t>933</t>
    </point>
    <point>
      <x>0.39166668</x>
      <y>0.62833333</y>
      <w>0.5542522</w>
      <t>967</t>
    </point>
    <point>
      <x>0.39166668</x>
      <y>0.635</y>
      <w>0.5542522</w>
      <t>967</t>
    </point>
    <point>
      <x>0.39166668</x>
      <y>0.64166665</y>
      <w>0.5542522</w>
      <t>967</t>
    </point>
    <point>
      <x>0.39333335</x>
      <y>0.65</y>
      <w>0.5542522</w>
      <t>968</t>
    </point>
    <point>
      <x>0.39333335</x>
      <y>0.6566667</y>
      <w>0.5542522</w>
      <t>968</t>
    </point>
    <point>
      <x>0.39333335</x>
      <y>0.665</y>
      <w>0.5552297</w>
      <t>1000</t>
    </point>
    <point>
      <x>0.39333335</x>
      <y>0.6716667</y>
      <w>0.5552297</w>
      <t>1000</t>
    </point>
    <point>
      <x>0.39333335</x>
      <y>0.68</y>
      <w>0.5552297</w>
      <t>1000</t>
    </point>
    <point>
      <x>0.39333335</x>
      <y>0.68666667</y>
      <w>0.5552297</w>
      <t>1000</t>
    </point>
    <point>
      <x>0.39333335</x>
      <y>0.695</y>
      <w>0.5552297</w>
      <t>1034</t>
    </point>
    <point>
      <x>0.39333335</x>
      <y>0.70166665</y>
      <w>0.5552297</w>
      <t>1034</t>
    </point>
    <point>
      <x>0.39333335</x>
      <y>0.71</y>
      <w>0.5552297</w>
      <t>1034</t>
    </point>
    <point>
      <x>0.39166668</x>
      <y>0.7183333</y>
      <w>0.5552297</w>
      <t>1034</t>
    </point>
    <point>
      <x>0.39166668</x>
      <y>0.7266667</y>
      <w>0.5552297</w>
      <t>1067</t>
    </point>
    <point>
      <x>0.39</x>
      <y>0.735</y>
      <w>0.5552297</w>
      <t>1067</t>
    </point>
    <point>
      <x>0.38833332</x>
      <y>0.74333334</y>
      <w>0.5552297</w>
      <t>1067</t>
    </point>
    <point>
      <x>0.38666666</x>
      <y>0.75166667</y>
      <w>0.5552297</w>
      <t>1067</t>
    </point>
    <point>
      <x>0.38666666</x>
      <y>0.76</y>
      <w>0.5552297</w>
      <t>1067</t>
    </point>
    <point>
      <x>0.38333333</x>
      <y>0.7683333</y>
      <w>0.5552297</w>
      <t>1100</t>
    </point>
    <point>
      <x>0.38166666</x>
      <y>0.775</y>
      <w>0.5552297</w>
      <t>1100</t>
    </point>
    <point>
      <x>0.38</x>
      <y>0.78333336</y>
      <w>0.5552297</w>
      <t>1100</t>
    </point>
    <point>
      <x>0.37833333</x>
      <y>0.7916667</y>
      <w>0.5552297</w>
      <t>1100</t>
    </point>
    <point>
      <x>0.37666667</x>
      <y>0.79833335</y>
      <w>0.5552297</w>
      <t>1134</t>
    </point>
    <point>
      <x>0.375</x>
      <y>0.805</y>
      <w>0.5552297</w>
      <t>1134</t>
    </point>
    <point>
      <x>0.375</x>
      <y>0.81</y>
      <w>0.5552297</w>
      <t>1134</t>
    </point>
    <point>
      <x>0.37333333</x>
      <y>0.815</y>
      <w>0.5552297</w>
      <t>1134</t>
    </point>
    <point>
      <x>0.37166667</x>
      <y>0.8183333</y>
      <w>0.5552297</w>
      <t>1134</t>
    </point>
    <point>
      <x>0.37166667</x>
      <y>0.82166666</y>
      <w>0.5552297</w>
      <t>1167</t>
    </point>
    <point>
      <x>0.37</x>
      <y>0.825</y>
      <w>0.5552297</w>
      <t>1167</t>
    </point>
    <point>
      <x>0.37</x>
      <y>0.8283333</y>
      <w>0.5552297</w>
      <t>1167</t>
    </point>
    <point>
      <x>0.36833334</x>
      <y>0.83166665</y>
      <w>0.5552297</w>
      <t>1167</t>
    </point>
    <point>
      <x>0.36666667</x>
      <y>0.8333333</y>
      <w>0.5552297</w>
      <t>1200</t>
    </point>
    <point>
      <x>0.36666667</x>
      <y>0.835</y>
      <w>0.5552297</w>
      <t>1200</t>
    </point>
    <point>
      <x>0.365</x>
      <y>0.83666664</y>
      <w>0.5552297</w>
      <t>1200</t>
    </point>
    <point>
      <x>0.36333334</x>
      <y>0.8383333</y>
      <w>0.5552297</w>
      <t>1200</t>
    </point>
    <point>
      <x>0.36166668</x>
      <y>0.84</y>
      <w>0.5552297</w>
      <t>1200</t>
    </point>
    <point>
      <x>0.36</x>
      <y>0.84166664</y>
      <w>0.540567</w>
      <t>1233</t>
    </point>
    <point>
      <x>0.35833332</x>
      <y>0.84166664</y>
      <w>0.540567</w>
      <t>1233</t>
    </point>
    <point>
      <x>0.35666665</x>
      <y>0.84166664</y>
      <w>0.540567</w>
      <t>1233</t>
    </point>
    <point>
      <x>0.355</x>
      <y>0.8433333</y>
      <w>0.52981424</w>
      <t>1267</t>
    </point>
    <point>
      <x>0.35333332</x>
      <y>0.8433333</y>
      <w>0.52981424</w>
      <t>1267</t>
    </point>
    <point>
      <x>0.35166666</x>
      <y>0.8433333</y>
      <w>0.52981424</w>
      <t>1267</t>
    </point>
    <point>
      <x>0.35</x>
      <y>0.8433333</y>
      <w>0.52981424</w>
      <t>1267</t>
    </point>
    <point>
      <x>0.34833333</x>
      <y>0.8433333</y>
      <w>0.5288367</w>
      <t>1300</t>
    </point>
    <point>
      <x>0.34666666</x>
      <y>0.8433333</y>
      <w>0.5288367</w>
      <t>1300</t>
    </point>
    <point>
      <x>0.345</x>
      <y>0.84166664</y>
      <w>0.5288367</w>
      <t>1300</t>
    </point>
    <point>
      <x>0.34333333</x>
      <y>0.84166664</y>
      <w>0.53372437</w>
      <t>1333</t>
    </point>
    <point>
      <x>0.34166667</x>
      <y>0.84</y>
      <w>0.53372437</w>
      <t>1333</t>
    </point>
    <point>
      <x>0.33833334</x>
      <y>0.84</y>
      <w>0.53372437</w>
      <t>1333</t>
    </point>
    <point>
      <x>0.33666667</x>
      <y>0.8383333</y>
      <w>0.53372437</w>
      <t>1333</t>
    </point>
    <point>
      <x>0.33333334</x>
      <y>0.83666664</y>
      <w>0.5278592</w>
      <t>1367</t>
    </point>
    <point>
      <x>0.33</x>
      <y>0.835</y>
      <w>0.5278592</w>
      <t>1367</t>
    </point>
    <point>
      <x>0.32833335</x>
      <y>0.8333333</y>
      <w>0.5278592</w>
      <t>1367</t>
    </point>
    <point>
      <x>0.32333332</x>
      <y>0.83166665</y>
      <w>0.5278592</w>
      <t>1367</t>
    </point>
    <point>
      <x>0.32</x>
      <y>0.83</y>
      <w>0.5278592</w>
      <t>1367</t>
    </point>
    <point>
      <x>0.31666666</x>
      <y>0.8283333</y>
      <w>0.5278592</w>
      <t>1400</t>
    </point>
    <point>
      <x>0.31166667</x>
      <y>0.82666665</y>
      <w>0.5278592</w>
      <t>1400</t>
    </point>
    <point>
      <x>0.30833334</x>
      <y>0.825</y>
      <w>0.5278592</w>
      <t>1400</t>
    </point>
    <point>
      <x>0.30333334</x>
      <y>0.8233333</y>
      <w>0.5278592</w>
      <t>1400</t>
    </point>
    <point>
      <x>0.29833335</x>
      <y>0.82166666</y>
      <w>0.5268817</w>
      <t>1434</t>
    </point>
    <point>
      <x>0.295</x>
      <y>0.82</y>
      <w>0.5268817</w>
      <t>1434</t>
    </point>
    <point>
      <x>0.29</x>
      <y>0.8183333</y>
      <w>0.5268817</w>
      <t>1434</t>
    </point>
    <point>
      <x>0.285</x>
      <y>0.815</y>
      <w>0.5268817</w>
      <t>1434</t>
    </point>
    <point>
      <x>0.28</x>
      <y>0.81333333</y>
      <w>0.5268817</w>
      <t>1434</t>
    </point>
    <point>
      <x>0.275</x>
      <y>0.81166667</y>
      <w>0.51808405</w>
      <t>1467</t>
    </point>
    <point>
      <x>0.27</x>
      <y>0.80833334</y>
      <w>0.51808405</w>
      <t>1467</t>
    </point>
    <point>
      <x>0.265</x>
      <y>0.8066667</y>
      <w>0.51808405</w>
      <t>1467</t>
    </point>
    <point>
      <x>0.26</x>
      <y>0.805</y>
      <w>0.51808405</w>
      <t>1467</t>
    </point>
    <point>
      <x>0.25666666</x>
      <y>0.80333334</y>
      <w>0.51710653</w>
      <t>1500</t>
    </point>
    <point>
      <x>0.25</x>
      <y>0.80333334</y>
      <w>0.51710653</w>
      <t>1500</t>
    </point>
    <point>
      <x>0.245</x>
      <y>0.8016667</y>
      <w>0.51710653</w>
      <t>1500</t>
    </point>
    <point>
      <x>0.24</x>
      <y>0.8</y>
      <w>0.51710653</w>
      <t>1500</t>
    </point>
    <point>
      <x>0.23333333</x>
      <y>0.79833335</y>
      <w>0.51710653</w>
      <t>1500</t>
    </point>
    <point>
      <x>0.22666667</x>
      <y>0.795</y>
      <w>0.50635386</w>
      <t>1534</t>
    </point>
    <point>
      <x>0.22166666</x>
      <y>0.79333335</y>
      <w>0.50635386</w>
      <t>1534</t>
    </point>
    <point>
      <x>0.215</x>
      <y>0.7916667</y>
      <w>0.50635386</w>
      <t>1534</t>
    </point>
    <point>
      <x>0.21</x>
      <y>0.79</y>
      <w>0.50635386</w>
      <t>1534</t>
    </point>
    <point>
      <x>0.205</x>
      <y>0.78833336</y>
      <w>0.5024438</w>
      <t>1567</t>
    </point>
    <point>
      <x>0.2</x>
      <y>0.7866667</y>
      <w>0.5024438</w>
      <t>1567</t>
    </point>
    <point>
      <x>0.195</x>
      <y>0.78333336</y>
      <w>0.5024438</w>
      <t>1567</t>
    </point>
    <point>
      <x>0.19166666</x>
      <y>0.7816667</y>
      <w>0.5024438</w>
      <t>1567</t>
    </point>
    <point>
      <x>0.18833333</x>
      <y>0.78</y>
      <w>0.5024438</w>
      <t>1567</t>
    </point>
    <point>
      <x>0.18333334</x>
      <y>0.7783333</y>
      <w>0.5043988</w>
      <t>1600</t>
    </point>
    <point>
      <x>0.18166667</x>
      <y>0.77666664</y>
      <w>0.5043988</w>
      <t>1600</t>
    </point>
    <point>
      <x>0.17833333</x>
      <y>0.7733333</y>
      <w>0.5043988</w>
      <t>1600</t>
    </point>
    <point>
      <x>0.175</x>
      <y>0.77166665</y>
      <w>0.5043988</w>
      <t>1600</t>
    </point>
    <point>
      <x>0.17333333</x>
      <y>0.77</y>
      <w>0.5034213</w>
      <t>1634</t>
    </point>
    <point>
      <x>0.17166667</x>
      <y>0.76666665</y>
      <w>0.5034213</w>
      <t>1634</t>
    </point>
    <point>
      <x>0.17</x>
      <y>0.765</y>
      <w>0.5034213</w>
      <t>1634</t>
    </point>
    <point>
      <x>0.17</x>
      <y>0.76166666</y>
      <w>0.5034213</w>
      <t>1634</t>
    </point>
    <point>
      <x>0.16833334</x>
      <y>0.76</y>
      <w>0.50537634</w>
      <t>1667</t>
    </point>
    <point>
      <x>0.16833334</x>
      <y>0.7583333</y>
      <w>0.50537634</w>
      <t>1667</t>
    </point>
    <point>
      <x>0.16833334</x>
      <y>0.75666666</y>
      <w>0.50537634</w>
      <t>1667</t>
    </point>
    <point>
      <x>0.16666667</x>
      <y>0.755</y>
      <w>0.50537634</w>
      <t>1667</t>
    </point>
    <point>
      <x>0.16666667</x>
      <y>0.75333333</y>
      <w>0.50537634</w>
      <t>1667</t>
    </point>
    <point>
      <x>0.16666667</x>
      <y>0.75166667</y>
      <w>0.51710653</w>
      <t>1700</t>
    </point>
    <point>
      <x>0.16666667</x>
      <y>0.75</y>
      <w>0.51710653</w>
      <t>1700</t>
    </point>
    <point>
      <x>0.165</x>
      <y>0.75</y>
      <w>0.60801566</w>
      <t>1734</t>
    </point>
    <point>
      <x>0.165</x>
      <y>0.74833333</y>
      <w>0.60801566</w>
      <t>1734</t>
    </point>
    <point>
      <x>0.165</x>
      <y>0.74666667</y>
      <w>0.67741936</w>
      <t>1801</t>
    </point>
    <point>
      <x>0.165</x>
      <y>0.745</y>
      <w>0.6783969</w>
      <t>1834</t>
    </point>
    <point>
      <x>0.165</x>
      <y>0.7416667</y>
      <w>0.6783969</w>
      <t>1834</t>
    </point>
    <point>
      <x>0.165</x>
      <y>0.74</y>
      <w>0.6783969</w>
      <t>1834</t>
    </point>
    <point>
      <x>0.165</x>
      <y>0.7366667</y>
      <w>0.6783969</w>
      <t>1834</t>
    </point>
    <point>
      <x>0.165</x>
      <y>0.735</y>
      <w>0.67741936</w>
      <t>1867</t>
    </point>
    <point>
      <x>0.165</x>
      <y>0.7316667</y>
      <w>0.67741936</w>
      <t>1867</t>
    </point>
    <point>
      <x>0.16666667</x>
      <y>0.7266667</y>
      <w>0.67741936</w>
      <t>1867</t>
    </point>
    <point>
      <x>0.16833334</x>
      <y>0.72333336</y>
      <w>0.67741936</w>
      <t>1867</t>
    </point>
    <point>
      <x>0.17166667</x>
      <y>0.7183333</y>
      <w>0.67741936</w>
      <t>1867</t>
    </point>
    <point>
      <x>0.175</x>
      <y>0.71166664</y>
      <w>0.67546433</w>
      <t>1900</t>
    </point>
    <point>
      <x>0.18</x>
      <y>0.70666665</y>
      <w>0.67546433</w>
      <t>1900</t>
    </point>
    <point>
      <x>0.185</x>
      <y>0.6983333</y>
      <w>0.67546433</w>
      <t>1900</t>
    </point>
    <point>
      <x>0.19</x>
      <y>0.69166666</y>
      <w>0.67546433</w>
      <t>1900</t>
    </point>
    <point>
      <x>0.19666667</x>
      <y>0.68333334</y>
      <w>0.6735093</w>
      <t>1934</t>
    </point>
    <point>
      <x>0.20333333</x>
      <y>0.675</y>
      <w>0.6735093</w>
      <t>1934</t>
    </point>
    <point>
      <x>0.21</x>
      <y>0.665</y>
      <w>0.6735093</w>
      <t>1934</t>
    </point>
    <point>
      <x>0.21833333</x>
      <y>0.6566667</y>
      <w>0.6735093</w>
      <t>1934</t>
    </point>
    <point>
      <x>0.225</x>
      <y>0.64666665</y>
      <w>0.6676442</w>
      <t>1967</t>
    </point>
    <point>
      <x>0.23333333</x>
      <y>0.6383333</y>
      <w>0.6676442</w>
      <t>1967</t>
    </point>
    <point>
      <x>0.24166666</x>
      <y>0.63</y>
      <w>0.6676442</w>
      <t>1967</t>
    </point>
    <point>
      <x>0.25</x>
      <y>0.62</y>
      <w>0.6676442</w>
      <t>1967</t>
    </point>
    <point>
      <x>0.26</x>
      <y>0.6116667</y>
      <w>0.6676442</w>
      <t>1967</t>
    </point>
    <point>
      <x>0.27</x>
      <y>0.6</y>
      <w>0.66959924</w>
      <t>2000</t>
    </point>
    <point>
      <x>0.28166667</x>
      <y>0.59</y>
      <w>0.66959924</w>
      <t>2000</t>
    </point>
    <point>
      <x>0.29333332</x>
      <y>0.5783333</y>
      <w>0.66959924</w>
      <t>2000</t>
    </point>
    <point>
      <x>0.30666667</x>
      <y>0.56666666</y>
      <w>0.66959924</w>
      <t>2000</t>
    </point>
    <point>
      <x>0.32</x>
      <y>0.555</y>
      <w>0.6744868</w>
      <t>2034</t>
    </point>
    <point>
      <x>0.33333334</x>
      <y>0.545</y>
      <w>0.6744868</w>
      <t>2034</t>
    </point>
    <point>
      <x>0.34666666</x>
      <y>0.535</y>
      <w>0.6744868</w>
      <t>2034</t>
    </point>
    <point>
      <x>0.35833332</x>
      <y>0.525</y>
      <w>0.6744868</w>
      <t>2034</t>
    </point>
    <point>
      <x>0.37</x>
      <y>0.5183333</y>
      <w>0.6744868</w>
      <t>2034</t>
    </point>
    <point>
      <x>0.38166666</x>
      <y>0.51</y>
      <w>0.6676442</w>
      <t>2067</t>
    </point>
    <point>
      <x>0.39</x>
      <y>0.50333333</y>
      <w>0.6676442</w>
      <t>2067</t>
    </point>
    <point>
      <x>0.4</x>
      <y>0.49833333</y>
      <w>0.6676442</w>
      <t>2067</t>
    </point>
    <point>
      <x>0.40833333</x>
      <y>0.49333334</y>
      <w>0.6676442</w>
      <t>2067</t>
    </point>
    <point>
      <x>0.41666666</x>
      <y>0.49</y>
      <w>0.6666667</w>
      <t>2100</t>
    </point>
    <point>
      <x>0.42166665</x>
      <y>0.48666668</y>
      <w>0.6666667</w>
      <t>2100</t>
    </point>
    <point>
      <x>0.42666668</x>
      <y>0.485</y>
      <w>0.6666667</w>
      <t>2100</t>
    </point>
    <point>
      <x>0.43</x>
      <y>0.485</y>
      <w>0.6666667</w>
      <t>2100</t>
    </point>
    <point>
      <x>0.43333334</x>
      <y>0.48333332</y>
      <w>0.6666667</w>
      <t>2100</t>
    </point>
    <point>
      <x>0.43333334</x>
      <y>0.485</y>
      <w>0.75855327</w>
      <t>2234</t>
    </point>
    <point>
      <x>0.43166667</x>
      <y>0.485</y>
      <w>0.75855327</w>
      <t>2234</t>
    </point>
    <point>
      <x>0.43166667</x>
      <y>0.48666668</y>
      <w>0.75855327</w>
      <t>2234</t>
    </point>
    <point>
      <x>0.43</x>
      <y>0.48666668</y>
      <w>0.75855327</w>
      <t>2234</t>
    </point>
    <point>
      <x>0.42833334</x>
      <y>0.49</y>
      <w>0.771261</w>
      <t>2267</t>
    </point>
    <point>
      <x>0.42666668</x>
      <y>0.49166667</y>
      <w>0.771261</w>
      <t>2267</t>
    </point>
    <point>
      <x>0.42333335</x>
      <y>0.49333334</y>
      <w>0.771261</w>
      <t>2267</t>
    </point>
    <point>
      <x>0.42166665</x>
      <y>0.49666667</y>
      <w>0.771261</w>
      <t>2267</t>
    </point>
    <point>
      <x>0.41833332</x>
      <y>0.5</y>
      <w>0.771261</w>
      <t>2267</t>
    </point>
    <point>
      <x>0.415</x>
      <y>0.50333333</y>
      <w>0.7859238</w>
      <t>2300</t>
    </point>
    <point>
      <x>0.41166666</x>
      <y>0.50666666</y>
      <w>0.7859238</w>
      <t>2300</t>
    </point>
    <point>
      <x>0.40833333</x>
      <y>0.51</y>
      <w>0.7859238</w>
      <t>2300</t>
    </point>
    <point>
      <x>0.405</x>
      <y>0.5133333</y>
      <w>0.7859238</w>
      <t>2300</t>
    </point>
    <point>
      <x>0.40166667</x>
      <y>0.51666665</y>
      <w>0.7986315</w>
      <t>2334</t>
    </point>
    <point>
      <x>0.4</x>
      <y>0.52</y>
      <w>0.7986315</w>
      <t>2334</t>
    </point>
    <point>
      <x>0.39666668</x>
      <y>0.52166665</y>
      <w>0.7986315</w>
      <t>2334</t>
    </point>
    <point>
      <x>0.39333335</x>
      <y>0.525</y>
      <w>0.7986315</w>
      <t>2334</t>
    </point>
    <point>
      <x>0.39166668</x>
      <y>0.5283333</y>
      <w>0.7986315</w>
      <t>2334</t>
    </point>
    <point>
      <x>0.38833332</x>
      <y>0.5316667</y>
      <w>0.799609</w>
      <t>2367</t>
    </point>
    <point>
      <x>0.38666666</x>
      <y>0.5366667</y>
      <w>0.799609</w>
      <t>2367</t>
    </point>
    <point>
      <x>0.38333333</x>
      <y>0.54</y>
      <w>0.799609</w>
      <t>2367</t>
    </point>
    <point>
      <x>0.38</x>
      <y>0.545</y>
      <w>0.799609</w>
      <t>2367</t>
    </point>
    <point>
      <x>0.37833333</x>
      <y>0.55</y>
      <w>0.80156404</w>
      <t>2400</t>
    </point>
    <point>
      <x>0.375</x>
      <y>0.555</y>
      <w>0.80156404</w>
      <t>2400</t>
    </point>
    <point>
      <x>0.37166667</x>
      <y>0.56166667</y>
      <w>0.80156404</w>
      <t>2400</t>
    </point>
    <point>
      <x>0.36833334</x>
      <y>0.56666666</y>
      <w>0.80156404</w>
      <t>2400</t>
    </point>
    <point>
      <x>0.365</x>
      <y>0.57166666</y>
      <w>0.80156404</w>
      <t>2400</t>
    </point>
    <point>
      <x>0.36166668</x>
      <y>0.5783333</y>
      <w>0.80254155</w>
      <t>2434</t>
    </point>
    <point>
      <x>0.35666665</x>
      <y>0.5833333</y>
      <w>0.80254155</w>
      <t>2434</t>
    </point>
    <point>
      <x>0.35333332</x>
      <y>0.5883333</y>
      <w>0.80254155</w>
      <t>2434</t>
    </point>
    <point>
      <x>0.35</x>
      <y>0.595</y>
      <w>0.80254155</w>
      <t>2434</t>
    </point>
    <point>
      <x>0.34833333</x>
      <y>0.6</y>
      <w>0.80351907</w>
      <t>2467</t>
    </point>
    <point>
      <x>0.345</x>
      <y>0.605</y>
      <w>0.80351907</w>
      <t>2467</t>
    </point>
    <point>
      <x>0.34166667</x>
      <y>0.61</y>
      <w>0.80351907</w>
      <t>2467</t>
    </point>
    <point>
      <x>0.34</x>
      <y>0.615</y>
      <w>0.80351907</w>
      <t>2467</t>
    </point>
    <point>
      <x>0.33666667</x>
      <y>0.62</y>
      <w>0.80351907</w>
      <t>2467</t>
    </point>
    <point>
      <x>0.335</x>
      <y>0.62333333</y>
      <w>0.8044966</w>
      <t>2500</t>
    </point>
    <point>
      <x>0.33333334</x>
      <y>0.62666667</y>
      <w>0.8044966</w>
      <t>2500</t>
    </point>
    <point>
      <x>0.33</x>
      <y>0.63166666</y>
      <w>0.8044966</w>
      <t>2500</t>
    </point>
    <point>
      <x>0.32833335</x>
      <y>0.635</y>
      <w>0.8044966</w>
      <t>2500</t>
    </point>
    <point>
      <x>0.32666665</x>
      <y>0.6383333</y>
      <w>0.79667646</w>
      <t>2534</t>
    </point>
    <point>
      <x>0.325</x>
      <y>0.64166665</y>
      <w>0.79667646</w>
      <t>2534</t>
    </point>
    <point>
      <x>0.325</x>
      <y>0.64666665</y>
      <w>0.79667646</w>
      <t>2534</t>
    </point>
    <point>
      <x>0.32333332</x>
      <y>0.65</y>
      <w>0.79667646</w>
      <t>2534</t>
    </point>
    <point>
      <x>0.32166666</x>
      <y>0.6533333</y>
      <w>0.75268817</w>
      <t>2567</t>
    </point>
    <point>
      <x>0.32166666</x>
      <y>0.6566667</y>
      <w>0.75268817</w>
      <t>2567</t>
    </point>
    <point>
      <x>0.32</x>
      <y>0.65833336</y>
      <w>0.75268817</w>
      <t>2567</t>
    </point>
    <point>
      <x>0.32</x>
      <y>0.6616667</y>
      <w>0.75268817</w>
      <t>2567</t>
    </point>
    <point>
      <x>0.32</x>
      <y>0.66333336</y>
      <w>0.75268817</w>
      <t>2567</t>
    </point>
    <point>
      <x>0.32</x>
      <y>0.665</y>
      <w>0.71260995</w>
      <t>2600</t>
    </point>
    <point>
      <x>0.32</x>
      <y>0.66833335</y>
      <w>0.71260995</w>
      <t>2600</t>
    </point>
    <point>
      <x>0.32</x>
      <y>0.67</y>
      <w>0.71260995</w>
      <t>2600</t>
    </point>
    <point>
      <x>0.32</x>
      <y>0.6716667</y>
      <w>0.71260995</w>
      <t>2600</t>
    </point>
    <point>
      <x>0.32</x>
      <y>0.67333335</y>
      <w>0.67741936</w>
      <t>2634</t>
    </point>
    <point>
      <x>0.32</x>
      <y>0.675</y>
      <w>0.67741936</w>
      <t>2634</t>
    </point>
    <point>
      <x>0.32</x>
      <y>0.6766667</y>
      <w>0.67741936</w>
      <t>2634</t>
    </point>
    <point>
      <x>0.32</x>
      <y>0.67833334</y>
      <w>0.6686217</w>
      <t>2667</t>
    </point>
    <point>
      <x>0.32166666</x>
      <y>0.67833334</y>
      <w>0.6686217</w>
      <t>2667</t>
    </point>
    <point>
      <x>0.32166666</x>
      <y>0.68</y>
      <w>0.6686217</w>
      <t>2667</t>
    </point>
    <point>
      <x>0.32333332</x>
      <y>0.68</y>
      <w>0.6412512</w>
      <t>2701</t>
    </point>
    <point>
      <x>0.325</x>
      <y>0.68</y>
      <w>0.6412512</w>
      <t>2701</t>
    </point>
    <point>
      <x>0.325</x>
      <y>0.6816667</y>
      <w>0.6412512</w>
      <t>2701</t>
    </point>
    <point>
      <x>0.32666665</x>
      <y>0.6816667</y>
      <w>0.6412512</w>
      <t>2701</t>
    </point>
    <point>
      <x>0.32833335</x>
      <y>0.6816667</y>
      <w>0.6217009</w>
      <t>2734</t>
    </point>
    <point>
      <x>0.33</x>
      <y>0.6816667</y>
      <w>0.6217009</w>
      <t>2734</t>
    </point>
    <point>
      <x>0.33166668</x>
      <y>0.6816667</y>
      <w>0.6109482</w>
      <t>2766</t>
    </point>
    <point>
      <x>0.33333334</x>
      <y>0.6816667</y>
      <w>0.6109482</w>
      <t>2766</t>
    </point>
    <point>
      <x>0.335</x>
      <y>0.6816667</y>
      <w>0.6109482</w>
      <t>2766</t>
    </point>
    <point>
      <x>0.33666667</x>
      <y>0.6816667</y>
      <w>0.6109482</w>
      <t>2766</t>
    </point>
    <point>
      <x>0.33833334</x>
      <y>0.6816667</y>
      <w>0.5826002</w>
      <t>2800</t>
    </point>
    <point>
      <x>0.34166667</x>
      <y>0.68</y>
      <w>0.5826002</w>
      <t>2800</t>
    </point>
    <point>
      <x>0.34333333</x>
      <y>0.67833334</y>
      <w>0.5826002</w>
      <t>2800</t>
    </point>
    <point>
      <x>0.34666666</x>
      <y>0.6766667</y>
      <w>0.5826002</w>
      <t>2800</t>
    </point>
    <point>
      <x>0.34833333</x>
      <y>0.675</y>
      <w>0.5826002</w>
      <t>2800</t>
    </point>
    <point>
      <x>0.35166666</x>
      <y>0.6716667</y>
      <w>0.5483871</w>
      <t>2833</t>
    </point>
    <point>
      <x>0.355</x>
      <y>0.67</y>
      <w>0.5483871</w>
      <t>2833</t>
    </point>
    <point>
      <x>0.35833332</x>
      <y>0.6666667</y>
      <w>0.5483871</w>
      <t>2833</t>
    </point>
    <point>
      <x>0.36166668</x>
      <y>0.66333336</y>
      <w>0.5483871</w>
      <t>2833</t>
    </point>
    <point>
      <x>0.365</x>
      <y>0.66</y>
      <w>0.49560118</w>
      <t>2867</t>
    </point>
    <point>
      <x>0.37</x>
      <y>0.6566667</y>
      <w>0.49560118</w>
      <t>2867</t>
    </point>
    <point>
      <x>0.37333333</x>
      <y>0.6533333</y>
      <w>0.49560118</w>
      <t>2867</t>
    </point>
    <point>
      <x>0.37666667</x>
      <y>0.65</y>
      <w>0.49560118</w>
      <t>2867</t>
    </point>
    <point>
      <x>0.38</x>
      <y>0.645</y>
      <w>0.49560118</w>
      <t>2867</t>
    </point>
    <point>
      <x>0.385</x>
      <y>0.64166665</y>
      <w>0.44281524</w>
      <t>2900</t>
    </point>
    <point>
      <x>0.38833332</x>
      <y>0.6383333</y>
      <w>0.44281524</w>
      <t>2900</t>
    </point>
    <point>
      <x>0.39166668</x>
      <y>0.635</y>
      <w>0.44281524</w>
      <t>2900</t>
    </point>
    <point>
      <x>0.39666668</x>
      <y>0.63166666</y>
      <w>0.44281524</w>
      <t>2900</t>
    </point>
    <point>
      <x>0.4</x>
      <y>0.62666667</y>
      <w>0.40175954</w>
      <t>2934</t>
    </point>
    <point>
      <x>0.40333334</x>
      <y>0.62333333</y>
      <w>0.40175954</w>
      <t>2934</t>
    </point>
    <point>
      <x>0.40833333</x>
      <y>0.62</y>
      <w>0.40175954</w>
      <t>2934</t>
    </point>
    <point>
      <x>0.41166666</x>
      <y>0.615</y>
      <w>0.40175954</w>
      <t>2934</t>
    </point>
    <point>
      <x>0.415</x>
      <y>0.6116667</y>
      <w>0.40175954</w>
      <t>2934</t>
    </point>
    <point>
      <x>0.42</x>
      <y>0.6066667</y>
      <w>0.35581622</w>
      <t>2967</t>
    </point>
    <point>
      <x>0.42333335</x>
      <y>0.6016667</y>
      <w>0.35581622</w>
      <t>2967</t>
    </point>
    <point>
      <x>0.42833334</x>
      <y>0.5966667</y>
      <w>0.35581622</w>
      <t>2967</t>
    </point>
    <point>
      <x>0.43166667</x>
      <y>0.59166664</y>
      <w>0.35581622</w>
      <t>2967</t>
    </point>
    <point>
      <x>0.43666667</x>
      <y>0.58666664</y>
      <w>0.34506354</w>
      <t>3000</t>
    </point>
    <point>
      <x>0.44166666</x>
      <y>0.58166665</y>
      <w>0.34506354</w>
      <t>3000</t>
    </point>
    <point>
      <x>0.44666666</x>
      <y>0.57666665</y>
      <w>0.34506354</w>
      <t>3000</t>
    </point>
    <point>
      <x>0.45166665</x>
      <y>0.57166666</y>
      <w>0.34506354</w>
      <t>3000</t>
    </point>
    <point>
      <x>0.45666668</x>
      <y>0.565</y>
      <w>0.34506354</w>
      <t>3000</t>
    </point>
    <point>
      <x>0.46333334</x>
      <y>0.56</y>
      <w>0.30498534</w>
      <t>3034</t>
    </point>
    <point>
      <x>0.46833333</x>
      <y>0.55333334</y>
      <w>0.30498534</w>
      <t>3034</t>
    </point>
    <point>
      <x>0.475</x>
      <y>0.5466667</y>
      <w>0.30498534</w>
      <t>3034</t>
    </point>
    <point>
      <x>0.48166665</x>
      <y>0.54</y>
      <w>0.30498534</w>
      <t>3034</t>
    </point>
    <point>
      <x>0.48666668</x>
      <y>0.53333336</y>
      <w>0.3088954</w>
      <t>3067</t>
    </point>
    <point>
      <x>0.49166667</x>
      <y>0.52666664</y>
      <w>0.3088954</w>
      <t>3067</t>
    </point>
    <point>
      <x>0.49833333</x>
      <y>0.52</y>
      <w>0.3088954</w>
      <t>3067</t>
    </point>
    <point>
      <x>0.505</x>
      <y>0.5133333</y>
      <w>0.3088954</w>
      <t>3067</t>
    </point>
    <point>
      <x>0.51166666</x>
      <y>0.505</y>
      <w>0.3088954</w>
      <t>3067</t>
    </point>
    <point>
      <x>0.5183333</x>
      <y>0.49833333</y>
      <w>0.2805474</w>
      <t>3100</t>
    </point>
    <point>
      <x>0.525</x>
      <y>0.49166667</y>
      <w>0.2805474</w>
      <t>3100</t>
    </point>
    <point>
      <x>0.53</x>
      <y>0.485</y>
      <w>0.2805474</w>
      <t>3100</t>
    </point>
    <point>
      <x>0.5366667</x>
      <y>0.47833332</y>
      <w>0.2805474</w>
      <t>3100</t>
    </point>
    <point>
      <x>0.54333335</x>
      <y>0.47333333</y>
      <w>0.24731183</w>
      <t>3134</t>
    </point>
    <point>
      <x>0.54833335</x>
      <y>0.46666667</y>
      <w>0.24731183</w>
      <t>3134</t>
    </point>
    <point>
      <x>0.555</x>
      <y>0.46</y>
      <w>0.24731183</w>
      <t>3134</t>
    </point>
    <point>
      <x>0.56166667</x>
      <y>0.45333335</y>
      <w>0.24731183</w>
      <t>3134</t>
    </point>
    <point>
      <x>0.5683333</x>
      <y>0.44833332</y>
      <w>0.24926686</w>
      <t>3167</t>
    </point>
    <point>
      <x>0.5733333</x>
      <y>0.44166666</y>
      <w>0.24926686</w>
      <t>3167</t>
    </point>
    <point>
      <x>0.58</x>
      <y>0.43666667</y>
      <w>0.24926686</w>
      <t>3167</t>
    </point>
    <point>
      <x>0.585</x>
      <y>0.43166667</y>
      <w>0.24926686</w>
      <t>3167</t>
    </point>
    <point>
      <x>0.59166664</x>
      <y>0.42666668</y>
      <w>0.24926686</w>
      <t>3167</t>
    </point>
    <point>
      <x>0.59833336</x>
      <y>0.42333335</y>
      <w>0.2512219</w>
      <t>3200</t>
    </point>
    <point>
      <x>0.60333335</x>
      <y>0.41833332</y>
      <w>0.2512219</w>
      <t>3200</t>
    </point>
    <point>
      <x>0.61</x>
      <y>0.415</y>
      <w>0.2512219</w>
      <t>3200</t>
    </point>
    <point>
      <x>0.6166667</x>
      <y>0.41</y>
      <w>0.2512219</w>
      <t>3200</t>
    </point>
    <point>
      <x>0.62333333</x>
      <y>0.40666667</y>
      <w>0.2521994</w>
      <t>3233</t>
    </point>
    <point>
      <x>0.62833333</x>
      <y>0.40333334</y>
      <w>0.2521994</w>
      <t>3233</t>
    </point>
    <point>
      <x>0.6333333</x>
      <y>0.40166667</y>
      <w>0.2521994</w>
      <t>3233</t>
    </point>
    <point>
      <x>0.63666666</x>
      <y>0.39833334</y>
      <w>0.2521994</w>
      <t>3233</t>
    </point>
    <point>
      <x>0.64166665</x>
      <y>0.39666668</y>
      <w>0.2521994</w>
      <t>3233</t>
    </point>
    <point>
      <x>0.645</x>
      <y>0.395</y>
      <w>0.25513196</w>
      <t>3267</t>
    </point>
    <point>
      <x>0.6483333</x>
      <y>0.39333335</y>
      <w>0.25513196</w>
      <t>3267</t>
    </point>
    <point>
      <x>0.65</x>
      <y>0.39333335</y>
      <w>0.25513196</w>
      <t>3267</t>
    </point>
    <point>
      <x>0.6533333</x>
      <y>0.39333335</y>
      <w>0.25513196</w>
      <t>3267</t>
    </point>
    <point>
      <x>0.655</x>
      <y>0.39166668</y>
      <w>0.26979473</w>
      <t>3300</t>
    </point>
    <point>
      <x>0.6566667</x>
      <y>0.39166668</y>
      <w>0.26979473</w>
      <t>3300</t>
    </point>
    <point>
      <x>0.66</x>
      <y>0.39166668</y>
      <w>0.26979473</w>
      <t>3300</t>
    </point>
    <point>
      <x>0.6616667</x>
      <y>0.39166668</y>
      <w>0.26979473</w>
      <t>3300</t>
    </point>
    <point>
      <x>0.66333336</x>
      <y>0.39166668</y>
      <w>0.3773216</w>
      <t>3334</t>
    </point>
    <point>
      <x>0.66333336</x>
      <y>0.39333335</y>
      <w>0.44281524</w>
      <t>3366</t>
    </point>
    <point>
      <x>0.66333336</x>
      <y>0.395</y>
      <w>0.50048876</w>
      <t>3401</t>
    </point>
    <point>
      <x>0.66333336</x>
      <y>0.39666668</y>
      <w>0.50048876</w>
      <t>3401</t>
    </point>
    <point>
      <x>0.66333336</x>
      <y>0.39833334</y>
      <w>0.50048876</w>
      <t>3401</t>
    </point>
    <point>
      <x>0.66333336</x>
      <y>0.4</y>
      <w>0.5259042</w>
      <t>3434</t>
    </point>
    <point>
      <x>0.6616667</x>
      <y>0.40166667</y>
      <w>0.5259042</w>
      <t>3434</t>
    </point>
    <point>
      <x>0.66</x>
      <y>0.405</y>
      <w>0.5259042</w>
      <t>3434</t>
    </point>
    <point>
      <x>0.65833336</x>
      <y>0.40666667</y>
      <w>0.5259042</w>
      <t>3434</t>
    </point>
    <point>
      <x>0.6566667</x>
      <y>0.41</y>
      <w>0.56207234</w>
      <t>3467</t>
    </point>
    <point>
      <x>0.6533333</x>
      <y>0.41333333</y>
      <w>0.56207234</w>
      <t>3467</t>
    </point>
    <point>
      <x>0.65</x>
      <y>0.41666666</y>
      <w>0.56207234</w>
      <t>3467</t>
    </point>
    <point>
      <x>0.64666665</x>
      <y>0.42</y>
      <w>0.56207234</w>
      <t>3467</t>
    </point>
    <point>
      <x>0.645</x>
      <y>0.42333335</y>
      <w>0.56207234</w>
      <t>3467</t>
    </point>
    <point>
      <x>0.64166665</x>
      <y>0.42833334</y>
      <w>0.6001955</w>
      <t>3500</t>
    </point>
    <point>
      <x>0.6383333</x>
      <y>0.43166667</y>
      <w>0.6001955</w>
      <t>3500</t>
    </point>
    <point>
      <x>0.635</x>
      <y>0.435</y>
      <w>0.6001955</w>
      <t>3500</t>
    </point>
    <point>
      <x>0.6333333</x>
      <y>0.43833333</y>
      <w>0.6001955</w>
      <t>3500</t>
    </point>
    <point>
      <x>0.63</x>
      <y>0.44333333</y>
      <w>0.6217009</w>
      <t>3534</t>
    </point>
    <point>
      <x>0.62666667</x>
      <y>0.44666666</y>
      <w>0.6217009</w>
      <t>3534</t>
    </point>
    <point>
      <x>0.62333333</x>
      <y>0.45166665</y>
      <w>0.6217009</w>
      <t>3534</t>
    </point>
    <point>
      <x>0.62</x>
      <y>0.45666668</y>
      <w>0.6217009</w>
      <t>3534</t>
    </point>
    <point>
      <x>0.615</x>
      <y>0.46166667</y>
      <w>0.6217009</w>
      <t>3534</t>
    </point>
    <point>
      <x>0.61</x>
      <y>0.46666667</y>
      <w>0.63245356</w>
      <t>3567</t>
    </point>
    <point>
      <x>0.6066667</x>
      <y>0.47166666</y>
      <w>0.63245356</w>
      <t>3567</t>
    </point>
    <point>
      <x>0.6016667</x>
      <y>0.47833332</y>
      <w>0.63245356</w>
      <t>3567</t>
    </point>
    <point>
      <x>0.59833336</x>
      <y>0.48333332</y>
      <w>0.63245356</w>
      <t>3567</t>
    </point>
    <point>
      <x>0.5933333</x>
      <y>0.49</y>
      <w>0.6520039</w>
      <t>3600</t>
    </point>
    <point>
      <x>0.59</x>
      <y>0.495</y>
      <w>0.6520039</w>
      <t>3600</t>
    </point>
    <point>
      <x>0.58666664</x>
      <y>0.50166667</y>
      <w>0.6520039</w>
      <t>3600</t>
    </point>
    <point>
      <x>0.58166665</x>
      <y>0.50666666</y>
      <w>0.6520039</w>
      <t>3600</t>
    </point>
    <point>
      <x>0.5783333</x>
      <y>0.5133333</y>
      <w>0.6520039</w>
      <t>3600</t>
    </point>
    <point>
      <x>0.575</x>
      <y>0.5183333</y>
      <w>0.6539589</w>
      <t>3634</t>
    </point>
    <point>
      <x>0.5733333</x>
      <y>0.525</y>
      <w>0.6539589</w>
      <t>3634</t>
    </point>
    <point>
      <x>0.57</x>
      <y>0.53</y>
      <w>0.6539589</w>
      <t>3634</t>
    </point>
    <point>
      <x>0.56666666</x>
      <y>0.535</y>
      <w>0.6539589</w>
      <t>3634</t>
    </point>
    <point>
      <x>0.56333333</x>
      <y>0.54</y>
      <w>0.6529814</w>
      <t>3667</t>
    </point>
    <point>
      <x>0.56166667</x>
      <y>0.545</y>
      <w>0.6529814</w>
      <t>3667</t>
    </point>
    <point>
      <x>0.56</x>
      <y>0.55</y>
      <w>0.6529814</w>
      <t>3667</t>
    </point>
    <point>
      <x>0.55833334</x>
      <y>0.55333334</y>
      <w>0.6529814</w>
      <t>3667</t>
    </point>
    <point>
      <x>0.5566667</x>
      <y>0.5566667</y>
      <w>0.6529814</w>
      <t>3667</t>
    </point>
    <point>
      <x>0.555</x>
      <y>0.56166667</y>
      <w>0.6520039</w>
      <t>3700</t>
    </point>
    <point>
      <x>0.55333334</x>
      <y>0.565</y>
      <w>0.6520039</w>
      <t>3700</t>
    </point>
    <point>
      <x>0.55333334</x>
      <y>0.5683333</y>
      <w>0.6520039</w>
      <t>3700</t>
    </point>
    <point>
      <x>0.5516667</x>
      <y>0.57166666</y>
      <w>0.6520039</w>
      <t>3700</t>
    </point>
    <point>
      <x>0.55</x>
      <y>0.575</y>
      <w>0.6520039</w>
      <t>3734</t>
    </point>
    <point>
      <x>0.55</x>
      <y>0.5783333</y>
      <w>0.6520039</w>
      <t>3734</t>
    </point>
    <point>
      <x>0.54833335</x>
      <y>0.58166665</y>
      <w>0.6520039</w>
      <t>3734</t>
    </point>
    <point>
      <x>0.54833335</x>
      <y>0.5833333</y>
      <w>0.6520039</w>
      <t>3734</t>
    </point>
    <point>
      <x>0.54833335</x>
      <y>0.585</y>
      <w>0.65102637</w>
      <t>3767</t>
    </point>
    <point>
      <x>0.54833335</x>
      <y>0.5883333</y>
      <w>0.65102637</w>
      <t>3767</t>
    </point>
    <point>
      <x>0.54833335</x>
      <y>0.59</y>
      <w>0.65102637</w>
      <t>3767</t>
    </point>
    <point>
      <x>0.54833335</x>
      <y>0.59166664</y>
      <w>0.65102637</w>
      <t>3767</t>
    </point>
    <point>
      <x>0.54833335</x>
      <y>0.5933333</y>
      <w>0.65102637</w>
      <t>3767</t>
    </point>
    <point>
      <x>0.54833335</x>
      <y>0.595</y>
      <w>0.64907134</w>
      <t>3800</t>
    </point>
    <point>
      <x>0.54833335</x>
      <y>0.5966667</y>
      <w>0.64907134</w>
      <t>3800</t>
    </point>
    <point>
      <x>0.55</x>
      <y>0.5966667</y>
      <w>0.64907134</w>
      <t>3800</t>
    </point>
    <point>
      <x>0.55</x>
      <y>0.59833336</y>
      <w>0.6422287</w>
      <t>3834</t>
    </point>
    <point>
      <x>0.5516667</x>
      <y>0.59833336</y>
      <w>0.6422287</w>
      <t>3834</t>
    </point>
    <point>
      <x>0.55333334</x>
      <y>0.6</y>
      <w>0.6422287</w>
      <t>3834</t>
    </point>
    <point>
      <x>0.555</x>
      <y>0.6</y>
      <w>0.6422287</w>
      <t>3834</t>
    </point>
    <point>
      <x>0.5566667</x>
      <y>0.6</y>
      <w>0.6392962</w>
      <t>3867</t>
    </point>
    <point>
      <x>0.55833334</x>
      <y>0.6</y>
      <w>0.6392962</w>
      <t>3867</t>
    </point>
    <point>
      <x>0.56166667</x>
      <y>0.6</y>
      <w>0.6392962</w>
      <t>3867</t>
    </point>
    <point>
      <x>0.56333333</x>
      <y>0.6</y>
      <w>0.6363636</w>
      <t>3900</t>
    </point>
    <point>
      <x>0.565</x>
      <y>0.6</y>
      <w>0.6363636</w>
      <t>3900</t>
    </point>
    <point>
      <x>0.5683333</x>
      <y>0.6</y>
      <w>0.6363636</w>
      <t>3900</t>
    </point>
    <point>
      <x>0.57166666</x>
      <y>0.6</y>
      <w>0.6363636</w>
      <t>3900</t>
    </point>
    <point>
      <x>0.5733333</x>
      <y>0.6</y>
      <w>0.6363636</w>
      <t>3900</t>
    </point>
    <point>
      <x>0.57666665</x>
      <y>0.6</y>
      <w>0.6353861</w>
      <t>3934</t>
    </point>
    <point>
      <x>0.58</x>
      <y>0.59833336</y>
      <w>0.6353861</w>
      <t>3934</t>
    </point>
    <point>
      <x>0.5833333</x>
      <y>0.5966667</y>
      <w>0.6353861</w>
      <t>3934</t>
    </point>
    <point>
      <x>0.58666664</x>
      <y>0.5966667</y>
      <w>0.6353861</w>
      <t>3934</t>
    </point>
    <point>
      <x>0.59</x>
      <y>0.595</y>
      <w>0.6363636</w>
      <t>3967</t>
    </point>
    <point>
      <x>0.5933333</x>
      <y>0.595</y>
      <w>0.6363636</w>
      <t>3967</t>
    </point>
    <point>
      <x>0.5966667</x>
      <y>0.5933333</y>
      <w>0.6363636</w>
      <t>3967</t>
    </point>
    <point>
      <x>0.6</x>
      <y>0.59166664</y>
      <w>0.6363636</w>
      <t>3967</t>
    </point>
    <point>
      <x>0.605</x>
      <y>0.59</y>
      <w>0.6363636</w>
      <t>3967</t>
    </point>
    <point>
      <x>0.60833335</x>
      <y>0.59</y>
      <w>0.63245356</w>
      <t>4001</t>
    </point>
    <point>
      <x>0.61333334</x>
      <y>0.5883333</y>
      <w>0.63245356</w>
      <t>4001</t>
    </point>
    <point>
      <x>0.61833334</x>
      <y>0.58666664</y>
      <w>0.63245356</w>
      <t>4001</t>
    </point>
    <point>
      <x>0.62333333</x>
      <y>0.585</y>
      <w>0.63245356</w>
      <t>4001</t>
    </point>
    <point>
      <x>0.62833333</x>
      <y>0.5833333</y>
      <w>0.61974585</w>
      <t>4034</t>
    </point>
    <point>
      <x>0.6333333</x>
      <y>0.58166665</y>
      <w>0.61974585</w>
      <t>4034</t>
    </point>
    <point>
      <x>0.6383333</x>
      <y>0.5783333</y>
      <w>0.61974585</w>
      <t>4034</t>
    </point>
    <point>
      <x>0.6433333</x>
      <y>0.57666665</y>
      <w>0.61974585</w>
      <t>4034</t>
    </point>
    <point>
      <x>0.6483333</x>
      <y>0.575</y>
      <w>0.5884653</w>
      <t>4067</t>
    </point>
    <point>
      <x>0.6533333</x>
      <y>0.5733333</y>
      <w>0.5884653</w>
      <t>4067</t>
    </point>
    <point>
      <x>0.66</x>
      <y>0.57166666</y>
      <w>0.5884653</w>
      <t>4067</t>
    </point>
    <point>
      <x>0.665</x>
      <y>0.57</y>
      <w>0.5884653</w>
      <t>4067</t>
    </point>
    <point>
      <x>0.67</x>
      <y>0.5683333</y>
      <w>0.5884653</w>
      <t>4067</t>
    </point>
    <point>
      <x>0.675</x>
      <y>0.56666666</y>
      <w>0.58064514</w>
      <t>4101</t>
    </point>
    <point>
      <x>0.67833334</x>
      <y>0.565</y>
      <w>0.58064514</w>
      <t>4101</t>
    </point>
    <point>
      <x>0.68333334</x>
      <y>0.56166667</y>
      <w>0.58064514</w>
      <t>4101</t>
    </point>
    <point>
      <x>0.68666667</x>
      <y>0.56</y>
      <w>0.58064514</w>
      <t>4101</t>
    </point>
    <point>
      <x>0.69</x>
      <y>0.55833334</y>
      <w>0.58064514</w>
      <t>4101</t>
    </point>
    <point>
      <x>0.6933333</x>
      <y>0.5566667</y>
      <w>0.5483871</w>
      <t>4133</t>
    </point>
    <point>
      <x>0.69666666</x>
      <y>0.555</y>
      <w>0.5483871</w>
      <t>4133</t>
    </point>
    <point>
      <x>0.6983333</x>
      <y>0.55333334</y>
      <w>0.5483871</w>
      <t>4133</t>
    </point>
    <point>
      <x>0.7</x>
      <y>0.5516667</y>
      <w>0.5483871</w>
      <t>4133</t>
    </point>
    <point>
      <x>0.70166665</x>
      <y>0.55</y>
      <w>0.5092864</w>
      <t>4167</t>
    </point>
    <point>
      <x>0.70166665</x>
      <y>0.54833335</y>
      <w>0.47702834</w>
      <t>4200</t>
    </point>
    <point>
      <x>0.7033333</x>
      <y>0.54833335</y>
      <w>0.47702834</w>
      <t>4200</t>
    </point>
    <point>
      <x>0.7033333</x>
      <y>0.5466667</y>
      <w>0.47702834</w>
      <t>4200</t>
    </point>
    <point>
      <x>0.7033333</x>
      <y>0.545</y>
      <w>0.47702834</w>
      <t>4200</t>
    </point>
    <point>
      <x>0.7033333</x>
      <y>0.54333335</y>
      <w>0.44868034</w>
      <t>4234</t>
    </point>
    <point>
      <x>0.70166665</x>
      <y>0.54333335</y>
      <w>0.44868034</w>
      <t>4234</t>
    </point>
    <point>
      <x>0.70166665</x>
      <y>0.5416667</y>
      <w>0.44868034</w>
      <t>4234</t>
    </point>
    <point>
      <x>0.7</x>
      <y>0.5416667</y>
      <w>0.44868034</w>
      <t>4234</t>
    </point>
    <point>
      <x>0.7</x>
      <y>0.54</y>
      <w>0.43890518</w>
      <t>4267</t>
    </point>
    <point>
      <x>0.6983333</x>
      <y>0.53833336</y>
      <w>0.43890518</w>
      <t>4267</t>
    </point>
    <point>
      <x>0.6983333</x>
      <y>0.5366667</y>
      <w>0.43890518</w>
      <t>4267</t>
    </point>
    <point>
      <x>0.69666666</x>
      <y>0.5366667</y>
      <w>0.43890518</w>
      <t>4267</t>
    </point>
    <point>
      <x>0.69666666</x>
      <y>0.535</y>
      <w>0.43890518</w>
      <t>4268</t>
    </point>
    <point>
      <x>0.695</x>
      <y>0.535</y>
      <w>0.41348973</w>
      <t>4300</t>
    </point>
    <point>
      <x>0.6933333</x>
      <y>0.535</y>
      <w>0.41348973</w>
      <t>4300</t>
    </point>
    <point>
      <x>0.69166666</x>
      <y>0.53333336</y>
      <w>0.41348973</w>
      <t>4300</t>
    </point>
    <point>
      <x>0.69</x>
      <y>0.53333336</y>
      <w>0.41348973</w>
      <t>4300</t>
    </point>
    <point>
      <x>0.68833333</x>
      <y>0.53333336</y>
      <w>0.44281524</w>
      <t>4334</t>
    </point>
    <point>
      <x>0.68666667</x>
      <y>0.53333336</y>
      <w>0.44281524</w>
      <t>4334</t>
    </point>
    <point>
      <x>0.685</x>
      <y>0.53333336</y>
      <w>0.44281524</w>
      <t>4334</t>
    </point>
    <point>
      <x>0.68333334</x>
      <y>0.53333336</y>
      <w>0.45845553</w>
      <t>4367</t>
    </point>
    <point>
      <x>0.6816667</x>
      <y>0.53333336</y>
      <w>0.45845553</w>
      <t>4367</t>
    </point>
    <point>
      <x>0.68</x>
      <y>0.53333336</y>
      <w>0.45845553</w>
      <t>4367</t>
    </point>
    <point>
      <x>0.67833334</x>
      <y>0.53333336</y>
      <w>0.45845553</w>
      <t>4367</t>
    </point>
    <point>
      <x>0.6766667</x>
      <y>0.53333336</y>
      <w>0.48778105</w>
      <t>4401</t>
    </point>
    <point>
      <x>0.675</x>
      <y>0.53333336</y>
      <w>0.48778105</w>
      <t>4401</t>
    </point>
    <point>
      <x>0.67333335</x>
      <y>0.53333336</y>
      <w>0.48778105</w>
      <t>4401</t>
    </point>
    <point>
      <x>0.6716667</x>
      <y>0.53333336</y>
      <w>0.48778105</w>
      <t>4401</t>
    </point>
    <point>
      <x>0.67</x>
      <y>0.53333336</y>
      <w>0.5034213</w>
      <t>4434</t>
    </point>
    <point>
      <x>0.66833335</x>
      <y>0.535</y>
      <w>0.5034213</w>
      <t>4434</t>
    </point>
    <point>
      <x>0.6666667</x>
      <y>0.535</y>
      <w>0.5034213</w>
      <t>4434</t>
    </point>
    <point>
      <x>0.665</x>
      <y>0.5366667</y>
      <w>0.53763443</w>
      <t>4467</t>
    </point>
    <point>
      <x>0.66333336</x>
      <y>0.53833336</y>
      <w>0.58064514</w>
      <t>4500</t>
    </point>
    <point>
      <x>0.66333336</x>
      <y>0.54</y>
      <w>0.58064514</w>
      <t>4500</t>
    </point>
    <point>
      <x>0.6616667</x>
      <y>0.5416667</y>
      <w>0.58064514</w>
      <t>4500</t>
    </point>
    <point>
      <x>0.6616667</x>
      <y>0.54333335</y>
      <w>0.58064514</w>
      <t>4500</t>
    </point>
    <point>
      <x>0.6616667</x>
      <y>0.545</y>
      <w>0.61290324</w>
      <t>4534</t>
    </point>
    <point>
      <x>0.66</x>
      <y>0.5466667</y>
      <w>0.63734114</w>
      <t>4534</t>
    </point>
    <point>
      <x>0.66</x>
      <y>0.54833335</y>
      <w>0.63734114</w>
      <t>4534</t>
    </point>
    <point>
      <x>0.65833336</x>
      <y>0.5516667</y>
      <w>0.63734114</w>
      <t>4534</t>
    </point>
    <point>
      <x>0.65833336</x>
      <y>0.55333334</y>
      <w>0.6793744</w>
      <t>4567</t>
    </point>
    <point>
      <x>0.6566667</x>
      <y>0.555</y>
      <w>0.6793744</w>
      <t>4567</t>
    </point>
    <point>
      <x>0.6566667</x>
      <y>0.55833334</y>
      <w>0.6793744</w>
      <t>4567</t>
    </point>
    <point>
      <x>0.6566667</x>
      <y>0.56166667</y>
      <w>0.6793744</w>
      <t>4567</t>
    </point>
    <point>
      <x>0.655</x>
      <y>0.565</y>
      <w>0.6793744</w>
      <t>4567</t>
    </point>
    <point>
      <x>0.655</x>
      <y>0.5683333</y>
      <w>0.7155425</w>
      <t>4601</t>
    </point>
    <point>
      <x>0.6533333</x>
      <y>0.57166666</y>
      <w>0.7155425</w>
      <t>4601</t>
    </point>
    <point>
      <x>0.6533333</x>
      <y>0.575</y>
      <w>0.7155425</w>
      <t>4601</t>
    </point>
    <point>
      <x>0.6533333</x>
      <y>0.5783333</y>
      <w>0.7155425</w>
      <t>4601</t>
    </point>
    <point>
      <x>0.6533333</x>
      <y>0.58166665</y>
      <w>0.7311828</w>
      <t>4634</t>
    </point>
    <point>
      <x>0.65166664</x>
      <y>0.585</y>
      <w>0.7311828</w>
      <t>4634</t>
    </point>
    <point>
      <x>0.65166664</x>
      <y>0.5883333</y>
      <w>0.7311828</w>
      <t>4634</t>
    </point>
    <point>
      <x>0.65166664</x>
      <y>0.5933333</y>
      <w>0.7311828</w>
      <t>4634</t>
    </point>
    <point>
      <x>0.65166664</x>
      <y>0.5966667</y>
      <w>0.7380254</w>
      <t>4667</t>
    </point>
    <point>
      <x>0.65</x>
      <y>0.6</y>
      <w>0.7380254</w>
      <t>4667</t>
    </point>
    <point>
      <x>0.65</x>
      <y>0.605</y>
      <w>0.7380254</w>
      <t>4667</t>
    </point>
    <point>
      <x>0.65</x>
      <y>0.60833335</y>
      <w>0.7380254</w>
      <t>4667</t>
    </point>
    <point>
      <x>0.6483333</x>
      <y>0.61333334</y>
      <w>0.7380254</w>
      <t>4667</t>
    </point>
    <point>
      <x>0.6483333</x>
      <y>0.6166667</y>
      <w>0.7478006</w>
      <t>4701</t>
    </point>
    <point>
      <x>0.6483333</x>
      <y>0.62</y>
      <w>0.7478006</w>
      <t>4701</t>
    </point>
    <point>
      <x>0.6483333</x>
      <y>0.62333333</y>
      <w>0.7478006</w>
      <t>4701</t>
    </point>
    <point>
      <x>0.6483333</x>
      <y>0.62666667</y>
      <w>0.7478006</w>
      <t>4701</t>
    </point>
    <point>
      <x>0.6483333</x>
      <y>0.63</y>
      <w>0.7478006</w>
      <t>4701</t>
    </point>
    <point>
      <x>0.6483333</x>
      <y>0.6333333</y>
      <w>0.75073314</w>
      <t>4734</t>
    </point>
    <point>
      <x>0.6483333</x>
      <y>0.63666666</y>
      <w>0.75073314</w>
      <t>4734</t>
    </point>
    <point>
      <x>0.64666665</x>
      <y>0.64166665</y>
      <w>0.75073314</w>
      <t>4734</t>
    </point>
    <point>
      <x>0.64666665</x>
      <y>0.645</y>
      <w>0.75073314</w>
      <t>4734</t>
    </point>
    <point>
      <x>0.64666665</x>
      <y>0.65</y>
      <w>0.75171065</w>
      <t>4767</t>
    </point>
    <point>
      <x>0.645</x>
      <y>0.655</y>
      <w>0.75171065</w>
      <t>4767</t>
    </point>
    <point>
      <x>0.645</x>
      <y>0.66</y>
      <w>0.75171065</w>
      <t>4767</t>
    </point>
    <point>
      <x>0.6433333</x>
      <y>0.665</y>
      <w>0.75171065</w>
      <t>4767</t>
    </point>
    <point>
      <x>0.6433333</x>
      <y>0.66833335</y>
      <w>0.75073314</w>
      <t>4801</t>
    </point>
    <point>
      <x>0.64166665</x>
      <y>0.67333335</y>
      <w>0.75073314</w>
      <t>4801</t>
    </point>
    <point>
      <x>0.64</x>
      <y>0.67833334</y>
      <w>0.75073314</w>
      <t>4801</t>
    </point>
    <point>
      <x>0.64</x>
      <y>0.68333334</y>
      <w>0.75073314</w>
      <t>4801</t>
    </point>
    <point>
      <x>0.6383333</x>
      <y>0.68833333</y>
      <w>0.75073314</w>
      <t>4801</t>
    </point>
    <point>
      <x>0.63666666</x>
      <y>0.6933333</y>
      <w>0.7478006</w>
      <t>4833</t>
    </point>
    <point>
      <x>0.635</x>
      <y>0.6983333</y>
      <w>0.7478006</w>
      <t>4833</t>
    </point>
    <point>
      <x>0.6333333</x>
      <y>0.70166665</y>
      <w>0.7478006</w>
      <t>4833</t>
    </point>
    <point>
      <x>0.6333333</x>
      <y>0.70666665</y>
      <w>0.7478006</w>
      <t>4833</t>
    </point>
    <point>
      <x>0.63166666</x>
      <y>0.71</y>
      <w>0.7419355</w>
      <t>4867</t>
    </point>
    <point>
      <x>0.63</x>
      <y>0.715</y>
      <w>0.7419355</w>
      <t>4867</t>
    </point>
    <point>
      <x>0.63</x>
      <y>0.7183333</y>
      <w>0.7419355</w>
      <t>4867</t>
    </point>
    <point>
      <x>0.62833333</x>
      <y>0.7216667</y>
      <w>0.7419355</w>
      <t>4867</t>
    </point>
    <point>
      <x>0.62833333</x>
      <y>0.725</y>
      <w>0.7419355</w>
      <t>4867</t>
    </point>
    <point>
      <x>0.62666667</x>
      <y>0.73</y>
      <w>0.72727275</w>
      <t>4900</t>
    </point>
    <point>
      <x>0.625</x>
      <y>0.73333335</y>
      <w>0.72727275</w>
      <t>4900</t>
    </point>
    <point>
      <x>0.62333333</x>
      <y>0.7366667</y>
      <w>0.72727275</w>
      <t>4900</t>
    </point>
    <point>
      <x>0.62333333</x>
      <y>0.74</y>
      <w>0.72727275</w>
      <t>4900</t>
    </point>
    <point>
      <x>0.62166667</x>
      <y>0.745</y>
      <w>0.6627566</w>
      <t>4934</t>
    </point>
    <point>
      <x>0.62</x>
      <y>0.74833333</y>
      <w>0.6627566</w>
      <t>4934</t>
    </point>
    <point>
      <x>0.61833334</x>
      <y>0.75166667</y>
      <w>0.6627566</w>
      <t>4934</t>
    </point>
    <point>
      <x>0.6166667</x>
      <y>0.755</y>
      <w>0.6627566</w>
      <t>4934</t>
    </point>
    <point>
      <x>0.615</x>
      <y>0.75666666</y>
      <w>0.6158358</w>
      <t>4967</t>
    </point>
    <point>
      <x>0.61333334</x>
      <y>0.76</y>
      <w>0.6158358</w>
      <t>4967</t>
    </point>
    <point>
      <x>0.6116667</x>
      <y>0.76166666</y>
      <w>0.6158358</w>
      <t>4967</t>
    </point>
    <point>
      <x>0.61</x>
      <y>0.765</y>
      <w>0.6158358</w>
      <t>4967</t>
    </point>
    <point>
      <x>0.60833335</x>
      <y>0.76666665</y>
      <w>0.6158358</w>
      <t>4967</t>
    </point>
    <point>
      <x>0.6066667</x>
      <y>0.7683333</y>
      <w>0.5552297</w>
      <t>5001</t>
    </point>
    <point>
      <x>0.605</x>
      <y>0.77</y>
      <w>0.5552297</w>
      <t>5001</t>
    </point>
    <point>
      <x>0.60333335</x>
      <y>0.77166665</y>
      <w>0.5552297</w>
      <t>5001</t>
    </point>
    <point>
      <x>0.6016667</x>
      <y>0.77166665</y>
      <w>0.5552297</w>
      <t>5001</t>
    </point>
    <point>
      <x>0.59833336</x>
      <y>0.7733333</y>
      <w>0.5552297</w>
      <t>5001</t>
    </point>
    <point>
      <x>0.5966667</x>
      <y>0.7733333</y>
      <w>0.50048876</w>
      <t>5033</t>
    </point>
    <point>
      <x>0.595</x>
      <y>0.775</y>
      <w>0.50048876</w>
      <t>5033</t>
    </point>
    <point>
      <x>0.5933333</x>
      <y>0.775</y>
      <w>0.50048876</w>
      <t>5033</t>
    </point>
    <point>
      <x>0.59166664</x>
      <y>0.775</y>
      <w>0.50048876</w>
      <t>5033</t>
    </point>
    <point>
      <x>0.5883333</x>
      <y>0.77666664</y>
      <w>0.42521995</w>
      <t>5067</t>
    </point>
    <point>
      <x>0.585</x>
      <y>0.77666664</y>
      <w>0.42521995</w>
      <t>5067</t>
    </point>
    <point>
      <x>0.5833333</x>
      <y>0.77666664</y>
      <w>0.42521995</w>
      <t>5067</t>
    </point>
    <point>
      <x>0.58</x>
      <y>0.77666664</y>
      <w>0.42521995</w>
      <t>5067</t>
    </point>
    <point>
      <x>0.57666665</x>
      <y>0.77666664</y>
      <w>0.29618767</w>
      <t>5101</t>
    </point>
    <point>
      <x>0.575</x>
      <y>0.77666664</y>
      <w>0.29618767</w>
      <t>5101</t>
    </point>
    <point>
      <x>0.57166666</x>
      <y>0.77666664</y>
      <w>0.29618767</w>
      <t>5101</t>
    </point>
    <point>
      <x>0.5683333</x>
      <y>0.77666664</y>
      <w>0.29618767</w>
      <t>5101</t>
    </point>
    <point>
      <x>0.56666666</x>
      <y>0.77666664</y>
      <w>0.29618767</w>
      <t>5101</t>
    </point>
    <point>
      <x>0.56333333</x>
      <y>0.77666664</y>
      <w>0.22189638</w>
      <t>5134</t>
    </point>
    <point>
      <x>0.56166667</x>
      <y>0.77666664</y>
      <w>0.22189638</w>
      <t>5134</t>
    </point>
    <point>
      <x>0.56</x>
      <y>0.77666664</y>
      <w>0.22189638</w>
      <t>5134</t>
    </point>
    <point>
      <x>0.55833334</x>
      <y>0.775</y>
      <w>0.22189638</w>
      <t>5134</t>
    </point>
    <point>
      <x>0.5566667</x>
      <y>0.7733333</y>
      <w>0.25024438</w>
      <t>5167</t>
    </point>
    <point>
      <x>0.555</x>
      <y>0.77166665</y>
      <w>0.25024438</w>
      <t>5167</t>
    </point>
    <point>
      <x>0.555</x>
      <y>0.77</y>
      <w>0.25024438</w>
      <t>5167</t>
    </point>
    <point>
      <x>0.555</x>
      <y>0.7683333</y>
      <w>0.25024438</w>
      <t>5167</t>
    </point>
    <point>
      <x>0.555</x>
      <y>0.76666665</y>
      <w>0.26588467</w>
      <t>5200</t>
    </point>
    <point>
      <x>0.555</x>
      <y>0.7633333</y>
      <w>0.26588467</w>
      <t>5200</t>
    </point>
    <point>
      <x>0.555</x>
      <y>0.76</y>
      <w>0.26588467</w>
      <t>5200</t>
    </point>
    <point>
      <x>0.555</x>
      <y>0.7583333</y>
      <w>0.26588467</w>
      <t>5200</t>
    </point>
    <point>
      <x>0.555</x>
      <y>0.755</y>
      <w>0.2521994</w>
      <t>5234</t>
    </point>
    <point>
      <x>0.555</x>
      <y>0.75166667</y>
      <w>0.2521994</w>
      <t>5234</t>
    </point>
    <point>
      <x>0.555</x>
      <y>0.75</y>
      <w>0.2521994</w>
      <t>5234</t>
    </point>
    <point>
      <x>0.5566667</x>
      <y>0.74833333</y>
      <w>0.2521994</w>
      <t>5234</t>
    </point>
    <point>
      <x>0.55833334</x>
      <y>0.74666667</y>
      <w>0.28445747</w>
      <t>5267</t>
    </point>
    <point>
      <x>0.55833334</x>
      <y>0.74333334</y>
      <w>0.28445747</w>
      <t>5267</t>
    </point>
    <point>
      <x>0.56</x>
      <y>0.7416667</y>
      <w>0.28445747</w>
      <t>5267</t>
    </point>
    <point>
      <x>0.56166667</x>
      <y>0.74</y>
      <w>0.28445747</w>
      <t>5267</t>
    </point>
    <point>
      <x>0.56333333</x>
      <y>0.73833334</y>
      <w>0.28445747</w>
      <t>5267</t>
    </point>
    <point>
      <x>0.56666666</x>
      <y>0.735</y>
      <w>0.29716522</w>
      <t>5300</t>
    </point>
    <point>
      <x>0.5683333</x>
      <y>0.73333335</y>
      <w>0.29716522</w>
      <t>5300</t>
    </point>
    <point>
      <x>0.57166666</x>
      <y>0.73</y>
      <w>0.29716522</w>
      <t>5300</t>
    </point>
    <point>
      <x>0.575</x>
      <y>0.72833335</y>
      <w>0.29716522</w>
      <t>5300</t>
    </point>
    <point>
      <x>0.5783333</x>
      <y>0.7266667</y>
      <w>0.29716522</w>
      <t>5300</t>
    </point>
    <point>
      <x>0.58166665</x>
      <y>0.72333336</y>
      <w>0.37634408</w>
      <t>5334</t>
    </point>
    <point>
      <x>0.585</x>
      <y>0.7216667</y>
      <w>0.37634408</w>
      <t>5334</t>
    </point>
    <point>
      <x>0.5883333</x>
      <y>0.72</y>
      <w>0.37634408</w>
      <t>5334</t>
    </point>
    <point>
      <x>0.59</x>
      <y>0.7183333</y>
      <w>0.37634408</w>
      <t>5334</t>
    </point>
    <point>
      <x>0.5933333</x>
      <y>0.71666664</y>
      <w>0.42033234</w>
      <t>5367</t>
    </point>
    <point>
      <x>0.59833336</x>
      <y>0.715</y>
      <w>0.42033234</w>
      <t>5367</t>
    </point>
    <point>
      <x>0.6016667</x>
      <y>0.7133333</y>
      <w>0.42033234</w>
      <t>5367</t>
    </point>
    <point>
      <x>0.6066667</x>
      <y>0.71166664</y>
      <w>0.42033234</w>
      <t>5367</t>
    </point>
    <point>
      <x>0.6116667</x>
      <y>0.7083333</y>
      <w>0.43695015</w>
      <t>5401</t>
    </point>
    <point>
      <x>0.6166667</x>
      <y>0.70666665</y>
      <w>0.43695015</w>
      <t>5401</t>
    </point>
    <point>
      <x>0.62166667</x>
      <y>0.705</y>
      <w>0.43695015</w>
      <t>5401</t>
    </point>
    <point>
      <x>0.62666667</x>
      <y>0.70166665</y>
      <w>0.43695015</w>
      <t>5401</t>
    </point>
    <point>
      <x>0.63166666</x>
      <y>0.7</y>
      <w>0.43695015</w>
      <t>5401</t>
    </point>
    <point>
      <x>0.635</x>
      <y>0.69666666</y>
      <w>0.47311828</w>
      <t>5434</t>
    </point>
    <point>
      <x>0.64</x>
      <y>0.695</y>
      <w>0.47311828</w>
      <t>5434</t>
    </point>
    <point>
      <x>0.645</x>
      <y>0.6933333</y>
      <w>0.47311828</w>
      <t>5434</t>
    </point>
    <point>
      <x>0.6483333</x>
      <y>0.69166666</y>
      <w>0.47311828</w>
      <t>5434</t>
    </point>
    <point>
      <x>0.6533333</x>
      <y>0.69</y>
      <w>0.50635386</w>
      <t>5467</t>
    </point>
    <point>
      <x>0.6566667</x>
      <y>0.69</y>
      <w>0.50635386</w>
      <t>5467</t>
    </point>
    <point>
      <x>0.6616667</x>
      <y>0.68833333</y>
      <w>0.50635386</w>
      <t>5467</t>
    </point>
    <point>
      <x>0.6666667</x>
      <y>0.68666667</y>
      <w>0.50635386</w>
      <t>5467</t>
    </point>
    <point>
      <x>0.6716667</x>
      <y>0.685</y>
      <w>0.50635386</w>
      <t>5467</t>
    </point>
    <point>
      <x>0.675</x>
      <y>0.68333334</y>
      <w>0.51221895</w>
      <t>5501</t>
    </point>
    <point>
      <x>0.68</x>
      <y>0.68333334</y>
      <w>0.51221895</w>
      <t>5501</t>
    </point>
    <point>
      <x>0.68333334</x>
      <y>0.68333334</y>
      <w>0.51221895</w>
      <t>5501</t>
    </point>
    <point>
      <x>0.68833333</x>
      <y>0.6816667</y>
      <w>0.51221895</w>
      <t>5501</t>
    </point>
    <point>
      <x>0.69166666</x>
      <y>0.6816667</y>
      <w>0.5288367</w>
      <t>5534</t>
    </point>
    <point>
      <x>0.695</x>
      <y>0.6816667</y>
      <w>0.5288367</w>
      <t>5534</t>
    </point>
    <point>
      <x>0.6983333</x>
      <y>0.6816667</y>
      <w>0.5288367</w>
      <t>5534</t>
    </point>
    <point>
      <x>0.70166665</x>
      <y>0.6816667</y>
      <w>0.5288367</w>
      <t>5534</t>
    </point>
    <point>
      <x>0.705</x>
      <y>0.6816667</y>
      <w>0.5650049</w>
      <t>5567</t>
    </point>
    <point>
      <x>0.7083333</x>
      <y>0.6816667</y>
      <w>0.5650049</w>
      <t>5567</t>
    </point>
    <point>
      <x>0.71166664</x>
      <y>0.6816667</y>
      <w>0.5650049</w>
      <t>5567</t>
    </point>
    <point>
      <x>0.7133333</x>
      <y>0.6816667</y>
      <w>0.5650049</w>
      <t>5567</t>
    </point>
    <point>
      <x>0.71666664</x>
      <y>0.6816667</y>
      <w>0.5650049</w>
      <t>5567</t>
    </point>
    <point>
      <x>0.7183333</x>
      <y>0.6816667</y>
      <w>0.59237534</w>
      <t>5600</t>
    </point>
    <point>
      <x>0.7216667</x>
      <y>0.6816667</y>
      <w>0.59237534</w>
      <t>5600</t>
    </point>
    <point>
      <x>0.72333336</x>
      <y>0.6816667</y>
      <w>0.59237534</w>
      <t>5600</t>
    </point>
    <point>
      <x>0.725</x>
      <y>0.68333334</y>
      <w>0.59237534</w>
      <t>5600</t>
    </point>
    <point>
      <x>0.72833335</x>
      <y>0.68333334</y>
      <w>0.629521</w>
      <t>5634</t>
    </point>
    <point>
      <x>0.73</x>
      <y>0.68333334</y>
      <w>0.629521</w>
      <t>5634</t>
    </point>
    <point>
      <x>0.7316667</x>
      <y>0.685</y>
      <w>0.629521</w>
      <t>5634</t>
    </point>
    <point>
      <x>0.73333335</x>
      <y>0.685</y>
      <w>0.629521</w>
      <t>5634</t>
    </point>
    <point>
      <x>0.735</x>
      <y>0.68666667</y>
      <w>0.629521</w>
      <t>5634</t>
    </point>
    <point>
      <x>0.7366667</x>
      <y>0.68666667</y>
      <w>0.66471165</w>
      <t>5666</t>
    </point>
    <point>
      <x>0.7366667</x>
      <y>0.68833333</y>
      <w>0.66471165</w>
      <t>5666</t>
    </point>
    <point>
      <x>0.73833334</x>
      <y>0.68833333</y>
      <w>0.66471165</w>
      <t>5666</t>
    </point>
    <point>
      <x>0.74</x>
      <y>0.69</y>
      <w>0.66471165</w>
      <t>5666</t>
    </point>
    <point>
      <x>0.7416667</x>
      <y>0.69166666</y>
      <w>0.6783969</w>
      <t>5701</t>
    </point>
    <point>
      <x>0.74333334</x>
      <y>0.6933333</y>
      <w>0.6783969</w>
      <t>5701</t>
    </point>
    <point>
      <x>0.745</x>
      <y>0.6933333</y>
      <w>0.6783969</w>
      <t>5701</t>
    </point>
    <point>
      <x>0.745</x>
      <y>0.695</y>
      <w>0.6783969</w>
      <t>5701</t>
    </point>
    <point>
      <x>0.74666667</x>
      <y>0.69666666</y>
      <w>0.70185727</w>
      <t>5734</t>
    </point>
    <point>
      <x>0.74833333</x>
      <y>0.6983333</y>
      <w>0.70185727</w>
      <t>5734</t>
    </point>
    <point>
      <x>0.74833333</x>
      <y>0.7</y>
      <w>0.70185727</w>
      <t>5734</t>
    </point>
    <point>
      <x>0.75</x>
      <y>0.70166665</y>
      <w>0.70185727</w>
      <t>5734</t>
    </point>
    <point>
      <x>0.75166667</x>
      <y>0.7033333</y>
      <w>0.70674485</w>
      <t>5766</t>
    </point>
    <point>
      <x>0.75166667</x>
      <y>0.705</y>
      <w>0.70674485</w>
      <t>5766</t>
    </point>
    <point>
      <x>0.75333333</x>
      <y>0.70666665</y>
      <w>0.70674485</w>
      <t>5766</t>
    </point>
    <point>
      <x>0.755</x>
      <y>0.7083333</y>
      <w>0.70674485</w>
      <t>5766</t>
    </point>
    <point>
      <x>0.755</x>
      <y>0.71</y>
      <w>0.7096774</w>
      <t>5801</t>
    </point>
    <point>
      <x>0.75666666</x>
      <y>0.71166664</y>
      <w>0.7096774</w>
      <t>5801</t>
    </point>
    <point>
      <x>0.75666666</x>
      <y>0.715</y>
      <w>0.7096774</w>
      <t>5801</t>
    </point>
    <point>
      <x>0.7583333</x>
      <y>0.71666664</y>
      <w>0.7096774</w>
      <t>5801</t>
    </point>
    <point>
      <x>0.7583333</x>
      <y>0.7183333</y>
      <w>0.7096774</w>
      <t>5801</t>
    </point>
    <point>
      <x>0.76</x>
      <y>0.7216667</y>
      <w>0.7106549</w>
      <t>5834</t>
    </point>
    <point>
      <x>0.76</x>
      <y>0.72333336</y>
      <w>0.7106549</w>
      <t>5834</t>
    </point>
    <point>
      <x>0.76166666</x>
      <y>0.725</y>
      <w>0.7106549</w>
      <t>5834</t>
    </point>
    <point>
      <x>0.76166666</x>
      <y>0.7266667</y>
      <w>0.7106549</w>
      <t>5834</t>
    </point>
    <point>
      <x>0.76166666</x>
      <y>0.72833335</y>
      <w>0.7106549</w>
      <t>5867</t>
    </point>
    <point>
      <x>0.76166666</x>
      <y>0.73</y>
      <w>0.7106549</w>
      <t>5867</t>
    </point>
    <point>
      <x>0.76166666</x>
      <y>0.7316667</y>
      <w>0.7106549</w>
      <t>5867</t>
    </point>
    <point>
      <x>0.76166666</x>
      <y>0.73333335</y>
      <w>0.7106549</w>
      <t>5867</t>
    </point>
    <point>
      <x>0.76166666</x>
      <y>0.735</y>
      <w>0.7106549</w>
      <t>5867</t>
    </point>
    <point>
      <x>0.76166666</x>
      <y>0.7366667</y>
      <w>0.70772237</w>
      <t>5901</t>
    </point>
    <point>
      <x>0.76166666</x>
      <y>0.74</y>
      <w>0.70772237</w>
      <t>5901</t>
    </point>
    <point>
      <x>0.76166666</x>
      <y>0.7416667</y>
      <w>0.70772237</w>
      <t>5901</t>
    </point>
    <point>
      <x>0.76166666</x>
      <y>0.745</y>
      <w>0.70772237</w>
      <t>5901</t>
    </point>
    <point>
      <x>0.76166666</x>
      <y>0.74666667</y>
      <w>0.70772237</w>
      <t>5901</t>
    </point>
    <point>
      <x>0.76166666</x>
      <y>0.75</y>
      <w>0.7038123</w>
      <t>5934</t>
    </point>
    <point>
      <x>0.76166666</x>
      <y>0.75333333</y>
      <w>0.7038123</w>
      <t>5934</t>
    </point>
    <point>
      <x>0.76</x>
      <y>0.755</y>
      <w>0.7038123</w>
      <t>5934</t>
    </point>
    <point>
      <x>0.7583333</x>
      <y>0.7583333</y>
      <w>0.7038123</w>
      <t>5934</t>
    </point>
    <point>
      <x>0.7583333</x>
      <y>0.76166666</y>
      <w>0.686217</w>
      <t>5966</t>
    </point>
    <point>
      <x>0.75666666</x>
      <y>0.7633333</y>
      <w>0.686217</w>
      <t>5966</t>
    </point>
    <point>
      <x>0.75666666</x>
      <y>0.76666665</y>
      <w>0.686217</w>
      <t>5966</t>
    </point>
    <point>
      <x>0.755</x>
      <y>0.77</y>
      <w>0.686217</w>
      <t>5966</t>
    </point>
    <point>
      <x>0.75333333</x>
      <y>0.77166665</y>
      <w>0.65591395</w>
      <t>6000</t>
    </point>
    <point>
      <x>0.75166667</x>
      <y>0.775</y>
      <w>0.65591395</w>
      <t>6000</t>
    </point>
    <point>
      <x>0.75166667</x>
      <y>0.7783333</y>
      <w>0.65591395</w>
      <t>6000</t>
    </point>
    <point>
      <x>0.75</x>
      <y>0.7816667</y>
      <w>0.65591395</w>
      <t>6000</t>
    </point>
    <point>
      <x>0.74833333</x>
      <y>0.785</y>
      <w>0.65591395</w>
      <t>6000</t>
    </point>
    <point>
      <x>0.74666667</x>
      <y>0.78833336</y>
      <w>0.627566</w>
      <t>6034</t>
    </point>
    <point>
      <x>0.745</x>
      <y>0.79</y>
      <w>0.627566</w>
      <t>6034</t>
    </point>
    <point>
      <x>0.74333334</x>
      <y>0.79333335</y>
      <w>0.627566</w>
      <t>6034</t>
    </point>
    <point>
      <x>0.7416667</x>
      <y>0.7966667</y>
      <w>0.627566</w>
      <t>6034</t>
    </point>
    <point>
      <x>0.74</x>
      <y>0.8</y>
      <w>0.56989247</w>
      <t>6067</t>
    </point>
    <point>
      <x>0.73833334</x>
      <y>0.80333334</y>
      <w>0.56989247</w>
      <t>6067</t>
    </point>
    <point>
      <x>0.735</x>
      <y>0.80833334</y>
      <w>0.56989247</w>
      <t>6067</t>
    </point>
    <point>
      <x>0.73333335</x>
      <y>0.81166667</y>
      <w>0.56989247</w>
      <t>6067</t>
    </point>
    <point>
      <x>0.7316667</x>
      <y>0.815</y>
      <w>0.56989247</w>
      <t>6067</t>
    </point>
    <point>
      <x>0.72833335</x>
      <y>0.8183333</y>
      <w>0.5014663</w>
      <t>6101</t>
    </point>
    <point>
      <x>0.7266667</x>
      <y>0.8233333</y>
      <w>0.5014663</w>
      <t>6101</t>
    </point>
    <point>
      <x>0.725</x>
      <y>0.825</y>
      <w>0.5014663</w>
      <t>6101</t>
    </point>
    <point>
      <x>0.7216667</x>
      <y>0.8283333</y>
      <w>0.5014663</w>
      <t>6101</t>
    </point>
    <point>
      <x>0.7183333</x>
      <y>0.83166665</y>
      <w>0.44770283</w>
      <t>6134</t>
    </point>
    <point>
      <x>0.71666664</x>
      <y>0.835</y>
      <w>0.44770283</w>
      <t>6134</t>
    </point>
    <point>
      <x>0.7133333</x>
      <y>0.8383333</y>
      <w>0.44770283</w>
      <t>6134</t>
    </point>
    <point>
      <x>0.71</x>
      <y>0.84166664</y>
      <w>0.44770283</w>
      <t>6134</t>
    </point>
    <point>
      <x>0.70666665</x>
      <y>0.845</y>
      <w>0.40371457</w>
      <t>6167</t>
    </point>
    <point>
      <x>0.7033333</x>
      <y>0.84833336</y>
      <w>0.40371457</w>
      <t>6167</t>
    </point>
    <point>
      <x>0.70166665</x>
      <y>0.8516667</y>
      <w>0.40371457</w>
      <t>6167</t>
    </point>
    <point>
      <x>0.6983333</x>
      <y>0.855</y>
      <w>0.40371457</w>
      <t>6167</t>
    </point>
    <point>
      <x>0.695</x>
      <y>0.85833335</y>
      <w>0.40371457</w>
      <t>6167</t>
    </point>
    <point>
      <x>0.69166666</x>
      <y>0.8616667</y>
      <w>0.35874876</w>
      <t>6201</t>
    </point>
    <point>
      <x>0.68833333</x>
      <y>0.865</y>
      <w>0.35874876</w>
      <t>6201</t>
    </point>
    <point>
      <x>0.68333334</x>
      <y>0.86833334</y>
      <w>0.35874876</w>
      <t>6201</t>
    </point>
    <point>
      <x>0.68</x>
      <y>0.87166667</y>
      <w>0.35874876</w>
      <t>6201</t>
    </point>
    <point>
      <x>0.6766667</x>
      <y>0.875</y>
      <w>0.35874876</w>
      <t>6201</t>
    </point>
    <point>
      <x>0.6716667</x>
      <y>0.87833333</y>
      <w>0.33235583</w>
      <t>6234</t>
    </point>
    <point>
      <x>0.66833335</x>
      <y>0.88166666</y>
      <w>0.33235583</w>
      <t>6234</t>
    </point>
    <point>
      <x>0.66333336</x>
      <y>0.88666666</y>
      <w>0.33235583</w>
      <t>6234</t>
    </point>
    <point>
      <x>0.66</x>
      <y>0.89</y>
      <w>0.33235583</w>
      <t>6234</t>
    </point>
    <point>
      <x>0.655</x>
      <y>0.895</y>
      <w>0.24731183</w>
      <t>6267</t>
    </point>
    <point>
      <x>0.65</x>
      <y>0.8983333</y>
      <w>0.24731183</w>
      <t>6267</t>
    </point>
    <point>
      <x>0.64666665</x>
      <y>0.9033333</y>
      <w>0.24731183</w>
      <t>6267</t>
    </point>
    <point>
      <x>0.64166665</x>
      <y>0.9066667</y>
      <w>0.24731183</w>
      <t>6267</t>
    </point>
    <point>
      <x>0.63666666</x>
      <y>0.9116667</y>
      <w>0.0</w>
      <t>6300</t>
    </point>
    <point>
      <x>0.6333333</x>
      <y>0.915</y>
      <w>0.0</w>
      <t>6300</t>
    </point>
    <point>
      <x>0.62833333</x>
      <y>0.91833335</y>
      <w>0.0</w>
      <t>6300</t>
    </point>
  </stroke>
</character>
