<?xml version="1.0" encoding="UTF-8"?>
<character>
  <stroke time="0">
    <point>
      <x>0.315</x>
      <y>0.24666667</y>
      <w>0.32258064</w>
      <t>36</t>
    </point>
    <point>
      <x>0.31666666</x>
      <y>0.24833333</y>
      <w>0.32258064</w>
      <t>36</t>
    </point>
    <point>
      <x>0.31833333</x>
      <y>0.25</y>
      <w>0.32258064</w>
      <t>36</t>
    </point>
    <point>
      <x>0.31833333</x>
      <y>0.25166667</y>
      <w>0.370479</w>
      <t>66</t>
    </point>
    <point>
      <x>0.32</x>
      <y>0.25166667</y>
      <w>0.370479</w>
      <t>66</t>
    </point>
    <point>
      <x>0.32166666</x>
      <y>0.25333333</y>
      <w>0.370479</w>
      <t>66</t>
    </point>
    <point>
      <x>0.32166666</x>
      <y>0.255</y>
      <w>0.370479</w>
      <t>67</t>
    </point>
    <point>
      <x>0.32333332</x>
      <y>0.255</y>
      <w>0.43695015</w>
      <t>100</t>
    </point>
    <point>
      <x>0.32333332</x>
      <y>0.25666666</y>
      <w>0.43695015</w>
      <t>100</t>
    </point>
    <point>
      <x>0.325</x>
      <y>0.25833333</y>
      <w>0.43695015</w>
      <t>100</t>
    </point>
    <point>
      <x>0.32666665</x>
      <y>0.26</y>
      <w>0.49266863</w>
      <t>133</t>
    </point>
    <point>
      <x>0.32666665</x>
      <y>0.26166666</y>
      <w>0.49266863</w>
      <t>133</t>
    </point>
    <point>
      <x>0.32666665</x>
      <y>0.26333332</y>
      <w>0.49266863</w>
      <t>133</t>
    </point>
    <point>
      <x>0.32666665</x>
      <y>0.265</y>
      <w>0.49266863</w>
      <t>134</t>
    </point>
    <point>
      <x>0.32666665</x>
      <y>0.26666668</y>
      <w>0.53176934</w>
      <t>166</t>
    </point>
    <point>
      <x>0.32666665</x>
      <y>0.26833335</y>
      <w>0.53176934</w>
      <t>166</t>
    </point>
    <point>
      <x>0.32666665</x>
      <y>0.27</y>
      <w>0.53176934</w>
      <t>166</t>
    </point>
    <point>
      <x>0.32666665</x>
      <y>0.27166668</y>
      <w>0.53176934</w>
      <t>167</t>
    </point>
    <point>
      <x>0.32666665</x>
      <y>0.275</y>
      <w>0.56989247</w>
      <t>200</t>
    </point>
    <point>
      <x>0.32666665</x>
      <y>0.27666667</y>
      <w>0.56989247</w>
      <t>200</t>
    </point>
    <point>
      <x>0.32666665</x>
      <y>0.28</y>
      <w>0.56989247</w>
      <t>202</t>
    </point>
    <point>
      <x>0.325</x>
      <y>0.28333333</y>
      <w>0.56989247</w>
      <t>202</t>
    </point>
    <point>
      <x>0.325</x>
      <y>0.28666666</y>
      <w>0.56989247</w>
      <t>202</t>
    </point>
    <point>
      <x>0.32333332</x>
      <y>0.29</y>
      <w>0.58162266</w>
      <t>233</t>
    </point>
    <point>
      <x>0.32333332</x>
      <y>0.29333332</y>
      <w>0.58162266</w>
      <t>233</t>
    </point>
    <point>
      <x>0.32166666</x>
      <y>0.29666665</y>
      <w>0.58162266</w>
      <t>233</t>
    </point>
    <point>
      <x>0.32166666</x>
      <y>0.3</y>
      <w>0.58162266</w>
      <t>234</t>
    </point>
    <point>
      <x>0.32</x>
      <y>0.305</y>
      <w>0.58651024</w>
      <t>266</t>
    </point>
    <point>
      <x>0.31833333</x>
      <y>0.30833334</y>
      <w>0.58651024</w>
      <t>266</t>
    </point>
    <point>
      <x>0.31666666</x>
      <y>0.31333333</y>
      <w>0.58651024</w>
      <t>266</t>
    </point>
    <point>
      <x>0.315</x>
      <y>0.31833333</y>
      <w>0.58651024</w>
      <t>267</t>
    </point>
    <point>
      <x>0.31333333</x>
      <y>0.325</y>
      <w>0.59628546</w>
      <t>299</t>
    </point>
    <point>
      <x>0.31</x>
      <y>0.33</y>
      <w>0.59628546</w>
      <t>299</t>
    </point>
    <point>
      <x>0.30833334</x>
      <y>0.33666667</y>
      <w>0.59628546</w>
      <t>299</t>
    </point>
    <point>
      <x>0.305</x>
      <y>0.34333333</y>
      <w>0.59628546</w>
      <t>300</t>
    </point>
    <point>
      <x>0.30166668</x>
      <y>0.35</y>
      <w>0.59628546</w>
      <t>300</t>
    </point>
    <point>
      <x>0.29833335</x>
      <y>0.35666665</y>
      <w>0.60117304</w>
      <t>332</t>
    </point>
    <point>
      <x>0.29333332</x>
      <y>0.365</y>
      <w>0.60117304</w>
      <t>332</t>
    </point>
    <point>
      <x>0.28833333</x>
      <y>0.37333333</y>
      <w>0.60117304</w>
      <t>332</t>
    </point>
    <point>
      <x>0.28333333</x>
      <y>0.38166666</y>
      <w>0.60117304</w>
      <t>333</t>
    </point>
    <point>
      <x>0.27833334</x>
      <y>0.39</y>
      <w>0.6168133</w>
      <t>366</t>
    </point>
    <point>
      <x>0.27333334</x>
      <y>0.4</y>
      <w>0.6168133</w>
      <t>366</t>
    </point>
    <point>
      <x>0.26666668</x>
      <y>0.40833333</y>
      <w>0.6168133</w>
      <t>366</t>
    </point>
    <point>
      <x>0.26166666</x>
      <y>0.41666666</y>
      <w>0.6168133</w>
      <t>367</t>
    </point>
    <point>
      <x>0.255</x>
      <y>0.425</y>
      <w>0.61876833</w>
      <t>367</t>
    </point>
    <point>
      <x>0.25</x>
      <y>0.43333334</y>
      <w>0.6226784</w>
      <t>400</t>
    </point>
    <point>
      <x>0.24333334</x>
      <y>0.44166666</y>
      <w>0.6226784</w>
      <t>400</t>
    </point>
    <point>
      <x>0.23833333</x>
      <y>0.44833332</y>
      <w>0.6226784</w>
      <t>400</t>
    </point>
    <point>
      <x>0.23333333</x>
      <y>0.455</y>
      <w>0.6226784</w>
      <t>400</t>
    </point>
    <point>
      <x>0.22666667</x>
      <y>0.46166667</y>
      <w>0.6217009</w>
      <t>432</t>
    </point>
    <point>
      <x>0.22166666</x>
      <y>0.46833333</y>
      <w>0.6217009</w>
      <t>432</t>
    </point>
    <point>
      <x>0.21666667</x>
      <y>0.475</y>
      <w>0.6217009</w>
      <t>432</t>
    </point>
    <point>
      <x>0.21333334</x>
      <y>0.48</y>
      <w>0.6217009</w>
      <t>432</t>
    </point>
    <point>
      <x>0.21</x>
      <y>0.485</y>
      <w>0.6217009</w>
      <t>433</t>
    </point>
    <point>
      <x>0.20666666</x>
      <y>0.48833334</y>
      <w>0.61876833</w>
      <t>466</t>
    </point>
    <point>
      <x>0.205</x>
      <y>0.49</y>
      <w>0.61876833</w>
      <t>466</t>
    </point>
    <point>
      <x>0.20333333</x>
      <y>0.49166667</y>
      <w>0.61876833</w>
      <t>466</t>
    </point>
    <point>
      <x>0.20333333</x>
      <y>0.49</y>
      <w>0.53079176</w>
      <t>533</t>
    </point>
    <point>
      <x>0.205</x>
      <y>0.48833334</y>
      <w>0.53079176</w>
      <t>533</t>
    </point>
    <point>
      <x>0.20666666</x>
      <y>0.485</y>
      <w>0.53079176</w>
      <t>533</t>
    </point>
    <point>
      <x>0.20833333</x>
      <y>0.48166665</y>
      <w>0.52297163</w>
      <t>566</t>
    </point>
    <point>
      <x>0.21166667</x>
      <y>0.47833332</y>
      <w>0.52297163</w>
      <t>566</t>
    </point>
    <point>
      <x>0.215</x>
      <y>0.475</y>
      <w>0.52297163</w>
      <t>566</t>
    </point>
    <point>
      <x>0.21833333</x>
      <y>0.47166666</y>
      <w>0.52297163</w>
      <t>566</t>
    </point>
    <point>
      <x>0.22166666</x>
      <y>0.46833333</y>
      <w>0.49853373</w>
      <t>599</t>
    </point>
    <point>
      <x>0.22666667</x>
      <y>0.46333334</y>
      <w>0.49853373</w>
      <t>599</t>
    </point>
    <point>
      <x>0.23166667</x>
      <y>0.46</y>
      <w>0.49853373</w>
      <t>599</t>
    </point>
    <point>
      <x>0.23666666</x>
      <y>0.455</y>
      <w>0.49853373</w>
      <t>599</t>
    </point>
    <point>
      <x>0.24333334</x>
      <y>0.45</y>
      <w>0.49853373</w>
      <t>600</t>
    </point>
    <point>
      <x>0.24833333</x>
      <y>0.445</y>
      <w>0.46529815</w>
      <t>633</t>
    </point>
    <point>
      <x>0.255</x>
      <y>0.44</y>
      <w>0.46529815</w>
      <t>633</t>
    </point>
    <point>
      <x>0.26166666</x>
      <y>0.43666667</y>
      <w>0.46529815</w>
      <t>635</t>
    </point>
    <point>
      <x>0.26833335</x>
      <y>0.43166667</y>
      <w>0.46529815</w>
      <t>635</t>
    </point>
    <point>
      <x>0.275</x>
      <y>0.42833334</y>
      <w>0.4633431</w>
      <t>666</t>
    </point>
    <point>
      <x>0.28166667</x>
      <y>0.42666668</y>
      <w>0.4633431</w>
      <t>666</t>
    </point>
    <point>
      <x>0.28666666</x>
      <y>0.42333335</y>
      <w>0.4633431</w>
      <t>666</t>
    </point>
    <point>
      <x>0.29333332</x>
      <y>0.42</y>
      <w>0.4633431</w>
      <t>666</t>
    </point>
    <point>
      <x>0.3</x>
      <y>0.41666666</y>
      <w>0.4633431</w>
      <t>667</t>
    </point>
    <point>
      <x>0.30666667</x>
      <y>0.41333333</y>
      <w>0.46627566</w>
      <t>699</t>
    </point>
    <point>
      <x>0.31166667</x>
      <y>0.41166666</y>
      <w>0.46627566</w>
      <t>699</t>
    </point>
    <point>
      <x>0.31833333</x>
      <y>0.40833333</y>
      <w>0.46627566</w>
      <t>699</t>
    </point>
    <point>
      <x>0.32333332</x>
      <y>0.405</y>
      <w>0.46627566</w>
      <t>699</t>
    </point>
    <point>
      <x>0.33</x>
      <y>0.40333334</y>
      <w>0.5083089</w>
      <t>733</t>
    </point>
    <point>
      <x>0.335</x>
      <y>0.40166667</y>
      <w>0.5083089</w>
      <t>733</t>
    </point>
    <point>
      <x>0.33833334</x>
      <y>0.4</y>
      <w>0.5083089</w>
      <t>735</t>
    </point>
    <point>
      <x>0.34333333</x>
      <y>0.4</y>
      <w>0.51710653</w>
      <t>735</t>
    </point>
    <point>
      <x>0.34666666</x>
      <y>0.4</y>
      <w>0.51710653</w>
      <t>735</t>
    </point>
    <point>
      <x>0.35</x>
      <y>0.4</y>
      <w>0.5464321</w>
      <t>766</t>
    </point>
    <point>
      <x>0.35333332</x>
      <y>0.4</y>
      <w>0.5464321</w>
      <t>766</t>
    </point>
    <point>
      <x>0.35666665</x>
      <y>0.4</y>
      <w>0.5464321</w>
      <t>766</t>
    </point>
    <point>
      <x>0.36</x>
      <y>0.4</y>
      <w>0.5464321</w>
      <t>766</t>
    </point>
    <point>
      <x>0.36333334</x>
      <y>0.4</y>
      <w>0.59530795</w>
      <t>799</t>
    </point>
    <point>
      <x>0.36666667</x>
      <y>0.40166667</y>
      <w>0.59530795</w>
      <t>799</t>
    </point>
    <point>
      <x>0.36833334</x>
      <y>0.40166667</y>
      <w>0.59530795</w>
      <t>799</t>
    </point>
    <point>
      <x>0.37166667</x>
      <y>0.40333334</y>
      <w>0.59530795</w>
      <t>799</t>
    </point>
    <point>
      <x>0.37333333</x>
      <y>0.40333334</y>
      <w>0.6217009</w>
      <t>833</t>
    </point>
    <point>
      <x>0.375</x>
      <y>0.405</y>
      <w>0.6217009</w>
      <t>833</t>
    </point>
    <point>
      <x>0.37833333</x>
      <y>0.40666667</y>
      <w>0.6217009</w>
      <t>833</t>
    </point>
    <point>
      <x>0.38</x>
      <y>0.40833333</y>
      <w>0.6217009</w>
      <t>833</t>
    </point>
    <point>
      <x>0.38333333</x>
      <y>0.41166666</y>
      <w>0.6217009</w>
      <t>834</t>
    </point>
    <point>
      <x>0.385</x>
      <y>0.41333333</y>
      <w>0.6344086</w>
      <t>866</t>
    </point>
    <point>
      <x>0.38666666</x>
      <y>0.415</y>
      <w>0.6344086</w>
      <t>866</t>
    </point>
    <point>
      <x>0.39</x>
      <y>0.41666666</y>
      <w>0.6344086</w>
      <t>866</t>
    </point>
    <point>
      <x>0.39166668</x>
      <y>0.42</y>
      <w>0.6344086</w>
      <t>866</t>
    </point>
    <point>
      <x>0.39333335</x>
      <y>0.42166665</y>
      <w>0.6304985</w>
      <t>899</t>
    </point>
    <point>
      <x>0.39333335</x>
      <y>0.42333335</y>
      <w>0.6304985</w>
      <t>899</t>
    </point>
    <point>
      <x>0.395</x>
      <y>0.425</y>
      <w>0.6304985</w>
      <t>899</t>
    </point>
    <point>
      <x>0.395</x>
      <y>0.42833334</y>
      <w>0.6304985</w>
      <t>899</t>
    </point>
    <point>
      <x>0.39666668</x>
      <y>0.43</y>
      <w>0.6304985</w>
      <t>900</t>
    </point>
    <point>
      <x>0.39666668</x>
      <y>0.43166667</y>
      <w>0.6334311</w>
      <t>933</t>
    </point>
    <point>
      <x>0.39666668</x>
      <y>0.43333334</y>
      <w>0.6334311</w>
      <t>933</t>
    </point>
    <point>
      <x>0.39666668</x>
      <y>0.43666667</y>
      <w>0.6334311</w>
      <t>933</t>
    </point>
    <point>
      <x>0.39666668</x>
      <y>0.44</y>
      <w>0.6334311</w>
      <t>933</t>
    </point>
    <point>
      <x>0.39666668</x>
      <y>0.44333333</y>
      <w>0.64907134</w>
      <t>966</t>
    </point>
    <point>
      <x>0.39666668</x>
      <y>0.44666666</y>
      <w>0.64907134</w>
      <t>966</t>
    </point>
    <point>
      <x>0.39666668</x>
      <y>0.45</y>
      <w>0.64907134</w>
      <t>966</t>
    </point>
    <point>
      <x>0.39666668</x>
      <y>0.455</y>
      <w>0.64907134</w>
      <t>966</t>
    </point>
    <point>
      <x>0.395</x>
      <y>0.45833334</y>
      <w>0.64907134</w>
      <t>966</t>
    </point>
    <point>
      <x>0.395</x>
      <y>0.46333334</y>
      <w>0.65102637</w>
      <t>999</t>
    </point>
    <point>
      <x>0.39333335</x>
      <y>0.46666667</y>
      <w>0.65102637</w>
      <t>999</t>
    </point>
    <point>
      <x>0.39</x>
      <y>0.47166666</y>
      <w>0.65102637</w>
      <t>999</t>
    </point>
    <point>
      <x>0.38833332</x>
      <y>0.47666666</y>
      <w>0.65102637</w>
      <t>999</t>
    </point>
    <point>
      <x>0.385</x>
      <y>0.48166665</y>
      <w>0.6529814</w>
      <t>1033</t>
    </point>
    <point>
      <x>0.38333333</x>
      <y>0.48666668</y>
      <w>0.6529814</w>
      <t>1033</t>
    </point>
    <point>
      <x>0.38</x>
      <y>0.49166667</y>
      <w>0.6529814</w>
      <t>1033</t>
    </point>
    <point>
      <x>0.37666667</x>
      <y>0.49666667</y>
      <w>0.6529814</w>
      <t>1034</t>
    </point>
    <point>
      <x>0.37166667</x>
      <y>0.50166667</y>
      <w>0.6529814</w>
      <t>1034</t>
    </point>
    <point>
      <x>0.36833334</x>
      <y>0.5083333</y>
      <w>0.6539589</w>
      <t>1066</t>
    </point>
    <point>
      <x>0.36333334</x>
      <y>0.515</y>
      <w>0.6539589</w>
      <t>1066</t>
    </point>
    <point>
      <x>0.36</x>
      <y>0.52</y>
      <w>0.6539589</w>
      <t>1066</t>
    </point>
    <point>
      <x>0.355</x>
      <y>0.52666664</y>
      <w>0.6539589</w>
      <t>1066</t>
    </point>
    <point>
      <x>0.35166666</x>
      <y>0.5316667</y>
      <w>0.6529814</w>
      <t>1100</t>
    </point>
    <point>
      <x>0.34666666</x>
      <y>0.53833336</y>
      <w>0.6529814</w>
      <t>1100</t>
    </point>
    <point>
      <x>0.34333333</x>
      <y>0.54333335</y>
      <w>0.6529814</w>
      <t>1100</t>
    </point>
    <point>
      <x>0.33833334</x>
      <y>0.55</y>
      <w>0.6529814</w>
      <t>1100</t>
    </point>
    <point>
      <x>0.33333334</x>
      <y>0.5566667</y>
      <w>0.6461388</w>
      <t>1133</t>
    </point>
    <point>
      <x>0.32833335</x>
      <y>0.56166667</y>
      <w>0.6461388</w>
      <t>1133</t>
    </point>
    <point>
      <x>0.32333332</x>
      <y>0.5683333</y>
      <w>0.6461388</w>
      <t>1133</t>
    </point>
    <point>
      <x>0.31833333</x>
      <y>0.575</y>
      <w>0.6461388</w>
      <t>1133</t>
    </point>
    <point>
      <x>0.31333333</x>
      <y>0.58</y>
      <w>0.6461388</w>
      <t>1133</t>
    </point>
    <point>
      <x>0.30666667</x>
      <y>0.585</y>
      <w>0.6031281</w>
      <t>1166</t>
    </point>
    <point>
      <x>0.30166668</x>
      <y>0.59</y>
      <w>0.6031281</w>
      <t>1166</t>
    </point>
    <point>
      <x>0.29666665</x>
      <y>0.5933333</y>
      <w>0.6031281</w>
      <t>1166</t>
    </point>
    <point>
      <x>0.29333332</x>
      <y>0.59833336</y>
      <w>0.6031281</w>
      <t>1166</t>
    </point>
    <point>
      <x>0.28833333</x>
      <y>0.6016667</y>
      <w>0.4740958</w>
      <t>1199</t>
    </point>
    <point>
      <x>0.285</x>
      <y>0.605</y>
      <w>0.4740958</w>
      <t>1199</t>
    </point>
    <point>
      <x>0.28166667</x>
      <y>0.6066667</y>
      <w>0.4740958</w>
      <t>1199</t>
    </point>
    <point>
      <x>0.27833334</x>
      <y>0.60833335</y>
      <w>0.4740958</w>
      <t>1199</t>
    </point>
    <point>
      <x>0.275</x>
      <y>0.61</y>
      <w>0.4740958</w>
      <t>1199</t>
    </point>
    <point>
      <x>0.27166668</x>
      <y>0.6116667</y>
      <w>0.3362659</w>
      <t>1233</t>
    </point>
    <point>
      <x>0.27</x>
      <y>0.61333334</y>
      <w>0.3362659</w>
      <t>1233</t>
    </point>
    <point>
      <x>0.26666668</x>
      <y>0.61333334</y>
      <w>0.3362659</w>
      <t>1233</t>
    </point>
    <point>
      <x>0.265</x>
      <y>0.61333334</y>
      <w>0.3362659</w>
      <t>1233</t>
    </point>
    <point>
      <x>0.26333332</x>
      <y>0.61333334</y>
      <w>0.23264907</w>
      <t>1266</t>
    </point>
    <point>
      <x>0.26166666</x>
      <y>0.61333334</y>
      <w>0.23264907</w>
      <t>1266</t>
    </point>
    <point>
      <x>0.26</x>
      <y>0.61333334</y>
      <w>0.23264907</w>
      <t>1266</t>
    </point>
    <point>
      <x>0.26</x>
      <y>0.6116667</y>
      <w>0.23264907</w>
      <t>1266</t>
    </point>
    <point>
      <x>0.25833333</x>
      <y>0.61</y>
      <w>0.23264907</w>
      <t>1266</t>
    </point>
    <point>
      <x>0.25833333</x>
      <y>0.6066667</y>
      <w>0.036168132</w>
      <t>1300</t>
    </point>
    <point>
      <x>0.25666666</x>
      <y>0.60333335</y>
      <w>0.036168132</w>
      <t>1300</t>
    </point>
    <point>
      <x>0.25666666</x>
      <y>0.6016667</y>
      <w>0.036168132</w>
      <t>1300</t>
    </point>
    <point>
      <x>0.25666666</x>
      <y>0.59833336</y>
      <w>0.036168132</w>
      <t>1300</t>
    </point>
    <point>
      <x>0.25666666</x>
      <y>0.595</y>
      <w>0.08699902</w>
      <t>1333</t>
    </point>
    <point>
      <x>0.25666666</x>
      <y>0.5933333</y>
      <w>0.08699902</w>
      <t>1333</t>
    </point>
    <point>
      <x>0.25666666</x>
      <y>0.59166664</y>
      <w>0.08699902</w>
      <t>1333</t>
    </point>
    <point>
      <x>0.25666666</x>
      <y>0.5883333</y>
      <w>0.08699902</w>
      <t>1333</t>
    </point>
    <point>
      <x>0.25666666</x>
      <y>0.58666664</y>
      <w>0.08699902</w>
      <t>1333</t>
    </point>
    <point>
      <x>0.25833333</x>
      <y>0.5833333</y>
      <w>0.15640274</w>
      <t>1366</t>
    </point>
    <point>
      <x>0.25833333</x>
      <y>0.58</y>
      <w>0.15640274</w>
      <t>1366</t>
    </point>
    <point>
      <x>0.26</x>
      <y>0.57666665</y>
      <w>0.15640274</w>
      <t>1366</t>
    </point>
    <point>
      <x>0.26166666</x>
      <y>0.575</y>
      <w>0.15640274</w>
      <t>1366</t>
    </point>
    <point>
      <x>0.26333332</x>
      <y>0.57166666</y>
      <w>0.21309873</w>
      <t>1400</t>
    </point>
    <point>
      <x>0.265</x>
      <y>0.57</y>
      <w>0.21309873</w>
      <t>1400</t>
    </point>
    <point>
      <x>0.26666668</x>
      <y>0.56666666</y>
      <w>0.21309873</w>
      <t>1400</t>
    </point>
    <point>
      <x>0.27</x>
      <y>0.565</y>
      <w>0.21309873</w>
      <t>1400</t>
    </point>
    <point>
      <x>0.27166668</x>
      <y>0.56333333</y>
      <w>0.25024438</w>
      <t>1433</t>
    </point>
    <point>
      <x>0.275</x>
      <y>0.56166667</y>
      <w>0.25024438</w>
      <t>1433</t>
    </point>
    <point>
      <x>0.27666667</x>
      <y>0.56</y>
      <w>0.25024438</w>
      <t>1433</t>
    </point>
    <point>
      <x>0.27833334</x>
      <y>0.55833334</y>
      <w>0.25024438</w>
      <t>1433</t>
    </point>
    <point>
      <x>0.28</x>
      <y>0.5566667</y>
      <w>0.25024438</w>
      <t>1433</t>
    </point>
    <point>
      <x>0.28333333</x>
      <y>0.5566667</y>
      <w>0.3088954</w>
      <t>1466</t>
    </point>
    <point>
      <x>0.285</x>
      <y>0.555</y>
      <w>0.3088954</w>
      <t>1466</t>
    </point>
    <point>
      <x>0.28666666</x>
      <y>0.555</y>
      <w>0.3088954</w>
      <t>1466</t>
    </point>
    <point>
      <x>0.29</x>
      <y>0.55333334</y>
      <w>0.3088954</w>
      <t>1466</t>
    </point>
    <point>
      <x>0.29166666</x>
      <y>0.5516667</y>
      <w>0.34604105</w>
      <t>1500</t>
    </point>
    <point>
      <x>0.295</x>
      <y>0.5516667</y>
      <w>0.34604105</w>
      <t>1500</t>
    </point>
    <point>
      <x>0.29666665</x>
      <y>0.5516667</y>
      <w>0.34604105</w>
      <t>1500</t>
    </point>
    <point>
      <x>0.29833335</x>
      <y>0.5516667</y>
      <w>0.34604105</w>
      <t>1500</t>
    </point>
    <point>
      <x>0.3</x>
      <y>0.5516667</y>
      <w>0.4349951</w>
      <t>1533</t>
    </point>
    <point>
      <x>0.30166668</x>
      <y>0.5516667</y>
      <w>0.4349951</w>
      <t>1533</t>
    </point>
    <point>
      <x>0.30166668</x>
      <y>0.55333334</y>
      <w>0.4349951</w>
      <t>1533</t>
    </point>
    <point>
      <x>0.30333334</x>
      <y>0.555</y>
      <w>0.53763443</w>
      <t>1567</t>
    </point>
    <point>
      <x>0.305</x>
      <y>0.5566667</y>
      <w>0.53763443</w>
      <t>1567</t>
    </point>
    <point>
      <x>0.30666667</x>
      <y>0.55833334</y>
      <w>0.53763443</w>
      <t>1567</t>
    </point>
    <point>
      <x>0.30666667</x>
      <y>0.56</y>
      <w>0.53763443</w>
      <t>1567</t>
    </point>
    <point>
      <x>0.30833334</x>
      <y>0.56</y>
      <w>0.53763443</w>
      <t>1567</t>
    </point>
    <point>
      <x>0.31</x>
      <y>0.56166667</y>
      <w>0.6060606</w>
      <t>1600</t>
    </point>
    <point>
      <x>0.31</x>
      <y>0.56333333</y>
      <w>0.6060606</w>
      <t>1600</t>
    </point>
    <point>
      <x>0.31166667</x>
      <y>0.565</y>
      <w>0.6060606</w>
      <t>1600</t>
    </point>
    <point>
      <x>0.31166667</x>
      <y>0.56666666</y>
      <w>0.6520039</w>
      <t>1633</t>
    </point>
    <point>
      <x>0.31333333</x>
      <y>0.5683333</y>
      <w>0.6520039</w>
      <t>1633</t>
    </point>
    <point>
      <x>0.31333333</x>
      <y>0.57</y>
      <w>0.6520039</w>
      <t>1633</t>
    </point>
    <point>
      <x>0.31333333</x>
      <y>0.57166666</y>
      <w>0.6520039</w>
      <t>1633</t>
    </point>
    <point>
      <x>0.31333333</x>
      <y>0.5733333</y>
      <w>0.69501466</w>
      <t>1666</t>
    </point>
    <point>
      <x>0.31333333</x>
      <y>0.57666665</y>
      <w>0.69501466</w>
      <t>1666</t>
    </point>
    <point>
      <x>0.31333333</x>
      <y>0.58</y>
      <w>0.69501466</w>
      <t>1666</t>
    </point>
    <point>
      <x>0.31333333</x>
      <y>0.58166665</y>
      <w>0.69501466</w>
      <t>1666</t>
    </point>
    <point>
      <x>0.31333333</x>
      <y>0.585</y>
      <w>0.72825027</w>
      <t>1700</t>
    </point>
    <point>
      <x>0.31333333</x>
      <y>0.5883333</y>
      <w>0.72825027</w>
      <t>1700</t>
    </point>
    <point>
      <x>0.31333333</x>
      <y>0.59</y>
      <w>0.72825027</w>
      <t>1700</t>
    </point>
    <point>
      <x>0.31333333</x>
      <y>0.5933333</y>
      <w>0.72825027</w>
      <t>1700</t>
    </point>
    <point>
      <x>0.31333333</x>
      <y>0.5966667</y>
      <w>0.75171065</w>
      <t>1733</t>
    </point>
    <point>
      <x>0.31333333</x>
      <y>0.6</y>
      <w>0.75171065</w>
      <t>1733</t>
    </point>
    <point>
      <x>0.31333333</x>
      <y>0.605</y>
      <w>0.75171065</w>
      <t>1733</t>
    </point>
    <point>
      <x>0.31333333</x>
      <y>0.60833335</y>
      <w>0.75171065</w>
      <t>1733</t>
    </point>
    <point>
      <x>0.31333333</x>
      <y>0.6116667</y>
      <w>0.75171065</w>
      <t>1733</t>
    </point>
    <point>
      <x>0.31166667</x>
      <y>0.6166667</y>
      <w>0.7820137</w>
      <t>1766</t>
    </point>
    <point>
      <x>0.31166667</x>
      <y>0.62</y>
      <w>0.7820137</w>
      <t>1766</t>
    </point>
    <point>
      <x>0.31166667</x>
      <y>0.62333333</y>
      <w>0.7820137</w>
      <t>1766</t>
    </point>
    <point>
      <x>0.31166667</x>
      <y>0.62666667</y>
      <w>0.7820137</w>
      <t>1766</t>
    </point>
    <point>
      <x>0.31</x>
      <y>0.63166666</y>
      <w>0.78983384</w>
      <t>1799</t>
    </point>
    <point>
      <x>0.31</x>
      <y>0.635</y>
      <w>0.78983384</w>
      <t>1799</t>
    </point>
    <point>
      <x>0.31</x>
      <y>0.64</y>
      <w>0.78983384</w>
      <t>1799</t>
    </point>
    <point>
      <x>0.31</x>
      <y>0.6433333</y>
      <w>0.78983384</w>
      <t>1799</t>
    </point>
    <point>
      <x>0.30833334</x>
      <y>0.6483333</y>
      <w>0.78983384</w>
      <t>1799</t>
    </point>
    <point>
      <x>0.30833334</x>
      <y>0.6533333</y>
      <w>0.7927664</w>
      <t>1833</t>
    </point>
    <point>
      <x>0.30833334</x>
      <y>0.6566667</y>
      <w>0.7927664</w>
      <t>1833</t>
    </point>
    <point>
      <x>0.30833334</x>
      <y>0.6616667</y>
      <w>0.7927664</w>
      <t>1833</t>
    </point>
    <point>
      <x>0.30833334</x>
      <y>0.6666667</y>
      <w>0.7927664</w>
      <t>1833</t>
    </point>
    <point>
      <x>0.30833334</x>
      <y>0.6716667</y>
      <w>0.797654</w>
      <t>1866</t>
    </point>
    <point>
      <x>0.30666667</x>
      <y>0.6766667</y>
      <w>0.797654</w>
      <t>1866</t>
    </point>
    <point>
      <x>0.30666667</x>
      <y>0.6816667</y>
      <w>0.797654</w>
      <t>1866</t>
    </point>
    <point>
      <x>0.30666667</x>
      <y>0.68666667</y>
      <w>0.797654</w>
      <t>1866</t>
    </point>
    <point>
      <x>0.30666667</x>
      <y>0.69166666</y>
      <w>0.797654</w>
      <t>1866</t>
    </point>
    <point>
      <x>0.30666667</x>
      <y>0.695</y>
      <w>0.7986315</w>
      <t>1900</t>
    </point>
    <point>
      <x>0.30666667</x>
      <y>0.7</y>
      <w>0.7986315</w>
      <t>1900</t>
    </point>
    <point>
      <x>0.30666667</x>
      <y>0.705</y>
      <w>0.7986315</w>
      <t>1900</t>
    </point>
    <point>
      <x>0.30666667</x>
      <y>0.71</y>
      <w>0.7986315</w>
      <t>1900</t>
    </point>
    <point>
      <x>0.30666667</x>
      <y>0.715</y>
      <w>0.799609</w>
      <t>1933</t>
    </point>
    <point>
      <x>0.30666667</x>
      <y>0.7183333</y>
      <w>0.799609</w>
      <t>1933</t>
    </point>
    <point>
      <x>0.30666667</x>
      <y>0.72333336</y>
      <w>0.799609</w>
      <t>1933</t>
    </point>
    <point>
      <x>0.30666667</x>
      <y>0.7266667</y>
      <w>0.799609</w>
      <t>1933</t>
    </point>
    <point>
      <x>0.30666667</x>
      <y>0.73</y>
      <w>0.799609</w>
      <t>1933</t>
    </point>
    <point>
      <x>0.30833334</x>
      <y>0.7316667</y>
      <w>0.797654</w>
      <t>1966</t>
    </point>
    <point>
      <x>0.30833334</x>
      <y>0.73333335</y>
      <w>0.797654</w>
      <t>1966</t>
    </point>
    <point>
      <x>0.31</x>
      <y>0.735</y>
      <w>0.797654</w>
      <t>1966</t>
    </point>
    <point>
      <x>0.31</x>
      <y>0.73833334</y>
      <w>0.797654</w>
      <t>1966</t>
    </point>
    <point>
      <x>0.31</x>
      <y>0.74</y>
      <w>0.7986315</w>
      <t>2000</t>
    </point>
    <point>
      <x>0.31166667</x>
      <y>0.7416667</y>
      <w>0.7986315</w>
      <t>2000</t>
    </point>
    <point>
      <x>0.31166667</x>
      <y>0.74333334</y>
      <w>0.7986315</w>
      <t>2000</t>
    </point>
    <point>
      <x>0.31166667</x>
      <y>0.74666667</y>
      <w>0.7986315</w>
      <t>2000</t>
    </point>
    <point>
      <x>0.31166667</x>
      <y>0.74833333</y>
      <w>0.79569894</w>
      <t>2033</t>
    </point>
    <point>
      <x>0.31333333</x>
      <y>0.75</y>
      <w>0.79569894</w>
      <t>2033</t>
    </point>
    <point>
      <x>0.31333333</x>
      <y>0.75166667</y>
      <w>0.79569894</w>
      <t>2033</t>
    </point>
    <point>
      <x>0.31333333</x>
      <y>0.75333333</y>
      <w>0.79569894</w>
      <t>2033</t>
    </point>
    <point>
      <x>0.31333333</x>
      <y>0.755</y>
      <w>0.7869013</w>
      <t>2066</t>
    </point>
    <point>
      <x>0.315</x>
      <y>0.755</y>
      <w>0.7605083</w>
      <t>2100</t>
    </point>
    <point>
      <x>0.31666666</x>
      <y>0.755</y>
      <w>0.7605083</w>
      <t>2100</t>
    </point>
    <point>
      <x>0.31833333</x>
      <y>0.755</y>
      <w>0.73216033</w>
      <t>2133</t>
    </point>
    <point>
      <x>0.32</x>
      <y>0.755</y>
      <w>0.73216033</w>
      <t>2133</t>
    </point>
    <point>
      <x>0.32</x>
      <y>0.75333333</y>
      <w>0.73216033</w>
      <t>2133</t>
    </point>
    <point>
      <x>0.32166666</x>
      <y>0.75333333</y>
      <w>0.68817204</w>
      <t>2166</t>
    </point>
    <point>
      <x>0.32333332</x>
      <y>0.75166667</y>
      <w>0.68817204</w>
      <t>2166</t>
    </point>
    <point>
      <x>0.325</x>
      <y>0.75</y>
      <w>0.68817204</w>
      <t>2166</t>
    </point>
    <point>
      <x>0.32666665</x>
      <y>0.74833333</y>
      <w>0.68817204</w>
      <t>2166</t>
    </point>
    <point>
      <x>0.32833335</x>
      <y>0.74666667</y>
      <w>0.68817204</w>
      <t>2166</t>
    </point>
    <point>
      <x>0.33</x>
      <y>0.745</y>
      <w>0.6627566</w>
      <t>2200</t>
    </point>
    <point>
      <x>0.33166668</x>
      <y>0.74333334</y>
      <w>0.6627566</w>
      <t>2200</t>
    </point>
    <point>
      <x>0.33333334</x>
      <y>0.74</y>
      <w>0.6627566</w>
      <t>2200</t>
    </point>
    <point>
      <x>0.335</x>
      <y>0.7366667</y>
      <w>0.6627566</w>
      <t>2200</t>
    </point>
    <point>
      <x>0.33833334</x>
      <y>0.73333335</y>
      <w>0.62561095</w>
      <t>2233</t>
    </point>
    <point>
      <x>0.34</x>
      <y>0.73</y>
      <w>0.62561095</w>
      <t>2233</t>
    </point>
    <point>
      <x>0.34166667</x>
      <y>0.72833335</y>
      <w>0.62561095</w>
      <t>2233</t>
    </point>
    <point>
      <x>0.34333333</x>
      <y>0.725</y>
      <w>0.62561095</w>
      <t>2233</t>
    </point>
    <point>
      <x>0.345</x>
      <y>0.7216667</y>
      <w>0.62561095</w>
      <t>2233</t>
    </point>
    <point>
      <x>0.34833333</x>
      <y>0.7183333</y>
      <w>0.542522</w>
      <t>2267</t>
    </point>
    <point>
      <x>0.35</x>
      <y>0.715</y>
      <w>0.542522</w>
      <t>2267</t>
    </point>
    <point>
      <x>0.35166666</x>
      <y>0.71</y>
      <w>0.542522</w>
      <t>2267</t>
    </point>
    <point>
      <x>0.355</x>
      <y>0.70666665</y>
      <w>0.542522</w>
      <t>2267</t>
    </point>
    <point>
      <x>0.35666665</x>
      <y>0.70166665</y>
      <w>0.51710653</w>
      <t>2300</t>
    </point>
    <point>
      <x>0.35833332</x>
      <y>0.6983333</y>
      <w>0.51710653</w>
      <t>2300</t>
    </point>
    <point>
      <x>0.36166668</x>
      <y>0.6933333</y>
      <w>0.51710653</w>
      <t>2300</t>
    </point>
    <point>
      <x>0.36333334</x>
      <y>0.69</y>
      <w>0.51710653</w>
      <t>2300</t>
    </point>
    <point>
      <x>0.36666667</x>
      <y>0.685</y>
      <w>0.5043988</w>
      <t>2333</t>
    </point>
    <point>
      <x>0.36833334</x>
      <y>0.6816667</y>
      <w>0.5043988</w>
      <t>2333</t>
    </point>
    <point>
      <x>0.37166667</x>
      <y>0.6766667</y>
      <w>0.5043988</w>
      <t>2333</t>
    </point>
    <point>
      <x>0.375</x>
      <y>0.67333335</y>
      <w>0.5043988</w>
      <t>2333</t>
    </point>
    <point>
      <x>0.37833333</x>
      <y>0.66833335</y>
      <w>0.5043988</w>
      <t>2333</t>
    </point>
    <point>
      <x>0.38166666</x>
      <y>0.66333336</y>
      <w>0.39491692</w>
      <t>2367</t>
    </point>
    <point>
      <x>0.385</x>
      <y>0.66</y>
      <w>0.39491692</w>
      <t>2367</t>
    </point>
    <point>
      <x>0.38833332</x>
      <y>0.655</y>
      <w>0.39491692</w>
      <t>2367</t>
    </point>
    <point>
      <x>0.39</x>
      <y>0.6483333</y>
      <w>0.39491692</w>
      <t>2367</t>
    </point>
    <point>
      <x>0.39333335</x>
      <y>0.6433333</y>
      <w>0.36070383</w>
      <t>2399</t>
    </point>
    <point>
      <x>0.39666668</x>
      <y>0.6383333</y>
      <w>0.36070383</w>
      <t>2399</t>
    </point>
    <point>
      <x>0.4</x>
      <y>0.6333333</y>
      <w>0.36070383</w>
      <t>2399</t>
    </point>
    <point>
      <x>0.40166667</x>
      <y>0.62833333</y>
      <w>0.36070383</w>
      <t>2399</t>
    </point>
    <point>
      <x>0.405</x>
      <y>0.62333333</y>
      <w>0.36070383</w>
      <t>2399</t>
    </point>
    <point>
      <x>0.40666667</x>
      <y>0.61833334</y>
      <w>0.0</w>
      <t>2433</t>
    </point>
    <point>
      <x>0.40833333</x>
      <y>0.615</y>
      <w>0.0</w>
      <t>2433</t>
    </point>
  </stroke>
  <stroke time="3700">
    <point>
      <x>0.50333333</x>
      <y>0.25166667</y>
      <w>0.17693059</w>
      <t>3700</t>
    </point>
    <point>
      <x>0.50333333</x>
      <y>0.255</y>
      <w>0.17693059</w>
      <t>3700</t>
    </point>
    <point>
      <x>0.50333333</x>
      <y>0.25666666</y>
      <w>0.17693059</w>
      <t>3700</t>
    </point>
    <point>
      <x>0.50333333</x>
      <y>0.26</y>
      <w>0.2170088</w>
      <t>3733</t>
    </point>
    <point>
      <x>0.50333333</x>
      <y>0.26333332</y>
      <w>0.2170088</w>
      <t>3733</t>
    </point>
    <point>
      <x>0.50333333</x>
      <y>0.26666668</y>
      <w>0.2170088</w>
      <t>3733</t>
    </point>
    <point>
      <x>0.50333333</x>
      <y>0.26833335</y>
      <w>0.2170088</w>
      <t>3733</t>
    </point>
    <point>
      <x>0.50333333</x>
      <y>0.27166668</y>
      <w>0.2170088</w>
      <t>3733</t>
    </point>
    <point>
      <x>0.50333333</x>
      <y>0.275</y>
      <w>0.31867057</w>
      <t>3766</t>
    </point>
    <point>
      <x>0.50333333</x>
      <y>0.27833334</y>
      <w>0.31867057</w>
      <t>3766</t>
    </point>
    <point>
      <x>0.50333333</x>
      <y>0.28333333</y>
      <w>0.31867057</w>
      <t>3766</t>
    </point>
    <point>
      <x>0.50333333</x>
      <y>0.28666666</y>
      <w>0.31867057</w>
      <t>3766</t>
    </point>
    <point>
      <x>0.50333333</x>
      <y>0.29166666</y>
      <w>0.41935483</w>
      <t>3800</t>
    </point>
    <point>
      <x>0.505</x>
      <y>0.295</y>
      <w>0.41935483</w>
      <t>3800</t>
    </point>
    <point>
      <x>0.505</x>
      <y>0.29833335</y>
      <w>0.41935483</w>
      <t>3800</t>
    </point>
    <point>
      <x>0.50666666</x>
      <y>0.30166668</y>
      <w>0.41935483</w>
      <t>3800</t>
    </point>
    <point>
      <x>0.50666666</x>
      <y>0.30333334</y>
      <w>0.47800586</w>
      <t>3833</t>
    </point>
    <point>
      <x>0.50666666</x>
      <y>0.305</y>
      <w>0.47800586</w>
      <t>3833</t>
    </point>
    <point>
      <x>0.5083333</x>
      <y>0.305</y>
      <w>0.47800586</w>
      <t>3833</t>
    </point>
    <point>
      <x>0.5083333</x>
      <y>0.30666667</y>
      <w>0.47800586</w>
      <t>3833</t>
    </point>
    <point>
      <x>0.51</x>
      <y>0.30666667</y>
      <w>0.47800586</w>
      <t>3833</t>
    </point>
    <point>
      <x>0.51166666</x>
      <y>0.30833334</y>
      <w>0.516129</w>
      <t>3867</t>
    </point>
    <point>
      <x>0.5133333</x>
      <y>0.30833334</y>
      <w>0.516129</w>
      <t>3867</t>
    </point>
    <point>
      <x>0.515</x>
      <y>0.31</y>
      <w>0.516129</w>
      <t>3867</t>
    </point>
    <point>
      <x>0.51666665</x>
      <y>0.31</y>
      <w>0.516129</w>
      <t>3867</t>
    </point>
    <point>
      <x>0.5183333</x>
      <y>0.31</y>
      <w>0.53176934</w>
      <t>3900</t>
    </point>
    <point>
      <x>0.52</x>
      <y>0.31166667</y>
      <w>0.53176934</w>
      <t>3900</t>
    </point>
    <point>
      <x>0.52166665</x>
      <y>0.31166667</y>
      <w>0.53176934</w>
      <t>3900</t>
    </point>
    <point>
      <x>0.525</x>
      <y>0.31166667</y>
      <w>0.53176934</w>
      <t>3900</t>
    </point>
    <point>
      <x>0.52666664</x>
      <y>0.31166667</y>
      <w>0.53176934</w>
      <t>3900</t>
    </point>
    <point>
      <x>0.5283333</x>
      <y>0.31166667</y>
      <w>0.52981424</w>
      <t>3933</t>
    </point>
    <point>
      <x>0.53</x>
      <y>0.31166667</y>
      <w>0.52981424</w>
      <t>3933</t>
    </point>
    <point>
      <x>0.5316667</x>
      <y>0.31166667</y>
      <w>0.52981424</w>
      <t>3933</t>
    </point>
    <point>
      <x>0.53333336</x>
      <y>0.31</y>
      <w>0.52981424</w>
      <t>3933</t>
    </point>
    <point>
      <x>0.535</x>
      <y>0.30833334</y>
      <w>0.53372437</w>
      <t>3967</t>
    </point>
    <point>
      <x>0.5366667</x>
      <y>0.30666667</y>
      <w>0.53372437</w>
      <t>3967</t>
    </point>
    <point>
      <x>0.53833336</x>
      <y>0.305</y>
      <w>0.53372437</w>
      <t>3967</t>
    </point>
    <point>
      <x>0.54</x>
      <y>0.30333334</y>
      <w>0.53372437</w>
      <t>3967</t>
    </point>
    <point>
      <x>0.5416667</x>
      <y>0.30166668</y>
      <w>0.53372437</w>
      <t>3967</t>
    </point>
    <point>
      <x>0.5416667</x>
      <y>0.3</y>
      <w>0.51808405</w>
      <t>4000</t>
    </point>
    <point>
      <x>0.54333335</x>
      <y>0.3</y>
      <w>0.51808405</w>
      <t>4000</t>
    </point>
    <point>
      <x>0.545</x>
      <y>0.29833335</y>
      <w>0.51808405</w>
      <t>4000</t>
    </point>
    <point>
      <x>0.5466667</x>
      <y>0.29666665</y>
      <w>0.51808405</w>
      <t>4000</t>
    </point>
    <point>
      <x>0.54833335</x>
      <y>0.295</y>
      <w>0.4965787</w>
      <t>4033</t>
    </point>
    <point>
      <x>0.55</x>
      <y>0.29333332</y>
      <w>0.4965787</w>
      <t>4033</t>
    </point>
    <point>
      <x>0.55333334</x>
      <y>0.29166666</y>
      <w>0.4965787</w>
      <t>4033</t>
    </point>
    <point>
      <x>0.555</x>
      <y>0.28833333</y>
      <w>0.4965787</w>
      <t>4033</t>
    </point>
    <point>
      <x>0.55833334</x>
      <y>0.28666666</y>
      <w>0.4965787</w>
      <t>4033</t>
    </point>
    <point>
      <x>0.56333333</x>
      <y>0.28333333</y>
      <w>0.3831867</w>
      <t>4066</t>
    </point>
    <point>
      <x>0.56666666</x>
      <y>0.28166667</y>
      <w>0.3831867</w>
      <t>4066</t>
    </point>
    <point>
      <x>0.57</x>
      <y>0.27833334</y>
      <w>0.3831867</w>
      <t>4066</t>
    </point>
    <point>
      <x>0.575</x>
      <y>0.27666667</y>
      <w>0.3831867</w>
      <t>4066</t>
    </point>
    <point>
      <x>0.5783333</x>
      <y>0.27333334</y>
      <w>0.2111437</w>
      <t>4100</t>
    </point>
    <point>
      <x>0.5833333</x>
      <y>0.27</y>
      <w>0.2111437</w>
      <t>4100</t>
    </point>
    <point>
      <x>0.58666664</x>
      <y>0.26666668</y>
      <w>0.2111437</w>
      <t>4100</t>
    </point>
    <point>
      <x>0.59</x>
      <y>0.26333332</y>
      <w>0.2111437</w>
      <t>4100</t>
    </point>
    <point>
      <x>0.595</x>
      <y>0.26</y>
      <w>0.17302053</w>
      <t>4133</t>
    </point>
    <point>
      <x>0.59833336</x>
      <y>0.25833333</y>
      <w>0.17302053</w>
      <t>4133</t>
    </point>
    <point>
      <x>0.6016667</x>
      <y>0.255</y>
      <w>0.17302053</w>
      <t>4133</t>
    </point>
    <point>
      <x>0.605</x>
      <y>0.25333333</y>
      <w>0.17302053</w>
      <t>4133</t>
    </point>
    <point>
      <x>0.60833335</x>
      <y>0.25166667</y>
      <w>0.17302053</w>
      <t>4133</t>
    </point>
    <point>
      <x>0.6116667</x>
      <y>0.25</y>
      <w>0.18084067</w>
      <t>4167</t>
    </point>
    <point>
      <x>0.61333334</x>
      <y>0.24833333</y>
      <w>0.18084067</w>
      <t>4167</t>
    </point>
    <point>
      <x>0.6166667</x>
      <y>0.24833333</y>
      <w>0.18084067</w>
      <t>4167</t>
    </point>
    <point>
      <x>0.62</x>
      <y>0.24666667</y>
      <w>0.18084067</w>
      <t>4167</t>
    </point>
    <point>
      <x>0.62333333</x>
      <y>0.24666667</y>
      <w>0.1945259</w>
      <t>4200</t>
    </point>
    <point>
      <x>0.625</x>
      <y>0.24666667</y>
      <w>0.1945259</w>
      <t>4200</t>
    </point>
    <point>
      <x>0.62833333</x>
      <y>0.24666667</y>
      <w>0.1945259</w>
      <t>4200</t>
    </point>
    <point>
      <x>0.63</x>
      <y>0.24666667</y>
      <w>0.1945259</w>
      <t>4200</t>
    </point>
    <point>
      <x>0.6333333</x>
      <y>0.24666667</y>
      <w>0.1945259</w>
      <t>4200</t>
    </point>
    <point>
      <x>0.63666666</x>
      <y>0.24666667</y>
      <w>0.26588467</w>
      <t>4233</t>
    </point>
    <point>
      <x>0.6383333</x>
      <y>0.24666667</y>
      <w>0.26588467</w>
      <t>4233</t>
    </point>
    <point>
      <x>0.64166665</x>
      <y>0.24666667</y>
      <w>0.26588467</w>
      <t>4233</t>
    </point>
    <point>
      <x>0.6433333</x>
      <y>0.24833333</y>
      <w>0.26588467</w>
      <t>4233</t>
    </point>
    <point>
      <x>0.645</x>
      <y>0.24833333</y>
      <w>0.3372434</w>
      <t>4267</t>
    </point>
    <point>
      <x>0.64666665</x>
      <y>0.25</y>
      <w>0.3372434</w>
      <t>4267</t>
    </point>
    <point>
      <x>0.6483333</x>
      <y>0.25</y>
      <w>0.3372434</w>
      <t>4267</t>
    </point>
    <point>
      <x>0.65</x>
      <y>0.25166667</y>
      <w>0.3372434</w>
      <t>4267</t>
    </point>
    <point>
      <x>0.65166664</x>
      <y>0.25166667</y>
      <w>0.3372434</w>
      <t>4267</t>
    </point>
    <point>
      <x>0.6533333</x>
      <y>0.25333333</y>
      <w>0.40860215</w>
      <t>4300</t>
    </point>
    <point>
      <x>0.6533333</x>
      <y>0.255</y>
      <w>0.40860215</w>
      <t>4300</t>
    </point>
    <point>
      <x>0.655</x>
      <y>0.25666666</y>
      <w>0.4750733</w>
      <t>4333</t>
    </point>
    <point>
      <x>0.655</x>
      <y>0.25833333</y>
      <w>0.4750733</w>
      <t>4333</t>
    </point>
    <point>
      <x>0.655</x>
      <y>0.26</y>
      <w>0.4750733</w>
      <t>4333</t>
    </point>
    <point>
      <x>0.655</x>
      <y>0.26166666</y>
      <w>0.4916911</w>
      <t>4367</t>
    </point>
    <point>
      <x>0.655</x>
      <y>0.26333332</y>
      <w>0.4916911</w>
      <t>4367</t>
    </point>
    <point>
      <x>0.655</x>
      <y>0.265</y>
      <w>0.51906157</w>
      <t>4400</t>
    </point>
    <point>
      <x>0.655</x>
      <y>0.26666668</y>
      <w>0.51906157</w>
      <t>4400</t>
    </point>
    <point>
      <x>0.655</x>
      <y>0.26833335</y>
      <w>0.51906157</w>
      <t>4400</t>
    </point>
    <point>
      <x>0.655</x>
      <y>0.27</y>
      <w>0.5483871</w>
      <t>4433</t>
    </point>
    <point>
      <x>0.655</x>
      <y>0.27166668</y>
      <w>0.5483871</w>
      <t>4433</t>
    </point>
    <point>
      <x>0.6533333</x>
      <y>0.27333334</y>
      <w>0.5483871</w>
      <t>4433</t>
    </point>
    <point>
      <x>0.65166664</x>
      <y>0.275</y>
      <w>0.5483871</w>
      <t>4433</t>
    </point>
    <point>
      <x>0.65166664</x>
      <y>0.27666667</y>
      <w>0.58064514</w>
      <t>4466</t>
    </point>
    <point>
      <x>0.65</x>
      <y>0.27833334</y>
      <w>0.58064514</w>
      <t>4466</t>
    </point>
    <point>
      <x>0.6483333</x>
      <y>0.28166667</y>
      <w>0.58064514</w>
      <t>4466</t>
    </point>
    <point>
      <x>0.6483333</x>
      <y>0.28333333</y>
      <w>0.58064514</w>
      <t>4466</t>
    </point>
    <point>
      <x>0.64666665</x>
      <y>0.285</y>
      <w>0.59433043</w>
      <t>4500</t>
    </point>
    <point>
      <x>0.6433333</x>
      <y>0.28833333</y>
      <w>0.59433043</w>
      <t>4500</t>
    </point>
    <point>
      <x>0.64166665</x>
      <y>0.29166666</y>
      <w>0.59433043</w>
      <t>4500</t>
    </point>
    <point>
      <x>0.6383333</x>
      <y>0.295</y>
      <w>0.59433043</w>
      <t>4500</t>
    </point>
    <point>
      <x>0.63666666</x>
      <y>0.29833335</y>
      <w>0.59433043</w>
      <t>4500</t>
    </point>
    <point>
      <x>0.6333333</x>
      <y>0.30166668</y>
      <w>0.6031281</w>
      <t>4533</t>
    </point>
    <point>
      <x>0.63</x>
      <y>0.305</y>
      <w>0.6031281</w>
      <t>4533</t>
    </point>
    <point>
      <x>0.62833333</x>
      <y>0.30833334</y>
      <w>0.6031281</w>
      <t>4533</t>
    </point>
    <point>
      <x>0.625</x>
      <y>0.31333333</y>
      <w>0.6031281</w>
      <t>4533</t>
    </point>
    <point>
      <x>0.62166667</x>
      <y>0.31666666</y>
      <w>0.6236559</w>
      <t>4567</t>
    </point>
    <point>
      <x>0.61833334</x>
      <y>0.32166666</y>
      <w>0.6236559</w>
      <t>4567</t>
    </point>
    <point>
      <x>0.615</x>
      <y>0.32666665</y>
      <w>0.6236559</w>
      <t>4567</t>
    </point>
    <point>
      <x>0.6116667</x>
      <y>0.33166668</y>
      <w>0.6236559</w>
      <t>4567</t>
    </point>
    <point>
      <x>0.60833335</x>
      <y>0.33666667</y>
      <w>0.6236559</w>
      <t>4567</t>
    </point>
    <point>
      <x>0.605</x>
      <y>0.34166667</y>
      <w>0.62561095</w>
      <t>4600</t>
    </point>
    <point>
      <x>0.6</x>
      <y>0.34666666</y>
      <w>0.62561095</w>
      <t>4600</t>
    </point>
    <point>
      <x>0.5966667</x>
      <y>0.35166666</y>
      <w>0.62561095</w>
      <t>4600</t>
    </point>
    <point>
      <x>0.5933333</x>
      <y>0.35666665</y>
      <w>0.62561095</w>
      <t>4600</t>
    </point>
    <point>
      <x>0.5883333</x>
      <y>0.36166668</y>
      <w>0.627566</w>
      <t>4633</t>
    </point>
    <point>
      <x>0.585</x>
      <y>0.36666667</y>
      <w>0.627566</w>
      <t>4633</t>
    </point>
    <point>
      <x>0.58</x>
      <y>0.37333333</y>
      <w>0.627566</w>
      <t>4633</t>
    </point>
    <point>
      <x>0.575</x>
      <y>0.38</y>
      <w>0.627566</w>
      <t>4633</t>
    </point>
    <point>
      <x>0.57</x>
      <y>0.38666666</y>
      <w>0.627566</w>
      <t>4633</t>
    </point>
    <point>
      <x>0.56333333</x>
      <y>0.395</y>
      <w>0.627566</w>
      <t>4667</t>
    </point>
    <point>
      <x>0.55833334</x>
      <y>0.40166667</y>
      <w>0.627566</w>
      <t>4667</t>
    </point>
    <point>
      <x>0.555</x>
      <y>0.41</y>
      <w>0.627566</w>
      <t>4667</t>
    </point>
    <point>
      <x>0.55</x>
      <y>0.41666666</y>
      <w>0.627566</w>
      <t>4667</t>
    </point>
    <point>
      <x>0.5466667</x>
      <y>0.42333335</y>
      <w>0.6285435</w>
      <t>4700</t>
    </point>
    <point>
      <x>0.5416667</x>
      <y>0.43</y>
      <w>0.6285435</w>
      <t>4700</t>
    </point>
    <point>
      <x>0.53833336</x>
      <y>0.435</y>
      <w>0.6285435</w>
      <t>4700</t>
    </point>
    <point>
      <x>0.535</x>
      <y>0.44</y>
      <w>0.6285435</w>
      <t>4700</t>
    </point>
    <point>
      <x>0.5316667</x>
      <y>0.445</y>
      <w>0.627566</w>
      <t>4733</t>
    </point>
    <point>
      <x>0.5283333</x>
      <y>0.44833332</y>
      <w>0.627566</w>
      <t>4733</t>
    </point>
    <point>
      <x>0.52666664</x>
      <y>0.45</y>
      <w>0.627566</w>
      <t>4733</t>
    </point>
    <point>
      <x>0.52666664</x>
      <y>0.45166665</y>
      <w>0.627566</w>
      <t>4733</t>
    </point>
    <point>
      <x>0.525</x>
      <y>0.45333335</y>
      <w>0.627566</w>
      <t>4733</t>
    </point>
    <point>
      <x>0.525</x>
      <y>0.455</y>
      <w>0.60801566</w>
      <t>4767</t>
    </point>
    <point>
      <x>0.525</x>
      <y>0.45666668</y>
      <w>0.60801566</w>
      <t>4767</t>
    </point>
    <point>
      <x>0.525</x>
      <y>0.45833334</y>
      <w>0.58064514</w>
      <t>4800</t>
    </point>
    <point>
      <x>0.52666664</x>
      <y>0.45833334</y>
      <w>0.58064514</w>
      <t>4800</t>
    </point>
    <point>
      <x>0.52666664</x>
      <y>0.46</y>
      <w>0.58064514</w>
      <t>4800</t>
    </point>
    <point>
      <x>0.5283333</x>
      <y>0.46</y>
      <w>0.58064514</w>
      <t>4800</t>
    </point>
    <point>
      <x>0.53</x>
      <y>0.46166667</y>
      <w>0.5786901</w>
      <t>4833</t>
    </point>
    <point>
      <x>0.5316667</x>
      <y>0.46333334</y>
      <w>0.5786901</w>
      <t>4833</t>
    </point>
    <point>
      <x>0.53333336</x>
      <y>0.46333334</y>
      <w>0.5786901</w>
      <t>4833</t>
    </point>
    <point>
      <x>0.535</x>
      <y>0.465</y>
      <w>0.5786901</w>
      <t>4833</t>
    </point>
    <point>
      <x>0.53833336</x>
      <y>0.46666667</y>
      <w>0.58162266</w>
      <t>4867</t>
    </point>
    <point>
      <x>0.54</x>
      <y>0.46833333</y>
      <w>0.58162266</w>
      <t>4867</t>
    </point>
    <point>
      <x>0.5416667</x>
      <y>0.47</y>
      <w>0.58162266</w>
      <t>4867</t>
    </point>
    <point>
      <x>0.545</x>
      <y>0.47333333</y>
      <w>0.58162266</w>
      <t>4867</t>
    </point>
    <point>
      <x>0.5466667</x>
      <y>0.475</y>
      <w>0.58162266</w>
      <t>4867</t>
    </point>
    <point>
      <x>0.55</x>
      <y>0.47833332</y>
      <w>0.5826002</w>
      <t>4900</t>
    </point>
    <point>
      <x>0.5516667</x>
      <y>0.48166665</y>
      <w>0.5826002</w>
      <t>4900</t>
    </point>
    <point>
      <x>0.555</x>
      <y>0.485</y>
      <w>0.5826002</w>
      <t>4900</t>
    </point>
    <point>
      <x>0.5566667</x>
      <y>0.48833334</y>
      <w>0.5826002</w>
      <t>4900</t>
    </point>
    <point>
      <x>0.55833334</x>
      <y>0.49166667</y>
      <w>0.5835777</w>
      <t>4933</t>
    </point>
    <point>
      <x>0.56166667</x>
      <y>0.495</y>
      <w>0.5835777</w>
      <t>4933</t>
    </point>
    <point>
      <x>0.56333333</x>
      <y>0.49833333</y>
      <w>0.5835777</w>
      <t>4933</t>
    </point>
    <point>
      <x>0.565</x>
      <y>0.50166667</y>
      <w>0.5835777</w>
      <t>4933</t>
    </point>
    <point>
      <x>0.56666666</x>
      <y>0.505</y>
      <w>0.5835777</w>
      <t>4933</t>
    </point>
    <point>
      <x>0.5683333</x>
      <y>0.51</y>
      <w>0.5855327</w>
      <t>4967</t>
    </point>
    <point>
      <x>0.57</x>
      <y>0.5133333</y>
      <w>0.5855327</w>
      <t>4967</t>
    </point>
    <point>
      <x>0.57166666</x>
      <y>0.5183333</y>
      <w>0.5855327</w>
      <t>4967</t>
    </point>
    <point>
      <x>0.5733333</x>
      <y>0.5233333</y>
      <w>0.5855327</w>
      <t>4967</t>
    </point>
    <point>
      <x>0.575</x>
      <y>0.53</y>
      <w>0.5904203</w>
      <t>4999</t>
    </point>
    <point>
      <x>0.57666665</x>
      <y>0.535</y>
      <w>0.5904203</w>
      <t>4999</t>
    </point>
    <point>
      <x>0.5783333</x>
      <y>0.54</y>
      <w>0.5904203</w>
      <t>4999</t>
    </point>
    <point>
      <x>0.5783333</x>
      <y>0.5466667</y>
      <w>0.5904203</w>
      <t>4999</t>
    </point>
    <point>
      <x>0.58</x>
      <y>0.5516667</y>
      <w>0.599218</w>
      <t>5033</t>
    </point>
    <point>
      <x>0.58</x>
      <y>0.55833334</y>
      <w>0.599218</w>
      <t>5033</t>
    </point>
    <point>
      <x>0.58</x>
      <y>0.56333333</y>
      <w>0.599218</w>
      <t>5033</t>
    </point>
    <point>
      <x>0.58</x>
      <y>0.57</y>
      <w>0.599218</w>
      <t>5033</t>
    </point>
    <point>
      <x>0.58</x>
      <y>0.575</y>
      <w>0.599218</w>
      <t>5033</t>
    </point>
    <point>
      <x>0.58</x>
      <y>0.58166665</y>
      <w>0.60215056</w>
      <t>5067</t>
    </point>
    <point>
      <x>0.58</x>
      <y>0.58666664</y>
      <w>0.60215056</w>
      <t>5067</t>
    </point>
    <point>
      <x>0.58</x>
      <y>0.5933333</y>
      <w>0.60215056</w>
      <t>5067</t>
    </point>
    <point>
      <x>0.58</x>
      <y>0.6</y>
      <w>0.60215056</w>
      <t>5067</t>
    </point>
    <point>
      <x>0.58</x>
      <y>0.6066667</y>
      <w>0.6109482</w>
      <t>5100</t>
    </point>
    <point>
      <x>0.58</x>
      <y>0.615</y>
      <w>0.6109482</w>
      <t>5100</t>
    </point>
    <point>
      <x>0.58</x>
      <y>0.62166667</y>
      <w>0.6109482</w>
      <t>5100</t>
    </point>
    <point>
      <x>0.5783333</x>
      <y>0.62833333</y>
      <w>0.6109482</w>
      <t>5100</t>
    </point>
    <point>
      <x>0.57666665</x>
      <y>0.63666666</y>
      <w>0.6109482</w>
      <t>5100</t>
    </point>
    <point>
      <x>0.57666665</x>
      <y>0.6433333</y>
      <w>0.6168133</w>
      <t>5133</t>
    </point>
    <point>
      <x>0.575</x>
      <y>0.65</y>
      <w>0.6168133</w>
      <t>5133</t>
    </point>
    <point>
      <x>0.57166666</x>
      <y>0.6566667</y>
      <w>0.6168133</w>
      <t>5133</t>
    </point>
    <point>
      <x>0.57</x>
      <y>0.66333336</y>
      <w>0.6168133</w>
      <t>5133</t>
    </point>
    <point>
      <x>0.5683333</x>
      <y>0.66833335</y>
      <w>0.6217009</w>
      <t>5167</t>
    </point>
    <point>
      <x>0.56666666</x>
      <y>0.675</y>
      <w>0.6217009</w>
      <t>5167</t>
    </point>
    <point>
      <x>0.56333333</x>
      <y>0.6816667</y>
      <w>0.6217009</w>
      <t>5167</t>
    </point>
    <point>
      <x>0.56</x>
      <y>0.68666667</y>
      <w>0.6217009</w>
      <t>5167</t>
    </point>
    <point>
      <x>0.55833334</x>
      <y>0.6933333</y>
      <w>0.6217009</w>
      <t>5167</t>
    </point>
    <point>
      <x>0.555</x>
      <y>0.6983333</y>
      <w>0.62463343</w>
      <t>5200</t>
    </point>
    <point>
      <x>0.55333334</x>
      <y>0.7033333</y>
      <w>0.62463343</w>
      <t>5200</t>
    </point>
    <point>
      <x>0.55</x>
      <y>0.70666665</y>
      <w>0.62463343</w>
      <t>5200</t>
    </point>
    <point>
      <x>0.54833335</x>
      <y>0.71</y>
      <w>0.62463343</w>
      <t>5200</t>
    </point>
    <point>
      <x>0.5466667</x>
      <y>0.71166664</y>
      <w>0.6099707</w>
      <t>5233</t>
    </point>
    <point>
      <x>0.545</x>
      <y>0.7133333</y>
      <w>0.6099707</w>
      <t>5233</t>
    </point>
    <point>
      <x>0.54333335</x>
      <y>0.7133333</y>
      <w>0.6099707</w>
      <t>5233</t>
    </point>
    <point>
      <x>0.5416667</x>
      <y>0.715</y>
      <w>0.6099707</w>
      <t>5233</t>
    </point>
    <point>
      <x>0.54</x>
      <y>0.715</y>
      <w>0.6099707</w>
      <t>5233</t>
    </point>
    <point>
      <x>0.53833336</x>
      <y>0.715</y>
      <w>0.54545456</w>
      <t>5267</t>
    </point>
    <point>
      <x>0.5366667</x>
      <y>0.715</y>
      <w>0.54545456</w>
      <t>5267</t>
    </point>
    <point>
      <x>0.535</x>
      <y>0.715</y>
      <w>0.54545456</w>
      <t>5267</t>
    </point>
    <point>
      <x>0.53333336</x>
      <y>0.715</y>
      <w>0.54545456</w>
      <t>5267</t>
    </point>
    <point>
      <x>0.53</x>
      <y>0.71166664</y>
      <w>0.47214076</w>
      <t>5300</t>
    </point>
    <point>
      <x>0.52666664</x>
      <y>0.7083333</y>
      <w>0.47214076</w>
      <t>5300</t>
    </point>
    <point>
      <x>0.5233333</x>
      <y>0.705</y>
      <w>0.47214076</w>
      <t>5300</t>
    </point>
    <point>
      <x>0.52166665</x>
      <y>0.70166665</y>
      <w>0.47214076</w>
      <t>5300</t>
    </point>
    <point>
      <x>0.5183333</x>
      <y>0.6983333</y>
      <w>0.4565005</w>
      <t>5333</t>
    </point>
    <point>
      <x>0.51666665</x>
      <y>0.695</y>
      <w>0.4565005</w>
      <t>5333</t>
    </point>
    <point>
      <x>0.515</x>
      <y>0.69166666</y>
      <w>0.4565005</w>
      <t>5333</t>
    </point>
    <point>
      <x>0.5133333</x>
      <y>0.68833333</y>
      <w>0.4565005</w>
      <t>5333</t>
    </point>
    <point>
      <x>0.51</x>
      <y>0.685</y>
      <w>0.4565005</w>
      <t>5333</t>
    </point>
    <point>
      <x>0.5083333</x>
      <y>0.68333334</y>
      <w>0.4340176</w>
      <t>5366</t>
    </point>
    <point>
      <x>0.50666666</x>
      <y>0.68</y>
      <w>0.4340176</w>
      <t>5366</t>
    </point>
    <point>
      <x>0.505</x>
      <y>0.6766667</y>
      <w>0.4340176</w>
      <t>5366</t>
    </point>
    <point>
      <x>0.50333333</x>
      <y>0.67333335</y>
      <w>0.4340176</w>
      <t>5366</t>
    </point>
    <point>
      <x>0.50166667</x>
      <y>0.67</y>
      <w>0.43304008</w>
      <t>5399</t>
    </point>
    <point>
      <x>0.5</x>
      <y>0.6666667</y>
      <w>0.43304008</w>
      <t>5399</t>
    </point>
    <point>
      <x>0.49833333</x>
      <y>0.66333336</y>
      <w>0.43304008</w>
      <t>5399</t>
    </point>
    <point>
      <x>0.49666667</x>
      <y>0.66</y>
      <w>0.43304008</w>
      <t>5399</t>
    </point>
    <point>
      <x>0.495</x>
      <y>0.6566667</y>
      <w>0.43304008</w>
      <t>5399</t>
    </point>
    <point>
      <x>0.49333334</x>
      <y>0.6533333</y>
      <w>0.43304008</w>
      <t>5433</t>
    </point>
    <point>
      <x>0.49166667</x>
      <y>0.65</y>
      <w>0.43304008</w>
      <t>5433</t>
    </point>
    <point>
      <x>0.48833334</x>
      <y>0.64666665</y>
      <w>0.43304008</w>
      <t>5433</t>
    </point>
    <point>
      <x>0.48666668</x>
      <y>0.6433333</y>
      <w>0.43304008</w>
      <t>5433</t>
    </point>
    <point>
      <x>0.485</x>
      <y>0.64166665</y>
      <w>0.43304008</w>
      <t>5466</t>
    </point>
    <point>
      <x>0.48333332</x>
      <y>0.6383333</y>
      <w>0.43304008</w>
      <t>5466</t>
    </point>
    <point>
      <x>0.48166665</x>
      <y>0.63666666</y>
      <w>0.43304008</w>
      <t>5466</t>
    </point>
    <point>
      <x>0.48166665</x>
      <y>0.635</y>
      <w>0.43304008</w>
      <t>5466</t>
    </point>
    <point>
      <x>0.48</x>
      <y>0.6333333</y>
      <w>0.43304008</w>
      <t>5466</t>
    </point>
    <point>
      <x>0.48</x>
      <y>0.63166666</y>
      <w>0.44379276</w>
      <t>5499</t>
    </point>
    <point>
      <x>0.48</x>
      <y>0.63</y>
      <w>0.44379276</w>
      <t>5499</t>
    </point>
    <point>
      <x>0.48</x>
      <y>0.62666667</y>
      <w>0.44379276</w>
      <t>5499</t>
    </point>
    <point>
      <x>0.48</x>
      <y>0.625</y>
      <w>0.4633431</w>
      <t>5533</t>
    </point>
    <point>
      <x>0.48</x>
      <y>0.62333333</y>
      <w>0.4633431</w>
      <t>5533</t>
    </point>
    <point>
      <x>0.48166665</x>
      <y>0.62</y>
      <w>0.4633431</w>
      <t>5533</t>
    </point>
    <point>
      <x>0.48333332</x>
      <y>0.61833334</y>
      <w>0.4633431</w>
      <t>5533</t>
    </point>
    <point>
      <x>0.485</x>
      <y>0.615</y>
      <w>0.4633431</w>
      <t>5533</t>
    </point>
    <point>
      <x>0.48666668</x>
      <y>0.61333334</y>
      <w>0.4809384</w>
      <t>5567</t>
    </point>
    <point>
      <x>0.48833334</x>
      <y>0.61</y>
      <w>0.4809384</w>
      <t>5567</t>
    </point>
    <point>
      <x>0.49166667</x>
      <y>0.6066667</y>
      <w>0.4809384</w>
      <t>5567</t>
    </point>
    <point>
      <x>0.495</x>
      <y>0.60333335</y>
      <w>0.4809384</w>
      <t>5567</t>
    </point>
    <point>
      <x>0.49833333</x>
      <y>0.59833336</y>
      <w>0.48778105</w>
      <t>5600</t>
    </point>
    <point>
      <x>0.50166667</x>
      <y>0.595</y>
      <w>0.48778105</w>
      <t>5600</t>
    </point>
    <point>
      <x>0.505</x>
      <y>0.59</y>
      <w>0.48778105</w>
      <t>5600</t>
    </point>
    <point>
      <x>0.51</x>
      <y>0.58666664</y>
      <w>0.48778105</w>
      <t>5600</t>
    </point>
    <point>
      <x>0.5133333</x>
      <y>0.5833333</y>
      <w>0.48875856</w>
      <t>5633</t>
    </point>
    <point>
      <x>0.5183333</x>
      <y>0.58</y>
      <w>0.48875856</w>
      <t>5633</t>
    </point>
    <point>
      <x>0.5233333</x>
      <y>0.57666665</y>
      <w>0.48875856</w>
      <t>5633</t>
    </point>
    <point>
      <x>0.5283333</x>
      <y>0.57166666</y>
      <w>0.48875856</w>
      <t>5633</t>
    </point>
    <point>
      <x>0.53333336</x>
      <y>0.5683333</y>
      <w>0.48875856</w>
      <t>5633</t>
    </point>
    <point>
      <x>0.53833336</x>
      <y>0.565</y>
      <w>0.48875856</w>
      <t>5666</t>
    </point>
    <point>
      <x>0.54333335</x>
      <y>0.56</y>
      <w>0.48875856</w>
      <t>5666</t>
    </point>
    <point>
      <x>0.54833335</x>
      <y>0.555</y>
      <w>0.48875856</w>
      <t>5666</t>
    </point>
    <point>
      <x>0.55333334</x>
      <y>0.55</y>
      <w>0.48875856</w>
      <t>5666</t>
    </point>
    <point>
      <x>0.56</x>
      <y>0.5466667</y>
      <w>0.48778105</w>
      <t>5700</t>
    </point>
    <point>
      <x>0.565</x>
      <y>0.5416667</y>
      <w>0.48778105</w>
      <t>5700</t>
    </point>
    <point>
      <x>0.57166666</x>
      <y>0.53833336</y>
      <w>0.48778105</w>
      <t>5700</t>
    </point>
    <point>
      <x>0.5783333</x>
      <y>0.535</y>
      <w>0.48778105</w>
      <t>5700</t>
    </point>
    <point>
      <x>0.585</x>
      <y>0.5316667</y>
      <w>0.48778105</w>
      <t>5700</t>
    </point>
    <point>
      <x>0.59166664</x>
      <y>0.5283333</y>
      <w>0.4916911</w>
      <t>5733</t>
    </point>
    <point>
      <x>0.59833336</x>
      <y>0.525</y>
      <w>0.4916911</w>
      <t>5733</t>
    </point>
    <point>
      <x>0.605</x>
      <y>0.52166665</y>
      <w>0.4916911</w>
      <t>5733</t>
    </point>
    <point>
      <x>0.6116667</x>
      <y>0.5183333</y>
      <w>0.4916911</w>
      <t>5733</t>
    </point>
    <point>
      <x>0.61833334</x>
      <y>0.51666665</y>
      <w>0.49364614</w>
      <t>5766</t>
    </point>
    <point>
      <x>0.625</x>
      <y>0.515</y>
      <w>0.49364614</w>
      <t>5766</t>
    </point>
    <point>
      <x>0.63166666</x>
      <y>0.5133333</y>
      <w>0.49364614</w>
      <t>5766</t>
    </point>
    <point>
      <x>0.63666666</x>
      <y>0.51166666</y>
      <w>0.49364614</w>
      <t>5766</t>
    </point>
    <point>
      <x>0.6433333</x>
      <y>0.51</y>
      <w>0.49364614</w>
      <t>5766</t>
    </point>
    <point>
      <x>0.6483333</x>
      <y>0.51</y>
      <w>0.53372437</w>
      <t>5800</t>
    </point>
    <point>
      <x>0.655</x>
      <y>0.50666666</y>
      <w>0.53372437</w>
      <t>5800</t>
    </point>
    <point>
      <x>0.66</x>
      <y>0.505</y>
      <w>0.53372437</w>
      <t>5800</t>
    </point>
    <point>
      <x>0.665</x>
      <y>0.50333333</y>
      <w>0.53372437</w>
      <t>5800</t>
    </point>
    <point>
      <x>0.6716667</x>
      <y>0.50166667</y>
      <w>0.5522972</w>
      <t>5833</t>
    </point>
    <point>
      <x>0.6766667</x>
      <y>0.50166667</y>
      <w>0.5522972</w>
      <t>5833</t>
    </point>
    <point>
      <x>0.6816667</x>
      <y>0.5</y>
      <w>0.5522972</w>
      <t>5833</t>
    </point>
    <point>
      <x>0.68666667</x>
      <y>0.5</y>
      <w>0.5522972</w>
      <t>5833</t>
    </point>
    <point>
      <x>0.69166666</x>
      <y>0.5</y>
      <w>0.5522972</w>
      <t>5833</t>
    </point>
    <point>
      <x>0.69666666</x>
      <y>0.5</y>
      <w>0.60801566</w>
      <t>5866</t>
    </point>
    <point>
      <x>0.70166665</x>
      <y>0.5</y>
      <w>0.60801566</w>
      <t>5866</t>
    </point>
    <point>
      <x>0.70666665</x>
      <y>0.5</y>
      <w>0.60801566</w>
      <t>5866</t>
    </point>
    <point>
      <x>0.71166664</x>
      <y>0.5</y>
      <w>0.60801566</w>
      <t>5866</t>
    </point>
    <point>
      <x>0.71666664</x>
      <y>0.5</y>
      <w>0.63734114</w>
      <t>5899</t>
    </point>
    <point>
      <x>0.72</x>
      <y>0.5</y>
      <w>0.63734114</w>
      <t>5899</t>
    </point>
    <point>
      <x>0.725</x>
      <y>0.5</y>
      <w>0.63734114</w>
      <t>5899</t>
    </point>
    <point>
      <x>0.72833335</x>
      <y>0.5</y>
      <w>0.63734114</w>
      <t>5899</t>
    </point>
    <point>
      <x>0.7316667</x>
      <y>0.50166667</y>
      <w>0.6686217</w>
      <t>5933</t>
    </point>
    <point>
      <x>0.7366667</x>
      <y>0.50166667</y>
      <w>0.6686217</w>
      <t>5933</t>
    </point>
    <point>
      <x>0.74</x>
      <y>0.50333333</y>
      <w>0.6686217</w>
      <t>5933</t>
    </point>
    <point>
      <x>0.74333334</x>
      <y>0.505</y>
      <w>0.6686217</w>
      <t>5933</t>
    </point>
    <point>
      <x>0.74666667</x>
      <y>0.50666666</y>
      <w>0.6686217</w>
      <t>5933</t>
    </point>
    <point>
      <x>0.75</x>
      <y>0.5083333</y>
      <w>0.69501466</w>
      <t>5967</t>
    </point>
    <point>
      <x>0.75166667</x>
      <y>0.51</y>
      <w>0.69501466</w>
      <t>5967</t>
    </point>
    <point>
      <x>0.755</x>
      <y>0.51166666</y>
      <w>0.69501466</w>
      <t>5967</t>
    </point>
    <point>
      <x>0.75666666</x>
      <y>0.5133333</y>
      <w>0.69501466</w>
      <t>5967</t>
    </point>
    <point>
      <x>0.7583333</x>
      <y>0.515</y>
      <w>0.7096774</w>
      <t>5999</t>
    </point>
    <point>
      <x>0.76</x>
      <y>0.51666665</y>
      <w>0.7096774</w>
      <t>5999</t>
    </point>
    <point>
      <x>0.76166666</x>
      <y>0.5183333</y>
      <w>0.7096774</w>
      <t>5999</t>
    </point>
    <point>
      <x>0.7633333</x>
      <y>0.52</y>
      <w>0.7096774</w>
      <t>5999</t>
    </point>
    <point>
      <x>0.765</x>
      <y>0.52166665</y>
      <w>0.7096774</w>
      <t>5999</t>
    </point>
    <point>
      <x>0.76666665</x>
      <y>0.5233333</y>
      <w>0.7380254</w>
      <t>6033</t>
    </point>
    <point>
      <x>0.7683333</x>
      <y>0.525</y>
      <w>0.7380254</w>
      <t>6033</t>
    </point>
    <point>
      <x>0.77</x>
      <y>0.5283333</y>
      <w>0.7380254</w>
      <t>6033</t>
    </point>
    <point>
      <x>0.77166665</x>
      <y>0.53</y>
      <w>0.7380254</w>
      <t>6033</t>
    </point>
    <point>
      <x>0.7733333</x>
      <y>0.5316667</y>
      <w>0.74486804</w>
      <t>6067</t>
    </point>
    <point>
      <x>0.775</x>
      <y>0.53333336</y>
      <w>0.74486804</w>
      <t>6067</t>
    </point>
    <point>
      <x>0.77666664</x>
      <y>0.5366667</y>
      <w>0.74486804</w>
      <t>6067</t>
    </point>
    <point>
      <x>0.77666664</x>
      <y>0.53833336</y>
      <w>0.74486804</w>
      <t>6067</t>
    </point>
    <point>
      <x>0.7783333</x>
      <y>0.5416667</y>
      <w>0.74486804</w>
      <t>6067</t>
    </point>
    <point>
      <x>0.78</x>
      <y>0.545</y>
      <w>0.7497556</w>
      <t>6100</t>
    </point>
    <point>
      <x>0.78</x>
      <y>0.54833335</y>
      <w>0.7497556</w>
      <t>6100</t>
    </point>
    <point>
      <x>0.7816667</x>
      <y>0.5516667</y>
      <w>0.7497556</w>
      <t>6100</t>
    </point>
    <point>
      <x>0.78333336</x>
      <y>0.555</y>
      <w>0.7497556</w>
      <t>6100</t>
    </point>
    <point>
      <x>0.78333336</x>
      <y>0.55833334</y>
      <w>0.7556207</w>
      <t>6133</t>
    </point>
    <point>
      <x>0.78333336</x>
      <y>0.56166667</y>
      <w>0.7556207</w>
      <t>6133</t>
    </point>
    <point>
      <x>0.785</x>
      <y>0.565</y>
      <w>0.7556207</w>
      <t>6133</t>
    </point>
    <point>
      <x>0.785</x>
      <y>0.5683333</y>
      <w>0.7556207</w>
      <t>6133</t>
    </point>
    <point>
      <x>0.785</x>
      <y>0.57166666</y>
      <w>0.7556207</w>
      <t>6133</t>
    </point>
    <point>
      <x>0.785</x>
      <y>0.575</y>
      <w>0.7595308</w>
      <t>6167</t>
    </point>
    <point>
      <x>0.785</x>
      <y>0.58</y>
      <w>0.7595308</w>
      <t>6167</t>
    </point>
    <point>
      <x>0.785</x>
      <y>0.5833333</y>
      <w>0.7595308</w>
      <t>6167</t>
    </point>
    <point>
      <x>0.78333336</x>
      <y>0.5883333</y>
      <w>0.7595308</w>
      <t>6167</t>
    </point>
    <point>
      <x>0.7816667</x>
      <y>0.59166664</y>
      <w>0.7605083</w>
      <t>6200</t>
    </point>
    <point>
      <x>0.78</x>
      <y>0.5966667</y>
      <w>0.7605083</w>
      <t>6200</t>
    </point>
    <point>
      <x>0.7783333</x>
      <y>0.6</y>
      <w>0.7605083</w>
      <t>6200</t>
    </point>
    <point>
      <x>0.77666664</x>
      <y>0.605</y>
      <w>0.7605083</w>
      <t>6200</t>
    </point>
    <point>
      <x>0.775</x>
      <y>0.61</y>
      <w>0.7614858</w>
      <t>6233</t>
    </point>
    <point>
      <x>0.7733333</x>
      <y>0.615</y>
      <w>0.7614858</w>
      <t>6233</t>
    </point>
    <point>
      <x>0.77166665</x>
      <y>0.62</y>
      <w>0.7614858</w>
      <t>6233</t>
    </point>
    <point>
      <x>0.7683333</x>
      <y>0.625</y>
      <w>0.7614858</w>
      <t>6233</t>
    </point>
    <point>
      <x>0.765</x>
      <y>0.63</y>
      <w>0.7614858</w>
      <t>6233</t>
    </point>
    <point>
      <x>0.76166666</x>
      <y>0.635</y>
      <w>0.7614858</w>
      <t>6267</t>
    </point>
    <point>
      <x>0.7583333</x>
      <y>0.64</y>
      <w>0.7614858</w>
      <t>6267</t>
    </point>
    <point>
      <x>0.755</x>
      <y>0.645</y>
      <w>0.7614858</w>
      <t>6267</t>
    </point>
    <point>
      <x>0.75166667</x>
      <y>0.65</y>
      <w>0.7614858</w>
      <t>6267</t>
    </point>
    <point>
      <x>0.74833333</x>
      <y>0.6566667</y>
      <w>0.7497556</w>
      <t>6300</t>
    </point>
    <point>
      <x>0.745</x>
      <y>0.6616667</y>
      <w>0.7497556</w>
      <t>6300</t>
    </point>
    <point>
      <x>0.74</x>
      <y>0.66833335</y>
      <w>0.7497556</w>
      <t>6300</t>
    </point>
    <point>
      <x>0.7366667</x>
      <y>0.67333335</y>
      <w>0.7497556</w>
      <t>6300</t>
    </point>
    <point>
      <x>0.7316667</x>
      <y>0.68</y>
      <w>0.7497556</w>
      <t>6300</t>
    </point>
    <point>
      <x>0.72833335</x>
      <y>0.685</y>
      <w>0.72629523</w>
      <t>6333</t>
    </point>
    <point>
      <x>0.72333336</x>
      <y>0.69</y>
      <w>0.72629523</w>
      <t>6333</t>
    </point>
    <point>
      <x>0.72</x>
      <y>0.69666666</y>
      <w>0.72629523</w>
      <t>6333</t>
    </point>
    <point>
      <x>0.715</x>
      <y>0.70166665</y>
      <w>0.72629523</w>
      <t>6333</t>
    </point>
    <point>
      <x>0.71166664</x>
      <y>0.70666665</y>
      <w>0.6783969</w>
      <t>6367</t>
    </point>
    <point>
      <x>0.70666665</x>
      <y>0.71166664</y>
      <w>0.6783969</w>
      <t>6367</t>
    </point>
    <point>
      <x>0.7033333</x>
      <y>0.71666664</y>
      <w>0.6783969</w>
      <t>6367</t>
    </point>
    <point>
      <x>0.6983333</x>
      <y>0.7216667</y>
      <w>0.6783969</w>
      <t>6367</t>
    </point>
    <point>
      <x>0.6933333</x>
      <y>0.7266667</y>
      <w>0.6783969</w>
      <t>6367</t>
    </point>
    <point>
      <x>0.68833333</x>
      <y>0.73</y>
      <w>0.5786901</w>
      <t>6400</t>
    </point>
    <point>
      <x>0.68333334</x>
      <y>0.73333335</y>
      <w>0.5786901</w>
      <t>6400</t>
    </point>
    <point>
      <x>0.68</x>
      <y>0.7366667</y>
      <w>0.5786901</w>
      <t>6400</t>
    </point>
    <point>
      <x>0.675</x>
      <y>0.74</y>
      <w>0.5786901</w>
      <t>6400</t>
    </point>
    <point>
      <x>0.67</x>
      <y>0.7416667</y>
      <w>0.5034213</w>
      <t>6433</t>
    </point>
    <point>
      <x>0.6666667</x>
      <y>0.74333334</y>
      <w>0.5034213</w>
      <t>6433</t>
    </point>
    <point>
      <x>0.665</x>
      <y>0.745</y>
      <w>0.5034213</w>
      <t>6433</t>
    </point>
    <point>
      <x>0.6616667</x>
      <y>0.74666667</y>
      <w>0.5034213</w>
      <t>6433</t>
    </point>
    <point>
      <x>0.66</x>
      <y>0.74666667</y>
      <w>0.5034213</w>
      <t>6433</t>
    </point>
    <point>
      <x>0.65833336</x>
      <y>0.74833333</y>
      <w>0.4125122</w>
      <t>6467</t>
    </point>
    <point>
      <x>0.6566667</x>
      <y>0.74833333</y>
      <w>0.4125122</w>
      <t>6467</t>
    </point>
    <point>
      <x>0.655</x>
      <y>0.74833333</y>
      <w>0.4125122</w>
      <t>6467</t>
    </point>
    <point>
      <x>0.6533333</x>
      <y>0.74833333</y>
      <w>0.4125122</w>
      <t>6467</t>
    </point>
    <point>
      <x>0.65166664</x>
      <y>0.74833333</y>
      <w>0.2512219</w>
      <t>6500</t>
    </point>
    <point>
      <x>0.65</x>
      <y>0.74666667</y>
      <w>0.2512219</w>
      <t>6500</t>
    </point>
    <point>
      <x>0.6483333</x>
      <y>0.745</y>
      <w>0.2512219</w>
      <t>6500</t>
    </point>
    <point>
      <x>0.64666665</x>
      <y>0.745</y>
      <w>0.2512219</w>
      <t>6500</t>
    </point>
    <point>
      <x>0.6433333</x>
      <y>0.74333334</y>
      <w>0.19843598</w>
      <t>6533</t>
    </point>
    <point>
      <x>0.64166665</x>
      <y>0.74</y>
      <w>0.19843598</w>
      <t>6533</t>
    </point>
    <point>
      <x>0.64166665</x>
      <y>0.73833334</y>
      <w>0.19843598</w>
      <t>6533</t>
    </point>
    <point>
      <x>0.64</x>
      <y>0.7366667</y>
      <w>0.19843598</w>
      <t>6533</t>
    </point>
    <point>
      <x>0.6383333</x>
      <y>0.735</y>
      <w>0.19843598</w>
      <t>6533</t>
    </point>
    <point>
      <x>0.635</x>
      <y>0.7316667</y>
      <w>0.08699902</w>
      <t>6566</t>
    </point>
    <point>
      <x>0.6333333</x>
      <y>0.72833335</y>
      <w>0.08699902</w>
      <t>6566</t>
    </point>
    <point>
      <x>0.63166666</x>
      <y>0.7266667</y>
      <w>0.08699902</w>
      <t>6566</t>
    </point>
    <point>
      <x>0.63</x>
      <y>0.72333336</y>
      <w>0.08699902</w>
      <t>6566</t>
    </point>
  </stroke>
  <stroke time="7766">
    <point>
      <x>0.6933333</x>
      <y>0.5883333</y>
      <w>0.16715543</w>
      <t>7800</t>
    </point>
    <point>
      <x>0.695</x>
      <y>0.5883333</y>
      <w>0.16715543</w>
      <t>7800</t>
    </point>
    <point>
      <x>0.69666666</x>
      <y>0.5883333</y>
      <w>0.16715543</w>
      <t>7800</t>
    </point>
    <point>
      <x>0.7</x>
      <y>0.5883333</y>
      <w>0.16715543</w>
      <t>7800</t>
    </point>
    <point>
      <x>0.70166665</x>
      <y>0.59</y>
      <w>0.16715543</w>
      <t>7800</t>
    </point>
    <point>
      <x>0.705</x>
      <y>0.59166664</y>
      <w>0.30107528</w>
      <t>7833</t>
    </point>
    <point>
      <x>0.70666665</x>
      <y>0.59166664</y>
      <w>0.30107528</w>
      <t>7833</t>
    </point>
    <point>
      <x>0.71</x>
      <y>0.5933333</y>
      <w>0.30107528</w>
      <t>7833</t>
    </point>
    <point>
      <x>0.7133333</x>
      <y>0.595</y>
      <w>0.30107528</w>
      <t>7833</t>
    </point>
    <point>
      <x>0.71666664</x>
      <y>0.595</y>
      <w>0.38514173</w>
      <t>7866</t>
    </point>
    <point>
      <x>0.7183333</x>
      <y>0.5966667</y>
      <w>0.38514173</w>
      <t>7866</t>
    </point>
    <point>
      <x>0.7216667</x>
      <y>0.6</y>
      <w>0.38514173</w>
      <t>7866</t>
    </point>
    <point>
      <x>0.725</x>
      <y>0.6016667</y>
      <w>0.38514173</w>
      <t>7866</t>
    </point>
    <point>
      <x>0.72833335</x>
      <y>0.60333335</y>
      <w>0.38514173</w>
      <t>7866</t>
    </point>
    <point>
      <x>0.7316667</x>
      <y>0.6066667</y>
      <w>0.45747802</w>
      <t>7900</t>
    </point>
    <point>
      <x>0.735</x>
      <y>0.61</y>
      <w>0.45747802</w>
      <t>7900</t>
    </point>
    <point>
      <x>0.74</x>
      <y>0.61333334</y>
      <w>0.45747802</w>
      <t>7900</t>
    </point>
    <point>
      <x>0.74333334</x>
      <y>0.6166667</y>
      <w>0.45747802</w>
      <t>7900</t>
    </point>
    <point>
      <x>0.74833333</x>
      <y>0.62</y>
      <w>0.5884653</w>
      <t>7933</t>
    </point>
    <point>
      <x>0.75166667</x>
      <y>0.625</y>
      <w>0.5884653</w>
      <t>7933</t>
    </point>
    <point>
      <x>0.755</x>
      <y>0.62833333</y>
      <w>0.5884653</w>
      <t>7933</t>
    </point>
    <point>
      <x>0.7583333</x>
      <y>0.63</y>
      <w>0.5884653</w>
      <t>7933</t>
    </point>
    <point>
      <x>0.76166666</x>
      <y>0.6333333</y>
      <w>0.5884653</w>
      <t>7933</t>
    </point>
    <point>
      <x>0.765</x>
      <y>0.635</y>
      <w>0.63147604</w>
      <t>7967</t>
    </point>
    <point>
      <x>0.76666665</x>
      <y>0.63666666</y>
      <w>0.63147604</w>
      <t>7967</t>
    </point>
    <point>
      <x>0.7683333</x>
      <y>0.6383333</y>
      <w>0.63147604</w>
      <t>7967</t>
    </point>
    <point>
      <x>0.77166665</x>
      <y>0.64166665</y>
      <w>0.63147604</w>
      <t>7967</t>
    </point>
    <point>
      <x>0.7733333</x>
      <y>0.6433333</y>
      <w>0.65884656</w>
      <t>7999</t>
    </point>
    <point>
      <x>0.77666664</x>
      <y>0.64666665</y>
      <w>0.65884656</w>
      <t>7999</t>
    </point>
    <point>
      <x>0.7783333</x>
      <y>0.6483333</y>
      <w>0.65884656</w>
      <t>7999</t>
    </point>
    <point>
      <x>0.78</x>
      <y>0.65166664</y>
      <w>0.65884656</w>
      <t>7999</t>
    </point>
    <point>
      <x>0.78333336</x>
      <y>0.655</y>
      <w>0.71652</w>
      <t>8033</t>
    </point>
    <point>
      <x>0.785</x>
      <y>0.65833336</y>
      <w>0.71652</w>
      <t>8033</t>
    </point>
    <point>
      <x>0.7866667</x>
      <y>0.6616667</y>
      <w>0.71652</w>
      <t>8033</t>
    </point>
    <point>
      <x>0.78833336</x>
      <y>0.665</y>
      <w>0.71652</w>
      <t>8033</t>
    </point>
    <point>
      <x>0.7916667</x>
      <y>0.6666667</y>
      <w>0.71652</w>
      <t>8033</t>
    </point>
    <point>
      <x>0.79333335</x>
      <y>0.67</y>
      <w>0.7253177</w>
      <t>8067</t>
    </point>
    <point>
      <x>0.795</x>
      <y>0.6716667</y>
      <w>0.7253177</w>
      <t>8067</t>
    </point>
    <point>
      <x>0.795</x>
      <y>0.675</y>
      <w>0.7253177</w>
      <t>8067</t>
    </point>
    <point>
      <x>0.7966667</x>
      <y>0.6766667</y>
      <w>0.7253177</w>
      <t>8067</t>
    </point>
    <point>
      <x>0.79833335</x>
      <y>0.67833334</y>
      <w>0.7302053</w>
      <t>8099</t>
    </point>
    <point>
      <x>0.8</x>
      <y>0.68</y>
      <w>0.7302053</w>
      <t>8099</t>
    </point>
    <point>
      <x>0.8</x>
      <y>0.6816667</y>
      <w>0.7302053</w>
      <t>8099</t>
    </point>
    <point>
      <x>0.8016667</x>
      <y>0.685</y>
      <w>0.7302053</w>
      <t>8099</t>
    </point>
    <point>
      <x>0.8016667</x>
      <y>0.68666667</y>
      <w>0.7302053</w>
      <t>8099</t>
    </point>
    <point>
      <x>0.80333334</x>
      <y>0.68833333</y>
      <w>0.7360704</w>
      <t>8133</t>
    </point>
    <point>
      <x>0.805</x>
      <y>0.69</y>
      <w>0.7360704</w>
      <t>8133</t>
    </point>
    <point>
      <x>0.805</x>
      <y>0.69166666</y>
      <w>0.7360704</w>
      <t>8133</t>
    </point>
  </stroke>
</character>
