<?xml version="1.0" encoding="UTF-8"?>
<character>
  <stroke time="0">
    <point>
      <x>0.245</x>
      <y>0.315</y>
      <w>0.0400782</w>
      <t>5</t>
    </point>
    <point>
      <x>0.245</x>
      <y>0.31666666</y>
      <w>0.0400782</w>
      <t>5</t>
    </point>
    <point>
      <x>0.24666667</x>
      <y>0.31833333</y>
      <w>0.0400782</w>
      <t>5</t>
    </point>
    <point>
      <x>0.24833333</x>
      <y>0.31833333</y>
      <w>0.16129032</w>
      <t>33</t>
    </point>
    <point>
      <x>0.24833333</x>
      <y>0.32</y>
      <w>0.16129032</w>
      <t>33</t>
    </point>
    <point>
      <x>0.25</x>
      <y>0.32</y>
      <w>0.16129032</w>
      <t>33</t>
    </point>
    <point>
      <x>0.25166667</x>
      <y>0.32166666</y>
      <w>0.16129032</w>
      <t>33</t>
    </point>
    <point>
      <x>0.25166667</x>
      <y>0.32333332</y>
      <w>0.24144672</w>
      <t>67</t>
    </point>
    <point>
      <x>0.25333333</x>
      <y>0.325</y>
      <w>0.24144672</w>
      <t>67</t>
    </point>
    <point>
      <x>0.255</x>
      <y>0.32666665</y>
      <w>0.24144672</w>
      <t>67</t>
    </point>
    <point>
      <x>0.255</x>
      <y>0.32833335</y>
      <w>0.24144672</w>
      <t>68</t>
    </point>
    <point>
      <x>0.25666666</x>
      <y>0.33</y>
      <w>0.24144672</w>
      <t>68</t>
    </point>
    <point>
      <x>0.25833333</x>
      <y>0.33</y>
      <w>0.31867057</w>
      <t>100</t>
    </point>
    <point>
      <x>0.25833333</x>
      <y>0.33166668</y>
      <w>0.31867057</w>
      <t>100</t>
    </point>
    <point>
      <x>0.26</x>
      <y>0.33333334</y>
      <w>0.31867057</w>
      <t>100</t>
    </point>
    <point>
      <x>0.26166666</x>
      <y>0.335</y>
      <w>0.31867057</w>
      <t>101</t>
    </point>
    <point>
      <x>0.26333332</x>
      <y>0.335</y>
      <w>0.41935483</w>
      <t>133</t>
    </point>
    <point>
      <x>0.265</x>
      <y>0.33666667</y>
      <w>0.41935483</w>
      <t>133</t>
    </point>
    <point>
      <x>0.26666668</x>
      <y>0.33833334</y>
      <w>0.48582602</w>
      <t>166</t>
    </point>
    <point>
      <x>0.26833335</x>
      <y>0.33833334</y>
      <w>0.48582602</w>
      <t>166</t>
    </point>
    <point>
      <x>0.27</x>
      <y>0.34</y>
      <w>0.48582602</w>
      <t>168</t>
    </point>
    <point>
      <x>0.27166668</x>
      <y>0.34166667</y>
      <w>0.53274685</w>
      <t>200</t>
    </point>
    <point>
      <x>0.27333334</x>
      <y>0.34333333</y>
      <w>0.53274685</w>
      <t>200</t>
    </point>
    <point>
      <x>0.275</x>
      <y>0.34333333</y>
      <w>0.56402737</w>
      <t>233</t>
    </point>
    <point>
      <x>0.27666667</x>
      <y>0.34333333</y>
      <w>0.5913978</w>
      <t>300</t>
    </point>
    <point>
      <x>0.27833334</x>
      <y>0.34333333</y>
      <w>0.5913978</w>
      <t>300</t>
    </point>
    <point>
      <x>0.28</x>
      <y>0.34333333</y>
      <w>0.59530795</w>
      <t>333</t>
    </point>
    <point>
      <x>0.28166667</x>
      <y>0.34333333</y>
      <w>0.59530795</w>
      <t>333</t>
    </point>
    <point>
      <x>0.28333333</x>
      <y>0.34333333</y>
      <w>0.59530795</w>
      <t>333</t>
    </point>
    <point>
      <x>0.285</x>
      <y>0.34333333</y>
      <w>0.5982405</w>
      <t>367</t>
    </point>
    <point>
      <x>0.28666666</x>
      <y>0.34166667</y>
      <w>0.5982405</w>
      <t>367</t>
    </point>
    <point>
      <x>0.28833333</x>
      <y>0.34166667</y>
      <w>0.5982405</w>
      <t>367</t>
    </point>
    <point>
      <x>0.29</x>
      <y>0.34166667</y>
      <w>0.59628546</w>
      <t>400</t>
    </point>
    <point>
      <x>0.29166666</x>
      <y>0.34166667</y>
      <w>0.59628546</w>
      <t>400</t>
    </point>
    <point>
      <x>0.29166666</x>
      <y>0.34</y>
      <w>0.59530795</w>
      <t>433</t>
    </point>
    <point>
      <x>0.29333332</x>
      <y>0.34</y>
      <w>0.59530795</w>
      <t>433</t>
    </point>
    <point>
      <x>0.295</x>
      <y>0.33833334</y>
      <w>0.59530795</w>
      <t>433</t>
    </point>
    <point>
      <x>0.29666665</x>
      <y>0.33666667</y>
      <w>0.59530795</w>
      <t>467</t>
    </point>
    <point>
      <x>0.29833335</x>
      <y>0.335</y>
      <w>0.59530795</w>
      <t>467</t>
    </point>
    <point>
      <x>0.3</x>
      <y>0.335</y>
      <w>0.59530795</w>
      <t>467</t>
    </point>
    <point>
      <x>0.30166668</x>
      <y>0.33333334</y>
      <w>0.59530795</w>
      <t>468</t>
    </point>
    <point>
      <x>0.30333334</x>
      <y>0.33166668</y>
      <w>0.59530795</w>
      <t>468</t>
    </point>
    <point>
      <x>0.305</x>
      <y>0.33</y>
      <w>0.5219941</w>
      <t>500</t>
    </point>
    <point>
      <x>0.30833334</x>
      <y>0.32833335</y>
      <w>0.5219941</w>
      <t>500</t>
    </point>
    <point>
      <x>0.31</x>
      <y>0.325</y>
      <w>0.5219941</w>
      <t>500</t>
    </point>
    <point>
      <x>0.31166667</x>
      <y>0.32333332</y>
      <w>0.5219941</w>
      <t>501</t>
    </point>
    <point>
      <x>0.315</x>
      <y>0.32166666</y>
      <w>0.427175</w>
      <t>534</t>
    </point>
    <point>
      <x>0.31666666</x>
      <y>0.32</y>
      <w>0.427175</w>
      <t>534</t>
    </point>
    <point>
      <x>0.31833333</x>
      <y>0.31666666</y>
      <w>0.427175</w>
      <t>534</t>
    </point>
    <point>
      <x>0.32166666</x>
      <y>0.315</y>
      <w>0.427175</w>
      <t>534</t>
    </point>
    <point>
      <x>0.32333332</x>
      <y>0.31333333</y>
      <w>0.427175</w>
      <t>535</t>
    </point>
    <point>
      <x>0.32666665</x>
      <y>0.31166667</y>
      <w>0.29716522</w>
      <t>566</t>
    </point>
    <point>
      <x>0.32833335</x>
      <y>0.31</y>
      <w>0.29716522</w>
      <t>566</t>
    </point>
    <point>
      <x>0.33166668</x>
      <y>0.30833334</y>
      <w>0.29716522</w>
      <t>566</t>
    </point>
    <point>
      <x>0.335</x>
      <y>0.30666667</y>
      <w>0.29716522</w>
      <t>566</t>
    </point>
    <point>
      <x>0.33833334</x>
      <y>0.30333334</y>
      <w>0.2228739</w>
      <t>600</t>
    </point>
    <point>
      <x>0.34166667</x>
      <y>0.30166668</y>
      <w>0.2228739</w>
      <t>600</t>
    </point>
    <point>
      <x>0.345</x>
      <y>0.3</y>
      <w>0.2228739</w>
      <t>600</t>
    </point>
    <point>
      <x>0.35</x>
      <y>0.29666665</y>
      <w>0.2228739</w>
      <t>600</t>
    </point>
    <point>
      <x>0.35333332</x>
      <y>0.295</y>
      <w>0.2228739</w>
      <t>601</t>
    </point>
    <point>
      <x>0.35666665</x>
      <y>0.29333332</y>
      <w>0.1427175</w>
      <t>633</t>
    </point>
    <point>
      <x>0.36</x>
      <y>0.29</y>
      <w>0.1427175</w>
      <t>633</t>
    </point>
    <point>
      <x>0.36333334</x>
      <y>0.28833333</y>
      <w>0.1427175</w>
      <t>633</t>
    </point>
    <point>
      <x>0.36666667</x>
      <y>0.28833333</y>
      <w>0.1427175</w>
      <t>633</t>
    </point>
    <point>
      <x>0.37</x>
      <y>0.28666666</y>
      <w>0.14662756</w>
      <t>666</t>
    </point>
    <point>
      <x>0.375</x>
      <y>0.285</y>
      <w>0.14662756</w>
      <t>666</t>
    </point>
    <point>
      <x>0.37833333</x>
      <y>0.28333333</y>
      <w>0.14662756</w>
      <t>666</t>
    </point>
    <point>
      <x>0.38333333</x>
      <y>0.28166667</y>
      <w>0.14662756</w>
      <t>666</t>
    </point>
    <point>
      <x>0.38666666</x>
      <y>0.28</y>
      <w>0.09188661</w>
      <t>700</t>
    </point>
    <point>
      <x>0.39166668</x>
      <y>0.28</y>
      <w>0.09188661</w>
      <t>700</t>
    </point>
    <point>
      <x>0.395</x>
      <y>0.27833334</y>
      <w>0.09188661</w>
      <t>700</t>
    </point>
    <point>
      <x>0.39833334</x>
      <y>0.27833334</y>
      <w>0.09188661</w>
      <t>700</t>
    </point>
    <point>
      <x>0.4</x>
      <y>0.27833334</y>
      <w>0.09188661</w>
      <t>701</t>
    </point>
    <point>
      <x>0.40333334</x>
      <y>0.27833334</y>
      <w>0.1652004</w>
      <t>733</t>
    </point>
    <point>
      <x>0.40666667</x>
      <y>0.27833334</y>
      <w>0.1652004</w>
      <t>735</t>
    </point>
    <point>
      <x>0.40833333</x>
      <y>0.27833334</y>
      <w>0.1652004</w>
      <t>735</t>
    </point>
    <point>
      <x>0.41166666</x>
      <y>0.27833334</y>
      <w>0.1652004</w>
      <t>735</t>
    </point>
    <point>
      <x>0.41333333</x>
      <y>0.27833334</y>
      <w>0.1652004</w>
      <t>735</t>
    </point>
    <point>
      <x>0.41666666</x>
      <y>0.27833334</y>
      <w>0.22971652</w>
      <t>767</t>
    </point>
    <point>
      <x>0.41833332</x>
      <y>0.27833334</y>
      <w>0.22971652</w>
      <t>767</t>
    </point>
    <point>
      <x>0.42166665</x>
      <y>0.28</y>
      <w>0.22971652</w>
      <t>767</t>
    </point>
    <point>
      <x>0.42333335</x>
      <y>0.28</y>
      <w>0.22971652</w>
      <t>767</t>
    </point>
    <point>
      <x>0.42666668</x>
      <y>0.28166667</y>
      <w>0.2805474</w>
      <t>800</t>
    </point>
    <point>
      <x>0.42833334</x>
      <y>0.28333333</y>
      <w>0.2805474</w>
      <t>800</t>
    </point>
    <point>
      <x>0.43</x>
      <y>0.285</y>
      <w>0.2805474</w>
      <t>802</t>
    </point>
    <point>
      <x>0.43166667</x>
      <y>0.285</y>
      <w>0.2805474</w>
      <t>802</t>
    </point>
    <point>
      <x>0.435</x>
      <y>0.28666666</y>
      <w>0.2805474</w>
      <t>802</t>
    </point>
    <point>
      <x>0.43666667</x>
      <y>0.28833333</y>
      <w>0.35288367</w>
      <t>834</t>
    </point>
    <point>
      <x>0.43833333</x>
      <y>0.29</y>
      <w>0.35288367</w>
      <t>834</t>
    </point>
    <point>
      <x>0.44166666</x>
      <y>0.29166666</y>
      <w>0.35288367</w>
      <t>834</t>
    </point>
    <point>
      <x>0.44333333</x>
      <y>0.29333332</y>
      <w>0.35288367</w>
      <t>834</t>
    </point>
    <point>
      <x>0.44666666</x>
      <y>0.295</y>
      <w>0.38807428</w>
      <t>867</t>
    </point>
    <point>
      <x>0.44833332</x>
      <y>0.295</y>
      <w>0.38807428</w>
      <t>867</t>
    </point>
    <point>
      <x>0.45</x>
      <y>0.29666665</y>
      <w>0.38807428</w>
      <t>867</t>
    </point>
    <point>
      <x>0.45166665</x>
      <y>0.29833335</y>
      <w>0.38807428</w>
      <t>867</t>
    </point>
    <point>
      <x>0.45333335</x>
      <y>0.3</y>
      <w>0.45943305</w>
      <t>900</t>
    </point>
    <point>
      <x>0.455</x>
      <y>0.30166668</y>
      <w>0.45943305</w>
      <t>900</t>
    </point>
    <point>
      <x>0.45666668</x>
      <y>0.30333334</y>
      <w>0.45943305</w>
      <t>900</t>
    </point>
    <point>
      <x>0.45666668</x>
      <y>0.305</y>
      <w>0.45943305</w>
      <t>900</t>
    </point>
    <point>
      <x>0.45833334</x>
      <y>0.305</y>
      <w>0.45943305</w>
      <t>900</t>
    </point>
    <point>
      <x>0.45833334</x>
      <y>0.30666667</y>
      <w>0.47605082</w>
      <t>933</t>
    </point>
    <point>
      <x>0.46</x>
      <y>0.30666667</y>
      <w>0.47605082</w>
      <t>933</t>
    </point>
    <point>
      <x>0.46</x>
      <y>0.30833334</y>
      <w>0.47605082</w>
      <t>933</t>
    </point>
    <point>
      <x>0.46</x>
      <y>0.31</y>
      <w>0.48778105</w>
      <t>967</t>
    </point>
    <point>
      <x>0.46166667</x>
      <y>0.31</y>
      <w>0.48778105</w>
      <t>967</t>
    </point>
    <point>
      <x>0.46166667</x>
      <y>0.31166667</y>
      <w>0.48778105</w>
      <t>967</t>
    </point>
    <point>
      <x>0.46166667</x>
      <y>0.31333333</y>
      <w>0.48778105</w>
      <t>967</t>
    </point>
    <point>
      <x>0.46166667</x>
      <y>0.315</y>
      <w>0.48778105</w>
      <t>967</t>
    </point>
    <point>
      <x>0.46166667</x>
      <y>0.31666666</y>
      <w>0.5014663</w>
      <t>1000</t>
    </point>
    <point>
      <x>0.46166667</x>
      <y>0.31833333</y>
      <w>0.5014663</w>
      <t>1000</t>
    </point>
    <point>
      <x>0.46166667</x>
      <y>0.32</y>
      <w>0.5014663</w>
      <t>1000</t>
    </point>
    <point>
      <x>0.46166667</x>
      <y>0.32166666</y>
      <w>0.51808405</w>
      <t>1034</t>
    </point>
    <point>
      <x>0.46166667</x>
      <y>0.32333332</y>
      <w>0.51808405</w>
      <t>1034</t>
    </point>
    <point>
      <x>0.46166667</x>
      <y>0.325</y>
      <w>0.51808405</w>
      <t>1034</t>
    </point>
    <point>
      <x>0.46166667</x>
      <y>0.32666665</y>
      <w>0.52297163</w>
      <t>1067</t>
    </point>
    <point>
      <x>0.46166667</x>
      <y>0.32833335</y>
      <w>0.52297163</w>
      <t>1067</t>
    </point>
    <point>
      <x>0.46</x>
      <y>0.33</y>
      <w>0.52297163</w>
      <t>1067</t>
    </point>
    <point>
      <x>0.46</x>
      <y>0.33166668</y>
      <w>0.52394915</w>
      <t>1100</t>
    </point>
    <point>
      <x>0.45833334</x>
      <y>0.33333334</y>
      <w>0.52394915</w>
      <t>1100</t>
    </point>
    <point>
      <x>0.45666668</x>
      <y>0.335</y>
      <w>0.52394915</w>
      <t>1100</t>
    </point>
    <point>
      <x>0.455</x>
      <y>0.33666667</y>
      <w>0.52394915</w>
      <t>1100</t>
    </point>
    <point>
      <x>0.455</x>
      <y>0.33833334</y>
      <w>0.52394915</w>
      <t>1133</t>
    </point>
    <point>
      <x>0.45166665</x>
      <y>0.34</y>
      <w>0.52394915</w>
      <t>1133</t>
    </point>
    <point>
      <x>0.45</x>
      <y>0.34166667</y>
      <w>0.52394915</w>
      <t>1133</t>
    </point>
    <point>
      <x>0.44833332</x>
      <y>0.34333333</y>
      <w>0.52394915</w>
      <t>1134</t>
    </point>
    <point>
      <x>0.44666666</x>
      <y>0.345</y>
      <w>0.52394915</w>
      <t>1134</t>
    </point>
    <point>
      <x>0.44333333</x>
      <y>0.34666666</y>
      <w>0.52394915</w>
      <t>1167</t>
    </point>
    <point>
      <x>0.44166666</x>
      <y>0.34833333</y>
      <w>0.52394915</w>
      <t>1167</t>
    </point>
    <point>
      <x>0.44</x>
      <y>0.35</y>
      <w>0.52394915</w>
      <t>1167</t>
    </point>
    <point>
      <x>0.43666667</x>
      <y>0.35166666</y>
      <w>0.52394915</w>
      <t>1167</t>
    </point>
    <point>
      <x>0.435</x>
      <y>0.35333332</y>
      <w>0.52297163</w>
      <t>1200</t>
    </point>
    <point>
      <x>0.43166667</x>
      <y>0.35666665</y>
      <w>0.52297163</w>
      <t>1200</t>
    </point>
    <point>
      <x>0.43</x>
      <y>0.35833332</y>
      <w>0.52297163</w>
      <t>1200</t>
    </point>
    <point>
      <x>0.42666668</x>
      <y>0.36</y>
      <w>0.52297163</w>
      <t>1200</t>
    </point>
    <point>
      <x>0.425</x>
      <y>0.36166668</y>
      <w>0.52297163</w>
      <t>1200</t>
    </point>
    <point>
      <x>0.42166665</x>
      <y>0.36333334</y>
      <w>0.50635386</w>
      <t>1233</t>
    </point>
    <point>
      <x>0.41833332</x>
      <y>0.36666667</y>
      <w>0.50635386</w>
      <t>1233</t>
    </point>
    <point>
      <x>0.415</x>
      <y>0.36833334</y>
      <w>0.50635386</w>
      <t>1233</t>
    </point>
    <point>
      <x>0.41166666</x>
      <y>0.37166667</y>
      <w>0.50635386</w>
      <t>1233</t>
    </point>
    <point>
      <x>0.40833333</x>
      <y>0.37333333</y>
      <w>0.44965786</w>
      <t>1267</t>
    </point>
    <point>
      <x>0.40333334</x>
      <y>0.37666667</y>
      <w>0.44965786</w>
      <t>1267</t>
    </point>
    <point>
      <x>0.39833334</x>
      <y>0.38</y>
      <w>0.44965786</w>
      <t>1267</t>
    </point>
    <point>
      <x>0.39333335</x>
      <y>0.385</y>
      <w>0.44965786</w>
      <t>1267</t>
    </point>
    <point>
      <x>0.38833332</x>
      <y>0.39</y>
      <w>0.44965786</w>
      <t>1267</t>
    </point>
    <point>
      <x>0.38166666</x>
      <y>0.39333335</y>
      <w>0.41055718</w>
      <t>1300</t>
    </point>
    <point>
      <x>0.37666667</x>
      <y>0.39833334</y>
      <w>0.41055718</w>
      <t>1300</t>
    </point>
    <point>
      <x>0.37</x>
      <y>0.40333334</y>
      <w>0.41055718</w>
      <t>1300</t>
    </point>
    <point>
      <x>0.365</x>
      <y>0.40833333</y>
      <w>0.41055718</w>
      <t>1300</t>
    </point>
    <point>
      <x>0.35833332</x>
      <y>0.41333333</y>
      <w>0.4115347</w>
      <t>1333</t>
    </point>
    <point>
      <x>0.35333332</x>
      <y>0.41833332</y>
      <w>0.4115347</w>
      <t>1333</t>
    </point>
    <point>
      <x>0.34666666</x>
      <y>0.42166665</y>
      <w>0.4115347</w>
      <t>1333</t>
    </point>
    <point>
      <x>0.34166667</x>
      <y>0.42666668</y>
      <w>0.4115347</w>
      <t>1333</t>
    </point>
    <point>
      <x>0.335</x>
      <y>0.43166667</y>
      <w>0.4115347</w>
      <t>1367</t>
    </point>
    <point>
      <x>0.33</x>
      <y>0.43666667</y>
      <w>0.4115347</w>
      <t>1367</t>
    </point>
    <point>
      <x>0.32333332</x>
      <y>0.44166666</y>
      <w>0.4115347</w>
      <t>1367</t>
    </point>
    <point>
      <x>0.31833333</x>
      <y>0.44666666</y>
      <w>0.4115347</w>
      <t>1367</t>
    </point>
    <point>
      <x>0.31333333</x>
      <y>0.45166665</y>
      <w>0.4115347</w>
      <t>1367</t>
    </point>
    <point>
      <x>0.30833334</x>
      <y>0.45666668</y>
      <w>0.3548387</w>
      <t>1400</t>
    </point>
    <point>
      <x>0.30333334</x>
      <y>0.46333334</y>
      <w>0.3548387</w>
      <t>1400</t>
    </point>
    <point>
      <x>0.29833335</x>
      <y>0.46833333</y>
      <w>0.3548387</w>
      <t>1400</t>
    </point>
    <point>
      <x>0.29333332</x>
      <y>0.47333333</y>
      <w>0.3548387</w>
      <t>1400</t>
    </point>
    <point>
      <x>0.29</x>
      <y>0.47666666</y>
      <w>0.3548387</w>
      <t>1433</t>
    </point>
    <point>
      <x>0.285</x>
      <y>0.48166665</y>
      <w>0.3548387</w>
      <t>1433</t>
    </point>
    <point>
      <x>0.28166667</x>
      <y>0.48666668</y>
      <w>0.3548387</w>
      <t>1433</t>
    </point>
    <point>
      <x>0.27833334</x>
      <y>0.49</y>
      <w>0.3548387</w>
      <t>1433</t>
    </point>
    <point>
      <x>0.27666667</x>
      <y>0.495</y>
      <w>0.3548387</w>
      <t>1433</t>
    </point>
    <point>
      <x>0.27333334</x>
      <y>0.49833333</y>
      <w>0.36265886</w>
      <t>1467</t>
    </point>
    <point>
      <x>0.27166668</x>
      <y>0.50166667</y>
      <w>0.36265886</w>
      <t>1467</t>
    </point>
    <point>
      <x>0.27166668</x>
      <y>0.50666666</y>
      <w>0.36265886</w>
      <t>1467</t>
    </point>
    <point>
      <x>0.27</x>
      <y>0.5083333</y>
      <w>0.36265886</w>
      <t>1467</t>
    </point>
    <point>
      <x>0.27</x>
      <y>0.51166666</y>
      <w>0.37634408</w>
      <t>1500</t>
    </point>
    <point>
      <x>0.26833335</x>
      <y>0.5133333</y>
      <w>0.37634408</w>
      <t>1500</t>
    </point>
    <point>
      <x>0.26833335</x>
      <y>0.515</y>
      <w>0.37634408</w>
      <t>1500</t>
    </point>
    <point>
      <x>0.26833335</x>
      <y>0.51666665</y>
      <w>0.37634408</w>
      <t>1500</t>
    </point>
    <point>
      <x>0.27</x>
      <y>0.5183333</y>
      <w>0.38514173</w>
      <t>1533</t>
    </point>
    <point>
      <x>0.27166668</x>
      <y>0.5183333</y>
      <w>0.40762463</w>
      <t>1567</t>
    </point>
    <point>
      <x>0.27166668</x>
      <y>0.52</y>
      <w>0.40762463</w>
      <t>1567</t>
    </point>
    <point>
      <x>0.27333334</x>
      <y>0.52</y>
      <w>0.42424244</w>
      <t>1600</t>
    </point>
    <point>
      <x>0.275</x>
      <y>0.52</y>
      <w>0.42424244</w>
      <t>1600</t>
    </point>
    <point>
      <x>0.27666667</x>
      <y>0.52</y>
      <w>0.42424244</w>
      <t>1600</t>
    </point>
    <point>
      <x>0.27833334</x>
      <y>0.52</y>
      <w>0.42424244</w>
      <t>1600</t>
    </point>
    <point>
      <x>0.28</x>
      <y>0.52</y>
      <w>0.43792766</w>
      <t>1633</t>
    </point>
    <point>
      <x>0.28166667</x>
      <y>0.52</y>
      <w>0.43792766</w>
      <t>1633</t>
    </point>
    <point>
      <x>0.28333333</x>
      <y>0.52</y>
      <w>0.43792766</w>
      <t>1633</t>
    </point>
    <point>
      <x>0.285</x>
      <y>0.52</y>
      <w>0.43792766</w>
      <t>1633</t>
    </point>
    <point>
      <x>0.28666666</x>
      <y>0.5183333</y>
      <w>0.43304008</w>
      <t>1667</t>
    </point>
    <point>
      <x>0.29</x>
      <y>0.5183333</y>
      <w>0.43304008</w>
      <t>1667</t>
    </point>
    <point>
      <x>0.29333332</x>
      <y>0.51666665</y>
      <w>0.43304008</w>
      <t>1667</t>
    </point>
    <point>
      <x>0.295</x>
      <y>0.515</y>
      <w>0.43304008</w>
      <t>1667</t>
    </point>
    <point>
      <x>0.29833335</x>
      <y>0.515</y>
      <w>0.43304008</w>
      <t>1667</t>
    </point>
    <point>
      <x>0.30166668</x>
      <y>0.5133333</y>
      <w>0.44281524</w>
      <t>1700</t>
    </point>
    <point>
      <x>0.305</x>
      <y>0.51166666</y>
      <w>0.44281524</w>
      <t>1700</t>
    </point>
    <point>
      <x>0.30833334</x>
      <y>0.51</y>
      <w>0.44281524</w>
      <t>1700</t>
    </point>
    <point>
      <x>0.31</x>
      <y>0.51</y>
      <w>0.44281524</w>
      <t>1700</t>
    </point>
    <point>
      <x>0.31333333</x>
      <y>0.5083333</y>
      <w>0.44477028</w>
      <t>1733</t>
    </point>
    <point>
      <x>0.31666666</x>
      <y>0.50666666</y>
      <w>0.44477028</w>
      <t>1733</t>
    </point>
    <point>
      <x>0.32</x>
      <y>0.505</y>
      <w>0.44477028</w>
      <t>1733</t>
    </point>
    <point>
      <x>0.32333332</x>
      <y>0.505</y>
      <w>0.44477028</w>
      <t>1733</t>
    </point>
    <point>
      <x>0.32666665</x>
      <y>0.50333333</y>
      <w>0.44477028</w>
      <t>1733</t>
    </point>
    <point>
      <x>0.33</x>
      <y>0.50166667</y>
      <w>0.44770283</w>
      <t>1767</t>
    </point>
    <point>
      <x>0.33333334</x>
      <y>0.50166667</y>
      <w>0.44770283</w>
      <t>1767</t>
    </point>
    <point>
      <x>0.33666667</x>
      <y>0.5</y>
      <w>0.44770283</w>
      <t>1767</t>
    </point>
    <point>
      <x>0.34</x>
      <y>0.5</y>
      <w>0.44770283</w>
      <t>1767</t>
    </point>
    <point>
      <x>0.34166667</x>
      <y>0.49833333</y>
      <w>0.44770283</w>
      <t>1800</t>
    </point>
    <point>
      <x>0.345</x>
      <y>0.49833333</y>
      <w>0.44770283</w>
      <t>1800</t>
    </point>
    <point>
      <x>0.34666666</x>
      <y>0.49833333</y>
      <w>0.44770283</w>
      <t>1800</t>
    </point>
    <point>
      <x>0.34833333</x>
      <y>0.49833333</y>
      <w>0.44770283</w>
      <t>1800</t>
    </point>
    <point>
      <x>0.35</x>
      <y>0.49833333</y>
      <w>0.44770283</w>
      <t>1800</t>
    </point>
    <point>
      <x>0.35166666</x>
      <y>0.49666667</y>
      <w>0.45943305</w>
      <t>1833</t>
    </point>
    <point>
      <x>0.35333332</x>
      <y>0.49666667</y>
      <w>0.45943305</w>
      <t>1833</t>
    </point>
    <point>
      <x>0.35333332</x>
      <y>0.49833333</y>
      <w>0.54545456</w>
      <t>1933</t>
    </point>
    <point>
      <x>0.35333332</x>
      <y>0.5</y>
      <w>0.54545456</w>
      <t>1933</t>
    </point>
    <point>
      <x>0.35333332</x>
      <y>0.50166667</y>
      <w>0.54545456</w>
      <t>1933</t>
    </point>
    <point>
      <x>0.35333332</x>
      <y>0.50333333</y>
      <w>0.57478005</w>
      <t>1967</t>
    </point>
    <point>
      <x>0.35333332</x>
      <y>0.505</y>
      <w>0.57478005</w>
      <t>1967</t>
    </point>
    <point>
      <x>0.35333332</x>
      <y>0.50666666</y>
      <w>0.57478005</w>
      <t>1967</t>
    </point>
    <point>
      <x>0.35333332</x>
      <y>0.5083333</y>
      <w>0.57478005</w>
      <t>1967</t>
    </point>
    <point>
      <x>0.35333332</x>
      <y>0.51</y>
      <w>0.6089932</w>
      <t>2000</t>
    </point>
    <point>
      <x>0.35333332</x>
      <y>0.51166666</y>
      <w>0.6089932</w>
      <t>2000</t>
    </point>
    <point>
      <x>0.35166666</x>
      <y>0.5133333</y>
      <w>0.6089932</w>
      <t>2000</t>
    </point>
    <point>
      <x>0.35166666</x>
      <y>0.51666665</y>
      <w>0.6089932</w>
      <t>2000</t>
    </point>
    <point>
      <x>0.35</x>
      <y>0.5183333</y>
      <w>0.64320624</w>
      <t>2033</t>
    </point>
    <point>
      <x>0.34833333</x>
      <y>0.52166665</y>
      <w>0.64320624</w>
      <t>2033</t>
    </point>
    <point>
      <x>0.34666666</x>
      <y>0.525</y>
      <w>0.64320624</w>
      <t>2033</t>
    </point>
    <point>
      <x>0.34666666</x>
      <y>0.5283333</y>
      <w>0.64320624</w>
      <t>2033</t>
    </point>
    <point>
      <x>0.345</x>
      <y>0.5316667</y>
      <w>0.64320624</w>
      <t>2033</t>
    </point>
    <point>
      <x>0.345</x>
      <y>0.535</y>
      <w>0.6744868</w>
      <t>2067</t>
    </point>
    <point>
      <x>0.34333333</x>
      <y>0.53833336</y>
      <w>0.6744868</w>
      <t>2067</t>
    </point>
    <point>
      <x>0.34166667</x>
      <y>0.54333335</y>
      <w>0.6744868</w>
      <t>2067</t>
    </point>
    <point>
      <x>0.34166667</x>
      <y>0.5466667</y>
      <w>0.6744868</w>
      <t>2067</t>
    </point>
    <point>
      <x>0.34</x>
      <y>0.5516667</y>
      <w>0.714565</w>
      <t>2100</t>
    </point>
    <point>
      <x>0.33833334</x>
      <y>0.5566667</y>
      <w>0.714565</w>
      <t>2100</t>
    </point>
    <point>
      <x>0.33833334</x>
      <y>0.56166667</y>
      <w>0.714565</w>
      <t>2100</t>
    </point>
    <point>
      <x>0.33666667</x>
      <y>0.565</y>
      <w>0.714565</w>
      <t>2100</t>
    </point>
    <point>
      <x>0.335</x>
      <y>0.57166666</y>
      <w>0.714565</w>
      <t>2100</t>
    </point>
    <point>
      <x>0.335</x>
      <y>0.57666665</y>
      <w>0.7311828</w>
      <t>2133</t>
    </point>
    <point>
      <x>0.33333334</x>
      <y>0.58166665</y>
      <w>0.7311828</w>
      <t>2133</t>
    </point>
    <point>
      <x>0.33333334</x>
      <y>0.5883333</y>
      <w>0.7311828</w>
      <t>2133</t>
    </point>
    <point>
      <x>0.33166668</x>
      <y>0.595</y>
      <w>0.7311828</w>
      <t>2133</t>
    </point>
    <point>
      <x>0.33166668</x>
      <y>0.60333335</y>
      <w>0.73900294</w>
      <t>2167</t>
    </point>
    <point>
      <x>0.33</x>
      <y>0.61</y>
      <w>0.73900294</w>
      <t>2167</t>
    </point>
    <point>
      <x>0.33</x>
      <y>0.61833334</y>
      <w>0.73900294</w>
      <t>2167</t>
    </point>
    <point>
      <x>0.33</x>
      <y>0.62833333</y>
      <w>0.73900294</w>
      <t>2167</t>
    </point>
    <point>
      <x>0.33</x>
      <y>0.63666666</y>
      <w>0.73900294</w>
      <t>2167</t>
    </point>
    <point>
      <x>0.33</x>
      <y>0.64666665</y>
      <w>0.7419355</w>
      <t>2200</t>
    </point>
    <point>
      <x>0.33</x>
      <y>0.655</y>
      <w>0.7419355</w>
      <t>2200</t>
    </point>
    <point>
      <x>0.33</x>
      <y>0.665</y>
      <w>0.7419355</w>
      <t>2200</t>
    </point>
    <point>
      <x>0.33</x>
      <y>0.67333335</y>
      <w>0.7419355</w>
      <t>2200</t>
    </point>
    <point>
      <x>0.33</x>
      <y>0.6816667</y>
      <w>0.73998046</w>
      <t>2234</t>
    </point>
    <point>
      <x>0.33</x>
      <y>0.69166666</y>
      <w>0.73998046</w>
      <t>2234</t>
    </point>
    <point>
      <x>0.33</x>
      <y>0.7</y>
      <w>0.73998046</w>
      <t>2234</t>
    </point>
    <point>
      <x>0.33166668</x>
      <y>0.71</y>
      <w>0.73998046</w>
      <t>2234</t>
    </point>
    <point>
      <x>0.33333334</x>
      <y>0.7183333</y>
      <w>0.73998046</w>
      <t>2267</t>
    </point>
    <point>
      <x>0.335</x>
      <y>0.7266667</y>
      <w>0.73998046</w>
      <t>2267</t>
    </point>
    <point>
      <x>0.335</x>
      <y>0.735</y>
      <w>0.73998046</w>
      <t>2267</t>
    </point>
    <point>
      <x>0.33666667</x>
      <y>0.74333334</y>
      <w>0.73998046</w>
      <t>2267</t>
    </point>
    <point>
      <x>0.33833334</x>
      <y>0.75</y>
      <w>0.73998046</w>
      <t>2267</t>
    </point>
    <point>
      <x>0.33833334</x>
      <y>0.7583333</y>
      <w>0.7370479</w>
      <t>2300</t>
    </point>
    <point>
      <x>0.34</x>
      <y>0.765</y>
      <w>0.7370479</w>
      <t>2300</t>
    </point>
    <point>
      <x>0.34166667</x>
      <y>0.77166665</y>
      <w>0.7370479</w>
      <t>2300</t>
    </point>
    <point>
      <x>0.34166667</x>
      <y>0.7783333</y>
      <w>0.7370479</w>
      <t>2300</t>
    </point>
    <point>
      <x>0.34333333</x>
      <y>0.785</y>
      <w>0.7038123</w>
      <t>2333</t>
    </point>
    <point>
      <x>0.345</x>
      <y>0.79</y>
      <w>0.7038123</w>
      <t>2333</t>
    </point>
    <point>
      <x>0.345</x>
      <y>0.795</y>
      <w>0.7038123</w>
      <t>2333</t>
    </point>
    <point>
      <x>0.34666666</x>
      <y>0.8</y>
      <w>0.7038123</w>
      <t>2333</t>
    </point>
    <point>
      <x>0.34666666</x>
      <y>0.80333334</y>
      <w>0.7038123</w>
      <t>2333</t>
    </point>
    <point>
      <x>0.34833333</x>
      <y>0.805</y>
      <w>0.6539589</w>
      <t>2367</t>
    </point>
    <point>
      <x>0.34833333</x>
      <y>0.80833334</y>
      <w>0.6539589</w>
      <t>2367</t>
    </point>
    <point>
      <x>0.34833333</x>
      <y>0.81</y>
      <w>0.6539589</w>
      <t>2367</t>
    </point>
    <point>
      <x>0.34666666</x>
      <y>0.81</y>
      <w>0.5210166</w>
      <t>2466</t>
    </point>
    <point>
      <x>0.345</x>
      <y>0.81</y>
      <w>0.5210166</w>
      <t>2466</t>
    </point>
    <point>
      <x>0.34333333</x>
      <y>0.81</y>
      <w>0.4349951</w>
      <t>2500</t>
    </point>
    <point>
      <x>0.34</x>
      <y>0.80833334</y>
      <w>0.4349951</w>
      <t>2500</t>
    </point>
    <point>
      <x>0.33833334</x>
      <y>0.80833334</y>
      <w>0.4349951</w>
      <t>2500</t>
    </point>
    <point>
      <x>0.33333334</x>
      <y>0.8066667</y>
      <w>0.4349951</w>
      <t>2500</t>
    </point>
    <point>
      <x>0.33</x>
      <y>0.805</y>
      <w>0.4349951</w>
      <t>2500</t>
    </point>
    <point>
      <x>0.32666665</x>
      <y>0.80333334</y>
      <w>0.37438905</w>
      <t>2533</t>
    </point>
    <point>
      <x>0.32333332</x>
      <y>0.8016667</y>
      <w>0.37438905</w>
      <t>2533</t>
    </point>
    <point>
      <x>0.32</x>
      <y>0.8016667</y>
      <w>0.37438905</w>
      <t>2533</t>
    </point>
    <point>
      <x>0.31666666</x>
      <y>0.8</y>
      <w>0.37438905</w>
      <t>2533</t>
    </point>
    <point>
      <x>0.31333333</x>
      <y>0.79833335</y>
      <w>0.370479</w>
      <t>2567</t>
    </point>
    <point>
      <x>0.31</x>
      <y>0.7966667</y>
      <w>0.370479</w>
      <t>2567</t>
    </point>
    <point>
      <x>0.30666667</x>
      <y>0.795</y>
      <w>0.370479</w>
      <t>2567</t>
    </point>
    <point>
      <x>0.305</x>
      <y>0.79333335</y>
      <w>0.370479</w>
      <t>2567</t>
    </point>
    <point>
      <x>0.30166668</x>
      <y>0.7916667</y>
      <w>0.370479</w>
      <t>2567</t>
    </point>
    <point>
      <x>0.29833335</x>
      <y>0.79</y>
      <w>0.36950147</w>
      <t>2600</t>
    </point>
    <point>
      <x>0.295</x>
      <y>0.78833336</y>
      <w>0.36950147</w>
      <t>2600</t>
    </point>
    <point>
      <x>0.29166666</x>
      <y>0.78833336</y>
      <w>0.36950147</w>
      <t>2600</t>
    </point>
    <point>
      <x>0.28833333</x>
      <y>0.7866667</y>
      <w>0.36950147</w>
      <t>2600</t>
    </point>
    <point>
      <x>0.285</x>
      <y>0.785</y>
      <w>0.36852396</w>
      <t>2633</t>
    </point>
    <point>
      <x>0.28166667</x>
      <y>0.78333336</y>
      <w>0.36852396</w>
      <t>2633</t>
    </point>
    <point>
      <x>0.27833334</x>
      <y>0.7816667</y>
      <w>0.36852396</w>
      <t>2633</t>
    </point>
    <point>
      <x>0.27333334</x>
      <y>0.7816667</y>
      <w>0.36852396</w>
      <t>2633</t>
    </point>
    <point>
      <x>0.27</x>
      <y>0.78</y>
      <w>0.36852396</w>
      <t>2633</t>
    </point>
    <point>
      <x>0.265</x>
      <y>0.78</y>
      <w>0.31085044</w>
      <t>2667</t>
    </point>
    <point>
      <x>0.26166666</x>
      <y>0.7783333</y>
      <w>0.31085044</w>
      <t>2667</t>
    </point>
    <point>
      <x>0.25833333</x>
      <y>0.7783333</y>
      <w>0.31085044</w>
      <t>2667</t>
    </point>
    <point>
      <x>0.255</x>
      <y>0.7783333</y>
      <w>0.31085044</w>
      <t>2667</t>
    </point>
    <point>
      <x>0.25166667</x>
      <y>0.7783333</y>
      <w>0.34604105</w>
      <t>2700</t>
    </point>
    <point>
      <x>0.25</x>
      <y>0.77666664</y>
      <w>0.34604105</w>
      <t>2700</t>
    </point>
    <point>
      <x>0.24833333</x>
      <y>0.77666664</y>
      <w>0.34604105</w>
      <t>2700</t>
    </point>
    <point>
      <x>0.24666667</x>
      <y>0.77666664</y>
      <w>0.34604105</w>
      <t>2700</t>
    </point>
    <point>
      <x>0.245</x>
      <y>0.775</y>
      <w>0.34604105</w>
      <t>2700</t>
    </point>
    <point>
      <x>0.24333334</x>
      <y>0.775</y>
      <w>0.35679373</w>
      <t>2733</t>
    </point>
    <point>
      <x>0.24333334</x>
      <y>0.7733333</y>
      <w>0.35679373</w>
      <t>2733</t>
    </point>
    <point>
      <x>0.24333334</x>
      <y>0.77166665</y>
      <w>0.35679373</w>
      <t>2733</t>
    </point>
    <point>
      <x>0.24333334</x>
      <y>0.7683333</y>
      <w>0.35679373</w>
      <t>2733</t>
    </point>
    <point>
      <x>0.24333334</x>
      <y>0.765</y>
      <w>0.3372434</w>
      <t>2767</t>
    </point>
    <point>
      <x>0.245</x>
      <y>0.76166666</y>
      <w>0.3372434</w>
      <t>2767</t>
    </point>
    <point>
      <x>0.24666667</x>
      <y>0.7583333</y>
      <w>0.3372434</w>
      <t>2767</t>
    </point>
    <point>
      <x>0.24833333</x>
      <y>0.75333333</y>
      <w>0.3372434</w>
      <t>2767</t>
    </point>
    <point>
      <x>0.25166667</x>
      <y>0.74833333</y>
      <w>0.3372434</w>
      <t>2767</t>
    </point>
    <point>
      <x>0.255</x>
      <y>0.74333334</y>
      <w>0.28250244</w>
      <t>2800</t>
    </point>
    <point>
      <x>0.25833333</x>
      <y>0.73833334</y>
      <w>0.28250244</w>
      <t>2800</t>
    </point>
    <point>
      <x>0.26166666</x>
      <y>0.73333335</y>
      <w>0.28250244</w>
      <t>2800</t>
    </point>
    <point>
      <x>0.265</x>
      <y>0.7266667</y>
      <w>0.28250244</w>
      <t>2800</t>
    </point>
    <point>
      <x>0.26833335</x>
      <y>0.7216667</y>
      <w>0.27565983</w>
      <t>2833</t>
    </point>
    <point>
      <x>0.27333334</x>
      <y>0.715</y>
      <w>0.27565983</w>
      <t>2833</t>
    </point>
    <point>
      <x>0.27666667</x>
      <y>0.7083333</y>
      <w>0.27565983</w>
      <t>2833</t>
    </point>
    <point>
      <x>0.28166667</x>
      <y>0.7033333</y>
      <w>0.27565983</w>
      <t>2833</t>
    </point>
    <point>
      <x>0.285</x>
      <y>0.69666666</y>
      <w>0.09677419</w>
      <t>2867</t>
    </point>
    <point>
      <x>0.29</x>
      <y>0.69</y>
      <w>0.09677419</w>
      <t>2867</t>
    </point>
    <point>
      <x>0.295</x>
      <y>0.68333334</y>
      <w>0.09677419</w>
      <t>2867</t>
    </point>
    <point>
      <x>0.29833335</x>
      <y>0.67833334</y>
      <w>0.09677419</w>
      <t>2867</t>
    </point>
  </stroke>
  <stroke time="2900">
    <point>
      <x>0.325</x>
      <y>0.6433333</y>
      <w>0.0029325513</w>
      <t>2900</t>
    </point>
    <point>
      <x>0.33166668</x>
      <y>0.635</y>
      <w>0.11045943</w>
      <t>2934</t>
    </point>
    <point>
      <x>0.33833334</x>
      <y>0.62666667</y>
      <w>0.11045943</w>
      <t>2934</t>
    </point>
    <point>
      <x>0.345</x>
      <y>0.61833334</y>
      <w>0.11045943</w>
      <t>2934</t>
    </point>
    <point>
      <x>0.35166666</x>
      <y>0.6116667</y>
      <w>0.11045943</w>
      <t>2934</t>
    </point>
    <point>
      <x>0.35833332</x>
      <y>0.605</y>
      <w>0.11045943</w>
      <t>2934</t>
    </point>
    <point>
      <x>0.365</x>
      <y>0.5966667</y>
      <w>0.1427175</w>
      <t>2967</t>
    </point>
    <point>
      <x>0.37166667</x>
      <y>0.59</y>
      <w>0.1427175</w>
      <t>2967</t>
    </point>
    <point>
      <x>0.38</x>
      <y>0.5833333</y>
      <w>0.1427175</w>
      <t>2967</t>
    </point>
    <point>
      <x>0.38833332</x>
      <y>0.57666665</y>
      <w>0.1427175</w>
      <t>2967</t>
    </point>
    <point>
      <x>0.39666668</x>
      <y>0.57</y>
      <w>0.15933529</w>
      <t>3000</t>
    </point>
    <point>
      <x>0.405</x>
      <y>0.565</y>
      <w>0.15933529</w>
      <t>3000</t>
    </point>
    <point>
      <x>0.41333333</x>
      <y>0.55833334</y>
      <w>0.15933529</w>
      <t>3000</t>
    </point>
    <point>
      <x>0.42</x>
      <y>0.5516667</y>
      <w>0.15933529</w>
      <t>3000</t>
    </point>
    <point>
      <x>0.42833334</x>
      <y>0.5466667</y>
      <w>0.15933529</w>
      <t>3000</t>
    </point>
    <point>
      <x>0.43666667</x>
      <y>0.54</y>
      <w>0.18670577</w>
      <t>3034</t>
    </point>
    <point>
      <x>0.445</x>
      <y>0.5366667</y>
      <w>0.18670577</w>
      <t>3034</t>
    </point>
    <point>
      <x>0.45166665</x>
      <y>0.5316667</y>
      <w>0.18670577</w>
      <t>3034</t>
    </point>
    <point>
      <x>0.46</x>
      <y>0.52666664</y>
      <w>0.18670577</w>
      <t>3034</t>
    </point>
    <point>
      <x>0.46666667</x>
      <y>0.5233333</y>
      <w>0.1945259</w>
      <t>3067</t>
    </point>
    <point>
      <x>0.475</x>
      <y>0.52</y>
      <w>0.1945259</w>
      <t>3067</t>
    </point>
    <point>
      <x>0.48333332</x>
      <y>0.5183333</y>
      <w>0.1945259</w>
      <t>3067</t>
    </point>
    <point>
      <x>0.49</x>
      <y>0.515</y>
      <w>0.1945259</w>
      <t>3067</t>
    </point>
    <point>
      <x>0.49666667</x>
      <y>0.5133333</y>
      <w>0.1945259</w>
      <t>3067</t>
    </point>
    <point>
      <x>0.50333333</x>
      <y>0.5133333</y>
      <w>0.23753665</w>
      <t>3100</t>
    </point>
    <point>
      <x>0.5083333</x>
      <y>0.5133333</y>
      <w>0.23753665</w>
      <t>3100</t>
    </point>
    <point>
      <x>0.5133333</x>
      <y>0.5133333</y>
      <w>0.23753665</w>
      <t>3100</t>
    </point>
    <point>
      <x>0.51666665</x>
      <y>0.5133333</y>
      <w>0.23753665</w>
      <t>3100</t>
    </point>
    <point>
      <x>0.52</x>
      <y>0.5133333</y>
      <w>0.3900293</w>
      <t>3133</t>
    </point>
    <point>
      <x>0.525</x>
      <y>0.5133333</y>
      <w>0.3900293</w>
      <t>3133</t>
    </point>
    <point>
      <x>0.5283333</x>
      <y>0.515</y>
      <w>0.3900293</w>
      <t>3133</t>
    </point>
    <point>
      <x>0.5316667</x>
      <y>0.5183333</y>
      <w>0.3900293</w>
      <t>3133</t>
    </point>
    <point>
      <x>0.535</x>
      <y>0.52</y>
      <w>0.43010753</w>
      <t>3167</t>
    </point>
    <point>
      <x>0.53833336</x>
      <y>0.52166665</y>
      <w>0.43010753</w>
      <t>3167</t>
    </point>
    <point>
      <x>0.54</x>
      <y>0.525</y>
      <w>0.43010753</w>
      <t>3167</t>
    </point>
    <point>
      <x>0.5416667</x>
      <y>0.5283333</y>
      <w>0.43010753</w>
      <t>3167</t>
    </point>
    <point>
      <x>0.54333335</x>
      <y>0.5316667</y>
      <w>0.43010753</w>
      <t>3167</t>
    </point>
    <point>
      <x>0.54333335</x>
      <y>0.535</y>
      <w>0.52394915</w>
      <t>3200</t>
    </point>
    <point>
      <x>0.545</x>
      <y>0.54</y>
      <w>0.52394915</w>
      <t>3200</t>
    </point>
    <point>
      <x>0.545</x>
      <y>0.545</y>
      <w>0.52394915</w>
      <t>3200</t>
    </point>
    <point>
      <x>0.545</x>
      <y>0.55</y>
      <w>0.52394915</w>
      <t>3200</t>
    </point>
    <point>
      <x>0.545</x>
      <y>0.555</y>
      <w>0.5826002</w>
      <t>3233</t>
    </point>
    <point>
      <x>0.545</x>
      <y>0.55833334</y>
      <w>0.5826002</w>
      <t>3233</t>
    </point>
    <point>
      <x>0.545</x>
      <y>0.56333333</y>
      <w>0.5826002</w>
      <t>3233</t>
    </point>
    <point>
      <x>0.545</x>
      <y>0.5683333</y>
      <w>0.5826002</w>
      <t>3233</t>
    </point>
    <point>
      <x>0.545</x>
      <y>0.5733333</y>
      <w>0.5826002</w>
      <t>3233</t>
    </point>
    <point>
      <x>0.54333335</x>
      <y>0.57666665</y>
      <w>0.62463343</w>
      <t>3267</t>
    </point>
    <point>
      <x>0.54333335</x>
      <y>0.58166665</y>
      <w>0.62463343</w>
      <t>3267</t>
    </point>
    <point>
      <x>0.5416667</x>
      <y>0.58666664</y>
      <w>0.62463343</w>
      <t>3267</t>
    </point>
    <point>
      <x>0.54</x>
      <y>0.59166664</y>
      <w>0.62463343</w>
      <t>3267</t>
    </point>
    <point>
      <x>0.53833336</x>
      <y>0.59833336</y>
      <w>0.6656892</w>
      <t>3300</t>
    </point>
    <point>
      <x>0.535</x>
      <y>0.60333335</y>
      <w>0.6656892</w>
      <t>3300</t>
    </point>
    <point>
      <x>0.53333336</x>
      <y>0.61</y>
      <w>0.6656892</w>
      <t>3300</t>
    </point>
    <point>
      <x>0.53</x>
      <y>0.6166667</y>
      <w>0.6656892</w>
      <t>3300</t>
    </point>
    <point>
      <x>0.52666664</x>
      <y>0.62333333</y>
      <w>0.6656892</w>
      <t>3300</t>
    </point>
    <point>
      <x>0.525</x>
      <y>0.63</y>
      <w>0.6920821</w>
      <t>3333</t>
    </point>
    <point>
      <x>0.52166665</x>
      <y>0.63666666</y>
      <w>0.6920821</w>
      <t>3333</t>
    </point>
    <point>
      <x>0.5183333</x>
      <y>0.6433333</y>
      <w>0.6920821</w>
      <t>3333</t>
    </point>
    <point>
      <x>0.515</x>
      <y>0.6483333</y>
      <w>0.6920821</w>
      <t>3333</t>
    </point>
    <point>
      <x>0.5133333</x>
      <y>0.6533333</y>
      <w>0.6959922</w>
      <t>3367</t>
    </point>
    <point>
      <x>0.51</x>
      <y>0.65833336</y>
      <w>0.6959922</w>
      <t>3367</t>
    </point>
    <point>
      <x>0.50666666</x>
      <y>0.66333336</y>
      <w>0.6959922</w>
      <t>3367</t>
    </point>
    <point>
      <x>0.505</x>
      <y>0.66833335</y>
      <w>0.6959922</w>
      <t>3367</t>
    </point>
    <point>
      <x>0.50166667</x>
      <y>0.6716667</y>
      <w>0.6959922</w>
      <t>3367</t>
    </point>
    <point>
      <x>0.49833333</x>
      <y>0.675</y>
      <w>0.6969697</w>
      <t>3400</t>
    </point>
    <point>
      <x>0.49666667</x>
      <y>0.67833334</y>
      <w>0.6969697</w>
      <t>3400</t>
    </point>
    <point>
      <x>0.49333334</x>
      <y>0.68</y>
      <w>0.6969697</w>
      <t>3400</t>
    </point>
    <point>
      <x>0.49166667</x>
      <y>0.68333334</y>
      <w>0.6969697</w>
      <t>3400</t>
    </point>
    <point>
      <x>0.48833334</x>
      <y>0.685</y>
      <w>0.67741936</w>
      <t>3433</t>
    </point>
    <point>
      <x>0.48666668</x>
      <y>0.685</y>
      <w>0.67741936</w>
      <t>3433</t>
    </point>
    <point>
      <x>0.48333332</x>
      <y>0.68666667</y>
      <w>0.67741936</w>
      <t>3433</t>
    </point>
    <point>
      <x>0.48166665</x>
      <y>0.68833333</y>
      <w>0.67741936</w>
      <t>3433</t>
    </point>
    <point>
      <x>0.48</x>
      <y>0.68833333</y>
      <w>0.56989247</w>
      <t>3467</t>
    </point>
    <point>
      <x>0.47666666</x>
      <y>0.68833333</y>
      <w>0.56989247</w>
      <t>3467</t>
    </point>
    <point>
      <x>0.475</x>
      <y>0.68833333</y>
      <w>0.56989247</w>
      <t>3467</t>
    </point>
    <point>
      <x>0.47333333</x>
      <y>0.68833333</y>
      <w>0.56989247</w>
      <t>3467</t>
    </point>
    <point>
      <x>0.47166666</x>
      <y>0.68833333</y>
      <w>0.56989247</w>
      <t>3467</t>
    </point>
    <point>
      <x>0.47</x>
      <y>0.68666667</y>
      <w>0.49266863</w>
      <t>3500</t>
    </point>
    <point>
      <x>0.46833333</x>
      <y>0.685</y>
      <w>0.49266863</w>
      <t>3500</t>
    </point>
    <point>
      <x>0.46666667</x>
      <y>0.6816667</y>
      <w>0.49266863</w>
      <t>3500</t>
    </point>
    <point>
      <x>0.465</x>
      <y>0.68</y>
      <w>0.35874876</w>
      <t>3534</t>
    </point>
    <point>
      <x>0.465</x>
      <y>0.6766667</y>
      <w>0.35874876</w>
      <t>3534</t>
    </point>
    <point>
      <x>0.46333334</x>
      <y>0.67333335</y>
      <w>0.35874876</w>
      <t>3534</t>
    </point>
    <point>
      <x>0.46333334</x>
      <y>0.6716667</y>
      <w>0.35874876</w>
      <t>3534</t>
    </point>
    <point>
      <x>0.46166667</x>
      <y>0.66833335</y>
      <w>0.35874876</w>
      <t>3534</t>
    </point>
    <point>
      <x>0.46166667</x>
      <y>0.665</y>
      <w>0.25610948</w>
      <t>3567</t>
    </point>
    <point>
      <x>0.46166667</x>
      <y>0.66333336</y>
      <w>0.25610948</w>
      <t>3567</t>
    </point>
    <point>
      <x>0.46166667</x>
      <y>0.66</y>
      <w>0.25610948</w>
      <t>3567</t>
    </point>
    <point>
      <x>0.46166667</x>
      <y>0.6566667</y>
      <w>0.25610948</w>
      <t>3567</t>
    </point>
    <point>
      <x>0.46166667</x>
      <y>0.6533333</y>
      <w>0.23949169</w>
      <t>3600</t>
    </point>
    <point>
      <x>0.46166667</x>
      <y>0.65</y>
      <w>0.23949169</w>
      <t>3600</t>
    </point>
    <point>
      <x>0.46166667</x>
      <y>0.64666665</y>
      <w>0.23949169</w>
      <t>3600</t>
    </point>
    <point>
      <x>0.46166667</x>
      <y>0.645</y>
      <w>0.23949169</w>
      <t>3600</t>
    </point>
    <point>
      <x>0.46166667</x>
      <y>0.64166665</y>
      <w>0.23949169</w>
      <t>3600</t>
    </point>
    <point>
      <x>0.46333334</x>
      <y>0.6383333</y>
      <w>0.21798632</w>
      <t>3634</t>
    </point>
    <point>
      <x>0.465</x>
      <y>0.635</y>
      <w>0.21798632</w>
      <t>3634</t>
    </point>
    <point>
      <x>0.465</x>
      <y>0.63166666</y>
      <w>0.21798632</w>
      <t>3634</t>
    </point>
    <point>
      <x>0.46666667</x>
      <y>0.62833333</y>
      <w>0.21798632</w>
      <t>3634</t>
    </point>
    <point>
      <x>0.46833333</x>
      <y>0.62333333</y>
      <w>0.22385141</w>
      <t>3666</t>
    </point>
    <point>
      <x>0.47</x>
      <y>0.62</y>
      <w>0.22385141</w>
      <t>3666</t>
    </point>
    <point>
      <x>0.47166666</x>
      <y>0.615</y>
      <w>0.22385141</w>
      <t>3666</t>
    </point>
    <point>
      <x>0.47333333</x>
      <y>0.6116667</y>
      <w>0.22385141</w>
      <t>3666</t>
    </point>
    <point>
      <x>0.47666666</x>
      <y>0.6066667</y>
      <w>0.15835777</w>
      <t>3700</t>
    </point>
    <point>
      <x>0.48</x>
      <y>0.6016667</y>
      <w>0.15835777</w>
      <t>3700</t>
    </point>
    <point>
      <x>0.48333332</x>
      <y>0.5966667</y>
      <w>0.15835777</w>
      <t>3700</t>
    </point>
    <point>
      <x>0.48666668</x>
      <y>0.5933333</y>
      <w>0.15835777</w>
      <t>3700</t>
    </point>
    <point>
      <x>0.49</x>
      <y>0.5883333</y>
      <w>0.15835777</w>
      <t>3700</t>
    </point>
    <point>
      <x>0.49333334</x>
      <y>0.5833333</y>
      <w>0.1544477</w>
      <t>3734</t>
    </point>
    <point>
      <x>0.49833333</x>
      <y>0.5783333</y>
      <w>0.1544477</w>
      <t>3734</t>
    </point>
    <point>
      <x>0.50166667</x>
      <y>0.5733333</y>
      <w>0.1544477</w>
      <t>3734</t>
    </point>
    <point>
      <x>0.505</x>
      <y>0.5683333</y>
      <w>0.1544477</w>
      <t>3734</t>
    </point>
    <point>
      <x>0.51</x>
      <y>0.565</y>
      <w>0.18670577</w>
      <t>3767</t>
    </point>
    <point>
      <x>0.5133333</x>
      <y>0.55833334</y>
      <w>0.18670577</w>
      <t>3767</t>
    </point>
    <point>
      <x>0.5183333</x>
      <y>0.55333334</y>
      <w>0.18670577</w>
      <t>3767</t>
    </point>
    <point>
      <x>0.5233333</x>
      <y>0.54833335</y>
      <w>0.18670577</w>
      <t>3767</t>
    </point>
    <point>
      <x>0.5283333</x>
      <y>0.54333335</y>
      <w>0.18670577</w>
      <t>3767</t>
    </point>
    <point>
      <x>0.53333336</x>
      <y>0.53833336</y>
      <w>0.2111437</w>
      <t>3800</t>
    </point>
    <point>
      <x>0.53833336</x>
      <y>0.53333336</y>
      <w>0.2111437</w>
      <t>3800</t>
    </point>
    <point>
      <x>0.54333335</x>
      <y>0.53</y>
      <w>0.2111437</w>
      <t>3800</t>
    </point>
    <point>
      <x>0.55</x>
      <y>0.525</y>
      <w>0.2111437</w>
      <t>3800</t>
    </point>
    <point>
      <x>0.555</x>
      <y>0.52166665</y>
      <w>0.23753665</w>
      <t>3834</t>
    </point>
    <point>
      <x>0.56</x>
      <y>0.5183333</y>
      <w>0.23753665</w>
      <t>3834</t>
    </point>
    <point>
      <x>0.56666666</x>
      <y>0.5133333</y>
      <w>0.23753665</w>
      <t>3834</t>
    </point>
    <point>
      <x>0.57166666</x>
      <y>0.51</y>
      <w>0.23753665</w>
      <t>3834</t>
    </point>
    <point>
      <x>0.57666665</x>
      <y>0.505</y>
      <w>0.23753665</w>
      <t>3834</t>
    </point>
    <point>
      <x>0.5833333</x>
      <y>0.50166667</y>
      <w>0.3264907</w>
      <t>3867</t>
    </point>
    <point>
      <x>0.5883333</x>
      <y>0.49833333</y>
      <w>0.3264907</w>
      <t>3867</t>
    </point>
    <point>
      <x>0.5933333</x>
      <y>0.495</y>
      <w>0.3264907</w>
      <t>3867</t>
    </point>
    <point>
      <x>0.6</x>
      <y>0.49166667</y>
      <w>0.3264907</w>
      <t>3867</t>
    </point>
    <point>
      <x>0.605</x>
      <y>0.48833334</y>
      <w>0.3714565</w>
      <t>3900</t>
    </point>
    <point>
      <x>0.61</x>
      <y>0.48666668</y>
      <w>0.3714565</w>
      <t>3900</t>
    </point>
    <point>
      <x>0.6166667</x>
      <y>0.48333332</y>
      <w>0.3714565</w>
      <t>3900</t>
    </point>
    <point>
      <x>0.62166667</x>
      <y>0.48166665</y>
      <w>0.3714565</w>
      <t>3900</t>
    </point>
    <point>
      <x>0.62833333</x>
      <y>0.48</y>
      <w>0.3714565</w>
      <t>3900</t>
    </point>
    <point>
      <x>0.635</x>
      <y>0.47666666</y>
      <w>0.49853373</w>
      <t>3933</t>
    </point>
    <point>
      <x>0.64</x>
      <y>0.475</y>
      <w>0.49853373</w>
      <t>3933</t>
    </point>
    <point>
      <x>0.64666665</x>
      <y>0.47333333</y>
      <w>0.49853373</w>
      <t>3933</t>
    </point>
    <point>
      <x>0.65166664</x>
      <y>0.47333333</y>
      <w>0.49853373</w>
      <t>3933</t>
    </point>
    <point>
      <x>0.6566667</x>
      <y>0.47166666</y>
      <w>0.5669599</w>
      <t>3967</t>
    </point>
    <point>
      <x>0.66</x>
      <y>0.47166666</y>
      <w>0.5669599</w>
      <t>3967</t>
    </point>
    <point>
      <x>0.665</x>
      <y>0.47166666</y>
      <w>0.5669599</w>
      <t>3967</t>
    </point>
    <point>
      <x>0.66833335</x>
      <y>0.47166666</y>
      <w>0.5669599</w>
      <t>3967</t>
    </point>
    <point>
      <x>0.6716667</x>
      <y>0.47166666</y>
      <w>0.5669599</w>
      <t>3967</t>
    </point>
    <point>
      <x>0.675</x>
      <y>0.47166666</y>
      <w>0.64907134</w>
      <t>4000</t>
    </point>
    <point>
      <x>0.67833334</x>
      <y>0.47166666</y>
      <w>0.64907134</w>
      <t>4000</t>
    </point>
    <point>
      <x>0.6816667</x>
      <y>0.47166666</y>
      <w>0.64907134</w>
      <t>4000</t>
    </point>
    <point>
      <x>0.685</x>
      <y>0.47333333</y>
      <w>0.64907134</w>
      <t>4000</t>
    </point>
    <point>
      <x>0.68666667</x>
      <y>0.475</y>
      <w>0.7038123</w>
      <t>4034</t>
    </point>
    <point>
      <x>0.69</x>
      <y>0.475</y>
      <w>0.7038123</w>
      <t>4034</t>
    </point>
    <point>
      <x>0.6933333</x>
      <y>0.47666666</y>
      <w>0.7038123</w>
      <t>4034</t>
    </point>
    <point>
      <x>0.695</x>
      <y>0.47833332</y>
      <w>0.7038123</w>
      <t>4034</t>
    </point>
    <point>
      <x>0.6983333</x>
      <y>0.48</y>
      <w>0.7038123</w>
      <t>4034</t>
    </point>
    <point>
      <x>0.7</x>
      <y>0.48</y>
      <w>0.73998046</w>
      <t>4067</t>
    </point>
    <point>
      <x>0.7033333</x>
      <y>0.48166665</y>
      <w>0.73998046</w>
      <t>4067</t>
    </point>
    <point>
      <x>0.705</x>
      <y>0.48333332</y>
      <w>0.73998046</w>
      <t>4067</t>
    </point>
    <point>
      <x>0.7083333</x>
      <y>0.485</y>
      <w>0.73998046</w>
      <t>4067</t>
    </point>
    <point>
      <x>0.71</x>
      <y>0.48666668</y>
      <w>0.771261</w>
      <t>4100</t>
    </point>
    <point>
      <x>0.71166664</x>
      <y>0.48833334</y>
      <w>0.771261</w>
      <t>4100</t>
    </point>
    <point>
      <x>0.7133333</x>
      <y>0.49</y>
      <w>0.771261</w>
      <t>4100</t>
    </point>
    <point>
      <x>0.71666664</x>
      <y>0.49166667</y>
      <w>0.771261</w>
      <t>4100</t>
    </point>
    <point>
      <x>0.7183333</x>
      <y>0.49333334</y>
      <w>0.79569894</w>
      <t>4134</t>
    </point>
    <point>
      <x>0.72</x>
      <y>0.495</y>
      <w>0.79569894</w>
      <t>4134</t>
    </point>
    <point>
      <x>0.7216667</x>
      <y>0.49666667</y>
      <w>0.79569894</w>
      <t>4134</t>
    </point>
    <point>
      <x>0.72333336</x>
      <y>0.49833333</y>
      <w>0.79569894</w>
      <t>4134</t>
    </point>
    <point>
      <x>0.725</x>
      <y>0.50166667</y>
      <w>0.79569894</w>
      <t>4134</t>
    </point>
    <point>
      <x>0.7266667</x>
      <y>0.50333333</y>
      <w>0.8123167</w>
      <t>4167</t>
    </point>
    <point>
      <x>0.72833335</x>
      <y>0.505</y>
      <w>0.8123167</w>
      <t>4167</t>
    </point>
    <point>
      <x>0.73</x>
      <y>0.5083333</y>
      <w>0.8123167</w>
      <t>4167</t>
    </point>
    <point>
      <x>0.7316667</x>
      <y>0.51</y>
      <w>0.8123167</w>
      <t>4167</t>
    </point>
    <point>
      <x>0.73333335</x>
      <y>0.51166666</y>
      <w>0.82697946</w>
      <t>4200</t>
    </point>
    <point>
      <x>0.735</x>
      <y>0.515</y>
      <w>0.82697946</w>
      <t>4200</t>
    </point>
    <point>
      <x>0.7366667</x>
      <y>0.51666665</y>
      <w>0.82697946</w>
      <t>4200</t>
    </point>
    <point>
      <x>0.73833334</x>
      <y>0.52</y>
      <w>0.82697946</w>
      <t>4200</t>
    </point>
    <point>
      <x>0.7416667</x>
      <y>0.5233333</y>
      <w>0.82697946</w>
      <t>4200</t>
    </point>
    <point>
      <x>0.74333334</x>
      <y>0.52666664</y>
      <w>0.83186704</w>
      <t>4233</t>
    </point>
    <point>
      <x>0.745</x>
      <y>0.53</y>
      <w>0.83186704</w>
      <t>4233</t>
    </point>
    <point>
      <x>0.74666667</x>
      <y>0.53333336</y>
      <w>0.83186704</w>
      <t>4233</t>
    </point>
    <point>
      <x>0.74833333</x>
      <y>0.53833336</y>
      <w>0.83186704</w>
      <t>4233</t>
    </point>
    <point>
      <x>0.74833333</x>
      <y>0.54333335</y>
      <w>0.8367546</w>
      <t>4267</t>
    </point>
    <point>
      <x>0.75</x>
      <y>0.54833335</y>
      <w>0.8367546</w>
      <t>4267</t>
    </point>
    <point>
      <x>0.75166667</x>
      <y>0.5516667</y>
      <w>0.8367546</w>
      <t>4267</t>
    </point>
    <point>
      <x>0.75166667</x>
      <y>0.555</y>
      <w>0.8367546</w>
      <t>4267</t>
    </point>
    <point>
      <x>0.75333333</x>
      <y>0.56</y>
      <w>0.8367546</w>
      <t>4267</t>
    </point>
    <point>
      <x>0.755</x>
      <y>0.56333333</y>
      <w>0.8367546</w>
      <t>4300</t>
    </point>
    <point>
      <x>0.755</x>
      <y>0.5683333</y>
      <w>0.8367546</w>
      <t>4300</t>
    </point>
    <point>
      <x>0.75666666</x>
      <y>0.5733333</y>
      <w>0.8367546</w>
      <t>4300</t>
    </point>
    <point>
      <x>0.7583333</x>
      <y>0.57666665</y>
      <w>0.8367546</w>
      <t>4300</t>
    </point>
    <point>
      <x>0.7583333</x>
      <y>0.58166665</y>
      <w>0.83870965</w>
      <t>4333</t>
    </point>
    <point>
      <x>0.76</x>
      <y>0.58666664</y>
      <w>0.83870965</w>
      <t>4333</t>
    </point>
    <point>
      <x>0.76</x>
      <y>0.59166664</y>
      <w>0.83870965</w>
      <t>4333</t>
    </point>
    <point>
      <x>0.76</x>
      <y>0.5966667</y>
      <w>0.83870965</w>
      <t>4333</t>
    </point>
    <point>
      <x>0.76</x>
      <y>0.6016667</y>
      <w>0.83870965</w>
      <t>4366</t>
    </point>
    <point>
      <x>0.76</x>
      <y>0.60833335</y>
      <w>0.83870965</w>
      <t>4366</t>
    </point>
    <point>
      <x>0.76</x>
      <y>0.615</y>
      <w>0.83870965</w>
      <t>4366</t>
    </point>
    <point>
      <x>0.76</x>
      <y>0.62</y>
      <w>0.83870965</w>
      <t>4366</t>
    </point>
    <point>
      <x>0.76</x>
      <y>0.62666667</y>
      <w>0.83870965</w>
      <t>4366</t>
    </point>
    <point>
      <x>0.76</x>
      <y>0.6333333</y>
      <w>0.827957</w>
      <t>4400</t>
    </point>
    <point>
      <x>0.7583333</x>
      <y>0.6383333</y>
      <w>0.827957</w>
      <t>4400</t>
    </point>
    <point>
      <x>0.75666666</x>
      <y>0.6433333</y>
      <w>0.827957</w>
      <t>4400</t>
    </point>
    <point>
      <x>0.75666666</x>
      <y>0.6483333</y>
      <w>0.827957</w>
      <t>4400</t>
    </point>
    <point>
      <x>0.755</x>
      <y>0.655</y>
      <w>0.7937439</w>
      <t>4433</t>
    </point>
    <point>
      <x>0.75333333</x>
      <y>0.66</y>
      <w>0.7937439</w>
      <t>4433</t>
    </point>
    <point>
      <x>0.75166667</x>
      <y>0.6666667</y>
      <w>0.7937439</w>
      <t>4433</t>
    </point>
    <point>
      <x>0.75</x>
      <y>0.6716667</y>
      <w>0.7937439</w>
      <t>4433</t>
    </point>
    <point>
      <x>0.74833333</x>
      <y>0.67833334</y>
      <w>0.7937439</w>
      <t>4433</t>
    </point>
    <point>
      <x>0.74666667</x>
      <y>0.685</y>
      <w>0.7556207</w>
      <t>4467</t>
    </point>
    <point>
      <x>0.745</x>
      <y>0.69</y>
      <w>0.7556207</w>
      <t>4467</t>
    </point>
    <point>
      <x>0.74333334</x>
      <y>0.69666666</y>
      <w>0.7556207</w>
      <t>4467</t>
    </point>
    <point>
      <x>0.74</x>
      <y>0.7033333</y>
      <w>0.7556207</w>
      <t>4467</t>
    </point>
    <point>
      <x>0.73833334</x>
      <y>0.71</y>
      <w>0.6852395</w>
      <t>4500</t>
    </point>
    <point>
      <x>0.7366667</x>
      <y>0.715</y>
      <w>0.6852395</w>
      <t>4500</t>
    </point>
    <point>
      <x>0.73333335</x>
      <y>0.72</y>
      <w>0.6852395</w>
      <t>4500</t>
    </point>
    <point>
      <x>0.7316667</x>
      <y>0.725</y>
      <w>0.6852395</w>
      <t>4500</t>
    </point>
    <point>
      <x>0.72833335</x>
      <y>0.73</y>
      <w>0.6852395</w>
      <t>4500</t>
    </point>
    <point>
      <x>0.725</x>
      <y>0.735</y>
      <w>0.6813294</w>
      <t>4534</t>
    </point>
    <point>
      <x>0.7216667</x>
      <y>0.74</y>
      <w>0.6813294</w>
      <t>4534</t>
    </point>
    <point>
      <x>0.72</x>
      <y>0.745</y>
      <w>0.6813294</w>
      <t>4534</t>
    </point>
    <point>
      <x>0.71666664</x>
      <y>0.74833333</y>
      <w>0.6813294</w>
      <t>4534</t>
    </point>
    <point>
      <x>0.7133333</x>
      <y>0.75166667</y>
      <w>0.6344086</w>
      <t>4567</t>
    </point>
    <point>
      <x>0.71166664</x>
      <y>0.75666666</y>
      <w>0.6344086</w>
      <t>4567</t>
    </point>
    <point>
      <x>0.7083333</x>
      <y>0.7583333</y>
      <w>0.6344086</w>
      <t>4567</t>
    </point>
    <point>
      <x>0.705</x>
      <y>0.76166666</y>
      <w>0.6344086</w>
      <t>4567</t>
    </point>
    <point>
      <x>0.70166665</x>
      <y>0.765</y>
      <w>0.51319647</w>
      <t>4599</t>
    </point>
    <point>
      <x>0.69666666</x>
      <y>0.76666665</y>
      <w>0.51319647</w>
      <t>4599</t>
    </point>
    <point>
      <x>0.6933333</x>
      <y>0.77</y>
      <w>0.51319647</w>
      <t>4599</t>
    </point>
    <point>
      <x>0.68833333</x>
      <y>0.77166665</y>
      <w>0.51319647</w>
      <t>4599</t>
    </point>
    <point>
      <x>0.685</x>
      <y>0.7733333</y>
      <w>0.51319647</w>
      <t>4599</t>
    </point>
    <point>
      <x>0.68</x>
      <y>0.775</y>
      <w>0.48191592</w>
      <t>4634</t>
    </point>
    <point>
      <x>0.6766667</x>
      <y>0.77666664</y>
      <w>0.48191592</w>
      <t>4634</t>
    </point>
    <point>
      <x>0.67333335</x>
      <y>0.7783333</y>
      <w>0.48191592</w>
      <t>4634</t>
    </point>
    <point>
      <x>0.66833335</x>
      <y>0.7783333</y>
      <w>0.48191592</w>
      <t>4634</t>
    </point>
    <point>
      <x>0.665</x>
      <y>0.7783333</y>
      <w>0.48191592</w>
      <t>4634</t>
    </point>
    <point>
      <x>0.6616667</x>
      <y>0.7783333</y>
      <w>0.40273705</w>
      <t>4667</t>
    </point>
    <point>
      <x>0.6566667</x>
      <y>0.7783333</y>
      <w>0.40273705</w>
      <t>4667</t>
    </point>
    <point>
      <x>0.65166664</x>
      <y>0.7783333</y>
      <w>0.40273705</w>
      <t>4667</t>
    </point>
    <point>
      <x>0.6483333</x>
      <y>0.7783333</y>
      <w>0.40273705</w>
      <t>4667</t>
    </point>
    <point>
      <x>0.6433333</x>
      <y>0.77666664</y>
      <w>0.370479</w>
      <t>4700</t>
    </point>
    <point>
      <x>0.64</x>
      <y>0.775</y>
      <w>0.370479</w>
      <t>4700</t>
    </point>
    <point>
      <x>0.63666666</x>
      <y>0.7733333</y>
      <w>0.370479</w>
      <t>4700</t>
    </point>
    <point>
      <x>0.6333333</x>
      <y>0.77166665</y>
      <w>0.370479</w>
      <t>4700</t>
    </point>
    <point>
      <x>0.63</x>
      <y>0.7683333</y>
      <w>0.3206256</w>
      <t>4733</t>
    </point>
    <point>
      <x>0.62666667</x>
      <y>0.76666665</y>
      <w>0.3206256</w>
      <t>4733</t>
    </point>
    <point>
      <x>0.625</x>
      <y>0.7633333</y>
      <w>0.3206256</w>
      <t>4733</t>
    </point>
    <point>
      <x>0.62333333</x>
      <y>0.76</y>
      <w>0.3206256</w>
      <t>4733</t>
    </point>
    <point>
      <x>0.62166667</x>
      <y>0.75666666</y>
      <w>0.3206256</w>
      <t>4733</t>
    </point>
    <point>
      <x>0.62</x>
      <y>0.75333333</y>
      <w>0.28836754</w>
      <t>4767</t>
    </point>
    <point>
      <x>0.61833334</x>
      <y>0.75</y>
      <w>0.28836754</w>
      <t>4767</t>
    </point>
    <point>
      <x>0.6166667</x>
      <y>0.745</y>
      <w>0.28836754</w>
      <t>4767</t>
    </point>
    <point>
      <x>0.6166667</x>
      <y>0.7416667</y>
      <w>0.28836754</w>
      <t>4767</t>
    </point>
    <point>
      <x>0.615</x>
      <y>0.73833334</y>
      <w>0.2746823</w>
      <t>4800</t>
    </point>
    <point>
      <x>0.615</x>
      <y>0.7366667</y>
      <w>0.2746823</w>
      <t>4800</t>
    </point>
    <point>
      <x>0.615</x>
      <y>0.73333335</y>
      <w>0.2746823</w>
      <t>4800</t>
    </point>
    <point>
      <x>0.615</x>
      <y>0.7316667</y>
      <w>0.2746823</w>
      <t>4800</t>
    </point>
    <point>
      <x>0.615</x>
      <y>0.72833335</y>
      <w>0.2746823</w>
      <t>4800</t>
    </point>
    <point>
      <x>0.615</x>
      <y>0.7266667</y>
      <w>0.2746823</w>
      <t>4834</t>
    </point>
    <point>
      <x>0.615</x>
      <y>0.725</y>
      <w>0.2746823</w>
      <t>4834</t>
    </point>
    <point>
      <x>0.6166667</x>
      <y>0.7216667</y>
      <w>0.2746823</w>
      <t>4834</t>
    </point>
    <point>
      <x>0.6166667</x>
      <y>0.72</y>
      <w>0.2746823</w>
      <t>4834</t>
    </point>
    <point>
      <x>0.61833334</x>
      <y>0.7183333</y>
      <w>0.2805474</w>
      <t>4867</t>
    </point>
    <point>
      <x>0.62</x>
      <y>0.71666664</y>
      <w>0.2805474</w>
      <t>4867</t>
    </point>
    <point>
      <x>0.62333333</x>
      <y>0.715</y>
      <w>0.2805474</w>
      <t>4867</t>
    </point>
    <point>
      <x>0.625</x>
      <y>0.715</y>
      <w>0.2805474</w>
      <t>4867</t>
    </point>
    <point>
      <x>0.62666667</x>
      <y>0.7133333</y>
      <w>0.2805474</w>
      <t>4867</t>
    </point>
    <point>
      <x>0.62833333</x>
      <y>0.7133333</y>
      <w>0.3030303</w>
      <t>4899</t>
    </point>
    <point>
      <x>0.63166666</x>
      <y>0.7133333</y>
      <w>0.3030303</w>
      <t>4899</t>
    </point>
    <point>
      <x>0.6333333</x>
      <y>0.71166664</y>
      <w>0.3030303</w>
      <t>4899</t>
    </point>
    <point>
      <x>0.635</x>
      <y>0.71166664</y>
      <w>0.3030303</w>
      <t>4899</t>
    </point>
    <point>
      <x>0.6383333</x>
      <y>0.71166664</y>
      <w>0.342131</w>
      <t>4933</t>
    </point>
    <point>
      <x>0.64</x>
      <y>0.71166664</y>
      <w>0.342131</w>
      <t>4933</t>
    </point>
    <point>
      <x>0.6433333</x>
      <y>0.71166664</y>
      <w>0.342131</w>
      <t>4933</t>
    </point>
    <point>
      <x>0.645</x>
      <y>0.71166664</y>
      <w>0.342131</w>
      <t>4933</t>
    </point>
    <point>
      <x>0.64666665</x>
      <y>0.71166664</y>
      <w>0.42424244</w>
      <t>4967</t>
    </point>
    <point>
      <x>0.6483333</x>
      <y>0.71166664</y>
      <w>0.42424244</w>
      <t>4967</t>
    </point>
    <point>
      <x>0.65</x>
      <y>0.71166664</y>
      <w>0.42424244</w>
      <t>4967</t>
    </point>
    <point>
      <x>0.65166664</x>
      <y>0.71166664</y>
      <w>0.42424244</w>
      <t>4967</t>
    </point>
    <point>
      <x>0.655</x>
      <y>0.7133333</y>
      <w>0.42424244</w>
      <t>4967</t>
    </point>
    <point>
      <x>0.6566667</x>
      <y>0.715</y>
      <w>0.47702834</w>
      <t>5000</t>
    </point>
    <point>
      <x>0.65833336</x>
      <y>0.715</y>
      <w>0.47702834</w>
      <t>5000</t>
    </point>
    <point>
      <x>0.66</x>
      <y>0.71666664</y>
      <w>0.47702834</w>
      <t>5000</t>
    </point>
    <point>
      <x>0.66</x>
      <y>0.7183333</y>
      <w>0.47702834</w>
      <t>5000</t>
    </point>
    <point>
      <x>0.6616667</x>
      <y>0.72</y>
      <w>0.4965787</w>
      <t>5034</t>
    </point>
    <point>
      <x>0.66333336</x>
      <y>0.72</y>
      <w>0.4965787</w>
      <t>5034</t>
    </point>
    <point>
      <x>0.665</x>
      <y>0.7216667</y>
      <w>0.4965787</w>
      <t>5034</t>
    </point>
    <point>
      <x>0.6666667</x>
      <y>0.72333336</y>
      <w>0.4965787</w>
      <t>5034</t>
    </point>
    <point>
      <x>0.66833335</x>
      <y>0.725</y>
      <w>0.4965787</w>
      <t>5034</t>
    </point>
    <point>
      <x>0.67</x>
      <y>0.72833335</y>
      <w>0.5356794</w>
      <t>5067</t>
    </point>
    <point>
      <x>0.6716667</x>
      <y>0.73</y>
      <w>0.5356794</w>
      <t>5067</t>
    </point>
    <point>
      <x>0.67333335</x>
      <y>0.7316667</y>
      <w>0.5356794</w>
      <t>5067</t>
    </point>
    <point>
      <x>0.675</x>
      <y>0.73333335</y>
      <w>0.5356794</w>
      <t>5067</t>
    </point>
    <point>
      <x>0.675</x>
      <y>0.735</y>
      <w>0.5522972</w>
      <t>5100</t>
    </point>
    <point>
      <x>0.6766667</x>
      <y>0.7366667</y>
      <w>0.5522972</w>
      <t>5100</t>
    </point>
    <point>
      <x>0.67833334</x>
      <y>0.73833334</y>
      <w>0.5522972</w>
      <t>5100</t>
    </point>
    <point>
      <x>0.68</x>
      <y>0.74</y>
      <w>0.5522972</w>
      <t>5100</t>
    </point>
    <point>
      <x>0.68</x>
      <y>0.7416667</y>
      <w>0.56989247</w>
      <t>5134</t>
    </point>
    <point>
      <x>0.6816667</x>
      <y>0.74333334</y>
      <w>0.56989247</w>
      <t>5134</t>
    </point>
    <point>
      <x>0.68333334</x>
      <y>0.74666667</y>
      <w>0.56989247</w>
      <t>5134</t>
    </point>
    <point>
      <x>0.68333334</x>
      <y>0.74833333</y>
      <w>0.56989247</w>
      <t>5134</t>
    </point>
    <point>
      <x>0.685</x>
      <y>0.75</y>
      <w>0.5718475</w>
      <t>5167</t>
    </point>
    <point>
      <x>0.685</x>
      <y>0.75333333</y>
      <w>0.5718475</w>
      <t>5167</t>
    </point>
    <point>
      <x>0.685</x>
      <y>0.755</y>
      <w>0.5718475</w>
      <t>5167</t>
    </point>
    <point>
      <x>0.685</x>
      <y>0.7583333</y>
      <w>0.5718475</w>
      <t>5167</t>
    </point>
    <point>
      <x>0.685</x>
      <y>0.76</y>
      <w>0.5718475</w>
      <t>5167</t>
    </point>
    <point>
      <x>0.685</x>
      <y>0.7633333</y>
      <w>0.53861195</w>
      <t>5200</t>
    </point>
    <point>
      <x>0.685</x>
      <y>0.765</y>
      <w>0.53861195</w>
      <t>5200</t>
    </point>
    <point>
      <x>0.685</x>
      <y>0.76666665</y>
      <w>0.53861195</w>
      <t>5200</t>
    </point>
    <point>
      <x>0.685</x>
      <y>0.7683333</y>
      <w>0.53861195</w>
      <t>5200</t>
    </point>
  </stroke>
</character>
