<?xml version="1.0" encoding="UTF-8"?>
<character>
  <stroke time="0">
    <point>
      <x>0.48166665</x>
      <y>0.096666664</y>
      <w>0.097751714</w>
      <t>4</t>
    </point>
    <point>
      <x>0.48333332</x>
      <y>0.096666664</y>
      <w>0.19061583</w>
      <t>33</t>
    </point>
    <point>
      <x>0.48333332</x>
      <y>0.09833334</y>
      <w>0.19061583</w>
      <t>33</t>
    </point>
    <point>
      <x>0.485</x>
      <y>0.09833334</y>
      <w>0.19061583</w>
      <t>33</t>
    </point>
    <point>
      <x>0.48666668</x>
      <y>0.1</y>
      <w>0.26490712</w>
      <t>67</t>
    </point>
    <point>
      <x>0.48833334</x>
      <y>0.1</y>
      <w>0.26490712</w>
      <t>67</t>
    </point>
    <point>
      <x>0.48833334</x>
      <y>0.10166667</y>
      <w>0.26490712</w>
      <t>67</t>
    </point>
    <point>
      <x>0.49</x>
      <y>0.10166667</y>
      <w>0.26490712</w>
      <t>68</t>
    </point>
    <point>
      <x>0.49166667</x>
      <y>0.10333333</y>
      <w>0.35581622</w>
      <t>100</t>
    </point>
    <point>
      <x>0.49333334</x>
      <y>0.10333333</y>
      <w>0.35581622</w>
      <t>100</t>
    </point>
    <point>
      <x>0.49333334</x>
      <y>0.105</y>
      <w>0.35581622</w>
      <t>100</t>
    </point>
    <point>
      <x>0.495</x>
      <y>0.105</y>
      <w>0.35581622</w>
      <t>101</t>
    </point>
    <point>
      <x>0.49666667</x>
      <y>0.10666667</y>
      <w>0.40957966</w>
      <t>133</t>
    </point>
    <point>
      <x>0.49833333</x>
      <y>0.10666667</y>
      <w>0.40957966</w>
      <t>133</t>
    </point>
    <point>
      <x>0.5</x>
      <y>0.108333334</y>
      <w>0.40957966</w>
      <t>133</t>
    </point>
    <point>
      <x>0.50166667</x>
      <y>0.108333334</y>
      <w>0.40957966</w>
      <t>134</t>
    </point>
    <point>
      <x>0.50333333</x>
      <y>0.11</y>
      <w>0.4692082</w>
      <t>167</t>
    </point>
    <point>
      <x>0.505</x>
      <y>0.111666664</y>
      <w>0.4692082</w>
      <t>167</t>
    </point>
    <point>
      <x>0.50666666</x>
      <y>0.11333334</y>
      <w>0.4692082</w>
      <t>167</t>
    </point>
    <point>
      <x>0.5083333</x>
      <y>0.115</y>
      <w>0.4965787</w>
      <t>200</t>
    </point>
    <point>
      <x>0.51</x>
      <y>0.115</y>
      <w>0.4965787</w>
      <t>202</t>
    </point>
    <point>
      <x>0.51</x>
      <y>0.11666667</y>
      <w>0.4965787</w>
      <t>202</t>
    </point>
    <point>
      <x>0.51166666</x>
      <y>0.11833333</y>
      <w>0.4965787</w>
      <t>202</t>
    </point>
    <point>
      <x>0.5133333</x>
      <y>0.11833333</y>
      <w>0.5083089</w>
      <t>234</t>
    </point>
    <point>
      <x>0.5133333</x>
      <y>0.12</y>
      <w>0.5083089</w>
      <t>234</t>
    </point>
    <point>
      <x>0.515</x>
      <y>0.12166667</y>
      <w>0.5083089</w>
      <t>234</t>
    </point>
    <point>
      <x>0.515</x>
      <y>0.123333335</y>
      <w>0.540567</w>
      <t>266</t>
    </point>
    <point>
      <x>0.51666665</x>
      <y>0.123333335</y>
      <w>0.540567</w>
      <t>266</t>
    </point>
    <point>
      <x>0.51666665</x>
      <y>0.125</y>
      <w>0.540567</w>
      <t>266</t>
    </point>
    <point>
      <x>0.51666665</x>
      <y>0.12666667</y>
      <w>0.54447705</w>
      <t>300</t>
    </point>
    <point>
      <x>0.5183333</x>
      <y>0.12666667</y>
      <w>0.54447705</w>
      <t>300</t>
    </point>
    <point>
      <x>0.5183333</x>
      <y>0.12833333</y>
      <w>0.54447705</w>
      <t>300</t>
    </point>
    <point>
      <x>0.5183333</x>
      <y>0.13</y>
      <w>0.54447705</w>
      <t>333</t>
    </point>
    <point>
      <x>0.5183333</x>
      <y>0.13166666</y>
      <w>0.54447705</w>
      <t>333</t>
    </point>
    <point>
      <x>0.5183333</x>
      <y>0.13333334</y>
      <w>0.54545456</w>
      <t>367</t>
    </point>
    <point>
      <x>0.5183333</x>
      <y>0.135</y>
      <w>0.5483871</w>
      <t>400</t>
    </point>
    <point>
      <x>0.51666665</x>
      <y>0.13666667</y>
      <w>0.5591398</w>
      <t>433</t>
    </point>
    <point>
      <x>0.51666665</x>
      <y>0.13833334</y>
      <w>0.5610948</w>
      <t>467</t>
    </point>
    <point>
      <x>0.51666665</x>
      <y>0.14</y>
      <w>0.5610948</w>
      <t>467</t>
    </point>
    <point>
      <x>0.515</x>
      <y>0.14</y>
      <w>0.5610948</w>
      <t>467</t>
    </point>
    <point>
      <x>0.515</x>
      <y>0.14166667</y>
      <w>0.5610948</w>
      <t>467</t>
    </point>
    <point>
      <x>0.5133333</x>
      <y>0.14166667</y>
      <w>0.56207234</w>
      <t>500</t>
    </point>
    <point>
      <x>0.5133333</x>
      <y>0.14333333</y>
      <w>0.56207234</w>
      <t>500</t>
    </point>
    <point>
      <x>0.51166666</x>
      <y>0.145</y>
      <w>0.56207234</w>
      <t>500</t>
    </point>
    <point>
      <x>0.51</x>
      <y>0.14666666</y>
      <w>0.5542522</w>
      <t>533</t>
    </point>
    <point>
      <x>0.51</x>
      <y>0.14833333</y>
      <w>0.5542522</w>
      <t>533</t>
    </point>
    <point>
      <x>0.5083333</x>
      <y>0.14833333</y>
      <w>0.5483871</w>
      <t>567</t>
    </point>
    <point>
      <x>0.50666666</x>
      <y>0.15</y>
      <w>0.5483871</w>
      <t>567</t>
    </point>
    <point>
      <x>0.505</x>
      <y>0.15</y>
      <w>0.5483871</w>
      <t>567</t>
    </point>
    <point>
      <x>0.50333333</x>
      <y>0.15166667</y>
      <w>0.5483871</w>
      <t>568</t>
    </point>
    <point>
      <x>0.50166667</x>
      <y>0.15333334</y>
      <w>0.53958946</w>
      <t>599</t>
    </point>
    <point>
      <x>0.5</x>
      <y>0.15333334</y>
      <w>0.53958946</w>
      <t>599</t>
    </point>
    <point>
      <x>0.5</x>
      <y>0.155</y>
      <w>0.53958946</w>
      <t>599</t>
    </point>
    <point>
      <x>0.49833333</x>
      <y>0.155</y>
      <w>0.53958946</w>
      <t>600</t>
    </point>
    <point>
      <x>0.49666667</x>
      <y>0.15666667</y>
      <w>0.53763443</w>
      <t>633</t>
    </point>
    <point>
      <x>0.495</x>
      <y>0.15833333</y>
      <w>0.53763443</w>
      <t>633</t>
    </point>
    <point>
      <x>0.49333334</x>
      <y>0.16</y>
      <w>0.53763443</w>
      <t>633</t>
    </point>
    <point>
      <x>0.49166667</x>
      <y>0.16</y>
      <w>0.49853373</w>
      <t>666</t>
    </point>
    <point>
      <x>0.49166667</x>
      <y>0.16166666</y>
      <w>0.49853373</w>
      <t>666</t>
    </point>
    <point>
      <x>0.49</x>
      <y>0.16166666</y>
      <w>0.49853373</w>
      <t>666</t>
    </point>
    <point>
      <x>0.48833334</x>
      <y>0.16333333</y>
      <w>0.49853373</w>
      <t>666</t>
    </point>
    <point>
      <x>0.48666668</x>
      <y>0.165</y>
      <w>0.49853373</w>
      <t>667</t>
    </point>
    <point>
      <x>0.485</x>
      <y>0.165</y>
      <w>0.45845553</w>
      <t>700</t>
    </point>
    <point>
      <x>0.485</x>
      <y>0.16666667</y>
      <w>0.45845553</w>
      <t>700</t>
    </point>
    <point>
      <x>0.48333332</x>
      <y>0.16833334</y>
      <w>0.45845553</w>
      <t>700</t>
    </point>
    <point>
      <x>0.48166665</x>
      <y>0.16833334</y>
      <w>0.45845553</w>
      <t>700</t>
    </point>
    <point>
      <x>0.48</x>
      <y>0.17</y>
      <w>0.41348973</w>
      <t>733</t>
    </point>
    <point>
      <x>0.47833332</x>
      <y>0.17166667</y>
      <w>0.41348973</w>
      <t>733</t>
    </point>
    <point>
      <x>0.47666666</x>
      <y>0.17166667</y>
      <w>0.41348973</w>
      <t>733</t>
    </point>
    <point>
      <x>0.475</x>
      <y>0.17333333</y>
      <w>0.41348973</w>
      <t>733</t>
    </point>
    <point>
      <x>0.47333333</x>
      <y>0.175</y>
      <w>0.41348973</w>
      <t>734</t>
    </point>
    <point>
      <x>0.47166666</x>
      <y>0.17666666</y>
      <w>0.35190615</w>
      <t>766</t>
    </point>
    <point>
      <x>0.47</x>
      <y>0.18</y>
      <w>0.35190615</w>
      <t>766</t>
    </point>
    <point>
      <x>0.46833333</x>
      <y>0.18166667</y>
      <w>0.35190615</w>
      <t>766</t>
    </point>
    <point>
      <x>0.465</x>
      <y>0.18333334</y>
      <w>0.35190615</w>
      <t>766</t>
    </point>
    <point>
      <x>0.46333334</x>
      <y>0.185</y>
      <w>0.24437928</w>
      <t>800</t>
    </point>
    <point>
      <x>0.46166667</x>
      <y>0.18666667</y>
      <w>0.24437928</w>
      <t>800</t>
    </point>
    <point>
      <x>0.46</x>
      <y>0.19</y>
      <w>0.24437928</w>
      <t>800</t>
    </point>
    <point>
      <x>0.45833334</x>
      <y>0.19166666</y>
      <w>0.24437928</w>
      <t>800</t>
    </point>
    <point>
      <x>0.455</x>
      <y>0.19333333</y>
      <w>0.24437928</w>
      <t>800</t>
    </point>
  </stroke>
  <stroke time="1733">
    <point>
      <x>0.29833335</x>
      <y>0.31666666</y>
      <w>0.15249267</w>
      <t>1734</t>
    </point>
    <point>
      <x>0.3</x>
      <y>0.31833333</y>
      <w>0.15249267</w>
      <t>1735</t>
    </point>
    <point>
      <x>0.30166668</x>
      <y>0.32</y>
      <w>0.25610948</w>
      <t>1766</t>
    </point>
    <point>
      <x>0.30166668</x>
      <y>0.32166666</y>
      <w>0.25610948</w>
      <t>1766</t>
    </point>
    <point>
      <x>0.30333334</x>
      <y>0.32166666</y>
      <w>0.25610948</w>
      <t>1768</t>
    </point>
    <point>
      <x>0.30333334</x>
      <y>0.32333332</y>
      <w>0.25610948</w>
      <t>1768</t>
    </point>
    <point>
      <x>0.305</x>
      <y>0.325</y>
      <w>0.36265886</w>
      <t>1800</t>
    </point>
    <point>
      <x>0.30666667</x>
      <y>0.32666665</y>
      <w>0.36265886</w>
      <t>1800</t>
    </point>
    <point>
      <x>0.30833334</x>
      <y>0.32833335</y>
      <w>0.44281524</w>
      <t>1834</t>
    </point>
    <point>
      <x>0.30833334</x>
      <y>0.33</y>
      <w>0.44281524</w>
      <t>1834</t>
    </point>
    <point>
      <x>0.31</x>
      <y>0.33166668</y>
      <w>0.44281524</w>
      <t>1834</t>
    </point>
    <point>
      <x>0.31166667</x>
      <y>0.33333334</y>
      <w>0.44281524</w>
      <t>1834</t>
    </point>
    <point>
      <x>0.31166667</x>
      <y>0.335</y>
      <w>0.48875856</w>
      <t>1867</t>
    </point>
    <point>
      <x>0.31333333</x>
      <y>0.33666667</y>
      <w>0.48875856</w>
      <t>1867</t>
    </point>
    <point>
      <x>0.315</x>
      <y>0.33666667</y>
      <w>0.50537634</w>
      <t>1900</t>
    </point>
    <point>
      <x>0.31666666</x>
      <y>0.33666667</y>
      <w>0.51906157</w>
      <t>1933</t>
    </point>
    <point>
      <x>0.31833333</x>
      <y>0.33666667</y>
      <w>0.54447705</w>
      <t>1966</t>
    </point>
    <point>
      <x>0.32</x>
      <y>0.33666667</y>
      <w>0.55718476</w>
      <t>2000</t>
    </point>
    <point>
      <x>0.32166666</x>
      <y>0.33666667</y>
      <w>0.55718476</w>
      <t>2000</t>
    </point>
    <point>
      <x>0.32333332</x>
      <y>0.33666667</y>
      <w>0.55718476</w>
      <t>2000</t>
    </point>
    <point>
      <x>0.325</x>
      <y>0.33666667</y>
      <w>0.55718476</w>
      <t>2000</t>
    </point>
    <point>
      <x>0.32833335</x>
      <y>0.335</y>
      <w>0.572825</w>
      <t>2033</t>
    </point>
    <point>
      <x>0.33</x>
      <y>0.33333334</y>
      <w>0.572825</w>
      <t>2033</t>
    </point>
    <point>
      <x>0.33333334</x>
      <y>0.33333334</y>
      <w>0.572825</w>
      <t>2033</t>
    </point>
    <point>
      <x>0.335</x>
      <y>0.33166668</y>
      <w>0.572825</w>
      <t>2033</t>
    </point>
    <point>
      <x>0.33666667</x>
      <y>0.33166668</y>
      <w>0.58651024</w>
      <t>2067</t>
    </point>
    <point>
      <x>0.33833334</x>
      <y>0.33</y>
      <w>0.58651024</w>
      <t>2067</t>
    </point>
    <point>
      <x>0.34166667</x>
      <y>0.32833335</y>
      <w>0.58651024</w>
      <t>2067</t>
    </point>
    <point>
      <x>0.34333333</x>
      <y>0.32833335</y>
      <w>0.58651024</w>
      <t>2067</t>
    </point>
    <point>
      <x>0.34666666</x>
      <y>0.32666665</y>
      <w>0.58651024</w>
      <t>2067</t>
    </point>
    <point>
      <x>0.35166666</x>
      <y>0.325</y>
      <w>0.58651024</w>
      <t>2100</t>
    </point>
    <point>
      <x>0.355</x>
      <y>0.32166666</y>
      <w>0.58651024</w>
      <t>2100</t>
    </point>
    <point>
      <x>0.36</x>
      <y>0.32</y>
      <w>0.58651024</w>
      <t>2100</t>
    </point>
    <point>
      <x>0.36333334</x>
      <y>0.31666666</y>
      <w>0.58651024</w>
      <t>2100</t>
    </point>
    <point>
      <x>0.36833334</x>
      <y>0.315</y>
      <w>0.5904203</w>
      <t>2133</t>
    </point>
    <point>
      <x>0.37333333</x>
      <y>0.31166667</y>
      <w>0.5904203</w>
      <t>2133</t>
    </point>
    <point>
      <x>0.37833333</x>
      <y>0.31</y>
      <w>0.5904203</w>
      <t>2133</t>
    </point>
    <point>
      <x>0.38333333</x>
      <y>0.30666667</y>
      <w>0.5904203</w>
      <t>2133</t>
    </point>
    <point>
      <x>0.38666666</x>
      <y>0.305</y>
      <w>0.5904203</w>
      <t>2167</t>
    </point>
    <point>
      <x>0.39166668</x>
      <y>0.30166668</y>
      <w>0.5904203</w>
      <t>2167</t>
    </point>
    <point>
      <x>0.39833334</x>
      <y>0.3</y>
      <w>0.5904203</w>
      <t>2167</t>
    </point>
    <point>
      <x>0.40333334</x>
      <y>0.29833335</y>
      <w>0.5904203</w>
      <t>2167</t>
    </point>
    <point>
      <x>0.41</x>
      <y>0.295</y>
      <w>0.5904203</w>
      <t>2167</t>
    </point>
    <point>
      <x>0.41666666</x>
      <y>0.29166666</y>
      <w>0.5904203</w>
      <t>2200</t>
    </point>
    <point>
      <x>0.42333335</x>
      <y>0.28833333</y>
      <w>0.5904203</w>
      <t>2200</t>
    </point>
    <point>
      <x>0.43</x>
      <y>0.285</y>
      <w>0.5904203</w>
      <t>2200</t>
    </point>
    <point>
      <x>0.43833333</x>
      <y>0.28166667</y>
      <w>0.5904203</w>
      <t>2201</t>
    </point>
    <point>
      <x>0.445</x>
      <y>0.27666667</y>
      <w>0.5884653</w>
      <t>2233</t>
    </point>
    <point>
      <x>0.45333335</x>
      <y>0.27333334</y>
      <w>0.5884653</w>
      <t>2233</t>
    </point>
    <point>
      <x>0.46166667</x>
      <y>0.26833335</y>
      <w>0.5884653</w>
      <t>2233</t>
    </point>
    <point>
      <x>0.46833333</x>
      <y>0.265</y>
      <w>0.5884653</w>
      <t>2233</t>
    </point>
    <point>
      <x>0.47666666</x>
      <y>0.26</y>
      <w>0.5884653</w>
      <t>2233</t>
    </point>
    <point>
      <x>0.485</x>
      <y>0.255</y>
      <w>0.5904203</w>
      <t>2266</t>
    </point>
    <point>
      <x>0.49333334</x>
      <y>0.25166667</y>
      <w>0.5904203</w>
      <t>2266</t>
    </point>
    <point>
      <x>0.50166667</x>
      <y>0.24833333</y>
      <w>0.5904203</w>
      <t>2266</t>
    </point>
    <point>
      <x>0.5083333</x>
      <y>0.245</y>
      <w>0.5904203</w>
      <t>2266</t>
    </point>
    <point>
      <x>0.51666665</x>
      <y>0.24166666</y>
      <w>0.59237534</w>
      <t>2300</t>
    </point>
    <point>
      <x>0.5233333</x>
      <y>0.23833333</y>
      <w>0.59237534</w>
      <t>2300</t>
    </point>
    <point>
      <x>0.53</x>
      <y>0.23666666</y>
      <w>0.59237534</w>
      <t>2300</t>
    </point>
    <point>
      <x>0.5366667</x>
      <y>0.23333333</y>
      <w>0.59237534</w>
      <t>2300</t>
    </point>
    <point>
      <x>0.5416667</x>
      <y>0.23166667</y>
      <w>0.59237534</w>
      <t>2300</t>
    </point>
    <point>
      <x>0.5466667</x>
      <y>0.23</y>
      <w>0.5913978</w>
      <t>2333</t>
    </point>
    <point>
      <x>0.5516667</x>
      <y>0.22833334</y>
      <w>0.5913978</w>
      <t>2333</t>
    </point>
    <point>
      <x>0.5566667</x>
      <y>0.22666667</y>
      <w>0.5913978</w>
      <t>2333</t>
    </point>
    <point>
      <x>0.56</x>
      <y>0.22666667</y>
      <w>0.5913978</w>
      <t>2333</t>
    </point>
    <point>
      <x>0.56333333</x>
      <y>0.225</y>
      <w>0.5884653</w>
      <t>2367</t>
    </point>
    <point>
      <x>0.565</x>
      <y>0.225</y>
      <w>0.5884653</w>
      <t>2367</t>
    </point>
    <point>
      <x>0.5683333</x>
      <y>0.225</y>
      <w>0.5884653</w>
      <t>2367</t>
    </point>
    <point>
      <x>0.57</x>
      <y>0.225</y>
      <w>0.5884653</w>
      <t>2367</t>
    </point>
    <point>
      <x>0.57166666</x>
      <y>0.225</y>
      <w>0.5884653</w>
      <t>2367</t>
    </point>
    <point>
      <x>0.5733333</x>
      <y>0.225</y>
      <w>0.5904203</w>
      <t>2400</t>
    </point>
    <point>
      <x>0.575</x>
      <y>0.225</y>
      <w>0.5904203</w>
      <t>2433</t>
    </point>
    <point>
      <x>0.57666665</x>
      <y>0.225</y>
      <w>0.59433043</w>
      <t>2466</t>
    </point>
    <point>
      <x>0.5783333</x>
      <y>0.225</y>
      <w>0.59433043</w>
      <t>2466</t>
    </point>
    <point>
      <x>0.58</x>
      <y>0.225</y>
      <w>0.6060606</w>
      <t>2500</t>
    </point>
    <point>
      <x>0.58166665</x>
      <y>0.22666667</y>
      <w>0.6060606</w>
      <t>2500</t>
    </point>
    <point>
      <x>0.5833333</x>
      <y>0.22666667</y>
      <w>0.6168133</w>
      <t>2533</t>
    </point>
    <point>
      <x>0.5833333</x>
      <y>0.22833334</y>
      <w>0.6168133</w>
      <t>2533</t>
    </point>
    <point>
      <x>0.585</x>
      <y>0.22833334</y>
      <w>0.6168133</w>
      <t>2533</t>
    </point>
    <point>
      <x>0.585</x>
      <y>0.23</y>
      <w>0.6168133</w>
      <t>2533</t>
    </point>
    <point>
      <x>0.585</x>
      <y>0.23166667</y>
      <w>0.6363636</w>
      <t>2567</t>
    </point>
    <point>
      <x>0.58666664</x>
      <y>0.23166667</y>
      <w>0.64320624</w>
      <t>2600</t>
    </point>
    <point>
      <x>0.58666664</x>
      <y>0.23333333</y>
      <w>0.6520039</w>
      <t>2633</t>
    </point>
    <point>
      <x>0.58666664</x>
      <y>0.235</y>
      <w>0.65591395</w>
      <t>2733</t>
    </point>
    <point>
      <x>0.58666664</x>
      <y>0.23666666</y>
      <w>0.65591395</w>
      <t>2733</t>
    </point>
    <point>
      <x>0.58666664</x>
      <y>0.23833333</y>
      <w>0.6568915</w>
      <t>2767</t>
    </point>
    <point>
      <x>0.585</x>
      <y>0.24</y>
      <w>0.6568915</w>
      <t>2767</t>
    </point>
    <point>
      <x>0.5833333</x>
      <y>0.24166666</y>
      <w>0.6568915</w>
      <t>2767</t>
    </point>
    <point>
      <x>0.5833333</x>
      <y>0.24333334</y>
      <w>0.6568915</w>
      <t>2767</t>
    </point>
    <point>
      <x>0.58166665</x>
      <y>0.24333334</y>
      <w>0.6568915</w>
      <t>2767</t>
    </point>
    <point>
      <x>0.58</x>
      <y>0.245</y>
      <w>0.6539589</w>
      <t>2800</t>
    </point>
    <point>
      <x>0.58</x>
      <y>0.24666667</y>
      <w>0.6539589</w>
      <t>2800</t>
    </point>
    <point>
      <x>0.5783333</x>
      <y>0.24833333</y>
      <w>0.6539589</w>
      <t>2800</t>
    </point>
    <point>
      <x>0.57666665</x>
      <y>0.24833333</y>
      <w>0.6539589</w>
      <t>2800</t>
    </point>
    <point>
      <x>0.575</x>
      <y>0.25</y>
      <w>0.6099707</w>
      <t>2833</t>
    </point>
    <point>
      <x>0.5733333</x>
      <y>0.25166667</y>
      <w>0.6099707</w>
      <t>2833</t>
    </point>
    <point>
      <x>0.57</x>
      <y>0.255</y>
      <w>0.6099707</w>
      <t>2833</t>
    </point>
    <point>
      <x>0.5683333</x>
      <y>0.25666666</y>
      <w>0.6099707</w>
      <t>2833</t>
    </point>
    <point>
      <x>0.565</x>
      <y>0.26</y>
      <w>0.6099707</w>
      <t>2833</t>
    </point>
    <point>
      <x>0.56166667</x>
      <y>0.26166666</y>
      <w>0.5826002</w>
      <t>2867</t>
    </point>
    <point>
      <x>0.55833334</x>
      <y>0.265</y>
      <w>0.5826002</w>
      <t>2867</t>
    </point>
    <point>
      <x>0.555</x>
      <y>0.26666668</y>
      <w>0.5826002</w>
      <t>2867</t>
    </point>
    <point>
      <x>0.5516667</x>
      <y>0.27</y>
      <w>0.5826002</w>
      <t>2867</t>
    </point>
    <point>
      <x>0.55</x>
      <y>0.27333334</y>
      <w>0.5542522</w>
      <t>2900</t>
    </point>
    <point>
      <x>0.5466667</x>
      <y>0.27666667</y>
      <w>0.5542522</w>
      <t>2900</t>
    </point>
    <point>
      <x>0.54333335</x>
      <y>0.28</y>
      <w>0.5542522</w>
      <t>2900</t>
    </point>
    <point>
      <x>0.54</x>
      <y>0.28333333</y>
      <w>0.5542522</w>
      <t>2900</t>
    </point>
    <point>
      <x>0.5366667</x>
      <y>0.28666666</y>
      <w>0.5542522</w>
      <t>2900</t>
    </point>
    <point>
      <x>0.53333336</x>
      <y>0.29</y>
      <w>0.5464321</w>
      <t>2933</t>
    </point>
    <point>
      <x>0.53</x>
      <y>0.29333332</y>
      <w>0.5464321</w>
      <t>2933</t>
    </point>
    <point>
      <x>0.5283333</x>
      <y>0.29666665</y>
      <w>0.5464321</w>
      <t>2933</t>
    </point>
    <point>
      <x>0.525</x>
      <y>0.3</y>
      <w>0.5464321</w>
      <t>2933</t>
    </point>
    <point>
      <x>0.52166665</x>
      <y>0.30333334</y>
      <w>0.52492666</w>
      <t>2967</t>
    </point>
    <point>
      <x>0.5183333</x>
      <y>0.30833334</y>
      <w>0.52492666</w>
      <t>2967</t>
    </point>
    <point>
      <x>0.515</x>
      <y>0.31166667</y>
      <w>0.52492666</w>
      <t>2967</t>
    </point>
    <point>
      <x>0.51166666</x>
      <y>0.31666666</y>
      <w>0.52492666</w>
      <t>2967</t>
    </point>
    <point>
      <x>0.5083333</x>
      <y>0.32</y>
      <w>0.52492666</w>
      <t>2967</t>
    </point>
    <point>
      <x>0.505</x>
      <y>0.325</y>
      <w>0.49266863</w>
      <t>3000</t>
    </point>
    <point>
      <x>0.50166667</x>
      <y>0.32833335</y>
      <w>0.49266863</w>
      <t>3000</t>
    </point>
    <point>
      <x>0.5</x>
      <y>0.33166668</y>
      <w>0.49266863</w>
      <t>3000</t>
    </point>
    <point>
      <x>0.49666667</x>
      <y>0.335</y>
      <w>0.49266863</w>
      <t>3000</t>
    </point>
    <point>
      <x>0.495</x>
      <y>0.33666667</y>
      <w>0.46529815</w>
      <t>3033</t>
    </point>
    <point>
      <x>0.495</x>
      <y>0.34</y>
      <w>0.46529815</w>
      <t>3033</t>
    </point>
    <point>
      <x>0.49333334</x>
      <y>0.34166667</y>
      <w>0.46529815</w>
      <t>3033</t>
    </point>
    <point>
      <x>0.49333334</x>
      <y>0.34333333</y>
      <w>0.46529815</w>
      <t>3033</t>
    </point>
    <point>
      <x>0.49333334</x>
      <y>0.345</y>
      <w>0.45943305</w>
      <t>3067</t>
    </point>
    <point>
      <x>0.49333334</x>
      <y>0.34666666</y>
      <w>0.45943305</w>
      <t>3067</t>
    </point>
    <point>
      <x>0.49333334</x>
      <y>0.34833333</y>
      <w>0.45943305</w>
      <t>3067</t>
    </point>
    <point>
      <x>0.49333334</x>
      <y>0.35</y>
      <w>0.45943305</w>
      <t>3067</t>
    </point>
    <point>
      <x>0.495</x>
      <y>0.35166666</y>
      <w>0.44183773</w>
      <t>3100</t>
    </point>
    <point>
      <x>0.49666667</x>
      <y>0.35166666</y>
      <w>0.44183773</w>
      <t>3100</t>
    </point>
    <point>
      <x>0.49833333</x>
      <y>0.35333332</y>
      <w>0.44183773</w>
      <t>3100</t>
    </point>
    <point>
      <x>0.5</x>
      <y>0.355</y>
      <w>0.44183773</w>
      <t>3100</t>
    </point>
    <point>
      <x>0.50166667</x>
      <y>0.35666665</y>
      <w>0.43890518</w>
      <t>3133</t>
    </point>
    <point>
      <x>0.50333333</x>
      <y>0.35833332</y>
      <w>0.43890518</w>
      <t>3133</t>
    </point>
    <point>
      <x>0.505</x>
      <y>0.36166668</y>
      <w>0.43890518</w>
      <t>3133</t>
    </point>
    <point>
      <x>0.50666666</x>
      <y>0.36333334</y>
      <w>0.43890518</w>
      <t>3133</t>
    </point>
    <point>
      <x>0.5083333</x>
      <y>0.365</y>
      <w>0.4398827</w>
      <t>3167</t>
    </point>
    <point>
      <x>0.51166666</x>
      <y>0.36666667</y>
      <w>0.4398827</w>
      <t>3167</t>
    </point>
    <point>
      <x>0.5133333</x>
      <y>0.36833334</y>
      <w>0.4398827</w>
      <t>3167</t>
    </point>
    <point>
      <x>0.515</x>
      <y>0.37</y>
      <w>0.4398827</w>
      <t>3167</t>
    </point>
    <point>
      <x>0.51666665</x>
      <y>0.37333333</y>
      <w>0.4398827</w>
      <t>3167</t>
    </point>
    <point>
      <x>0.52</x>
      <y>0.375</y>
      <w>0.44183773</w>
      <t>3200</t>
    </point>
    <point>
      <x>0.52166665</x>
      <y>0.37666667</y>
      <w>0.44183773</w>
      <t>3200</t>
    </point>
    <point>
      <x>0.5233333</x>
      <y>0.37833333</y>
      <w>0.44183773</w>
      <t>3200</t>
    </point>
    <point>
      <x>0.525</x>
      <y>0.38166666</y>
      <w>0.44183773</w>
      <t>3200</t>
    </point>
    <point>
      <x>0.525</x>
      <y>0.38333333</y>
      <w>0.44183773</w>
      <t>3200</t>
    </point>
    <point>
      <x>0.52666664</x>
      <y>0.385</y>
      <w>0.44183773</w>
      <t>3234</t>
    </point>
    <point>
      <x>0.5283333</x>
      <y>0.38833332</y>
      <w>0.44183773</w>
      <t>3234</t>
    </point>
    <point>
      <x>0.53</x>
      <y>0.39</y>
      <w>0.44183773</w>
      <t>3234</t>
    </point>
    <point>
      <x>0.5316667</x>
      <y>0.39333335</y>
      <w>0.44183773</w>
      <t>3234</t>
    </point>
    <point>
      <x>0.5316667</x>
      <y>0.39666668</y>
      <w>0.4398827</w>
      <t>3267</t>
    </point>
    <point>
      <x>0.53333336</x>
      <y>0.39833334</y>
      <w>0.4398827</w>
      <t>3267</t>
    </point>
    <point>
      <x>0.535</x>
      <y>0.4</y>
      <w>0.4398827</w>
      <t>3267</t>
    </point>
    <point>
      <x>0.5366667</x>
      <y>0.40166667</y>
      <w>0.4398827</w>
      <t>3267</t>
    </point>
    <point>
      <x>0.5366667</x>
      <y>0.40333334</y>
      <w>0.44183773</w>
      <t>3300</t>
    </point>
    <point>
      <x>0.53833336</x>
      <y>0.405</y>
      <w>0.44183773</w>
      <t>3300</t>
    </point>
    <point>
      <x>0.53833336</x>
      <y>0.40666667</y>
      <w>0.44183773</w>
      <t>3300</t>
    </point>
    <point>
      <x>0.54</x>
      <y>0.40833333</y>
      <w>0.44183773</w>
      <t>3300</t>
    </point>
    <point>
      <x>0.54</x>
      <y>0.41166666</y>
      <w>0.44183773</w>
      <t>3300</t>
    </point>
    <point>
      <x>0.5416667</x>
      <y>0.41333333</y>
      <w>0.44281524</w>
      <t>3334</t>
    </point>
    <point>
      <x>0.5416667</x>
      <y>0.415</y>
      <w>0.44281524</w>
      <t>3334</t>
    </point>
    <point>
      <x>0.5416667</x>
      <y>0.41666666</y>
      <w>0.44281524</w>
      <t>3334</t>
    </point>
    <point>
      <x>0.5416667</x>
      <y>0.41833332</y>
      <w>0.44281524</w>
      <t>3334</t>
    </point>
    <point>
      <x>0.5416667</x>
      <y>0.42166665</y>
      <w>0.44379276</w>
      <t>3367</t>
    </point>
    <point>
      <x>0.5416667</x>
      <y>0.42333335</y>
      <w>0.44379276</w>
      <t>3367</t>
    </point>
    <point>
      <x>0.5416667</x>
      <y>0.425</y>
      <w>0.44379276</w>
      <t>3367</t>
    </point>
    <point>
      <x>0.5416667</x>
      <y>0.42833334</y>
      <w>0.44379276</w>
      <t>3367</t>
    </point>
    <point>
      <x>0.5416667</x>
      <y>0.43</y>
      <w>0.44379276</w>
      <t>3367</t>
    </point>
    <point>
      <x>0.5416667</x>
      <y>0.43166667</y>
      <w>0.44965786</w>
      <t>3400</t>
    </point>
    <point>
      <x>0.5416667</x>
      <y>0.435</y>
      <w>0.44965786</w>
      <t>3400</t>
    </point>
    <point>
      <x>0.5416667</x>
      <y>0.43666667</y>
      <w>0.44965786</w>
      <t>3400</t>
    </point>
    <point>
      <x>0.5416667</x>
      <y>0.44</y>
      <w>0.44965786</w>
      <t>3400</t>
    </point>
    <point>
      <x>0.5416667</x>
      <y>0.44166666</y>
      <w>0.4740958</w>
      <t>3433</t>
    </point>
    <point>
      <x>0.5416667</x>
      <y>0.445</y>
      <w>0.4740958</w>
      <t>3433</t>
    </point>
    <point>
      <x>0.5416667</x>
      <y>0.44666666</y>
      <w>0.4740958</w>
      <t>3433</t>
    </point>
    <point>
      <x>0.5416667</x>
      <y>0.45</y>
      <w>0.4740958</w>
      <t>3433</t>
    </point>
    <point>
      <x>0.5416667</x>
      <y>0.45166665</y>
      <w>0.4740958</w>
      <t>3433</t>
    </point>
    <point>
      <x>0.5416667</x>
      <y>0.455</y>
      <w>0.48973608</w>
      <t>3467</t>
    </point>
    <point>
      <x>0.5416667</x>
      <y>0.45666668</y>
      <w>0.48973608</w>
      <t>3467</t>
    </point>
    <point>
      <x>0.5416667</x>
      <y>0.45833334</y>
      <w>0.48973608</w>
      <t>3467</t>
    </point>
    <point>
      <x>0.54</x>
      <y>0.46</y>
      <w>0.48973608</w>
      <t>3467</t>
    </point>
    <point>
      <x>0.54</x>
      <y>0.46333334</y>
      <w>0.49364614</w>
      <t>3500</t>
    </point>
    <point>
      <x>0.54</x>
      <y>0.465</y>
      <w>0.49364614</w>
      <t>3500</t>
    </point>
    <point>
      <x>0.54</x>
      <y>0.46833333</y>
      <w>0.49364614</w>
      <t>3500</t>
    </point>
    <point>
      <x>0.53833336</x>
      <y>0.47166666</y>
      <w>0.49364614</w>
      <t>3500</t>
    </point>
    <point>
      <x>0.53833336</x>
      <y>0.47333333</y>
      <w>0.49364614</w>
      <t>3500</t>
    </point>
    <point>
      <x>0.53833336</x>
      <y>0.47666666</y>
      <w>0.4965787</w>
      <t>3533</t>
    </point>
    <point>
      <x>0.53833336</x>
      <y>0.47833332</y>
      <w>0.4965787</w>
      <t>3533</t>
    </point>
    <point>
      <x>0.53833336</x>
      <y>0.48</y>
      <w>0.4965787</w>
      <t>3533</t>
    </point>
    <point>
      <x>0.53833336</x>
      <y>0.48333332</y>
      <w>0.4965787</w>
      <t>3533</t>
    </point>
    <point>
      <x>0.53833336</x>
      <y>0.485</y>
      <w>0.5259042</w>
      <t>3567</t>
    </point>
    <point>
      <x>0.53833336</x>
      <y>0.48666668</y>
      <w>0.5259042</w>
      <t>3567</t>
    </point>
    <point>
      <x>0.53833336</x>
      <y>0.48833334</y>
      <w>0.5259042</w>
      <t>3567</t>
    </point>
    <point>
      <x>0.53833336</x>
      <y>0.49</y>
      <w>0.5259042</w>
      <t>3567</t>
    </point>
    <point>
      <x>0.53833336</x>
      <y>0.49166667</y>
      <w>0.5259042</w>
      <t>3567</t>
    </point>
    <point>
      <x>0.53833336</x>
      <y>0.49333334</y>
      <w>0.5366569</w>
      <t>3600</t>
    </point>
    <point>
      <x>0.53833336</x>
      <y>0.495</y>
      <w>0.5366569</w>
      <t>3600</t>
    </point>
    <point>
      <x>0.54</x>
      <y>0.49666667</y>
      <w>0.5366569</w>
      <t>3600</t>
    </point>
    <point>
      <x>0.54</x>
      <y>0.49833333</y>
      <w>0.5366569</w>
      <t>3600</t>
    </point>
    <point>
      <x>0.54</x>
      <y>0.5</y>
      <w>0.5483871</w>
      <t>3634</t>
    </point>
    <point>
      <x>0.5416667</x>
      <y>0.50166667</y>
      <w>0.5483871</w>
      <t>3634</t>
    </point>
    <point>
      <x>0.5416667</x>
      <y>0.50333333</y>
      <w>0.5483871</w>
      <t>3634</t>
    </point>
    <point>
      <x>0.54333335</x>
      <y>0.505</y>
      <w>0.5483871</w>
      <t>3634</t>
    </point>
    <point>
      <x>0.545</x>
      <y>0.5083333</y>
      <w>0.57380253</w>
      <t>3667</t>
    </point>
    <point>
      <x>0.545</x>
      <y>0.51</y>
      <w>0.57380253</w>
      <t>3667</t>
    </point>
    <point>
      <x>0.5466667</x>
      <y>0.51166666</y>
      <w>0.57380253</w>
      <t>3667</t>
    </point>
    <point>
      <x>0.54833335</x>
      <y>0.515</y>
      <w>0.57380253</w>
      <t>3667</t>
    </point>
    <point>
      <x>0.55</x>
      <y>0.51666665</y>
      <w>0.57380253</w>
      <t>3667</t>
    </point>
    <point>
      <x>0.55</x>
      <y>0.5183333</y>
      <w>0.58064514</w>
      <t>3700</t>
    </point>
    <point>
      <x>0.5516667</x>
      <y>0.52</y>
      <w>0.58064514</w>
      <t>3700</t>
    </point>
    <point>
      <x>0.55333334</x>
      <y>0.52166665</y>
      <w>0.58064514</w>
      <t>3700</t>
    </point>
    <point>
      <x>0.555</x>
      <y>0.525</y>
      <w>0.58064514</w>
      <t>3700</t>
    </point>
    <point>
      <x>0.555</x>
      <y>0.52666664</y>
      <w>0.58162266</w>
      <t>3733</t>
    </point>
    <point>
      <x>0.5566667</x>
      <y>0.5283333</y>
      <w>0.58162266</w>
      <t>3733</t>
    </point>
    <point>
      <x>0.55833334</x>
      <y>0.53</y>
      <w>0.58162266</w>
      <t>3733</t>
    </point>
    <point>
      <x>0.55833334</x>
      <y>0.53333336</y>
      <w>0.58162266</w>
      <t>3733</t>
    </point>
    <point>
      <x>0.56</x>
      <y>0.535</y>
      <w>0.58162266</w>
      <t>3733</t>
    </point>
    <point>
      <x>0.56166667</x>
      <y>0.53833336</y>
      <w>0.5826002</w>
      <t>3767</t>
    </point>
    <point>
      <x>0.56333333</x>
      <y>0.54</y>
      <w>0.5826002</w>
      <t>3767</t>
    </point>
    <point>
      <x>0.565</x>
      <y>0.5416667</y>
      <w>0.5826002</w>
      <t>3767</t>
    </point>
    <point>
      <x>0.565</x>
      <y>0.545</y>
      <w>0.5826002</w>
      <t>3767</t>
    </point>
    <point>
      <x>0.56666666</x>
      <y>0.5466667</y>
      <w>0.5826002</w>
      <t>3800</t>
    </point>
    <point>
      <x>0.5683333</x>
      <y>0.55</y>
      <w>0.5826002</w>
      <t>3800</t>
    </point>
    <point>
      <x>0.5683333</x>
      <y>0.5516667</y>
      <w>0.5826002</w>
      <t>3800</t>
    </point>
    <point>
      <x>0.57</x>
      <y>0.555</y>
      <w>0.5826002</w>
      <t>3800</t>
    </point>
    <point>
      <x>0.57</x>
      <y>0.5566667</y>
      <w>0.5826002</w>
      <t>3800</t>
    </point>
    <point>
      <x>0.57166666</x>
      <y>0.55833334</y>
      <w>0.5826002</w>
      <t>3833</t>
    </point>
    <point>
      <x>0.57166666</x>
      <y>0.56166667</y>
      <w>0.5826002</w>
      <t>3833</t>
    </point>
    <point>
      <x>0.5733333</x>
      <y>0.56333333</y>
      <w>0.5826002</w>
      <t>3833</t>
    </point>
    <point>
      <x>0.5733333</x>
      <y>0.56666666</y>
      <w>0.5826002</w>
      <t>3833</t>
    </point>
    <point>
      <x>0.5733333</x>
      <y>0.5683333</y>
      <w>0.58162266</w>
      <t>3867</t>
    </point>
    <point>
      <x>0.575</x>
      <y>0.57</y>
      <w>0.58162266</w>
      <t>3867</t>
    </point>
    <point>
      <x>0.575</x>
      <y>0.57166666</y>
      <w>0.58162266</w>
      <t>3867</t>
    </point>
    <point>
      <x>0.575</x>
      <y>0.5733333</y>
      <w>0.58162266</w>
      <t>3867</t>
    </point>
    <point>
      <x>0.575</x>
      <y>0.575</y>
      <w>0.58162266</w>
      <t>3867</t>
    </point>
    <point>
      <x>0.575</x>
      <y>0.5783333</y>
      <w>0.58064514</w>
      <t>3900</t>
    </point>
    <point>
      <x>0.575</x>
      <y>0.58</y>
      <w>0.58064514</w>
      <t>3900</t>
    </point>
    <point>
      <x>0.575</x>
      <y>0.58166665</y>
      <w>0.58064514</w>
      <t>3900</t>
    </point>
    <point>
      <x>0.575</x>
      <y>0.5833333</y>
      <w>0.58064514</w>
      <t>3900</t>
    </point>
    <point>
      <x>0.575</x>
      <y>0.585</y>
      <w>0.5718475</w>
      <t>3934</t>
    </point>
    <point>
      <x>0.575</x>
      <y>0.5883333</y>
      <w>0.5718475</w>
      <t>3934</t>
    </point>
    <point>
      <x>0.575</x>
      <y>0.59</y>
      <w>0.5718475</w>
      <t>3934</t>
    </point>
    <point>
      <x>0.575</x>
      <y>0.59166664</y>
      <w>0.5718475</w>
      <t>3934</t>
    </point>
    <point>
      <x>0.575</x>
      <y>0.595</y>
      <w>0.5581623</w>
      <t>3967</t>
    </point>
    <point>
      <x>0.575</x>
      <y>0.5966667</y>
      <w>0.5581623</w>
      <t>3967</t>
    </point>
    <point>
      <x>0.575</x>
      <y>0.59833336</y>
      <w>0.5581623</w>
      <t>3967</t>
    </point>
    <point>
      <x>0.575</x>
      <y>0.6016667</y>
      <w>0.5581623</w>
      <t>3967</t>
    </point>
    <point>
      <x>0.575</x>
      <y>0.60333335</y>
      <w>0.5581623</w>
      <t>3967</t>
    </point>
    <point>
      <x>0.5733333</x>
      <y>0.6066667</y>
      <w>0.5532747</w>
      <t>4000</t>
    </point>
    <point>
      <x>0.5733333</x>
      <y>0.61</y>
      <w>0.5532747</w>
      <t>4000</t>
    </point>
    <point>
      <x>0.57166666</x>
      <y>0.61333334</y>
      <w>0.5532747</w>
      <t>4000</t>
    </point>
    <point>
      <x>0.57</x>
      <y>0.6166667</y>
      <w>0.5532747</w>
      <t>4000</t>
    </point>
    <point>
      <x>0.5683333</x>
      <y>0.62</y>
      <w>0.540567</w>
      <t>4034</t>
    </point>
    <point>
      <x>0.56666666</x>
      <y>0.625</y>
      <w>0.540567</w>
      <t>4034</t>
    </point>
    <point>
      <x>0.565</x>
      <y>0.62833333</y>
      <w>0.540567</w>
      <t>4034</t>
    </point>
    <point>
      <x>0.56166667</x>
      <y>0.6333333</y>
      <w>0.540567</w>
      <t>4034</t>
    </point>
    <point>
      <x>0.56</x>
      <y>0.6383333</y>
      <w>0.540567</w>
      <t>4034</t>
    </point>
    <point>
      <x>0.5566667</x>
      <y>0.64166665</y>
      <w>0.52492666</w>
      <t>4067</t>
    </point>
    <point>
      <x>0.555</x>
      <y>0.64666665</y>
      <w>0.52492666</w>
      <t>4067</t>
    </point>
    <point>
      <x>0.5516667</x>
      <y>0.65166664</y>
      <w>0.52492666</w>
      <t>4067</t>
    </point>
    <point>
      <x>0.54833335</x>
      <y>0.655</y>
      <w>0.52492666</w>
      <t>4067</t>
    </point>
    <point>
      <x>0.5466667</x>
      <y>0.66</y>
      <w>0.5219941</w>
      <t>4100</t>
    </point>
    <point>
      <x>0.54333335</x>
      <y>0.66333336</y>
      <w>0.5219941</w>
      <t>4100</t>
    </point>
    <point>
      <x>0.54</x>
      <y>0.66833335</y>
      <w>0.5219941</w>
      <t>4100</t>
    </point>
    <point>
      <x>0.5366667</x>
      <y>0.6716667</y>
      <w>0.5219941</w>
      <t>4100</t>
    </point>
    <point>
      <x>0.53333336</x>
      <y>0.675</y>
      <w>0.5219941</w>
      <t>4100</t>
    </point>
    <point>
      <x>0.53</x>
      <y>0.67833334</y>
      <w>0.48680353</w>
      <t>4133</t>
    </point>
    <point>
      <x>0.52666664</x>
      <y>0.68333334</y>
      <w>0.48680353</w>
      <t>4133</t>
    </point>
    <point>
      <x>0.5233333</x>
      <y>0.68666667</y>
      <w>0.48680353</w>
      <t>4133</t>
    </point>
    <point>
      <x>0.52</x>
      <y>0.69</y>
      <w>0.48680353</w>
      <t>4133</t>
    </point>
    <point>
      <x>0.51666665</x>
      <y>0.6933333</y>
      <w>0.4525904</w>
      <t>4166</t>
    </point>
    <point>
      <x>0.51166666</x>
      <y>0.69666666</y>
      <w>0.4525904</w>
      <t>4166</t>
    </point>
    <point>
      <x>0.5083333</x>
      <y>0.7</y>
      <w>0.4525904</w>
      <t>4166</t>
    </point>
    <point>
      <x>0.505</x>
      <y>0.705</y>
      <w>0.4525904</w>
      <t>4166</t>
    </point>
    <point>
      <x>0.50166667</x>
      <y>0.7083333</y>
      <w>0.4125122</w>
      <t>4200</t>
    </point>
    <point>
      <x>0.49833333</x>
      <y>0.71166664</y>
      <w>0.4125122</w>
      <t>4200</t>
    </point>
    <point>
      <x>0.495</x>
      <y>0.715</y>
      <w>0.4125122</w>
      <t>4200</t>
    </point>
    <point>
      <x>0.49166667</x>
      <y>0.7183333</y>
      <w>0.4125122</w>
      <t>4200</t>
    </point>
    <point>
      <x>0.48833334</x>
      <y>0.7216667</y>
      <w>0.4125122</w>
      <t>4200</t>
    </point>
    <point>
      <x>0.485</x>
      <y>0.72333336</y>
      <w>0.40762463</w>
      <t>4234</t>
    </point>
    <point>
      <x>0.48333332</x>
      <y>0.7266667</y>
      <w>0.40762463</w>
      <t>4234</t>
    </point>
    <point>
      <x>0.48</x>
      <y>0.72833335</y>
      <w>0.40762463</w>
      <t>4234</t>
    </point>
    <point>
      <x>0.47833332</x>
      <y>0.72833335</y>
      <w>0.40762463</w>
      <t>4234</t>
    </point>
    <point>
      <x>0.47666666</x>
      <y>0.73</y>
      <w>0.35288367</w>
      <t>4267</t>
    </point>
    <point>
      <x>0.47333333</x>
      <y>0.73</y>
      <w>0.35288367</w>
      <t>4267</t>
    </point>
    <point>
      <x>0.47166666</x>
      <y>0.7316667</y>
      <w>0.35288367</w>
      <t>4267</t>
    </point>
    <point>
      <x>0.47</x>
      <y>0.7316667</y>
      <w>0.35288367</w>
      <t>4267</t>
    </point>
    <point>
      <x>0.46833333</x>
      <y>0.7316667</y>
      <w>0.31280547</w>
      <t>4300</t>
    </point>
    <point>
      <x>0.46666667</x>
      <y>0.7316667</y>
      <w>0.31280547</w>
      <t>4300</t>
    </point>
    <point>
      <x>0.46666667</x>
      <y>0.73</y>
      <w>0.26197457</w>
      <t>4334</t>
    </point>
    <point>
      <x>0.46666667</x>
      <y>0.72833335</y>
      <w>0.26197457</w>
      <t>4334</t>
    </point>
    <point>
      <x>0.46666667</x>
      <y>0.7266667</y>
      <w>0.26197457</w>
      <t>4334</t>
    </point>
    <point>
      <x>0.465</x>
      <y>0.725</y>
      <w>0.26197457</w>
      <t>4334</t>
    </point>
    <point>
      <x>0.465</x>
      <y>0.7216667</y>
      <w>0.26197457</w>
      <t>4334</t>
    </point>
    <point>
      <x>0.465</x>
      <y>0.72</y>
      <w>0.25024438</w>
      <t>4367</t>
    </point>
    <point>
      <x>0.465</x>
      <y>0.71666664</y>
      <w>0.25024438</w>
      <t>4367</t>
    </point>
    <point>
      <x>0.465</x>
      <y>0.715</y>
      <w>0.25024438</w>
      <t>4367</t>
    </point>
    <point>
      <x>0.46333334</x>
      <y>0.71166664</y>
      <w>0.25024438</w>
      <t>4367</t>
    </point>
    <point>
      <x>0.46333334</x>
      <y>0.7083333</y>
      <w>0.24828935</w>
      <t>4400</t>
    </point>
    <point>
      <x>0.46333334</x>
      <y>0.70666665</y>
      <w>0.24828935</w>
      <t>4400</t>
    </point>
    <point>
      <x>0.46333334</x>
      <y>0.7033333</y>
      <w>0.24828935</w>
      <t>4400</t>
    </point>
    <point>
      <x>0.46333334</x>
      <y>0.70166665</y>
      <w>0.24828935</w>
      <t>4400</t>
    </point>
    <point>
      <x>0.46333334</x>
      <y>0.6983333</y>
      <w>0.24828935</w>
      <t>4400</t>
    </point>
    <point>
      <x>0.46333334</x>
      <y>0.69666666</y>
      <w>0.18768328</w>
      <t>4433</t>
    </point>
    <point>
      <x>0.46333334</x>
      <y>0.6933333</y>
      <w>0.18768328</w>
      <t>4433</t>
    </point>
    <point>
      <x>0.46333334</x>
      <y>0.69166666</y>
      <w>0.18768328</w>
      <t>4433</t>
    </point>
    <point>
      <x>0.465</x>
      <y>0.68833333</y>
      <w>0.18768328</w>
      <t>4433</t>
    </point>
    <point>
      <x>0.465</x>
      <y>0.685</y>
      <w>0.18768328</w>
      <t>4467</t>
    </point>
    <point>
      <x>0.46666667</x>
      <y>0.6816667</y>
      <w>0.18768328</w>
      <t>4467</t>
    </point>
    <point>
      <x>0.46666667</x>
      <y>0.67833334</y>
      <w>0.18768328</w>
      <t>4467</t>
    </point>
    <point>
      <x>0.46833333</x>
      <y>0.675</y>
      <w>0.18768328</w>
      <t>4467</t>
    </point>
    <point>
      <x>0.46833333</x>
      <y>0.6716667</y>
      <w>0.18768328</w>
      <t>4467</t>
    </point>
    <point>
      <x>0.47</x>
      <y>0.66833335</y>
      <w>0.18768328</w>
      <t>4500</t>
    </point>
    <point>
      <x>0.47166666</x>
      <y>0.665</y>
      <w>0.18768328</w>
      <t>4500</t>
    </point>
    <point>
      <x>0.47166666</x>
      <y>0.66</y>
      <w>0.18768328</w>
      <t>4500</t>
    </point>
    <point>
      <x>0.47333333</x>
      <y>0.6566667</y>
      <w>0.18768328</w>
      <t>4500</t>
    </point>
    <point>
      <x>0.475</x>
      <y>0.6533333</y>
      <w>0.18768328</w>
      <t>4534</t>
    </point>
    <point>
      <x>0.47666666</x>
      <y>0.65</y>
      <w>0.18768328</w>
      <t>4534</t>
    </point>
    <point>
      <x>0.47833332</x>
      <y>0.64666665</y>
      <w>0.18768328</w>
      <t>4534</t>
    </point>
    <point>
      <x>0.48</x>
      <y>0.6433333</y>
      <w>0.18768328</w>
      <t>4534</t>
    </point>
    <point>
      <x>0.48166665</x>
      <y>0.64</y>
      <w>0.18963832</w>
      <t>4567</t>
    </point>
    <point>
      <x>0.48333332</x>
      <y>0.63666666</y>
      <w>0.18963832</w>
      <t>4567</t>
    </point>
    <point>
      <x>0.48333332</x>
      <y>0.6333333</y>
      <w>0.18963832</w>
      <t>4567</t>
    </point>
    <point>
      <x>0.485</x>
      <y>0.63166666</y>
      <w>0.18963832</w>
      <t>4567</t>
    </point>
    <point>
      <x>0.48666668</x>
      <y>0.63</y>
      <w>0.18963832</w>
      <t>4567</t>
    </point>
    <point>
      <x>0.48833334</x>
      <y>0.62666667</y>
      <w>0.18768328</w>
      <t>4600</t>
    </point>
    <point>
      <x>0.49</x>
      <y>0.625</y>
      <w>0.18768328</w>
      <t>4600</t>
    </point>
    <point>
      <x>0.49166667</x>
      <y>0.62333333</y>
      <w>0.18768328</w>
      <t>4600</t>
    </point>
    <point>
      <x>0.49333334</x>
      <y>0.62333333</y>
      <w>0.18768328</w>
      <t>4600</t>
    </point>
    <point>
      <x>0.49333334</x>
      <y>0.62166667</y>
      <w>0.19745846</w>
      <t>4634</t>
    </point>
    <point>
      <x>0.495</x>
      <y>0.62166667</y>
      <w>0.19745846</w>
      <t>4634</t>
    </point>
    <point>
      <x>0.49666667</x>
      <y>0.62</y>
      <w>0.19745846</w>
      <t>4634</t>
    </point>
    <point>
      <x>0.49833333</x>
      <y>0.62</y>
      <w>0.19745846</w>
      <t>4634</t>
    </point>
    <point>
      <x>0.5</x>
      <y>0.61833334</y>
      <w>0.19745846</w>
      <t>4634</t>
    </point>
    <point>
      <x>0.50166667</x>
      <y>0.61833334</y>
      <w>0.22580644</w>
      <t>4667</t>
    </point>
    <point>
      <x>0.50333333</x>
      <y>0.61833334</y>
      <w>0.22580644</w>
      <t>4667</t>
    </point>
    <point>
      <x>0.505</x>
      <y>0.61833334</y>
      <w>0.31182796</w>
      <t>4700</t>
    </point>
    <point>
      <x>0.50666666</x>
      <y>0.61833334</y>
      <w>0.31182796</w>
      <t>4700</t>
    </point>
    <point>
      <x>0.5083333</x>
      <y>0.61833334</y>
      <w>0.3841642</w>
      <t>4733</t>
    </point>
    <point>
      <x>0.5083333</x>
      <y>0.62</y>
      <w>0.3841642</w>
      <t>4733</t>
    </point>
    <point>
      <x>0.51</x>
      <y>0.62</y>
      <w>0.3841642</w>
      <t>4733</t>
    </point>
    <point>
      <x>0.51</x>
      <y>0.62166667</y>
      <w>0.44770283</w>
      <t>4767</t>
    </point>
    <point>
      <x>0.51166666</x>
      <y>0.62166667</y>
      <w>0.44770283</w>
      <t>4767</t>
    </point>
    <point>
      <x>0.51166666</x>
      <y>0.62333333</y>
      <w>0.44770283</w>
      <t>4767</t>
    </point>
    <point>
      <x>0.5133333</x>
      <y>0.625</y>
      <w>0.44770283</w>
      <t>4767</t>
    </point>
    <point>
      <x>0.515</x>
      <y>0.62666667</y>
      <w>0.5024438</w>
      <t>4800</t>
    </point>
    <point>
      <x>0.515</x>
      <y>0.62833333</y>
      <w>0.5024438</w>
      <t>4800</t>
    </point>
    <point>
      <x>0.515</x>
      <y>0.63</y>
      <w>0.5024438</w>
      <t>4800</t>
    </point>
    <point>
      <x>0.515</x>
      <y>0.63166666</y>
      <w>0.5415445</w>
      <t>4834</t>
    </point>
    <point>
      <x>0.515</x>
      <y>0.6333333</y>
      <w>0.5415445</w>
      <t>4834</t>
    </point>
    <point>
      <x>0.51666665</x>
      <y>0.635</y>
      <w>0.5415445</w>
      <t>4834</t>
    </point>
    <point>
      <x>0.51666665</x>
      <y>0.63666666</y>
      <w>0.58162266</w>
      <t>4867</t>
    </point>
    <point>
      <x>0.51666665</x>
      <y>0.6383333</y>
      <w>0.58162266</w>
      <t>4867</t>
    </point>
    <point>
      <x>0.51666665</x>
      <y>0.64</y>
      <w>0.58162266</w>
      <t>4867</t>
    </point>
    <point>
      <x>0.51666665</x>
      <y>0.64166665</y>
      <w>0.58162266</w>
      <t>4867</t>
    </point>
    <point>
      <x>0.51666665</x>
      <y>0.6433333</y>
      <w>0.6041056</w>
      <t>4900</t>
    </point>
    <point>
      <x>0.51666665</x>
      <y>0.645</y>
      <w>0.6041056</w>
      <t>4900</t>
    </point>
    <point>
      <x>0.51666665</x>
      <y>0.64666665</y>
      <w>0.6041056</w>
      <t>4900</t>
    </point>
    <point>
      <x>0.51666665</x>
      <y>0.6483333</y>
      <w>0.61974585</w>
      <t>4934</t>
    </point>
    <point>
      <x>0.51666665</x>
      <y>0.65</y>
      <w>0.61974585</w>
      <t>4934</t>
    </point>
    <point>
      <x>0.51666665</x>
      <y>0.65166664</y>
      <w>0.61974585</w>
      <t>4934</t>
    </point>
    <point>
      <x>0.5183333</x>
      <y>0.655</y>
      <w>0.61974585</w>
      <t>4934</t>
    </point>
    <point>
      <x>0.5183333</x>
      <y>0.6566667</y>
      <w>0.61974585</w>
      <t>4934</t>
    </point>
    <point>
      <x>0.5183333</x>
      <y>0.65833336</y>
      <w>0.629521</w>
      <t>4967</t>
    </point>
    <point>
      <x>0.5183333</x>
      <y>0.66</y>
      <w>0.629521</w>
      <t>4967</t>
    </point>
    <point>
      <x>0.5183333</x>
      <y>0.6616667</y>
      <w>0.629521</w>
      <t>4967</t>
    </point>
    <point>
      <x>0.5183333</x>
      <y>0.66333336</y>
      <w>0.629521</w>
      <t>4967</t>
    </point>
    <point>
      <x>0.5183333</x>
      <y>0.665</y>
      <w>0.6412512</w>
      <t>5000</t>
    </point>
    <point>
      <x>0.5183333</x>
      <y>0.6666667</y>
      <w>0.6412512</w>
      <t>5000</t>
    </point>
    <point>
      <x>0.5183333</x>
      <y>0.67</y>
      <w>0.6412512</w>
      <t>5000</t>
    </point>
    <point>
      <x>0.5183333</x>
      <y>0.6716667</y>
      <w>0.6412512</w>
      <t>5000</t>
    </point>
    <point>
      <x>0.5183333</x>
      <y>0.67333335</y>
      <w>0.6412512</w>
      <t>5000</t>
    </point>
    <point>
      <x>0.5183333</x>
      <y>0.6766667</y>
      <w>0.6412512</w>
      <t>5033</t>
    </point>
    <point>
      <x>0.5183333</x>
      <y>0.67833334</y>
      <w>0.6412512</w>
      <t>5033</t>
    </point>
    <point>
      <x>0.5183333</x>
      <y>0.6816667</y>
      <w>0.6412512</w>
      <t>5033</t>
    </point>
    <point>
      <x>0.5183333</x>
      <y>0.685</y>
      <w>0.6412512</w>
      <t>5033</t>
    </point>
    <point>
      <x>0.5183333</x>
      <y>0.68833333</y>
      <w>0.6412512</w>
      <t>5067</t>
    </point>
    <point>
      <x>0.5183333</x>
      <y>0.69</y>
      <w>0.6412512</w>
      <t>5067</t>
    </point>
    <point>
      <x>0.5183333</x>
      <y>0.6933333</y>
      <w>0.6412512</w>
      <t>5067</t>
    </point>
    <point>
      <x>0.5183333</x>
      <y>0.695</y>
      <w>0.6412512</w>
      <t>5067</t>
    </point>
    <point>
      <x>0.5183333</x>
      <y>0.6983333</y>
      <w>0.6412512</w>
      <t>5067</t>
    </point>
    <point>
      <x>0.5183333</x>
      <y>0.70166665</y>
      <w>0.6412512</w>
      <t>5100</t>
    </point>
    <point>
      <x>0.5183333</x>
      <y>0.705</y>
      <w>0.6412512</w>
      <t>5100</t>
    </point>
    <point>
      <x>0.5183333</x>
      <y>0.70666665</y>
      <w>0.6412512</w>
      <t>5100</t>
    </point>
    <point>
      <x>0.5183333</x>
      <y>0.71</y>
      <w>0.6412512</w>
      <t>5100</t>
    </point>
    <point>
      <x>0.5183333</x>
      <y>0.7133333</y>
      <w>0.6412512</w>
      <t>5134</t>
    </point>
    <point>
      <x>0.5183333</x>
      <y>0.71666664</y>
      <w>0.6412512</w>
      <t>5134</t>
    </point>
    <point>
      <x>0.5183333</x>
      <y>0.72</y>
      <w>0.6412512</w>
      <t>5134</t>
    </point>
    <point>
      <x>0.5183333</x>
      <y>0.7216667</y>
      <w>0.6412512</w>
      <t>5134</t>
    </point>
    <point>
      <x>0.5183333</x>
      <y>0.725</y>
      <w>0.63245356</w>
      <t>5167</t>
    </point>
    <point>
      <x>0.5183333</x>
      <y>0.72833335</y>
      <w>0.63245356</w>
      <t>5167</t>
    </point>
    <point>
      <x>0.5183333</x>
      <y>0.73</y>
      <w>0.63245356</w>
      <t>5167</t>
    </point>
    <point>
      <x>0.5183333</x>
      <y>0.73333335</y>
      <w>0.63245356</w>
      <t>5167</t>
    </point>
    <point>
      <x>0.5183333</x>
      <y>0.7366667</y>
      <w>0.63245356</w>
      <t>5167</t>
    </point>
    <point>
      <x>0.5183333</x>
      <y>0.74</y>
      <w>0.61974585</w>
      <t>5200</t>
    </point>
    <point>
      <x>0.52</x>
      <y>0.74333334</y>
      <w>0.61974585</w>
      <t>5200</t>
    </point>
    <point>
      <x>0.52</x>
      <y>0.74666667</y>
      <w>0.61974585</w>
      <t>5200</t>
    </point>
    <point>
      <x>0.52</x>
      <y>0.74833333</y>
      <w>0.61974585</w>
      <t>5200</t>
    </point>
    <point>
      <x>0.52</x>
      <y>0.75166667</y>
      <w>0.6050831</w>
      <t>5233</t>
    </point>
    <point>
      <x>0.52</x>
      <y>0.755</y>
      <w>0.6050831</w>
      <t>5233</t>
    </point>
    <point>
      <x>0.52</x>
      <y>0.7583333</y>
      <w>0.6050831</w>
      <t>5233</t>
    </point>
    <point>
      <x>0.52</x>
      <y>0.76166666</y>
      <w>0.6050831</w>
      <t>5233</t>
    </point>
    <point>
      <x>0.52</x>
      <y>0.765</y>
      <w>0.6050831</w>
      <t>5233</t>
    </point>
    <point>
      <x>0.52166665</x>
      <y>0.7683333</y>
      <w>0.5786901</w>
      <t>5267</t>
    </point>
    <point>
      <x>0.52166665</x>
      <y>0.77166665</y>
      <w>0.5786901</w>
      <t>5267</t>
    </point>
    <point>
      <x>0.52166665</x>
      <y>0.775</y>
      <w>0.5786901</w>
      <t>5267</t>
    </point>
    <point>
      <x>0.52166665</x>
      <y>0.7783333</y>
      <w>0.5786901</w>
      <t>5267</t>
    </point>
    <point>
      <x>0.52166665</x>
      <y>0.7816667</y>
      <w>0.55620724</w>
      <t>5300</t>
    </point>
    <point>
      <x>0.52166665</x>
      <y>0.785</y>
      <w>0.55620724</w>
      <t>5300</t>
    </point>
    <point>
      <x>0.5233333</x>
      <y>0.7866667</y>
      <w>0.55620724</w>
      <t>5300</t>
    </point>
    <point>
      <x>0.5233333</x>
      <y>0.79</y>
      <w>0.55620724</w>
      <t>5300</t>
    </point>
    <point>
      <x>0.5233333</x>
      <y>0.79333335</y>
      <w>0.55620724</w>
      <t>5300</t>
    </point>
    <point>
      <x>0.5233333</x>
      <y>0.7966667</y>
      <w>0.53763443</w>
      <t>5334</t>
    </point>
    <point>
      <x>0.5233333</x>
      <y>0.79833335</y>
      <w>0.53763443</w>
      <t>5334</t>
    </point>
    <point>
      <x>0.5233333</x>
      <y>0.8016667</y>
      <w>0.53763443</w>
      <t>5334</t>
    </point>
    <point>
      <x>0.5233333</x>
      <y>0.805</y>
      <w>0.53763443</w>
      <t>5334</t>
    </point>
    <point>
      <x>0.5233333</x>
      <y>0.80833334</y>
      <w>0.53274685</w>
      <t>5367</t>
    </point>
    <point>
      <x>0.5233333</x>
      <y>0.81166667</y>
      <w>0.53274685</w>
      <t>5367</t>
    </point>
    <point>
      <x>0.5233333</x>
      <y>0.815</y>
      <w>0.53274685</w>
      <t>5367</t>
    </point>
    <point>
      <x>0.5233333</x>
      <y>0.8183333</y>
      <w>0.53274685</w>
      <t>5367</t>
    </point>
    <point>
      <x>0.5233333</x>
      <y>0.82</y>
      <w>0.53274685</w>
      <t>5367</t>
    </point>
    <point>
      <x>0.5233333</x>
      <y>0.8233333</y>
      <w>0.5034213</w>
      <t>5400</t>
    </point>
    <point>
      <x>0.5233333</x>
      <y>0.82666665</y>
      <w>0.5034213</w>
      <t>5400</t>
    </point>
    <point>
      <x>0.5233333</x>
      <y>0.83</y>
      <w>0.5034213</w>
      <t>5400</t>
    </point>
    <point>
      <x>0.5233333</x>
      <y>0.8333333</y>
      <w>0.5034213</w>
      <t>5400</t>
    </point>
    <point>
      <x>0.5233333</x>
      <y>0.83666664</y>
      <w>0.47898337</w>
      <t>5434</t>
    </point>
    <point>
      <x>0.52166665</x>
      <y>0.8383333</y>
      <w>0.47898337</w>
      <t>5434</t>
    </point>
    <point>
      <x>0.52166665</x>
      <y>0.84166664</y>
      <w>0.47898337</w>
      <t>5434</t>
    </point>
    <point>
      <x>0.52166665</x>
      <y>0.845</y>
      <w>0.47898337</w>
      <t>5435</t>
    </point>
    <point>
      <x>0.52166665</x>
      <y>0.84833336</y>
      <w>0.44183773</w>
      <t>5466</t>
    </point>
    <point>
      <x>0.52166665</x>
      <y>0.8516667</y>
      <w>0.44183773</w>
      <t>5466</t>
    </point>
    <point>
      <x>0.52166665</x>
      <y>0.855</y>
      <w>0.44183773</w>
      <t>5466</t>
    </point>
    <point>
      <x>0.52166665</x>
      <y>0.85833335</y>
      <w>0.44183773</w>
      <t>5466</t>
    </point>
    <point>
      <x>0.52166665</x>
      <y>0.8616667</y>
      <w>0.44183773</w>
      <t>5467</t>
    </point>
    <point>
      <x>0.52166665</x>
      <y>0.865</y>
      <w>0.42521995</w>
      <t>5500</t>
    </point>
    <point>
      <x>0.52</x>
      <y>0.8666667</y>
      <w>0.42521995</w>
      <t>5500</t>
    </point>
    <point>
      <x>0.52</x>
      <y>0.87</y>
      <w>0.42521995</w>
      <t>5500</t>
    </point>
    <point>
      <x>0.52</x>
      <y>0.87333333</y>
      <w>0.42521995</w>
      <t>5500</t>
    </point>
    <point>
      <x>0.52</x>
      <y>0.87666667</y>
      <w>0.39589444</w>
      <t>5534</t>
    </point>
    <point>
      <x>0.52</x>
      <y>0.88</y>
      <w>0.39589444</w>
      <t>5534</t>
    </point>
    <point>
      <x>0.52</x>
      <y>0.8833333</y>
      <w>0.39589444</w>
      <t>5534</t>
    </point>
    <point>
      <x>0.52</x>
      <y>0.88666666</y>
      <w>0.39589444</w>
      <t>5534</t>
    </point>
    <point>
      <x>0.52</x>
      <y>0.89</y>
      <w>0.39589444</w>
      <t>5534</t>
    </point>
    <point>
      <x>0.5183333</x>
      <y>0.8933333</y>
      <w>0.30400783</w>
      <t>5567</t>
    </point>
    <point>
      <x>0.5183333</x>
      <y>0.89666665</y>
      <w>0.30400783</w>
      <t>5567</t>
    </point>
    <point>
      <x>0.5183333</x>
      <y>0.9</y>
      <w>0.30400783</w>
      <t>5567</t>
    </point>
    <point>
      <x>0.51666665</x>
      <y>0.9033333</y>
      <w>0.30400783</w>
      <t>5567</t>
    </point>
    <point>
      <x>0.51666665</x>
      <y>0.9066667</y>
      <w>0.28347996</w>
      <t>5600</t>
    </point>
    <point>
      <x>0.51666665</x>
      <y>0.91</y>
      <w>0.28347996</w>
      <t>5600</t>
    </point>
    <point>
      <x>0.515</x>
      <y>0.91333336</y>
      <w>0.28347996</w>
      <t>5600</t>
    </point>
    <point>
      <x>0.515</x>
      <y>0.9166667</y>
      <w>0.28347996</w>
      <t>5600</t>
    </point>
    <point>
      <x>0.515</x>
      <y>0.92</y>
      <w>0.28347996</w>
      <t>5600</t>
    </point>
    <point>
      <x>0.5133333</x>
      <y>0.92333335</y>
      <w>0.26881722</w>
      <t>5633</t>
    </point>
    <point>
      <x>0.5133333</x>
      <y>0.9266667</y>
      <w>0.26881722</w>
      <t>5633</t>
    </point>
    <point>
      <x>0.51166666</x>
      <y>0.93</y>
      <w>0.26881722</w>
      <t>5633</t>
    </point>
    <point>
      <x>0.51</x>
      <y>0.9316667</y>
      <w>0.26881722</w>
      <t>5633</t>
    </point>
    <point>
      <x>0.51</x>
      <y>0.93666667</y>
      <w>0.0</w>
      <t>5667</t>
    </point>
    <point>
      <x>0.5083333</x>
      <y>0.94</y>
      <w>0.0</w>
      <t>5667</t>
    </point>
  </stroke>
</character>
