<?xml version="1.0" encoding="UTF-8"?>
<character>
  <stroke time="0">
    <point>
      <x>0.23833333</x>
      <y>0.33333334</y>
      <w>0.13391985</w>
      <t>4</t>
    </point>
    <point>
      <x>0.24</x>
      <y>0.33333334</y>
      <w>0.13391985</w>
      <t>5</t>
    </point>
    <point>
      <x>0.24166666</x>
      <y>0.33333334</y>
      <w>0.13391985</w>
      <t>5</t>
    </point>
    <point>
      <x>0.24333334</x>
      <y>0.335</y>
      <w>0.24340177</w>
      <t>33</t>
    </point>
    <point>
      <x>0.245</x>
      <y>0.335</y>
      <w>0.24340177</w>
      <t>33</t>
    </point>
    <point>
      <x>0.24666667</x>
      <y>0.335</y>
      <w>0.24340177</w>
      <t>33</t>
    </point>
    <point>
      <x>0.24833333</x>
      <y>0.33666667</y>
      <w>0.33333334</w>
      <t>66</t>
    </point>
    <point>
      <x>0.25</x>
      <y>0.33666667</y>
      <w>0.33333334</w>
      <t>66</t>
    </point>
    <point>
      <x>0.25</x>
      <y>0.33833334</y>
      <w>0.33333334</w>
      <t>66</t>
    </point>
    <point>
      <x>0.25166667</x>
      <y>0.33833334</y>
      <w>0.33333334</w>
      <t>67</t>
    </point>
    <point>
      <x>0.25333333</x>
      <y>0.34</y>
      <w>0.33333334</w>
      <t>67</t>
    </point>
    <point>
      <x>0.255</x>
      <y>0.34</y>
      <w>0.40371457</w>
      <t>100</t>
    </point>
    <point>
      <x>0.255</x>
      <y>0.34166667</y>
      <w>0.40371457</w>
      <t>100</t>
    </point>
    <point>
      <x>0.25666666</x>
      <y>0.34166667</y>
      <w>0.40371457</w>
      <t>100</t>
    </point>
    <point>
      <x>0.25666666</x>
      <y>0.34333333</y>
      <w>0.40371457</w>
      <t>101</t>
    </point>
    <point>
      <x>0.25833333</x>
      <y>0.34333333</y>
      <w>0.49560118</w>
      <t>133</t>
    </point>
    <point>
      <x>0.25833333</x>
      <y>0.345</y>
      <w>0.49560118</w>
      <t>133</t>
    </point>
    <point>
      <x>0.26</x>
      <y>0.345</y>
      <w>0.49560118</w>
      <t>133</t>
    </point>
    <point>
      <x>0.26166666</x>
      <y>0.345</y>
      <w>0.49560118</w>
      <t>134</t>
    </point>
    <point>
      <x>0.26166666</x>
      <y>0.34666666</y>
      <w>0.54545456</w>
      <t>166</t>
    </point>
    <point>
      <x>0.26333332</x>
      <y>0.34666666</y>
      <w>0.54545456</w>
      <t>168</t>
    </point>
    <point>
      <x>0.265</x>
      <y>0.34666666</y>
      <w>0.54545456</w>
      <t>168</t>
    </point>
    <point>
      <x>0.26666668</x>
      <y>0.34666666</y>
      <w>0.54545456</w>
      <t>168</t>
    </point>
    <point>
      <x>0.26833335</x>
      <y>0.34666666</y>
      <w>0.6060606</w>
      <t>199</t>
    </point>
    <point>
      <x>0.27</x>
      <y>0.34833333</y>
      <w>0.6060606</w>
      <t>199</t>
    </point>
    <point>
      <x>0.27166668</x>
      <y>0.34833333</y>
      <w>0.6060606</w>
      <t>199</t>
    </point>
    <point>
      <x>0.27333334</x>
      <y>0.34833333</y>
      <w>0.6060606</w>
      <t>200</t>
    </point>
    <point>
      <x>0.275</x>
      <y>0.34833333</y>
      <w>0.6060606</w>
      <t>200</t>
    </point>
    <point>
      <x>0.27666667</x>
      <y>0.34833333</y>
      <w>0.6353861</w>
      <t>233</t>
    </point>
    <point>
      <x>0.27833334</x>
      <y>0.34833333</y>
      <w>0.6353861</w>
      <t>233</t>
    </point>
    <point>
      <x>0.28</x>
      <y>0.34833333</y>
      <w>0.6353861</w>
      <t>233</t>
    </point>
    <point>
      <x>0.28166667</x>
      <y>0.34833333</y>
      <w>0.67057675</w>
      <t>266</t>
    </point>
    <point>
      <x>0.28333333</x>
      <y>0.34833333</y>
      <w>0.70674485</w>
      <t>300</t>
    </point>
    <point>
      <x>0.285</x>
      <y>0.34833333</y>
      <w>0.70674485</w>
      <t>300</t>
    </point>
    <point>
      <x>0.28666666</x>
      <y>0.34833333</y>
      <w>0.73313785</w>
      <t>333</t>
    </point>
    <point>
      <x>0.28833333</x>
      <y>0.34833333</y>
      <w>0.7468231</w>
      <t>367</t>
    </point>
    <point>
      <x>0.29</x>
      <y>0.34666666</y>
      <w>0.7468231</w>
      <t>367</t>
    </point>
    <point>
      <x>0.29166666</x>
      <y>0.34666666</y>
      <w>0.7468231</w>
      <t>367</t>
    </point>
    <point>
      <x>0.29333332</x>
      <y>0.34666666</y>
      <w>0.7468231</w>
      <t>368</t>
    </point>
    <point>
      <x>0.29666665</x>
      <y>0.345</y>
      <w>0.75073314</w>
      <t>399</t>
    </point>
    <point>
      <x>0.29833335</x>
      <y>0.345</y>
      <w>0.75073314</w>
      <t>399</t>
    </point>
    <point>
      <x>0.3</x>
      <y>0.34333333</y>
      <w>0.75073314</w>
      <t>399</t>
    </point>
    <point>
      <x>0.30333334</x>
      <y>0.34333333</y>
      <w>0.75073314</w>
      <t>400</t>
    </point>
    <point>
      <x>0.305</x>
      <y>0.34166667</y>
      <w>0.7546432</w>
      <t>433</t>
    </point>
    <point>
      <x>0.30833334</x>
      <y>0.34166667</y>
      <w>0.7546432</w>
      <t>433</t>
    </point>
    <point>
      <x>0.31166667</x>
      <y>0.34</y>
      <w>0.7546432</w>
      <t>433</t>
    </point>
    <point>
      <x>0.31333333</x>
      <y>0.33833334</y>
      <w>0.7546432</w>
      <t>434</t>
    </point>
    <point>
      <x>0.31666666</x>
      <y>0.33666667</y>
      <w>0.7546432</w>
      <t>434</t>
    </point>
    <point>
      <x>0.32</x>
      <y>0.335</y>
      <w>0.7556207</w>
      <t>466</t>
    </point>
    <point>
      <x>0.32333332</x>
      <y>0.33333334</y>
      <w>0.7556207</w>
      <t>466</t>
    </point>
    <point>
      <x>0.32666665</x>
      <y>0.33166668</y>
      <w>0.7556207</w>
      <t>466</t>
    </point>
    <point>
      <x>0.33166668</x>
      <y>0.33</y>
      <w>0.7556207</w>
      <t>466</t>
    </point>
    <point>
      <x>0.335</x>
      <y>0.32666665</y>
      <w>0.7605083</w>
      <t>499</t>
    </point>
    <point>
      <x>0.33833334</x>
      <y>0.325</y>
      <w>0.7605083</w>
      <t>499</t>
    </point>
    <point>
      <x>0.34333333</x>
      <y>0.32166666</y>
      <w>0.7605083</w>
      <t>499</t>
    </point>
    <point>
      <x>0.34833333</x>
      <y>0.32</y>
      <w>0.7605083</w>
      <t>500</t>
    </point>
    <point>
      <x>0.35333332</x>
      <y>0.31666666</y>
      <w>0.7605083</w>
      <t>500</t>
    </point>
    <point>
      <x>0.35833332</x>
      <y>0.315</y>
      <w>0.76344085</w>
      <t>533</t>
    </point>
    <point>
      <x>0.36333334</x>
      <y>0.31166667</y>
      <w>0.76344085</w>
      <t>533</t>
    </point>
    <point>
      <x>0.37</x>
      <y>0.31</y>
      <w>0.76344085</w>
      <t>533</t>
    </point>
    <point>
      <x>0.375</x>
      <y>0.30666667</y>
      <w>0.76344085</w>
      <t>534</t>
    </point>
    <point>
      <x>0.38166666</x>
      <y>0.305</y>
      <w>0.76441836</w>
      <t>566</t>
    </point>
    <point>
      <x>0.38833332</x>
      <y>0.30166668</y>
      <w>0.76441836</w>
      <t>566</t>
    </point>
    <point>
      <x>0.395</x>
      <y>0.29833335</y>
      <w>0.76441836</w>
      <t>566</t>
    </point>
    <point>
      <x>0.40333334</x>
      <y>0.295</y>
      <w>0.76441836</w>
      <t>566</t>
    </point>
    <point>
      <x>0.41166666</x>
      <y>0.29166666</y>
      <w>0.7605083</w>
      <t>599</t>
    </point>
    <point>
      <x>0.42</x>
      <y>0.28833333</y>
      <w>0.7605083</w>
      <t>599</t>
    </point>
    <point>
      <x>0.42833334</x>
      <y>0.285</y>
      <w>0.7605083</w>
      <t>599</t>
    </point>
    <point>
      <x>0.43666667</x>
      <y>0.28</y>
      <w>0.7605083</w>
      <t>599</t>
    </point>
    <point>
      <x>0.44666666</x>
      <y>0.27666667</y>
      <w>0.7605083</w>
      <t>600</t>
    </point>
    <point>
      <x>0.455</x>
      <y>0.27166668</y>
      <w>0.7595308</w>
      <t>633</t>
    </point>
    <point>
      <x>0.465</x>
      <y>0.26833335</y>
      <w>0.7595308</w>
      <t>633</t>
    </point>
    <point>
      <x>0.475</x>
      <y>0.26333332</y>
      <w>0.7595308</w>
      <t>633</t>
    </point>
    <point>
      <x>0.485</x>
      <y>0.26</y>
      <w>0.7595308</w>
      <t>633</t>
    </point>
    <point>
      <x>0.495</x>
      <y>0.255</y>
      <w>0.76344085</w>
      <t>666</t>
    </point>
    <point>
      <x>0.505</x>
      <y>0.25166667</y>
      <w>0.76344085</w>
      <t>666</t>
    </point>
    <point>
      <x>0.51666665</x>
      <y>0.24833333</y>
      <w>0.76344085</w>
      <t>666</t>
    </point>
    <point>
      <x>0.52666664</x>
      <y>0.245</y>
      <w>0.76344085</w>
      <t>667</t>
    </point>
    <point>
      <x>0.5366667</x>
      <y>0.24166666</y>
      <w>0.76344085</w>
      <t>667</t>
    </point>
    <point>
      <x>0.5466667</x>
      <y>0.23833333</y>
      <w>0.7614858</w>
      <t>699</t>
    </point>
    <point>
      <x>0.5566667</x>
      <y>0.235</y>
      <w>0.7614858</w>
      <t>700</t>
    </point>
    <point>
      <x>0.565</x>
      <y>0.23333333</y>
      <w>0.7614858</w>
      <t>700</t>
    </point>
    <point>
      <x>0.575</x>
      <y>0.23166667</y>
      <w>0.7614858</w>
      <t>700</t>
    </point>
    <point>
      <x>0.5833333</x>
      <y>0.22833334</y>
      <w>0.7595308</w>
      <t>733</t>
    </point>
    <point>
      <x>0.59</x>
      <y>0.22833334</y>
      <w>0.7595308</w>
      <t>735</t>
    </point>
    <point>
      <x>0.59833336</x>
      <y>0.22666667</y>
      <w>0.7595308</w>
      <t>735</t>
    </point>
    <point>
      <x>0.605</x>
      <y>0.225</y>
      <w>0.7595308</w>
      <t>735</t>
    </point>
    <point>
      <x>0.61</x>
      <y>0.22333333</y>
      <w>0.7595308</w>
      <t>735</t>
    </point>
    <point>
      <x>0.615</x>
      <y>0.22333333</y>
      <w>0.7605083</w>
      <t>766</t>
    </point>
    <point>
      <x>0.62</x>
      <y>0.22333333</y>
      <w>0.7605083</w>
      <t>766</t>
    </point>
    <point>
      <x>0.62333333</x>
      <y>0.22166666</y>
      <w>0.7605083</w>
      <t>766</t>
    </point>
    <point>
      <x>0.62833333</x>
      <y>0.22166666</y>
      <w>0.7605083</w>
      <t>766</t>
    </point>
    <point>
      <x>0.63166666</x>
      <y>0.22166666</y>
      <w>0.7614858</w>
      <t>800</t>
    </point>
    <point>
      <x>0.635</x>
      <y>0.22166666</y>
      <w>0.7614858</w>
      <t>800</t>
    </point>
    <point>
      <x>0.6383333</x>
      <y>0.22166666</y>
      <w>0.7614858</w>
      <t>800</t>
    </point>
    <point>
      <x>0.64166665</x>
      <y>0.22166666</y>
      <w>0.7614858</w>
      <t>800</t>
    </point>
    <point>
      <x>0.645</x>
      <y>0.22166666</y>
      <w>0.7614858</w>
      <t>800</t>
    </point>
    <point>
      <x>0.6483333</x>
      <y>0.22166666</y>
      <w>0.7653959</w>
      <t>833</t>
    </point>
    <point>
      <x>0.65</x>
      <y>0.22166666</y>
      <w>0.7653959</w>
      <t>833</t>
    </point>
    <point>
      <x>0.6533333</x>
      <y>0.22333333</y>
      <w>0.7653959</w>
      <t>833</t>
    </point>
    <point>
      <x>0.6566667</x>
      <y>0.22333333</y>
      <w>0.7653959</w>
      <t>833</t>
    </point>
    <point>
      <x>0.65833336</x>
      <y>0.225</y>
      <w>0.78396875</w>
      <t>866</t>
    </point>
    <point>
      <x>0.6616667</x>
      <y>0.225</y>
      <w>0.78396875</w>
      <t>866</t>
    </point>
    <point>
      <x>0.66333336</x>
      <y>0.225</y>
      <w>0.78396875</w>
      <t>866</t>
    </point>
    <point>
      <x>0.6666667</x>
      <y>0.22666667</y>
      <w>0.78396875</w>
      <t>866</t>
    </point>
    <point>
      <x>0.66833335</x>
      <y>0.22666667</y>
      <w>0.7986315</w>
      <t>899</t>
    </point>
    <point>
      <x>0.67</x>
      <y>0.22833334</y>
      <w>0.7986315</w>
      <t>899</t>
    </point>
    <point>
      <x>0.67333335</x>
      <y>0.23</y>
      <w>0.7986315</w>
      <t>899</t>
    </point>
    <point>
      <x>0.675</x>
      <y>0.23</y>
      <w>0.7986315</w>
      <t>899</t>
    </point>
    <point>
      <x>0.6766667</x>
      <y>0.23166667</y>
      <w>0.7986315</w>
      <t>899</t>
    </point>
    <point>
      <x>0.67833334</x>
      <y>0.23333333</y>
      <w>0.8123167</w>
      <t>933</t>
    </point>
    <point>
      <x>0.68</x>
      <y>0.23333333</y>
      <w>0.8123167</w>
      <t>933</t>
    </point>
    <point>
      <x>0.68</x>
      <y>0.235</y>
      <w>0.8123167</w>
      <t>933</t>
    </point>
    <point>
      <x>0.6816667</x>
      <y>0.23666666</y>
      <w>0.8123167</w>
      <t>933</t>
    </point>
    <point>
      <x>0.68333334</x>
      <y>0.23666666</y>
      <w>0.8181818</w>
      <t>966</t>
    </point>
    <point>
      <x>0.68333334</x>
      <y>0.23833333</y>
      <w>0.8181818</w>
      <t>966</t>
    </point>
    <point>
      <x>0.685</x>
      <y>0.24</y>
      <w>0.8181818</w>
      <t>966</t>
    </point>
    <point>
      <x>0.68666667</x>
      <y>0.24</y>
      <w>0.8181818</w>
      <t>966</t>
    </point>
    <point>
      <x>0.68666667</x>
      <y>0.24166666</y>
      <w>0.8181818</w>
      <t>967</t>
    </point>
    <point>
      <x>0.68833333</x>
      <y>0.24333334</y>
      <w>0.8191593</w>
      <t>999</t>
    </point>
    <point>
      <x>0.69</x>
      <y>0.245</y>
      <w>0.8191593</w>
      <t>999</t>
    </point>
    <point>
      <x>0.69</x>
      <y>0.24666667</y>
      <w>0.8191593</w>
      <t>1033</t>
    </point>
    <point>
      <x>0.69166666</x>
      <y>0.24666667</y>
      <w>0.8191593</w>
      <t>1033</t>
    </point>
    <point>
      <x>0.69166666</x>
      <y>0.24833333</y>
      <w>0.8181818</w>
      <t>1067</t>
    </point>
    <point>
      <x>0.69166666</x>
      <y>0.25</y>
      <w>0.8181818</w>
      <t>1067</t>
    </point>
    <point>
      <x>0.69166666</x>
      <y>0.25166667</y>
      <w>0.8172043</w>
      <t>1099</t>
    </point>
    <point>
      <x>0.69166666</x>
      <y>0.25333333</y>
      <w>0.8172043</w>
      <t>1099</t>
    </point>
    <point>
      <x>0.69166666</x>
      <y>0.255</y>
      <w>0.8064516</w>
      <t>1133</t>
    </point>
    <point>
      <x>0.69166666</x>
      <y>0.25666666</y>
      <w>0.8064516</w>
      <t>1133</t>
    </point>
    <point>
      <x>0.69166666</x>
      <y>0.25833333</y>
      <w>0.8064516</w>
      <t>1133</t>
    </point>
    <point>
      <x>0.69166666</x>
      <y>0.26</y>
      <w>0.7741935</w>
      <t>1166</t>
    </point>
    <point>
      <x>0.69166666</x>
      <y>0.26166666</y>
      <w>0.7741935</w>
      <t>1166</t>
    </point>
    <point>
      <x>0.69</x>
      <y>0.26333332</y>
      <w>0.7741935</w>
      <t>1166</t>
    </point>
    <point>
      <x>0.69</x>
      <y>0.265</y>
      <w>0.7741935</w>
      <t>1166</t>
    </point>
    <point>
      <x>0.68833333</x>
      <y>0.26666668</y>
      <w>0.72727275</w>
      <t>1199</t>
    </point>
    <point>
      <x>0.68666667</x>
      <y>0.26833335</y>
      <w>0.72727275</w>
      <t>1199</t>
    </point>
    <point>
      <x>0.68666667</x>
      <y>0.27</y>
      <w>0.72727275</w>
      <t>1199</t>
    </point>
    <point>
      <x>0.685</x>
      <y>0.27166668</y>
      <w>0.72727275</w>
      <t>1199</t>
    </point>
    <point>
      <x>0.6816667</x>
      <y>0.275</y>
      <w>0.72727275</w>
      <t>1199</t>
    </point>
    <point>
      <x>0.68</x>
      <y>0.27666667</y>
      <w>0.6813294</w>
      <t>1233</t>
    </point>
    <point>
      <x>0.67833334</x>
      <y>0.27833334</y>
      <w>0.6813294</w>
      <t>1233</t>
    </point>
    <point>
      <x>0.675</x>
      <y>0.28166667</y>
      <w>0.6813294</w>
      <t>1233</t>
    </point>
    <point>
      <x>0.6716667</x>
      <y>0.28333333</y>
      <w>0.6813294</w>
      <t>1233</t>
    </point>
    <point>
      <x>0.67</x>
      <y>0.285</y>
      <w>0.6217009</w>
      <t>1266</t>
    </point>
    <point>
      <x>0.6666667</x>
      <y>0.28666666</y>
      <w>0.6217009</w>
      <t>1266</t>
    </point>
    <point>
      <x>0.665</x>
      <y>0.28833333</y>
      <w>0.6217009</w>
      <t>1266</t>
    </point>
    <point>
      <x>0.6616667</x>
      <y>0.29</y>
      <w>0.6217009</w>
      <t>1266</t>
    </point>
    <point>
      <x>0.66</x>
      <y>0.29166666</y>
      <w>0.6217009</w>
      <t>1266</t>
    </point>
    <point>
      <x>0.65833336</x>
      <y>0.29333332</y>
      <w>0.5669599</w>
      <t>1300</t>
    </point>
    <point>
      <x>0.6566667</x>
      <y>0.295</y>
      <w>0.5669599</w>
      <t>1300</t>
    </point>
    <point>
      <x>0.655</x>
      <y>0.29666665</y>
      <w>0.5669599</w>
      <t>1300</t>
    </point>
    <point>
      <x>0.6533333</x>
      <y>0.29833335</y>
      <w>0.5669599</w>
      <t>1300</t>
    </point>
    <point>
      <x>0.65</x>
      <y>0.3</y>
      <w>0.48582602</w>
      <t>1333</t>
    </point>
    <point>
      <x>0.6483333</x>
      <y>0.30166668</y>
      <w>0.48582602</w>
      <t>1333</t>
    </point>
    <point>
      <x>0.64666665</x>
      <y>0.30333334</y>
      <w>0.48582602</w>
      <t>1333</t>
    </point>
    <point>
      <x>0.6433333</x>
      <y>0.305</y>
      <w>0.48582602</w>
      <t>1333</t>
    </point>
    <point>
      <x>0.64166665</x>
      <y>0.30666667</y>
      <w>0.48582602</w>
      <t>1333</t>
    </point>
    <point>
      <x>0.64</x>
      <y>0.30833334</y>
      <w>0.32551318</w>
      <t>1366</t>
    </point>
    <point>
      <x>0.63666666</x>
      <y>0.31</y>
      <w>0.32551318</w>
      <t>1366</t>
    </point>
    <point>
      <x>0.6333333</x>
      <y>0.31166667</y>
      <w>0.32551318</w>
      <t>1366</t>
    </point>
    <point>
      <x>0.63166666</x>
      <y>0.315</y>
      <w>0.32551318</w>
      <t>1366</t>
    </point>
    <point>
      <x>0.62833333</x>
      <y>0.31666666</y>
      <w>0.18377322</w>
      <t>1400</t>
    </point>
    <point>
      <x>0.625</x>
      <y>0.31833333</y>
      <w>0.18377322</w>
      <t>1400</t>
    </point>
    <point>
      <x>0.62</x>
      <y>0.32</y>
      <w>0.18377322</w>
      <t>1400</t>
    </point>
    <point>
      <x>0.6166667</x>
      <y>0.32166666</y>
      <w>0.18377322</w>
      <t>1400</t>
    </point>
    <point>
      <x>0.6116667</x>
      <y>0.325</y>
      <w>0.18377322</w>
      <t>1400</t>
    </point>
    <point>
      <x>0.60833335</x>
      <y>0.32666665</y>
      <w>0.038123168</w>
      <t>1433</t>
    </point>
    <point>
      <x>0.60333335</x>
      <y>0.32833335</y>
      <w>0.038123168</w>
      <t>1433</t>
    </point>
    <point>
      <x>0.6</x>
      <y>0.32833335</y>
      <w>0.038123168</w>
      <t>1433</t>
    </point>
  </stroke>
  <stroke time="2133">
    <point>
      <x>0.395</x>
      <y>0.15</y>
      <w>0.10361681</w>
      <t>2166</t>
    </point>
    <point>
      <x>0.39666668</x>
      <y>0.15166667</y>
      <w>0.10361681</w>
      <t>2166</t>
    </point>
    <point>
      <x>0.39833334</x>
      <y>0.15333334</y>
      <w>0.10361681</w>
      <t>2166</t>
    </point>
    <point>
      <x>0.4</x>
      <y>0.15333334</y>
      <w>0.10361681</w>
      <t>2166</t>
    </point>
    <point>
      <x>0.40166667</x>
      <y>0.155</y>
      <w>0.10361681</w>
      <t>2166</t>
    </point>
    <point>
      <x>0.40333334</x>
      <y>0.155</y>
      <w>0.27174976</w>
      <t>2200</t>
    </point>
    <point>
      <x>0.405</x>
      <y>0.15666667</y>
      <w>0.27174976</w>
      <t>2200</t>
    </point>
    <point>
      <x>0.40666667</x>
      <y>0.15833333</y>
      <w>0.27174976</w>
      <t>2200</t>
    </point>
    <point>
      <x>0.40833333</x>
      <y>0.16</y>
      <w>0.27174976</w>
      <t>2200</t>
    </point>
    <point>
      <x>0.41</x>
      <y>0.16166666</y>
      <w>0.36265886</w>
      <t>2233</t>
    </point>
    <point>
      <x>0.41166666</x>
      <y>0.16333333</y>
      <w>0.36265886</w>
      <t>2233</t>
    </point>
    <point>
      <x>0.41333333</x>
      <y>0.16666667</y>
      <w>0.36265886</w>
      <t>2233</t>
    </point>
    <point>
      <x>0.415</x>
      <y>0.16833334</y>
      <w>0.36265886</w>
      <t>2233</t>
    </point>
    <point>
      <x>0.41666666</x>
      <y>0.17</y>
      <w>0.41055718</w>
      <t>2267</t>
    </point>
    <point>
      <x>0.41833332</x>
      <y>0.17166667</y>
      <w>0.41055718</w>
      <t>2267</t>
    </point>
    <point>
      <x>0.42</x>
      <y>0.175</y>
      <w>0.41055718</w>
      <t>2267</t>
    </point>
    <point>
      <x>0.42</x>
      <y>0.17666666</y>
      <w>0.41055718</w>
      <t>2267</t>
    </point>
    <point>
      <x>0.42166665</x>
      <y>0.17833333</y>
      <w>0.47311828</w>
      <t>2300</t>
    </point>
    <point>
      <x>0.42166665</x>
      <y>0.18166667</y>
      <w>0.47311828</w>
      <t>2300</t>
    </point>
    <point>
      <x>0.42333335</x>
      <y>0.18333334</y>
      <w>0.47311828</w>
      <t>2300</t>
    </point>
    <point>
      <x>0.42333335</x>
      <y>0.185</y>
      <w>0.47311828</w>
      <t>2300</t>
    </point>
    <point>
      <x>0.425</x>
      <y>0.18666667</y>
      <w>0.47311828</w>
      <t>2300</t>
    </point>
    <point>
      <x>0.425</x>
      <y>0.19</y>
      <w>0.55620724</w>
      <t>2333</t>
    </point>
    <point>
      <x>0.42666668</x>
      <y>0.19333333</y>
      <w>0.55620724</w>
      <t>2333</t>
    </point>
    <point>
      <x>0.42666668</x>
      <y>0.19666667</y>
      <w>0.55620724</w>
      <t>2333</t>
    </point>
    <point>
      <x>0.42833334</x>
      <y>0.2</y>
      <w>0.55620724</w>
      <t>2333</t>
    </point>
    <point>
      <x>0.43</x>
      <y>0.20333333</y>
      <w>0.5982405</w>
      <t>2366</t>
    </point>
    <point>
      <x>0.43</x>
      <y>0.20666666</y>
      <w>0.5982405</w>
      <t>2366</t>
    </point>
    <point>
      <x>0.43</x>
      <y>0.21</y>
      <w>0.5982405</w>
      <t>2366</t>
    </point>
    <point>
      <x>0.43166667</x>
      <y>0.21333334</y>
      <w>0.5982405</w>
      <t>2366</t>
    </point>
    <point>
      <x>0.43166667</x>
      <y>0.21666667</y>
      <w>0.6412512</w>
      <t>2400</t>
    </point>
    <point>
      <x>0.43166667</x>
      <y>0.22</y>
      <w>0.6412512</w>
      <t>2400</t>
    </point>
    <point>
      <x>0.43166667</x>
      <y>0.22333333</y>
      <w>0.6412512</w>
      <t>2400</t>
    </point>
    <point>
      <x>0.43166667</x>
      <y>0.225</y>
      <w>0.6412512</w>
      <t>2400</t>
    </point>
    <point>
      <x>0.43166667</x>
      <y>0.22833334</y>
      <w>0.6412512</w>
      <t>2400</t>
    </point>
    <point>
      <x>0.43166667</x>
      <y>0.23166667</y>
      <w>0.6852395</w>
      <t>2433</t>
    </point>
    <point>
      <x>0.43166667</x>
      <y>0.235</y>
      <w>0.6852395</w>
      <t>2433</t>
    </point>
    <point>
      <x>0.43166667</x>
      <y>0.23833333</y>
      <w>0.6852395</w>
      <t>2433</t>
    </point>
    <point>
      <x>0.43166667</x>
      <y>0.24333334</y>
      <w>0.6852395</w>
      <t>2433</t>
    </point>
    <point>
      <x>0.43166667</x>
      <y>0.24666667</y>
      <w>0.7155425</w>
      <t>2466</t>
    </point>
    <point>
      <x>0.43166667</x>
      <y>0.25166667</y>
      <w>0.7155425</w>
      <t>2466</t>
    </point>
    <point>
      <x>0.43166667</x>
      <y>0.25666666</y>
      <w>0.7155425</w>
      <t>2466</t>
    </point>
    <point>
      <x>0.43166667</x>
      <y>0.26166666</y>
      <w>0.7155425</w>
      <t>2466</t>
    </point>
    <point>
      <x>0.43166667</x>
      <y>0.26666668</y>
      <w>0.7155425</w>
      <t>2466</t>
    </point>
    <point>
      <x>0.43166667</x>
      <y>0.27166668</y>
      <w>0.76246333</w>
      <t>2500</t>
    </point>
    <point>
      <x>0.43166667</x>
      <y>0.27833334</y>
      <w>0.76246333</w>
      <t>2500</t>
    </point>
    <point>
      <x>0.43166667</x>
      <y>0.28333333</y>
      <w>0.76246333</w>
      <t>2500</t>
    </point>
    <point>
      <x>0.43</x>
      <y>0.28833333</y>
      <w>0.76246333</w>
      <t>2500</t>
    </point>
    <point>
      <x>0.43</x>
      <y>0.29333332</y>
      <w>0.7878788</w>
      <t>2533</t>
    </point>
    <point>
      <x>0.42833334</x>
      <y>0.29833335</y>
      <w>0.7878788</w>
      <t>2533</t>
    </point>
    <point>
      <x>0.42833334</x>
      <y>0.305</y>
      <w>0.7878788</w>
      <t>2533</t>
    </point>
    <point>
      <x>0.42833334</x>
      <y>0.31</y>
      <w>0.7878788</w>
      <t>2533</t>
    </point>
    <point>
      <x>0.42833334</x>
      <y>0.31666666</y>
      <w>0.7878788</w>
      <t>2533</t>
    </point>
    <point>
      <x>0.42666668</x>
      <y>0.325</y>
      <w>0.8064516</w>
      <t>2566</t>
    </point>
    <point>
      <x>0.42666668</x>
      <y>0.33333334</y>
      <w>0.8064516</w>
      <t>2566</t>
    </point>
    <point>
      <x>0.42666668</x>
      <y>0.34166667</y>
      <w>0.8064516</w>
      <t>2566</t>
    </point>
    <point>
      <x>0.425</x>
      <y>0.35</y>
      <w>0.8064516</w>
      <t>2566</t>
    </point>
    <point>
      <x>0.425</x>
      <y>0.35833332</y>
      <w>0.8347996</w>
      <t>2600</t>
    </point>
    <point>
      <x>0.42333335</x>
      <y>0.36666667</y>
      <w>0.8347996</w>
      <t>2600</t>
    </point>
    <point>
      <x>0.42333335</x>
      <y>0.37666667</y>
      <w>0.8347996</w>
      <t>2600</t>
    </point>
    <point>
      <x>0.42166665</x>
      <y>0.385</y>
      <w>0.8347996</w>
      <t>2600</t>
    </point>
    <point>
      <x>0.42166665</x>
      <y>0.39333335</y>
      <w>0.8347996</w>
      <t>2600</t>
    </point>
    <point>
      <x>0.42166665</x>
      <y>0.4</y>
      <w>0.8553275</w>
      <t>2633</t>
    </point>
    <point>
      <x>0.42</x>
      <y>0.41</y>
      <w>0.8553275</w>
      <t>2633</t>
    </point>
    <point>
      <x>0.41833332</x>
      <y>0.41833332</y>
      <w>0.8553275</w>
      <t>2633</t>
    </point>
    <point>
      <x>0.41833332</x>
      <y>0.43</y>
      <w>0.8553275</w>
      <t>2633</t>
    </point>
    <point>
      <x>0.41666666</x>
      <y>0.44166666</y>
      <w>0.87781036</w>
      <t>2666</t>
    </point>
    <point>
      <x>0.415</x>
      <y>0.455</y>
      <w>0.87781036</w>
      <t>2666</t>
    </point>
    <point>
      <x>0.41333333</x>
      <y>0.46833333</y>
      <w>0.87781036</w>
      <t>2666</t>
    </point>
    <point>
      <x>0.41166666</x>
      <y>0.48333332</y>
      <w>0.87781036</w>
      <t>2666</t>
    </point>
    <point>
      <x>0.41</x>
      <y>0.49833333</y>
      <w>0.88269794</w>
      <t>2700</t>
    </point>
    <point>
      <x>0.40833333</x>
      <y>0.5133333</y>
      <w>0.88269794</w>
      <t>2700</t>
    </point>
    <point>
      <x>0.40666667</x>
      <y>0.5283333</y>
      <w>0.88269794</w>
      <t>2700</t>
    </point>
    <point>
      <x>0.40666667</x>
      <y>0.54333335</y>
      <w>0.88269794</w>
      <t>2700</t>
    </point>
    <point>
      <x>0.405</x>
      <y>0.55833334</y>
      <w>0.88269794</w>
      <t>2700</t>
    </point>
    <point>
      <x>0.405</x>
      <y>0.57166666</y>
      <w>0.884653</w>
      <t>2733</t>
    </point>
    <point>
      <x>0.405</x>
      <y>0.58666664</y>
      <w>0.884653</w>
      <t>2733</t>
    </point>
    <point>
      <x>0.405</x>
      <y>0.60333335</y>
      <w>0.884653</w>
      <t>2733</t>
    </point>
    <point>
      <x>0.405</x>
      <y>0.62</y>
      <w>0.884653</w>
      <t>2733</t>
    </point>
    <point>
      <x>0.40666667</x>
      <y>0.63666666</y>
      <w>0.884653</w>
      <t>2766</t>
    </point>
    <point>
      <x>0.40833333</x>
      <y>0.65166664</y>
      <w>0.884653</w>
      <t>2766</t>
    </point>
    <point>
      <x>0.40833333</x>
      <y>0.665</y>
      <w>0.884653</w>
      <t>2766</t>
    </point>
    <point>
      <x>0.41</x>
      <y>0.6766667</y>
      <w>0.884653</w>
      <t>2766</t>
    </point>
    <point>
      <x>0.41</x>
      <y>0.68833333</y>
      <w>0.884653</w>
      <t>2766</t>
    </point>
    <point>
      <x>0.41166666</x>
      <y>0.7</y>
      <w>0.88367546</w>
      <t>2799</t>
    </point>
    <point>
      <x>0.41166666</x>
      <y>0.71</y>
      <w>0.88367546</w>
      <t>2799</t>
    </point>
    <point>
      <x>0.41333333</x>
      <y>0.72</y>
      <w>0.88367546</w>
      <t>2799</t>
    </point>
    <point>
      <x>0.415</x>
      <y>0.72833335</y>
      <w>0.88367546</w>
      <t>2799</t>
    </point>
    <point>
      <x>0.415</x>
      <y>0.735</y>
      <w>0.88367546</w>
      <t>2833</t>
    </point>
    <point>
      <x>0.41666666</x>
      <y>0.7416667</y>
      <w>0.88367546</w>
      <t>2833</t>
    </point>
    <point>
      <x>0.41833332</x>
      <y>0.74666667</y>
      <w>0.88367546</w>
      <t>2833</t>
    </point>
    <point>
      <x>0.41833332</x>
      <y>0.75166667</y>
      <w>0.88367546</w>
      <t>2833</t>
    </point>
    <point>
      <x>0.42</x>
      <y>0.75333333</y>
      <w>0.88367546</w>
      <t>2833</t>
    </point>
    <point>
      <x>0.42</x>
      <y>0.75666666</y>
      <w>0.88269794</w>
      <t>2866</t>
    </point>
    <point>
      <x>0.42</x>
      <y>0.7583333</y>
      <w>0.88269794</w>
      <t>2866</t>
    </point>
    <point>
      <x>0.42</x>
      <y>0.76</y>
      <w>0.88269794</w>
      <t>2866</t>
    </point>
    <point>
      <x>0.42</x>
      <y>0.7583333</y>
      <w>0.7174975</w>
      <t>3066</t>
    </point>
    <point>
      <x>0.42</x>
      <y>0.75666666</y>
      <w>0.6911046</w>
      <t>3100</t>
    </point>
    <point>
      <x>0.42</x>
      <y>0.755</y>
      <w>0.6911046</w>
      <t>3100</t>
    </point>
    <point>
      <x>0.42</x>
      <y>0.75333333</y>
      <w>0.6911046</w>
      <t>3100</t>
    </point>
    <point>
      <x>0.42</x>
      <y>0.75</y>
      <w>0.5650049</w>
      <t>3133</t>
    </point>
    <point>
      <x>0.42</x>
      <y>0.74833333</y>
      <w>0.5650049</w>
      <t>3133</t>
    </point>
    <point>
      <x>0.42</x>
      <y>0.745</y>
      <w>0.5650049</w>
      <t>3133</t>
    </point>
    <point>
      <x>0.41833332</x>
      <y>0.74333334</y>
      <w>0.5650049</w>
      <t>3133</t>
    </point>
    <point>
      <x>0.41833332</x>
      <y>0.74</y>
      <w>0.5650049</w>
      <t>3133</t>
    </point>
    <point>
      <x>0.41833332</x>
      <y>0.7366667</y>
      <w>0.44770283</w>
      <t>3166</t>
    </point>
    <point>
      <x>0.41833332</x>
      <y>0.73333335</y>
      <w>0.44770283</w>
      <t>3166</t>
    </point>
    <point>
      <x>0.41833332</x>
      <y>0.72833335</y>
      <w>0.44770283</w>
      <t>3166</t>
    </point>
    <point>
      <x>0.41833332</x>
      <y>0.725</y>
      <w>0.44770283</w>
      <t>3166</t>
    </point>
    <point>
      <x>0.41833332</x>
      <y>0.72</y>
      <w>0.3372434</w>
      <t>3200</t>
    </point>
    <point>
      <x>0.41666666</x>
      <y>0.715</y>
      <w>0.3372434</w>
      <t>3200</t>
    </point>
    <point>
      <x>0.41666666</x>
      <y>0.7083333</y>
      <w>0.3372434</w>
      <t>3200</t>
    </point>
    <point>
      <x>0.41666666</x>
      <y>0.7033333</y>
      <w>0.3372434</w>
      <t>3200</t>
    </point>
    <point>
      <x>0.415</x>
      <y>0.6983333</y>
      <w>0.3372434</w>
      <t>3200</t>
    </point>
    <point>
      <x>0.415</x>
      <y>0.69166666</y>
      <w>0.18084067</w>
      <t>3233</t>
    </point>
    <point>
      <x>0.41333333</x>
      <y>0.685</y>
      <w>0.18084067</w>
      <t>3233</t>
    </point>
    <point>
      <x>0.41333333</x>
      <y>0.6766667</y>
      <w>0.18084067</w>
      <t>3233</t>
    </point>
  </stroke>
  <stroke time="3366">
    <point>
      <x>0.43333334</x>
      <y>0.5316667</y>
      <w>0.0</w>
      <t>3366</t>
    </point>
    <point>
      <x>0.43666667</x>
      <y>0.5233333</y>
      <w>0.0</w>
      <t>3399</t>
    </point>
    <point>
      <x>0.44</x>
      <y>0.51666665</y>
      <w>0.0</w>
      <t>3399</t>
    </point>
  </stroke>
  <stroke time="3433">
    <point>
      <x>0.465</x>
      <y>0.47833332</y>
      <w>0.069403715</w>
      <t>3433</t>
    </point>
    <point>
      <x>0.46833333</x>
      <y>0.47166666</y>
      <w>0.069403715</w>
      <t>3433</t>
    </point>
    <point>
      <x>0.47166666</x>
      <y>0.46666667</y>
      <w>0.11827957</w>
      <t>3467</t>
    </point>
    <point>
      <x>0.475</x>
      <y>0.46166667</y>
      <w>0.11827957</w>
      <t>3467</t>
    </point>
    <point>
      <x>0.48</x>
      <y>0.45833334</y>
      <w>0.11827957</w>
      <t>3467</t>
    </point>
    <point>
      <x>0.48333332</x>
      <y>0.45333335</y>
      <w>0.11827957</w>
      <t>3467</t>
    </point>
    <point>
      <x>0.48833334</x>
      <y>0.45</y>
      <w>0.17986315</w>
      <t>3500</t>
    </point>
    <point>
      <x>0.49333334</x>
      <y>0.44666666</y>
      <w>0.17986315</w>
      <t>3500</t>
    </point>
    <point>
      <x>0.49833333</x>
      <y>0.44333333</y>
      <w>0.17986315</w>
      <t>3500</t>
    </point>
    <point>
      <x>0.505</x>
      <y>0.43833333</y>
      <w>0.17986315</w>
      <t>3500</t>
    </point>
    <point>
      <x>0.51166666</x>
      <y>0.43333334</y>
      <w>0.17986315</w>
      <t>3500</t>
    </point>
    <point>
      <x>0.5183333</x>
      <y>0.43</y>
      <w>0.28739002</w>
      <t>3533</t>
    </point>
    <point>
      <x>0.525</x>
      <y>0.42666668</y>
      <w>0.28739002</w>
      <t>3533</t>
    </point>
    <point>
      <x>0.53</x>
      <y>0.42333335</y>
      <w>0.28739002</w>
      <t>3533</t>
    </point>
    <point>
      <x>0.535</x>
      <y>0.42166665</y>
      <w>0.28739002</w>
      <t>3533</t>
    </point>
    <point>
      <x>0.54</x>
      <y>0.42</y>
      <w>0.35874876</w>
      <t>3566</t>
    </point>
    <point>
      <x>0.545</x>
      <y>0.41833332</y>
      <w>0.35874876</w>
      <t>3566</t>
    </point>
    <point>
      <x>0.55</x>
      <y>0.41833332</y>
      <w>0.35874876</w>
      <t>3566</t>
    </point>
    <point>
      <x>0.555</x>
      <y>0.41666666</y>
      <w>0.35874876</w>
      <t>3566</t>
    </point>
    <point>
      <x>0.56</x>
      <y>0.41666666</y>
      <w>0.46627566</w>
      <t>3600</t>
    </point>
    <point>
      <x>0.565</x>
      <y>0.41666666</y>
      <w>0.46627566</w>
      <t>3600</t>
    </point>
    <point>
      <x>0.57</x>
      <y>0.41666666</y>
      <w>0.46627566</w>
      <t>3600</t>
    </point>
    <point>
      <x>0.575</x>
      <y>0.41666666</y>
      <w>0.46627566</w>
      <t>3600</t>
    </point>
    <point>
      <x>0.5783333</x>
      <y>0.41833332</y>
      <w>0.46627566</w>
      <t>3600</t>
    </point>
    <point>
      <x>0.58166665</x>
      <y>0.41833332</y>
      <w>0.5483871</w>
      <t>3633</t>
    </point>
    <point>
      <x>0.585</x>
      <y>0.42</y>
      <w>0.5483871</w>
      <t>3633</t>
    </point>
    <point>
      <x>0.5883333</x>
      <y>0.42166665</y>
      <w>0.5483871</w>
      <t>3633</t>
    </point>
    <point>
      <x>0.59166664</x>
      <y>0.425</y>
      <w>0.5483871</w>
      <t>3633</t>
    </point>
    <point>
      <x>0.5933333</x>
      <y>0.42666668</y>
      <w>0.629521</w>
      <t>3666</t>
    </point>
    <point>
      <x>0.5966667</x>
      <y>0.42833334</y>
      <w>0.629521</w>
      <t>3666</t>
    </point>
    <point>
      <x>0.59833336</x>
      <y>0.43166667</y>
      <w>0.629521</w>
      <t>3666</t>
    </point>
    <point>
      <x>0.6016667</x>
      <y>0.43333334</y>
      <w>0.629521</w>
      <t>3666</t>
    </point>
    <point>
      <x>0.60333335</x>
      <y>0.43666667</y>
      <w>0.629521</w>
      <t>3666</t>
    </point>
    <point>
      <x>0.605</x>
      <y>0.44</y>
      <w>0.70772237</w>
      <t>3700</t>
    </point>
    <point>
      <x>0.605</x>
      <y>0.44166666</y>
      <w>0.70772237</w>
      <t>3700</t>
    </point>
    <point>
      <x>0.6066667</x>
      <y>0.445</y>
      <w>0.70772237</w>
      <t>3700</t>
    </point>
    <point>
      <x>0.6066667</x>
      <y>0.44666666</y>
      <w>0.70772237</w>
      <t>3700</t>
    </point>
    <point>
      <x>0.60833335</x>
      <y>0.45</y>
      <w>0.7536657</w>
      <t>3733</t>
    </point>
    <point>
      <x>0.60833335</x>
      <y>0.45166665</y>
      <w>0.7536657</w>
      <t>3733</t>
    </point>
    <point>
      <x>0.61</x>
      <y>0.455</y>
      <w>0.7536657</w>
      <t>3733</t>
    </point>
    <point>
      <x>0.61</x>
      <y>0.45666668</y>
      <w>0.7536657</w>
      <t>3733</t>
    </point>
    <point>
      <x>0.61</x>
      <y>0.46</y>
      <w>0.7536657</w>
      <t>3733</t>
    </point>
    <point>
      <x>0.61</x>
      <y>0.46166667</y>
      <w>0.79081136</w>
      <t>3766</t>
    </point>
    <point>
      <x>0.61</x>
      <y>0.465</y>
      <w>0.79081136</w>
      <t>3766</t>
    </point>
    <point>
      <x>0.61</x>
      <y>0.46666667</y>
      <w>0.79081136</w>
      <t>3766</t>
    </point>
    <point>
      <x>0.61</x>
      <y>0.47</y>
      <w>0.79081136</w>
      <t>3766</t>
    </point>
    <point>
      <x>0.61</x>
      <y>0.47333333</y>
      <w>0.8338221</w>
      <t>3800</t>
    </point>
    <point>
      <x>0.60833335</x>
      <y>0.47666666</y>
      <w>0.8338221</w>
      <t>3800</t>
    </point>
    <point>
      <x>0.60833335</x>
      <y>0.48</y>
      <w>0.8338221</w>
      <t>3800</t>
    </point>
    <point>
      <x>0.6066667</x>
      <y>0.485</y>
      <w>0.8338221</w>
      <t>3800</t>
    </point>
    <point>
      <x>0.6066667</x>
      <y>0.49</y>
      <w>0.8338221</w>
      <t>3800</t>
    </point>
    <point>
      <x>0.605</x>
      <y>0.495</y>
      <w>0.85435</w>
      <t>3833</t>
    </point>
    <point>
      <x>0.60333335</x>
      <y>0.5</y>
      <w>0.85435</w>
      <t>3833</t>
    </point>
    <point>
      <x>0.6016667</x>
      <y>0.505</y>
      <w>0.85435</w>
      <t>3833</t>
    </point>
    <point>
      <x>0.59833336</x>
      <y>0.51</y>
      <w>0.85435</w>
      <t>3833</t>
    </point>
    <point>
      <x>0.5966667</x>
      <y>0.515</y>
      <w>0.87096775</w>
      <t>3867</t>
    </point>
    <point>
      <x>0.595</x>
      <y>0.52166665</y>
      <w>0.87096775</w>
      <t>3867</t>
    </point>
    <point>
      <x>0.5933333</x>
      <y>0.52666664</y>
      <w>0.87096775</w>
      <t>3867</t>
    </point>
    <point>
      <x>0.59166664</x>
      <y>0.5316667</y>
      <w>0.87096775</w>
      <t>3867</t>
    </point>
    <point>
      <x>0.59</x>
      <y>0.5366667</y>
      <w>0.87096775</w>
      <t>3867</t>
    </point>
    <point>
      <x>0.58666664</x>
      <y>0.54</y>
      <w>0.87683284</w>
      <t>3900</t>
    </point>
    <point>
      <x>0.585</x>
      <y>0.545</y>
      <w>0.87683284</w>
      <t>3900</t>
    </point>
    <point>
      <x>0.5833333</x>
      <y>0.55</y>
      <w>0.87683284</w>
      <t>3900</t>
    </point>
    <point>
      <x>0.58</x>
      <y>0.555</y>
      <w>0.87683284</w>
      <t>3900</t>
    </point>
    <point>
      <x>0.5783333</x>
      <y>0.56</y>
      <w>0.8787879</w>
      <t>3933</t>
    </point>
    <point>
      <x>0.575</x>
      <y>0.565</y>
      <w>0.8787879</w>
      <t>3933</t>
    </point>
    <point>
      <x>0.5733333</x>
      <y>0.57</y>
      <w>0.8787879</w>
      <t>3933</t>
    </point>
    <point>
      <x>0.57</x>
      <y>0.57666665</y>
      <w>0.8787879</w>
      <t>3933</t>
    </point>
    <point>
      <x>0.56666666</x>
      <y>0.58166665</y>
      <w>0.8787879</w>
      <t>3966</t>
    </point>
    <point>
      <x>0.56333333</x>
      <y>0.58666664</y>
      <w>0.8787879</w>
      <t>3966</t>
    </point>
    <point>
      <x>0.56</x>
      <y>0.59166664</y>
      <w>0.8787879</w>
      <t>3966</t>
    </point>
    <point>
      <x>0.5566667</x>
      <y>0.595</y>
      <w>0.8787879</w>
      <t>3966</t>
    </point>
    <point>
      <x>0.55333334</x>
      <y>0.6</y>
      <w>0.8787879</w>
      <t>3966</t>
    </point>
    <point>
      <x>0.55</x>
      <y>0.60333335</y>
      <w>0.86608016</w>
      <t>4000</t>
    </point>
    <point>
      <x>0.5466667</x>
      <y>0.60833335</y>
      <w>0.86608016</w>
      <t>4000</t>
    </point>
    <point>
      <x>0.54333335</x>
      <y>0.6116667</y>
      <w>0.86608016</w>
      <t>4000</t>
    </point>
    <point>
      <x>0.54</x>
      <y>0.6166667</y>
      <w>0.86608016</w>
      <t>4000</t>
    </point>
    <point>
      <x>0.5366667</x>
      <y>0.62</y>
      <w>0.8445748</w>
      <t>4033</t>
    </point>
    <point>
      <x>0.5316667</x>
      <y>0.625</y>
      <w>0.8445748</w>
      <t>4033</t>
    </point>
    <point>
      <x>0.5283333</x>
      <y>0.62833333</y>
      <w>0.8445748</w>
      <t>4033</t>
    </point>
    <point>
      <x>0.525</x>
      <y>0.63</y>
      <w>0.8445748</w>
      <t>4033</t>
    </point>
    <point>
      <x>0.52166665</x>
      <y>0.6333333</y>
      <w>0.8445748</w>
      <t>4033</t>
    </point>
    <point>
      <x>0.52</x>
      <y>0.635</y>
      <w>0.8064516</w>
      <t>4066</t>
    </point>
    <point>
      <x>0.51666665</x>
      <y>0.6383333</y>
      <w>0.8064516</w>
      <t>4066</t>
    </point>
    <point>
      <x>0.5133333</x>
      <y>0.64</y>
      <w>0.8064516</w>
      <t>4066</t>
    </point>
    <point>
      <x>0.51</x>
      <y>0.64166665</y>
      <w>0.8064516</w>
      <t>4066</t>
    </point>
    <point>
      <x>0.50666666</x>
      <y>0.6433333</y>
      <w>0.69501466</w>
      <t>4100</t>
    </point>
    <point>
      <x>0.505</x>
      <y>0.645</y>
      <w>0.69501466</w>
      <t>4100</t>
    </point>
    <point>
      <x>0.50166667</x>
      <y>0.64666665</y>
      <w>0.69501466</w>
      <t>4100</t>
    </point>
    <point>
      <x>0.5</x>
      <y>0.64666665</y>
      <w>0.69501466</w>
      <t>4100</t>
    </point>
    <point>
      <x>0.49666667</x>
      <y>0.6483333</y>
      <w>0.69501466</w>
      <t>4100</t>
    </point>
    <point>
      <x>0.495</x>
      <y>0.65</y>
      <w>0.62658846</w>
      <t>4133</t>
    </point>
    <point>
      <x>0.49333334</x>
      <y>0.65</y>
      <w>0.62658846</w>
      <t>4133</t>
    </point>
    <point>
      <x>0.49166667</x>
      <y>0.65</y>
      <w>0.62658846</w>
      <t>4133</t>
    </point>
    <point>
      <x>0.49</x>
      <y>0.65</y>
      <w>0.62658846</w>
      <t>4133</t>
    </point>
    <point>
      <x>0.48833334</x>
      <y>0.65</y>
      <w>0.5464321</w>
      <t>4166</t>
    </point>
    <point>
      <x>0.48666668</x>
      <y>0.65</y>
      <w>0.5464321</w>
      <t>4166</t>
    </point>
    <point>
      <x>0.485</x>
      <y>0.65</y>
      <w>0.5464321</w>
      <t>4166</t>
    </point>
    <point>
      <x>0.48333332</x>
      <y>0.65</y>
      <w>0.5464321</w>
      <t>4166</t>
    </point>
    <point>
      <x>0.48166665</x>
      <y>0.65</y>
      <w>0.4125122</w>
      <t>4200</t>
    </point>
    <point>
      <x>0.48</x>
      <y>0.65</y>
      <w>0.4125122</w>
      <t>4200</t>
    </point>
    <point>
      <x>0.47833332</x>
      <y>0.65</y>
      <w>0.4125122</w>
      <t>4200</t>
    </point>
    <point>
      <x>0.47666666</x>
      <y>0.6483333</y>
      <w>0.4125122</w>
      <t>4200</t>
    </point>
    <point>
      <x>0.475</x>
      <y>0.64666665</y>
      <w>0.4125122</w>
      <t>4200</t>
    </point>
    <point>
      <x>0.47333333</x>
      <y>0.645</y>
      <w>0.35581622</w>
      <t>4233</t>
    </point>
    <point>
      <x>0.47166666</x>
      <y>0.6433333</y>
      <w>0.35581622</w>
      <t>4233</t>
    </point>
    <point>
      <x>0.47166666</x>
      <y>0.64166665</y>
      <w>0.35581622</w>
      <t>4233</t>
    </point>
    <point>
      <x>0.47</x>
      <y>0.6383333</y>
      <w>0.35581622</w>
      <t>4233</t>
    </point>
    <point>
      <x>0.47</x>
      <y>0.635</y>
      <w>0.1427175</w>
      <t>4267</t>
    </point>
    <point>
      <x>0.47</x>
      <y>0.63166666</y>
      <w>0.1427175</w>
      <t>4267</t>
    </point>
    <point>
      <x>0.46833333</x>
      <y>0.63</y>
      <w>0.1427175</w>
      <t>4267</t>
    </point>
    <point>
      <x>0.46833333</x>
      <y>0.62666667</y>
      <w>0.1427175</w>
      <t>4267</t>
    </point>
    <point>
      <x>0.46833333</x>
      <y>0.62333333</y>
      <w>0.1427175</w>
      <t>4267</t>
    </point>
    <point>
      <x>0.46833333</x>
      <y>0.62</y>
      <w>0.08699902</w>
      <t>4300</t>
    </point>
    <point>
      <x>0.46833333</x>
      <y>0.6166667</y>
      <w>0.08699902</w>
      <t>4300</t>
    </point>
    <point>
      <x>0.46833333</x>
      <y>0.615</y>
      <w>0.08699902</w>
      <t>4300</t>
    </point>
    <point>
      <x>0.46833333</x>
      <y>0.6116667</y>
      <w>0.08699902</w>
      <t>4300</t>
    </point>
  </stroke>
  <stroke time="4366">
    <point>
      <x>0.475</x>
      <y>0.58166665</y>
      <w>0.035190616</w>
      <t>4400</t>
    </point>
    <point>
      <x>0.475</x>
      <y>0.58</y>
      <w>0.035190616</w>
      <t>4400</t>
    </point>
    <point>
      <x>0.47666666</x>
      <y>0.57666665</y>
      <w>0.035190616</w>
      <t>4400</t>
    </point>
    <point>
      <x>0.47666666</x>
      <y>0.5733333</y>
      <w>0.035190616</w>
      <t>4400</t>
    </point>
    <point>
      <x>0.47833332</x>
      <y>0.57</y>
      <w>0.035190616</w>
      <t>4400</t>
    </point>
    <point>
      <x>0.48</x>
      <y>0.5683333</y>
      <w>0.08308896</w>
      <t>4433</t>
    </point>
    <point>
      <x>0.48166665</x>
      <y>0.56666666</y>
      <w>0.08308896</w>
      <t>4433</t>
    </point>
    <point>
      <x>0.48333332</x>
      <y>0.56333333</y>
      <w>0.08308896</w>
      <t>4433</t>
    </point>
    <point>
      <x>0.485</x>
      <y>0.56166667</y>
      <w>0.08308896</w>
      <t>4433</t>
    </point>
    <point>
      <x>0.48666668</x>
      <y>0.56</y>
      <w>0.1085044</w>
      <t>4467</t>
    </point>
    <point>
      <x>0.48833334</x>
      <y>0.55833334</y>
      <w>0.1085044</w>
      <t>4467</t>
    </point>
    <point>
      <x>0.49166667</x>
      <y>0.5566667</y>
      <w>0.1085044</w>
      <t>4467</t>
    </point>
    <point>
      <x>0.49333334</x>
      <y>0.555</y>
      <w>0.1085044</w>
      <t>4467</t>
    </point>
    <point>
      <x>0.495</x>
      <y>0.555</y>
      <w>0.1368524</w>
      <t>4500</t>
    </point>
    <point>
      <x>0.49666667</x>
      <y>0.55333334</y>
      <w>0.1368524</w>
      <t>4500</t>
    </point>
    <point>
      <x>0.5</x>
      <y>0.55333334</y>
      <w>0.1368524</w>
      <t>4500</t>
    </point>
    <point>
      <x>0.50166667</x>
      <y>0.55333334</y>
      <w>0.1368524</w>
      <t>4500</t>
    </point>
    <point>
      <x>0.50333333</x>
      <y>0.55333334</y>
      <w>0.1368524</w>
      <t>4500</t>
    </point>
    <point>
      <x>0.505</x>
      <y>0.55333334</y>
      <w>0.28347996</w>
      <t>4533</t>
    </point>
    <point>
      <x>0.5083333</x>
      <y>0.55333334</y>
      <w>0.28347996</w>
      <t>4533</t>
    </point>
    <point>
      <x>0.51</x>
      <y>0.55333334</y>
      <w>0.28347996</w>
      <t>4533</t>
    </point>
    <point>
      <x>0.5133333</x>
      <y>0.55333334</y>
      <w>0.28347996</w>
      <t>4533</t>
    </point>
    <point>
      <x>0.51666665</x>
      <y>0.55333334</y>
      <w>0.40664712</w>
      <t>4566</t>
    </point>
    <point>
      <x>0.52</x>
      <y>0.555</y>
      <w>0.40664712</w>
      <t>4566</t>
    </point>
    <point>
      <x>0.5233333</x>
      <y>0.555</y>
      <w>0.40664712</w>
      <t>4566</t>
    </point>
    <point>
      <x>0.52666664</x>
      <y>0.5566667</y>
      <w>0.40664712</w>
      <t>4566</t>
    </point>
    <point>
      <x>0.53</x>
      <y>0.55833334</y>
      <w>0.40664712</w>
      <t>4566</t>
    </point>
    <point>
      <x>0.53333336</x>
      <y>0.55833334</y>
      <w>0.54447705</w>
      <t>4600</t>
    </point>
    <point>
      <x>0.5366667</x>
      <y>0.56</y>
      <w>0.54447705</w>
      <t>4600</t>
    </point>
    <point>
      <x>0.54</x>
      <y>0.56166667</y>
      <w>0.54447705</w>
      <t>4600</t>
    </point>
    <point>
      <x>0.54333335</x>
      <y>0.56333333</y>
      <w>0.54447705</w>
      <t>4600</t>
    </point>
    <point>
      <x>0.5466667</x>
      <y>0.565</y>
      <w>0.6285435</w>
      <t>4633</t>
    </point>
    <point>
      <x>0.5516667</x>
      <y>0.56666666</y>
      <w>0.6285435</w>
      <t>4633</t>
    </point>
    <point>
      <x>0.555</x>
      <y>0.5683333</y>
      <w>0.6285435</w>
      <t>4633</t>
    </point>
    <point>
      <x>0.55833334</x>
      <y>0.57</y>
      <w>0.6285435</w>
      <t>4633</t>
    </point>
    <point>
      <x>0.56166667</x>
      <y>0.57166666</y>
      <w>0.6285435</w>
      <t>4633</t>
    </point>
    <point>
      <x>0.565</x>
      <y>0.5733333</y>
      <w>0.68817204</w>
      <t>4667</t>
    </point>
    <point>
      <x>0.5683333</x>
      <y>0.575</y>
      <w>0.68817204</w>
      <t>4667</t>
    </point>
    <point>
      <x>0.57166666</x>
      <y>0.5783333</y>
      <w>0.68817204</w>
      <t>4667</t>
    </point>
    <point>
      <x>0.575</x>
      <y>0.58</y>
      <w>0.68817204</w>
      <t>4667</t>
    </point>
    <point>
      <x>0.5783333</x>
      <y>0.58166665</y>
      <w>0.74486804</w>
      <t>4700</t>
    </point>
    <point>
      <x>0.58166665</x>
      <y>0.5833333</y>
      <w>0.74486804</w>
      <t>4700</t>
    </point>
    <point>
      <x>0.585</x>
      <y>0.585</y>
      <w>0.74486804</w>
      <t>4700</t>
    </point>
    <point>
      <x>0.5883333</x>
      <y>0.5883333</y>
      <w>0.74486804</w>
      <t>4700</t>
    </point>
    <point>
      <x>0.59166664</x>
      <y>0.59</y>
      <w>0.74486804</w>
      <t>4700</t>
    </point>
    <point>
      <x>0.595</x>
      <y>0.59166664</y>
      <w>0.79569894</w>
      <t>4733</t>
    </point>
    <point>
      <x>0.59833336</x>
      <y>0.595</y>
      <w>0.79569894</w>
      <t>4733</t>
    </point>
    <point>
      <x>0.6016667</x>
      <y>0.5966667</y>
      <w>0.79569894</w>
      <t>4733</t>
    </point>
    <point>
      <x>0.605</x>
      <y>0.6</y>
      <w>0.79569894</w>
      <t>4733</t>
    </point>
    <point>
      <x>0.60833335</x>
      <y>0.6016667</y>
      <w>0.829912</w>
      <t>4767</t>
    </point>
    <point>
      <x>0.6116667</x>
      <y>0.605</y>
      <w>0.829912</w>
      <t>4767</t>
    </point>
    <point>
      <x>0.615</x>
      <y>0.60833335</y>
      <w>0.829912</w>
      <t>4767</t>
    </point>
    <point>
      <x>0.61833334</x>
      <y>0.6116667</y>
      <w>0.829912</w>
      <t>4767</t>
    </point>
    <point>
      <x>0.62333333</x>
      <y>0.615</y>
      <w>0.829912</w>
      <t>4767</t>
    </point>
    <point>
      <x>0.62666667</x>
      <y>0.61833334</y>
      <w>0.8484849</w>
      <t>4800</t>
    </point>
    <point>
      <x>0.63</x>
      <y>0.62333333</y>
      <w>0.8484849</w>
      <t>4800</t>
    </point>
    <point>
      <x>0.6333333</x>
      <y>0.62666667</y>
      <w>0.8484849</w>
      <t>4800</t>
    </point>
    <point>
      <x>0.635</x>
      <y>0.63</y>
      <w>0.8484849</w>
      <t>4800</t>
    </point>
    <point>
      <x>0.6383333</x>
      <y>0.6333333</y>
      <w>0.85923755</w>
      <t>4833</t>
    </point>
    <point>
      <x>0.64166665</x>
      <y>0.63666666</y>
      <w>0.85923755</w>
      <t>4833</t>
    </point>
    <point>
      <x>0.6433333</x>
      <y>0.64</y>
      <w>0.85923755</w>
      <t>4833</t>
    </point>
    <point>
      <x>0.645</x>
      <y>0.6433333</y>
      <w>0.85923755</w>
      <t>4833</t>
    </point>
    <point>
      <x>0.6483333</x>
      <y>0.645</y>
      <w>0.8680352</w>
      <t>4867</t>
    </point>
    <point>
      <x>0.65</x>
      <y>0.6483333</y>
      <w>0.8680352</w>
      <t>4867</t>
    </point>
    <point>
      <x>0.65166664</x>
      <y>0.65166664</y>
      <w>0.8680352</w>
      <t>4867</t>
    </point>
    <point>
      <x>0.6533333</x>
      <y>0.6533333</y>
      <w>0.8680352</w>
      <t>4867</t>
    </point>
    <point>
      <x>0.655</x>
      <y>0.655</y>
      <w>0.8680352</w>
      <t>4867</t>
    </point>
    <point>
      <x>0.6566667</x>
      <y>0.6566667</y>
      <w>0.87194526</w>
      <t>4900</t>
    </point>
    <point>
      <x>0.65833336</x>
      <y>0.66</y>
      <w>0.87194526</w>
      <t>4900</t>
    </point>
    <point>
      <x>0.66</x>
      <y>0.6616667</y>
      <w>0.87194526</w>
      <t>4900</t>
    </point>
    <point>
      <x>0.66</x>
      <y>0.66333336</y>
      <w>0.87194526</w>
      <t>4900</t>
    </point>
    <point>
      <x>0.6616667</x>
      <y>0.665</y>
      <w>0.8729228</w>
      <t>4933</t>
    </point>
    <point>
      <x>0.66333336</x>
      <y>0.6666667</y>
      <w>0.8729228</w>
      <t>4933</t>
    </point>
    <point>
      <x>0.66333336</x>
      <y>0.66833335</y>
      <w>0.8729228</w>
      <t>4933</t>
    </point>
    <point>
      <x>0.665</x>
      <y>0.67</y>
      <w>0.8729228</w>
      <t>4933</t>
    </point>
    <point>
      <x>0.665</x>
      <y>0.6716667</y>
      <w>0.8729228</w>
      <t>4967</t>
    </point>
    <point>
      <x>0.6666667</x>
      <y>0.67333335</y>
      <w>0.8729228</w>
      <t>4967</t>
    </point>
    <point>
      <x>0.6666667</x>
      <y>0.675</y>
      <w>0.87194526</w>
      <t>5000</t>
    </point>
    <point>
      <x>0.66833335</x>
      <y>0.675</y>
      <w>0.87194526</w>
      <t>5000</t>
    </point>
    <point>
      <x>0.66833335</x>
      <y>0.6766667</y>
      <w>0.87194526</w>
      <t>5000</t>
    </point>
  </stroke>
</character>
