<?xml version="1.0" encoding="UTF-8"?>
<character>
  <stroke time="0">
    <point>
      <x>0.39166668</x>
      <y>0.22666667</y>
      <w>0.1710655</w>
      <t>4</t>
    </point>
    <point>
      <x>0.39166668</x>
      <y>0.22833334</y>
      <w>0.2580645</w>
      <t>33</t>
    </point>
    <point>
      <x>0.39166668</x>
      <y>0.23</y>
      <w>0.2580645</w>
      <t>33</t>
    </point>
    <point>
      <x>0.39166668</x>
      <y>0.23166667</y>
      <w>0.2580645</w>
      <t>33</t>
    </point>
    <point>
      <x>0.39166668</x>
      <y>0.235</y>
      <w>0.29521015</w>
      <t>66</t>
    </point>
    <point>
      <x>0.39166668</x>
      <y>0.23833333</y>
      <w>0.29521015</w>
      <t>66</t>
    </point>
    <point>
      <x>0.39166668</x>
      <y>0.24166666</y>
      <w>0.29521015</w>
      <t>66</t>
    </point>
    <point>
      <x>0.39166668</x>
      <y>0.24333334</y>
      <w>0.29521015</w>
      <t>67</t>
    </point>
    <point>
      <x>0.39166668</x>
      <y>0.24666667</y>
      <w>0.46627566</w>
      <t>99</t>
    </point>
    <point>
      <x>0.39166668</x>
      <y>0.25</y>
      <w>0.46627566</w>
      <t>99</t>
    </point>
    <point>
      <x>0.39333335</x>
      <y>0.25333333</y>
      <w>0.46627566</w>
      <t>99</t>
    </point>
    <point>
      <x>0.39333335</x>
      <y>0.255</y>
      <w>0.46627566</w>
      <t>100</t>
    </point>
    <point>
      <x>0.39333335</x>
      <y>0.25833333</y>
      <w>0.46627566</w>
      <t>100</t>
    </point>
    <point>
      <x>0.395</x>
      <y>0.26</y>
      <w>0.5542522</w>
      <t>132</t>
    </point>
    <point>
      <x>0.395</x>
      <y>0.26333332</y>
      <w>0.5542522</w>
      <t>132</t>
    </point>
    <point>
      <x>0.39666668</x>
      <y>0.265</y>
      <w>0.5542522</w>
      <t>132</t>
    </point>
    <point>
      <x>0.39666668</x>
      <y>0.26833335</y>
      <w>0.5542522</w>
      <t>133</t>
    </point>
    <point>
      <x>0.39833334</x>
      <y>0.27</y>
      <w>0.60703814</w>
      <t>166</t>
    </point>
    <point>
      <x>0.4</x>
      <y>0.27333334</y>
      <w>0.60703814</w>
      <t>166</t>
    </point>
    <point>
      <x>0.40166667</x>
      <y>0.275</y>
      <w>0.60703814</w>
      <t>166</t>
    </point>
    <point>
      <x>0.40166667</x>
      <y>0.27666667</y>
      <w>0.60703814</w>
      <t>167</t>
    </point>
    <point>
      <x>0.40333334</x>
      <y>0.28</y>
      <w>0.6461388</w>
      <t>199</t>
    </point>
    <point>
      <x>0.405</x>
      <y>0.28166667</y>
      <w>0.6461388</w>
      <t>199</t>
    </point>
    <point>
      <x>0.405</x>
      <y>0.28333333</y>
      <w>0.6461388</w>
      <t>199</t>
    </point>
    <point>
      <x>0.40666667</x>
      <y>0.285</y>
      <w>0.6461388</w>
      <t>199</t>
    </point>
    <point>
      <x>0.40666667</x>
      <y>0.28666666</y>
      <w>0.6461388</w>
      <t>199</t>
    </point>
    <point>
      <x>0.40833333</x>
      <y>0.28833333</y>
      <w>0.69501466</w>
      <t>233</t>
    </point>
    <point>
      <x>0.40833333</x>
      <y>0.29</y>
      <w>0.69501466</w>
      <t>233</t>
    </point>
    <point>
      <x>0.41</x>
      <y>0.29166666</y>
      <w>0.69501466</w>
      <t>233</t>
    </point>
    <point>
      <x>0.41</x>
      <y>0.29333332</y>
      <w>0.69501466</w>
      <t>233</t>
    </point>
    <point>
      <x>0.41166666</x>
      <y>0.29333332</y>
      <w>0.71163243</w>
      <t>266</t>
    </point>
    <point>
      <x>0.41166666</x>
      <y>0.295</y>
      <w>0.71163243</w>
      <t>266</t>
    </point>
    <point>
      <x>0.41333333</x>
      <y>0.295</y>
      <w>0.71163243</w>
      <t>266</t>
    </point>
    <point>
      <x>0.41333333</x>
      <y>0.29666665</y>
      <w>0.71163243</w>
      <t>267</t>
    </point>
    <point>
      <x>0.415</x>
      <y>0.29833335</y>
      <w>0.71260995</w>
      <t>299</t>
    </point>
    <point>
      <x>0.415</x>
      <y>0.3</y>
      <w>0.71260995</w>
      <t>299</t>
    </point>
    <point>
      <x>0.41666666</x>
      <y>0.3</y>
      <w>0.71260995</w>
      <t>299</t>
    </point>
    <point>
      <x>0.41666666</x>
      <y>0.30166668</y>
      <w>0.714565</w>
      <t>333</t>
    </point>
    <point>
      <x>0.41833332</x>
      <y>0.30166668</y>
      <w>0.714565</w>
      <t>333</t>
    </point>
    <point>
      <x>0.42</x>
      <y>0.30166668</y>
      <w>0.7096774</w>
      <t>433</t>
    </point>
    <point>
      <x>0.42166665</x>
      <y>0.30166668</y>
      <w>0.7096774</w>
      <t>433</t>
    </point>
    <point>
      <x>0.42333335</x>
      <y>0.30166668</y>
      <w>0.6735093</w>
      <t>466</t>
    </point>
    <point>
      <x>0.425</x>
      <y>0.30166668</y>
      <w>0.6158358</w>
      <t>500</t>
    </point>
    <point>
      <x>0.42666668</x>
      <y>0.30166668</y>
      <w>0.6158358</w>
      <t>500</t>
    </point>
    <point>
      <x>0.42833334</x>
      <y>0.3</y>
      <w>0.6158358</w>
      <t>500</t>
    </point>
    <point>
      <x>0.43</x>
      <y>0.29833335</y>
      <w>0.51808405</w>
      <t>533</t>
    </point>
    <point>
      <x>0.43333334</x>
      <y>0.29666665</y>
      <w>0.51808405</w>
      <t>533</t>
    </point>
    <point>
      <x>0.435</x>
      <y>0.295</y>
      <w>0.51808405</w>
      <t>533</t>
    </point>
    <point>
      <x>0.43666667</x>
      <y>0.29333332</y>
      <w>0.51808405</w>
      <t>533</t>
    </point>
    <point>
      <x>0.44</x>
      <y>0.29166666</y>
      <w>0.51808405</w>
      <t>534</t>
    </point>
    <point>
      <x>0.44166666</x>
      <y>0.29</y>
      <w>0.38709676</w>
      <t>567</t>
    </point>
    <point>
      <x>0.44333333</x>
      <y>0.28833333</y>
      <w>0.38709676</w>
      <t>567</t>
    </point>
    <point>
      <x>0.445</x>
      <y>0.28666666</y>
      <w>0.38709676</w>
      <t>567</t>
    </point>
    <point>
      <x>0.44833332</x>
      <y>0.285</y>
      <w>0.38709676</w>
      <t>568</t>
    </point>
    <point>
      <x>0.45</x>
      <y>0.28333333</y>
      <w>0.16715543</w>
      <t>599</t>
    </point>
    <point>
      <x>0.45333335</x>
      <y>0.28166667</y>
      <w>0.16715543</w>
      <t>599</t>
    </point>
  </stroke>
  <stroke time="1034">
    <point>
      <x>0.565</x>
      <y>0.18666667</y>
      <w>0.28836754</w>
      <t>1067</t>
    </point>
    <point>
      <x>0.56666666</x>
      <y>0.18666667</y>
      <w>0.28836754</w>
      <t>1067</t>
    </point>
    <point>
      <x>0.5683333</x>
      <y>0.18833333</y>
      <w>0.28836754</w>
      <t>1067</t>
    </point>
    <point>
      <x>0.57</x>
      <y>0.18833333</y>
      <w>0.28836754</w>
      <t>1067</t>
    </point>
    <point>
      <x>0.57166666</x>
      <y>0.19</y>
      <w>0.41642228</w>
      <t>1100</t>
    </point>
    <point>
      <x>0.5733333</x>
      <y>0.19166666</y>
      <w>0.41642228</w>
      <t>1100</t>
    </point>
    <point>
      <x>0.575</x>
      <y>0.19166666</y>
      <w>0.41642228</w>
      <t>1100</t>
    </point>
    <point>
      <x>0.5783333</x>
      <y>0.19333333</y>
      <w>0.41642228</w>
      <t>1101</t>
    </point>
    <point>
      <x>0.58</x>
      <y>0.195</y>
      <w>0.51906157</w>
      <t>1134</t>
    </point>
    <point>
      <x>0.58166665</x>
      <y>0.19666667</y>
      <w>0.51906157</w>
      <t>1134</t>
    </point>
    <point>
      <x>0.58166665</x>
      <y>0.19833334</y>
      <w>0.51906157</w>
      <t>1134</t>
    </point>
    <point>
      <x>0.5833333</x>
      <y>0.2</y>
      <w>0.51906157</w>
      <t>1134</t>
    </point>
    <point>
      <x>0.5833333</x>
      <y>0.20166667</y>
      <w>0.58651024</w>
      <t>1167</t>
    </point>
    <point>
      <x>0.585</x>
      <y>0.20166667</y>
      <w>0.58651024</w>
      <t>1167</t>
    </point>
    <point>
      <x>0.585</x>
      <y>0.20333333</y>
      <w>0.58651024</w>
      <t>1169</t>
    </point>
    <point>
      <x>0.585</x>
      <y>0.205</y>
      <w>0.58651024</w>
      <t>1169</t>
    </point>
    <point>
      <x>0.58666664</x>
      <y>0.205</y>
      <w>0.58651024</w>
      <t>1169</t>
    </point>
    <point>
      <x>0.58666664</x>
      <y>0.20666666</y>
      <w>0.6412512</w>
      <t>1201</t>
    </point>
    <point>
      <x>0.58666664</x>
      <y>0.20833333</y>
      <w>0.6412512</w>
      <t>1201</t>
    </point>
    <point>
      <x>0.58666664</x>
      <y>0.21</y>
      <w>0.66959924</w>
      <t>1234</t>
    </point>
    <point>
      <x>0.5883333</x>
      <y>0.21</y>
      <w>0.66959924</w>
      <t>1234</t>
    </point>
    <point>
      <x>0.5883333</x>
      <y>0.21166667</y>
      <w>0.66959924</w>
      <t>1234</t>
    </point>
    <point>
      <x>0.5883333</x>
      <y>0.21333334</y>
      <w>0.7038123</w>
      <t>1267</t>
    </point>
    <point>
      <x>0.5883333</x>
      <y>0.215</y>
      <w>0.71652</w>
      <t>1300</t>
    </point>
    <point>
      <x>0.5883333</x>
      <y>0.21666667</y>
      <w>0.72043014</w>
      <t>1334</t>
    </point>
    <point>
      <x>0.5883333</x>
      <y>0.21833333</y>
      <w>0.72043014</w>
      <t>1334</t>
    </point>
    <point>
      <x>0.5883333</x>
      <y>0.22</y>
      <w>0.72043014</w>
      <t>1334</t>
    </point>
    <point>
      <x>0.5883333</x>
      <y>0.22166666</y>
      <w>0.72140765</w>
      <t>1367</t>
    </point>
    <point>
      <x>0.58666664</x>
      <y>0.22333333</y>
      <w>0.72140765</w>
      <t>1368</t>
    </point>
    <point>
      <x>0.58666664</x>
      <y>0.225</y>
      <w>0.7243402</w>
      <t>1401</t>
    </point>
    <point>
      <x>0.585</x>
      <y>0.22666667</y>
      <w>0.7243402</w>
      <t>1401</t>
    </point>
    <point>
      <x>0.585</x>
      <y>0.22833334</y>
      <w>0.7243402</w>
      <t>1401</t>
    </point>
    <point>
      <x>0.5833333</x>
      <y>0.23</y>
      <w>0.7243402</w>
      <t>1401</t>
    </point>
    <point>
      <x>0.5833333</x>
      <y>0.23166667</y>
      <w>0.7243402</w>
      <t>1434</t>
    </point>
    <point>
      <x>0.58166665</x>
      <y>0.23333333</y>
      <w>0.7243402</w>
      <t>1434</t>
    </point>
    <point>
      <x>0.58166665</x>
      <y>0.235</y>
      <w>0.7243402</w>
      <t>1434</t>
    </point>
    <point>
      <x>0.58</x>
      <y>0.23666666</y>
      <w>0.72140765</w>
      <t>1467</t>
    </point>
    <point>
      <x>0.58</x>
      <y>0.23833333</y>
      <w>0.72140765</w>
      <t>1467</t>
    </point>
    <point>
      <x>0.5783333</x>
      <y>0.24</y>
      <w>0.72140765</w>
      <t>1467</t>
    </point>
    <point>
      <x>0.5783333</x>
      <y>0.24166666</y>
      <w>0.72140765</w>
      <t>1467</t>
    </point>
    <point>
      <x>0.57666665</x>
      <y>0.24333334</y>
      <w>0.72140765</w>
      <t>1467</t>
    </point>
    <point>
      <x>0.575</x>
      <y>0.245</y>
      <w>0.71163243</w>
      <t>1501</t>
    </point>
    <point>
      <x>0.5733333</x>
      <y>0.24833333</y>
      <w>0.71163243</w>
      <t>1501</t>
    </point>
    <point>
      <x>0.5733333</x>
      <y>0.25</y>
      <w>0.71163243</w>
      <t>1501</t>
    </point>
    <point>
      <x>0.57166666</x>
      <y>0.25166667</y>
      <w>0.71163243</w>
      <t>1501</t>
    </point>
    <point>
      <x>0.57</x>
      <y>0.25333333</y>
      <w>0.6344086</w>
      <t>1534</t>
    </point>
    <point>
      <x>0.57</x>
      <y>0.255</y>
      <w>0.6344086</w>
      <t>1534</t>
    </point>
    <point>
      <x>0.5683333</x>
      <y>0.25666666</y>
      <w>0.6344086</w>
      <t>1534</t>
    </point>
    <point>
      <x>0.56666666</x>
      <y>0.25833333</y>
      <w>0.6344086</w>
      <t>1534</t>
    </point>
    <point>
      <x>0.565</x>
      <y>0.26</y>
      <w>0.6344086</w>
      <t>1534</t>
    </point>
    <point>
      <x>0.565</x>
      <y>0.26166666</y>
      <w>0.58748776</w>
      <t>1567</t>
    </point>
    <point>
      <x>0.56333333</x>
      <y>0.26333332</y>
      <w>0.58748776</w>
      <t>1567</t>
    </point>
    <point>
      <x>0.56166667</x>
      <y>0.265</y>
      <w>0.58748776</w>
      <t>1567</t>
    </point>
    <point>
      <x>0.56</x>
      <y>0.26666668</y>
      <w>0.58748776</w>
      <t>1567</t>
    </point>
    <point>
      <x>0.55833334</x>
      <y>0.27</y>
      <w>0.4975562</w>
      <t>1600</t>
    </point>
    <point>
      <x>0.555</x>
      <y>0.27166668</y>
      <w>0.4975562</w>
      <t>1600</t>
    </point>
    <point>
      <x>0.55333334</x>
      <y>0.275</y>
      <w>0.4975562</w>
      <t>1600</t>
    </point>
    <point>
      <x>0.55</x>
      <y>0.27666667</y>
      <w>0.4975562</w>
      <t>1600</t>
    </point>
    <point>
      <x>0.54833335</x>
      <y>0.28</y>
      <w>0.398827</w>
      <t>1634</t>
    </point>
    <point>
      <x>0.545</x>
      <y>0.28166667</y>
      <w>0.398827</w>
      <t>1634</t>
    </point>
    <point>
      <x>0.5416667</x>
      <y>0.285</y>
      <w>0.398827</w>
      <t>1634</t>
    </point>
    <point>
      <x>0.54</x>
      <y>0.28666666</y>
      <w>0.398827</w>
      <t>1634</t>
    </point>
    <point>
      <x>0.5366667</x>
      <y>0.29</y>
      <w>0.398827</w>
      <t>1634</t>
    </point>
    <point>
      <x>0.535</x>
      <y>0.29166666</y>
      <w>0.24242425</w>
      <t>1667</t>
    </point>
    <point>
      <x>0.5316667</x>
      <y>0.29333332</y>
      <w>0.24242425</w>
      <t>1667</t>
    </point>
    <point>
      <x>0.5283333</x>
      <y>0.29666665</y>
      <w>0.24242425</w>
      <t>1667</t>
    </point>
    <point>
      <x>0.525</x>
      <y>0.29833335</y>
      <w>0.24242425</w>
      <t>1667</t>
    </point>
  </stroke>
  <stroke time="2767">
    <point>
      <x>0.28</x>
      <y>0.455</y>
      <w>0.13782991</w>
      <t>2767</t>
    </point>
    <point>
      <x>0.28</x>
      <y>0.45666668</y>
      <w>0.13782991</w>
      <t>2767</t>
    </point>
    <point>
      <x>0.28</x>
      <y>0.45833334</y>
      <w>0.13782991</w>
      <t>2767</t>
    </point>
    <point>
      <x>0.28166667</x>
      <y>0.46</y>
      <w>0.2913001</w>
      <t>2800</t>
    </point>
    <point>
      <x>0.28333333</x>
      <y>0.46</y>
      <w>0.2913001</w>
      <t>2800</t>
    </point>
    <point>
      <x>0.285</x>
      <y>0.46166667</y>
      <w>0.2913001</w>
      <t>2800</t>
    </point>
    <point>
      <x>0.28666666</x>
      <y>0.46333334</y>
      <w>0.2913001</w>
      <t>2800</t>
    </point>
    <point>
      <x>0.28833333</x>
      <y>0.46333334</y>
      <w>0.2913001</w>
      <t>2801</t>
    </point>
    <point>
      <x>0.29</x>
      <y>0.465</y>
      <w>0.4115347</w>
      <t>2834</t>
    </point>
    <point>
      <x>0.29166666</x>
      <y>0.465</y>
      <w>0.4115347</w>
      <t>2834</t>
    </point>
    <point>
      <x>0.29333332</x>
      <y>0.46666667</y>
      <w>0.4115347</w>
      <t>2834</t>
    </point>
    <point>
      <x>0.295</x>
      <y>0.46666667</y>
      <w>0.47311828</w>
      <t>2867</t>
    </point>
    <point>
      <x>0.29666665</x>
      <y>0.46666667</y>
      <w>0.47311828</w>
      <t>2867</t>
    </point>
    <point>
      <x>0.29666665</x>
      <y>0.46833333</y>
      <w>0.47311828</w>
      <t>2867</t>
    </point>
    <point>
      <x>0.29833335</x>
      <y>0.46833333</y>
      <w>0.47311828</w>
      <t>2867</t>
    </point>
    <point>
      <x>0.3</x>
      <y>0.46833333</y>
      <w>0.47311828</w>
      <t>2867</t>
    </point>
    <point>
      <x>0.3</x>
      <y>0.47</y>
      <w>0.53176934</w>
      <t>2901</t>
    </point>
    <point>
      <x>0.30166668</x>
      <y>0.47</y>
      <w>0.53176934</w>
      <t>2901</t>
    </point>
    <point>
      <x>0.30333334</x>
      <y>0.47</y>
      <w>0.53176934</w>
      <t>2901</t>
    </point>
    <point>
      <x>0.305</x>
      <y>0.47</y>
      <w>0.53176934</w>
      <t>2901</t>
    </point>
    <point>
      <x>0.305</x>
      <y>0.47166666</y>
      <w>0.58064514</w>
      <t>2934</t>
    </point>
    <point>
      <x>0.30666667</x>
      <y>0.47166666</y>
      <w>0.58064514</w>
      <t>2934</t>
    </point>
    <point>
      <x>0.30833334</x>
      <y>0.47166666</y>
      <w>0.58064514</w>
      <t>2934</t>
    </point>
    <point>
      <x>0.31</x>
      <y>0.47166666</y>
      <w>0.6089932</w>
      <t>2967</t>
    </point>
    <point>
      <x>0.31166667</x>
      <y>0.47166666</y>
      <w>0.6089932</w>
      <t>2967</t>
    </point>
    <point>
      <x>0.31333333</x>
      <y>0.47166666</y>
      <w>0.6363636</w>
      <t>3001</t>
    </point>
    <point>
      <x>0.315</x>
      <y>0.47166666</y>
      <w>0.6363636</w>
      <t>3001</t>
    </point>
    <point>
      <x>0.31666666</x>
      <y>0.47166666</y>
      <w>0.6363636</w>
      <t>3001</t>
    </point>
    <point>
      <x>0.31833333</x>
      <y>0.47166666</y>
      <w>0.6363636</w>
      <t>3001</t>
    </point>
    <point>
      <x>0.32166666</x>
      <y>0.47166666</y>
      <w>0.6783969</w>
      <t>3034</t>
    </point>
    <point>
      <x>0.32333332</x>
      <y>0.47166666</y>
      <w>0.6783969</w>
      <t>3034</t>
    </point>
    <point>
      <x>0.325</x>
      <y>0.47</y>
      <w>0.6783969</w>
      <t>3034</t>
    </point>
    <point>
      <x>0.32833335</x>
      <y>0.47</y>
      <w>0.6783969</w>
      <t>3034</t>
    </point>
    <point>
      <x>0.33</x>
      <y>0.46833333</y>
      <w>0.6783969</w>
      <t>3034</t>
    </point>
    <point>
      <x>0.33333334</x>
      <y>0.46833333</y>
      <w>0.6871945</w>
      <t>3067</t>
    </point>
    <point>
      <x>0.335</x>
      <y>0.46666667</y>
      <w>0.6871945</w>
      <t>3067</t>
    </point>
    <point>
      <x>0.33833334</x>
      <y>0.46666667</y>
      <w>0.6871945</w>
      <t>3067</t>
    </point>
    <point>
      <x>0.34166667</x>
      <y>0.465</y>
      <w>0.6871945</w>
      <t>3067</t>
    </point>
    <point>
      <x>0.345</x>
      <y>0.46333334</y>
      <w>0.6969697</w>
      <t>3101</t>
    </point>
    <point>
      <x>0.34833333</x>
      <y>0.46333334</y>
      <w>0.6969697</w>
      <t>3101</t>
    </point>
    <point>
      <x>0.35166666</x>
      <y>0.46166667</y>
      <w>0.6969697</w>
      <t>3101</t>
    </point>
    <point>
      <x>0.355</x>
      <y>0.46</y>
      <w>0.6969697</w>
      <t>3101</t>
    </point>
    <point>
      <x>0.35833332</x>
      <y>0.45833334</y>
      <w>0.6969697</w>
      <t>3101</t>
    </point>
    <point>
      <x>0.36166668</x>
      <y>0.45666668</y>
      <w>0.7047898</w>
      <t>3134</t>
    </point>
    <point>
      <x>0.365</x>
      <y>0.455</y>
      <w>0.7047898</w>
      <t>3134</t>
    </point>
    <point>
      <x>0.36833334</x>
      <y>0.45333335</y>
      <w>0.7047898</w>
      <t>3134</t>
    </point>
    <point>
      <x>0.37333333</x>
      <y>0.45</y>
      <w>0.7047898</w>
      <t>3134</t>
    </point>
    <point>
      <x>0.37666667</x>
      <y>0.44833332</y>
      <w>0.70576733</w>
      <t>3167</t>
    </point>
    <point>
      <x>0.38166666</x>
      <y>0.44666666</y>
      <w>0.70576733</w>
      <t>3167</t>
    </point>
    <point>
      <x>0.385</x>
      <y>0.445</y>
      <w>0.70576733</w>
      <t>3167</t>
    </point>
    <point>
      <x>0.39</x>
      <y>0.44333333</y>
      <w>0.70576733</w>
      <t>3167</t>
    </point>
    <point>
      <x>0.395</x>
      <y>0.44</y>
      <w>0.70576733</w>
      <t>3167</t>
    </point>
    <point>
      <x>0.39833334</x>
      <y>0.43833333</y>
      <w>0.70674485</w>
      <t>3201</t>
    </point>
    <point>
      <x>0.40333334</x>
      <y>0.43666667</y>
      <w>0.70674485</w>
      <t>3201</t>
    </point>
    <point>
      <x>0.40833333</x>
      <y>0.43333334</y>
      <w>0.70674485</w>
      <t>3201</t>
    </point>
    <point>
      <x>0.41333333</x>
      <y>0.43166667</y>
      <w>0.70674485</w>
      <t>3201</t>
    </point>
    <point>
      <x>0.41666666</x>
      <y>0.43</y>
      <w>0.70674485</w>
      <t>3234</t>
    </point>
    <point>
      <x>0.42333335</x>
      <y>0.42666668</y>
      <w>0.70674485</w>
      <t>3234</t>
    </point>
    <point>
      <x>0.42833334</x>
      <y>0.42333335</y>
      <w>0.70674485</w>
      <t>3234</t>
    </point>
    <point>
      <x>0.43333334</x>
      <y>0.42</y>
      <w>0.70674485</w>
      <t>3234</t>
    </point>
    <point>
      <x>0.44</x>
      <y>0.41666666</y>
      <w>0.70674485</w>
      <t>3234</t>
    </point>
    <point>
      <x>0.44666666</x>
      <y>0.41333333</y>
      <w>0.70772237</w>
      <t>3267</t>
    </point>
    <point>
      <x>0.45333335</x>
      <y>0.41</y>
      <w>0.70772237</w>
      <t>3267</t>
    </point>
    <point>
      <x>0.46</x>
      <y>0.405</y>
      <w>0.70772237</w>
      <t>3267</t>
    </point>
    <point>
      <x>0.46666667</x>
      <y>0.40166667</y>
      <w>0.70772237</w>
      <t>3267</t>
    </point>
    <point>
      <x>0.475</x>
      <y>0.39666668</y>
      <w>0.7096774</w>
      <t>3301</t>
    </point>
    <point>
      <x>0.48333332</x>
      <y>0.39333335</y>
      <w>0.7096774</w>
      <t>3301</t>
    </point>
    <point>
      <x>0.49</x>
      <y>0.38833332</y>
      <w>0.7096774</w>
      <t>3301</t>
    </point>
    <point>
      <x>0.49833333</x>
      <y>0.385</y>
      <w>0.7096774</w>
      <t>3301</t>
    </point>
    <point>
      <x>0.50666666</x>
      <y>0.38166666</y>
      <w>0.70772237</w>
      <t>3334</t>
    </point>
    <point>
      <x>0.515</x>
      <y>0.37666667</y>
      <w>0.70772237</w>
      <t>3334</t>
    </point>
    <point>
      <x>0.5233333</x>
      <y>0.37333333</y>
      <w>0.70772237</w>
      <t>3334</t>
    </point>
    <point>
      <x>0.53333336</x>
      <y>0.36833334</y>
      <w>0.70772237</w>
      <t>3334</t>
    </point>
    <point>
      <x>0.5416667</x>
      <y>0.365</y>
      <w>0.70772237</w>
      <t>3334</t>
    </point>
    <point>
      <x>0.5516667</x>
      <y>0.36</y>
      <w>0.70185727</w>
      <t>3367</t>
    </point>
    <point>
      <x>0.56</x>
      <y>0.35666665</y>
      <w>0.70185727</w>
      <t>3367</t>
    </point>
    <point>
      <x>0.5683333</x>
      <y>0.35333332</y>
      <w>0.70185727</w>
      <t>3367</t>
    </point>
    <point>
      <x>0.57666665</x>
      <y>0.35</y>
      <w>0.70185727</w>
      <t>3367</t>
    </point>
    <point>
      <x>0.5833333</x>
      <y>0.34666666</y>
      <w>0.6969697</w>
      <t>3401</t>
    </point>
    <point>
      <x>0.59166664</x>
      <y>0.345</y>
      <w>0.6969697</w>
      <t>3401</t>
    </point>
    <point>
      <x>0.6</x>
      <y>0.34166667</y>
      <w>0.6969697</w>
      <t>3401</t>
    </point>
    <point>
      <x>0.6066667</x>
      <y>0.33833334</y>
      <w>0.6969697</w>
      <t>3401</t>
    </point>
    <point>
      <x>0.615</x>
      <y>0.33666667</y>
      <w>0.6969697</w>
      <t>3401</t>
    </point>
    <point>
      <x>0.62166667</x>
      <y>0.335</y>
      <w>0.69501466</w>
      <t>3434</t>
    </point>
    <point>
      <x>0.62833333</x>
      <y>0.33166668</y>
      <w>0.69501466</w>
      <t>3434</t>
    </point>
    <point>
      <x>0.635</x>
      <y>0.33166668</y>
      <w>0.69501466</w>
      <t>3434</t>
    </point>
    <point>
      <x>0.64166665</x>
      <y>0.33</y>
      <w>0.69501466</w>
      <t>3434</t>
    </point>
    <point>
      <x>0.64666665</x>
      <y>0.32833335</y>
      <w>0.6911046</w>
      <t>3468</t>
    </point>
    <point>
      <x>0.65166664</x>
      <y>0.32833335</y>
      <w>0.6911046</w>
      <t>3468</t>
    </point>
    <point>
      <x>0.6566667</x>
      <y>0.32833335</y>
      <w>0.6911046</w>
      <t>3468</t>
    </point>
    <point>
      <x>0.6616667</x>
      <y>0.32833335</y>
      <w>0.6911046</w>
      <t>3468</t>
    </point>
    <point>
      <x>0.665</x>
      <y>0.32833335</y>
      <w>0.6911046</w>
      <t>3468</t>
    </point>
    <point>
      <x>0.66833335</x>
      <y>0.32833335</y>
      <w>0.6901271</w>
      <t>3501</t>
    </point>
    <point>
      <x>0.6716667</x>
      <y>0.32833335</y>
      <w>0.6901271</w>
      <t>3501</t>
    </point>
    <point>
      <x>0.675</x>
      <y>0.32833335</y>
      <w>0.6901271</w>
      <t>3501</t>
    </point>
    <point>
      <x>0.67833334</x>
      <y>0.32833335</y>
      <w>0.6901271</w>
      <t>3501</t>
    </point>
    <point>
      <x>0.68</x>
      <y>0.32833335</y>
      <w>0.6901271</w>
      <t>3534</t>
    </point>
    <point>
      <x>0.6816667</x>
      <y>0.33</y>
      <w>0.6901271</w>
      <t>3534</t>
    </point>
    <point>
      <x>0.68333334</x>
      <y>0.33</y>
      <w>0.6901271</w>
      <t>3534</t>
    </point>
    <point>
      <x>0.685</x>
      <y>0.33</y>
      <w>0.6901271</w>
      <t>3534</t>
    </point>
    <point>
      <x>0.68666667</x>
      <y>0.33166668</y>
      <w>0.6920821</w>
      <t>3568</t>
    </point>
    <point>
      <x>0.68833333</x>
      <y>0.33166668</y>
      <w>0.6920821</w>
      <t>3568</t>
    </point>
    <point>
      <x>0.68833333</x>
      <y>0.33333334</y>
      <w>0.6920821</w>
      <t>3568</t>
    </point>
    <point>
      <x>0.69</x>
      <y>0.33333334</y>
      <w>0.6920821</w>
      <t>3568</t>
    </point>
    <point>
      <x>0.69166666</x>
      <y>0.335</y>
      <w>0.6920821</w>
      <t>3568</t>
    </point>
    <point>
      <x>0.6933333</x>
      <y>0.33666667</y>
      <w>0.6959922</w>
      <t>3601</t>
    </point>
    <point>
      <x>0.695</x>
      <y>0.33666667</y>
      <w>0.6959922</w>
      <t>3601</t>
    </point>
    <point>
      <x>0.695</x>
      <y>0.33833334</y>
      <w>0.6959922</w>
      <t>3601</t>
    </point>
    <point>
      <x>0.69666666</x>
      <y>0.33833334</y>
      <w>0.69990224</w>
      <t>3634</t>
    </point>
    <point>
      <x>0.69666666</x>
      <y>0.34</y>
      <w>0.69990224</w>
      <t>3634</t>
    </point>
    <point>
      <x>0.6983333</x>
      <y>0.34</y>
      <w>0.69990224</w>
      <t>3634</t>
    </point>
    <point>
      <x>0.6983333</x>
      <y>0.34166667</y>
      <w>0.7047898</w>
      <t>3668</t>
    </point>
    <point>
      <x>0.6983333</x>
      <y>0.34333333</y>
      <w>0.7047898</w>
      <t>3668</t>
    </point>
    <point>
      <x>0.7</x>
      <y>0.345</y>
      <w>0.7047898</w>
      <t>3668</t>
    </point>
    <point>
      <x>0.7</x>
      <y>0.34666666</y>
      <w>0.70674485</w>
      <t>3701</t>
    </point>
    <point>
      <x>0.7</x>
      <y>0.34833333</y>
      <w>0.70674485</w>
      <t>3701</t>
    </point>
    <point>
      <x>0.70166665</x>
      <y>0.34833333</y>
      <w>0.70674485</w>
      <t>3701</t>
    </point>
    <point>
      <x>0.70166665</x>
      <y>0.35</y>
      <w>0.70674485</w>
      <t>3701</t>
    </point>
    <point>
      <x>0.70166665</x>
      <y>0.35166666</y>
      <w>0.70772237</w>
      <t>3734</t>
    </point>
    <point>
      <x>0.70166665</x>
      <y>0.35333332</y>
      <w>0.70772237</w>
      <t>3734</t>
    </point>
    <point>
      <x>0.70166665</x>
      <y>0.355</y>
      <w>0.7106549</w>
      <t>3768</t>
    </point>
    <point>
      <x>0.70166665</x>
      <y>0.35666665</y>
      <w>0.7106549</w>
      <t>3768</t>
    </point>
    <point>
      <x>0.70166665</x>
      <y>0.35833332</y>
      <w>0.7106549</w>
      <t>3768</t>
    </point>
    <point>
      <x>0.70166665</x>
      <y>0.36</y>
      <w>0.7106549</w>
      <t>3801</t>
    </point>
    <point>
      <x>0.70166665</x>
      <y>0.36166668</y>
      <w>0.7106549</w>
      <t>3801</t>
    </point>
    <point>
      <x>0.70166665</x>
      <y>0.36333334</y>
      <w>0.71163243</w>
      <t>3834</t>
    </point>
    <point>
      <x>0.70166665</x>
      <y>0.365</y>
      <w>0.71163243</w>
      <t>3834</t>
    </point>
    <point>
      <x>0.7</x>
      <y>0.36666667</y>
      <w>0.71260995</w>
      <t>3867</t>
    </point>
    <point>
      <x>0.7</x>
      <y>0.36833334</y>
      <w>0.71260995</w>
      <t>3867</t>
    </point>
    <point>
      <x>0.6983333</x>
      <y>0.37</y>
      <w>0.71260995</w>
      <t>3867</t>
    </point>
    <point>
      <x>0.69666666</x>
      <y>0.37166667</y>
      <w>0.71260995</w>
      <t>3867</t>
    </point>
    <point>
      <x>0.69666666</x>
      <y>0.37333333</y>
      <w>0.71260995</w>
      <t>3901</t>
    </point>
    <point>
      <x>0.695</x>
      <y>0.37333333</y>
      <w>0.71260995</w>
      <t>3901</t>
    </point>
    <point>
      <x>0.6933333</x>
      <y>0.375</y>
      <w>0.71260995</w>
      <t>3901</t>
    </point>
    <point>
      <x>0.6933333</x>
      <y>0.37666667</y>
      <w>0.71260995</w>
      <t>3901</t>
    </point>
    <point>
      <x>0.69166666</x>
      <y>0.37833333</y>
      <w>0.7047898</w>
      <t>3934</t>
    </point>
    <point>
      <x>0.69</x>
      <y>0.38</y>
      <w>0.7047898</w>
      <t>3934</t>
    </point>
    <point>
      <x>0.68833333</x>
      <y>0.38166666</y>
      <w>0.7047898</w>
      <t>3934</t>
    </point>
    <point>
      <x>0.68666667</x>
      <y>0.38333333</y>
      <w>0.7047898</w>
      <t>3934</t>
    </point>
    <point>
      <x>0.685</x>
      <y>0.385</y>
      <w>0.7047898</w>
      <t>3934</t>
    </point>
    <point>
      <x>0.68333334</x>
      <y>0.38666666</y>
      <w>0.67741936</w>
      <t>3967</t>
    </point>
    <point>
      <x>0.6816667</x>
      <y>0.38833332</y>
      <w>0.67741936</w>
      <t>3967</t>
    </point>
    <point>
      <x>0.68</x>
      <y>0.39</y>
      <w>0.67741936</w>
      <t>3967</t>
    </point>
    <point>
      <x>0.6766667</x>
      <y>0.39166668</y>
      <w>0.67741936</w>
      <t>3967</t>
    </point>
    <point>
      <x>0.675</x>
      <y>0.39333335</y>
      <w>0.64907134</w>
      <t>4001</t>
    </point>
    <point>
      <x>0.67333335</x>
      <y>0.395</y>
      <w>0.64907134</w>
      <t>4001</t>
    </point>
    <point>
      <x>0.6716667</x>
      <y>0.39666668</y>
      <w>0.64907134</w>
      <t>4001</t>
    </point>
    <point>
      <x>0.67</x>
      <y>0.39666668</y>
      <w>0.64907134</w>
      <t>4001</t>
    </point>
    <point>
      <x>0.6666667</x>
      <y>0.39833334</y>
      <w>0.64907134</w>
      <t>4001</t>
    </point>
    <point>
      <x>0.665</x>
      <y>0.4</y>
      <w>0.6168133</w>
      <t>4034</t>
    </point>
    <point>
      <x>0.6616667</x>
      <y>0.40166667</y>
      <w>0.6168133</w>
      <t>4034</t>
    </point>
    <point>
      <x>0.66</x>
      <y>0.40166667</y>
      <w>0.6168133</w>
      <t>4034</t>
    </point>
    <point>
      <x>0.6566667</x>
      <y>0.40333334</y>
      <w>0.6168133</w>
      <t>4034</t>
    </point>
    <point>
      <x>0.6533333</x>
      <y>0.405</y>
      <w>0.5610948</w>
      <t>4067</t>
    </point>
    <point>
      <x>0.65166664</x>
      <y>0.40666667</y>
      <w>0.5610948</w>
      <t>4067</t>
    </point>
    <point>
      <x>0.6483333</x>
      <y>0.40666667</y>
      <w>0.5610948</w>
      <t>4067</t>
    </point>
    <point>
      <x>0.645</x>
      <y>0.40833333</y>
      <w>0.5610948</w>
      <t>4067</t>
    </point>
    <point>
      <x>0.64166665</x>
      <y>0.41</y>
      <w>0.5610948</w>
      <t>4067</t>
    </point>
    <point>
      <x>0.6383333</x>
      <y>0.41</y>
      <w>0.47311828</w>
      <t>4101</t>
    </point>
    <point>
      <x>0.635</x>
      <y>0.41166666</y>
      <w>0.47311828</w>
      <t>4101</t>
    </point>
    <point>
      <x>0.63</x>
      <y>0.41166666</y>
      <w>0.47311828</w>
      <t>4101</t>
    </point>
    <point>
      <x>0.62666667</x>
      <y>0.41333333</y>
      <w>0.47311828</w>
      <t>4101</t>
    </point>
    <point>
      <x>0.62166667</x>
      <y>0.415</y>
      <w>0.3841642</w>
      <t>4134</t>
    </point>
    <point>
      <x>0.6166667</x>
      <y>0.415</y>
      <w>0.3841642</w>
      <t>4134</t>
    </point>
    <point>
      <x>0.6116667</x>
      <y>0.41666666</y>
      <w>0.3841642</w>
      <t>4134</t>
    </point>
    <point>
      <x>0.6066667</x>
      <y>0.41833332</y>
      <w>0.3841642</w>
      <t>4134</t>
    </point>
    <point>
      <x>0.6016667</x>
      <y>0.41833332</y>
      <w>0.05083089</w>
      <t>4168</t>
    </point>
    <point>
      <x>0.59833336</x>
      <y>0.42</y>
      <w>0.05083089</w>
      <t>4168</t>
    </point>
  </stroke>
  <stroke time="4934">
    <point>
      <x>0.46666667</x>
      <y>0.17833333</y>
      <w>0.109481916</w>
      <t>4934</t>
    </point>
    <point>
      <x>0.46833333</x>
      <y>0.18</y>
      <w>0.18768328</w>
      <t>4968</t>
    </point>
    <point>
      <x>0.47</x>
      <y>0.18333334</y>
      <w>0.18768328</w>
      <t>4968</t>
    </point>
    <point>
      <x>0.47333333</x>
      <y>0.185</y>
      <w>0.18768328</w>
      <t>4968</t>
    </point>
    <point>
      <x>0.475</x>
      <y>0.18666667</y>
      <w>0.18768328</w>
      <t>4968</t>
    </point>
    <point>
      <x>0.47666666</x>
      <y>0.18833333</y>
      <w>0.2913001</w>
      <t>5001</t>
    </point>
    <point>
      <x>0.47833332</x>
      <y>0.19</y>
      <w>0.2913001</w>
      <t>5001</t>
    </point>
    <point>
      <x>0.48</x>
      <y>0.19333333</y>
      <w>0.2913001</w>
      <t>5001</t>
    </point>
    <point>
      <x>0.48166665</x>
      <y>0.195</y>
      <w>0.2913001</w>
      <t>5001</t>
    </point>
    <point>
      <x>0.48333332</x>
      <y>0.19666667</y>
      <w>0.4340176</w>
      <t>5034</t>
    </point>
    <point>
      <x>0.485</x>
      <y>0.19833334</y>
      <w>0.4340176</w>
      <t>5034</t>
    </point>
    <point>
      <x>0.48666668</x>
      <y>0.20166667</y>
      <w>0.4340176</w>
      <t>5034</t>
    </point>
    <point>
      <x>0.48833334</x>
      <y>0.20333333</y>
      <w>0.4340176</w>
      <t>5034</t>
    </point>
    <point>
      <x>0.48833334</x>
      <y>0.20666666</y>
      <w>0.4916911</w>
      <t>5068</t>
    </point>
    <point>
      <x>0.49</x>
      <y>0.21</y>
      <w>0.4916911</w>
      <t>5068</t>
    </point>
    <point>
      <x>0.49166667</x>
      <y>0.21166667</y>
      <w>0.4916911</w>
      <t>5068</t>
    </point>
    <point>
      <x>0.49333334</x>
      <y>0.215</y>
      <w>0.4916911</w>
      <t>5068</t>
    </point>
    <point>
      <x>0.49333334</x>
      <y>0.21666667</y>
      <w>0.4916911</w>
      <t>5068</t>
    </point>
    <point>
      <x>0.495</x>
      <y>0.21833333</y>
      <w>0.5278592</w>
      <t>5101</t>
    </point>
    <point>
      <x>0.49666667</x>
      <y>0.22</y>
      <w>0.5278592</w>
      <t>5101</t>
    </point>
    <point>
      <x>0.49666667</x>
      <y>0.22166666</y>
      <w>0.5278592</w>
      <t>5101</t>
    </point>
    <point>
      <x>0.49833333</x>
      <y>0.225</y>
      <w>0.5278592</w>
      <t>5101</t>
    </point>
    <point>
      <x>0.5</x>
      <y>0.22666667</y>
      <w>0.5845552</w>
      <t>5134</t>
    </point>
    <point>
      <x>0.5</x>
      <y>0.22833334</y>
      <w>0.5845552</w>
      <t>5134</t>
    </point>
    <point>
      <x>0.5</x>
      <y>0.23166667</y>
      <w>0.5845552</w>
      <t>5134</t>
    </point>
    <point>
      <x>0.50166667</x>
      <y>0.235</y>
      <w>0.5845552</w>
      <t>5134</t>
    </point>
    <point>
      <x>0.50166667</x>
      <y>0.23666666</y>
      <w>0.5845552</w>
      <t>5134</t>
    </point>
    <point>
      <x>0.50166667</x>
      <y>0.24</y>
      <w>0.6158358</w>
      <t>5167</t>
    </point>
    <point>
      <x>0.50166667</x>
      <y>0.24333334</y>
      <w>0.6158358</w>
      <t>5167</t>
    </point>
    <point>
      <x>0.50333333</x>
      <y>0.24666667</y>
      <w>0.6158358</w>
      <t>5167</t>
    </point>
    <point>
      <x>0.50333333</x>
      <y>0.24833333</y>
      <w>0.6158358</w>
      <t>5167</t>
    </point>
    <point>
      <x>0.50333333</x>
      <y>0.25166667</y>
      <w>0.63734114</w>
      <t>5201</t>
    </point>
    <point>
      <x>0.50333333</x>
      <y>0.255</y>
      <w>0.63734114</w>
      <t>5201</t>
    </point>
    <point>
      <x>0.505</x>
      <y>0.25666666</y>
      <w>0.63734114</w>
      <t>5201</t>
    </point>
    <point>
      <x>0.505</x>
      <y>0.26</y>
      <w>0.63734114</w>
      <t>5201</t>
    </point>
    <point>
      <x>0.505</x>
      <y>0.26166666</y>
      <w>0.63734114</w>
      <t>5201</t>
    </point>
    <point>
      <x>0.505</x>
      <y>0.265</y>
      <w>0.66471165</w>
      <t>5234</t>
    </point>
    <point>
      <x>0.505</x>
      <y>0.26666668</y>
      <w>0.66471165</w>
      <t>5234</t>
    </point>
    <point>
      <x>0.505</x>
      <y>0.27</y>
      <w>0.66471165</w>
      <t>5234</t>
    </point>
    <point>
      <x>0.505</x>
      <y>0.27166668</y>
      <w>0.66471165</w>
      <t>5234</t>
    </point>
    <point>
      <x>0.505</x>
      <y>0.275</y>
      <w>0.7106549</w>
      <t>5267</t>
    </point>
    <point>
      <x>0.505</x>
      <y>0.27833334</y>
      <w>0.7106549</w>
      <t>5267</t>
    </point>
    <point>
      <x>0.505</x>
      <y>0.28166667</y>
      <w>0.7106549</w>
      <t>5267</t>
    </point>
    <point>
      <x>0.50333333</x>
      <y>0.28333333</y>
      <w>0.7106549</w>
      <t>5267</t>
    </point>
    <point>
      <x>0.50333333</x>
      <y>0.28666666</y>
      <w>0.7106549</w>
      <t>5267</t>
    </point>
    <point>
      <x>0.50166667</x>
      <y>0.29</y>
      <w>0.7438905</w>
      <t>5301</t>
    </point>
    <point>
      <x>0.50166667</x>
      <y>0.295</y>
      <w>0.7438905</w>
      <t>5301</t>
    </point>
    <point>
      <x>0.5</x>
      <y>0.29833335</y>
      <w>0.7438905</w>
      <t>5301</t>
    </point>
    <point>
      <x>0.5</x>
      <y>0.30333334</y>
      <w>0.7438905</w>
      <t>5301</t>
    </point>
    <point>
      <x>0.49833333</x>
      <y>0.30833334</y>
      <w>0.7595308</w>
      <t>5334</t>
    </point>
    <point>
      <x>0.49666667</x>
      <y>0.31333333</y>
      <w>0.7595308</w>
      <t>5334</t>
    </point>
    <point>
      <x>0.49666667</x>
      <y>0.31833333</y>
      <w>0.7595308</w>
      <t>5334</t>
    </point>
    <point>
      <x>0.495</x>
      <y>0.32333332</y>
      <w>0.7595308</w>
      <t>5334</t>
    </point>
    <point>
      <x>0.49333334</x>
      <y>0.32833335</y>
      <w>0.7595308</w>
      <t>5334</t>
    </point>
    <point>
      <x>0.49333334</x>
      <y>0.33333334</y>
      <w>0.7937439</w>
      <t>5367</t>
    </point>
    <point>
      <x>0.49166667</x>
      <y>0.33833334</y>
      <w>0.7937439</w>
      <t>5367</t>
    </point>
    <point>
      <x>0.49</x>
      <y>0.345</y>
      <w>0.7937439</w>
      <t>5367</t>
    </point>
    <point>
      <x>0.48833334</x>
      <y>0.35</y>
      <w>0.7937439</w>
      <t>5367</t>
    </point>
    <point>
      <x>0.48666668</x>
      <y>0.35666665</y>
      <w>0.8230694</w>
      <t>5401</t>
    </point>
    <point>
      <x>0.485</x>
      <y>0.36166668</y>
      <w>0.8230694</w>
      <t>5401</t>
    </point>
    <point>
      <x>0.48333332</x>
      <y>0.36833334</y>
      <w>0.8230694</w>
      <t>5401</t>
    </point>
    <point>
      <x>0.48166665</x>
      <y>0.375</y>
      <w>0.8230694</w>
      <t>5401</t>
    </point>
    <point>
      <x>0.47833332</x>
      <y>0.38166666</y>
      <w>0.8406647</w>
      <t>5434</t>
    </point>
    <point>
      <x>0.47666666</x>
      <y>0.39</y>
      <w>0.8406647</w>
      <t>5434</t>
    </point>
    <point>
      <x>0.47333333</x>
      <y>0.39666668</y>
      <w>0.8406647</w>
      <t>5434</t>
    </point>
    <point>
      <x>0.47</x>
      <y>0.405</y>
      <w>0.8406647</w>
      <t>5434</t>
    </point>
    <point>
      <x>0.46666667</x>
      <y>0.41333333</y>
      <w>0.8406647</w>
      <t>5434</t>
    </point>
    <point>
      <x>0.46333334</x>
      <y>0.42166665</y>
      <w>0.8406647</w>
      <t>5467</t>
    </point>
    <point>
      <x>0.46</x>
      <y>0.43</y>
      <w>0.8406647</w>
      <t>5467</t>
    </point>
    <point>
      <x>0.45666668</x>
      <y>0.43833333</y>
      <w>0.8406647</w>
      <t>5467</t>
    </point>
    <point>
      <x>0.455</x>
      <y>0.44666666</y>
      <w>0.8406647</w>
      <t>5467</t>
    </point>
    <point>
      <x>0.45166665</x>
      <y>0.45333335</y>
      <w>0.83870965</w>
      <t>5501</t>
    </point>
    <point>
      <x>0.45</x>
      <y>0.46166667</y>
      <w>0.83870965</w>
      <t>5501</t>
    </point>
    <point>
      <x>0.44833332</x>
      <y>0.46833333</y>
      <w>0.83870965</w>
      <t>5501</t>
    </point>
    <point>
      <x>0.44666666</x>
      <y>0.47666666</y>
      <w>0.83870965</w>
      <t>5501</t>
    </point>
    <point>
      <x>0.445</x>
      <y>0.48333332</y>
      <w>0.83870965</w>
      <t>5501</t>
    </point>
    <point>
      <x>0.44333333</x>
      <y>0.49166667</y>
      <w>0.83870965</w>
      <t>5534</t>
    </point>
    <point>
      <x>0.44166666</x>
      <y>0.49833333</y>
      <w>0.83870965</w>
      <t>5534</t>
    </point>
    <point>
      <x>0.44</x>
      <y>0.50333333</y>
      <w>0.83870965</w>
      <t>5534</t>
    </point>
    <point>
      <x>0.44</x>
      <y>0.51</y>
      <w>0.83870965</w>
      <t>5534</t>
    </point>
    <point>
      <x>0.44</x>
      <y>0.515</y>
      <w>0.8367546</w>
      <t>5568</t>
    </point>
    <point>
      <x>0.44</x>
      <y>0.52</y>
      <w>0.8367546</w>
      <t>5568</t>
    </point>
    <point>
      <x>0.44</x>
      <y>0.5233333</y>
      <w>0.8367546</w>
      <t>5568</t>
    </point>
    <point>
      <x>0.43833333</x>
      <y>0.52666664</y>
      <w>0.8367546</w>
      <t>5568</t>
    </point>
    <point>
      <x>0.43833333</x>
      <y>0.5283333</y>
      <w>0.8367546</w>
      <t>5568</t>
    </point>
    <point>
      <x>0.43833333</x>
      <y>0.5316667</y>
      <w>0.8357771</w>
      <t>5600</t>
    </point>
    <point>
      <x>0.43833333</x>
      <y>0.53333336</y>
      <w>0.8357771</w>
      <t>5600</t>
    </point>
    <point>
      <x>0.43833333</x>
      <y>0.535</y>
      <w>0.8357771</w>
      <t>5600</t>
    </point>
    <point>
      <x>0.44</x>
      <y>0.5366667</y>
      <w>0.8338221</w>
      <t>5634</t>
    </point>
    <point>
      <x>0.44166666</x>
      <y>0.5366667</y>
      <w>0.827957</w>
      <t>5667</t>
    </point>
    <point>
      <x>0.44166666</x>
      <y>0.53833336</y>
      <w>0.827957</w>
      <t>5667</t>
    </point>
    <point>
      <x>0.44333333</x>
      <y>0.53833336</y>
      <w>0.827957</w>
      <t>5667</t>
    </point>
    <point>
      <x>0.445</x>
      <y>0.53833336</y>
      <w>0.8191593</w>
      <t>5701</t>
    </point>
    <point>
      <x>0.44666666</x>
      <y>0.53833336</y>
      <w>0.8191593</w>
      <t>5734</t>
    </point>
    <point>
      <x>0.44833332</x>
      <y>0.53833336</y>
      <w>0.8191593</w>
      <t>5734</t>
    </point>
    <point>
      <x>0.45</x>
      <y>0.53833336</y>
      <w>0.8191593</w>
      <t>5734</t>
    </point>
    <point>
      <x>0.45166665</x>
      <y>0.53833336</y>
      <w>0.8191593</w>
      <t>5734</t>
    </point>
    <point>
      <x>0.45333335</x>
      <y>0.53833336</y>
      <w>0.81427175</w>
      <t>5767</t>
    </point>
    <point>
      <x>0.455</x>
      <y>0.53833336</y>
      <w>0.81427175</w>
      <t>5767</t>
    </point>
    <point>
      <x>0.45666668</x>
      <y>0.5366667</y>
      <w>0.81427175</w>
      <t>5767</t>
    </point>
    <point>
      <x>0.46</x>
      <y>0.5366667</y>
      <w>0.81427175</w>
      <t>5767</t>
    </point>
    <point>
      <x>0.46166667</x>
      <y>0.535</y>
      <w>0.80938417</w>
      <t>5801</t>
    </point>
    <point>
      <x>0.46333334</x>
      <y>0.535</y>
      <w>0.80938417</w>
      <t>5801</t>
    </point>
    <point>
      <x>0.465</x>
      <y>0.53333336</y>
      <w>0.80938417</w>
      <t>5801</t>
    </point>
    <point>
      <x>0.46833333</x>
      <y>0.53333336</y>
      <w>0.80938417</w>
      <t>5801</t>
    </point>
    <point>
      <x>0.47</x>
      <y>0.5316667</y>
      <w>0.80938417</w>
      <t>5801</t>
    </point>
    <point>
      <x>0.47333333</x>
      <y>0.5316667</y>
      <w>0.8044966</w>
      <t>5834</t>
    </point>
    <point>
      <x>0.47666666</x>
      <y>0.53</y>
      <w>0.8044966</w>
      <t>5834</t>
    </point>
    <point>
      <x>0.48</x>
      <y>0.5283333</y>
      <w>0.8044966</w>
      <t>5834</t>
    </point>
    <point>
      <x>0.48166665</x>
      <y>0.5283333</y>
      <w>0.8044966</w>
      <t>5834</t>
    </point>
    <point>
      <x>0.485</x>
      <y>0.52666664</y>
      <w>0.78983384</w>
      <t>5867</t>
    </point>
    <point>
      <x>0.48833334</x>
      <y>0.525</y>
      <w>0.78983384</w>
      <t>5867</t>
    </point>
    <point>
      <x>0.49166667</x>
      <y>0.5233333</y>
      <w>0.78983384</w>
      <t>5867</t>
    </point>
    <point>
      <x>0.495</x>
      <y>0.5233333</y>
      <w>0.78983384</w>
      <t>5867</t>
    </point>
    <point>
      <x>0.49666667</x>
      <y>0.52166665</y>
      <w>0.78983384</w>
      <t>5867</t>
    </point>
    <point>
      <x>0.5</x>
      <y>0.52</y>
      <w>0.7663734</w>
      <t>5900</t>
    </point>
    <point>
      <x>0.50166667</x>
      <y>0.52</y>
      <w>0.7663734</w>
      <t>5900</t>
    </point>
    <point>
      <x>0.505</x>
      <y>0.5183333</y>
      <w>0.7663734</w>
      <t>5900</t>
    </point>
    <point>
      <x>0.50666666</x>
      <y>0.5183333</y>
      <w>0.7663734</w>
      <t>5900</t>
    </point>
    <point>
      <x>0.51</x>
      <y>0.5183333</y>
      <w>0.7487781</w>
      <t>5934</t>
    </point>
    <point>
      <x>0.51166666</x>
      <y>0.51666665</y>
      <w>0.7487781</w>
      <t>5934</t>
    </point>
    <point>
      <x>0.5133333</x>
      <y>0.51666665</y>
      <w>0.7487781</w>
      <t>5934</t>
    </point>
    <point>
      <x>0.51666665</x>
      <y>0.51666665</y>
      <w>0.7487781</w>
      <t>5934</t>
    </point>
    <point>
      <x>0.5183333</x>
      <y>0.515</y>
      <w>0.7253177</w>
      <t>5968</t>
    </point>
    <point>
      <x>0.52</x>
      <y>0.515</y>
      <w>0.7253177</w>
      <t>5968</t>
    </point>
    <point>
      <x>0.5233333</x>
      <y>0.515</y>
      <w>0.7253177</w>
      <t>5968</t>
    </point>
    <point>
      <x>0.525</x>
      <y>0.515</y>
      <w>0.7253177</w>
      <t>5968</t>
    </point>
    <point>
      <x>0.52666664</x>
      <y>0.515</y>
      <w>0.7253177</w>
      <t>5968</t>
    </point>
    <point>
      <x>0.5283333</x>
      <y>0.5133333</y>
      <w>0.6979472</w>
      <t>6001</t>
    </point>
    <point>
      <x>0.53</x>
      <y>0.5133333</y>
      <w>0.6979472</w>
      <t>6001</t>
    </point>
    <point>
      <x>0.5316667</x>
      <y>0.5133333</y>
      <w>0.6979472</w>
      <t>6001</t>
    </point>
    <point>
      <x>0.53333336</x>
      <y>0.5133333</y>
      <w>0.6979472</w>
      <t>6001</t>
    </point>
    <point>
      <x>0.535</x>
      <y>0.5133333</y>
      <w>0.686217</w>
      <t>6034</t>
    </point>
    <point>
      <x>0.5366667</x>
      <y>0.5133333</y>
      <w>0.686217</w>
      <t>6034</t>
    </point>
    <point>
      <x>0.53833336</x>
      <y>0.5133333</y>
      <w>0.686217</w>
      <t>6034</t>
    </point>
    <point>
      <x>0.54</x>
      <y>0.5133333</y>
      <w>0.686217</w>
      <t>6034</t>
    </point>
    <point>
      <x>0.5416667</x>
      <y>0.5133333</y>
      <w>0.65591395</w>
      <t>6068</t>
    </point>
    <point>
      <x>0.54333335</x>
      <y>0.5133333</y>
      <w>0.65591395</w>
      <t>6068</t>
    </point>
    <point>
      <x>0.545</x>
      <y>0.515</y>
      <w>0.6422287</w>
      <t>6101</t>
    </point>
    <point>
      <x>0.5466667</x>
      <y>0.51666665</y>
      <w>0.6422287</w>
      <t>6101</t>
    </point>
    <point>
      <x>0.5466667</x>
      <y>0.5183333</y>
      <w>0.63831866</w>
      <t>6134</t>
    </point>
    <point>
      <x>0.5466667</x>
      <y>0.52</y>
      <w>0.63831866</w>
      <t>6134</t>
    </point>
    <point>
      <x>0.5466667</x>
      <y>0.52166665</y>
      <w>0.63734114</w>
      <t>6168</t>
    </point>
    <point>
      <x>0.5466667</x>
      <y>0.5233333</y>
      <w>0.63734114</w>
      <t>6168</t>
    </point>
    <point>
      <x>0.5466667</x>
      <y>0.525</y>
      <w>0.63734114</w>
      <t>6168</t>
    </point>
    <point>
      <x>0.545</x>
      <y>0.5283333</y>
      <w>0.63734114</w>
      <t>6168</t>
    </point>
    <point>
      <x>0.545</x>
      <y>0.53</y>
      <w>0.63734114</w>
      <t>6201</t>
    </point>
    <point>
      <x>0.54333335</x>
      <y>0.53333336</y>
      <w>0.63734114</w>
      <t>6201</t>
    </point>
    <point>
      <x>0.5416667</x>
      <y>0.535</y>
      <w>0.63734114</w>
      <t>6201</t>
    </point>
    <point>
      <x>0.54</x>
      <y>0.53833336</y>
      <w>0.63734114</w>
      <t>6201</t>
    </point>
    <point>
      <x>0.5366667</x>
      <y>0.5416667</y>
      <w>0.6422287</w>
      <t>6234</t>
    </point>
    <point>
      <x>0.53333336</x>
      <y>0.545</y>
      <w>0.6422287</w>
      <t>6234</t>
    </point>
    <point>
      <x>0.5316667</x>
      <y>0.54833335</y>
      <w>0.6422287</w>
      <t>6234</t>
    </point>
    <point>
      <x>0.5283333</x>
      <y>0.55333334</y>
      <w>0.6422287</w>
      <t>6234</t>
    </point>
    <point>
      <x>0.525</x>
      <y>0.5566667</y>
      <w>0.6520039</w>
      <t>6267</t>
    </point>
    <point>
      <x>0.5233333</x>
      <y>0.56</y>
      <w>0.6520039</w>
      <t>6267</t>
    </point>
    <point>
      <x>0.52</x>
      <y>0.565</y>
      <w>0.6520039</w>
      <t>6267</t>
    </point>
    <point>
      <x>0.515</x>
      <y>0.5683333</y>
      <w>0.6520039</w>
      <t>6267</t>
    </point>
    <point>
      <x>0.51166666</x>
      <y>0.5733333</y>
      <w>0.6520039</w>
      <t>6267</t>
    </point>
    <point>
      <x>0.50666666</x>
      <y>0.58</y>
      <w>0.65591395</w>
      <t>6301</t>
    </point>
    <point>
      <x>0.50166667</x>
      <y>0.585</y>
      <w>0.65591395</w>
      <t>6301</t>
    </point>
    <point>
      <x>0.49666667</x>
      <y>0.5933333</y>
      <w>0.65591395</w>
      <t>6301</t>
    </point>
    <point>
      <x>0.49</x>
      <y>0.6</y>
      <w>0.65591395</w>
      <t>6301</t>
    </point>
    <point>
      <x>0.485</x>
      <y>0.6066667</y>
      <w>0.65884656</w>
      <t>6334</t>
    </point>
    <point>
      <x>0.47833332</x>
      <y>0.615</y>
      <w>0.65884656</w>
      <t>6334</t>
    </point>
    <point>
      <x>0.47166666</x>
      <y>0.62333333</y>
      <w>0.65884656</w>
      <t>6334</t>
    </point>
    <point>
      <x>0.46666667</x>
      <y>0.63166666</y>
      <w>0.65884656</w>
      <t>6334</t>
    </point>
    <point>
      <x>0.46</x>
      <y>0.64</y>
      <w>0.65884656</w>
      <t>6334</t>
    </point>
    <point>
      <x>0.45333335</x>
      <y>0.6483333</y>
      <w>0.6568915</w>
      <t>6367</t>
    </point>
    <point>
      <x>0.44666666</x>
      <y>0.65833336</y>
      <w>0.6568915</w>
      <t>6367</t>
    </point>
    <point>
      <x>0.44</x>
      <y>0.6666667</y>
      <w>0.6568915</w>
      <t>6367</t>
    </point>
    <point>
      <x>0.43333334</x>
      <y>0.675</y>
      <w>0.6568915</w>
      <t>6367</t>
    </point>
    <point>
      <x>0.42833334</x>
      <y>0.68333334</y>
      <w>0.65591395</w>
      <t>6401</t>
    </point>
    <point>
      <x>0.42166665</x>
      <y>0.6933333</y>
      <w>0.65591395</w>
      <t>6401</t>
    </point>
    <point>
      <x>0.41666666</x>
      <y>0.70166665</y>
      <w>0.65591395</w>
      <t>6401</t>
    </point>
    <point>
      <x>0.41166666</x>
      <y>0.71</y>
      <w>0.65591395</w>
      <t>6401</t>
    </point>
    <point>
      <x>0.40666667</x>
      <y>0.71666664</y>
      <w>0.65591395</w>
      <t>6401</t>
    </point>
    <point>
      <x>0.40333334</x>
      <y>0.72333336</y>
      <w>0.65591395</w>
      <t>6434</t>
    </point>
    <point>
      <x>0.39833334</x>
      <y>0.73</y>
      <w>0.65591395</w>
      <t>6434</t>
    </point>
    <point>
      <x>0.395</x>
      <y>0.7366667</y>
      <w>0.65591395</w>
      <t>6434</t>
    </point>
    <point>
      <x>0.39166668</x>
      <y>0.74333334</y>
      <w>0.65591395</w>
      <t>6434</t>
    </point>
    <point>
      <x>0.38833332</x>
      <y>0.74833333</y>
      <w>0.65493643</w>
      <t>6467</t>
    </point>
    <point>
      <x>0.385</x>
      <y>0.75333333</y>
      <w>0.65493643</w>
      <t>6467</t>
    </point>
    <point>
      <x>0.38166666</x>
      <y>0.75666666</y>
      <w>0.65493643</w>
      <t>6467</t>
    </point>
    <point>
      <x>0.38</x>
      <y>0.76</y>
      <w>0.65493643</w>
      <t>6467</t>
    </point>
    <point>
      <x>0.37833333</x>
      <y>0.7633333</y>
      <w>0.65493643</w>
      <t>6467</t>
    </point>
    <point>
      <x>0.37666667</x>
      <y>0.76666665</y>
      <w>0.59433043</w>
      <t>6501</t>
    </point>
    <point>
      <x>0.375</x>
      <y>0.76666665</y>
      <w>0.59433043</w>
      <t>6501</t>
    </point>
    <point>
      <x>0.375</x>
      <y>0.7683333</y>
      <w>0.59433043</w>
      <t>6501</t>
    </point>
    <point>
      <x>0.37666667</x>
      <y>0.765</y>
      <w>0.5024438</w>
      <t>6567</t>
    </point>
    <point>
      <x>0.37833333</x>
      <y>0.7633333</y>
      <w>0.5024438</w>
      <t>6567</t>
    </point>
    <point>
      <x>0.38</x>
      <y>0.76</y>
      <w>0.5024438</w>
      <t>6567</t>
    </point>
    <point>
      <x>0.38166666</x>
      <y>0.75666666</y>
      <w>0.5024438</w>
      <t>6567</t>
    </point>
    <point>
      <x>0.38333333</x>
      <y>0.75333333</y>
      <w>0.48778105</w>
      <t>6601</t>
    </point>
    <point>
      <x>0.38666666</x>
      <y>0.75</y>
      <w>0.48778105</w>
      <t>6601</t>
    </point>
    <point>
      <x>0.38833332</x>
      <y>0.745</y>
      <w>0.48778105</w>
      <t>6601</t>
    </point>
    <point>
      <x>0.39166668</x>
      <y>0.7416667</y>
      <w>0.48778105</w>
      <t>6601</t>
    </point>
    <point>
      <x>0.395</x>
      <y>0.7366667</y>
      <w>0.43597263</w>
      <t>6634</t>
    </point>
    <point>
      <x>0.39666668</x>
      <y>0.7316667</y>
      <w>0.43597263</w>
      <t>6634</t>
    </point>
    <point>
      <x>0.4</x>
      <y>0.7266667</y>
      <w>0.43597263</w>
      <t>6634</t>
    </point>
    <point>
      <x>0.40333334</x>
      <y>0.7216667</y>
      <w>0.43597263</w>
      <t>6634</t>
    </point>
    <point>
      <x>0.40666667</x>
      <y>0.71666664</y>
      <w>0.43597263</w>
      <t>6634</t>
    </point>
    <point>
      <x>0.41</x>
      <y>0.7133333</y>
      <w>0.43695015</w>
      <t>6667</t>
    </point>
    <point>
      <x>0.41333333</x>
      <y>0.7083333</y>
      <w>0.43695015</w>
      <t>6667</t>
    </point>
    <point>
      <x>0.415</x>
      <y>0.7033333</y>
      <w>0.43695015</w>
      <t>6667</t>
    </point>
    <point>
      <x>0.41833332</x>
      <y>0.69666666</y>
      <w>0.43695015</w>
      <t>6667</t>
    </point>
    <point>
      <x>0.42166665</x>
      <y>0.69166666</y>
      <w>0.43890518</w>
      <t>6701</t>
    </point>
    <point>
      <x>0.425</x>
      <y>0.68666667</y>
      <w>0.43890518</w>
      <t>6701</t>
    </point>
    <point>
      <x>0.42833334</x>
      <y>0.68333334</y>
      <w>0.43890518</w>
      <t>6701</t>
    </point>
    <point>
      <x>0.43166667</x>
      <y>0.67833334</y>
      <w>0.43890518</w>
      <t>6701</t>
    </point>
    <point>
      <x>0.435</x>
      <y>0.675</y>
      <w>0.43890518</w>
      <t>6701</t>
    </point>
    <point>
      <x>0.43833333</x>
      <y>0.6716667</y>
      <w>0.4516129</w>
      <t>6734</t>
    </point>
    <point>
      <x>0.44166666</x>
      <y>0.66833335</y>
      <w>0.4516129</w>
      <t>6734</t>
    </point>
    <point>
      <x>0.445</x>
      <y>0.6666667</y>
      <w>0.4516129</w>
      <t>6734</t>
    </point>
    <point>
      <x>0.44833332</x>
      <y>0.66333336</y>
      <w>0.4516129</w>
      <t>6734</t>
    </point>
    <point>
      <x>0.45333335</x>
      <y>0.66</y>
      <w>0.4692082</w>
      <t>6767</t>
    </point>
    <point>
      <x>0.45666668</x>
      <y>0.65833336</y>
      <w>0.4692082</w>
      <t>6767</t>
    </point>
    <point>
      <x>0.46</x>
      <y>0.655</y>
      <w>0.4692082</w>
      <t>6767</t>
    </point>
    <point>
      <x>0.46333334</x>
      <y>0.6533333</y>
      <w>0.4692082</w>
      <t>6767</t>
    </point>
    <point>
      <x>0.46666667</x>
      <y>0.65166664</y>
      <w>0.4692082</w>
      <t>6768</t>
    </point>
    <point>
      <x>0.47</x>
      <y>0.65</y>
      <w>0.51710653</w>
      <t>6801</t>
    </point>
    <point>
      <x>0.47166666</x>
      <y>0.65</y>
      <w>0.51710653</w>
      <t>6801</t>
    </point>
    <point>
      <x>0.47333333</x>
      <y>0.65</y>
      <w>0.51710653</w>
      <t>6801</t>
    </point>
    <point>
      <x>0.47333333</x>
      <y>0.6483333</y>
      <w>0.51710653</w>
      <t>6801</t>
    </point>
    <point>
      <x>0.475</x>
      <y>0.6483333</y>
      <w>0.57087</w>
      <t>6834</t>
    </point>
    <point>
      <x>0.47666666</x>
      <y>0.6483333</y>
      <w>0.6060606</w>
      <t>6867</t>
    </point>
    <point>
      <x>0.47666666</x>
      <y>0.65</y>
      <w>0.6676442</w>
      <t>6901</t>
    </point>
    <point>
      <x>0.47833332</x>
      <y>0.65</y>
      <w>0.6676442</w>
      <t>6901</t>
    </point>
    <point>
      <x>0.47833332</x>
      <y>0.65166664</y>
      <w>0.6676442</w>
      <t>6901</t>
    </point>
    <point>
      <x>0.47833332</x>
      <y>0.6533333</y>
      <w>0.7380254</w>
      <t>6934</t>
    </point>
    <point>
      <x>0.47833332</x>
      <y>0.655</y>
      <w>0.7380254</w>
      <t>6934</t>
    </point>
    <point>
      <x>0.48</x>
      <y>0.6566667</y>
      <w>0.7380254</w>
      <t>6934</t>
    </point>
    <point>
      <x>0.48</x>
      <y>0.65833336</y>
      <w>0.7380254</w>
      <t>6934</t>
    </point>
    <point>
      <x>0.48</x>
      <y>0.66</y>
      <w>0.7380254</w>
      <t>6934</t>
    </point>
    <point>
      <x>0.48</x>
      <y>0.6616667</y>
      <w>0.7820137</w>
      <t>6968</t>
    </point>
    <point>
      <x>0.48</x>
      <y>0.66333336</y>
      <w>0.7820137</w>
      <t>6968</t>
    </point>
    <point>
      <x>0.48</x>
      <y>0.665</y>
      <w>0.7820137</w>
      <t>6968</t>
    </point>
    <point>
      <x>0.48</x>
      <y>0.6666667</y>
      <w>0.7820137</w>
      <t>6968</t>
    </point>
    <point>
      <x>0.48</x>
      <y>0.66833335</y>
      <w>0.8064516</w>
      <t>7001</t>
    </point>
    <point>
      <x>0.48</x>
      <y>0.67</y>
      <w>0.8064516</w>
      <t>7001</t>
    </point>
    <point>
      <x>0.48</x>
      <y>0.67333335</y>
      <w>0.8064516</w>
      <t>7001</t>
    </point>
    <point>
      <x>0.48</x>
      <y>0.675</y>
      <w>0.8064516</w>
      <t>7001</t>
    </point>
    <point>
      <x>0.48</x>
      <y>0.6766667</y>
      <w>0.8416422</w>
      <t>7034</t>
    </point>
    <point>
      <x>0.48</x>
      <y>0.68</y>
      <w>0.8416422</w>
      <t>7034</t>
    </point>
    <point>
      <x>0.48</x>
      <y>0.6816667</y>
      <w>0.8416422</w>
      <t>7034</t>
    </point>
    <point>
      <x>0.47833332</x>
      <y>0.685</y>
      <w>0.8416422</w>
      <t>7034</t>
    </point>
    <point>
      <x>0.47833332</x>
      <y>0.68833333</y>
      <w>0.87096775</w>
      <t>7068</t>
    </point>
    <point>
      <x>0.47666666</x>
      <y>0.69166666</y>
      <w>0.87096775</w>
      <t>7068</t>
    </point>
    <point>
      <x>0.47666666</x>
      <y>0.695</y>
      <w>0.87096775</w>
      <t>7068</t>
    </point>
    <point>
      <x>0.475</x>
      <y>0.6983333</y>
      <w>0.87096775</w>
      <t>7068</t>
    </point>
    <point>
      <x>0.475</x>
      <y>0.70166665</y>
      <w>0.87096775</w>
      <t>7068</t>
    </point>
    <point>
      <x>0.475</x>
      <y>0.705</y>
      <w>0.88856304</w>
      <t>7101</t>
    </point>
    <point>
      <x>0.475</x>
      <y>0.7083333</y>
      <w>0.88856304</w>
      <t>7101</t>
    </point>
    <point>
      <x>0.47333333</x>
      <y>0.71166664</y>
      <w>0.88856304</w>
      <t>7101</t>
    </point>
    <point>
      <x>0.47333333</x>
      <y>0.715</y>
      <w>0.88856304</w>
      <t>7101</t>
    </point>
    <point>
      <x>0.47333333</x>
      <y>0.7183333</y>
      <w>0.89638317</w>
      <t>7134</t>
    </point>
    <point>
      <x>0.47333333</x>
      <y>0.7216667</y>
      <w>0.89638317</w>
      <t>7134</t>
    </point>
    <point>
      <x>0.47166666</x>
      <y>0.725</y>
      <w>0.89638317</w>
      <t>7134</t>
    </point>
    <point>
      <x>0.47166666</x>
      <y>0.72833335</y>
      <w>0.89638317</w>
      <t>7134</t>
    </point>
    <point>
      <x>0.47166666</x>
      <y>0.7316667</y>
      <w>0.89638317</w>
      <t>7134</t>
    </point>
    <point>
      <x>0.47166666</x>
      <y>0.7366667</y>
      <w>0.8973607</w>
      <t>7167</t>
    </point>
    <point>
      <x>0.47</x>
      <y>0.74</y>
      <w>0.8973607</w>
      <t>7167</t>
    </point>
    <point>
      <x>0.47</x>
      <y>0.74333334</y>
      <w>0.8973607</w>
      <t>7167</t>
    </point>
    <point>
      <x>0.47</x>
      <y>0.74833333</y>
      <w>0.8973607</w>
      <t>7167</t>
    </point>
    <point>
      <x>0.47</x>
      <y>0.75166667</y>
      <w>0.8983382</w>
      <t>7201</t>
    </point>
    <point>
      <x>0.47</x>
      <y>0.755</y>
      <w>0.8983382</w>
      <t>7201</t>
    </point>
    <point>
      <x>0.47</x>
      <y>0.7583333</y>
      <w>0.8983382</w>
      <t>7201</t>
    </point>
    <point>
      <x>0.47</x>
      <y>0.76166666</y>
      <w>0.8983382</w>
      <t>7201</t>
    </point>
    <point>
      <x>0.47</x>
      <y>0.765</y>
      <w>0.8983382</w>
      <t>7234</t>
    </point>
    <point>
      <x>0.47</x>
      <y>0.7683333</y>
      <w>0.8983382</w>
      <t>7234</t>
    </point>
    <point>
      <x>0.47</x>
      <y>0.77166665</y>
      <w>0.8983382</w>
      <t>7234</t>
    </point>
    <point>
      <x>0.47</x>
      <y>0.775</y>
      <w>0.8983382</w>
      <t>7234</t>
    </point>
    <point>
      <x>0.47166666</x>
      <y>0.7783333</y>
      <w>0.8983382</w>
      <t>7234</t>
    </point>
    <point>
      <x>0.47166666</x>
      <y>0.78</y>
      <w>0.89638317</w>
      <t>7268</t>
    </point>
    <point>
      <x>0.47166666</x>
      <y>0.78333336</y>
      <w>0.89638317</w>
      <t>7268</t>
    </point>
    <point>
      <x>0.47333333</x>
      <y>0.785</y>
      <w>0.89638317</w>
      <t>7268</t>
    </point>
    <point>
      <x>0.47333333</x>
      <y>0.7866667</y>
      <w>0.89638317</w>
      <t>7268</t>
    </point>
    <point>
      <x>0.47333333</x>
      <y>0.78833336</y>
      <w>0.89442813</w>
      <t>7301</t>
    </point>
    <point>
      <x>0.475</x>
      <y>0.79</y>
      <w>0.89442813</w>
      <t>7301</t>
    </point>
    <point>
      <x>0.475</x>
      <y>0.7916667</y>
      <w>0.89442813</w>
      <t>7301</t>
    </point>
    <point>
      <x>0.475</x>
      <y>0.79333335</y>
      <w>0.89442813</w>
      <t>7301</t>
    </point>
    <point>
      <x>0.47666666</x>
      <y>0.795</y>
      <w>0.8924731</w>
      <t>7334</t>
    </point>
    <point>
      <x>0.47666666</x>
      <y>0.7966667</y>
      <w>0.8924731</w>
      <t>7334</t>
    </point>
    <point>
      <x>0.47833332</x>
      <y>0.79833335</y>
      <w>0.8924731</w>
      <t>7334</t>
    </point>
    <point>
      <x>0.47833332</x>
      <y>0.8</y>
      <w>0.88856304</w>
      <t>7368</t>
    </point>
    <point>
      <x>0.48</x>
      <y>0.8</y>
      <w>0.88856304</w>
      <t>7368</t>
    </point>
    <point>
      <x>0.48166665</x>
      <y>0.8016667</y>
      <w>0.8572825</w>
      <t>7400</t>
    </point>
    <point>
      <x>0.48333332</x>
      <y>0.8016667</y>
      <w>0.8572825</w>
      <t>7400</t>
    </point>
    <point>
      <x>0.485</x>
      <y>0.80333334</y>
      <w>0.8162268</w>
      <t>7434</t>
    </point>
    <point>
      <x>0.48666668</x>
      <y>0.80333334</y>
      <w>0.8162268</w>
      <t>7434</t>
    </point>
    <point>
      <x>0.48833334</x>
      <y>0.80333334</y>
      <w>0.78494626</w>
      <t>7467</t>
    </point>
    <point>
      <x>0.49</x>
      <y>0.80333334</y>
      <w>0.78494626</w>
      <t>7467</t>
    </point>
    <point>
      <x>0.49166667</x>
      <y>0.80333334</y>
      <w>0.73313785</w>
      <t>7501</t>
    </point>
    <point>
      <x>0.49333334</x>
      <y>0.80333334</y>
      <w>0.73313785</w>
      <t>7501</t>
    </point>
    <point>
      <x>0.495</x>
      <y>0.80333334</y>
      <w>0.73313785</w>
      <t>7501</t>
    </point>
    <point>
      <x>0.49666667</x>
      <y>0.8016667</y>
      <w>0.73313785</w>
      <t>7501</t>
    </point>
    <point>
      <x>0.49833333</x>
      <y>0.8</y>
      <w>0.70576733</w>
      <t>7534</t>
    </point>
    <point>
      <x>0.5</x>
      <y>0.79833335</y>
      <w>0.70576733</w>
      <t>7534</t>
    </point>
    <point>
      <x>0.50166667</x>
      <y>0.79833335</y>
      <w>0.70576733</w>
      <t>7534</t>
    </point>
    <point>
      <x>0.50166667</x>
      <y>0.7966667</y>
      <w>0.70576733</w>
      <t>7534</t>
    </point>
    <point>
      <x>0.50333333</x>
      <y>0.79333335</y>
      <w>0.65591395</w>
      <t>7568</t>
    </point>
    <point>
      <x>0.50666666</x>
      <y>0.7916667</y>
      <w>0.65591395</w>
      <t>7568</t>
    </point>
    <point>
      <x>0.5083333</x>
      <y>0.79</y>
      <w>0.65591395</w>
      <t>7568</t>
    </point>
    <point>
      <x>0.51</x>
      <y>0.7866667</y>
      <w>0.65591395</w>
      <t>7568</t>
    </point>
    <point>
      <x>0.51166666</x>
      <y>0.78333336</y>
      <w>0.6099707</w>
      <t>7600</t>
    </point>
    <point>
      <x>0.515</x>
      <y>0.7816667</y>
      <w>0.6099707</w>
      <t>7600</t>
    </point>
    <point>
      <x>0.51666665</x>
      <y>0.7783333</y>
      <w>0.6099707</w>
      <t>7600</t>
    </point>
    <point>
      <x>0.5183333</x>
      <y>0.775</y>
      <w>0.6099707</w>
      <t>7600</t>
    </point>
    <point>
      <x>0.52</x>
      <y>0.7733333</y>
      <w>0.6099707</w>
      <t>7600</t>
    </point>
    <point>
      <x>0.52166665</x>
      <y>0.77</y>
      <w>0.57575756</w>
      <t>7634</t>
    </point>
    <point>
      <x>0.5233333</x>
      <y>0.7683333</y>
      <w>0.57575756</w>
      <t>7634</t>
    </point>
    <point>
      <x>0.525</x>
      <y>0.765</y>
      <w>0.57575756</w>
      <t>7634</t>
    </point>
    <point>
      <x>0.52666664</x>
      <y>0.76166666</y>
      <w>0.57575756</w>
      <t>7634</t>
    </point>
    <point>
      <x>0.5283333</x>
      <y>0.76</y>
      <w>0.51808405</w>
      <t>7668</t>
    </point>
    <point>
      <x>0.53</x>
      <y>0.75666666</y>
      <w>0.51808405</w>
      <t>7668</t>
    </point>
    <point>
      <x>0.5316667</x>
      <y>0.75333333</y>
      <w>0.51808405</w>
      <t>7668</t>
    </point>
    <point>
      <x>0.53333336</x>
      <y>0.75</y>
      <w>0.51808405</w>
      <t>7668</t>
    </point>
    <point>
      <x>0.535</x>
      <y>0.74666667</y>
      <w>0.51808405</w>
      <t>7668</t>
    </point>
    <point>
      <x>0.5366667</x>
      <y>0.74333334</y>
      <w>0.44868034</w>
      <t>7701</t>
    </point>
    <point>
      <x>0.54</x>
      <y>0.74</y>
      <w>0.44868034</w>
      <t>7701</t>
    </point>
    <point>
      <x>0.5416667</x>
      <y>0.7366667</y>
      <w>0.44868034</w>
      <t>7701</t>
    </point>
    <point>
      <x>0.54333335</x>
      <y>0.73333335</y>
      <w>0.44868034</w>
      <t>7701</t>
    </point>
    <point>
      <x>0.545</x>
      <y>0.73</y>
      <w>0.42033234</w>
      <t>7734</t>
    </point>
    <point>
      <x>0.5466667</x>
      <y>0.7266667</y>
      <w>0.42033234</w>
      <t>7734</t>
    </point>
    <point>
      <x>0.54833335</x>
      <y>0.72333336</y>
      <w>0.42033234</w>
      <t>7734</t>
    </point>
    <point>
      <x>0.55</x>
      <y>0.72</y>
      <w>0.42033234</w>
      <t>7734</t>
    </point>
    <point>
      <x>0.55</x>
      <y>0.71666664</y>
      <w>0.34017596</w>
      <t>7767</t>
    </point>
    <point>
      <x>0.5516667</x>
      <y>0.7133333</y>
      <w>0.34017596</w>
      <t>7767</t>
    </point>
    <point>
      <x>0.55333334</x>
      <y>0.71</y>
      <w>0.34017596</w>
      <t>7767</t>
    </point>
    <point>
      <x>0.555</x>
      <y>0.70666665</y>
      <w>0.34017596</w>
      <t>7767</t>
    </point>
    <point>
      <x>0.5566667</x>
      <y>0.7033333</y>
      <w>0.34017596</w>
      <t>7767</t>
    </point>
    <point>
      <x>0.56</x>
      <y>0.7</y>
      <w>0.3264907</w>
      <t>7801</t>
    </point>
    <point>
      <x>0.56166667</x>
      <y>0.695</y>
      <w>0.3264907</w>
      <t>7801</t>
    </point>
    <point>
      <x>0.56333333</x>
      <y>0.69166666</y>
      <w>0.3264907</w>
      <t>7801</t>
    </point>
    <point>
      <x>0.565</x>
      <y>0.68833333</y>
      <w>0.3264907</w>
      <t>7801</t>
    </point>
    <point>
      <x>0.5683333</x>
      <y>0.68333334</y>
      <w>0.0</w>
      <t>7834</t>
    </point>
    <point>
      <x>0.57</x>
      <y>0.68</y>
      <w>0.0</w>
      <t>7834</t>
    </point>
    <point>
      <x>0.5733333</x>
      <y>0.67833334</y>
      <w>0.0</w>
      <t>7834</t>
    </point>
  </stroke>
  <stroke time="8034">
    <point>
      <x>0.61833334</x>
      <y>0.62833333</y>
      <w>0.0</w>
      <t>8034</t>
    </point>
    <point>
      <x>0.61833334</x>
      <y>0.62666667</y>
      <w>0.12512219</w>
      <t>8067</t>
    </point>
    <point>
      <x>0.62</x>
      <y>0.62666667</y>
      <w>0.12512219</w>
      <t>8067</t>
    </point>
    <point>
      <x>0.62166667</x>
      <y>0.62666667</y>
      <w>0.12512219</w>
      <t>8067</t>
    </point>
    <point>
      <x>0.62333333</x>
      <y>0.625</y>
      <w>0.12512219</w>
      <t>8067</t>
    </point>
    <point>
      <x>0.625</x>
      <y>0.625</y>
      <w>0.12512219</w>
      <t>8067</t>
    </point>
    <point>
      <x>0.62666667</x>
      <y>0.625</y>
      <w>0.27565983</w>
      <t>8101</t>
    </point>
    <point>
      <x>0.62833333</x>
      <y>0.625</y>
      <w>0.27565983</w>
      <t>8101</t>
    </point>
    <point>
      <x>0.63</x>
      <y>0.625</y>
      <w>0.27565983</w>
      <t>8101</t>
    </point>
    <point>
      <x>0.63166666</x>
      <y>0.625</y>
      <w>0.40273705</w>
      <t>8134</t>
    </point>
    <point>
      <x>0.6333333</x>
      <y>0.625</y>
      <w>0.40273705</w>
      <t>8134</t>
    </point>
    <point>
      <x>0.635</x>
      <y>0.625</y>
      <w>0.40273705</w>
      <t>8134</t>
    </point>
    <point>
      <x>0.63666666</x>
      <y>0.625</y>
      <w>0.40273705</w>
      <t>8134</t>
    </point>
    <point>
      <x>0.6383333</x>
      <y>0.62666667</y>
      <w>0.40273705</w>
      <t>8134</t>
    </point>
    <point>
      <x>0.64</x>
      <y>0.62666667</y>
      <w>0.47605082</w>
      <t>8167</t>
    </point>
    <point>
      <x>0.6433333</x>
      <y>0.62833333</y>
      <w>0.47605082</w>
      <t>8167</t>
    </point>
    <point>
      <x>0.645</x>
      <y>0.62833333</y>
      <w>0.47605082</w>
      <t>8167</t>
    </point>
    <point>
      <x>0.6483333</x>
      <y>0.63</y>
      <w>0.47605082</w>
      <t>8167</t>
    </point>
    <point>
      <x>0.65</x>
      <y>0.63</y>
      <w>0.540567</w>
      <t>8201</t>
    </point>
    <point>
      <x>0.65166664</x>
      <y>0.63166666</y>
      <w>0.540567</w>
      <t>8201</t>
    </point>
    <point>
      <x>0.655</x>
      <y>0.6333333</y>
      <w>0.540567</w>
      <t>8201</t>
    </point>
    <point>
      <x>0.6566667</x>
      <y>0.6333333</y>
      <w>0.540567</w>
      <t>8201</t>
    </point>
    <point>
      <x>0.65833336</x>
      <y>0.635</y>
      <w>0.540567</w>
      <t>8201</t>
    </point>
    <point>
      <x>0.6616667</x>
      <y>0.635</y>
      <w>0.6089932</w>
      <t>8234</t>
    </point>
    <point>
      <x>0.66333336</x>
      <y>0.63666666</y>
      <w>0.6089932</w>
      <t>8234</t>
    </point>
    <point>
      <x>0.6666667</x>
      <y>0.63666666</y>
      <w>0.6089932</w>
      <t>8234</t>
    </point>
    <point>
      <x>0.66833335</x>
      <y>0.6383333</y>
      <w>0.6089932</w>
      <t>8234</t>
    </point>
    <point>
      <x>0.6716667</x>
      <y>0.64</y>
      <w>0.6402737</w>
      <t>8267</t>
    </point>
    <point>
      <x>0.67333335</x>
      <y>0.64166665</y>
      <w>0.6402737</w>
      <t>8267</t>
    </point>
    <point>
      <x>0.6766667</x>
      <y>0.64166665</y>
      <w>0.6402737</w>
      <t>8267</t>
    </point>
    <point>
      <x>0.67833334</x>
      <y>0.6433333</y>
      <w>0.6402737</w>
      <t>8267</t>
    </point>
    <point>
      <x>0.68</x>
      <y>0.645</y>
      <w>0.6402737</w>
      <t>8267</t>
    </point>
    <point>
      <x>0.68333334</x>
      <y>0.64666665</y>
      <w>0.6803519</w>
      <t>8301</t>
    </point>
    <point>
      <x>0.685</x>
      <y>0.6483333</y>
      <w>0.6803519</w>
      <t>8301</t>
    </point>
    <point>
      <x>0.68666667</x>
      <y>0.65</y>
      <w>0.6803519</w>
      <t>8301</t>
    </point>
    <point>
      <x>0.68833333</x>
      <y>0.65166664</y>
      <w>0.6803519</w>
      <t>8301</t>
    </point>
    <point>
      <x>0.69</x>
      <y>0.6533333</y>
      <w>0.7028348</w>
      <t>8334</t>
    </point>
    <point>
      <x>0.69166666</x>
      <y>0.655</y>
      <w>0.7028348</w>
      <t>8334</t>
    </point>
    <point>
      <x>0.6933333</x>
      <y>0.6566667</y>
      <w>0.7028348</w>
      <t>8334</t>
    </point>
    <point>
      <x>0.695</x>
      <y>0.65833336</y>
      <w>0.7028348</w>
      <t>8334</t>
    </point>
    <point>
      <x>0.69666666</x>
      <y>0.65833336</y>
      <w>0.71260995</w>
      <t>8368</t>
    </point>
    <point>
      <x>0.6983333</x>
      <y>0.66</y>
      <w>0.71260995</w>
      <t>8368</t>
    </point>
    <point>
      <x>0.7</x>
      <y>0.6616667</y>
      <w>0.71260995</w>
      <t>8368</t>
    </point>
    <point>
      <x>0.70166665</x>
      <y>0.66333336</y>
      <w>0.71260995</w>
      <t>8368</t>
    </point>
    <point>
      <x>0.7033333</x>
      <y>0.665</y>
      <w>0.71260995</w>
      <t>8368</t>
    </point>
    <point>
      <x>0.7033333</x>
      <y>0.6666667</y>
      <w>0.72238517</w>
      <t>8401</t>
    </point>
    <point>
      <x>0.705</x>
      <y>0.6666667</y>
      <w>0.72238517</w>
      <t>8401</t>
    </point>
    <point>
      <x>0.70666665</x>
      <y>0.66833335</y>
      <w>0.72238517</w>
      <t>8401</t>
    </point>
    <point>
      <x>0.70666665</x>
      <y>0.67</y>
      <w>0.72238517</w>
      <t>8401</t>
    </point>
    <point>
      <x>0.7083333</x>
      <y>0.6716667</y>
      <w>0.7253177</w>
      <t>8434</t>
    </point>
    <point>
      <x>0.71</x>
      <y>0.67333335</y>
      <w>0.7253177</w>
      <t>8434</t>
    </point>
    <point>
      <x>0.71</x>
      <y>0.675</y>
      <w>0.7253177</w>
      <t>8434</t>
    </point>
    <point>
      <x>0.71166664</x>
      <y>0.6766667</y>
      <w>0.7253177</w>
      <t>8434</t>
    </point>
    <point>
      <x>0.7133333</x>
      <y>0.67833334</y>
      <w>0.7253177</w>
      <t>8434</t>
    </point>
    <point>
      <x>0.7133333</x>
      <y>0.68</y>
      <w>0.72727275</w>
      <t>8468</t>
    </point>
    <point>
      <x>0.715</x>
      <y>0.6816667</y>
      <w>0.72727275</w>
      <t>8468</t>
    </point>
    <point>
      <x>0.71666664</x>
      <y>0.68333334</y>
      <w>0.72727275</w>
      <t>8468</t>
    </point>
    <point>
      <x>0.71666664</x>
      <y>0.685</y>
      <w>0.72727275</w>
      <t>8500</t>
    </point>
    <point>
      <x>0.71666664</x>
      <y>0.68666667</y>
      <w>0.72727275</w>
      <t>8500</t>
    </point>
    <point>
      <x>0.7183333</x>
      <y>0.68833333</y>
      <w>0.72727275</w>
      <t>8500</t>
    </point>
    <point>
      <x>0.7183333</x>
      <y>0.69</y>
      <w>0.72727275</w>
      <t>8534</t>
    </point>
    <point>
      <x>0.72</x>
      <y>0.69166666</y>
      <w>0.72727275</w>
      <t>8534</t>
    </point>
    <point>
      <x>0.72</x>
      <y>0.6933333</y>
      <w>0.72727275</w>
      <t>8534</t>
    </point>
    <point>
      <x>0.72</x>
      <y>0.695</y>
      <w>0.72825027</w>
      <t>8567</t>
    </point>
    <point>
      <x>0.7183333</x>
      <y>0.695</y>
      <w>0.5259042</w>
      <t>8767</t>
    </point>
    <point>
      <x>0.71666664</x>
      <y>0.6933333</y>
      <w>0.37438905</w>
      <t>8800</t>
    </point>
    <point>
      <x>0.715</x>
      <y>0.69166666</y>
      <w>0.37438905</w>
      <t>8800</t>
    </point>
    <point>
      <x>0.7133333</x>
      <y>0.69</y>
      <w>0.37438905</w>
      <t>8800</t>
    </point>
    <point>
      <x>0.71166664</x>
      <y>0.68833333</y>
      <w>0.37438905</w>
      <t>8800</t>
    </point>
    <point>
      <x>0.7083333</x>
      <y>0.68666667</y>
      <w>0.12316716</w>
      <t>8834</t>
    </point>
    <point>
      <x>0.705</x>
      <y>0.68333334</y>
      <w>0.12316716</w>
      <t>8834</t>
    </point>
    <point>
      <x>0.70166665</x>
      <y>0.6816667</y>
      <w>0.12316716</w>
      <t>8834</t>
    </point>
    <point>
      <x>0.6983333</x>
      <y>0.68</y>
      <w>0.12316716</w>
      <t>8834</t>
    </point>
  </stroke>
</character>
