<?xml version="1.0" encoding="UTF-8"?>
<character>
  <stroke time="0">
    <point>
      <x>0.19333333</x>
      <y>0.37166667</y>
      <w>0.09188661</w>
      <t>4</t>
    </point>
    <point>
      <x>0.195</x>
      <y>0.37166667</y>
      <w>0.09188661</w>
      <t>5</t>
    </point>
    <point>
      <x>0.195</x>
      <y>0.37333333</y>
      <w>0.09188661</w>
      <t>5</t>
    </point>
    <point>
      <x>0.19666667</x>
      <y>0.37333333</y>
      <w>0.09188661</w>
      <t>5</t>
    </point>
    <point>
      <x>0.19833334</x>
      <y>0.375</y>
      <w>0.17790811</w>
      <t>34</t>
    </point>
    <point>
      <x>0.2</x>
      <y>0.375</y>
      <w>0.17790811</w>
      <t>34</t>
    </point>
    <point>
      <x>0.20166667</x>
      <y>0.37666667</y>
      <w>0.24828935</w>
      <t>67</t>
    </point>
    <point>
      <x>0.20333333</x>
      <y>0.37666667</y>
      <w>0.24828935</w>
      <t>67</t>
    </point>
    <point>
      <x>0.205</x>
      <y>0.37833333</y>
      <w>0.24828935</w>
      <t>67</t>
    </point>
    <point>
      <x>0.20666666</x>
      <y>0.37833333</y>
      <w>0.24828935</w>
      <t>68</t>
    </point>
    <point>
      <x>0.20833333</x>
      <y>0.38</y>
      <w>0.24828935</w>
      <t>68</t>
    </point>
    <point>
      <x>0.21</x>
      <y>0.38166666</y>
      <w>0.28347996</w>
      <t>100</t>
    </point>
    <point>
      <x>0.21166667</x>
      <y>0.38166666</y>
      <w>0.28347996</w>
      <t>100</t>
    </point>
    <point>
      <x>0.21333334</x>
      <y>0.38166666</y>
      <w>0.28347996</w>
      <t>100</t>
    </point>
    <point>
      <x>0.21333334</x>
      <y>0.38333333</y>
      <w>0.28347996</w>
      <t>101</t>
    </point>
    <point>
      <x>0.215</x>
      <y>0.38333333</y>
      <w>0.3313783</w>
      <t>134</t>
    </point>
    <point>
      <x>0.21666667</x>
      <y>0.38333333</y>
      <w>0.3313783</w>
      <t>134</t>
    </point>
    <point>
      <x>0.21833333</x>
      <y>0.38333333</y>
      <w>0.3313783</w>
      <t>134</t>
    </point>
    <point>
      <x>0.21833333</x>
      <y>0.385</y>
      <w>0.38807428</w>
      <t>167</t>
    </point>
    <point>
      <x>0.22</x>
      <y>0.385</y>
      <w>0.38807428</w>
      <t>167</t>
    </point>
    <point>
      <x>0.22166666</x>
      <y>0.385</y>
      <w>0.38807428</w>
      <t>169</t>
    </point>
    <point>
      <x>0.22333333</x>
      <y>0.385</y>
      <w>0.4340176</w>
      <t>200</t>
    </point>
    <point>
      <x>0.22333333</x>
      <y>0.38666666</y>
      <w>0.4340176</w>
      <t>200</t>
    </point>
    <point>
      <x>0.225</x>
      <y>0.38666666</y>
      <w>0.4340176</w>
      <t>200</t>
    </point>
    <point>
      <x>0.22666667</x>
      <y>0.38666666</y>
      <w>0.4809384</w>
      <t>234</t>
    </point>
    <point>
      <x>0.22833334</x>
      <y>0.38666666</y>
      <w>0.4809384</w>
      <t>234</t>
    </point>
    <point>
      <x>0.23</x>
      <y>0.38666666</y>
      <w>0.51124144</w>
      <t>267</t>
    </point>
    <point>
      <x>0.23166667</x>
      <y>0.38666666</y>
      <w>0.51124144</w>
      <t>267</t>
    </point>
    <point>
      <x>0.23333333</x>
      <y>0.38666666</y>
      <w>0.53763443</w>
      <t>300</t>
    </point>
    <point>
      <x>0.235</x>
      <y>0.38666666</y>
      <w>0.53763443</w>
      <t>300</t>
    </point>
    <point>
      <x>0.23666666</x>
      <y>0.38666666</y>
      <w>0.53763443</w>
      <t>300</t>
    </point>
    <point>
      <x>0.23833333</x>
      <y>0.38666666</y>
      <w>0.53763443</w>
      <t>301</t>
    </point>
    <point>
      <x>0.24</x>
      <y>0.385</y>
      <w>0.5542522</w>
      <t>333</t>
    </point>
    <point>
      <x>0.24166666</x>
      <y>0.385</y>
      <w>0.5542522</w>
      <t>333</t>
    </point>
    <point>
      <x>0.24333334</x>
      <y>0.385</y>
      <w>0.5542522</w>
      <t>333</t>
    </point>
    <point>
      <x>0.245</x>
      <y>0.38333333</y>
      <w>0.56304985</w>
      <t>367</t>
    </point>
    <point>
      <x>0.24666667</x>
      <y>0.38333333</y>
      <w>0.56304985</w>
      <t>367</t>
    </point>
    <point>
      <x>0.24833333</x>
      <y>0.38333333</y>
      <w>0.56304985</w>
      <t>367</t>
    </point>
    <point>
      <x>0.25</x>
      <y>0.38166666</y>
      <w>0.56304985</w>
      <t>368</t>
    </point>
    <point>
      <x>0.25166667</x>
      <y>0.38166666</y>
      <w>0.56304985</w>
      <t>368</t>
    </point>
    <point>
      <x>0.25333333</x>
      <y>0.38</y>
      <w>0.572825</w>
      <t>400</t>
    </point>
    <point>
      <x>0.255</x>
      <y>0.38</y>
      <w>0.572825</w>
      <t>400</t>
    </point>
    <point>
      <x>0.25833333</x>
      <y>0.37833333</y>
      <w>0.572825</w>
      <t>400</t>
    </point>
    <point>
      <x>0.26166666</x>
      <y>0.37833333</y>
      <w>0.572825</w>
      <t>401</t>
    </point>
    <point>
      <x>0.265</x>
      <y>0.37666667</y>
      <w>0.57380253</w>
      <t>433</t>
    </point>
    <point>
      <x>0.26833335</x>
      <y>0.375</y>
      <w>0.57380253</w>
      <t>433</t>
    </point>
    <point>
      <x>0.27333334</x>
      <y>0.37333333</y>
      <w>0.57380253</w>
      <t>433</t>
    </point>
    <point>
      <x>0.27666667</x>
      <y>0.37333333</y>
      <w>0.57380253</w>
      <t>433</t>
    </point>
    <point>
      <x>0.28166667</x>
      <y>0.37166667</y>
      <w>0.57380253</w>
      <t>434</t>
    </point>
    <point>
      <x>0.285</x>
      <y>0.36833334</y>
      <w>0.57478005</w>
      <t>467</t>
    </point>
    <point>
      <x>0.29</x>
      <y>0.36666667</y>
      <w>0.57478005</w>
      <t>467</t>
    </point>
    <point>
      <x>0.295</x>
      <y>0.365</y>
      <w>0.57478005</w>
      <t>467</t>
    </point>
    <point>
      <x>0.30166668</x>
      <y>0.36166668</y>
      <w>0.57478005</w>
      <t>467</t>
    </point>
    <point>
      <x>0.30666667</x>
      <y>0.36</y>
      <w>0.57478005</w>
      <t>500</t>
    </point>
    <point>
      <x>0.31166667</x>
      <y>0.35666665</y>
      <w>0.57478005</w>
      <t>500</t>
    </point>
    <point>
      <x>0.31833333</x>
      <y>0.355</y>
      <w>0.57478005</w>
      <t>500</t>
    </point>
    <point>
      <x>0.325</x>
      <y>0.35166666</y>
      <w>0.57478005</w>
      <t>501</t>
    </point>
    <point>
      <x>0.33</x>
      <y>0.34833333</y>
      <w>0.57478005</w>
      <t>501</t>
    </point>
    <point>
      <x>0.33666667</x>
      <y>0.34666666</y>
      <w>0.57478005</w>
      <t>534</t>
    </point>
    <point>
      <x>0.34333333</x>
      <y>0.34333333</y>
      <w>0.57478005</w>
      <t>534</t>
    </point>
    <point>
      <x>0.34833333</x>
      <y>0.34</y>
      <w>0.57478005</w>
      <t>534</t>
    </point>
    <point>
      <x>0.355</x>
      <y>0.33666667</y>
      <w>0.57478005</w>
      <t>535</t>
    </point>
    <point>
      <x>0.36166668</x>
      <y>0.33333334</y>
      <w>0.5777126</w>
      <t>567</t>
    </point>
    <point>
      <x>0.36833334</x>
      <y>0.33</y>
      <w>0.5777126</w>
      <t>567</t>
    </point>
    <point>
      <x>0.375</x>
      <y>0.32833335</y>
      <w>0.5777126</w>
      <t>567</t>
    </point>
    <point>
      <x>0.38</x>
      <y>0.325</y>
      <w>0.5777126</w>
      <t>567</t>
    </point>
    <point>
      <x>0.385</x>
      <y>0.32333332</y>
      <w>0.57575756</w>
      <t>600</t>
    </point>
    <point>
      <x>0.38833332</x>
      <y>0.32</y>
      <w>0.57575756</w>
      <t>600</t>
    </point>
    <point>
      <x>0.39166668</x>
      <y>0.31833333</y>
      <w>0.57575756</w>
      <t>600</t>
    </point>
    <point>
      <x>0.395</x>
      <y>0.31666666</y>
      <w>0.57575756</w>
      <t>600</t>
    </point>
    <point>
      <x>0.39833334</x>
      <y>0.31333333</y>
      <w>0.57575756</w>
      <t>601</t>
    </point>
    <point>
      <x>0.40166667</x>
      <y>0.31166667</y>
      <w>0.57380253</w>
      <t>633</t>
    </point>
    <point>
      <x>0.405</x>
      <y>0.31</y>
      <w>0.57380253</w>
      <t>633</t>
    </point>
    <point>
      <x>0.40666667</x>
      <y>0.30833334</y>
      <w>0.57380253</w>
      <t>633</t>
    </point>
    <point>
      <x>0.40833333</x>
      <y>0.30833334</y>
      <w>0.57380253</w>
      <t>633</t>
    </point>
    <point>
      <x>0.41</x>
      <y>0.30833334</y>
      <w>0.5777126</w>
      <t>700</t>
    </point>
    <point>
      <x>0.41</x>
      <y>0.30666667</y>
      <w>0.5777126</w>
      <t>700</t>
    </point>
    <point>
      <x>0.41</x>
      <y>0.305</y>
      <w>0.5786901</w>
      <t>733</t>
    </point>
    <point>
      <x>0.41</x>
      <y>0.30333334</y>
      <w>0.5786901</w>
      <t>733</t>
    </point>
    <point>
      <x>0.40833333</x>
      <y>0.30166668</y>
      <w>0.5786901</w>
      <t>735</t>
    </point>
    <point>
      <x>0.40833333</x>
      <y>0.3</y>
      <w>0.5786901</w>
      <t>735</t>
    </point>
    <point>
      <x>0.40833333</x>
      <y>0.29833335</y>
      <w>0.56989247</w>
      <t>767</t>
    </point>
    <point>
      <x>0.40666667</x>
      <y>0.29666665</y>
      <w>0.56989247</w>
      <t>767</t>
    </point>
    <point>
      <x>0.40666667</x>
      <y>0.295</y>
      <w>0.56989247</w>
      <t>767</t>
    </point>
    <point>
      <x>0.405</x>
      <y>0.29333332</y>
      <w>0.56989247</w>
      <t>769</t>
    </point>
    <point>
      <x>0.405</x>
      <y>0.29166666</y>
      <w>0.55718476</w>
      <t>800</t>
    </point>
    <point>
      <x>0.405</x>
      <y>0.28833333</y>
      <w>0.55718476</w>
      <t>800</t>
    </point>
    <point>
      <x>0.40333334</x>
      <y>0.28666666</y>
      <w>0.55718476</w>
      <t>800</t>
    </point>
    <point>
      <x>0.40333334</x>
      <y>0.28333333</y>
      <w>0.55718476</w>
      <t>800</t>
    </point>
    <point>
      <x>0.40166667</x>
      <y>0.28166667</y>
      <w>0.55718476</w>
      <t>801</t>
    </point>
    <point>
      <x>0.4</x>
      <y>0.27833334</y>
      <w>0.5464321</w>
      <t>833</t>
    </point>
    <point>
      <x>0.4</x>
      <y>0.27666667</y>
      <w>0.5464321</w>
      <t>833</t>
    </point>
    <point>
      <x>0.39833334</x>
      <y>0.275</y>
      <w>0.5464321</w>
      <t>833</t>
    </point>
    <point>
      <x>0.39666668</x>
      <y>0.27333334</y>
      <w>0.5464321</w>
      <t>833</t>
    </point>
    <point>
      <x>0.395</x>
      <y>0.27166668</y>
      <w>0.54447705</w>
      <t>867</t>
    </point>
    <point>
      <x>0.39333335</x>
      <y>0.27</y>
      <w>0.54447705</w>
      <t>867</t>
    </point>
    <point>
      <x>0.39333335</x>
      <y>0.26833335</y>
      <w>0.54447705</w>
      <t>867</t>
    </point>
    <point>
      <x>0.39166668</x>
      <y>0.26833335</y>
      <w>0.54447705</w>
      <t>867</t>
    </point>
    <point>
      <x>0.39</x>
      <y>0.26666668</y>
      <w>0.5434995</w>
      <t>900</t>
    </point>
    <point>
      <x>0.38833332</x>
      <y>0.26666668</y>
      <w>0.5434995</w>
      <t>900</t>
    </point>
    <point>
      <x>0.38666666</x>
      <y>0.265</y>
      <w>0.5434995</w>
      <t>900</t>
    </point>
    <point>
      <x>0.385</x>
      <y>0.265</y>
      <w>0.5434995</w>
      <t>900</t>
    </point>
    <point>
      <x>0.38333333</x>
      <y>0.265</y>
      <w>0.5532747</w>
      <t>934</t>
    </point>
    <point>
      <x>0.38166666</x>
      <y>0.26333332</y>
      <w>0.5532747</w>
      <t>934</t>
    </point>
    <point>
      <x>0.38</x>
      <y>0.26333332</y>
      <w>0.5532747</w>
      <t>934</t>
    </point>
    <point>
      <x>0.37833333</x>
      <y>0.26333332</y>
      <w>0.55620724</w>
      <t>967</t>
    </point>
    <point>
      <x>0.37666667</x>
      <y>0.26333332</y>
      <w>0.55620724</w>
      <t>967</t>
    </point>
    <point>
      <x>0.375</x>
      <y>0.26333332</y>
      <w>0.5659824</w>
      <t>1034</t>
    </point>
    <point>
      <x>0.375</x>
      <y>0.265</y>
      <w>0.5659824</w>
      <t>1034</t>
    </point>
    <point>
      <x>0.37333333</x>
      <y>0.265</y>
      <w>0.57087</w>
      <t>1067</t>
    </point>
    <point>
      <x>0.37166667</x>
      <y>0.26666668</y>
      <w>0.57087</w>
      <t>1067</t>
    </point>
    <point>
      <x>0.37166667</x>
      <y>0.26833335</y>
      <w>0.57087</w>
      <t>1067</t>
    </point>
    <point>
      <x>0.37</x>
      <y>0.27</y>
      <w>0.57087</w>
      <t>1067</t>
    </point>
    <point>
      <x>0.36833334</x>
      <y>0.27166668</y>
      <w>0.5777126</w>
      <t>1100</t>
    </point>
    <point>
      <x>0.36833334</x>
      <y>0.27333334</y>
      <w>0.5777126</w>
      <t>1100</t>
    </point>
    <point>
      <x>0.36666667</x>
      <y>0.27666667</y>
      <w>0.5777126</w>
      <t>1100</t>
    </point>
    <point>
      <x>0.365</x>
      <y>0.27833334</y>
      <w>0.5777126</w>
      <t>1100</t>
    </point>
    <point>
      <x>0.365</x>
      <y>0.28</y>
      <w>0.58748776</w>
      <t>1134</t>
    </point>
    <point>
      <x>0.36333334</x>
      <y>0.28166667</y>
      <w>0.58748776</w>
      <t>1134</t>
    </point>
    <point>
      <x>0.36333334</x>
      <y>0.28333333</y>
      <w>0.58748776</w>
      <t>1134</t>
    </point>
    <point>
      <x>0.36166668</x>
      <y>0.28666666</y>
      <w>0.58748776</w>
      <t>1134</t>
    </point>
    <point>
      <x>0.36166668</x>
      <y>0.28833333</y>
      <w>0.58748776</w>
      <t>1134</t>
    </point>
    <point>
      <x>0.36</x>
      <y>0.29166666</y>
      <w>0.6001955</w>
      <t>1167</t>
    </point>
    <point>
      <x>0.36</x>
      <y>0.295</y>
      <w>0.6001955</w>
      <t>1167</t>
    </point>
    <point>
      <x>0.35833332</x>
      <y>0.29666665</y>
      <w>0.6001955</w>
      <t>1167</t>
    </point>
    <point>
      <x>0.35833332</x>
      <y>0.3</y>
      <w>0.6001955</w>
      <t>1168</t>
    </point>
    <point>
      <x>0.35833332</x>
      <y>0.30166668</y>
      <w>0.629521</w>
      <t>1200</t>
    </point>
    <point>
      <x>0.35833332</x>
      <y>0.305</y>
      <w>0.629521</w>
      <t>1200</t>
    </point>
    <point>
      <x>0.35666665</x>
      <y>0.30833334</y>
      <w>0.629521</w>
      <t>1200</t>
    </point>
    <point>
      <x>0.35666665</x>
      <y>0.31166667</y>
      <w>0.629521</w>
      <t>1200</t>
    </point>
    <point>
      <x>0.35666665</x>
      <y>0.31666666</y>
      <w>0.629521</w>
      <t>1200</t>
    </point>
    <point>
      <x>0.35666665</x>
      <y>0.32</y>
      <w>0.6598241</w>
      <t>1233</t>
    </point>
    <point>
      <x>0.355</x>
      <y>0.32666665</y>
      <w>0.6598241</w>
      <t>1233</t>
    </point>
    <point>
      <x>0.355</x>
      <y>0.33166668</y>
      <w>0.6598241</w>
      <t>1233</t>
    </point>
    <point>
      <x>0.355</x>
      <y>0.33666667</y>
      <w>0.6598241</w>
      <t>1233</t>
    </point>
    <point>
      <x>0.35333332</x>
      <y>0.34333333</y>
      <w>0.6979472</w>
      <t>1267</t>
    </point>
    <point>
      <x>0.35333332</x>
      <y>0.34833333</y>
      <w>0.6979472</w>
      <t>1267</t>
    </point>
    <point>
      <x>0.35333332</x>
      <y>0.355</y>
      <w>0.6979472</w>
      <t>1267</t>
    </point>
    <point>
      <x>0.35166666</x>
      <y>0.36166668</y>
      <w>0.6979472</w>
      <t>1267</t>
    </point>
    <point>
      <x>0.35166666</x>
      <y>0.36833334</y>
      <w>0.6979472</w>
      <t>1267</t>
    </point>
    <point>
      <x>0.35166666</x>
      <y>0.37666667</y>
      <w>0.72238517</w>
      <t>1300</t>
    </point>
    <point>
      <x>0.35166666</x>
      <y>0.38333333</y>
      <w>0.72238517</w>
      <t>1300</t>
    </point>
    <point>
      <x>0.35</x>
      <y>0.39166668</y>
      <w>0.72238517</w>
      <t>1300</t>
    </point>
    <point>
      <x>0.35</x>
      <y>0.39833334</y>
      <w>0.72238517</w>
      <t>1300</t>
    </point>
    <point>
      <x>0.35</x>
      <y>0.40666667</y>
      <w>0.73313785</w>
      <t>1334</t>
    </point>
    <point>
      <x>0.35</x>
      <y>0.41666666</y>
      <w>0.73313785</w>
      <t>1334</t>
    </point>
    <point>
      <x>0.35</x>
      <y>0.42833334</y>
      <w>0.73313785</w>
      <t>1334</t>
    </point>
    <point>
      <x>0.35</x>
      <y>0.44</y>
      <w>0.73313785</w>
      <t>1334</t>
    </point>
    <point>
      <x>0.35</x>
      <y>0.45333335</y>
      <w>0.73313785</w>
      <t>1334</t>
    </point>
    <point>
      <x>0.35</x>
      <y>0.46833333</y>
      <w>0.7595308</w>
      <t>1367</t>
    </point>
    <point>
      <x>0.35</x>
      <y>0.485</y>
      <w>0.7595308</w>
      <t>1367</t>
    </point>
    <point>
      <x>0.34833333</x>
      <y>0.5</y>
      <w>0.7595308</w>
      <t>1367</t>
    </point>
    <point>
      <x>0.34833333</x>
      <y>0.51666665</y>
      <w>0.7595308</w>
      <t>1367</t>
    </point>
    <point>
      <x>0.34833333</x>
      <y>0.53333336</y>
      <w>0.771261</w>
      <t>1400</t>
    </point>
    <point>
      <x>0.34833333</x>
      <y>0.55</y>
      <w>0.771261</w>
      <t>1400</t>
    </point>
    <point>
      <x>0.34833333</x>
      <y>0.56666666</y>
      <w>0.771261</w>
      <t>1400</t>
    </point>
    <point>
      <x>0.34833333</x>
      <y>0.5833333</y>
      <w>0.771261</w>
      <t>1400</t>
    </point>
    <point>
      <x>0.34833333</x>
      <y>0.59833336</y>
      <w>0.7781036</w>
      <t>1434</t>
    </point>
    <point>
      <x>0.34833333</x>
      <y>0.615</y>
      <w>0.7781036</w>
      <t>1434</t>
    </point>
    <point>
      <x>0.34833333</x>
      <y>0.63166666</y>
      <w>0.7781036</w>
      <t>1434</t>
    </point>
    <point>
      <x>0.34833333</x>
      <y>0.64666665</y>
      <w>0.7781036</w>
      <t>1434</t>
    </point>
    <point>
      <x>0.34833333</x>
      <y>0.66333336</y>
      <w>0.7781036</w>
      <t>1434</t>
    </point>
    <point>
      <x>0.34833333</x>
      <y>0.6766667</y>
      <w>0.7790811</w>
      <t>1467</t>
    </point>
    <point>
      <x>0.34833333</x>
      <y>0.69166666</y>
      <w>0.7790811</w>
      <t>1467</t>
    </point>
    <point>
      <x>0.34833333</x>
      <y>0.705</y>
      <w>0.7790811</w>
      <t>1467</t>
    </point>
    <point>
      <x>0.34833333</x>
      <y>0.7183333</y>
      <w>0.7790811</w>
      <t>1467</t>
    </point>
    <point>
      <x>0.35</x>
      <y>0.73</y>
      <w>0.7800586</w>
      <t>1500</t>
    </point>
    <point>
      <x>0.35</x>
      <y>0.7416667</y>
      <w>0.7800586</w>
      <t>1500</t>
    </point>
    <point>
      <x>0.35166666</x>
      <y>0.75</y>
      <w>0.7800586</w>
      <t>1500</t>
    </point>
    <point>
      <x>0.35166666</x>
      <y>0.75666666</y>
      <w>0.7800586</w>
      <t>1500</t>
    </point>
    <point>
      <x>0.35166666</x>
      <y>0.76166666</y>
      <w>0.7800586</w>
      <t>1501</t>
    </point>
    <point>
      <x>0.35166666</x>
      <y>0.765</y>
      <w>0.77028346</w>
      <t>1534</t>
    </point>
    <point>
      <x>0.35166666</x>
      <y>0.7683333</y>
      <w>0.77028346</w>
      <t>1534</t>
    </point>
    <point>
      <x>0.35166666</x>
      <y>0.77</y>
      <w>0.77028346</w>
      <t>1534</t>
    </point>
    <point>
      <x>0.35</x>
      <y>0.77</y>
      <w>0.71652</w>
      <t>1600</t>
    </point>
    <point>
      <x>0.34833333</x>
      <y>0.7683333</y>
      <w>0.71652</w>
      <t>1600</t>
    </point>
    <point>
      <x>0.34666666</x>
      <y>0.76666665</y>
      <w>0.71163243</w>
      <t>1634</t>
    </point>
    <point>
      <x>0.345</x>
      <y>0.76666665</y>
      <w>0.71163243</w>
      <t>1634</t>
    </point>
    <point>
      <x>0.34333333</x>
      <y>0.765</y>
      <w>0.71163243</w>
      <t>1634</t>
    </point>
    <point>
      <x>0.34166667</x>
      <y>0.7633333</y>
      <w>0.71163243</w>
      <t>1634</t>
    </point>
    <point>
      <x>0.34</x>
      <y>0.76166666</y>
      <w>0.71163243</w>
      <t>1634</t>
    </point>
    <point>
      <x>0.33833334</x>
      <y>0.76</y>
      <w>0.70576733</w>
      <t>1667</t>
    </point>
    <point>
      <x>0.335</x>
      <y>0.7583333</y>
      <w>0.70576733</w>
      <t>1667</t>
    </point>
    <point>
      <x>0.33333334</x>
      <y>0.75666666</y>
      <w>0.70576733</w>
      <t>1667</t>
    </point>
    <point>
      <x>0.33</x>
      <y>0.755</y>
      <w>0.70576733</w>
      <t>1667</t>
    </point>
    <point>
      <x>0.325</x>
      <y>0.75333333</y>
      <w>0.6744868</w>
      <t>1701</t>
    </point>
    <point>
      <x>0.32166666</x>
      <y>0.75166667</y>
      <w>0.6744868</w>
      <t>1701</t>
    </point>
    <point>
      <x>0.31833333</x>
      <y>0.74833333</y>
      <w>0.6744868</w>
      <t>1701</t>
    </point>
    <point>
      <x>0.31333333</x>
      <y>0.74666667</y>
      <w>0.6744868</w>
      <t>1701</t>
    </point>
    <point>
      <x>0.31</x>
      <y>0.74333334</y>
      <w>0.6744868</w>
      <t>1701</t>
    </point>
    <point>
      <x>0.305</x>
      <y>0.7416667</y>
      <w>0.6480938</w>
      <t>1734</t>
    </point>
    <point>
      <x>0.3</x>
      <y>0.74</y>
      <w>0.6480938</w>
      <t>1734</t>
    </point>
    <point>
      <x>0.29666665</x>
      <y>0.7366667</y>
      <w>0.6480938</w>
      <t>1734</t>
    </point>
    <point>
      <x>0.29166666</x>
      <y>0.735</y>
      <w>0.6480938</w>
      <t>1734</t>
    </point>
    <point>
      <x>0.28833333</x>
      <y>0.7316667</y>
      <w>0.6344086</w>
      <t>1767</t>
    </point>
    <point>
      <x>0.285</x>
      <y>0.73</y>
      <w>0.6344086</w>
      <t>1767</t>
    </point>
    <point>
      <x>0.28333333</x>
      <y>0.7266667</y>
      <w>0.6344086</w>
      <t>1767</t>
    </point>
    <point>
      <x>0.28</x>
      <y>0.72333336</y>
      <w>0.6344086</w>
      <t>1767</t>
    </point>
    <point>
      <x>0.27833334</x>
      <y>0.72</y>
      <w>0.6304985</w>
      <t>1800</t>
    </point>
    <point>
      <x>0.275</x>
      <y>0.71666664</y>
      <w>0.6304985</w>
      <t>1800</t>
    </point>
    <point>
      <x>0.27333334</x>
      <y>0.7133333</y>
      <w>0.6304985</w>
      <t>1800</t>
    </point>
    <point>
      <x>0.27166668</x>
      <y>0.71</y>
      <w>0.6304985</w>
      <t>1800</t>
    </point>
    <point>
      <x>0.27</x>
      <y>0.70666665</y>
      <w>0.6304985</w>
      <t>1800</t>
    </point>
    <point>
      <x>0.26833335</x>
      <y>0.705</y>
      <w>0.59433043</w>
      <t>1834</t>
    </point>
    <point>
      <x>0.26833335</x>
      <y>0.70166665</y>
      <w>0.59433043</w>
      <t>1834</t>
    </point>
    <point>
      <x>0.26666668</x>
      <y>0.7</y>
      <w>0.59433043</w>
      <t>1834</t>
    </point>
    <point>
      <x>0.26666668</x>
      <y>0.6983333</y>
      <w>0.59433043</w>
      <t>1834</t>
    </point>
    <point>
      <x>0.265</x>
      <y>0.69666666</y>
      <w>0.58064514</w>
      <t>1867</t>
    </point>
    <point>
      <x>0.265</x>
      <y>0.695</y>
      <w>0.58064514</w>
      <t>1867</t>
    </point>
    <point>
      <x>0.265</x>
      <y>0.6933333</y>
      <w>0.58064514</w>
      <t>1867</t>
    </point>
    <point>
      <x>0.26333332</x>
      <y>0.69166666</y>
      <w>0.58064514</w>
      <t>1867</t>
    </point>
    <point>
      <x>0.26333332</x>
      <y>0.68833333</y>
      <w>0.58064514</w>
      <t>1867</t>
    </point>
    <point>
      <x>0.26333332</x>
      <y>0.68666667</y>
      <w>0.57575756</w>
      <t>1900</t>
    </point>
    <point>
      <x>0.26333332</x>
      <y>0.685</y>
      <w>0.57575756</w>
      <t>1900</t>
    </point>
    <point>
      <x>0.26333332</x>
      <y>0.6816667</y>
      <w>0.57575756</w>
      <t>1900</t>
    </point>
    <point>
      <x>0.26333332</x>
      <y>0.67833334</y>
      <w>0.57575756</w>
      <t>1900</t>
    </point>
    <point>
      <x>0.26333332</x>
      <y>0.675</y>
      <w>0.51710653</w>
      <t>1934</t>
    </point>
    <point>
      <x>0.26333332</x>
      <y>0.67</y>
      <w>0.51710653</w>
      <t>1934</t>
    </point>
    <point>
      <x>0.265</x>
      <y>0.665</y>
      <w>0.51710653</w>
      <t>1934</t>
    </point>
    <point>
      <x>0.26666668</x>
      <y>0.6616667</y>
      <w>0.51710653</w>
      <t>1934</t>
    </point>
    <point>
      <x>0.26833335</x>
      <y>0.6566667</y>
      <w>0.51710653</w>
      <t>1934</t>
    </point>
    <point>
      <x>0.27</x>
      <y>0.65166664</y>
      <w>0.4965787</w>
      <t>1967</t>
    </point>
    <point>
      <x>0.27166668</x>
      <y>0.64666665</y>
      <w>0.4965787</w>
      <t>1967</t>
    </point>
    <point>
      <x>0.27333334</x>
      <y>0.64166665</y>
      <w>0.4965787</w>
      <t>1967</t>
    </point>
    <point>
      <x>0.275</x>
      <y>0.63666666</y>
      <w>0.4965787</w>
      <t>1967</t>
    </point>
    <point>
      <x>0.27666667</x>
      <y>0.63166666</y>
      <w>0.3929619</w>
      <t>2001</t>
    </point>
    <point>
      <x>0.27833334</x>
      <y>0.62666667</y>
      <w>0.3929619</w>
      <t>2001</t>
    </point>
    <point>
      <x>0.28166667</x>
      <y>0.62166667</y>
      <w>0.3929619</w>
      <t>2001</t>
    </point>
    <point>
      <x>0.28333333</x>
      <y>0.6166667</y>
      <w>0.3929619</w>
      <t>2001</t>
    </point>
    <point>
      <x>0.28666666</x>
      <y>0.61</y>
      <w>0.3929619</w>
      <t>2001</t>
    </point>
    <point>
      <x>0.29</x>
      <y>0.60333335</y>
      <w>0.3714565</w>
      <t>2034</t>
    </point>
    <point>
      <x>0.29333332</x>
      <y>0.5966667</y>
      <w>0.3714565</w>
      <t>2034</t>
    </point>
    <point>
      <x>0.29666665</x>
      <y>0.59</y>
      <w>0.3714565</w>
      <t>2034</t>
    </point>
    <point>
      <x>0.3</x>
      <y>0.5833333</y>
      <w>0.3714565</w>
      <t>2034</t>
    </point>
    <point>
      <x>0.30333334</x>
      <y>0.5783333</y>
      <w>0.28250244</w>
      <t>2067</t>
    </point>
    <point>
      <x>0.30666667</x>
      <y>0.57166666</y>
      <w>0.28250244</w>
      <t>2067</t>
    </point>
    <point>
      <x>0.31</x>
      <y>0.565</y>
      <w>0.28250244</w>
      <t>2067</t>
    </point>
    <point>
      <x>0.31333333</x>
      <y>0.55833334</y>
      <w>0.28250244</w>
      <t>2067</t>
    </point>
    <point>
      <x>0.31833333</x>
      <y>0.55333334</y>
      <w>0.26979473</w>
      <t>2100</t>
    </point>
    <point>
      <x>0.32166666</x>
      <y>0.5466667</y>
      <w>0.26979473</w>
      <t>2100</t>
    </point>
    <point>
      <x>0.32666665</x>
      <y>0.54</y>
      <w>0.26979473</w>
      <t>2100</t>
    </point>
    <point>
      <x>0.33166668</x>
      <y>0.53333336</y>
      <w>0.26979473</w>
      <t>2100</t>
    </point>
    <point>
      <x>0.33666667</x>
      <y>0.52666664</y>
      <w>0.26979473</w>
      <t>2100</t>
    </point>
    <point>
      <x>0.34166667</x>
      <y>0.5183333</y>
      <w>0.26881722</w>
      <t>2134</t>
    </point>
    <point>
      <x>0.34666666</x>
      <y>0.51166666</y>
      <w>0.26881722</w>
      <t>2134</t>
    </point>
    <point>
      <x>0.35166666</x>
      <y>0.50333333</y>
      <w>0.26881722</w>
      <t>2134</t>
    </point>
    <point>
      <x>0.35833332</x>
      <y>0.49666667</y>
      <w>0.26881722</w>
      <t>2134</t>
    </point>
    <point>
      <x>0.36333334</x>
      <y>0.48833334</y>
      <w>0.23167156</w>
      <t>2167</t>
    </point>
    <point>
      <x>0.37</x>
      <y>0.48</y>
      <w>0.23167156</w>
      <t>2167</t>
    </point>
    <point>
      <x>0.37666667</x>
      <y>0.47166666</y>
      <w>0.23167156</w>
      <t>2167</t>
    </point>
    <point>
      <x>0.38333333</x>
      <y>0.46333334</y>
      <w>0.23167156</w>
      <t>2167</t>
    </point>
    <point>
      <x>0.39166668</x>
      <y>0.455</y>
      <w>0.23167156</w>
      <t>2167</t>
    </point>
    <point>
      <x>0.39833334</x>
      <y>0.44833332</y>
      <w>0.0</w>
      <t>2200</t>
    </point>
  </stroke>
  <stroke time="3434">
    <point>
      <x>0.5366667</x>
      <y>0.23666666</y>
      <w>0.13000977</w>
      <t>3434</t>
    </point>
    <point>
      <x>0.53833336</x>
      <y>0.235</y>
      <w>0.15151516</w>
      <t>3467</t>
    </point>
    <point>
      <x>0.5416667</x>
      <y>0.23333333</y>
      <w>0.15151516</w>
      <t>3467</t>
    </point>
    <point>
      <x>0.54333335</x>
      <y>0.23333333</y>
      <w>0.15151516</w>
      <t>3467</t>
    </point>
    <point>
      <x>0.5466667</x>
      <y>0.23166667</y>
      <w>0.15151516</w>
      <t>3467</t>
    </point>
    <point>
      <x>0.55</x>
      <y>0.23</y>
      <w>0.26490712</w>
      <t>3501</t>
    </point>
    <point>
      <x>0.55333334</x>
      <y>0.23</y>
      <w>0.26490712</w>
      <t>3501</t>
    </point>
    <point>
      <x>0.5566667</x>
      <y>0.22833334</y>
      <w>0.26490712</w>
      <t>3501</t>
    </point>
    <point>
      <x>0.56166667</x>
      <y>0.22666667</y>
      <w>0.26490712</w>
      <t>3501</t>
    </point>
    <point>
      <x>0.565</x>
      <y>0.22666667</y>
      <w>0.26490712</w>
      <t>3501</t>
    </point>
    <point>
      <x>0.5683333</x>
      <y>0.225</y>
      <w>0.3088954</w>
      <t>3534</t>
    </point>
    <point>
      <x>0.5733333</x>
      <y>0.22333333</y>
      <w>0.3088954</w>
      <t>3534</t>
    </point>
    <point>
      <x>0.57666665</x>
      <y>0.22333333</y>
      <w>0.3088954</w>
      <t>3534</t>
    </point>
    <point>
      <x>0.58166665</x>
      <y>0.22333333</y>
      <w>0.3088954</w>
      <t>3534</t>
    </point>
    <point>
      <x>0.585</x>
      <y>0.22166666</y>
      <w>0.33919844</w>
      <t>3567</t>
    </point>
    <point>
      <x>0.59</x>
      <y>0.22166666</y>
      <w>0.33919844</w>
      <t>3567</t>
    </point>
    <point>
      <x>0.5933333</x>
      <y>0.22166666</y>
      <w>0.33919844</w>
      <t>3567</t>
    </point>
    <point>
      <x>0.59833336</x>
      <y>0.22166666</y>
      <w>0.33919844</w>
      <t>3567</t>
    </point>
    <point>
      <x>0.6016667</x>
      <y>0.22166666</y>
      <w>0.34506354</w>
      <t>3601</t>
    </point>
    <point>
      <x>0.605</x>
      <y>0.22166666</y>
      <w>0.34506354</w>
      <t>3601</t>
    </point>
    <point>
      <x>0.60833335</x>
      <y>0.22166666</y>
      <w>0.34506354</w>
      <t>3601</t>
    </point>
    <point>
      <x>0.6116667</x>
      <y>0.22166666</y>
      <w>0.34506354</w>
      <t>3601</t>
    </point>
    <point>
      <x>0.61333334</x>
      <y>0.22333333</y>
      <w>0.34506354</w>
      <t>3601</t>
    </point>
    <point>
      <x>0.6166667</x>
      <y>0.225</y>
      <w>0.38025415</w>
      <t>3634</t>
    </point>
    <point>
      <x>0.61833334</x>
      <y>0.225</y>
      <w>0.38025415</w>
      <t>3634</t>
    </point>
    <point>
      <x>0.62</x>
      <y>0.22666667</y>
      <w>0.38025415</w>
      <t>3634</t>
    </point>
    <point>
      <x>0.62166667</x>
      <y>0.22833334</y>
      <w>0.38025415</w>
      <t>3634</t>
    </point>
    <point>
      <x>0.62166667</x>
      <y>0.23</y>
      <w>0.43108505</w>
      <t>3667</t>
    </point>
    <point>
      <x>0.62333333</x>
      <y>0.23166667</y>
      <w>0.43108505</w>
      <t>3667</t>
    </point>
    <point>
      <x>0.62333333</x>
      <y>0.235</y>
      <w>0.43108505</w>
      <t>3667</t>
    </point>
    <point>
      <x>0.625</x>
      <y>0.23666666</y>
      <w>0.43108505</w>
      <t>3667</t>
    </point>
    <point>
      <x>0.625</x>
      <y>0.23833333</y>
      <w>0.43108505</w>
      <t>3667</t>
    </point>
    <point>
      <x>0.625</x>
      <y>0.24</y>
      <w>0.4799609</w>
      <t>3701</t>
    </point>
    <point>
      <x>0.625</x>
      <y>0.24333334</y>
      <w>0.4799609</w>
      <t>3701</t>
    </point>
    <point>
      <x>0.625</x>
      <y>0.245</y>
      <w>0.4799609</w>
      <t>3701</t>
    </point>
    <point>
      <x>0.625</x>
      <y>0.24666667</y>
      <w>0.4799609</w>
      <t>3701</t>
    </point>
    <point>
      <x>0.625</x>
      <y>0.24833333</y>
      <w>0.5278592</w>
      <t>3734</t>
    </point>
    <point>
      <x>0.62333333</x>
      <y>0.25166667</y>
      <w>0.5278592</w>
      <t>3734</t>
    </point>
    <point>
      <x>0.62166667</x>
      <y>0.255</y>
      <w>0.5278592</w>
      <t>3734</t>
    </point>
    <point>
      <x>0.62</x>
      <y>0.25833333</y>
      <w>0.5278592</w>
      <t>3734</t>
    </point>
    <point>
      <x>0.61833334</x>
      <y>0.26333332</y>
      <w>0.5278592</w>
      <t>3734</t>
    </point>
    <point>
      <x>0.6166667</x>
      <y>0.26833335</y>
      <w>0.5591398</w>
      <t>3767</t>
    </point>
    <point>
      <x>0.61333334</x>
      <y>0.27333334</y>
      <w>0.5591398</w>
      <t>3767</t>
    </point>
    <point>
      <x>0.6116667</x>
      <y>0.27833334</y>
      <w>0.5591398</w>
      <t>3767</t>
    </point>
    <point>
      <x>0.60833335</x>
      <y>0.28333333</y>
      <w>0.5591398</w>
      <t>3767</t>
    </point>
    <point>
      <x>0.6066667</x>
      <y>0.28833333</y>
      <w>0.5855327</w>
      <t>3801</t>
    </point>
    <point>
      <x>0.60333335</x>
      <y>0.295</y>
      <w>0.5855327</w>
      <t>3801</t>
    </point>
    <point>
      <x>0.6</x>
      <y>0.3</y>
      <w>0.5855327</w>
      <t>3801</t>
    </point>
    <point>
      <x>0.5966667</x>
      <y>0.30666667</y>
      <w>0.5855327</w>
      <t>3801</t>
    </point>
    <point>
      <x>0.5933333</x>
      <y>0.31333333</y>
      <w>0.5855327</w>
      <t>3801</t>
    </point>
    <point>
      <x>0.5883333</x>
      <y>0.32166666</y>
      <w>0.60703814</w>
      <t>3834</t>
    </point>
    <point>
      <x>0.585</x>
      <y>0.33</y>
      <w>0.60703814</w>
      <t>3834</t>
    </point>
    <point>
      <x>0.58</x>
      <y>0.33833334</y>
      <w>0.60703814</w>
      <t>3834</t>
    </point>
    <point>
      <x>0.57666665</x>
      <y>0.34666666</y>
      <w>0.60703814</w>
      <t>3834</t>
    </point>
    <point>
      <x>0.5733333</x>
      <y>0.35333332</y>
      <w>0.627566</w>
      <t>3867</t>
    </point>
    <point>
      <x>0.5683333</x>
      <y>0.36166668</y>
      <w>0.627566</w>
      <t>3867</t>
    </point>
    <point>
      <x>0.565</x>
      <y>0.37</y>
      <w>0.627566</w>
      <t>3867</t>
    </point>
    <point>
      <x>0.56166667</x>
      <y>0.37833333</y>
      <w>0.627566</w>
      <t>3867</t>
    </point>
    <point>
      <x>0.55833334</x>
      <y>0.385</y>
      <w>0.6353861</w>
      <t>3901</t>
    </point>
    <point>
      <x>0.555</x>
      <y>0.39333335</y>
      <w>0.6353861</w>
      <t>3901</t>
    </point>
    <point>
      <x>0.5516667</x>
      <y>0.4</y>
      <w>0.6353861</w>
      <t>3901</t>
    </point>
    <point>
      <x>0.55</x>
      <y>0.40666667</y>
      <w>0.6353861</w>
      <t>3901</t>
    </point>
    <point>
      <x>0.5466667</x>
      <y>0.41333333</y>
      <w>0.6353861</w>
      <t>3901</t>
    </point>
    <point>
      <x>0.5466667</x>
      <y>0.41833332</y>
      <w>0.63831866</w>
      <t>3934</t>
    </point>
    <point>
      <x>0.545</x>
      <y>0.42333335</y>
      <w>0.63831866</w>
      <t>3934</t>
    </point>
    <point>
      <x>0.54333335</x>
      <y>0.42666668</y>
      <w>0.63831866</w>
      <t>3934</t>
    </point>
    <point>
      <x>0.54333335</x>
      <y>0.43</y>
      <w>0.63831866</w>
      <t>3934</t>
    </point>
    <point>
      <x>0.54333335</x>
      <y>0.43166667</y>
      <w>0.63831866</w>
      <t>3967</t>
    </point>
    <point>
      <x>0.5416667</x>
      <y>0.43333334</y>
      <w>0.63831866</w>
      <t>3967</t>
    </point>
    <point>
      <x>0.5416667</x>
      <y>0.435</y>
      <w>0.63831866</w>
      <t>3967</t>
    </point>
    <point>
      <x>0.5416667</x>
      <y>0.43666667</y>
      <w>0.63831866</w>
      <t>3967</t>
    </point>
    <point>
      <x>0.5416667</x>
      <y>0.43833333</y>
      <w>0.6363636</w>
      <t>4001</t>
    </point>
    <point>
      <x>0.54333335</x>
      <y>0.44</y>
      <w>0.63734114</w>
      <t>4067</t>
    </point>
    <point>
      <x>0.54333335</x>
      <y>0.44166666</y>
      <w>0.63734114</w>
      <t>4067</t>
    </point>
    <point>
      <x>0.545</x>
      <y>0.44333333</y>
      <w>0.63734114</w>
      <t>4067</t>
    </point>
    <point>
      <x>0.5466667</x>
      <y>0.44333333</y>
      <w>0.63831866</w>
      <t>4101</t>
    </point>
    <point>
      <x>0.5466667</x>
      <y>0.445</y>
      <w>0.63831866</w>
      <t>4101</t>
    </point>
    <point>
      <x>0.54833335</x>
      <y>0.44666666</y>
      <w>0.63831866</w>
      <t>4101</t>
    </point>
    <point>
      <x>0.55</x>
      <y>0.44833332</y>
      <w>0.63831866</w>
      <t>4101</t>
    </point>
    <point>
      <x>0.5516667</x>
      <y>0.44833332</y>
      <w>0.63831866</w>
      <t>4101</t>
    </point>
    <point>
      <x>0.55333334</x>
      <y>0.45</y>
      <w>0.6344086</w>
      <t>4134</t>
    </point>
    <point>
      <x>0.555</x>
      <y>0.45</y>
      <w>0.6344086</w>
      <t>4134</t>
    </point>
    <point>
      <x>0.555</x>
      <y>0.45166665</y>
      <w>0.6344086</w>
      <t>4134</t>
    </point>
    <point>
      <x>0.5566667</x>
      <y>0.45166665</y>
      <w>0.6344086</w>
      <t>4134</t>
    </point>
    <point>
      <x>0.55833334</x>
      <y>0.45166665</y>
      <w>0.6353861</w>
      <t>4167</t>
    </point>
    <point>
      <x>0.56</x>
      <y>0.45166665</y>
      <w>0.6334311</w>
      <t>4233</t>
    </point>
    <point>
      <x>0.56166667</x>
      <y>0.45166665</y>
      <w>0.6334311</w>
      <t>4233</t>
    </point>
    <point>
      <x>0.56333333</x>
      <y>0.45166665</y>
      <w>0.6334311</w>
      <t>4233</t>
    </point>
    <point>
      <x>0.56666666</x>
      <y>0.45</y>
      <w>0.63245356</w>
      <t>4267</t>
    </point>
    <point>
      <x>0.57</x>
      <y>0.44833332</y>
      <w>0.63245356</w>
      <t>4267</t>
    </point>
    <point>
      <x>0.5733333</x>
      <y>0.44666666</y>
      <w>0.63245356</w>
      <t>4267</t>
    </point>
    <point>
      <x>0.57666665</x>
      <y>0.445</y>
      <w>0.63245356</w>
      <t>4267</t>
    </point>
    <point>
      <x>0.58</x>
      <y>0.44333333</y>
      <w>0.63245356</w>
      <t>4267</t>
    </point>
    <point>
      <x>0.5833333</x>
      <y>0.44166666</y>
      <w>0.6363636</w>
      <t>4301</t>
    </point>
    <point>
      <x>0.5883333</x>
      <y>0.43833333</y>
      <w>0.6363636</w>
      <t>4301</t>
    </point>
    <point>
      <x>0.59166664</x>
      <y>0.43666667</y>
      <w>0.6363636</w>
      <t>4301</t>
    </point>
    <point>
      <x>0.5966667</x>
      <y>0.43333334</y>
      <w>0.6363636</w>
      <t>4301</t>
    </point>
    <point>
      <x>0.6</x>
      <y>0.43166667</y>
      <w>0.6285435</w>
      <t>4334</t>
    </point>
    <point>
      <x>0.605</x>
      <y>0.43</y>
      <w>0.6285435</w>
      <t>4334</t>
    </point>
    <point>
      <x>0.61</x>
      <y>0.42666668</y>
      <w>0.6285435</w>
      <t>4334</t>
    </point>
    <point>
      <x>0.615</x>
      <y>0.425</y>
      <w>0.6285435</w>
      <t>4334</t>
    </point>
    <point>
      <x>0.62</x>
      <y>0.42166665</y>
      <w>0.6285435</w>
      <t>4334</t>
    </point>
    <point>
      <x>0.62666667</x>
      <y>0.41833332</y>
      <w>0.6168133</w>
      <t>4367</t>
    </point>
    <point>
      <x>0.6333333</x>
      <y>0.415</y>
      <w>0.6168133</w>
      <t>4367</t>
    </point>
    <point>
      <x>0.64</x>
      <y>0.41166666</y>
      <w>0.6168133</w>
      <t>4367</t>
    </point>
    <point>
      <x>0.64666665</x>
      <y>0.40833333</y>
      <w>0.6168133</w>
      <t>4367</t>
    </point>
    <point>
      <x>0.655</x>
      <y>0.40333334</y>
      <w>0.59237534</w>
      <t>4401</t>
    </point>
    <point>
      <x>0.66333336</x>
      <y>0.4</y>
      <w>0.59237534</w>
      <t>4401</t>
    </point>
    <point>
      <x>0.67</x>
      <y>0.39666668</y>
      <w>0.59237534</w>
      <t>4401</t>
    </point>
    <point>
      <x>0.67833334</x>
      <y>0.39333335</y>
      <w>0.59237534</w>
      <t>4401</t>
    </point>
    <point>
      <x>0.685</x>
      <y>0.39</y>
      <w>0.59237534</w>
      <t>4401</t>
    </point>
    <point>
      <x>0.69</x>
      <y>0.38833332</y>
      <w>0.5826002</w>
      <t>4434</t>
    </point>
    <point>
      <x>0.69666666</x>
      <y>0.385</y>
      <w>0.5826002</w>
      <t>4434</t>
    </point>
    <point>
      <x>0.70166665</x>
      <y>0.38166666</y>
      <w>0.5826002</w>
      <t>4434</t>
    </point>
    <point>
      <x>0.70666665</x>
      <y>0.38</y>
      <w>0.5826002</w>
      <t>4434</t>
    </point>
    <point>
      <x>0.71166664</x>
      <y>0.37833333</y>
      <w>0.56207234</w>
      <t>4467</t>
    </point>
    <point>
      <x>0.715</x>
      <y>0.37666667</y>
      <w>0.56207234</w>
      <t>4467</t>
    </point>
    <point>
      <x>0.71666664</x>
      <y>0.375</y>
      <w>0.56207234</w>
      <t>4467</t>
    </point>
    <point>
      <x>0.7183333</x>
      <y>0.37333333</y>
      <w>0.56207234</w>
      <t>4467</t>
    </point>
    <point>
      <x>0.72</x>
      <y>0.37333333</y>
      <w>0.53372437</w>
      <t>4501</t>
    </point>
    <point>
      <x>0.72</x>
      <y>0.37166667</y>
      <w>0.53372437</w>
      <t>4501</t>
    </point>
    <point>
      <x>0.72</x>
      <y>0.37</y>
      <w>0.52297163</w>
      <t>4534</t>
    </point>
    <point>
      <x>0.7183333</x>
      <y>0.37</y>
      <w>0.52297163</w>
      <t>4534</t>
    </point>
    <point>
      <x>0.7183333</x>
      <y>0.36833334</y>
      <w>0.52297163</w>
      <t>4534</t>
    </point>
    <point>
      <x>0.71666664</x>
      <y>0.36833334</y>
      <w>0.5219941</w>
      <t>4568</t>
    </point>
    <point>
      <x>0.71666664</x>
      <y>0.36666667</y>
      <w>0.5219941</w>
      <t>4568</t>
    </point>
    <point>
      <x>0.715</x>
      <y>0.365</y>
      <w>0.5219941</w>
      <t>4568</t>
    </point>
    <point>
      <x>0.7133333</x>
      <y>0.36333334</y>
      <w>0.5219941</w>
      <t>4601</t>
    </point>
    <point>
      <x>0.71166664</x>
      <y>0.36333334</y>
      <w>0.5219941</w>
      <t>4601</t>
    </point>
    <point>
      <x>0.71166664</x>
      <y>0.36166668</y>
      <w>0.5219941</w>
      <t>4601</t>
    </point>
    <point>
      <x>0.71</x>
      <y>0.36</y>
      <w>0.5219941</w>
      <t>4601</t>
    </point>
    <point>
      <x>0.7083333</x>
      <y>0.36</y>
      <w>0.4907136</w>
      <t>4634</t>
    </point>
    <point>
      <x>0.7083333</x>
      <y>0.35833332</y>
      <w>0.4907136</w>
      <t>4634</t>
    </point>
    <point>
      <x>0.70666665</x>
      <y>0.35833332</y>
      <w>0.4907136</w>
      <t>4634</t>
    </point>
    <point>
      <x>0.705</x>
      <y>0.35666665</y>
      <w>0.4907136</w>
      <t>4634</t>
    </point>
    <point>
      <x>0.70166665</x>
      <y>0.35666665</y>
      <w>0.4907136</w>
      <t>4634</t>
    </point>
    <point>
      <x>0.7</x>
      <y>0.35666665</y>
      <w>0.47311828</w>
      <t>4667</t>
    </point>
    <point>
      <x>0.6983333</x>
      <y>0.355</y>
      <w>0.47311828</w>
      <t>4667</t>
    </point>
    <point>
      <x>0.69666666</x>
      <y>0.355</y>
      <w>0.47311828</w>
      <t>4667</t>
    </point>
    <point>
      <x>0.6933333</x>
      <y>0.355</y>
      <w>0.47311828</w>
      <t>4667</t>
    </point>
    <point>
      <x>0.69166666</x>
      <y>0.35333332</y>
      <w>0.4740958</w>
      <t>4701</t>
    </point>
    <point>
      <x>0.69</x>
      <y>0.35333332</y>
      <w>0.4740958</w>
      <t>4701</t>
    </point>
    <point>
      <x>0.68833333</x>
      <y>0.35333332</y>
      <w>0.4740958</w>
      <t>4701</t>
    </point>
    <point>
      <x>0.685</x>
      <y>0.35333332</y>
      <w>0.4740958</w>
      <t>4701</t>
    </point>
    <point>
      <x>0.68333334</x>
      <y>0.35333332</y>
      <w>0.4740958</w>
      <t>4701</t>
    </point>
    <point>
      <x>0.6816667</x>
      <y>0.35333332</y>
      <w>0.4848485</w>
      <t>4734</t>
    </point>
    <point>
      <x>0.67833334</x>
      <y>0.35333332</y>
      <w>0.4848485</w>
      <t>4734</t>
    </point>
    <point>
      <x>0.675</x>
      <y>0.35333332</y>
      <w>0.4848485</w>
      <t>4734</t>
    </point>
    <point>
      <x>0.67333335</x>
      <y>0.35333332</y>
      <w>0.4848485</w>
      <t>4734</t>
    </point>
    <point>
      <x>0.6716667</x>
      <y>0.35333332</y>
      <w>0.49560118</w>
      <t>4767</t>
    </point>
    <point>
      <x>0.67</x>
      <y>0.355</y>
      <w>0.49560118</w>
      <t>4767</t>
    </point>
    <point>
      <x>0.66833335</x>
      <y>0.355</y>
      <w>0.49560118</w>
      <t>4767</t>
    </point>
    <point>
      <x>0.6666667</x>
      <y>0.355</y>
      <w>0.51319647</w>
      <t>4800</t>
    </point>
    <point>
      <x>0.6666667</x>
      <y>0.35666665</y>
      <w>0.51319647</w>
      <t>4800</t>
    </point>
    <point>
      <x>0.665</x>
      <y>0.35666665</y>
      <w>0.51319647</w>
      <t>4800</t>
    </point>
    <point>
      <x>0.66333336</x>
      <y>0.35833332</y>
      <w>0.51319647</w>
      <t>4800</t>
    </point>
    <point>
      <x>0.66333336</x>
      <y>0.36</y>
      <w>0.51319647</w>
      <t>4800</t>
    </point>
    <point>
      <x>0.6616667</x>
      <y>0.36166668</y>
      <w>0.54545456</w>
      <t>4834</t>
    </point>
    <point>
      <x>0.6616667</x>
      <y>0.365</y>
      <w>0.54545456</w>
      <t>4834</t>
    </point>
    <point>
      <x>0.66</x>
      <y>0.36666667</y>
      <w>0.54545456</w>
      <t>4834</t>
    </point>
    <point>
      <x>0.66</x>
      <y>0.37</y>
      <w>0.54545456</w>
      <t>4834</t>
    </point>
    <point>
      <x>0.65833336</x>
      <y>0.37166667</y>
      <w>0.572825</w>
      <t>4867</t>
    </point>
    <point>
      <x>0.65833336</x>
      <y>0.375</y>
      <w>0.572825</w>
      <t>4867</t>
    </point>
    <point>
      <x>0.6566667</x>
      <y>0.37833333</y>
      <w>0.572825</w>
      <t>4867</t>
    </point>
    <point>
      <x>0.6566667</x>
      <y>0.38166666</y>
      <w>0.572825</w>
      <t>4867</t>
    </point>
    <point>
      <x>0.6566667</x>
      <y>0.385</y>
      <w>0.572825</w>
      <t>4867</t>
    </point>
    <point>
      <x>0.6566667</x>
      <y>0.38833332</y>
      <w>0.6099707</w>
      <t>4900</t>
    </point>
    <point>
      <x>0.6566667</x>
      <y>0.39</y>
      <w>0.6099707</w>
      <t>4900</t>
    </point>
    <point>
      <x>0.655</x>
      <y>0.39333335</y>
      <w>0.6099707</w>
      <t>4900</t>
    </point>
    <point>
      <x>0.655</x>
      <y>0.39666668</y>
      <w>0.6099707</w>
      <t>4900</t>
    </point>
    <point>
      <x>0.655</x>
      <y>0.4</y>
      <w>0.65591395</w>
      <t>4934</t>
    </point>
    <point>
      <x>0.655</x>
      <y>0.40333334</y>
      <w>0.65591395</w>
      <t>4934</t>
    </point>
    <point>
      <x>0.655</x>
      <y>0.40666667</y>
      <w>0.65591395</w>
      <t>4934</t>
    </point>
    <point>
      <x>0.655</x>
      <y>0.41166666</y>
      <w>0.65591395</w>
      <t>4934</t>
    </point>
    <point>
      <x>0.6533333</x>
      <y>0.41666666</y>
      <w>0.65591395</w>
      <t>4934</t>
    </point>
    <point>
      <x>0.6533333</x>
      <y>0.42166665</y>
      <w>0.67741936</w>
      <t>4967</t>
    </point>
    <point>
      <x>0.6533333</x>
      <y>0.42666668</y>
      <w>0.67741936</w>
      <t>4967</t>
    </point>
    <point>
      <x>0.6533333</x>
      <y>0.43333334</y>
      <w>0.67741936</w>
      <t>4967</t>
    </point>
    <point>
      <x>0.6533333</x>
      <y>0.44</y>
      <w>0.67741936</w>
      <t>4967</t>
    </point>
    <point>
      <x>0.6533333</x>
      <y>0.44666666</y>
      <w>0.6969697</w>
      <t>5001</t>
    </point>
    <point>
      <x>0.6533333</x>
      <y>0.45333335</y>
      <w>0.6969697</w>
      <t>5001</t>
    </point>
    <point>
      <x>0.65166664</x>
      <y>0.46</y>
      <w>0.6969697</w>
      <t>5001</t>
    </point>
    <point>
      <x>0.65166664</x>
      <y>0.46833333</y>
      <w>0.6969697</w>
      <t>5001</t>
    </point>
    <point>
      <x>0.65166664</x>
      <y>0.475</y>
      <w>0.6969697</w>
      <t>5001</t>
    </point>
    <point>
      <x>0.65166664</x>
      <y>0.48333332</y>
      <w>0.70087975</w>
      <t>5034</t>
    </point>
    <point>
      <x>0.65</x>
      <y>0.49166667</y>
      <w>0.70087975</w>
      <t>5034</t>
    </point>
    <point>
      <x>0.65</x>
      <y>0.49833333</y>
      <w>0.70087975</w>
      <t>5034</t>
    </point>
    <point>
      <x>0.6483333</x>
      <y>0.50666666</y>
      <w>0.70087975</w>
      <t>5034</t>
    </point>
    <point>
      <x>0.6483333</x>
      <y>0.515</y>
      <w>0.714565</w>
      <t>5067</t>
    </point>
    <point>
      <x>0.6483333</x>
      <y>0.5233333</y>
      <w>0.714565</w>
      <t>5067</t>
    </point>
    <point>
      <x>0.64666665</x>
      <y>0.5316667</y>
      <w>0.714565</w>
      <t>5067</t>
    </point>
    <point>
      <x>0.64666665</x>
      <y>0.54</y>
      <w>0.714565</w>
      <t>5067</t>
    </point>
    <point>
      <x>0.64666665</x>
      <y>0.54833335</y>
      <w>0.72727275</w>
      <t>5101</t>
    </point>
    <point>
      <x>0.645</x>
      <y>0.5566667</y>
      <w>0.72727275</w>
      <t>5101</t>
    </point>
    <point>
      <x>0.645</x>
      <y>0.56333333</y>
      <w>0.72727275</w>
      <t>5101</t>
    </point>
    <point>
      <x>0.645</x>
      <y>0.57166666</y>
      <w>0.72727275</w>
      <t>5101</t>
    </point>
    <point>
      <x>0.6433333</x>
      <y>0.58</y>
      <w>0.72727275</w>
      <t>5101</t>
    </point>
    <point>
      <x>0.6433333</x>
      <y>0.58666664</y>
      <w>0.72825027</w>
      <t>5134</t>
    </point>
    <point>
      <x>0.6433333</x>
      <y>0.5933333</y>
      <w>0.72825027</w>
      <t>5134</t>
    </point>
    <point>
      <x>0.64166665</x>
      <y>0.59833336</y>
      <w>0.72825027</w>
      <t>5134</t>
    </point>
    <point>
      <x>0.64166665</x>
      <y>0.6016667</y>
      <w>0.72825027</w>
      <t>5134</t>
    </point>
    <point>
      <x>0.64</x>
      <y>0.6066667</y>
      <w>0.72727275</w>
      <t>5167</t>
    </point>
    <point>
      <x>0.64</x>
      <y>0.60833335</y>
      <w>0.72727275</w>
      <t>5167</t>
    </point>
    <point>
      <x>0.6383333</x>
      <y>0.61</y>
      <w>0.72727275</w>
      <t>5167</t>
    </point>
    <point>
      <x>0.6383333</x>
      <y>0.6116667</y>
      <w>0.72727275</w>
      <t>5167</t>
    </point>
    <point>
      <x>0.6383333</x>
      <y>0.61333334</y>
      <w>0.72727275</w>
      <t>5167</t>
    </point>
    <point>
      <x>0.63666666</x>
      <y>0.61333334</y>
      <w>0.6959922</w>
      <t>5201</t>
    </point>
    <point>
      <x>0.635</x>
      <y>0.61333334</y>
      <w>0.6959922</w>
      <t>5201</t>
    </point>
    <point>
      <x>0.6333333</x>
      <y>0.61333334</y>
      <w>0.627566</w>
      <t>5234</t>
    </point>
    <point>
      <x>0.63166666</x>
      <y>0.6116667</y>
      <w>0.627566</w>
      <t>5234</t>
    </point>
    <point>
      <x>0.63</x>
      <y>0.6116667</y>
      <w>0.627566</w>
      <t>5234</t>
    </point>
    <point>
      <x>0.62666667</x>
      <y>0.61</y>
      <w>0.627566</w>
      <t>5234</t>
    </point>
    <point>
      <x>0.62333333</x>
      <y>0.60833335</y>
      <w>0.627566</w>
      <t>5234</t>
    </point>
    <point>
      <x>0.62</x>
      <y>0.6066667</y>
      <w>0.59335285</w>
      <t>5267</t>
    </point>
    <point>
      <x>0.6166667</x>
      <y>0.605</y>
      <w>0.59335285</w>
      <t>5267</t>
    </point>
    <point>
      <x>0.6116667</x>
      <y>0.60333335</y>
      <w>0.59335285</w>
      <t>5267</t>
    </point>
    <point>
      <x>0.60833335</x>
      <y>0.6016667</y>
      <w>0.59335285</w>
      <t>5267</t>
    </point>
    <point>
      <x>0.605</x>
      <y>0.6</y>
      <w>0.5591398</w>
      <t>5301</t>
    </point>
    <point>
      <x>0.6016667</x>
      <y>0.59833336</y>
      <w>0.5591398</w>
      <t>5301</t>
    </point>
    <point>
      <x>0.59833336</x>
      <y>0.5966667</y>
      <w>0.5591398</w>
      <t>5301</t>
    </point>
    <point>
      <x>0.595</x>
      <y>0.595</y>
      <w>0.5591398</w>
      <t>5301</t>
    </point>
    <point>
      <x>0.5933333</x>
      <y>0.5933333</y>
      <w>0.5591398</w>
      <t>5301</t>
    </point>
    <point>
      <x>0.59166664</x>
      <y>0.59166664</y>
      <w>0.542522</w>
      <t>5334</t>
    </point>
    <point>
      <x>0.59</x>
      <y>0.5883333</y>
      <w>0.542522</w>
      <t>5334</t>
    </point>
    <point>
      <x>0.5883333</x>
      <y>0.58666664</y>
      <w>0.542522</w>
      <t>5334</t>
    </point>
    <point>
      <x>0.58666664</x>
      <y>0.585</y>
      <w>0.542522</w>
      <t>5334</t>
    </point>
    <point>
      <x>0.58666664</x>
      <y>0.58166665</y>
      <w>0.53763443</w>
      <t>5367</t>
    </point>
    <point>
      <x>0.58666664</x>
      <y>0.58</y>
      <w>0.53763443</w>
      <t>5367</t>
    </point>
    <point>
      <x>0.585</x>
      <y>0.5783333</y>
      <w>0.53763443</w>
      <t>5367</t>
    </point>
    <point>
      <x>0.585</x>
      <y>0.575</y>
      <w>0.53763443</w>
      <t>5367</t>
    </point>
    <point>
      <x>0.585</x>
      <y>0.5733333</y>
      <w>0.540567</w>
      <t>5401</t>
    </point>
    <point>
      <x>0.585</x>
      <y>0.57166666</y>
      <w>0.540567</w>
      <t>5401</t>
    </point>
    <point>
      <x>0.585</x>
      <y>0.5683333</y>
      <w>0.540567</w>
      <t>5401</t>
    </point>
    <point>
      <x>0.585</x>
      <y>0.56666666</y>
      <w>0.540567</w>
      <t>5401</t>
    </point>
    <point>
      <x>0.58666664</x>
      <y>0.565</y>
      <w>0.540567</w>
      <t>5401</t>
    </point>
    <point>
      <x>0.58666664</x>
      <y>0.56166667</y>
      <w>0.540567</w>
      <t>5434</t>
    </point>
    <point>
      <x>0.5883333</x>
      <y>0.56</y>
      <w>0.540567</w>
      <t>5434</t>
    </point>
    <point>
      <x>0.59</x>
      <y>0.55833334</y>
      <w>0.540567</w>
      <t>5434</t>
    </point>
    <point>
      <x>0.59166664</x>
      <y>0.5566667</y>
      <w>0.540567</w>
      <t>5434</t>
    </point>
    <point>
      <x>0.5933333</x>
      <y>0.555</y>
      <w>0.540567</w>
      <t>5467</t>
    </point>
    <point>
      <x>0.595</x>
      <y>0.55333334</y>
      <w>0.540567</w>
      <t>5467</t>
    </point>
    <point>
      <x>0.59833336</x>
      <y>0.55</y>
      <w>0.540567</w>
      <t>5467</t>
    </point>
    <point>
      <x>0.6</x>
      <y>0.55</y>
      <w>0.540567</w>
      <t>5467</t>
    </point>
    <point>
      <x>0.60333335</x>
      <y>0.54833335</y>
      <w>0.540567</w>
      <t>5467</t>
    </point>
    <point>
      <x>0.605</x>
      <y>0.5466667</y>
      <w>0.5415445</w>
      <t>5500</t>
    </point>
    <point>
      <x>0.6066667</x>
      <y>0.545</y>
      <w>0.5415445</w>
      <t>5500</t>
    </point>
    <point>
      <x>0.61</x>
      <y>0.545</y>
      <w>0.5415445</w>
      <t>5500</t>
    </point>
    <point>
      <x>0.6116667</x>
      <y>0.545</y>
      <w>0.5415445</w>
      <t>5500</t>
    </point>
    <point>
      <x>0.615</x>
      <y>0.545</y>
      <w>0.5493646</w>
      <t>5534</t>
    </point>
    <point>
      <x>0.6166667</x>
      <y>0.545</y>
      <w>0.5493646</w>
      <t>5534</t>
    </point>
    <point>
      <x>0.62</x>
      <y>0.545</y>
      <w>0.5493646</w>
      <t>5534</t>
    </point>
    <point>
      <x>0.62166667</x>
      <y>0.545</y>
      <w>0.5493646</w>
      <t>5534</t>
    </point>
    <point>
      <x>0.62333333</x>
      <y>0.545</y>
      <w>0.5493646</w>
      <t>5534</t>
    </point>
    <point>
      <x>0.62666667</x>
      <y>0.545</y>
      <w>0.5786901</w>
      <t>5567</t>
    </point>
    <point>
      <x>0.62833333</x>
      <y>0.545</y>
      <w>0.5786901</w>
      <t>5567</t>
    </point>
    <point>
      <x>0.63</x>
      <y>0.5466667</y>
      <w>0.5786901</w>
      <t>5567</t>
    </point>
    <point>
      <x>0.63</x>
      <y>0.54833335</y>
      <w>0.5786901</w>
      <t>5567</t>
    </point>
    <point>
      <x>0.63166666</x>
      <y>0.55</y>
      <w>0.60703814</w>
      <t>5601</t>
    </point>
    <point>
      <x>0.6333333</x>
      <y>0.5516667</y>
      <w>0.60703814</w>
      <t>5601</t>
    </point>
    <point>
      <x>0.635</x>
      <y>0.5516667</y>
      <w>0.60703814</w>
      <t>5601</t>
    </point>
    <point>
      <x>0.635</x>
      <y>0.55333334</y>
      <w>0.60703814</w>
      <t>5601</t>
    </point>
    <point>
      <x>0.635</x>
      <y>0.555</y>
      <w>0.60703814</w>
      <t>5601</t>
    </point>
    <point>
      <x>0.635</x>
      <y>0.5566667</y>
      <w>0.65102637</w>
      <t>5634</t>
    </point>
    <point>
      <x>0.63666666</x>
      <y>0.56</y>
      <w>0.65102637</w>
      <t>5634</t>
    </point>
    <point>
      <x>0.63666666</x>
      <y>0.56166667</y>
      <w>0.65102637</w>
      <t>5634</t>
    </point>
    <point>
      <x>0.63666666</x>
      <y>0.565</y>
      <w>0.65102637</w>
      <t>5634</t>
    </point>
    <point>
      <x>0.63666666</x>
      <y>0.56666666</y>
      <w>0.686217</w>
      <t>5667</t>
    </point>
    <point>
      <x>0.63666666</x>
      <y>0.57</y>
      <w>0.686217</w>
      <t>5667</t>
    </point>
    <point>
      <x>0.63666666</x>
      <y>0.5733333</y>
      <w>0.686217</w>
      <t>5667</t>
    </point>
    <point>
      <x>0.63666666</x>
      <y>0.57666665</y>
      <w>0.686217</w>
      <t>5667</t>
    </point>
    <point>
      <x>0.63666666</x>
      <y>0.58</y>
      <w>0.7174975</w>
      <t>5701</t>
    </point>
    <point>
      <x>0.635</x>
      <y>0.5833333</y>
      <w>0.7174975</w>
      <t>5701</t>
    </point>
    <point>
      <x>0.635</x>
      <y>0.58666664</y>
      <w>0.7174975</w>
      <t>5701</t>
    </point>
    <point>
      <x>0.6333333</x>
      <y>0.59</y>
      <w>0.7174975</w>
      <t>5701</t>
    </point>
    <point>
      <x>0.6333333</x>
      <y>0.5933333</y>
      <w>0.7174975</w>
      <t>5701</t>
    </point>
    <point>
      <x>0.63166666</x>
      <y>0.5966667</y>
      <w>0.73900294</w>
      <t>5734</t>
    </point>
    <point>
      <x>0.63166666</x>
      <y>0.6016667</y>
      <w>0.73900294</w>
      <t>5734</t>
    </point>
    <point>
      <x>0.63</x>
      <y>0.605</y>
      <w>0.73900294</w>
      <t>5734</t>
    </point>
    <point>
      <x>0.62833333</x>
      <y>0.60833335</y>
      <w>0.73900294</w>
      <t>5734</t>
    </point>
    <point>
      <x>0.62666667</x>
      <y>0.61333334</y>
      <w>0.7536657</w>
      <t>5767</t>
    </point>
    <point>
      <x>0.625</x>
      <y>0.6166667</y>
      <w>0.7536657</w>
      <t>5767</t>
    </point>
    <point>
      <x>0.625</x>
      <y>0.62166667</y>
      <w>0.7536657</w>
      <t>5767</t>
    </point>
    <point>
      <x>0.62333333</x>
      <y>0.62666667</y>
      <w>0.7536657</w>
      <t>5767</t>
    </point>
    <point>
      <x>0.62333333</x>
      <y>0.63</y>
      <w>0.7536657</w>
      <t>5767</t>
    </point>
    <point>
      <x>0.62333333</x>
      <y>0.6333333</y>
      <w>0.7614858</w>
      <t>5801</t>
    </point>
    <point>
      <x>0.62166667</x>
      <y>0.6383333</y>
      <w>0.7614858</w>
      <t>5801</t>
    </point>
    <point>
      <x>0.62166667</x>
      <y>0.64</y>
      <w>0.7614858</w>
      <t>5801</t>
    </point>
    <point>
      <x>0.62166667</x>
      <y>0.6433333</y>
      <w>0.7614858</w>
      <t>5801</t>
    </point>
    <point>
      <x>0.62166667</x>
      <y>0.6483333</y>
      <w>0.76344085</w>
      <t>5834</t>
    </point>
    <point>
      <x>0.62166667</x>
      <y>0.65166664</y>
      <w>0.76344085</w>
      <t>5834</t>
    </point>
    <point>
      <x>0.62166667</x>
      <y>0.655</y>
      <w>0.76344085</w>
      <t>5834</t>
    </point>
    <point>
      <x>0.62</x>
      <y>0.65833336</y>
      <w>0.76344085</w>
      <t>5834</t>
    </point>
    <point>
      <x>0.62</x>
      <y>0.6616667</y>
      <w>0.76344085</w>
      <t>5834</t>
    </point>
    <point>
      <x>0.62</x>
      <y>0.665</y>
      <w>0.7653959</w>
      <t>5867</t>
    </point>
    <point>
      <x>0.62</x>
      <y>0.66833335</y>
      <w>0.7653959</w>
      <t>5867</t>
    </point>
    <point>
      <x>0.62</x>
      <y>0.67</y>
      <w>0.7653959</w>
      <t>5867</t>
    </point>
    <point>
      <x>0.62</x>
      <y>0.67333335</y>
      <w>0.7653959</w>
      <t>5867</t>
    </point>
    <point>
      <x>0.62</x>
      <y>0.675</y>
      <w>0.7653959</w>
      <t>5901</t>
    </point>
    <point>
      <x>0.62</x>
      <y>0.6766667</y>
      <w>0.7653959</w>
      <t>5901</t>
    </point>
    <point>
      <x>0.62166667</x>
      <y>0.67833334</y>
      <w>0.7653959</w>
      <t>5901</t>
    </point>
    <point>
      <x>0.62166667</x>
      <y>0.68</y>
      <w>0.7653959</w>
      <t>5901</t>
    </point>
    <point>
      <x>0.62333333</x>
      <y>0.68</y>
      <w>0.76344085</w>
      <t>5933</t>
    </point>
    <point>
      <x>0.625</x>
      <y>0.6816667</y>
      <w>0.76344085</w>
      <t>5933</t>
    </point>
    <point>
      <x>0.62666667</x>
      <y>0.6816667</y>
      <w>0.76344085</w>
      <t>5933</t>
    </point>
    <point>
      <x>0.62833333</x>
      <y>0.6816667</y>
      <w>0.7614858</w>
      <t>5967</t>
    </point>
    <point>
      <x>0.63166666</x>
      <y>0.6816667</y>
      <w>0.7614858</w>
      <t>5967</t>
    </point>
    <point>
      <x>0.6333333</x>
      <y>0.6816667</y>
      <w>0.7614858</w>
      <t>5967</t>
    </point>
    <point>
      <x>0.635</x>
      <y>0.6816667</y>
      <w>0.76344085</w>
      <t>6001</t>
    </point>
    <point>
      <x>0.6383333</x>
      <y>0.6816667</y>
      <w>0.76344085</w>
      <t>6001</t>
    </point>
    <point>
      <x>0.64166665</x>
      <y>0.6816667</y>
      <w>0.76344085</w>
      <t>6001</t>
    </point>
    <point>
      <x>0.645</x>
      <y>0.6816667</y>
      <w>0.76344085</w>
      <t>6001</t>
    </point>
    <point>
      <x>0.6483333</x>
      <y>0.6816667</y>
      <w>0.76344085</w>
      <t>6001</t>
    </point>
    <point>
      <x>0.65166664</x>
      <y>0.6816667</y>
      <w>0.76344085</w>
      <t>6034</t>
    </point>
    <point>
      <x>0.655</x>
      <y>0.6816667</y>
      <w>0.76344085</w>
      <t>6034</t>
    </point>
    <point>
      <x>0.66</x>
      <y>0.68</y>
      <w>0.76344085</w>
      <t>6034</t>
    </point>
    <point>
      <x>0.66333336</x>
      <y>0.68</y>
      <w>0.76344085</w>
      <t>6034</t>
    </point>
    <point>
      <x>0.6666667</x>
      <y>0.68</y>
      <w>0.76344085</w>
      <t>6067</t>
    </point>
    <point>
      <x>0.67</x>
      <y>0.67833334</y>
      <w>0.76344085</w>
      <t>6067</t>
    </point>
    <point>
      <x>0.67333335</x>
      <y>0.67833334</y>
      <w>0.76344085</w>
      <t>6067</t>
    </point>
    <point>
      <x>0.6766667</x>
      <y>0.67833334</y>
      <w>0.76344085</w>
      <t>6067</t>
    </point>
    <point>
      <x>0.68</x>
      <y>0.67833334</y>
      <w>0.76344085</w>
      <t>6067</t>
    </point>
    <point>
      <x>0.6816667</x>
      <y>0.67833334</y>
      <w>0.7605083</w>
      <t>6101</t>
    </point>
    <point>
      <x>0.685</x>
      <y>0.67833334</y>
      <w>0.7605083</w>
      <t>6101</t>
    </point>
    <point>
      <x>0.68833333</x>
      <y>0.67833334</y>
      <w>0.7605083</w>
      <t>6101</t>
    </point>
    <point>
      <x>0.69166666</x>
      <y>0.67833334</y>
      <w>0.7605083</w>
      <t>6101</t>
    </point>
    <point>
      <x>0.695</x>
      <y>0.67833334</y>
      <w>0.75757575</w>
      <t>6134</t>
    </point>
    <point>
      <x>0.6983333</x>
      <y>0.67833334</y>
      <w>0.75757575</w>
      <t>6134</t>
    </point>
    <point>
      <x>0.70166665</x>
      <y>0.67833334</y>
      <w>0.75757575</w>
      <t>6134</t>
    </point>
    <point>
      <x>0.705</x>
      <y>0.6766667</y>
      <w>0.75757575</w>
      <t>6134</t>
    </point>
    <point>
      <x>0.7083333</x>
      <y>0.6766667</y>
      <w>0.75757575</w>
      <t>6134</t>
    </point>
    <point>
      <x>0.71166664</x>
      <y>0.6766667</y>
      <w>0.75268817</w>
      <t>6167</t>
    </point>
    <point>
      <x>0.715</x>
      <y>0.6766667</y>
      <w>0.75268817</w>
      <t>6167</t>
    </point>
    <point>
      <x>0.71666664</x>
      <y>0.6766667</y>
      <w>0.75268817</w>
      <t>6167</t>
    </point>
    <point>
      <x>0.7183333</x>
      <y>0.6766667</y>
      <w>0.75268817</w>
      <t>6167</t>
    </point>
    <point>
      <x>0.7216667</x>
      <y>0.6766667</y>
      <w>0.7468231</w>
      <t>6200</t>
    </point>
    <point>
      <x>0.72333336</x>
      <y>0.6766667</y>
      <w>0.7468231</w>
      <t>6200</t>
    </point>
    <point>
      <x>0.725</x>
      <y>0.6766667</y>
      <w>0.7438905</w>
      <t>6233</t>
    </point>
    <point>
      <x>0.725</x>
      <y>0.675</y>
      <w>0.7438905</w>
      <t>6233</t>
    </point>
    <point>
      <x>0.72333336</x>
      <y>0.675</y>
      <w>0.0</w>
      <t>6334</t>
    </point>
  </stroke>
</character>
