<?xml version="1.0" encoding="UTF-8"?>
<character>
  <stroke time="0">
    <point>
      <x>0.41</x>
      <y>0.245</y>
      <w>0.285435</w>
      <t>69</t>
    </point>
    <point>
      <x>0.41166666</x>
      <y>0.24666667</y>
      <w>0.42521995</w>
      <t>100</t>
    </point>
    <point>
      <x>0.41333333</x>
      <y>0.24833333</y>
      <w>0.42521995</w>
      <t>100</t>
    </point>
    <point>
      <x>0.41333333</x>
      <y>0.25</y>
      <w>0.42521995</w>
      <t>100</t>
    </point>
    <point>
      <x>0.415</x>
      <y>0.25166667</y>
      <w>0.42521995</w>
      <t>101</t>
    </point>
    <point>
      <x>0.41666666</x>
      <y>0.25333333</y>
      <w>0.5024438</w>
      <t>133</t>
    </point>
    <point>
      <x>0.41833332</x>
      <y>0.255</y>
      <w>0.5024438</w>
      <t>133</t>
    </point>
    <point>
      <x>0.42</x>
      <y>0.25833333</y>
      <w>0.5024438</w>
      <t>133</t>
    </point>
    <point>
      <x>0.42</x>
      <y>0.26</y>
      <w>0.5024438</w>
      <t>134</t>
    </point>
    <point>
      <x>0.42166665</x>
      <y>0.26333332</y>
      <w>0.5024438</w>
      <t>134</t>
    </point>
    <point>
      <x>0.42166665</x>
      <y>0.265</y>
      <w>0.5591398</w>
      <t>167</t>
    </point>
    <point>
      <x>0.42333335</x>
      <y>0.26666668</y>
      <w>0.5591398</w>
      <t>167</t>
    </point>
    <point>
      <x>0.42333335</x>
      <y>0.26833335</y>
      <w>0.5591398</w>
      <t>167</t>
    </point>
    <point>
      <x>0.42333335</x>
      <y>0.27</y>
      <w>0.6109482</w>
      <t>199</t>
    </point>
    <point>
      <x>0.42333335</x>
      <y>0.27166668</y>
      <w>0.6109482</w>
      <t>199</t>
    </point>
    <point>
      <x>0.42333335</x>
      <y>0.27333334</y>
      <w>0.6109482</w>
      <t>199</t>
    </point>
    <point>
      <x>0.42333335</x>
      <y>0.275</y>
      <w>0.66373414</w>
      <t>233</t>
    </point>
    <point>
      <x>0.42333335</x>
      <y>0.27666667</y>
      <w>0.66373414</w>
      <t>233</t>
    </point>
    <point>
      <x>0.42333335</x>
      <y>0.27833334</y>
      <w>0.66373414</w>
      <t>233</t>
    </point>
    <point>
      <x>0.42333335</x>
      <y>0.28</y>
      <w>0.66373414</w>
      <t>234</t>
    </point>
    <point>
      <x>0.42333335</x>
      <y>0.28166667</y>
      <w>0.7096774</w>
      <t>266</t>
    </point>
    <point>
      <x>0.42333335</x>
      <y>0.28333333</y>
      <w>0.7096774</w>
      <t>266</t>
    </point>
    <point>
      <x>0.42333335</x>
      <y>0.285</y>
      <w>0.7096774</w>
      <t>266</t>
    </point>
    <point>
      <x>0.42333335</x>
      <y>0.28833333</y>
      <w>0.7096774</w>
      <t>267</t>
    </point>
    <point>
      <x>0.42166665</x>
      <y>0.29</y>
      <w>0.7478006</w>
      <t>300</t>
    </point>
    <point>
      <x>0.42166665</x>
      <y>0.29166666</y>
      <w>0.7478006</w>
      <t>300</t>
    </point>
    <point>
      <x>0.42166665</x>
      <y>0.295</y>
      <w>0.7478006</w>
      <t>300</t>
    </point>
    <point>
      <x>0.42</x>
      <y>0.29833335</y>
      <w>0.7478006</w>
      <t>301</t>
    </point>
    <point>
      <x>0.42</x>
      <y>0.30166668</y>
      <w>0.7478006</w>
      <t>301</t>
    </point>
    <point>
      <x>0.41833332</x>
      <y>0.305</y>
      <w>0.77028346</w>
      <t>333</t>
    </point>
    <point>
      <x>0.41666666</x>
      <y>0.30833334</y>
      <w>0.77028346</w>
      <t>333</t>
    </point>
    <point>
      <x>0.415</x>
      <y>0.31333333</y>
      <w>0.77028346</w>
      <t>333</t>
    </point>
    <point>
      <x>0.41166666</x>
      <y>0.31833333</y>
      <w>0.77028346</w>
      <t>334</t>
    </point>
    <point>
      <x>0.41</x>
      <y>0.32333332</y>
      <w>0.7800586</w>
      <t>366</t>
    </point>
    <point>
      <x>0.40833333</x>
      <y>0.32833335</y>
      <w>0.7800586</w>
      <t>366</t>
    </point>
    <point>
      <x>0.405</x>
      <y>0.335</y>
      <w>0.7800586</w>
      <t>366</t>
    </point>
    <point>
      <x>0.40333334</x>
      <y>0.34</y>
      <w>0.7800586</w>
      <t>367</t>
    </point>
    <point>
      <x>0.4</x>
      <y>0.34666666</y>
      <w>0.7800586</w>
      <t>367</t>
    </point>
    <point>
      <x>0.39666668</x>
      <y>0.35333332</y>
      <w>0.78396875</w>
      <t>399</t>
    </point>
    <point>
      <x>0.39333335</x>
      <y>0.36</y>
      <w>0.78396875</w>
      <t>399</t>
    </point>
    <point>
      <x>0.39</x>
      <y>0.36666667</y>
      <w>0.78396875</w>
      <t>399</t>
    </point>
    <point>
      <x>0.385</x>
      <y>0.375</y>
      <w>0.78396875</w>
      <t>400</t>
    </point>
    <point>
      <x>0.38</x>
      <y>0.38333333</y>
      <w>0.7937439</w>
      <t>433</t>
    </point>
    <point>
      <x>0.375</x>
      <y>0.39166668</y>
      <w>0.7937439</w>
      <t>433</t>
    </point>
    <point>
      <x>0.36833334</x>
      <y>0.4</y>
      <w>0.7937439</w>
      <t>433</t>
    </point>
    <point>
      <x>0.36333334</x>
      <y>0.41</y>
      <w>0.7937439</w>
      <t>434</t>
    </point>
    <point>
      <x>0.35666665</x>
      <y>0.41833332</y>
      <w>0.7937439</w>
      <t>434</t>
    </point>
    <point>
      <x>0.35166666</x>
      <y>0.42666668</y>
      <w>0.7986315</w>
      <t>467</t>
    </point>
    <point>
      <x>0.345</x>
      <y>0.43666667</y>
      <w>0.7986315</w>
      <t>467</t>
    </point>
    <point>
      <x>0.33833334</x>
      <y>0.44666666</y>
      <w>0.7986315</w>
      <t>467</t>
    </point>
    <point>
      <x>0.33</x>
      <y>0.45833334</y>
      <w>0.7986315</w>
      <t>468</t>
    </point>
    <point>
      <x>0.32</x>
      <y>0.47</y>
      <w>0.8005865</w>
      <t>500</t>
    </point>
    <point>
      <x>0.31166667</x>
      <y>0.48166665</y>
      <w>0.8005865</w>
      <t>500</t>
    </point>
    <point>
      <x>0.30333334</x>
      <y>0.49333334</y>
      <w>0.8005865</w>
      <t>500</t>
    </point>
    <point>
      <x>0.295</x>
      <y>0.50333333</y>
      <w>0.8005865</w>
      <t>501</t>
    </point>
    <point>
      <x>0.28833333</x>
      <y>0.5133333</y>
      <w>0.8005865</w>
      <t>501</t>
    </point>
    <point>
      <x>0.28166667</x>
      <y>0.5233333</y>
      <w>0.79667646</w>
      <t>533</t>
    </point>
    <point>
      <x>0.275</x>
      <y>0.5316667</y>
      <w>0.79667646</w>
      <t>533</t>
    </point>
    <point>
      <x>0.27</x>
      <y>0.53833336</y>
      <w>0.79667646</w>
      <t>533</t>
    </point>
    <point>
      <x>0.26333332</x>
      <y>0.5466667</y>
      <w>0.79667646</w>
      <t>534</t>
    </point>
    <point>
      <x>0.25833333</x>
      <y>0.555</y>
      <w>0.79081136</w>
      <t>566</t>
    </point>
    <point>
      <x>0.25333333</x>
      <y>0.56166667</y>
      <w>0.79081136</w>
      <t>566</t>
    </point>
    <point>
      <x>0.24833333</x>
      <y>0.56666666</y>
      <w>0.79081136</w>
      <t>568</t>
    </point>
    <point>
      <x>0.245</x>
      <y>0.57166666</y>
      <w>0.79081136</w>
      <t>568</t>
    </point>
    <point>
      <x>0.24</x>
      <y>0.57666665</y>
      <w>0.79081136</w>
      <t>568</t>
    </point>
    <point>
      <x>0.23666666</x>
      <y>0.58</y>
      <w>0.7370479</w>
      <t>599</t>
    </point>
    <point>
      <x>0.235</x>
      <y>0.58166665</y>
      <w>0.7370479</w>
      <t>599</t>
    </point>
    <point>
      <x>0.23166667</x>
      <y>0.585</y>
      <w>0.7370479</w>
      <t>599</t>
    </point>
    <point>
      <x>0.23</x>
      <y>0.58666664</y>
      <w>0.6901271</w>
      <t>633</t>
    </point>
    <point>
      <x>0.23</x>
      <y>0.585</y>
      <w>0.6158358</w>
      <t>666</t>
    </point>
    <point>
      <x>0.23</x>
      <y>0.5833333</y>
      <w>0.5552297</w>
      <t>699</t>
    </point>
    <point>
      <x>0.23</x>
      <y>0.58166665</y>
      <w>0.5552297</w>
      <t>699</t>
    </point>
    <point>
      <x>0.23</x>
      <y>0.58</y>
      <w>0.5552297</w>
      <t>699</t>
    </point>
    <point>
      <x>0.23</x>
      <y>0.57666665</y>
      <w>0.5552297</w>
      <t>699</t>
    </point>
    <point>
      <x>0.23</x>
      <y>0.5733333</y>
      <w>0.53274685</w>
      <t>733</t>
    </point>
    <point>
      <x>0.23</x>
      <y>0.57166666</y>
      <w>0.53274685</w>
      <t>733</t>
    </point>
    <point>
      <x>0.23166667</x>
      <y>0.5683333</y>
      <w>0.53274685</w>
      <t>733</t>
    </point>
    <point>
      <x>0.23166667</x>
      <y>0.565</y>
      <w>0.53274685</w>
      <t>733</t>
    </point>
    <point>
      <x>0.23333333</x>
      <y>0.56166667</y>
      <w>0.53274685</w>
      <t>733</t>
    </point>
    <point>
      <x>0.235</x>
      <y>0.55833334</y>
      <w>0.48778105</w>
      <t>766</t>
    </point>
    <point>
      <x>0.235</x>
      <y>0.5566667</y>
      <w>0.48778105</w>
      <t>766</t>
    </point>
    <point>
      <x>0.23666666</x>
      <y>0.55333334</y>
      <w>0.48778105</w>
      <t>766</t>
    </point>
    <point>
      <x>0.23666666</x>
      <y>0.5516667</y>
      <w>0.48778105</w>
      <t>766</t>
    </point>
    <point>
      <x>0.23833333</x>
      <y>0.54833335</y>
      <w>0.48875856</w>
      <t>800</t>
    </point>
    <point>
      <x>0.24</x>
      <y>0.545</y>
      <w>0.48875856</w>
      <t>802</t>
    </point>
    <point>
      <x>0.24166666</x>
      <y>0.54333335</y>
      <w>0.48875856</w>
      <t>802</t>
    </point>
    <point>
      <x>0.24333334</x>
      <y>0.54</y>
      <w>0.48875856</w>
      <t>802</t>
    </point>
    <point>
      <x>0.245</x>
      <y>0.5366667</y>
      <w>0.48875856</w>
      <t>802</t>
    </point>
    <point>
      <x>0.24666667</x>
      <y>0.535</y>
      <w>0.4916911</w>
      <t>833</t>
    </point>
    <point>
      <x>0.24833333</x>
      <y>0.53333336</y>
      <w>0.4916911</w>
      <t>833</t>
    </point>
    <point>
      <x>0.25</x>
      <y>0.5316667</y>
      <w>0.4916911</w>
      <t>833</t>
    </point>
    <point>
      <x>0.25166667</x>
      <y>0.5316667</y>
      <w>0.4916911</w>
      <t>833</t>
    </point>
    <point>
      <x>0.25333333</x>
      <y>0.5316667</y>
      <w>0.5043988</w>
      <t>866</t>
    </point>
    <point>
      <x>0.255</x>
      <y>0.53</y>
      <w>0.5043988</w>
      <t>866</t>
    </point>
    <point>
      <x>0.25666666</x>
      <y>0.53</y>
      <w>0.56989247</w>
      <t>900</t>
    </point>
    <point>
      <x>0.25833333</x>
      <y>0.53</y>
      <w>0.56989247</w>
      <t>900</t>
    </point>
    <point>
      <x>0.26</x>
      <y>0.53</y>
      <w>0.56989247</w>
      <t>900</t>
    </point>
    <point>
      <x>0.26166666</x>
      <y>0.53</y>
      <w>0.56989247</w>
      <t>900</t>
    </point>
    <point>
      <x>0.26333332</x>
      <y>0.53</y>
      <w>0.6099707</w>
      <t>933</t>
    </point>
    <point>
      <x>0.265</x>
      <y>0.53</y>
      <w>0.6099707</w>
      <t>933</t>
    </point>
    <point>
      <x>0.26666668</x>
      <y>0.5316667</y>
      <w>0.6099707</w>
      <t>933</t>
    </point>
    <point>
      <x>0.26833335</x>
      <y>0.5316667</y>
      <w>0.6422287</w>
      <t>966</t>
    </point>
    <point>
      <x>0.26833335</x>
      <y>0.53333336</y>
      <w>0.6422287</w>
      <t>966</t>
    </point>
    <point>
      <x>0.27</x>
      <y>0.535</y>
      <w>0.6422287</w>
      <t>966</t>
    </point>
    <point>
      <x>0.27166668</x>
      <y>0.5366667</y>
      <w>0.6783969</w>
      <t>1001</t>
    </point>
    <point>
      <x>0.27333334</x>
      <y>0.53833336</y>
      <w>0.6783969</w>
      <t>1001</t>
    </point>
    <point>
      <x>0.27333334</x>
      <y>0.54</y>
      <w>0.6783969</w>
      <t>1001</t>
    </point>
    <point>
      <x>0.275</x>
      <y>0.5416667</y>
      <w>0.7096774</w>
      <t>1034</t>
    </point>
    <point>
      <x>0.275</x>
      <y>0.54333335</y>
      <w>0.7096774</w>
      <t>1034</t>
    </point>
    <point>
      <x>0.27666667</x>
      <y>0.545</y>
      <w>0.7096774</w>
      <t>1034</t>
    </point>
    <point>
      <x>0.27666667</x>
      <y>0.5466667</y>
      <w>0.7096774</w>
      <t>1034</t>
    </point>
    <point>
      <x>0.27666667</x>
      <y>0.54833335</y>
      <w>0.7096774</w>
      <t>1034</t>
    </point>
    <point>
      <x>0.27833334</x>
      <y>0.55</y>
      <w>0.74584556</w>
      <t>1067</t>
    </point>
    <point>
      <x>0.27833334</x>
      <y>0.5516667</y>
      <w>0.74584556</w>
      <t>1067</t>
    </point>
    <point>
      <x>0.27833334</x>
      <y>0.55333334</y>
      <w>0.74584556</w>
      <t>1067</t>
    </point>
    <point>
      <x>0.27833334</x>
      <y>0.555</y>
      <w>0.74584556</w>
      <t>1067</t>
    </point>
    <point>
      <x>0.28</x>
      <y>0.5566667</y>
      <w>0.7771261</w>
      <t>1101</t>
    </point>
    <point>
      <x>0.28</x>
      <y>0.56</y>
      <w>0.7771261</w>
      <t>1101</t>
    </point>
    <point>
      <x>0.28</x>
      <y>0.56166667</y>
      <w>0.7771261</w>
      <t>1101</t>
    </point>
    <point>
      <x>0.28</x>
      <y>0.565</y>
      <w>0.7771261</w>
      <t>1101</t>
    </point>
    <point>
      <x>0.28166667</x>
      <y>0.56666666</y>
      <w>0.7771261</w>
      <t>1101</t>
    </point>
    <point>
      <x>0.28166667</x>
      <y>0.57</y>
      <w>0.79667646</w>
      <t>1134</t>
    </point>
    <point>
      <x>0.28166667</x>
      <y>0.57166666</y>
      <w>0.79667646</w>
      <t>1134</t>
    </point>
    <point>
      <x>0.28166667</x>
      <y>0.575</y>
      <w>0.79667646</w>
      <t>1134</t>
    </point>
    <point>
      <x>0.28166667</x>
      <y>0.5783333</y>
      <w>0.79667646</w>
      <t>1135</t>
    </point>
    <point>
      <x>0.28166667</x>
      <y>0.58166665</y>
      <w>0.80938417</w>
      <t>1167</t>
    </point>
    <point>
      <x>0.28166667</x>
      <y>0.585</y>
      <w>0.80938417</w>
      <t>1167</t>
    </point>
    <point>
      <x>0.28166667</x>
      <y>0.59</y>
      <w>0.80938417</w>
      <t>1167</t>
    </point>
    <point>
      <x>0.28166667</x>
      <y>0.595</y>
      <w>0.80938417</w>
      <t>1167</t>
    </point>
    <point>
      <x>0.28166667</x>
      <y>0.6</y>
      <w>0.82013685</w>
      <t>1200</t>
    </point>
    <point>
      <x>0.28166667</x>
      <y>0.6066667</y>
      <w>0.82013685</w>
      <t>1200</t>
    </point>
    <point>
      <x>0.28166667</x>
      <y>0.6116667</y>
      <w>0.82013685</w>
      <t>1200</t>
    </point>
    <point>
      <x>0.28166667</x>
      <y>0.61833334</y>
      <w>0.82013685</w>
      <t>1200</t>
    </point>
    <point>
      <x>0.28166667</x>
      <y>0.625</y>
      <w>0.82013685</w>
      <t>1200</t>
    </point>
    <point>
      <x>0.28166667</x>
      <y>0.63166666</y>
      <w>0.83870965</w>
      <t>1234</t>
    </point>
    <point>
      <x>0.28166667</x>
      <y>0.6383333</y>
      <w>0.83870965</w>
      <t>1234</t>
    </point>
    <point>
      <x>0.28166667</x>
      <y>0.64666665</y>
      <w>0.83870965</w>
      <t>1234</t>
    </point>
    <point>
      <x>0.28166667</x>
      <y>0.6533333</y>
      <w>0.83870965</w>
      <t>1234</t>
    </point>
    <point>
      <x>0.28333333</x>
      <y>0.6616667</y>
      <w>0.84652984</w>
      <t>1267</t>
    </point>
    <point>
      <x>0.28333333</x>
      <y>0.66833335</y>
      <w>0.84652984</w>
      <t>1267</t>
    </point>
    <point>
      <x>0.28333333</x>
      <y>0.675</y>
      <w>0.84652984</w>
      <t>1267</t>
    </point>
    <point>
      <x>0.285</x>
      <y>0.6816667</y>
      <w>0.84652984</w>
      <t>1267</t>
    </point>
    <point>
      <x>0.285</x>
      <y>0.68833333</y>
      <w>0.84652984</w>
      <t>1267</t>
    </point>
    <point>
      <x>0.28666666</x>
      <y>0.695</y>
      <w>0.8484849</w>
      <t>1301</t>
    </point>
    <point>
      <x>0.28833333</x>
      <y>0.70166665</y>
      <w>0.8484849</w>
      <t>1301</t>
    </point>
    <point>
      <x>0.28833333</x>
      <y>0.7083333</y>
      <w>0.8484849</w>
      <t>1301</t>
    </point>
    <point>
      <x>0.29</x>
      <y>0.7133333</y>
      <w>0.8484849</w>
      <t>1301</t>
    </point>
    <point>
      <x>0.29166666</x>
      <y>0.7183333</y>
      <w>0.8484849</w>
      <t>1334</t>
    </point>
    <point>
      <x>0.29333332</x>
      <y>0.7216667</y>
      <w>0.8484849</w>
      <t>1334</t>
    </point>
    <point>
      <x>0.29333332</x>
      <y>0.725</y>
      <w>0.8484849</w>
      <t>1334</t>
    </point>
    <point>
      <x>0.295</x>
      <y>0.7266667</y>
      <w>0.8484849</w>
      <t>1334</t>
    </point>
    <point>
      <x>0.295</x>
      <y>0.73</y>
      <w>0.8484849</w>
      <t>1334</t>
    </point>
    <point>
      <x>0.29666665</x>
      <y>0.73</y>
      <w>0.8484849</w>
      <t>1367</t>
    </point>
    <point>
      <x>0.29666665</x>
      <y>0.7316667</y>
      <w>0.8484849</w>
      <t>1367</t>
    </point>
  </stroke>
  <stroke time="2701">
    <point>
      <x>0.51666665</x>
      <y>0.40333334</y>
      <w>0.10166178</w>
      <t>2701</t>
    </point>
    <point>
      <x>0.5183333</x>
      <y>0.40333334</y>
      <w>0.10166178</w>
      <t>2701</t>
    </point>
    <point>
      <x>0.52</x>
      <y>0.405</y>
      <w>0.10166178</w>
      <t>2701</t>
    </point>
    <point>
      <x>0.52166665</x>
      <y>0.405</y>
      <w>0.19354838</w>
      <t>2734</t>
    </point>
    <point>
      <x>0.5233333</x>
      <y>0.405</y>
      <w>0.19354838</w>
      <t>2734</t>
    </point>
    <point>
      <x>0.5233333</x>
      <y>0.40666667</y>
      <w>0.19354838</w>
      <t>2734</t>
    </point>
    <point>
      <x>0.525</x>
      <y>0.40666667</y>
      <w>0.26490712</w>
      <t>2767</t>
    </point>
    <point>
      <x>0.52666664</x>
      <y>0.40666667</y>
      <w>0.26490712</w>
      <t>2767</t>
    </point>
    <point>
      <x>0.52666664</x>
      <y>0.40833333</y>
      <w>0.26490712</w>
      <t>2767</t>
    </point>
    <point>
      <x>0.5283333</x>
      <y>0.40833333</y>
      <w>0.26490712</w>
      <t>2767</t>
    </point>
    <point>
      <x>0.53</x>
      <y>0.41</y>
      <w>0.3372434</w>
      <t>2801</t>
    </point>
    <point>
      <x>0.5316667</x>
      <y>0.41</y>
      <w>0.3372434</w>
      <t>2801</t>
    </point>
    <point>
      <x>0.53333336</x>
      <y>0.41</y>
      <w>0.3372434</w>
      <t>2801</t>
    </point>
    <point>
      <x>0.53333336</x>
      <y>0.41166666</y>
      <w>0.4173998</w>
      <t>2834</t>
    </point>
    <point>
      <x>0.535</x>
      <y>0.41166666</y>
      <w>0.4173998</w>
      <t>2834</t>
    </point>
    <point>
      <x>0.5366667</x>
      <y>0.41166666</y>
      <w>0.4173998</w>
      <t>2834</t>
    </point>
    <point>
      <x>0.53833336</x>
      <y>0.41166666</y>
      <w>0.4173998</w>
      <t>2834</t>
    </point>
    <point>
      <x>0.54</x>
      <y>0.41166666</y>
      <w>0.46529815</w>
      <t>2867</t>
    </point>
    <point>
      <x>0.5416667</x>
      <y>0.41166666</y>
      <w>0.48582602</w>
      <t>2900</t>
    </point>
    <point>
      <x>0.5416667</x>
      <y>0.41333333</y>
      <w>0.48582602</w>
      <t>2900</t>
    </point>
    <point>
      <x>0.54333335</x>
      <y>0.41333333</y>
      <w>0.48582602</w>
      <t>2900</t>
    </point>
    <point>
      <x>0.545</x>
      <y>0.41333333</y>
      <w>0.48582602</w>
      <t>2900</t>
    </point>
    <point>
      <x>0.5466667</x>
      <y>0.41333333</y>
      <w>0.5415445</w>
      <t>2934</t>
    </point>
    <point>
      <x>0.54833335</x>
      <y>0.41333333</y>
      <w>0.5415445</w>
      <t>2934</t>
    </point>
    <point>
      <x>0.55</x>
      <y>0.41333333</y>
      <w>0.5591398</w>
      <t>2968</t>
    </point>
    <point>
      <x>0.5516667</x>
      <y>0.41333333</y>
      <w>0.5591398</w>
      <t>2968</t>
    </point>
    <point>
      <x>0.55333334</x>
      <y>0.41333333</y>
      <w>0.5591398</w>
      <t>2968</t>
    </point>
    <point>
      <x>0.555</x>
      <y>0.41333333</y>
      <w>0.57478005</w>
      <t>3001</t>
    </point>
    <point>
      <x>0.5566667</x>
      <y>0.41333333</y>
      <w>0.57478005</w>
      <t>3001</t>
    </point>
    <point>
      <x>0.55833334</x>
      <y>0.41166666</y>
      <w>0.57478005</w>
      <t>3001</t>
    </point>
    <point>
      <x>0.56</x>
      <y>0.41166666</y>
      <w>0.5855327</w>
      <t>3034</t>
    </point>
    <point>
      <x>0.56166667</x>
      <y>0.41166666</y>
      <w>0.5855327</w>
      <t>3034</t>
    </point>
    <point>
      <x>0.56333333</x>
      <y>0.41</y>
      <w>0.5855327</w>
      <t>3034</t>
    </point>
    <point>
      <x>0.56666666</x>
      <y>0.41</y>
      <w>0.5855327</w>
      <t>3034</t>
    </point>
    <point>
      <x>0.5683333</x>
      <y>0.40833333</y>
      <w>0.59628546</w>
      <t>3067</t>
    </point>
    <point>
      <x>0.57166666</x>
      <y>0.40833333</y>
      <w>0.59628546</w>
      <t>3067</t>
    </point>
    <point>
      <x>0.5733333</x>
      <y>0.40666667</y>
      <w>0.59628546</w>
      <t>3067</t>
    </point>
    <point>
      <x>0.57666665</x>
      <y>0.40666667</y>
      <w>0.59628546</w>
      <t>3067</t>
    </point>
    <point>
      <x>0.58</x>
      <y>0.405</y>
      <w>0.59628546</w>
      <t>3067</t>
    </point>
    <point>
      <x>0.5833333</x>
      <y>0.40333334</y>
      <w>0.60215056</w>
      <t>3100</t>
    </point>
    <point>
      <x>0.58666664</x>
      <y>0.40166667</y>
      <w>0.60215056</w>
      <t>3100</t>
    </point>
    <point>
      <x>0.59</x>
      <y>0.4</y>
      <w>0.60215056</w>
      <t>3100</t>
    </point>
    <point>
      <x>0.595</x>
      <y>0.39833334</y>
      <w>0.60215056</w>
      <t>3100</t>
    </point>
    <point>
      <x>0.59833336</x>
      <y>0.395</y>
      <w>0.6089932</w>
      <t>3134</t>
    </point>
    <point>
      <x>0.60333335</x>
      <y>0.39333335</y>
      <w>0.6089932</w>
      <t>3134</t>
    </point>
    <point>
      <x>0.61</x>
      <y>0.39</y>
      <w>0.6089932</w>
      <t>3134</t>
    </point>
    <point>
      <x>0.615</x>
      <y>0.38833332</y>
      <w>0.6089932</w>
      <t>3134</t>
    </point>
    <point>
      <x>0.62166667</x>
      <y>0.385</y>
      <w>0.6089932</w>
      <t>3134</t>
    </point>
    <point>
      <x>0.62666667</x>
      <y>0.38333333</y>
      <w>0.6099707</w>
      <t>3167</t>
    </point>
    <point>
      <x>0.6333333</x>
      <y>0.38166666</y>
      <w>0.6099707</w>
      <t>3167</t>
    </point>
    <point>
      <x>0.6383333</x>
      <y>0.37833333</y>
      <w>0.6099707</w>
      <t>3167</t>
    </point>
    <point>
      <x>0.645</x>
      <y>0.37666667</y>
      <w>0.6099707</w>
      <t>3167</t>
    </point>
    <point>
      <x>0.65</x>
      <y>0.37333333</y>
      <w>0.60703814</w>
      <t>3201</t>
    </point>
    <point>
      <x>0.655</x>
      <y>0.37166667</y>
      <w>0.60703814</w>
      <t>3201</t>
    </point>
    <point>
      <x>0.66</x>
      <y>0.36833334</y>
      <w>0.60703814</w>
      <t>3201</t>
    </point>
    <point>
      <x>0.665</x>
      <y>0.36666667</y>
      <w>0.60703814</w>
      <t>3201</t>
    </point>
    <point>
      <x>0.66833335</x>
      <y>0.365</y>
      <w>0.60703814</w>
      <t>3201</t>
    </point>
    <point>
      <x>0.67333335</x>
      <y>0.36333334</y>
      <w>0.6050831</w>
      <t>3234</t>
    </point>
    <point>
      <x>0.675</x>
      <y>0.36333334</y>
      <w>0.6050831</w>
      <t>3234</t>
    </point>
    <point>
      <x>0.67833334</x>
      <y>0.36166668</y>
      <w>0.6050831</w>
      <t>3234</t>
    </point>
    <point>
      <x>0.68</x>
      <y>0.36</y>
      <w>0.6041056</w>
      <t>3267</t>
    </point>
    <point>
      <x>0.68</x>
      <y>0.35833332</y>
      <w>0.04692082</w>
      <t>3367</t>
    </point>
    <point>
      <x>0.67833334</x>
      <y>0.35833332</y>
      <w>0.04692082</w>
      <t>3367</t>
    </point>
    <point>
      <x>0.6766667</x>
      <y>0.35833332</y>
      <w>0.04692082</w>
      <t>3367</t>
    </point>
    <point>
      <x>0.67333335</x>
      <y>0.35833332</y>
      <w>0.04692082</w>
      <t>3367</t>
    </point>
  </stroke>
  <stroke time="3667">
    <point>
      <x>0.61833334</x>
      <y>0.29</y>
      <w>0.21016617</w>
      <t>3667</t>
    </point>
    <point>
      <x>0.61833334</x>
      <y>0.29166666</y>
      <w>0.21016617</w>
      <t>3667</t>
    </point>
    <point>
      <x>0.62</x>
      <y>0.29333332</y>
      <w>0.21016617</w>
      <t>3667</t>
    </point>
    <point>
      <x>0.62</x>
      <y>0.29666665</y>
      <w>0.2629521</w>
      <t>3701</t>
    </point>
    <point>
      <x>0.62166667</x>
      <y>0.29666665</y>
      <w>0.2629521</w>
      <t>3701</t>
    </point>
    <point>
      <x>0.62333333</x>
      <y>0.29833335</y>
      <w>0.2629521</w>
      <t>3701</t>
    </point>
    <point>
      <x>0.62333333</x>
      <y>0.3</y>
      <w>0.2629521</w>
      <t>3701</t>
    </point>
    <point>
      <x>0.625</x>
      <y>0.30166668</y>
      <w>0.42521995</w>
      <t>3734</t>
    </point>
    <point>
      <x>0.62666667</x>
      <y>0.30333334</y>
      <w>0.42521995</w>
      <t>3734</t>
    </point>
    <point>
      <x>0.62666667</x>
      <y>0.30666667</y>
      <w>0.42521995</w>
      <t>3734</t>
    </point>
    <point>
      <x>0.62833333</x>
      <y>0.30833334</y>
      <w>0.42521995</w>
      <t>3734</t>
    </point>
    <point>
      <x>0.63</x>
      <y>0.31166667</y>
      <w>0.42521995</w>
      <t>3734</t>
    </point>
    <point>
      <x>0.63</x>
      <y>0.31333333</y>
      <w>0.48875856</w>
      <t>3768</t>
    </point>
    <point>
      <x>0.63166666</x>
      <y>0.31666666</y>
      <w>0.48875856</w>
      <t>3768</t>
    </point>
    <point>
      <x>0.63166666</x>
      <y>0.32</y>
      <w>0.48875856</w>
      <t>3768</t>
    </point>
    <point>
      <x>0.6333333</x>
      <y>0.32166666</y>
      <w>0.48875856</w>
      <t>3768</t>
    </point>
    <point>
      <x>0.6333333</x>
      <y>0.32333332</y>
      <w>0.53176934</w>
      <t>3801</t>
    </point>
    <point>
      <x>0.635</x>
      <y>0.32666665</y>
      <w>0.53176934</w>
      <t>3801</t>
    </point>
    <point>
      <x>0.635</x>
      <y>0.32833335</y>
      <w>0.53176934</w>
      <t>3801</t>
    </point>
    <point>
      <x>0.635</x>
      <y>0.33</y>
      <w>0.53176934</w>
      <t>3801</t>
    </point>
    <point>
      <x>0.63666666</x>
      <y>0.33333334</y>
      <w>0.53176934</w>
      <t>3801</t>
    </point>
    <point>
      <x>0.63666666</x>
      <y>0.335</y>
      <w>0.5845552</w>
      <t>3834</t>
    </point>
    <point>
      <x>0.63666666</x>
      <y>0.33833334</y>
      <w>0.5845552</w>
      <t>3834</t>
    </point>
    <point>
      <x>0.63666666</x>
      <y>0.34</y>
      <w>0.5845552</w>
      <t>3834</t>
    </point>
    <point>
      <x>0.63666666</x>
      <y>0.34333333</y>
      <w>0.5845552</w>
      <t>3834</t>
    </point>
    <point>
      <x>0.6383333</x>
      <y>0.34666666</y>
      <w>0.6461388</w>
      <t>3868</t>
    </point>
    <point>
      <x>0.6383333</x>
      <y>0.34833333</y>
      <w>0.6461388</w>
      <t>3868</t>
    </point>
    <point>
      <x>0.6383333</x>
      <y>0.35166666</y>
      <w>0.6461388</w>
      <t>3868</t>
    </point>
    <point>
      <x>0.6383333</x>
      <y>0.355</y>
      <w>0.6461388</w>
      <t>3868</t>
    </point>
    <point>
      <x>0.6383333</x>
      <y>0.35833332</y>
      <w>0.6461388</w>
      <t>3868</t>
    </point>
    <point>
      <x>0.6383333</x>
      <y>0.36166668</y>
      <w>0.6793744</w>
      <t>3901</t>
    </point>
    <point>
      <x>0.63666666</x>
      <y>0.365</y>
      <w>0.6793744</w>
      <t>3901</t>
    </point>
    <point>
      <x>0.63666666</x>
      <y>0.36833334</y>
      <w>0.6793744</w>
      <t>3901</t>
    </point>
    <point>
      <x>0.635</x>
      <y>0.37166667</y>
      <w>0.6793744</w>
      <t>3901</t>
    </point>
    <point>
      <x>0.635</x>
      <y>0.375</y>
      <w>0.7028348</w>
      <t>3934</t>
    </point>
    <point>
      <x>0.6333333</x>
      <y>0.37833333</y>
      <w>0.7028348</w>
      <t>3934</t>
    </point>
    <point>
      <x>0.6333333</x>
      <y>0.38333333</y>
      <w>0.7028348</w>
      <t>3934</t>
    </point>
    <point>
      <x>0.63166666</x>
      <y>0.38833332</y>
      <w>0.7028348</w>
      <t>3934</t>
    </point>
    <point>
      <x>0.63166666</x>
      <y>0.39333335</y>
      <w>0.7194526</w>
      <t>3967</t>
    </point>
    <point>
      <x>0.63</x>
      <y>0.39833334</y>
      <w>0.7194526</w>
      <t>3967</t>
    </point>
    <point>
      <x>0.62666667</x>
      <y>0.405</y>
      <w>0.7194526</w>
      <t>3967</t>
    </point>
    <point>
      <x>0.625</x>
      <y>0.41</y>
      <w>0.7194526</w>
      <t>3967</t>
    </point>
    <point>
      <x>0.62333333</x>
      <y>0.41666666</y>
      <w>0.7194526</w>
      <t>3967</t>
    </point>
    <point>
      <x>0.62</x>
      <y>0.42333335</y>
      <w>0.7419355</w>
      <t>4001</t>
    </point>
    <point>
      <x>0.61833334</x>
      <y>0.42833334</y>
      <w>0.7419355</w>
      <t>4001</t>
    </point>
    <point>
      <x>0.6166667</x>
      <y>0.435</y>
      <w>0.7419355</w>
      <t>4001</t>
    </point>
    <point>
      <x>0.615</x>
      <y>0.44166666</y>
      <w>0.7419355</w>
      <t>4001</t>
    </point>
    <point>
      <x>0.6116667</x>
      <y>0.44833332</y>
      <w>0.75757575</w>
      <t>4034</t>
    </point>
    <point>
      <x>0.61</x>
      <y>0.45333335</y>
      <w>0.75757575</w>
      <t>4034</t>
    </point>
    <point>
      <x>0.60833335</x>
      <y>0.46</y>
      <w>0.75757575</w>
      <t>4034</t>
    </point>
    <point>
      <x>0.6066667</x>
      <y>0.465</y>
      <w>0.75757575</w>
      <t>4034</t>
    </point>
    <point>
      <x>0.605</x>
      <y>0.47</y>
      <w>0.75757575</w>
      <t>4034</t>
    </point>
    <point>
      <x>0.60333335</x>
      <y>0.475</y>
      <w>0.76246333</w>
      <t>4068</t>
    </point>
    <point>
      <x>0.6016667</x>
      <y>0.47833332</y>
      <w>0.76246333</w>
      <t>4068</t>
    </point>
    <point>
      <x>0.6016667</x>
      <y>0.48333332</y>
      <w>0.76246333</w>
      <t>4068</t>
    </point>
    <point>
      <x>0.6016667</x>
      <y>0.48666668</y>
      <w>0.76246333</w>
      <t>4068</t>
    </point>
    <point>
      <x>0.6</x>
      <y>0.49</y>
      <w>0.76246333</w>
      <t>4101</t>
    </point>
    <point>
      <x>0.6</x>
      <y>0.49166667</y>
      <w>0.76246333</w>
      <t>4101</t>
    </point>
    <point>
      <x>0.6</x>
      <y>0.49333334</y>
      <w>0.76246333</w>
      <t>4101</t>
    </point>
    <point>
      <x>0.6</x>
      <y>0.495</y>
      <w>0.76246333</w>
      <t>4101</t>
    </point>
    <point>
      <x>0.6</x>
      <y>0.49666667</y>
      <w>0.76246333</w>
      <t>4101</t>
    </point>
    <point>
      <x>0.6</x>
      <y>0.49833333</y>
      <w>0.7595308</w>
      <t>4134</t>
    </point>
    <point>
      <x>0.6016667</x>
      <y>0.5</y>
      <w>0.7595308</w>
      <t>4134</t>
    </point>
    <point>
      <x>0.60333335</x>
      <y>0.50166667</y>
      <w>0.75659823</w>
      <t>4168</t>
    </point>
    <point>
      <x>0.605</x>
      <y>0.50166667</y>
      <w>0.75659823</w>
      <t>4168</t>
    </point>
    <point>
      <x>0.6066667</x>
      <y>0.50333333</y>
      <w>0.7536657</w>
      <t>4201</t>
    </point>
    <point>
      <x>0.60833335</x>
      <y>0.50333333</y>
      <w>0.7536657</w>
      <t>4201</t>
    </point>
    <point>
      <x>0.61</x>
      <y>0.50333333</y>
      <w>0.7536657</w>
      <t>4201</t>
    </point>
    <point>
      <x>0.6116667</x>
      <y>0.50333333</y>
      <w>0.7536657</w>
      <t>4201</t>
    </point>
    <point>
      <x>0.615</x>
      <y>0.50333333</y>
      <w>0.7478006</w>
      <t>4234</t>
    </point>
    <point>
      <x>0.6166667</x>
      <y>0.50333333</y>
      <w>0.7478006</w>
      <t>4234</t>
    </point>
    <point>
      <x>0.62</x>
      <y>0.50333333</y>
      <w>0.7478006</w>
      <t>4234</t>
    </point>
    <point>
      <x>0.62333333</x>
      <y>0.50333333</y>
      <w>0.7478006</w>
      <t>4234</t>
    </point>
    <point>
      <x>0.62666667</x>
      <y>0.50333333</y>
      <w>0.714565</w>
      <t>4267</t>
    </point>
    <point>
      <x>0.63</x>
      <y>0.50333333</y>
      <w>0.714565</w>
      <t>4267</t>
    </point>
    <point>
      <x>0.6333333</x>
      <y>0.50166667</y>
      <w>0.714565</w>
      <t>4267</t>
    </point>
    <point>
      <x>0.63666666</x>
      <y>0.50166667</y>
      <w>0.714565</w>
      <t>4267</t>
    </point>
    <point>
      <x>0.64</x>
      <y>0.5</y>
      <w>0.714565</w>
      <t>4267</t>
    </point>
    <point>
      <x>0.6433333</x>
      <y>0.5</y>
      <w>0.6989247</w>
      <t>4301</t>
    </point>
    <point>
      <x>0.645</x>
      <y>0.5</y>
      <w>0.6989247</w>
      <t>4301</t>
    </point>
    <point>
      <x>0.6483333</x>
      <y>0.49833333</y>
      <w>0.6989247</w>
      <t>4301</t>
    </point>
    <point>
      <x>0.65166664</x>
      <y>0.49833333</y>
      <w>0.6989247</w>
      <t>4301</t>
    </point>
    <point>
      <x>0.655</x>
      <y>0.49666667</y>
      <w>0.686217</w>
      <t>4334</t>
    </point>
    <point>
      <x>0.6566667</x>
      <y>0.49666667</y>
      <w>0.686217</w>
      <t>4334</t>
    </point>
    <point>
      <x>0.66</x>
      <y>0.49666667</y>
      <w>0.686217</w>
      <t>4334</t>
    </point>
    <point>
      <x>0.6616667</x>
      <y>0.49666667</y>
      <w>0.686217</w>
      <t>4334</t>
    </point>
    <point>
      <x>0.66333336</x>
      <y>0.495</y>
      <w>0.686217</w>
      <t>4334</t>
    </point>
    <point>
      <x>0.6666667</x>
      <y>0.495</y>
      <w>0.6803519</w>
      <t>4367</t>
    </point>
    <point>
      <x>0.66833335</x>
      <y>0.495</y>
      <w>0.6803519</w>
      <t>4367</t>
    </point>
    <point>
      <x>0.67</x>
      <y>0.495</y>
      <w>0.6803519</w>
      <t>4367</t>
    </point>
    <point>
      <x>0.6716667</x>
      <y>0.495</y>
      <w>0.6803519</w>
      <t>4367</t>
    </point>
    <point>
      <x>0.67333335</x>
      <y>0.495</y>
      <w>0.6783969</w>
      <t>4401</t>
    </point>
    <point>
      <x>0.675</x>
      <y>0.495</y>
      <w>0.6783969</w>
      <t>4401</t>
    </point>
    <point>
      <x>0.6766667</x>
      <y>0.49666667</y>
      <w>0.6783969</w>
      <t>4401</t>
    </point>
    <point>
      <x>0.67833334</x>
      <y>0.49666667</y>
      <w>0.6783969</w>
      <t>4401</t>
    </point>
    <point>
      <x>0.68</x>
      <y>0.49666667</y>
      <w>0.6783969</w>
      <t>4401</t>
    </point>
    <point>
      <x>0.6816667</x>
      <y>0.49833333</y>
      <w>0.6783969</w>
      <t>4434</t>
    </point>
    <point>
      <x>0.68333334</x>
      <y>0.49833333</y>
      <w>0.6783969</w>
      <t>4434</t>
    </point>
    <point>
      <x>0.685</x>
      <y>0.49833333</y>
      <w>0.6783969</w>
      <t>4434</t>
    </point>
    <point>
      <x>0.68666667</x>
      <y>0.49833333</y>
      <w>0.6783969</w>
      <t>4434</t>
    </point>
    <point>
      <x>0.68833333</x>
      <y>0.49833333</y>
      <w>0.6783969</w>
      <t>4467</t>
    </point>
    <point>
      <x>0.69</x>
      <y>0.49833333</y>
      <w>0.6783969</w>
      <t>4467</t>
    </point>
    <point>
      <x>0.69</x>
      <y>0.5</y>
      <w>0.6783969</w>
      <t>4467</t>
    </point>
    <point>
      <x>0.69166666</x>
      <y>0.5</y>
      <w>0.6783969</w>
      <t>4467</t>
    </point>
    <point>
      <x>0.6933333</x>
      <y>0.50166667</y>
      <w>0.67741936</w>
      <t>4501</t>
    </point>
    <point>
      <x>0.695</x>
      <y>0.50333333</y>
      <w>0.67741936</w>
      <t>4501</t>
    </point>
    <point>
      <x>0.69666666</x>
      <y>0.505</y>
      <w>0.6783969</w>
      <t>4534</t>
    </point>
    <point>
      <x>0.6983333</x>
      <y>0.50666666</y>
      <w>0.6793744</w>
      <t>4568</t>
    </point>
    <point>
      <x>0.6983333</x>
      <y>0.5083333</y>
      <w>0.6793744</w>
      <t>4568</t>
    </point>
    <point>
      <x>0.6983333</x>
      <y>0.51</y>
      <w>0.6793744</w>
      <t>4568</t>
    </point>
    <point>
      <x>0.7</x>
      <y>0.51166666</y>
      <w>0.6803519</w>
      <t>4601</t>
    </point>
    <point>
      <x>0.7</x>
      <y>0.5133333</y>
      <w>0.6803519</w>
      <t>4601</t>
    </point>
    <point>
      <x>0.7</x>
      <y>0.515</y>
      <w>0.6803519</w>
      <t>4601</t>
    </point>
    <point>
      <x>0.7</x>
      <y>0.51666665</y>
      <w>0.6813294</w>
      <t>4633</t>
    </point>
    <point>
      <x>0.7</x>
      <y>0.5183333</y>
      <w>0.6813294</w>
      <t>4633</t>
    </point>
    <point>
      <x>0.7</x>
      <y>0.52</y>
      <w>0.6813294</w>
      <t>4633</t>
    </point>
    <point>
      <x>0.7</x>
      <y>0.52166665</y>
      <w>0.68230695</w>
      <t>4668</t>
    </point>
    <point>
      <x>0.7</x>
      <y>0.5233333</y>
      <w>0.68230695</w>
      <t>4668</t>
    </point>
    <point>
      <x>0.7</x>
      <y>0.525</y>
      <w>0.68230695</w>
      <t>4668</t>
    </point>
    <point>
      <x>0.7</x>
      <y>0.52666664</y>
      <w>0.68230695</w>
      <t>4668</t>
    </point>
    <point>
      <x>0.7</x>
      <y>0.5283333</y>
      <w>0.68328446</w>
      <t>4701</t>
    </point>
    <point>
      <x>0.7</x>
      <y>0.53</y>
      <w>0.68328446</w>
      <t>4701</t>
    </point>
    <point>
      <x>0.7</x>
      <y>0.53333336</y>
      <w>0.68328446</w>
      <t>4701</t>
    </point>
    <point>
      <x>0.6983333</x>
      <y>0.535</y>
      <w>0.68328446</w>
      <t>4701</t>
    </point>
    <point>
      <x>0.6983333</x>
      <y>0.53833336</y>
      <w>0.68328446</w>
      <t>4701</t>
    </point>
    <point>
      <x>0.69666666</x>
      <y>0.5416667</y>
      <w>0.68328446</w>
      <t>4734</t>
    </point>
    <point>
      <x>0.695</x>
      <y>0.545</y>
      <w>0.68328446</w>
      <t>4734</t>
    </point>
    <point>
      <x>0.6933333</x>
      <y>0.5466667</y>
      <w>0.68328446</w>
      <t>4734</t>
    </point>
    <point>
      <x>0.69166666</x>
      <y>0.55</y>
      <w>0.68328446</w>
      <t>4734</t>
    </point>
    <point>
      <x>0.69</x>
      <y>0.55333334</y>
      <w>0.68328446</w>
      <t>4768</t>
    </point>
    <point>
      <x>0.68833333</x>
      <y>0.5566667</y>
      <w>0.68328446</w>
      <t>4768</t>
    </point>
    <point>
      <x>0.68666667</x>
      <y>0.56</y>
      <w>0.68328446</w>
      <t>4768</t>
    </point>
    <point>
      <x>0.68333334</x>
      <y>0.56333333</y>
      <w>0.68328446</w>
      <t>4768</t>
    </point>
    <point>
      <x>0.6816667</x>
      <y>0.56666666</y>
      <w>0.68328446</w>
      <t>4768</t>
    </point>
    <point>
      <x>0.68</x>
      <y>0.57166666</y>
      <w>0.68230695</w>
      <t>4801</t>
    </point>
    <point>
      <x>0.6766667</x>
      <y>0.575</y>
      <w>0.68230695</w>
      <t>4801</t>
    </point>
    <point>
      <x>0.67333335</x>
      <y>0.5783333</y>
      <w>0.68230695</w>
      <t>4801</t>
    </point>
    <point>
      <x>0.67</x>
      <y>0.58166665</y>
      <w>0.68230695</w>
      <t>4801</t>
    </point>
    <point>
      <x>0.6666667</x>
      <y>0.58666664</y>
      <w>0.67057675</w>
      <t>4834</t>
    </point>
    <point>
      <x>0.66333336</x>
      <y>0.59</y>
      <w>0.67057675</w>
      <t>4834</t>
    </point>
    <point>
      <x>0.66</x>
      <y>0.595</y>
      <w>0.67057675</w>
      <t>4834</t>
    </point>
    <point>
      <x>0.6566667</x>
      <y>0.6</y>
      <w>0.67057675</w>
      <t>4834</t>
    </point>
    <point>
      <x>0.65166664</x>
      <y>0.605</y>
      <w>0.64907134</w>
      <t>4867</t>
    </point>
    <point>
      <x>0.6483333</x>
      <y>0.61</y>
      <w>0.64907134</w>
      <t>4867</t>
    </point>
    <point>
      <x>0.6433333</x>
      <y>0.615</y>
      <w>0.64907134</w>
      <t>4867</t>
    </point>
    <point>
      <x>0.6383333</x>
      <y>0.62</y>
      <w>0.64907134</w>
      <t>4867</t>
    </point>
    <point>
      <x>0.6333333</x>
      <y>0.625</y>
      <w>0.64907134</w>
      <t>4867</t>
    </point>
    <point>
      <x>0.62833333</x>
      <y>0.63166666</y>
      <w>0.6344086</w>
      <t>4901</t>
    </point>
    <point>
      <x>0.62333333</x>
      <y>0.63666666</y>
      <w>0.6344086</w>
      <t>4901</t>
    </point>
    <point>
      <x>0.6166667</x>
      <y>0.64166665</y>
      <w>0.6344086</w>
      <t>4901</t>
    </point>
    <point>
      <x>0.6116667</x>
      <y>0.6483333</y>
      <w>0.6344086</w>
      <t>4901</t>
    </point>
    <point>
      <x>0.605</x>
      <y>0.6533333</y>
      <w>0.6031281</w>
      <t>4934</t>
    </point>
    <point>
      <x>0.6</x>
      <y>0.65833336</y>
      <w>0.6031281</w>
      <t>4934</t>
    </point>
    <point>
      <x>0.595</x>
      <y>0.66333336</y>
      <w>0.6031281</w>
      <t>4934</t>
    </point>
    <point>
      <x>0.59</x>
      <y>0.66833335</y>
      <w>0.6031281</w>
      <t>4934</t>
    </point>
    <point>
      <x>0.585</x>
      <y>0.675</y>
      <w>0.6031281</w>
      <t>4934</t>
    </point>
    <point>
      <x>0.5783333</x>
      <y>0.68</y>
      <w>0.597263</w>
      <t>4967</t>
    </point>
    <point>
      <x>0.5733333</x>
      <y>0.685</y>
      <w>0.597263</w>
      <t>4967</t>
    </point>
    <point>
      <x>0.56666666</x>
      <y>0.69166666</y>
      <w>0.597263</w>
      <t>4967</t>
    </point>
    <point>
      <x>0.56166667</x>
      <y>0.6983333</y>
      <w>0.597263</w>
      <t>4967</t>
    </point>
    <point>
      <x>0.5566667</x>
      <y>0.7033333</y>
      <w>0.58748776</w>
      <t>5001</t>
    </point>
    <point>
      <x>0.55333334</x>
      <y>0.7083333</y>
      <w>0.58748776</w>
      <t>5001</t>
    </point>
    <point>
      <x>0.55</x>
      <y>0.71166664</y>
      <w>0.58748776</w>
      <t>5001</t>
    </point>
    <point>
      <x>0.5466667</x>
      <y>0.71666664</y>
      <w>0.58748776</w>
      <t>5001</t>
    </point>
    <point>
      <x>0.54333335</x>
      <y>0.72</y>
      <w>0.58748776</w>
      <t>5001</t>
    </point>
    <point>
      <x>0.5416667</x>
      <y>0.7216667</y>
      <w>0.58651024</w>
      <t>5034</t>
    </point>
    <point>
      <x>0.54</x>
      <y>0.725</y>
      <w>0.58651024</w>
      <t>5034</t>
    </point>
    <point>
      <x>0.53833336</x>
      <y>0.7266667</y>
      <w>0.58651024</w>
      <t>5034</t>
    </point>
    <point>
      <x>0.53833336</x>
      <y>0.73</y>
      <w>0.58651024</w>
      <t>5034</t>
    </point>
    <point>
      <x>0.5366667</x>
      <y>0.7316667</y>
      <w>0.58651024</w>
      <t>5067</t>
    </point>
    <point>
      <x>0.5366667</x>
      <y>0.73333335</y>
      <w>0.58651024</w>
      <t>5067</t>
    </point>
    <point>
      <x>0.5366667</x>
      <y>0.735</y>
      <w>0.58651024</w>
      <t>5067</t>
    </point>
    <point>
      <x>0.535</x>
      <y>0.735</y>
      <w>0.58651024</w>
      <t>5067</t>
    </point>
    <point>
      <x>0.535</x>
      <y>0.7366667</y>
      <w>0.5855327</w>
      <t>5101</t>
    </point>
    <point>
      <x>0.535</x>
      <y>0.73833334</y>
      <w>0.5855327</w>
      <t>5101</t>
    </point>
    <point>
      <x>0.5366667</x>
      <y>0.73833334</y>
      <w>0.6001955</w>
      <t>5201</t>
    </point>
    <point>
      <x>0.53833336</x>
      <y>0.73833334</y>
      <w>0.6001955</w>
      <t>5201</t>
    </point>
    <point>
      <x>0.54</x>
      <y>0.74</y>
      <w>0.63831866</w>
      <t>5233</t>
    </point>
    <point>
      <x>0.5416667</x>
      <y>0.74</y>
      <w>0.63831866</w>
      <t>5233</t>
    </point>
    <point>
      <x>0.54333335</x>
      <y>0.74</y>
      <w>0.63831866</w>
      <t>5233</t>
    </point>
    <point>
      <x>0.545</x>
      <y>0.74</y>
      <w>0.63831866</w>
      <t>5233</t>
    </point>
    <point>
      <x>0.5466667</x>
      <y>0.74</y>
      <w>0.65493643</w>
      <t>5267</t>
    </point>
    <point>
      <x>0.54833335</x>
      <y>0.74</y>
      <w>0.65493643</w>
      <t>5267</t>
    </point>
    <point>
      <x>0.55</x>
      <y>0.74</y>
      <w>0.65493643</w>
      <t>5267</t>
    </point>
    <point>
      <x>0.5516667</x>
      <y>0.74</y>
      <w>0.65493643</w>
      <t>5267</t>
    </point>
    <point>
      <x>0.555</x>
      <y>0.74</y>
      <w>0.65493643</w>
      <t>5267</t>
    </point>
    <point>
      <x>0.5566667</x>
      <y>0.74</y>
      <w>0.6617791</w>
      <t>5301</t>
    </point>
    <point>
      <x>0.55833334</x>
      <y>0.74</y>
      <w>0.6617791</w>
      <t>5301</t>
    </point>
    <point>
      <x>0.56</x>
      <y>0.74</y>
      <w>0.6617791</w>
      <t>5301</t>
    </point>
    <point>
      <x>0.56166667</x>
      <y>0.74</y>
      <w>0.6617791</w>
      <t>5301</t>
    </point>
    <point>
      <x>0.56333333</x>
      <y>0.74</y>
      <w>0.6617791</w>
      <t>5301</t>
    </point>
    <point>
      <x>0.565</x>
      <y>0.74</y>
      <w>0.67741936</w>
      <t>5334</t>
    </point>
    <point>
      <x>0.56666666</x>
      <y>0.74</y>
      <w>0.67741936</w>
      <t>5334</t>
    </point>
    <point>
      <x>0.57</x>
      <y>0.74</y>
      <w>0.67741936</w>
      <t>5334</t>
    </point>
    <point>
      <x>0.57166666</x>
      <y>0.74</y>
      <w>0.67741936</w>
      <t>5334</t>
    </point>
    <point>
      <x>0.575</x>
      <y>0.74</y>
      <w>0.68230695</w>
      <t>5368</t>
    </point>
    <point>
      <x>0.5783333</x>
      <y>0.73833334</y>
      <w>0.68230695</w>
      <t>5368</t>
    </point>
    <point>
      <x>0.58</x>
      <y>0.73833334</y>
      <w>0.68230695</w>
      <t>5368</t>
    </point>
    <point>
      <x>0.5833333</x>
      <y>0.73833334</y>
      <w>0.68230695</w>
      <t>5368</t>
    </point>
    <point>
      <x>0.58666664</x>
      <y>0.7366667</y>
      <w>0.68230695</w>
      <t>5368</t>
    </point>
    <point>
      <x>0.5883333</x>
      <y>0.7366667</y>
      <w>0.686217</w>
      <t>5401</t>
    </point>
    <point>
      <x>0.59166664</x>
      <y>0.7366667</y>
      <w>0.686217</w>
      <t>5401</t>
    </point>
    <point>
      <x>0.5933333</x>
      <y>0.735</y>
      <w>0.686217</w>
      <t>5401</t>
    </point>
    <point>
      <x>0.5966667</x>
      <y>0.735</y>
      <w>0.686217</w>
      <t>5401</t>
    </point>
    <point>
      <x>0.59833336</x>
      <y>0.735</y>
      <w>0.6911046</w>
      <t>5434</t>
    </point>
    <point>
      <x>0.6016667</x>
      <y>0.735</y>
      <w>0.6911046</w>
      <t>5434</t>
    </point>
    <point>
      <x>0.60333335</x>
      <y>0.735</y>
      <w>0.6911046</w>
      <t>5434</t>
    </point>
    <point>
      <x>0.6066667</x>
      <y>0.73333335</y>
      <w>0.6911046</w>
      <t>5434</t>
    </point>
    <point>
      <x>0.61</x>
      <y>0.73333335</y>
      <w>0.6930596</w>
      <t>5468</t>
    </point>
    <point>
      <x>0.61333334</x>
      <y>0.73333335</y>
      <w>0.6930596</w>
      <t>5468</t>
    </point>
    <point>
      <x>0.6166667</x>
      <y>0.7316667</y>
      <w>0.6930596</w>
      <t>5468</t>
    </point>
    <point>
      <x>0.62166667</x>
      <y>0.7316667</y>
      <w>0.6930596</w>
      <t>5468</t>
    </point>
    <point>
      <x>0.625</x>
      <y>0.7316667</y>
      <w>0.6930596</w>
      <t>5468</t>
    </point>
    <point>
      <x>0.62833333</x>
      <y>0.7316667</y>
      <w>0.6920821</w>
      <t>5501</t>
    </point>
    <point>
      <x>0.63166666</x>
      <y>0.73</y>
      <w>0.6920821</w>
      <t>5501</t>
    </point>
    <point>
      <x>0.635</x>
      <y>0.73</y>
      <w>0.6920821</w>
      <t>5501</t>
    </point>
    <point>
      <x>0.6383333</x>
      <y>0.73</y>
      <w>0.6920821</w>
      <t>5501</t>
    </point>
    <point>
      <x>0.64166665</x>
      <y>0.72833335</y>
      <w>0.6911046</w>
      <t>5534</t>
    </point>
    <point>
      <x>0.64666665</x>
      <y>0.72833335</y>
      <w>0.6911046</w>
      <t>5534</t>
    </point>
    <point>
      <x>0.65</x>
      <y>0.72833335</y>
      <w>0.6911046</w>
      <t>5534</t>
    </point>
    <point>
      <x>0.6533333</x>
      <y>0.72833335</y>
      <w>0.6911046</w>
      <t>5534</t>
    </point>
    <point>
      <x>0.6566667</x>
      <y>0.72833335</y>
      <w>0.6911046</w>
      <t>5534</t>
    </point>
    <point>
      <x>0.66</x>
      <y>0.72833335</y>
      <w>0.6901271</w>
      <t>5568</t>
    </point>
    <point>
      <x>0.66333336</x>
      <y>0.72833335</y>
      <w>0.6901271</w>
      <t>5568</t>
    </point>
    <point>
      <x>0.665</x>
      <y>0.72833335</y>
      <w>0.6901271</w>
      <t>5568</t>
    </point>
    <point>
      <x>0.66833335</x>
      <y>0.72833335</y>
      <w>0.6901271</w>
      <t>5568</t>
    </point>
    <point>
      <x>0.6716667</x>
      <y>0.72833335</y>
      <w>0.6871945</w>
      <t>5601</t>
    </point>
    <point>
      <x>0.675</x>
      <y>0.72833335</y>
      <w>0.6871945</w>
      <t>5601</t>
    </point>
    <point>
      <x>0.6766667</x>
      <y>0.72833335</y>
      <w>0.6871945</w>
      <t>5601</t>
    </point>
    <point>
      <x>0.68</x>
      <y>0.72833335</y>
      <w>0.6871945</w>
      <t>5601</t>
    </point>
    <point>
      <x>0.6816667</x>
      <y>0.72833335</y>
      <w>0.6871945</w>
      <t>5601</t>
    </point>
    <point>
      <x>0.68333334</x>
      <y>0.72833335</y>
      <w>0.686217</w>
      <t>5634</t>
    </point>
    <point>
      <x>0.68666667</x>
      <y>0.72833335</y>
      <w>0.686217</w>
      <t>5634</t>
    </point>
    <point>
      <x>0.68833333</x>
      <y>0.72833335</y>
      <w>0.686217</w>
      <t>5634</t>
    </point>
    <point>
      <x>0.69</x>
      <y>0.72833335</y>
      <w>0.686217</w>
      <t>5668</t>
    </point>
    <point>
      <x>0.69166666</x>
      <y>0.72833335</y>
      <w>0.686217</w>
      <t>5668</t>
    </point>
    <point>
      <x>0.6933333</x>
      <y>0.72833335</y>
      <w>0.686217</w>
      <t>5668</t>
    </point>
    <point>
      <x>0.695</x>
      <y>0.72833335</y>
      <w>0.686217</w>
      <t>5701</t>
    </point>
    <point>
      <x>0.69666666</x>
      <y>0.72833335</y>
      <w>0.686217</w>
      <t>5701</t>
    </point>
    <point>
      <x>0.6983333</x>
      <y>0.72833335</y>
      <w>0.6871945</w>
      <t>5734</t>
    </point>
    <point>
      <x>0.7</x>
      <y>0.72833335</y>
      <w>0.6871945</w>
      <t>5734</t>
    </point>
    <point>
      <x>0.6983333</x>
      <y>0.73</y>
      <w>0.0</w>
      <t>5800</t>
    </point>
  </stroke>
</character>
