<?xml version="1.0" encoding="UTF-8"?>
<character>
  <stroke time="0">
    <point>
      <x>0.265</x>
      <y>0.31833333</y>
      <w>0.2453568</w>
      <t>69</t>
    </point>
    <point>
      <x>0.26666668</x>
      <y>0.31833333</y>
      <w>0.2453568</w>
      <t>69</t>
    </point>
    <point>
      <x>0.26833335</x>
      <y>0.32</y>
      <w>0.32355815</w>
      <t>100</t>
    </point>
    <point>
      <x>0.26833335</x>
      <y>0.32166666</y>
      <w>0.32355815</w>
      <t>100</t>
    </point>
    <point>
      <x>0.27</x>
      <y>0.32166666</y>
      <w>0.32355815</w>
      <t>100</t>
    </point>
    <point>
      <x>0.27</x>
      <y>0.32333332</y>
      <w>0.38514173</w>
      <t>133</t>
    </point>
    <point>
      <x>0.27166668</x>
      <y>0.325</y>
      <w>0.38514173</w>
      <t>133</t>
    </point>
    <point>
      <x>0.27333334</x>
      <y>0.32666665</y>
      <w>0.38514173</w>
      <t>133</t>
    </point>
    <point>
      <x>0.275</x>
      <y>0.32833335</y>
      <w>0.42130986</w>
      <t>166</t>
    </point>
    <point>
      <x>0.275</x>
      <y>0.33</y>
      <w>0.44965786</w>
      <t>199</t>
    </point>
    <point>
      <x>0.275</x>
      <y>0.33166668</y>
      <w>0.44965786</w>
      <t>199</t>
    </point>
    <point>
      <x>0.27666667</x>
      <y>0.33166668</y>
      <w>0.44965786</w>
      <t>199</t>
    </point>
    <point>
      <x>0.27666667</x>
      <y>0.33333334</y>
      <w>0.48680353</w>
      <t>233</t>
    </point>
    <point>
      <x>0.27833334</x>
      <y>0.335</y>
      <w>0.48680353</w>
      <t>233</t>
    </point>
    <point>
      <x>0.27833334</x>
      <y>0.33666667</y>
      <w>0.48680353</w>
      <t>233</t>
    </point>
    <point>
      <x>0.27833334</x>
      <y>0.33833334</y>
      <w>0.5092864</w>
      <t>266</t>
    </point>
    <point>
      <x>0.27833334</x>
      <y>0.34</y>
      <w>0.5092864</w>
      <t>266</t>
    </point>
    <point>
      <x>0.28</x>
      <y>0.34166667</y>
      <w>0.5210166</w>
      <t>300</t>
    </point>
    <point>
      <x>0.28</x>
      <y>0.34333333</y>
      <w>0.5210166</w>
      <t>300</t>
    </point>
    <point>
      <x>0.28</x>
      <y>0.345</y>
      <w>0.52492666</w>
      <t>333</t>
    </point>
    <point>
      <x>0.28</x>
      <y>0.34666666</y>
      <w>0.5356794</w>
      <t>335</t>
    </point>
    <point>
      <x>0.28</x>
      <y>0.34833333</y>
      <w>0.5356794</w>
      <t>335</t>
    </point>
    <point>
      <x>0.28</x>
      <y>0.35</y>
      <w>0.55131966</w>
      <t>367</t>
    </point>
    <point>
      <x>0.28166667</x>
      <y>0.35166666</y>
      <w>0.55131966</w>
      <t>367</t>
    </point>
    <point>
      <x>0.28166667</x>
      <y>0.35333332</y>
      <w>0.55131966</w>
      <t>367</t>
    </point>
    <point>
      <x>0.28166667</x>
      <y>0.355</y>
      <w>0.56402737</w>
      <t>399</t>
    </point>
    <point>
      <x>0.28166667</x>
      <y>0.35666665</y>
      <w>0.56402737</w>
      <t>399</t>
    </point>
    <point>
      <x>0.28166667</x>
      <y>0.36</y>
      <w>0.56402737</w>
      <t>399</t>
    </point>
    <point>
      <x>0.28166667</x>
      <y>0.36166668</y>
      <w>0.56402737</w>
      <t>400</t>
    </point>
    <point>
      <x>0.28166667</x>
      <y>0.36333334</y>
      <w>0.56402737</w>
      <t>400</t>
    </point>
    <point>
      <x>0.28166667</x>
      <y>0.365</y>
      <w>0.58064514</w>
      <t>433</t>
    </point>
    <point>
      <x>0.28166667</x>
      <y>0.36833334</y>
      <w>0.58064514</w>
      <t>433</t>
    </point>
    <point>
      <x>0.28166667</x>
      <y>0.37</y>
      <w>0.58064514</w>
      <t>433</t>
    </point>
    <point>
      <x>0.28166667</x>
      <y>0.37166667</y>
      <w>0.58064514</w>
      <t>434</t>
    </point>
    <point>
      <x>0.28166667</x>
      <y>0.37333333</y>
      <w>0.599218</w>
      <t>466</t>
    </point>
    <point>
      <x>0.28166667</x>
      <y>0.37666667</y>
      <w>0.599218</w>
      <t>466</t>
    </point>
    <point>
      <x>0.28166667</x>
      <y>0.37833333</y>
      <w>0.599218</w>
      <t>466</t>
    </point>
    <point>
      <x>0.28166667</x>
      <y>0.38166666</y>
      <w>0.599218</w>
      <t>467</t>
    </point>
    <point>
      <x>0.28166667</x>
      <y>0.385</y>
      <w>0.61485827</w>
      <t>500</t>
    </point>
    <point>
      <x>0.28166667</x>
      <y>0.38833332</y>
      <w>0.61485827</w>
      <t>500</t>
    </point>
    <point>
      <x>0.28166667</x>
      <y>0.39166668</y>
      <w>0.61485827</w>
      <t>500</t>
    </point>
    <point>
      <x>0.28166667</x>
      <y>0.39666668</y>
      <w>0.61485827</w>
      <t>501</t>
    </point>
    <point>
      <x>0.28166667</x>
      <y>0.4</y>
      <w>0.61485827</w>
      <t>501</t>
    </point>
    <point>
      <x>0.28166667</x>
      <y>0.40666667</y>
      <w>0.62658846</w>
      <t>533</t>
    </point>
    <point>
      <x>0.28166667</x>
      <y>0.41166666</y>
      <w>0.62658846</w>
      <t>533</t>
    </point>
    <point>
      <x>0.28</x>
      <y>0.41666666</y>
      <w>0.62658846</w>
      <t>533</t>
    </point>
    <point>
      <x>0.28</x>
      <y>0.42166665</y>
      <w>0.62658846</w>
      <t>533</t>
    </point>
    <point>
      <x>0.28</x>
      <y>0.42833334</y>
      <w>0.62658846</w>
      <t>534</t>
    </point>
    <point>
      <x>0.27833334</x>
      <y>0.43333334</y>
      <w>0.65004885</w>
      <t>566</t>
    </point>
    <point>
      <x>0.27833334</x>
      <y>0.43833333</y>
      <w>0.65004885</w>
      <t>566</t>
    </point>
    <point>
      <x>0.27833334</x>
      <y>0.445</y>
      <w>0.65004885</w>
      <t>566</t>
    </point>
    <point>
      <x>0.27666667</x>
      <y>0.45</y>
      <w>0.65004885</w>
      <t>566</t>
    </point>
    <point>
      <x>0.27666667</x>
      <y>0.45666668</y>
      <w>0.6735093</w>
      <t>600</t>
    </point>
    <point>
      <x>0.27666667</x>
      <y>0.46333334</y>
      <w>0.6735093</w>
      <t>600</t>
    </point>
    <point>
      <x>0.275</x>
      <y>0.47166666</y>
      <w>0.6735093</w>
      <t>600</t>
    </point>
    <point>
      <x>0.275</x>
      <y>0.48</y>
      <w>0.6735093</w>
      <t>600</t>
    </point>
    <point>
      <x>0.275</x>
      <y>0.48833334</y>
      <w>0.6930596</w>
      <t>633</t>
    </point>
    <point>
      <x>0.275</x>
      <y>0.49666667</y>
      <w>0.6930596</w>
      <t>633</t>
    </point>
    <point>
      <x>0.275</x>
      <y>0.505</y>
      <w>0.6930596</w>
      <t>633</t>
    </point>
    <point>
      <x>0.27333334</x>
      <y>0.5133333</y>
      <w>0.6930596</w>
      <t>634</t>
    </point>
    <point>
      <x>0.27333334</x>
      <y>0.52166665</y>
      <w>0.6930596</w>
      <t>634</t>
    </point>
    <point>
      <x>0.27333334</x>
      <y>0.5283333</y>
      <w>0.70087975</w>
      <t>666</t>
    </point>
    <point>
      <x>0.27333334</x>
      <y>0.535</y>
      <w>0.70087975</w>
      <t>666</t>
    </point>
    <point>
      <x>0.27333334</x>
      <y>0.54333335</y>
      <w>0.70087975</w>
      <t>666</t>
    </point>
    <point>
      <x>0.27333334</x>
      <y>0.55</y>
      <w>0.70087975</w>
      <t>666</t>
    </point>
    <point>
      <x>0.27333334</x>
      <y>0.55833334</y>
      <w>0.70674485</w>
      <t>700</t>
    </point>
    <point>
      <x>0.27333334</x>
      <y>0.56666666</y>
      <w>0.70674485</w>
      <t>700</t>
    </point>
    <point>
      <x>0.27333334</x>
      <y>0.5733333</y>
      <w>0.70674485</w>
      <t>700</t>
    </point>
    <point>
      <x>0.27333334</x>
      <y>0.58</y>
      <w>0.70674485</w>
      <t>700</t>
    </point>
    <point>
      <x>0.27333334</x>
      <y>0.58666664</y>
      <w>0.70674485</w>
      <t>701</t>
    </point>
    <point>
      <x>0.275</x>
      <y>0.5933333</y>
      <w>0.71163243</w>
      <t>733</t>
    </point>
    <point>
      <x>0.275</x>
      <y>0.6</y>
      <w>0.71163243</w>
      <t>733</t>
    </point>
    <point>
      <x>0.27666667</x>
      <y>0.605</y>
      <w>0.71163243</w>
      <t>733</t>
    </point>
    <point>
      <x>0.27666667</x>
      <y>0.61</y>
      <w>0.71163243</w>
      <t>733</t>
    </point>
    <point>
      <x>0.27833334</x>
      <y>0.61333334</y>
      <w>0.71260995</w>
      <t>766</t>
    </point>
    <point>
      <x>0.27833334</x>
      <y>0.6166667</y>
      <w>0.71260995</w>
      <t>766</t>
    </point>
    <point>
      <x>0.27833334</x>
      <y>0.62166667</y>
      <w>0.71260995</w>
      <t>766</t>
    </point>
    <point>
      <x>0.28</x>
      <y>0.625</y>
      <w>0.71260995</w>
      <t>766</t>
    </point>
    <point>
      <x>0.28</x>
      <y>0.62666667</y>
      <w>0.71260995</w>
      <t>801</t>
    </point>
    <point>
      <x>0.28166667</x>
      <y>0.63</y>
      <w>0.71260995</w>
      <t>802</t>
    </point>
    <point>
      <x>0.28166667</x>
      <y>0.6333333</y>
      <w>0.71260995</w>
      <t>802</t>
    </point>
    <point>
      <x>0.28333333</x>
      <y>0.635</y>
      <w>0.71260995</w>
      <t>802</t>
    </point>
    <point>
      <x>0.28333333</x>
      <y>0.6383333</y>
      <w>0.71260995</w>
      <t>802</t>
    </point>
    <point>
      <x>0.28333333</x>
      <y>0.64</y>
      <w>0.71260995</w>
      <t>833</t>
    </point>
    <point>
      <x>0.285</x>
      <y>0.64</y>
      <w>0.71260995</w>
      <t>835</t>
    </point>
    <point>
      <x>0.285</x>
      <y>0.64166665</y>
      <w>0.71260995</w>
      <t>835</t>
    </point>
    <point>
      <x>0.285</x>
      <y>0.6433333</y>
      <w>0.71163243</w>
      <t>866</t>
    </point>
    <point>
      <x>0.28666666</x>
      <y>0.6433333</y>
      <w>0.6676442</w>
      <t>1000</t>
    </point>
    <point>
      <x>0.28833333</x>
      <y>0.6433333</y>
      <w>0.6471163</w>
      <t>1033</t>
    </point>
    <point>
      <x>0.28833333</x>
      <y>0.64166665</y>
      <w>0.6471163</w>
      <t>1033</t>
    </point>
    <point>
      <x>0.29</x>
      <y>0.64166665</y>
      <w>0.6471163</w>
      <t>1033</t>
    </point>
    <point>
      <x>0.29</x>
      <y>0.64</y>
      <w>0.6285435</w>
      <t>1067</t>
    </point>
    <point>
      <x>0.29166666</x>
      <y>0.64</y>
      <w>0.6285435</w>
      <t>1067</t>
    </point>
    <point>
      <x>0.29166666</x>
      <y>0.6383333</y>
      <w>0.6285435</w>
      <t>1067</t>
    </point>
    <point>
      <x>0.29333332</x>
      <y>0.63666666</y>
      <w>0.6285435</w>
      <t>1067</t>
    </point>
    <point>
      <x>0.295</x>
      <y>0.635</y>
      <w>0.6285435</w>
      <t>1068</t>
    </point>
    <point>
      <x>0.29666665</x>
      <y>0.6333333</y>
      <w>0.6109482</w>
      <t>1099</t>
    </point>
    <point>
      <x>0.29833335</x>
      <y>0.63166666</y>
      <w>0.6109482</w>
      <t>1099</t>
    </point>
    <point>
      <x>0.3</x>
      <y>0.63166666</y>
      <w>0.6109482</w>
      <t>1099</t>
    </point>
    <point>
      <x>0.30166668</x>
      <y>0.63</y>
      <w>0.6109482</w>
      <t>1099</t>
    </point>
    <point>
      <x>0.30333334</x>
      <y>0.62833333</y>
      <w>0.59433043</w>
      <t>1133</t>
    </point>
    <point>
      <x>0.305</x>
      <y>0.62666667</y>
      <w>0.59433043</w>
      <t>1133</t>
    </point>
    <point>
      <x>0.30666667</x>
      <y>0.625</y>
      <w>0.59433043</w>
      <t>1133</t>
    </point>
    <point>
      <x>0.30666667</x>
      <y>0.62333333</y>
      <w>0.59433043</w>
      <t>1133</t>
    </point>
    <point>
      <x>0.30833334</x>
      <y>0.62166667</y>
      <w>0.59433043</w>
      <t>1133</t>
    </point>
    <point>
      <x>0.31</x>
      <y>0.61833334</y>
      <w>0.5532747</w>
      <t>1166</t>
    </point>
    <point>
      <x>0.31166667</x>
      <y>0.6166667</y>
      <w>0.5532747</w>
      <t>1166</t>
    </point>
    <point>
      <x>0.31333333</x>
      <y>0.615</y>
      <w>0.5532747</w>
      <t>1166</t>
    </point>
    <point>
      <x>0.315</x>
      <y>0.6116667</y>
      <w>0.5532747</w>
      <t>1166</t>
    </point>
    <point>
      <x>0.315</x>
      <y>0.61</y>
      <w>0.49266863</w>
      <t>1200</t>
    </point>
    <point>
      <x>0.31666666</x>
      <y>0.60833335</y>
      <w>0.49266863</w>
      <t>1200</t>
    </point>
    <point>
      <x>0.31833333</x>
      <y>0.6066667</y>
      <w>0.49266863</w>
      <t>1200</t>
    </point>
    <point>
      <x>0.32</x>
      <y>0.60333335</y>
      <w>0.49266863</w>
      <t>1200</t>
    </point>
    <point>
      <x>0.32166666</x>
      <y>0.6016667</y>
      <w>0.43890518</w>
      <t>1233</t>
    </point>
    <point>
      <x>0.32333332</x>
      <y>0.59833336</y>
      <w>0.43890518</w>
      <t>1233</t>
    </point>
    <point>
      <x>0.325</x>
      <y>0.5966667</y>
      <w>0.43890518</w>
      <t>1233</t>
    </point>
    <point>
      <x>0.32666665</x>
      <y>0.5933333</y>
      <w>0.43890518</w>
      <t>1233</t>
    </point>
    <point>
      <x>0.32833335</x>
      <y>0.59</y>
      <w>0.43890518</w>
      <t>1233</t>
    </point>
    <point>
      <x>0.33</x>
      <y>0.585</y>
      <w>0.26588467</w>
      <t>1266</t>
    </point>
    <point>
      <x>0.33166668</x>
      <y>0.58166665</y>
      <w>0.26588467</w>
      <t>1266</t>
    </point>
    <point>
      <x>0.335</x>
      <y>0.5783333</y>
      <w>0.26588467</w>
      <t>1266</t>
    </point>
    <point>
      <x>0.33666667</x>
      <y>0.575</y>
      <w>0.26588467</w>
      <t>1266</t>
    </point>
    <point>
      <x>0.33833334</x>
      <y>0.57166666</y>
      <w>0.15933529</w>
      <t>1300</t>
    </point>
    <point>
      <x>0.34166667</x>
      <y>0.5683333</y>
      <w>0.15933529</w>
      <t>1300</t>
    </point>
    <point>
      <x>0.34333333</x>
      <y>0.565</y>
      <w>0.15933529</w>
      <t>1300</t>
    </point>
    <point>
      <x>0.345</x>
      <y>0.56166667</y>
      <w>0.15933529</w>
      <t>1300</t>
    </point>
    <point>
      <x>0.34666666</x>
      <y>0.55833334</y>
      <w>0.15933529</w>
      <t>1301</t>
    </point>
    <point>
      <x>0.34833333</x>
      <y>0.55333334</y>
      <w>0.07526882</w>
      <t>1333</t>
    </point>
    <point>
      <x>0.35</x>
      <y>0.55</y>
      <w>0.07526882</w>
      <t>1333</t>
    </point>
    <point>
      <x>0.35333332</x>
      <y>0.545</y>
      <w>0.07526882</w>
      <t>1333</t>
    </point>
  </stroke>
  <stroke time="2500">
    <point>
      <x>0.48833334</x>
      <y>0.15</y>
      <w>0.07820137</w>
      <t>2533</t>
    </point>
    <point>
      <x>0.49</x>
      <y>0.15</y>
      <w>0.07820137</w>
      <t>2533</t>
    </point>
    <point>
      <x>0.49166667</x>
      <y>0.15</y>
      <w>0.15640274</w>
      <t>2567</t>
    </point>
    <point>
      <x>0.49333334</x>
      <y>0.15</y>
      <w>0.15640274</w>
      <t>2567</t>
    </point>
    <point>
      <x>0.495</x>
      <y>0.15166667</y>
      <w>0.15640274</w>
      <t>2567</t>
    </point>
    <point>
      <x>0.49666667</x>
      <y>0.15166667</y>
      <w>0.15640274</w>
      <t>2567</t>
    </point>
    <point>
      <x>0.5</x>
      <y>0.15333334</y>
      <w>0.23655914</w>
      <t>2600</t>
    </point>
    <point>
      <x>0.50166667</x>
      <y>0.155</y>
      <w>0.23655914</w>
      <t>2600</t>
    </point>
    <point>
      <x>0.50333333</x>
      <y>0.15666667</y>
      <w>0.23655914</w>
      <t>2600</t>
    </point>
    <point>
      <x>0.505</x>
      <y>0.15833333</y>
      <w>0.23655914</w>
      <t>2600</t>
    </point>
    <point>
      <x>0.50666666</x>
      <y>0.16</y>
      <w>0.31280547</w>
      <t>2633</t>
    </point>
    <point>
      <x>0.5083333</x>
      <y>0.16166666</y>
      <w>0.31280547</w>
      <t>2633</t>
    </point>
    <point>
      <x>0.51</x>
      <y>0.16333333</y>
      <w>0.31280547</w>
      <t>2633</t>
    </point>
    <point>
      <x>0.51166666</x>
      <y>0.165</y>
      <w>0.31280547</w>
      <t>2633</t>
    </point>
    <point>
      <x>0.5133333</x>
      <y>0.16833334</y>
      <w>0.31280547</w>
      <t>2633</t>
    </point>
    <point>
      <x>0.5133333</x>
      <y>0.17</y>
      <w>0.41055718</w>
      <t>2666</t>
    </point>
    <point>
      <x>0.515</x>
      <y>0.17166667</y>
      <w>0.41055718</w>
      <t>2666</t>
    </point>
    <point>
      <x>0.51666665</x>
      <y>0.17333333</y>
      <w>0.41055718</w>
      <t>2666</t>
    </point>
    <point>
      <x>0.51666665</x>
      <y>0.17666666</y>
      <w>0.41055718</w>
      <t>2666</t>
    </point>
    <point>
      <x>0.5183333</x>
      <y>0.17833333</y>
      <w>0.48191592</w>
      <t>2700</t>
    </point>
    <point>
      <x>0.5183333</x>
      <y>0.18</y>
      <w>0.48191592</w>
      <t>2700</t>
    </point>
    <point>
      <x>0.52</x>
      <y>0.18166667</y>
      <w>0.48191592</w>
      <t>2700</t>
    </point>
    <point>
      <x>0.52</x>
      <y>0.185</y>
      <w>0.48191592</w>
      <t>2700</t>
    </point>
    <point>
      <x>0.52</x>
      <y>0.18666667</y>
      <w>0.54545456</w>
      <t>2733</t>
    </point>
    <point>
      <x>0.52</x>
      <y>0.18833333</y>
      <w>0.54545456</w>
      <t>2733</t>
    </point>
    <point>
      <x>0.52166665</x>
      <y>0.19</y>
      <w>0.54545456</w>
      <t>2733</t>
    </point>
    <point>
      <x>0.52166665</x>
      <y>0.19166666</y>
      <w>0.54545456</w>
      <t>2733</t>
    </point>
    <point>
      <x>0.52166665</x>
      <y>0.19333333</y>
      <w>0.60117304</w>
      <t>2767</t>
    </point>
    <point>
      <x>0.52166665</x>
      <y>0.195</y>
      <w>0.60117304</w>
      <t>2767</t>
    </point>
    <point>
      <x>0.52166665</x>
      <y>0.19833334</y>
      <w>0.60117304</w>
      <t>2767</t>
    </point>
    <point>
      <x>0.52166665</x>
      <y>0.2</y>
      <w>0.60117304</w>
      <t>2767</t>
    </point>
    <point>
      <x>0.52166665</x>
      <y>0.20333333</y>
      <w>0.6735093</w>
      <t>2800</t>
    </point>
    <point>
      <x>0.52166665</x>
      <y>0.205</y>
      <w>0.6735093</w>
      <t>2800</t>
    </point>
    <point>
      <x>0.52166665</x>
      <y>0.20833333</y>
      <w>0.6735093</w>
      <t>2800</t>
    </point>
    <point>
      <x>0.52166665</x>
      <y>0.21</y>
      <w>0.6735093</w>
      <t>2800</t>
    </point>
    <point>
      <x>0.52166665</x>
      <y>0.21333334</y>
      <w>0.6735093</w>
      <t>2800</t>
    </point>
    <point>
      <x>0.52166665</x>
      <y>0.215</y>
      <w>0.70772237</w>
      <t>2833</t>
    </point>
    <point>
      <x>0.52166665</x>
      <y>0.21833333</y>
      <w>0.70772237</w>
      <t>2833</t>
    </point>
    <point>
      <x>0.52166665</x>
      <y>0.22166666</y>
      <w>0.70772237</w>
      <t>2833</t>
    </point>
    <point>
      <x>0.52166665</x>
      <y>0.22333333</y>
      <w>0.70772237</w>
      <t>2833</t>
    </point>
    <point>
      <x>0.52166665</x>
      <y>0.22666667</y>
      <w>0.72043014</w>
      <t>2867</t>
    </point>
    <point>
      <x>0.52166665</x>
      <y>0.23</y>
      <w>0.72043014</w>
      <t>2867</t>
    </point>
    <point>
      <x>0.52166665</x>
      <y>0.23333333</y>
      <w>0.72043014</w>
      <t>2867</t>
    </point>
    <point>
      <x>0.52166665</x>
      <y>0.23666666</y>
      <w>0.72043014</w>
      <t>2867</t>
    </point>
    <point>
      <x>0.52166665</x>
      <y>0.24</y>
      <w>0.72043014</w>
      <t>2867</t>
    </point>
    <point>
      <x>0.52166665</x>
      <y>0.24333334</y>
      <w>0.7311828</w>
      <t>2900</t>
    </point>
    <point>
      <x>0.52166665</x>
      <y>0.24666667</y>
      <w>0.7311828</w>
      <t>2900</t>
    </point>
    <point>
      <x>0.52166665</x>
      <y>0.24833333</y>
      <w>0.7311828</w>
      <t>2900</t>
    </point>
    <point>
      <x>0.52166665</x>
      <y>0.25166667</y>
      <w>0.7311828</w>
      <t>2900</t>
    </point>
    <point>
      <x>0.52166665</x>
      <y>0.25333333</y>
      <w>0.7360704</w>
      <t>2933</t>
    </point>
    <point>
      <x>0.5233333</x>
      <y>0.255</y>
      <w>0.7360704</w>
      <t>2933</t>
    </point>
    <point>
      <x>0.5233333</x>
      <y>0.25666666</y>
      <w>0.7360704</w>
      <t>2933</t>
    </point>
    <point>
      <x>0.5233333</x>
      <y>0.25833333</y>
      <w>0.7370479</w>
      <t>3000</t>
    </point>
    <point>
      <x>0.5233333</x>
      <y>0.26</y>
      <w>0.7370479</w>
      <t>3000</t>
    </point>
    <point>
      <x>0.525</x>
      <y>0.26</y>
      <w>0.73216033</w>
      <t>3033</t>
    </point>
    <point>
      <x>0.52666664</x>
      <y>0.26166666</y>
      <w>0.72825027</w>
      <t>3067</t>
    </point>
    <point>
      <x>0.5283333</x>
      <y>0.26166666</y>
      <w>0.72238517</w>
      <t>3100</t>
    </point>
    <point>
      <x>0.53</x>
      <y>0.26166666</y>
      <w>0.72238517</w>
      <t>3100</t>
    </point>
    <point>
      <x>0.5316667</x>
      <y>0.26166666</y>
      <w>0.72238517</w>
      <t>3100</t>
    </point>
    <point>
      <x>0.53333336</x>
      <y>0.26166666</y>
      <w>0.72238517</w>
      <t>3100</t>
    </point>
    <point>
      <x>0.535</x>
      <y>0.26166666</y>
      <w>0.71652</w>
      <t>3133</t>
    </point>
    <point>
      <x>0.5366667</x>
      <y>0.26166666</y>
      <w>0.71652</w>
      <t>3133</t>
    </point>
    <point>
      <x>0.53833336</x>
      <y>0.26166666</y>
      <w>0.71652</w>
      <t>3133</t>
    </point>
    <point>
      <x>0.5416667</x>
      <y>0.26166666</y>
      <w>0.71652</w>
      <t>3133</t>
    </point>
    <point>
      <x>0.545</x>
      <y>0.26166666</y>
      <w>0.7096774</w>
      <t>3167</t>
    </point>
    <point>
      <x>0.5466667</x>
      <y>0.26</y>
      <w>0.7096774</w>
      <t>3167</t>
    </point>
    <point>
      <x>0.55</x>
      <y>0.25833333</y>
      <w>0.7096774</w>
      <t>3167</t>
    </point>
    <point>
      <x>0.55333334</x>
      <y>0.25833333</y>
      <w>0.7096774</w>
      <t>3167</t>
    </point>
    <point>
      <x>0.555</x>
      <y>0.25666666</y>
      <w>0.7096774</w>
      <t>3167</t>
    </point>
    <point>
      <x>0.55833334</x>
      <y>0.25666666</y>
      <w>0.684262</w>
      <t>3200</t>
    </point>
    <point>
      <x>0.56166667</x>
      <y>0.255</y>
      <w>0.684262</w>
      <t>3200</t>
    </point>
    <point>
      <x>0.565</x>
      <y>0.25333333</y>
      <w>0.684262</w>
      <t>3200</t>
    </point>
    <point>
      <x>0.5683333</x>
      <y>0.25166667</y>
      <w>0.684262</w>
      <t>3200</t>
    </point>
    <point>
      <x>0.57166666</x>
      <y>0.25</y>
      <w>0.6598241</w>
      <t>3233</t>
    </point>
    <point>
      <x>0.575</x>
      <y>0.25</y>
      <w>0.6598241</w>
      <t>3233</t>
    </point>
    <point>
      <x>0.5783333</x>
      <y>0.24833333</y>
      <w>0.6598241</w>
      <t>3233</t>
    </point>
    <point>
      <x>0.58166665</x>
      <y>0.24833333</y>
      <w>0.6598241</w>
      <t>3233</t>
    </point>
    <point>
      <x>0.585</x>
      <y>0.24666667</y>
      <w>0.6598241</w>
      <t>3233</t>
    </point>
    <point>
      <x>0.58666664</x>
      <y>0.24666667</y>
      <w>0.61485827</w>
      <t>3267</t>
    </point>
    <point>
      <x>0.59</x>
      <y>0.245</y>
      <w>0.61485827</w>
      <t>3267</t>
    </point>
    <point>
      <x>0.5933333</x>
      <y>0.24333334</y>
      <w>0.61485827</w>
      <t>3267</t>
    </point>
    <point>
      <x>0.59833336</x>
      <y>0.24333334</y>
      <w>0.61485827</w>
      <t>3267</t>
    </point>
    <point>
      <x>0.6016667</x>
      <y>0.24166666</y>
      <w>0.6060606</w>
      <t>3300</t>
    </point>
    <point>
      <x>0.605</x>
      <y>0.24</y>
      <w>0.6060606</w>
      <t>3300</t>
    </point>
    <point>
      <x>0.60833335</x>
      <y>0.24</y>
      <w>0.6060606</w>
      <t>3300</t>
    </point>
    <point>
      <x>0.6116667</x>
      <y>0.24</y>
      <w>0.6060606</w>
      <t>3300</t>
    </point>
    <point>
      <x>0.615</x>
      <y>0.23833333</y>
      <w>0.6060606</w>
      <t>3333</t>
    </point>
    <point>
      <x>0.61833334</x>
      <y>0.23833333</y>
      <w>0.6060606</w>
      <t>3333</t>
    </point>
    <point>
      <x>0.62166667</x>
      <y>0.23833333</y>
      <w>0.6060606</w>
      <t>3333</t>
    </point>
    <point>
      <x>0.625</x>
      <y>0.23833333</y>
      <w>0.6060606</w>
      <t>3333</t>
    </point>
    <point>
      <x>0.62833333</x>
      <y>0.23833333</y>
      <w>0.6060606</w>
      <t>3333</t>
    </point>
    <point>
      <x>0.63</x>
      <y>0.23833333</y>
      <w>0.59628546</w>
      <t>3367</t>
    </point>
    <point>
      <x>0.6333333</x>
      <y>0.23833333</y>
      <w>0.59628546</w>
      <t>3367</t>
    </point>
    <point>
      <x>0.63666666</x>
      <y>0.23833333</y>
      <w>0.59628546</w>
      <t>3367</t>
    </point>
    <point>
      <x>0.6383333</x>
      <y>0.23833333</y>
      <w>0.59628546</w>
      <t>3367</t>
    </point>
    <point>
      <x>0.64166665</x>
      <y>0.23833333</y>
      <w>0.5855327</w>
      <t>3400</t>
    </point>
    <point>
      <x>0.6433333</x>
      <y>0.23833333</y>
      <w>0.5855327</w>
      <t>3400</t>
    </point>
    <point>
      <x>0.645</x>
      <y>0.23833333</y>
      <w>0.5855327</w>
      <t>3400</t>
    </point>
    <point>
      <x>0.64666665</x>
      <y>0.23833333</y>
      <w>0.5855327</w>
      <t>3400</t>
    </point>
    <point>
      <x>0.64666665</x>
      <y>0.24</y>
      <w>0.5650049</w>
      <t>3633</t>
    </point>
    <point>
      <x>0.645</x>
      <y>0.24</y>
      <w>0.55131966</w>
      <t>3666</t>
    </point>
    <point>
      <x>0.6433333</x>
      <y>0.24166666</y>
      <w>0.55131966</w>
      <t>3666</t>
    </point>
    <point>
      <x>0.64166665</x>
      <y>0.24333334</y>
      <w>0.55131966</w>
      <t>3666</t>
    </point>
    <point>
      <x>0.64</x>
      <y>0.24333334</y>
      <w>0.52981424</w>
      <t>3700</t>
    </point>
    <point>
      <x>0.6383333</x>
      <y>0.245</y>
      <w>0.52981424</w>
      <t>3700</t>
    </point>
    <point>
      <x>0.63666666</x>
      <y>0.24666667</y>
      <w>0.52981424</w>
      <t>3700</t>
    </point>
    <point>
      <x>0.6333333</x>
      <y>0.24666667</y>
      <w>0.52981424</w>
      <t>3700</t>
    </point>
    <point>
      <x>0.63166666</x>
      <y>0.24833333</y>
      <w>0.52981424</w>
      <t>3700</t>
    </point>
    <point>
      <x>0.62833333</x>
      <y>0.25</y>
      <w>0.4750733</w>
      <t>3733</t>
    </point>
    <point>
      <x>0.625</x>
      <y>0.25166667</y>
      <w>0.4750733</w>
      <t>3733</t>
    </point>
    <point>
      <x>0.62333333</x>
      <y>0.25333333</y>
      <w>0.4750733</w>
      <t>3733</t>
    </point>
    <point>
      <x>0.62</x>
      <y>0.255</y>
      <w>0.4750733</w>
      <t>3733</t>
    </point>
    <point>
      <x>0.6166667</x>
      <y>0.25666666</y>
      <w>0.2922776</w>
      <t>3767</t>
    </point>
    <point>
      <x>0.61333334</x>
      <y>0.26</y>
      <w>0.2922776</w>
      <t>3767</t>
    </point>
    <point>
      <x>0.61</x>
      <y>0.26166666</y>
      <w>0.2922776</w>
      <t>3767</t>
    </point>
    <point>
      <x>0.6066667</x>
      <y>0.265</y>
      <w>0.2922776</w>
      <t>3767</t>
    </point>
    <point>
      <x>0.6016667</x>
      <y>0.26833335</y>
      <w>0.2922776</w>
      <t>3767</t>
    </point>
    <point>
      <x>0.59833336</x>
      <y>0.27</y>
      <w>0.1368524</w>
      <t>3800</t>
    </point>
    <point>
      <x>0.595</x>
      <y>0.27333334</y>
      <w>0.1368524</w>
      <t>3800</t>
    </point>
    <point>
      <x>0.59166664</x>
      <y>0.27666667</y>
      <w>0.1368524</w>
      <t>3800</t>
    </point>
  </stroke>
  <stroke time="4466">
    <point>
      <x>0.42666668</x>
      <y>0.38166666</y>
      <w>0.17302053</w>
      <t>4500</t>
    </point>
    <point>
      <x>0.42666668</x>
      <y>0.38333333</y>
      <w>0.17302053</w>
      <t>4500</t>
    </point>
    <point>
      <x>0.42666668</x>
      <y>0.385</y>
      <w>0.25904202</w>
      <t>4533</t>
    </point>
    <point>
      <x>0.42666668</x>
      <y>0.38666666</y>
      <w>0.25904202</w>
      <t>4533</t>
    </point>
    <point>
      <x>0.42666668</x>
      <y>0.38833332</y>
      <w>0.25904202</w>
      <t>4533</t>
    </point>
    <point>
      <x>0.42833334</x>
      <y>0.39</y>
      <w>0.25904202</w>
      <t>4533</t>
    </point>
    <point>
      <x>0.43</x>
      <y>0.39166668</y>
      <w>0.35288367</w>
      <t>4566</t>
    </point>
    <point>
      <x>0.43</x>
      <y>0.39333335</y>
      <w>0.35288367</w>
      <t>4566</t>
    </point>
    <point>
      <x>0.43166667</x>
      <y>0.39666668</y>
      <w>0.35288367</w>
      <t>4566</t>
    </point>
    <point>
      <x>0.43333334</x>
      <y>0.39833334</y>
      <w>0.35288367</w>
      <t>4566</t>
    </point>
    <point>
      <x>0.435</x>
      <y>0.4</y>
      <w>0.43010753</w>
      <t>4600</t>
    </point>
    <point>
      <x>0.435</x>
      <y>0.40333334</y>
      <w>0.43010753</w>
      <t>4600</t>
    </point>
    <point>
      <x>0.43666667</x>
      <y>0.405</y>
      <w>0.43010753</w>
      <t>4600</t>
    </point>
    <point>
      <x>0.43833333</x>
      <y>0.40666667</y>
      <w>0.43010753</w>
      <t>4600</t>
    </point>
    <point>
      <x>0.44</x>
      <y>0.41</y>
      <w>0.43010753</w>
      <t>4600</t>
    </point>
    <point>
      <x>0.44</x>
      <y>0.41166666</y>
      <w>0.4916911</w>
      <t>4633</t>
    </point>
    <point>
      <x>0.44166666</x>
      <y>0.41333333</y>
      <w>0.4916911</w>
      <t>4633</t>
    </point>
    <point>
      <x>0.44333333</x>
      <y>0.415</y>
      <w>0.4916911</w>
      <t>4633</t>
    </point>
    <point>
      <x>0.44333333</x>
      <y>0.41666666</y>
      <w>0.4916911</w>
      <t>4633</t>
    </point>
    <point>
      <x>0.445</x>
      <y>0.41833332</y>
      <w>0.53079176</w>
      <t>4667</t>
    </point>
    <point>
      <x>0.44666666</x>
      <y>0.42</y>
      <w>0.53079176</w>
      <t>4667</t>
    </point>
    <point>
      <x>0.44833332</x>
      <y>0.42</y>
      <w>0.53079176</w>
      <t>4667</t>
    </point>
    <point>
      <x>0.44833332</x>
      <y>0.42166665</y>
      <w>0.53079176</w>
      <t>4667</t>
    </point>
    <point>
      <x>0.45</x>
      <y>0.42166665</y>
      <w>0.53079176</w>
      <t>4667</t>
    </point>
    <point>
      <x>0.45166665</x>
      <y>0.42166665</y>
      <w>0.5464321</w>
      <t>4700</t>
    </point>
    <point>
      <x>0.45333335</x>
      <y>0.42166665</y>
      <w>0.54545456</w>
      <t>4733</t>
    </point>
    <point>
      <x>0.455</x>
      <y>0.42166665</y>
      <w>0.54545456</w>
      <t>4733</t>
    </point>
    <point>
      <x>0.45666668</x>
      <y>0.42166665</y>
      <w>0.54545456</w>
      <t>4733</t>
    </point>
    <point>
      <x>0.45833334</x>
      <y>0.42166665</y>
      <w>0.5434995</w>
      <t>4767</t>
    </point>
    <point>
      <x>0.46</x>
      <y>0.42</y>
      <w>0.5434995</w>
      <t>4767</t>
    </point>
    <point>
      <x>0.46333334</x>
      <y>0.41833332</y>
      <w>0.5434995</w>
      <t>4767</t>
    </point>
    <point>
      <x>0.465</x>
      <y>0.41666666</y>
      <w>0.5434995</w>
      <t>4767</t>
    </point>
    <point>
      <x>0.46666667</x>
      <y>0.415</y>
      <w>0.54545456</w>
      <t>4800</t>
    </point>
    <point>
      <x>0.46833333</x>
      <y>0.41333333</y>
      <w>0.54545456</w>
      <t>4800</t>
    </point>
    <point>
      <x>0.47166666</x>
      <y>0.41</y>
      <w>0.54545456</w>
      <t>4800</t>
    </point>
    <point>
      <x>0.47333333</x>
      <y>0.40666667</y>
      <w>0.54545456</w>
      <t>4800</t>
    </point>
    <point>
      <x>0.475</x>
      <y>0.405</y>
      <w>0.46432063</w>
      <t>4833</t>
    </point>
    <point>
      <x>0.47666666</x>
      <y>0.40166667</y>
      <w>0.46432063</w>
      <t>4833</t>
    </point>
    <point>
      <x>0.48</x>
      <y>0.39833334</y>
      <w>0.46432063</w>
      <t>4833</t>
    </point>
    <point>
      <x>0.48166665</x>
      <y>0.39666668</y>
      <w>0.46432063</w>
      <t>4833</t>
    </point>
    <point>
      <x>0.485</x>
      <y>0.39333335</y>
      <w>0.46432063</w>
      <t>4833</t>
    </point>
    <point>
      <x>0.48666668</x>
      <y>0.39166668</y>
      <w>0.342131</w>
      <t>4867</t>
    </point>
    <point>
      <x>0.49</x>
      <y>0.38833332</y>
      <w>0.342131</w>
      <t>4867</t>
    </point>
    <point>
      <x>0.49333334</x>
      <y>0.38666666</y>
      <w>0.342131</w>
      <t>4867</t>
    </point>
    <point>
      <x>0.495</x>
      <y>0.38333333</y>
      <w>0.342131</w>
      <t>4867</t>
    </point>
    <point>
      <x>0.49833333</x>
      <y>0.38166666</y>
      <w>0.25610948</w>
      <t>4900</t>
    </point>
    <point>
      <x>0.50166667</x>
      <y>0.38</y>
      <w>0.25610948</w>
      <t>4900</t>
    </point>
    <point>
      <x>0.505</x>
      <y>0.37833333</y>
      <w>0.25610948</w>
      <t>4900</t>
    </point>
    <point>
      <x>0.5083333</x>
      <y>0.37666667</y>
      <w>0.25610948</w>
      <t>4900</t>
    </point>
    <point>
      <x>0.51166666</x>
      <y>0.375</y>
      <w>0.25610948</w>
      <t>4900</t>
    </point>
    <point>
      <x>0.515</x>
      <y>0.37333333</y>
      <w>0.25610948</w>
      <t>4933</t>
    </point>
    <point>
      <x>0.51666665</x>
      <y>0.37166667</y>
      <w>0.25610948</w>
      <t>4933</t>
    </point>
    <point>
      <x>0.5183333</x>
      <y>0.37166667</y>
      <w>0.25610948</w>
      <t>4933</t>
    </point>
    <point>
      <x>0.52166665</x>
      <y>0.37</y>
      <w>0.25610948</w>
      <t>4933</t>
    </point>
    <point>
      <x>0.5233333</x>
      <y>0.37</y>
      <w>0.27174976</w>
      <t>4967</t>
    </point>
    <point>
      <x>0.525</x>
      <y>0.37</y>
      <w>0.27174976</w>
      <t>4967</t>
    </point>
    <point>
      <x>0.52666664</x>
      <y>0.37</y>
      <w>0.27174976</w>
      <t>4967</t>
    </point>
    <point>
      <x>0.5283333</x>
      <y>0.37</y>
      <w>0.27174976</w>
      <t>4967</t>
    </point>
    <point>
      <x>0.53</x>
      <y>0.37166667</y>
      <w>0.35679373</w>
      <t>5000</t>
    </point>
    <point>
      <x>0.5316667</x>
      <y>0.37333333</y>
      <w>0.35679373</w>
      <t>5000</t>
    </point>
    <point>
      <x>0.53333336</x>
      <y>0.375</y>
      <w>0.43792766</w>
      <t>5034</t>
    </point>
    <point>
      <x>0.535</x>
      <y>0.37666667</y>
      <w>0.43792766</w>
      <t>5034</t>
    </point>
    <point>
      <x>0.5366667</x>
      <y>0.37666667</y>
      <w>0.43792766</w>
      <t>5034</t>
    </point>
    <point>
      <x>0.53833336</x>
      <y>0.37833333</y>
      <w>0.43792766</w>
      <t>5034</t>
    </point>
    <point>
      <x>0.54</x>
      <y>0.38</y>
      <w>0.43792766</w>
      <t>5034</t>
    </point>
    <point>
      <x>0.5416667</x>
      <y>0.38166666</y>
      <w>0.46627566</w>
      <t>5067</t>
    </point>
    <point>
      <x>0.545</x>
      <y>0.38166666</y>
      <w>0.46627566</w>
      <t>5067</t>
    </point>
    <point>
      <x>0.5466667</x>
      <y>0.38333333</y>
      <w>0.46627566</w>
      <t>5067</t>
    </point>
    <point>
      <x>0.54833335</x>
      <y>0.385</y>
      <w>0.46627566</w>
      <t>5067</t>
    </point>
    <point>
      <x>0.55</x>
      <y>0.38666666</y>
      <w>0.47898337</w>
      <t>5100</t>
    </point>
    <point>
      <x>0.5516667</x>
      <y>0.38833332</y>
      <w>0.47898337</w>
      <t>5100</t>
    </point>
    <point>
      <x>0.55333334</x>
      <y>0.38833332</y>
      <w>0.47898337</w>
      <t>5100</t>
    </point>
    <point>
      <x>0.555</x>
      <y>0.38833332</y>
      <w>0.48191592</w>
      <t>5133</t>
    </point>
    <point>
      <x>0.555</x>
      <y>0.39</y>
      <w>0.48191592</w>
      <t>5133</t>
    </point>
    <point>
      <x>0.5566667</x>
      <y>0.39</y>
      <w>0.48191592</w>
      <t>5133</t>
    </point>
    <point>
      <x>0.55833334</x>
      <y>0.39</y>
      <w>0.4809384</w>
      <t>5166</t>
    </point>
    <point>
      <x>0.56</x>
      <y>0.39</y>
      <w>0.4809384</w>
      <t>5166</t>
    </point>
    <point>
      <x>0.56166667</x>
      <y>0.39</y>
      <w>0.47898337</w>
      <t>5199</t>
    </point>
    <point>
      <x>0.56333333</x>
      <y>0.39</y>
      <w>0.47898337</w>
      <t>5199</t>
    </point>
    <point>
      <x>0.565</x>
      <y>0.38833332</y>
      <w>0.47898337</w>
      <t>5199</t>
    </point>
    <point>
      <x>0.56666666</x>
      <y>0.38833332</y>
      <w>0.47898337</w>
      <t>5199</t>
    </point>
    <point>
      <x>0.5683333</x>
      <y>0.38666666</y>
      <w>0.47898337</w>
      <t>5199</t>
    </point>
    <point>
      <x>0.57</x>
      <y>0.385</y>
      <w>0.4281525</w>
      <t>5233</t>
    </point>
    <point>
      <x>0.57166666</x>
      <y>0.38333333</y>
      <w>0.4281525</w>
      <t>5233</t>
    </point>
    <point>
      <x>0.5733333</x>
      <y>0.38166666</y>
      <w>0.4281525</w>
      <t>5233</t>
    </point>
    <point>
      <x>0.575</x>
      <y>0.38</y>
      <w>0.4281525</w>
      <t>5233</t>
    </point>
    <point>
      <x>0.5783333</x>
      <y>0.37833333</y>
      <w>0.38807428</w>
      <t>5267</t>
    </point>
    <point>
      <x>0.58</x>
      <y>0.37666667</y>
      <w>0.38807428</w>
      <t>5267</t>
    </point>
    <point>
      <x>0.58166665</x>
      <y>0.375</y>
      <w>0.38807428</w>
      <t>5267</t>
    </point>
    <point>
      <x>0.5833333</x>
      <y>0.37333333</y>
      <w>0.38807428</w>
      <t>5267</t>
    </point>
    <point>
      <x>0.58666664</x>
      <y>0.37</y>
      <w>0.38807428</w>
      <t>5267</t>
    </point>
    <point>
      <x>0.5883333</x>
      <y>0.36666667</y>
      <w>0.27077225</w>
      <t>5300</t>
    </point>
    <point>
      <x>0.59166664</x>
      <y>0.365</y>
      <w>0.27077225</w>
      <t>5300</t>
    </point>
    <point>
      <x>0.595</x>
      <y>0.36166668</y>
      <w>0.27077225</w>
      <t>5300</t>
    </point>
    <point>
      <x>0.5966667</x>
      <y>0.36</y>
      <w>0.27077225</w>
      <t>5300</t>
    </point>
    <point>
      <x>0.6</x>
      <y>0.35666665</y>
      <w>0.2512219</w>
      <t>5333</t>
    </point>
    <point>
      <x>0.60333335</x>
      <y>0.355</y>
      <w>0.2512219</w>
      <t>5333</t>
    </point>
    <point>
      <x>0.6066667</x>
      <y>0.35333332</y>
      <w>0.2512219</w>
      <t>5333</t>
    </point>
    <point>
      <x>0.61</x>
      <y>0.35333332</y>
      <w>0.2512219</w>
      <t>5333</t>
    </point>
    <point>
      <x>0.61333334</x>
      <y>0.35166666</y>
      <w>0.2512219</w>
      <t>5333</t>
    </point>
    <point>
      <x>0.6166667</x>
      <y>0.35</y>
      <w>0.2629521</w>
      <t>5367</t>
    </point>
    <point>
      <x>0.62</x>
      <y>0.35</y>
      <w>0.2629521</w>
      <t>5367</t>
    </point>
    <point>
      <x>0.62166667</x>
      <y>0.35</y>
      <w>0.2629521</w>
      <t>5367</t>
    </point>
    <point>
      <x>0.625</x>
      <y>0.34833333</y>
      <w>0.2629521</w>
      <t>5367</t>
    </point>
    <point>
      <x>0.62833333</x>
      <y>0.34833333</y>
      <w>0.3020528</w>
      <t>5400</t>
    </point>
    <point>
      <x>0.63166666</x>
      <y>0.34833333</y>
      <w>0.3020528</w>
      <t>5400</t>
    </point>
    <point>
      <x>0.6333333</x>
      <y>0.34833333</y>
      <w>0.3020528</w>
      <t>5400</t>
    </point>
    <point>
      <x>0.63666666</x>
      <y>0.34833333</y>
      <w>0.3020528</w>
      <t>5400</t>
    </point>
    <point>
      <x>0.6383333</x>
      <y>0.34833333</y>
      <w>0.36070383</w>
      <t>5433</t>
    </point>
    <point>
      <x>0.64166665</x>
      <y>0.34833333</y>
      <w>0.36070383</w>
      <t>5433</t>
    </point>
    <point>
      <x>0.6433333</x>
      <y>0.34833333</y>
      <w>0.36070383</w>
      <t>5433</t>
    </point>
    <point>
      <x>0.64666665</x>
      <y>0.34833333</y>
      <w>0.36070383</w>
      <t>5433</t>
    </point>
    <point>
      <x>0.6483333</x>
      <y>0.34833333</y>
      <w>0.36070383</w>
      <t>5433</t>
    </point>
    <point>
      <x>0.65</x>
      <y>0.35</y>
      <w>0.38514173</w>
      <t>5467</t>
    </point>
    <point>
      <x>0.65166664</x>
      <y>0.35</y>
      <w>0.38514173</w>
      <t>5467</t>
    </point>
    <point>
      <x>0.6533333</x>
      <y>0.35</y>
      <w>0.38514173</w>
      <t>5467</t>
    </point>
    <point>
      <x>0.655</x>
      <y>0.35166666</y>
      <w>0.38514173</w>
      <t>5467</t>
    </point>
    <point>
      <x>0.6566667</x>
      <y>0.35333332</y>
      <w>0.41544476</w>
      <t>5500</t>
    </point>
    <point>
      <x>0.6566667</x>
      <y>0.355</y>
      <w>0.43108505</w>
      <t>5533</t>
    </point>
    <point>
      <x>0.6566667</x>
      <y>0.35666665</y>
      <w>0.43108505</w>
      <t>5533</t>
    </point>
    <point>
      <x>0.6566667</x>
      <y>0.35833332</y>
      <w>0.45356795</w>
      <t>5566</t>
    </point>
    <point>
      <x>0.655</x>
      <y>0.36</y>
      <w>0.45356795</w>
      <t>5566</t>
    </point>
    <point>
      <x>0.655</x>
      <y>0.36166668</y>
      <w>0.45356795</w>
      <t>5566</t>
    </point>
    <point>
      <x>0.6533333</x>
      <y>0.36333334</y>
      <w>0.48582602</w>
      <t>5600</t>
    </point>
    <point>
      <x>0.65166664</x>
      <y>0.365</y>
      <w>0.48582602</w>
      <t>5600</t>
    </point>
    <point>
      <x>0.65166664</x>
      <y>0.36666667</y>
      <w>0.48582602</w>
      <t>5600</t>
    </point>
    <point>
      <x>0.65</x>
      <y>0.36833334</y>
      <w>0.48582602</w>
      <t>5600</t>
    </point>
    <point>
      <x>0.6483333</x>
      <y>0.37</y>
      <w>0.48582602</w>
      <t>5600</t>
    </point>
    <point>
      <x>0.64666665</x>
      <y>0.37166667</y>
      <w>0.48973608</w>
      <t>5633</t>
    </point>
    <point>
      <x>0.6433333</x>
      <y>0.375</y>
      <w>0.48973608</w>
      <t>5633</t>
    </point>
    <point>
      <x>0.64166665</x>
      <y>0.37666667</y>
      <w>0.48973608</w>
      <t>5633</t>
    </point>
    <point>
      <x>0.6383333</x>
      <y>0.38</y>
      <w>0.48973608</w>
      <t>5633</t>
    </point>
    <point>
      <x>0.635</x>
      <y>0.38166666</y>
      <w>0.48973608</w>
      <t>5633</t>
    </point>
    <point>
      <x>0.63166666</x>
      <y>0.385</y>
      <w>0.4965787</w>
      <t>5667</t>
    </point>
    <point>
      <x>0.62833333</x>
      <y>0.38833332</y>
      <w>0.4965787</w>
      <t>5667</t>
    </point>
    <point>
      <x>0.625</x>
      <y>0.39166668</y>
      <w>0.4965787</w>
      <t>5667</t>
    </point>
    <point>
      <x>0.62166667</x>
      <y>0.395</y>
      <w>0.4965787</w>
      <t>5667</t>
    </point>
    <point>
      <x>0.6166667</x>
      <y>0.4</y>
      <w>0.50048876</w>
      <t>5700</t>
    </point>
    <point>
      <x>0.6116667</x>
      <y>0.40333334</y>
      <w>0.50048876</w>
      <t>5700</t>
    </point>
    <point>
      <x>0.60833335</x>
      <y>0.40833333</y>
      <w>0.50048876</w>
      <t>5700</t>
    </point>
    <point>
      <x>0.60333335</x>
      <y>0.41333333</y>
      <w>0.50048876</w>
      <t>5700</t>
    </point>
    <point>
      <x>0.59833336</x>
      <y>0.41666666</y>
      <w>0.50048876</w>
      <t>5700</t>
    </point>
    <point>
      <x>0.595</x>
      <y>0.42166665</y>
      <w>0.51710653</w>
      <t>5733</t>
    </point>
    <point>
      <x>0.59</x>
      <y>0.42666668</y>
      <w>0.51710653</w>
      <t>5733</t>
    </point>
    <point>
      <x>0.585</x>
      <y>0.43166667</y>
      <w>0.51710653</w>
      <t>5733</t>
    </point>
    <point>
      <x>0.58</x>
      <y>0.43666667</y>
      <w>0.51710653</w>
      <t>5733</t>
    </point>
    <point>
      <x>0.57666665</x>
      <y>0.44166666</y>
      <w>0.52492666</w>
      <t>5767</t>
    </point>
    <point>
      <x>0.57166666</x>
      <y>0.44666666</y>
      <w>0.52492666</w>
      <t>5767</t>
    </point>
    <point>
      <x>0.565</x>
      <y>0.45166665</y>
      <w>0.52492666</w>
      <t>5767</t>
    </point>
    <point>
      <x>0.56</x>
      <y>0.45833334</y>
      <w>0.52492666</w>
      <t>5767</t>
    </point>
    <point>
      <x>0.555</x>
      <y>0.46333334</y>
      <w>0.5259042</w>
      <t>5800</t>
    </point>
    <point>
      <x>0.55</x>
      <y>0.46833333</y>
      <w>0.5259042</w>
      <t>5800</t>
    </point>
    <point>
      <x>0.545</x>
      <y>0.47333333</y>
      <w>0.5259042</w>
      <t>5800</t>
    </point>
    <point>
      <x>0.5416667</x>
      <y>0.47833332</y>
      <w>0.5259042</w>
      <t>5800</t>
    </point>
    <point>
      <x>0.53833336</x>
      <y>0.48333332</y>
      <w>0.5259042</w>
      <t>5800</t>
    </point>
    <point>
      <x>0.535</x>
      <y>0.48666668</y>
      <w>0.5259042</w>
      <t>5833</t>
    </point>
    <point>
      <x>0.53333336</x>
      <y>0.49166667</y>
      <w>0.5259042</w>
      <t>5833</t>
    </point>
    <point>
      <x>0.53</x>
      <y>0.495</y>
      <w>0.5259042</w>
      <t>5833</t>
    </point>
    <point>
      <x>0.5283333</x>
      <y>0.49666667</y>
      <w>0.5259042</w>
      <t>5833</t>
    </point>
    <point>
      <x>0.5283333</x>
      <y>0.5</y>
      <w>0.5259042</w>
      <t>5867</t>
    </point>
    <point>
      <x>0.52666664</x>
      <y>0.50166667</y>
      <w>0.5259042</w>
      <t>5867</t>
    </point>
    <point>
      <x>0.525</x>
      <y>0.50333333</y>
      <w>0.5259042</w>
      <t>5867</t>
    </point>
    <point>
      <x>0.525</x>
      <y>0.505</y>
      <w>0.5259042</w>
      <t>5867</t>
    </point>
    <point>
      <x>0.525</x>
      <y>0.50666666</y>
      <w>0.5219941</w>
      <t>5900</t>
    </point>
    <point>
      <x>0.52666664</x>
      <y>0.50666666</y>
      <w>0.51221895</w>
      <t>5933</t>
    </point>
    <point>
      <x>0.5283333</x>
      <y>0.50666666</y>
      <w>0.51221895</w>
      <t>5933</t>
    </point>
    <point>
      <x>0.53</x>
      <y>0.5083333</y>
      <w>0.51221895</w>
      <t>5933</t>
    </point>
    <point>
      <x>0.5316667</x>
      <y>0.5083333</y>
      <w>0.51221895</w>
      <t>5933</t>
    </point>
    <point>
      <x>0.53333336</x>
      <y>0.5083333</y>
      <w>0.514174</w>
      <t>5967</t>
    </point>
    <point>
      <x>0.5366667</x>
      <y>0.5083333</y>
      <w>0.514174</w>
      <t>5967</t>
    </point>
    <point>
      <x>0.53833336</x>
      <y>0.5083333</y>
      <w>0.514174</w>
      <t>5967</t>
    </point>
    <point>
      <x>0.54</x>
      <y>0.5083333</y>
      <w>0.50537634</w>
      <t>6000</t>
    </point>
    <point>
      <x>0.5416667</x>
      <y>0.5083333</y>
      <w>0.50537634</w>
      <t>6000</t>
    </point>
    <point>
      <x>0.545</x>
      <y>0.5083333</y>
      <w>0.50537634</w>
      <t>6000</t>
    </point>
    <point>
      <x>0.5466667</x>
      <y>0.50666666</y>
      <w>0.50537634</w>
      <t>6000</t>
    </point>
    <point>
      <x>0.55</x>
      <y>0.50666666</y>
      <w>0.5014663</w>
      <t>6033</t>
    </point>
    <point>
      <x>0.5516667</x>
      <y>0.50666666</y>
      <w>0.5014663</w>
      <t>6033</t>
    </point>
    <point>
      <x>0.55333334</x>
      <y>0.50666666</y>
      <w>0.5014663</w>
      <t>6033</t>
    </point>
    <point>
      <x>0.555</x>
      <y>0.50666666</y>
      <w>0.5014663</w>
      <t>6033</t>
    </point>
    <point>
      <x>0.5566667</x>
      <y>0.505</y>
      <w>0.5014663</w>
      <t>6033</t>
    </point>
    <point>
      <x>0.56</x>
      <y>0.505</y>
      <w>0.49853373</w>
      <t>6067</t>
    </point>
    <point>
      <x>0.56166667</x>
      <y>0.505</y>
      <w>0.49853373</w>
      <t>6067</t>
    </point>
    <point>
      <x>0.56333333</x>
      <y>0.505</y>
      <w>0.49853373</w>
      <t>6067</t>
    </point>
    <point>
      <x>0.565</x>
      <y>0.50333333</y>
      <w>0.49853373</w>
      <t>6067</t>
    </point>
    <point>
      <x>0.5683333</x>
      <y>0.50333333</y>
      <w>0.5014663</w>
      <t>6100</t>
    </point>
    <point>
      <x>0.57</x>
      <y>0.50333333</y>
      <w>0.5014663</w>
      <t>6100</t>
    </point>
    <point>
      <x>0.57166666</x>
      <y>0.50333333</y>
      <w>0.5014663</w>
      <t>6100</t>
    </point>
    <point>
      <x>0.5733333</x>
      <y>0.50166667</y>
      <w>0.5014663</w>
      <t>6100</t>
    </point>
    <point>
      <x>0.575</x>
      <y>0.50166667</y>
      <w>0.5014663</w>
      <t>6100</t>
    </point>
    <point>
      <x>0.5783333</x>
      <y>0.50166667</y>
      <w>0.5024438</w>
      <t>6133</t>
    </point>
    <point>
      <x>0.58166665</x>
      <y>0.50166667</y>
      <w>0.5024438</w>
      <t>6133</t>
    </point>
    <point>
      <x>0.5833333</x>
      <y>0.50166667</y>
      <w>0.5024438</w>
      <t>6133</t>
    </point>
    <point>
      <x>0.585</x>
      <y>0.50166667</y>
      <w>0.5043988</w>
      <t>6166</t>
    </point>
    <point>
      <x>0.58666664</x>
      <y>0.50166667</y>
      <w>0.5043988</w>
      <t>6166</t>
    </point>
    <point>
      <x>0.58666664</x>
      <y>0.50333333</y>
      <w>0.5043988</w>
      <t>6166</t>
    </point>
    <point>
      <x>0.5883333</x>
      <y>0.50333333</y>
      <w>0.5043988</w>
      <t>6166</t>
    </point>
    <point>
      <x>0.59</x>
      <y>0.50333333</y>
      <w>0.50537634</w>
      <t>6200</t>
    </point>
    <point>
      <x>0.59166664</x>
      <y>0.50333333</y>
      <w>0.50537634</w>
      <t>6200</t>
    </point>
    <point>
      <x>0.5933333</x>
      <y>0.50333333</y>
      <w>0.50537634</w>
      <t>6200</t>
    </point>
    <point>
      <x>0.5933333</x>
      <y>0.505</y>
      <w>0.50537634</w>
      <t>6200</t>
    </point>
    <point>
      <x>0.595</x>
      <y>0.505</y>
      <w>0.51319647</w>
      <t>6234</t>
    </point>
    <point>
      <x>0.595</x>
      <y>0.50666666</y>
      <w>0.51319647</w>
      <t>6234</t>
    </point>
    <point>
      <x>0.595</x>
      <y>0.5083333</y>
      <w>0.5259042</w>
      <t>6266</t>
    </point>
    <point>
      <x>0.595</x>
      <y>0.51</y>
      <w>0.5532747</w>
      <t>6299</t>
    </point>
    <point>
      <x>0.595</x>
      <y>0.51166666</y>
      <w>0.5532747</w>
      <t>6299</t>
    </point>
    <point>
      <x>0.595</x>
      <y>0.5133333</y>
      <w>0.5610948</w>
      <t>6333</t>
    </point>
    <point>
      <x>0.595</x>
      <y>0.515</y>
      <w>0.5610948</w>
      <t>6333</t>
    </point>
    <point>
      <x>0.595</x>
      <y>0.51666665</y>
      <w>0.5610948</w>
      <t>6333</t>
    </point>
    <point>
      <x>0.595</x>
      <y>0.5183333</y>
      <w>0.5610948</w>
      <t>6333</t>
    </point>
    <point>
      <x>0.5933333</x>
      <y>0.52</y>
      <w>0.57087</w>
      <t>6367</t>
    </point>
    <point>
      <x>0.59166664</x>
      <y>0.52166665</y>
      <w>0.57087</w>
      <t>6367</t>
    </point>
    <point>
      <x>0.59</x>
      <y>0.5233333</y>
      <w>0.57087</w>
      <t>6367</t>
    </point>
    <point>
      <x>0.5883333</x>
      <y>0.52666664</y>
      <w>0.57087</w>
      <t>6367</t>
    </point>
    <point>
      <x>0.5883333</x>
      <y>0.5283333</y>
      <w>0.59335285</w>
      <t>6400</t>
    </point>
    <point>
      <x>0.58666664</x>
      <y>0.5316667</y>
      <w>0.59335285</w>
      <t>6400</t>
    </point>
    <point>
      <x>0.585</x>
      <y>0.53333336</y>
      <w>0.59335285</w>
      <t>6400</t>
    </point>
    <point>
      <x>0.58166665</x>
      <y>0.535</y>
      <w>0.59335285</w>
      <t>6400</t>
    </point>
    <point>
      <x>0.58</x>
      <y>0.53833336</y>
      <w>0.59335285</w>
      <t>6400</t>
    </point>
    <point>
      <x>0.5783333</x>
      <y>0.5416667</y>
      <w>0.597263</w>
      <t>6433</t>
    </point>
    <point>
      <x>0.57666665</x>
      <y>0.54333335</y>
      <w>0.597263</w>
      <t>6433</t>
    </point>
    <point>
      <x>0.575</x>
      <y>0.5466667</y>
      <w>0.597263</w>
      <t>6433</t>
    </point>
    <point>
      <x>0.57166666</x>
      <y>0.55</y>
      <w>0.597263</w>
      <t>6433</t>
    </point>
    <point>
      <x>0.57</x>
      <y>0.55333334</y>
      <w>0.5982405</w>
      <t>6467</t>
    </point>
    <point>
      <x>0.5683333</x>
      <y>0.5566667</y>
      <w>0.5982405</w>
      <t>6467</t>
    </point>
    <point>
      <x>0.56666666</x>
      <y>0.56</y>
      <w>0.5982405</w>
      <t>6467</t>
    </point>
    <point>
      <x>0.56333333</x>
      <y>0.56333333</y>
      <w>0.5982405</w>
      <t>6467</t>
    </point>
    <point>
      <x>0.56166667</x>
      <y>0.56666666</y>
      <w>0.5982405</w>
      <t>6467</t>
    </point>
    <point>
      <x>0.55833334</x>
      <y>0.5683333</y>
      <w>0.5982405</w>
      <t>6500</t>
    </point>
    <point>
      <x>0.555</x>
      <y>0.5733333</y>
      <w>0.5982405</w>
      <t>6500</t>
    </point>
    <point>
      <x>0.55</x>
      <y>0.57666665</y>
      <w>0.5982405</w>
      <t>6500</t>
    </point>
    <point>
      <x>0.545</x>
      <y>0.58166665</y>
      <w>0.5982405</w>
      <t>6500</t>
    </point>
    <point>
      <x>0.5416667</x>
      <y>0.58666664</y>
      <w>0.5982405</w>
      <t>6534</t>
    </point>
    <point>
      <x>0.5366667</x>
      <y>0.59166664</y>
      <w>0.5982405</w>
      <t>6534</t>
    </point>
    <point>
      <x>0.5316667</x>
      <y>0.5966667</y>
      <w>0.5982405</w>
      <t>6534</t>
    </point>
    <point>
      <x>0.52666664</x>
      <y>0.6016667</y>
      <w>0.5982405</w>
      <t>6534</t>
    </point>
    <point>
      <x>0.52166665</x>
      <y>0.6066667</y>
      <w>0.5982405</w>
      <t>6534</t>
    </point>
    <point>
      <x>0.51666665</x>
      <y>0.6116667</y>
      <w>0.5982405</w>
      <t>6567</t>
    </point>
    <point>
      <x>0.5133333</x>
      <y>0.6166667</y>
      <w>0.5982405</w>
      <t>6567</t>
    </point>
    <point>
      <x>0.50666666</x>
      <y>0.62166667</y>
      <w>0.5982405</w>
      <t>6567</t>
    </point>
    <point>
      <x>0.50166667</x>
      <y>0.62666667</y>
      <w>0.5982405</w>
      <t>6567</t>
    </point>
    <point>
      <x>0.495</x>
      <y>0.6333333</y>
      <w>0.5884653</w>
      <t>6600</t>
    </point>
    <point>
      <x>0.48833334</x>
      <y>0.64</y>
      <w>0.5884653</w>
      <t>6600</t>
    </point>
    <point>
      <x>0.48166665</x>
      <y>0.64666665</y>
      <w>0.5884653</w>
      <t>6600</t>
    </point>
    <point>
      <x>0.475</x>
      <y>0.65166664</y>
      <w>0.5884653</w>
      <t>6600</t>
    </point>
    <point>
      <x>0.46833333</x>
      <y>0.65833336</y>
      <w>0.5835777</w>
      <t>6633</t>
    </point>
    <point>
      <x>0.46166667</x>
      <y>0.66333336</y>
      <w>0.5835777</w>
      <t>6633</t>
    </point>
    <point>
      <x>0.45666668</x>
      <y>0.66833335</y>
      <w>0.5835777</w>
      <t>6633</t>
    </point>
    <point>
      <x>0.45</x>
      <y>0.67333335</y>
      <w>0.5835777</w>
      <t>6633</t>
    </point>
    <point>
      <x>0.44666666</x>
      <y>0.67833334</y>
      <w>0.5835777</w>
      <t>6633</t>
    </point>
    <point>
      <x>0.44166666</x>
      <y>0.6816667</y>
      <w>0.5601173</w>
      <t>6667</t>
    </point>
    <point>
      <x>0.43666667</x>
      <y>0.68666667</y>
      <w>0.5601173</w>
      <t>6667</t>
    </point>
    <point>
      <x>0.43166667</x>
      <y>0.69166666</y>
      <w>0.5601173</w>
      <t>6667</t>
    </point>
    <point>
      <x>0.42833334</x>
      <y>0.695</y>
      <w>0.5601173</w>
      <t>6667</t>
    </point>
    <point>
      <x>0.425</x>
      <y>0.6983333</y>
      <w>0.46627566</w>
      <t>6700</t>
    </point>
    <point>
      <x>0.42166665</x>
      <y>0.70166665</y>
      <w>0.46627566</w>
      <t>6700</t>
    </point>
    <point>
      <x>0.42</x>
      <y>0.7033333</y>
      <w>0.46627566</w>
      <t>6700</t>
    </point>
    <point>
      <x>0.41833332</x>
      <y>0.705</y>
      <w>0.46627566</w>
      <t>6700</t>
    </point>
    <point>
      <x>0.41833332</x>
      <y>0.70666665</y>
      <w>0.46627566</w>
      <t>6700</t>
    </point>
    <point>
      <x>0.42</x>
      <y>0.705</y>
      <w>0.2062561</w>
      <t>6766</t>
    </point>
    <point>
      <x>0.42166665</x>
      <y>0.7033333</y>
      <w>0.2062561</w>
      <t>6766</t>
    </point>
    <point>
      <x>0.42333335</x>
      <y>0.7</y>
      <w>0.2062561</w>
      <t>6766</t>
    </point>
    <point>
      <x>0.42666668</x>
      <y>0.69666666</y>
      <w>0.2062561</w>
      <t>6766</t>
    </point>
    <point>
      <x>0.43</x>
      <y>0.6933333</y>
      <w>0.2062561</w>
      <t>6766</t>
    </point>
    <point>
      <x>0.43166667</x>
      <y>0.69</y>
      <w>0.08406647</w>
      <t>6800</t>
    </point>
    <point>
      <x>0.435</x>
      <y>0.68666667</y>
      <w>0.08406647</w>
      <t>6800</t>
    </point>
    <point>
      <x>0.43666667</x>
      <y>0.685</y>
      <w>0.08406647</w>
      <t>6800</t>
    </point>
    <point>
      <x>0.43833333</x>
      <y>0.6816667</y>
      <w>0.08406647</w>
      <t>6800</t>
    </point>
    <point>
      <x>0.44166666</x>
      <y>0.68</y>
      <w>0.102639295</w>
      <t>6834</t>
    </point>
    <point>
      <x>0.44333333</x>
      <y>0.67833334</y>
      <w>0.102639295</w>
      <t>6834</t>
    </point>
    <point>
      <x>0.445</x>
      <y>0.675</y>
      <w>0.102639295</w>
      <t>6834</t>
    </point>
    <point>
      <x>0.44833332</x>
      <y>0.67333335</y>
      <w>0.102639295</w>
      <t>6834</t>
    </point>
    <point>
      <x>0.45</x>
      <y>0.6716667</y>
      <w>0.102639295</w>
      <t>6834</t>
    </point>
    <point>
      <x>0.45333335</x>
      <y>0.66833335</y>
      <w>0.1202346</w>
      <t>6867</t>
    </point>
    <point>
      <x>0.45666668</x>
      <y>0.6666667</y>
      <w>0.1202346</w>
      <t>6867</t>
    </point>
    <point>
      <x>0.46</x>
      <y>0.66333336</y>
      <w>0.1202346</w>
      <t>6867</t>
    </point>
    <point>
      <x>0.46166667</x>
      <y>0.6616667</y>
      <w>0.1202346</w>
      <t>6867</t>
    </point>
    <point>
      <x>0.465</x>
      <y>0.66</y>
      <w>0.18572825</w>
      <t>6899</t>
    </point>
    <point>
      <x>0.46833333</x>
      <y>0.65833336</y>
      <w>0.18572825</w>
      <t>6899</t>
    </point>
    <point>
      <x>0.47166666</x>
      <y>0.6566667</y>
      <w>0.18572825</w>
      <t>6899</t>
    </point>
    <point>
      <x>0.47333333</x>
      <y>0.655</y>
      <w>0.18572825</w>
      <t>6899</t>
    </point>
    <point>
      <x>0.47666666</x>
      <y>0.655</y>
      <w>0.2521994</w>
      <t>6933</t>
    </point>
    <point>
      <x>0.47833332</x>
      <y>0.6533333</y>
      <w>0.2521994</w>
      <t>6933</t>
    </point>
    <point>
      <x>0.48</x>
      <y>0.65166664</y>
      <w>0.2521994</w>
      <t>6933</t>
    </point>
    <point>
      <x>0.48333332</x>
      <y>0.65166664</y>
      <w>0.2521994</w>
      <t>6933</t>
    </point>
    <point>
      <x>0.485</x>
      <y>0.65</y>
      <w>0.2521994</w>
      <t>6933</t>
    </point>
    <point>
      <x>0.48666668</x>
      <y>0.65</y>
      <w>0.30987293</w>
      <t>6966</t>
    </point>
    <point>
      <x>0.48833334</x>
      <y>0.65</y>
      <w>0.30987293</w>
      <t>6966</t>
    </point>
    <point>
      <x>0.49</x>
      <y>0.6483333</y>
      <w>0.30987293</w>
      <t>6966</t>
    </point>
    <point>
      <x>0.49166667</x>
      <y>0.6483333</y>
      <w>0.38709676</w>
      <t>7000</t>
    </point>
    <point>
      <x>0.49333334</x>
      <y>0.6483333</y>
      <w>0.38709676</w>
      <t>7000</t>
    </point>
    <point>
      <x>0.495</x>
      <y>0.6483333</y>
      <w>0.38709676</w>
      <t>7000</t>
    </point>
    <point>
      <x>0.495</x>
      <y>0.65</y>
      <w>0.47702834</w>
      <t>7034</t>
    </point>
    <point>
      <x>0.49666667</x>
      <y>0.65</y>
      <w>0.47702834</w>
      <t>7034</t>
    </point>
    <point>
      <x>0.49666667</x>
      <y>0.65166664</y>
      <w>0.53861195</w>
      <t>7066</t>
    </point>
    <point>
      <x>0.49666667</x>
      <y>0.6533333</y>
      <w>0.53861195</w>
      <t>7066</t>
    </point>
    <point>
      <x>0.49833333</x>
      <y>0.6533333</y>
      <w>0.53861195</w>
      <t>7066</t>
    </point>
    <point>
      <x>0.49833333</x>
      <y>0.655</y>
      <w>0.5913978</w>
      <t>7100</t>
    </point>
    <point>
      <x>0.49833333</x>
      <y>0.6566667</y>
      <w>0.5913978</w>
      <t>7100</t>
    </point>
    <point>
      <x>0.49833333</x>
      <y>0.65833336</y>
      <w>0.5913978</w>
      <t>7100</t>
    </point>
    <point>
      <x>0.5</x>
      <y>0.66</y>
      <w>0.5913978</w>
      <t>7100</t>
    </point>
    <point>
      <x>0.5</x>
      <y>0.6616667</y>
      <w>0.6236559</w>
      <t>7134</t>
    </point>
    <point>
      <x>0.5</x>
      <y>0.66333336</y>
      <w>0.6236559</w>
      <t>7134</t>
    </point>
    <point>
      <x>0.5</x>
      <y>0.665</y>
      <w>0.6236559</w>
      <t>7134</t>
    </point>
    <point>
      <x>0.50166667</x>
      <y>0.6666667</y>
      <w>0.6568915</w>
      <t>7166</t>
    </point>
    <point>
      <x>0.50166667</x>
      <y>0.66833335</y>
      <w>0.6568915</w>
      <t>7166</t>
    </point>
    <point>
      <x>0.50166667</x>
      <y>0.67</y>
      <w>0.6568915</w>
      <t>7166</t>
    </point>
    <point>
      <x>0.50166667</x>
      <y>0.6716667</y>
      <w>0.6568915</w>
      <t>7166</t>
    </point>
    <point>
      <x>0.50166667</x>
      <y>0.67333335</y>
      <w>0.70087975</w>
      <t>7200</t>
    </point>
    <point>
      <x>0.50166667</x>
      <y>0.675</y>
      <w>0.70087975</w>
      <t>7200</t>
    </point>
    <point>
      <x>0.50333333</x>
      <y>0.67833334</y>
      <w>0.70087975</w>
      <t>7200</t>
    </point>
    <point>
      <x>0.50333333</x>
      <y>0.68</y>
      <w>0.70087975</w>
      <t>7200</t>
    </point>
    <point>
      <x>0.50333333</x>
      <y>0.68333334</y>
      <w>0.72825027</w>
      <t>7233</t>
    </point>
    <point>
      <x>0.50333333</x>
      <y>0.685</y>
      <w>0.72825027</w>
      <t>7233</t>
    </point>
    <point>
      <x>0.50333333</x>
      <y>0.68833333</y>
      <w>0.72825027</w>
      <t>7233</t>
    </point>
    <point>
      <x>0.50333333</x>
      <y>0.69</y>
      <w>0.72825027</w>
      <t>7233</t>
    </point>
    <point>
      <x>0.50333333</x>
      <y>0.6933333</y>
      <w>0.72825027</w>
      <t>7233</t>
    </point>
    <point>
      <x>0.50333333</x>
      <y>0.695</y>
      <w>0.7546432</w>
      <t>7267</t>
    </point>
    <point>
      <x>0.50333333</x>
      <y>0.6983333</y>
      <w>0.7546432</w>
      <t>7267</t>
    </point>
    <point>
      <x>0.50333333</x>
      <y>0.70166665</y>
      <w>0.7546432</w>
      <t>7267</t>
    </point>
    <point>
      <x>0.50333333</x>
      <y>0.705</y>
      <w>0.7546432</w>
      <t>7267</t>
    </point>
    <point>
      <x>0.505</x>
      <y>0.7083333</y>
      <w>0.75757575</w>
      <t>7300</t>
    </point>
    <point>
      <x>0.505</x>
      <y>0.71166664</y>
      <w>0.75757575</w>
      <t>7300</t>
    </point>
    <point>
      <x>0.505</x>
      <y>0.715</y>
      <w>0.75757575</w>
      <t>7300</t>
    </point>
    <point>
      <x>0.505</x>
      <y>0.7183333</y>
      <w>0.75757575</w>
      <t>7300</t>
    </point>
    <point>
      <x>0.50666666</x>
      <y>0.72</y>
      <w>0.75757575</w>
      <t>7300</t>
    </point>
    <point>
      <x>0.50666666</x>
      <y>0.72333336</y>
      <w>0.7595308</w>
      <t>7333</t>
    </point>
    <point>
      <x>0.50666666</x>
      <y>0.725</y>
      <w>0.7595308</w>
      <t>7333</t>
    </point>
    <point>
      <x>0.50666666</x>
      <y>0.72833335</y>
      <w>0.7595308</w>
      <t>7333</t>
    </point>
    <point>
      <x>0.50666666</x>
      <y>0.73</y>
      <w>0.7595308</w>
      <t>7333</t>
    </point>
    <point>
      <x>0.50666666</x>
      <y>0.73333335</y>
      <w>0.7614858</w>
      <t>7367</t>
    </point>
    <point>
      <x>0.50666666</x>
      <y>0.7366667</y>
      <w>0.7614858</w>
      <t>7367</t>
    </point>
    <point>
      <x>0.50666666</x>
      <y>0.74</y>
      <w>0.7614858</w>
      <t>7367</t>
    </point>
    <point>
      <x>0.50666666</x>
      <y>0.74333334</y>
      <w>0.7614858</w>
      <t>7367</t>
    </point>
    <point>
      <x>0.50666666</x>
      <y>0.74666667</y>
      <w>0.7614858</w>
      <t>7367</t>
    </point>
    <point>
      <x>0.50666666</x>
      <y>0.75</y>
      <w>0.7614858</w>
      <t>7400</t>
    </point>
    <point>
      <x>0.50666666</x>
      <y>0.75333333</y>
      <w>0.7614858</w>
      <t>7400</t>
    </point>
    <point>
      <x>0.50666666</x>
      <y>0.75666666</y>
      <w>0.7614858</w>
      <t>7400</t>
    </point>
    <point>
      <x>0.50666666</x>
      <y>0.7583333</y>
      <w>0.7614858</w>
      <t>7400</t>
    </point>
    <point>
      <x>0.50666666</x>
      <y>0.76166666</y>
      <w>0.7614858</w>
      <t>7433</t>
    </point>
    <point>
      <x>0.5083333</x>
      <y>0.765</y>
      <w>0.7614858</w>
      <t>7433</t>
    </point>
    <point>
      <x>0.5083333</x>
      <y>0.76666665</y>
      <w>0.7614858</w>
      <t>7433</t>
    </point>
    <point>
      <x>0.5083333</x>
      <y>0.77</y>
      <w>0.7614858</w>
      <t>7433</t>
    </point>
    <point>
      <x>0.5083333</x>
      <y>0.7733333</y>
      <w>0.7614858</w>
      <t>7433</t>
    </point>
    <point>
      <x>0.5083333</x>
      <y>0.775</y>
      <w>0.7595308</w>
      <t>7467</t>
    </point>
    <point>
      <x>0.5083333</x>
      <y>0.77666664</y>
      <w>0.7595308</w>
      <t>7467</t>
    </point>
    <point>
      <x>0.51</x>
      <y>0.78</y>
      <w>0.7595308</w>
      <t>7467</t>
    </point>
    <point>
      <x>0.51</x>
      <y>0.7816667</y>
      <w>0.7595308</w>
      <t>7467</t>
    </point>
    <point>
      <x>0.51</x>
      <y>0.78333336</y>
      <w>0.75757575</w>
      <t>7500</t>
    </point>
    <point>
      <x>0.51166666</x>
      <y>0.785</y>
      <w>0.75757575</w>
      <t>7500</t>
    </point>
    <point>
      <x>0.51166666</x>
      <y>0.7866667</y>
      <w>0.75757575</w>
      <t>7500</t>
    </point>
    <point>
      <x>0.51166666</x>
      <y>0.78833336</y>
      <w>0.75757575</w>
      <t>7500</t>
    </point>
    <point>
      <x>0.5133333</x>
      <y>0.78833336</y>
      <w>0.7536657</w>
      <t>7534</t>
    </point>
    <point>
      <x>0.515</x>
      <y>0.79</y>
      <w>0.7536657</w>
      <t>7534</t>
    </point>
    <point>
      <x>0.515</x>
      <y>0.7916667</y>
      <w>0.7536657</w>
      <t>7534</t>
    </point>
    <point>
      <x>0.51666665</x>
      <y>0.7916667</y>
      <w>0.7536657</w>
      <t>7534</t>
    </point>
    <point>
      <x>0.5183333</x>
      <y>0.7916667</y>
      <w>0.7194526</w>
      <t>7566</t>
    </point>
    <point>
      <x>0.52</x>
      <y>0.7916667</y>
      <w>0.7194526</w>
      <t>7566</t>
    </point>
    <point>
      <x>0.52166665</x>
      <y>0.7916667</y>
      <w>0.67155427</w>
      <t>7599</t>
    </point>
    <point>
      <x>0.5233333</x>
      <y>0.7916667</y>
      <w>0.67155427</w>
      <t>7599</t>
    </point>
    <point>
      <x>0.525</x>
      <y>0.7916667</y>
      <w>0.67155427</w>
      <t>7599</t>
    </point>
    <point>
      <x>0.52666664</x>
      <y>0.7916667</y>
      <w>0.67155427</w>
      <t>7599</t>
    </point>
    <point>
      <x>0.5283333</x>
      <y>0.7916667</y>
      <w>0.6050831</w>
      <t>7633</t>
    </point>
    <point>
      <x>0.53</x>
      <y>0.79</y>
      <w>0.6050831</w>
      <t>7633</t>
    </point>
    <point>
      <x>0.53333336</x>
      <y>0.78833336</y>
      <w>0.6050831</w>
      <t>7633</t>
    </point>
    <point>
      <x>0.535</x>
      <y>0.785</y>
      <w>0.6050831</w>
      <t>7633</t>
    </point>
    <point>
      <x>0.5366667</x>
      <y>0.78333336</y>
      <w>0.54447705</w>
      <t>7667</t>
    </point>
    <point>
      <x>0.53833336</x>
      <y>0.7816667</y>
      <w>0.54447705</w>
      <t>7667</t>
    </point>
    <point>
      <x>0.54</x>
      <y>0.78</y>
      <w>0.54447705</w>
      <t>7667</t>
    </point>
    <point>
      <x>0.5416667</x>
      <y>0.77666664</y>
      <w>0.54447705</w>
      <t>7667</t>
    </point>
    <point>
      <x>0.54333335</x>
      <y>0.775</y>
      <w>0.54447705</w>
      <t>7667</t>
    </point>
    <point>
      <x>0.545</x>
      <y>0.7733333</y>
      <w>0.5014663</w>
      <t>7700</t>
    </point>
    <point>
      <x>0.5466667</x>
      <y>0.77</y>
      <w>0.5014663</w>
      <t>7700</t>
    </point>
    <point>
      <x>0.54833335</x>
      <y>0.7683333</y>
      <w>0.5014663</w>
      <t>7700</t>
    </point>
    <point>
      <x>0.55</x>
      <y>0.765</y>
      <w>0.5014663</w>
      <t>7700</t>
    </point>
    <point>
      <x>0.55333334</x>
      <y>0.7633333</y>
      <w>0.44379276</w>
      <t>7733</t>
    </point>
    <point>
      <x>0.555</x>
      <y>0.76</y>
      <w>0.44379276</w>
      <t>7733</t>
    </point>
    <point>
      <x>0.5566667</x>
      <y>0.75666666</y>
      <w>0.44379276</w>
      <t>7733</t>
    </point>
    <point>
      <x>0.55833334</x>
      <y>0.75333333</y>
      <w>0.44379276</w>
      <t>7733</t>
    </point>
    <point>
      <x>0.56166667</x>
      <y>0.75</y>
      <w>0.44379276</w>
      <t>7733</t>
    </point>
    <point>
      <x>0.56333333</x>
      <y>0.74666667</y>
      <w>0.35581622</w>
      <t>7767</t>
    </point>
    <point>
      <x>0.56666666</x>
      <y>0.74333334</y>
      <w>0.35581622</w>
      <t>7767</t>
    </point>
    <point>
      <x>0.5683333</x>
      <y>0.74</y>
      <w>0.35581622</w>
      <t>7767</t>
    </point>
    <point>
      <x>0.57166666</x>
      <y>0.7366667</y>
      <w>0.35581622</w>
      <t>7767</t>
    </point>
    <point>
      <x>0.575</x>
      <y>0.73333335</y>
      <w>0.26979473</w>
      <t>7799</t>
    </point>
    <point>
      <x>0.5783333</x>
      <y>0.73</y>
      <w>0.26979473</w>
      <t>7799</t>
    </point>
    <point>
      <x>0.58</x>
      <y>0.7266667</y>
      <w>0.26979473</w>
      <t>7799</t>
    </point>
    <point>
      <x>0.5833333</x>
      <y>0.72333336</y>
      <w>0.26979473</w>
      <t>7799</t>
    </point>
    <point>
      <x>0.58666664</x>
      <y>0.72</y>
      <w>0.14760508</w>
      <t>7833</t>
    </point>
    <point>
      <x>0.5883333</x>
      <y>0.71666664</y>
      <w>0.14760508</w>
      <t>7833</t>
    </point>
    <point>
      <x>0.59166664</x>
      <y>0.7133333</y>
      <w>0.14760508</w>
      <t>7833</t>
    </point>
    <point>
      <x>0.595</x>
      <y>0.7083333</y>
      <w>0.14760508</w>
      <t>7833</t>
    </point>
    <point>
      <x>0.59833336</x>
      <y>0.705</y>
      <w>0.14760508</w>
      <t>7833</t>
    </point>
    <point>
      <x>0.6016667</x>
      <y>0.7</y>
      <w>0.15249267</w>
      <t>7867</t>
    </point>
    <point>
      <x>0.60333335</x>
      <y>0.695</y>
      <w>0.15249267</w>
      <t>7867</t>
    </point>
    <point>
      <x>0.6066667</x>
      <y>0.69</y>
      <w>0.15249267</w>
      <t>7867</t>
    </point>
    <point>
      <x>0.61</x>
      <y>0.68666667</y>
      <w>0.15249267</w>
      <t>7867</t>
    </point>
  </stroke>
  <stroke time="8067">
    <point>
      <x>0.6816667</x>
      <y>0.62333333</y>
      <w>0.14760508</w>
      <t>8100</t>
    </point>
    <point>
      <x>0.685</x>
      <y>0.62333333</y>
      <w>0.14760508</w>
      <t>8100</t>
    </point>
    <point>
      <x>0.68666667</x>
      <y>0.62166667</y>
      <w>0.14760508</w>
      <t>8100</t>
    </point>
    <point>
      <x>0.68833333</x>
      <y>0.62166667</y>
      <w>0.14760508</w>
      <t>8100</t>
    </point>
    <point>
      <x>0.69166666</x>
      <y>0.62</y>
      <w>0.2629521</w>
      <t>8133</t>
    </point>
    <point>
      <x>0.6933333</x>
      <y>0.62</y>
      <w>0.2629521</w>
      <t>8133</t>
    </point>
    <point>
      <x>0.69666666</x>
      <y>0.62</y>
      <w>0.2629521</w>
      <t>8133</t>
    </point>
    <point>
      <x>0.6983333</x>
      <y>0.62</y>
      <w>0.2629521</w>
      <t>8133</t>
    </point>
    <point>
      <x>0.7</x>
      <y>0.62</y>
      <w>0.2629521</w>
      <t>8133</t>
    </point>
    <point>
      <x>0.70166665</x>
      <y>0.62</y>
      <w>0.35581622</w>
      <t>8166</t>
    </point>
    <point>
      <x>0.7033333</x>
      <y>0.62</y>
      <w>0.35581622</w>
      <t>8166</t>
    </point>
    <point>
      <x>0.70666665</x>
      <y>0.62</y>
      <w>0.35581622</w>
      <t>8166</t>
    </point>
    <point>
      <x>0.7083333</x>
      <y>0.62</y>
      <w>0.35581622</w>
      <t>8166</t>
    </point>
    <point>
      <x>0.71</x>
      <y>0.62</y>
      <w>0.38220918</w>
      <t>8199</t>
    </point>
    <point>
      <x>0.71166664</x>
      <y>0.62</y>
      <w>0.38220918</w>
      <t>8199</t>
    </point>
    <point>
      <x>0.7133333</x>
      <y>0.62166667</y>
      <w>0.38220918</w>
      <t>8199</t>
    </point>
    <point>
      <x>0.715</x>
      <y>0.62166667</y>
      <w>0.38220918</w>
      <t>8199</t>
    </point>
    <point>
      <x>0.71666664</x>
      <y>0.62333333</y>
      <w>0.38220918</w>
      <t>8199</t>
    </point>
    <point>
      <x>0.7183333</x>
      <y>0.62333333</y>
      <w>0.48582602</w>
      <t>8234</t>
    </point>
    <point>
      <x>0.72</x>
      <y>0.625</y>
      <w>0.48582602</w>
      <t>8234</t>
    </point>
    <point>
      <x>0.7216667</x>
      <y>0.62666667</y>
      <w>0.48582602</w>
      <t>8234</t>
    </point>
    <point>
      <x>0.72333336</x>
      <y>0.62666667</y>
      <w>0.52394915</w>
      <t>8266</t>
    </point>
    <point>
      <x>0.725</x>
      <y>0.62833333</y>
      <w>0.52394915</w>
      <t>8266</t>
    </point>
    <point>
      <x>0.7266667</x>
      <y>0.63</y>
      <w>0.52394915</w>
      <t>8266</t>
    </point>
    <point>
      <x>0.72833335</x>
      <y>0.63</y>
      <w>0.52394915</w>
      <t>8266</t>
    </point>
    <point>
      <x>0.73</x>
      <y>0.63166666</y>
      <w>0.5483871</w>
      <t>8300</t>
    </point>
    <point>
      <x>0.7316667</x>
      <y>0.6333333</y>
      <w>0.5483871</w>
      <t>8300</t>
    </point>
    <point>
      <x>0.73333335</x>
      <y>0.635</y>
      <w>0.5483871</w>
      <t>8300</t>
    </point>
    <point>
      <x>0.735</x>
      <y>0.635</y>
      <w>0.5483871</w>
      <t>8300</t>
    </point>
    <point>
      <x>0.7366667</x>
      <y>0.63666666</y>
      <w>0.5483871</w>
      <t>8300</t>
    </point>
    <point>
      <x>0.73833334</x>
      <y>0.6383333</y>
      <w>0.57478005</w>
      <t>8334</t>
    </point>
    <point>
      <x>0.74</x>
      <y>0.64</y>
      <w>0.57478005</w>
      <t>8334</t>
    </point>
    <point>
      <x>0.74333334</x>
      <y>0.64166665</y>
      <w>0.57478005</w>
      <t>8334</t>
    </point>
    <point>
      <x>0.745</x>
      <y>0.6433333</y>
      <w>0.57478005</w>
      <t>8334</t>
    </point>
    <point>
      <x>0.74666667</x>
      <y>0.6433333</y>
      <w>0.57478005</w>
      <t>8334</t>
    </point>
    <point>
      <x>0.74833333</x>
      <y>0.645</y>
      <w>0.5845552</w>
      <t>8367</t>
    </point>
    <point>
      <x>0.75</x>
      <y>0.64666665</y>
      <w>0.5845552</w>
      <t>8367</t>
    </point>
    <point>
      <x>0.75</x>
      <y>0.6483333</y>
      <w>0.5845552</w>
      <t>8367</t>
    </point>
    <point>
      <x>0.75166667</x>
      <y>0.65</y>
      <w>0.5845552</w>
      <t>8367</t>
    </point>
    <point>
      <x>0.75333333</x>
      <y>0.65</y>
      <w>0.6001955</w>
      <t>8399</t>
    </point>
    <point>
      <x>0.75333333</x>
      <y>0.65166664</y>
      <w>0.6001955</w>
      <t>8399</t>
    </point>
    <point>
      <x>0.75333333</x>
      <y>0.6533333</y>
      <w>0.6001955</w>
      <t>8399</t>
    </point>
    <point>
      <x>0.755</x>
      <y>0.6533333</y>
      <w>0.6001955</w>
      <t>8399</t>
    </point>
    <point>
      <x>0.755</x>
      <y>0.655</y>
      <w>0.6089932</w>
      <t>8433</t>
    </point>
    <point>
      <x>0.75666666</x>
      <y>0.6566667</y>
      <w>0.6089932</w>
      <t>8433</t>
    </point>
    <point>
      <x>0.7583333</x>
      <y>0.65833336</y>
      <w>0.6089932</w>
      <t>8433</t>
    </point>
    <point>
      <x>0.7583333</x>
      <y>0.66</y>
      <w>0.6089932</w>
      <t>8433</t>
    </point>
    <point>
      <x>0.7583333</x>
      <y>0.6616667</y>
      <w>0.6109482</w>
      <t>8466</t>
    </point>
    <point>
      <x>0.76</x>
      <y>0.66333336</y>
      <w>0.6109482</w>
      <t>8466</t>
    </point>
    <point>
      <x>0.76</x>
      <y>0.665</y>
      <w>0.6109482</w>
      <t>8466</t>
    </point>
    <point>
      <x>0.76</x>
      <y>0.6666667</y>
      <w>0.6109482</w>
      <t>8466</t>
    </point>
    <point>
      <x>0.76166666</x>
      <y>0.66833335</y>
      <w>0.61290324</w>
      <t>8499</t>
    </point>
    <point>
      <x>0.76166666</x>
      <y>0.67</y>
      <w>0.61290324</w>
      <t>8499</t>
    </point>
    <point>
      <x>0.76166666</x>
      <y>0.6716667</y>
      <w>0.61290324</w>
      <t>8499</t>
    </point>
    <point>
      <x>0.76166666</x>
      <y>0.67333335</y>
      <w>0.61290324</w>
      <t>8499</t>
    </point>
    <point>
      <x>0.7633333</x>
      <y>0.675</y>
      <w>0.6109482</w>
      <t>8533</t>
    </point>
    <point>
      <x>0.7633333</x>
      <y>0.6766667</y>
      <w>0.6109482</w>
      <t>8533</t>
    </point>
    <point>
      <x>0.7633333</x>
      <y>0.67833334</y>
      <w>0.6089932</w>
      <t>8566</t>
    </point>
    <point>
      <x>0.7633333</x>
      <y>0.68</y>
      <w>0.6089932</w>
      <t>8566</t>
    </point>
    <point>
      <x>0.76166666</x>
      <y>0.68</y>
      <w>0.42521995</w>
      <t>8800</t>
    </point>
    <point>
      <x>0.76</x>
      <y>0.68</y>
      <w>0.42521995</w>
      <t>8800</t>
    </point>
    <point>
      <x>0.7583333</x>
      <y>0.67833334</y>
      <w>0.42521995</w>
      <t>8800</t>
    </point>
    <point>
      <x>0.75666666</x>
      <y>0.67833334</y>
      <w>0.42521995</w>
      <t>8800</t>
    </point>
    <point>
      <x>0.755</x>
      <y>0.6766667</y>
      <w>0.34115347</w>
      <t>8833</t>
    </point>
    <point>
      <x>0.75333333</x>
      <y>0.6766667</y>
      <w>0.34115347</w>
      <t>8833</t>
    </point>
    <point>
      <x>0.75333333</x>
      <y>0.675</y>
      <w>0.34115347</w>
      <t>8833</t>
    </point>
    <point>
      <x>0.75166667</x>
      <y>0.675</y>
      <w>0.34115347</w>
      <t>8833</t>
    </point>
    <point>
      <x>0.75</x>
      <y>0.67333335</y>
      <w>0.2111437</w>
      <t>8866</t>
    </point>
    <point>
      <x>0.74833333</x>
      <y>0.67333335</y>
      <w>0.2111437</w>
      <t>8866</t>
    </point>
    <point>
      <x>0.74666667</x>
      <y>0.67333335</y>
      <w>0.2111437</w>
      <t>8866</t>
    </point>
    <point>
      <x>0.745</x>
      <y>0.6716667</y>
      <w>0.2111437</w>
      <t>8866</t>
    </point>
    <point>
      <x>0.7416667</x>
      <y>0.6716667</y>
      <w>0.060606062</w>
      <t>8899</t>
    </point>
    <point>
      <x>0.74</x>
      <y>0.6716667</y>
      <w>0.060606062</w>
      <t>8899</t>
    </point>
    <point>
      <x>0.7366667</x>
      <y>0.6716667</y>
      <w>0.060606062</w>
      <t>8899</t>
    </point>
    <point>
      <x>0.735</x>
      <y>0.6716667</y>
      <w>0.060606062</w>
      <t>8899</t>
    </point>
    <point>
      <x>0.7316667</x>
      <y>0.6716667</y>
      <w>0.060606062</w>
      <t>8899</t>
    </point>
  </stroke>
</character>
