<?xml version="1.0" encoding="UTF-8"?>
<character>
  <stroke time="0">
    <point>
      <x>0.35333332</x>
      <y>0.1</y>
      <w>0.10166178</w>
      <t>37</t>
    </point>
    <point>
      <x>0.355</x>
      <y>0.1</y>
      <w>0.3548387</w>
      <t>167</t>
    </point>
    <point>
      <x>0.35666665</x>
      <y>0.1</y>
      <w>0.3548387</w>
      <t>167</t>
    </point>
    <point>
      <x>0.36</x>
      <y>0.1</y>
      <w>0.3548387</w>
      <t>167</t>
    </point>
    <point>
      <x>0.36333334</x>
      <y>0.1</y>
      <w>0.41935483</w>
      <t>201</t>
    </point>
    <point>
      <x>0.36666667</x>
      <y>0.1</y>
      <w>0.41935483</w>
      <t>201</t>
    </point>
    <point>
      <x>0.37</x>
      <y>0.10166667</y>
      <w>0.41935483</w>
      <t>201</t>
    </point>
    <point>
      <x>0.37166667</x>
      <y>0.10166667</y>
      <w>0.41935483</w>
      <t>201</t>
    </point>
    <point>
      <x>0.37333333</x>
      <y>0.10333333</y>
      <w>0.49560118</w>
      <t>233</t>
    </point>
    <point>
      <x>0.37666667</x>
      <y>0.10333333</y>
      <w>0.49560118</w>
      <t>233</t>
    </point>
    <point>
      <x>0.37666667</x>
      <y>0.105</y>
      <w>0.49560118</w>
      <t>233</t>
    </point>
    <point>
      <x>0.38</x>
      <y>0.105</y>
      <w>0.49560118</w>
      <t>234</t>
    </point>
    <point>
      <x>0.38</x>
      <y>0.10666667</y>
      <w>0.5669599</w>
      <t>267</t>
    </point>
    <point>
      <x>0.38166666</x>
      <y>0.10666667</y>
      <w>0.5669599</w>
      <t>267</t>
    </point>
    <point>
      <x>0.38333333</x>
      <y>0.108333334</y>
      <w>0.5669599</w>
      <t>267</t>
    </point>
    <point>
      <x>0.385</x>
      <y>0.108333334</y>
      <w>0.5669599</w>
      <t>268</t>
    </point>
    <point>
      <x>0.38666666</x>
      <y>0.11</y>
      <w>0.59433043</w>
      <t>300</t>
    </point>
    <point>
      <x>0.38833332</x>
      <y>0.111666664</y>
      <w>0.59433043</w>
      <t>300</t>
    </point>
    <point>
      <x>0.39</x>
      <y>0.111666664</y>
      <w>0.59433043</w>
      <t>300</t>
    </point>
    <point>
      <x>0.39166668</x>
      <y>0.11333334</y>
      <w>0.6109482</w>
      <t>333</t>
    </point>
    <point>
      <x>0.39333335</x>
      <y>0.11333334</y>
      <w>0.6109482</w>
      <t>335</t>
    </point>
    <point>
      <x>0.39333335</x>
      <y>0.115</y>
      <w>0.6109482</w>
      <t>335</t>
    </point>
    <point>
      <x>0.395</x>
      <y>0.115</y>
      <w>0.6109482</w>
      <t>335</t>
    </point>
    <point>
      <x>0.395</x>
      <y>0.11666667</y>
      <w>0.61876833</w>
      <t>367</t>
    </point>
    <point>
      <x>0.39666668</x>
      <y>0.11666667</y>
      <w>0.61876833</w>
      <t>367</t>
    </point>
    <point>
      <x>0.39666668</x>
      <y>0.11833333</y>
      <w>0.61876833</w>
      <t>367</t>
    </point>
    <point>
      <x>0.39833334</x>
      <y>0.11833333</y>
      <w>0.61876833</w>
      <t>367</t>
    </point>
    <point>
      <x>0.39833334</x>
      <y>0.12</y>
      <w>0.6334311</w>
      <t>400</t>
    </point>
    <point>
      <x>0.4</x>
      <y>0.12166667</y>
      <w>0.6334311</w>
      <t>400</t>
    </point>
    <point>
      <x>0.4</x>
      <y>0.123333335</y>
      <w>0.6529814</w>
      <t>467</t>
    </point>
    <point>
      <x>0.39833334</x>
      <y>0.123333335</y>
      <w>0.6529814</w>
      <t>467</t>
    </point>
    <point>
      <x>0.39666668</x>
      <y>0.12666667</y>
      <w>0.6529814</w>
      <t>467</t>
    </point>
    <point>
      <x>0.39333335</x>
      <y>0.12833333</y>
      <w>0.64320624</w>
      <t>500</t>
    </point>
    <point>
      <x>0.39</x>
      <y>0.13166666</y>
      <w>0.64320624</w>
      <t>500</t>
    </point>
    <point>
      <x>0.38833332</x>
      <y>0.13333334</y>
      <w>0.64320624</w>
      <t>500</t>
    </point>
    <point>
      <x>0.385</x>
      <y>0.135</y>
      <w>0.64320624</w>
      <t>500</t>
    </point>
    <point>
      <x>0.38333333</x>
      <y>0.13666667</y>
      <w>0.42619747</w>
      <t>534</t>
    </point>
    <point>
      <x>0.38</x>
      <y>0.14</y>
      <w>0.42619747</w>
      <t>534</t>
    </point>
    <point>
      <x>0.37833333</x>
      <y>0.14166667</y>
      <w>0.42619747</w>
      <t>534</t>
    </point>
    <point>
      <x>0.37666667</x>
      <y>0.145</y>
      <w>0.42619747</w>
      <t>535</t>
    </point>
  </stroke>
  <stroke time="1000">
    <point>
      <x>0.20833333</x>
      <y>0.30166668</y>
      <w>0.15933529</w>
      <t>1100</t>
    </point>
    <point>
      <x>0.21</x>
      <y>0.30333334</y>
      <w>0.15933529</w>
      <t>1100</t>
    </point>
    <point>
      <x>0.21333334</x>
      <y>0.305</y>
      <w>0.15933529</w>
      <t>1100</t>
    </point>
    <point>
      <x>0.21666667</x>
      <y>0.30833334</y>
      <w>0.2228739</w>
      <t>1134</t>
    </point>
    <point>
      <x>0.22</x>
      <y>0.31</y>
      <w>0.2228739</w>
      <t>1134</t>
    </point>
    <point>
      <x>0.22333333</x>
      <y>0.31333333</y>
      <w>0.2228739</w>
      <t>1134</t>
    </point>
    <point>
      <x>0.22666667</x>
      <y>0.315</y>
      <w>0.2228739</w>
      <t>1135</t>
    </point>
    <point>
      <x>0.23</x>
      <y>0.31666666</y>
      <w>0.23753665</w>
      <t>1167</t>
    </point>
    <point>
      <x>0.23166667</x>
      <y>0.31666666</y>
      <w>0.23753665</w>
      <t>1167</t>
    </point>
    <point>
      <x>0.23333333</x>
      <y>0.31833333</y>
      <w>0.23753665</w>
      <t>1167</t>
    </point>
    <point>
      <x>0.23666666</x>
      <y>0.31833333</y>
      <w>0.23753665</w>
      <t>1167</t>
    </point>
    <point>
      <x>0.23833333</x>
      <y>0.32</y>
      <w>0.23753665</w>
      <t>1167</t>
    </point>
    <point>
      <x>0.24</x>
      <y>0.32</y>
      <w>0.24340177</w>
      <t>1200</t>
    </point>
    <point>
      <x>0.24166666</x>
      <y>0.32166666</y>
      <w>0.24340177</w>
      <t>1200</t>
    </point>
    <point>
      <x>0.24333334</x>
      <y>0.32166666</y>
      <w>0.24340177</w>
      <t>1200</t>
    </point>
    <point>
      <x>0.245</x>
      <y>0.32166666</y>
      <w>0.2521994</w>
      <t>1234</t>
    </point>
    <point>
      <x>0.24666667</x>
      <y>0.32333332</y>
      <w>0.2521994</w>
      <t>1234</t>
    </point>
    <point>
      <x>0.24833333</x>
      <y>0.32333332</y>
      <w>0.2521994</w>
      <t>1234</t>
    </point>
    <point>
      <x>0.25166667</x>
      <y>0.32333332</y>
      <w>0.2521994</w>
      <t>1234</t>
    </point>
    <point>
      <x>0.25333333</x>
      <y>0.32333332</y>
      <w>0.2521994</w>
      <t>1235</t>
    </point>
    <point>
      <x>0.25666666</x>
      <y>0.32333332</y>
      <w>0.2639296</w>
      <t>1267</t>
    </point>
    <point>
      <x>0.26</x>
      <y>0.32333332</y>
      <w>0.2639296</w>
      <t>1267</t>
    </point>
    <point>
      <x>0.26333332</x>
      <y>0.32333332</y>
      <w>0.2639296</w>
      <t>1267</t>
    </point>
    <point>
      <x>0.26666668</x>
      <y>0.32333332</y>
      <w>0.2639296</w>
      <t>1267</t>
    </point>
    <point>
      <x>0.26833335</x>
      <y>0.32333332</y>
      <w>0.2737048</w>
      <t>1302</t>
    </point>
    <point>
      <x>0.27166668</x>
      <y>0.32333332</y>
      <w>0.2737048</w>
      <t>1302</t>
    </point>
    <point>
      <x>0.275</x>
      <y>0.32166666</y>
      <w>0.2737048</w>
      <t>1302</t>
    </point>
    <point>
      <x>0.27833334</x>
      <y>0.32</y>
      <w>0.2737048</w>
      <t>1302</t>
    </point>
    <point>
      <x>0.28333333</x>
      <y>0.31833333</y>
      <w>0.2737048</w>
      <t>1303</t>
    </point>
    <point>
      <x>0.28833333</x>
      <y>0.31666666</y>
      <w>0.2805474</w>
      <t>1333</t>
    </point>
    <point>
      <x>0.29333332</x>
      <y>0.31333333</y>
      <w>0.2805474</w>
      <t>1333</t>
    </point>
    <point>
      <x>0.29833335</x>
      <y>0.31166667</y>
      <w>0.2805474</w>
      <t>1333</t>
    </point>
    <point>
      <x>0.30333334</x>
      <y>0.30833334</y>
      <w>0.2805474</w>
      <t>1333</t>
    </point>
    <point>
      <x>0.30833334</x>
      <y>0.305</y>
      <w>0.28152493</w>
      <t>1367</t>
    </point>
    <point>
      <x>0.315</x>
      <y>0.30166668</y>
      <w>0.28152493</w>
      <t>1367</t>
    </point>
    <point>
      <x>0.32</x>
      <y>0.29833335</y>
      <w>0.28152493</w>
      <t>1367</t>
    </point>
    <point>
      <x>0.32666665</x>
      <y>0.295</y>
      <w>0.28152493</w>
      <t>1367</t>
    </point>
    <point>
      <x>0.335</x>
      <y>0.29166666</y>
      <w>0.28152493</w>
      <t>1367</t>
    </point>
    <point>
      <x>0.34166667</x>
      <y>0.28666666</y>
      <w>0.28152493</w>
      <t>1400</t>
    </point>
    <point>
      <x>0.35</x>
      <y>0.28333333</y>
      <w>0.28152493</w>
      <t>1402</t>
    </point>
    <point>
      <x>0.35666665</x>
      <y>0.28</y>
      <w>0.27174976</w>
      <t>1402</t>
    </point>
    <point>
      <x>0.365</x>
      <y>0.275</y>
      <w>0.27174976</w>
      <t>1402</t>
    </point>
    <point>
      <x>0.37166667</x>
      <y>0.27166668</y>
      <w>0.25513196</w>
      <t>1434</t>
    </point>
    <point>
      <x>0.38</x>
      <y>0.26833335</y>
      <w>0.25513196</w>
      <t>1434</t>
    </point>
    <point>
      <x>0.38666666</x>
      <y>0.265</y>
      <w>0.25513196</w>
      <t>1436</t>
    </point>
    <point>
      <x>0.395</x>
      <y>0.26</y>
      <w>0.25513196</w>
      <t>1436</t>
    </point>
    <point>
      <x>0.40166667</x>
      <y>0.255</y>
      <w>0.25513196</w>
      <t>1436</t>
    </point>
    <point>
      <x>0.41166666</x>
      <y>0.25</y>
      <w>0.25024438</w>
      <t>1467</t>
    </point>
    <point>
      <x>0.42</x>
      <y>0.245</y>
      <w>0.25024438</w>
      <t>1467</t>
    </point>
    <point>
      <x>0.42833334</x>
      <y>0.24</y>
      <w>0.25024438</w>
      <t>1467</t>
    </point>
    <point>
      <x>0.43666667</x>
      <y>0.235</y>
      <w>0.25024438</w>
      <t>1467</t>
    </point>
    <point>
      <x>0.44333333</x>
      <y>0.23166667</y>
      <w>0.25024438</w>
      <t>1500</t>
    </point>
    <point>
      <x>0.45166665</x>
      <y>0.22666667</y>
      <w>0.25024438</w>
      <t>1500</t>
    </point>
    <point>
      <x>0.45833334</x>
      <y>0.22333333</y>
      <w>0.25024438</w>
      <t>1500</t>
    </point>
    <point>
      <x>0.46666667</x>
      <y>0.22</y>
      <w>0.25024438</w>
      <t>1500</t>
    </point>
    <point>
      <x>0.47166666</x>
      <y>0.21666667</y>
      <w>0.25024438</w>
      <t>1534</t>
    </point>
    <point>
      <x>0.47833332</x>
      <y>0.21333334</y>
      <w>0.25024438</w>
      <t>1534</t>
    </point>
    <point>
      <x>0.48666668</x>
      <y>0.20833333</y>
      <w>0.25024438</w>
      <t>1534</t>
    </point>
    <point>
      <x>0.49333334</x>
      <y>0.205</y>
      <w>0.25024438</w>
      <t>1534</t>
    </point>
    <point>
      <x>0.50333333</x>
      <y>0.2</y>
      <w>0.25024438</w>
      <t>1534</t>
    </point>
    <point>
      <x>0.51166666</x>
      <y>0.19666667</y>
      <w>0.25024438</w>
      <t>1567</t>
    </point>
    <point>
      <x>0.52</x>
      <y>0.19166666</y>
      <w>0.25024438</w>
      <t>1567</t>
    </point>
    <point>
      <x>0.5283333</x>
      <y>0.18833333</y>
      <w>0.25024438</w>
      <t>1567</t>
    </point>
    <point>
      <x>0.535</x>
      <y>0.185</y>
      <w>0.25024438</w>
      <t>1567</t>
    </point>
    <point>
      <x>0.5416667</x>
      <y>0.18166667</y>
      <w>0.2580645</w>
      <t>1600</t>
    </point>
    <point>
      <x>0.54833335</x>
      <y>0.18</y>
      <w>0.2580645</w>
      <t>1600</t>
    </point>
    <point>
      <x>0.555</x>
      <y>0.17833333</y>
      <w>0.2580645</w>
      <t>1600</t>
    </point>
    <point>
      <x>0.56</x>
      <y>0.17666666</y>
      <w>0.2580645</w>
      <t>1600</t>
    </point>
    <point>
      <x>0.565</x>
      <y>0.17666666</y>
      <w>0.28836754</w>
      <t>1634</t>
    </point>
    <point>
      <x>0.57</x>
      <y>0.175</y>
      <w>0.28836754</w>
      <t>1634</t>
    </point>
    <point>
      <x>0.575</x>
      <y>0.175</y>
      <w>0.28836754</w>
      <t>1634</t>
    </point>
    <point>
      <x>0.58166665</x>
      <y>0.17333333</y>
      <w>0.28836754</w>
      <t>1634</t>
    </point>
    <point>
      <x>0.58666664</x>
      <y>0.17333333</y>
      <w>0.28836754</w>
      <t>1634</t>
    </point>
    <point>
      <x>0.59166664</x>
      <y>0.17166667</y>
      <w>0.32551318</w>
      <t>1667</t>
    </point>
    <point>
      <x>0.59833336</x>
      <y>0.17</y>
      <w>0.32551318</w>
      <t>1667</t>
    </point>
    <point>
      <x>0.60333335</x>
      <y>0.17</y>
      <w>0.32551318</w>
      <t>1667</t>
    </point>
    <point>
      <x>0.60833335</x>
      <y>0.17</y>
      <w>0.32551318</w>
      <t>1667</t>
    </point>
    <point>
      <x>0.61333334</x>
      <y>0.16833334</y>
      <w>0.32551318</w>
      <t>1667</t>
    </point>
    <point>
      <x>0.6166667</x>
      <y>0.16833334</y>
      <w>0.37927663</w>
      <t>1700</t>
    </point>
    <point>
      <x>0.62</x>
      <y>0.16833334</y>
      <w>0.37927663</w>
      <t>1700</t>
    </point>
    <point>
      <x>0.62333333</x>
      <y>0.16833334</y>
      <w>0.37927663</w>
      <t>1700</t>
    </point>
    <point>
      <x>0.62666667</x>
      <y>0.16833334</y>
      <w>0.37927663</w>
      <t>1700</t>
    </point>
    <point>
      <x>0.63</x>
      <y>0.16833334</y>
      <w>0.4173998</w>
      <t>1734</t>
    </point>
    <point>
      <x>0.6333333</x>
      <y>0.16833334</y>
      <w>0.4173998</w>
      <t>1734</t>
    </point>
    <point>
      <x>0.635</x>
      <y>0.16833334</y>
      <w>0.4173998</w>
      <t>1734</t>
    </point>
    <point>
      <x>0.6383333</x>
      <y>0.17</y>
      <w>0.4173998</w>
      <t>1735</t>
    </point>
    <point>
      <x>0.64166665</x>
      <y>0.17166667</y>
      <w>0.4173998</w>
      <t>1735</t>
    </point>
    <point>
      <x>0.64666665</x>
      <y>0.17166667</y>
      <w>0.45845553</w>
      <t>1767</t>
    </point>
    <point>
      <x>0.65</x>
      <y>0.17333333</y>
      <w>0.45845553</w>
      <t>1767</t>
    </point>
    <point>
      <x>0.6533333</x>
      <y>0.175</y>
      <w>0.45845553</w>
      <t>1767</t>
    </point>
    <point>
      <x>0.655</x>
      <y>0.175</y>
      <w>0.45845553</w>
      <t>1767</t>
    </point>
    <point>
      <x>0.6566667</x>
      <y>0.17666666</y>
      <w>0.48973608</w>
      <t>1800</t>
    </point>
    <point>
      <x>0.66</x>
      <y>0.17833333</y>
      <w>0.48973608</w>
      <t>1800</t>
    </point>
    <point>
      <x>0.6616667</x>
      <y>0.17833333</y>
      <w>0.48973608</w>
      <t>1800</t>
    </point>
    <point>
      <x>0.66333336</x>
      <y>0.18</y>
      <w>0.48973608</w>
      <t>1800</t>
    </point>
    <point>
      <x>0.665</x>
      <y>0.18166667</y>
      <w>0.5366569</w>
      <t>1834</t>
    </point>
    <point>
      <x>0.6666667</x>
      <y>0.18333334</y>
      <w>0.5366569</w>
      <t>1834</t>
    </point>
    <point>
      <x>0.66833335</x>
      <y>0.185</y>
      <w>0.5366569</w>
      <t>1834</t>
    </point>
    <point>
      <x>0.66833335</x>
      <y>0.18666667</y>
      <w>0.5366569</w>
      <t>1834</t>
    </point>
    <point>
      <x>0.67</x>
      <y>0.18833333</y>
      <w>0.5366569</w>
      <t>1834</t>
    </point>
    <point>
      <x>0.6716667</x>
      <y>0.19</y>
      <w>0.5610948</w>
      <t>1867</t>
    </point>
    <point>
      <x>0.67333335</x>
      <y>0.19333333</y>
      <w>0.5610948</w>
      <t>1867</t>
    </point>
    <point>
      <x>0.675</x>
      <y>0.195</y>
      <w>0.5610948</w>
      <t>1867</t>
    </point>
    <point>
      <x>0.675</x>
      <y>0.19833334</y>
      <w>0.5610948</w>
      <t>1867</t>
    </point>
    <point>
      <x>0.6766667</x>
      <y>0.2</y>
      <w>0.58651024</w>
      <t>1900</t>
    </point>
    <point>
      <x>0.67833334</x>
      <y>0.20333333</y>
      <w>0.58651024</w>
      <t>1900</t>
    </point>
    <point>
      <x>0.67833334</x>
      <y>0.20833333</y>
      <w>0.58651024</w>
      <t>1900</t>
    </point>
    <point>
      <x>0.68</x>
      <y>0.21166667</y>
      <w>0.58651024</w>
      <t>1900</t>
    </point>
    <point>
      <x>0.68</x>
      <y>0.215</y>
      <w>0.61290324</w>
      <t>1934</t>
    </point>
    <point>
      <x>0.68</x>
      <y>0.21833333</y>
      <w>0.61290324</w>
      <t>1934</t>
    </point>
    <point>
      <x>0.68</x>
      <y>0.22</y>
      <w>0.61290324</w>
      <t>1934</t>
    </point>
    <point>
      <x>0.6816667</x>
      <y>0.22333333</y>
      <w>0.61290324</w>
      <t>1934</t>
    </point>
    <point>
      <x>0.6816667</x>
      <y>0.22666667</y>
      <w>0.61290324</w>
      <t>1934</t>
    </point>
    <point>
      <x>0.6816667</x>
      <y>0.23</y>
      <w>0.6285435</w>
      <t>1967</t>
    </point>
    <point>
      <x>0.6816667</x>
      <y>0.23333333</y>
      <w>0.6285435</w>
      <t>1967</t>
    </point>
    <point>
      <x>0.6816667</x>
      <y>0.23666666</y>
      <w>0.6285435</w>
      <t>1967</t>
    </point>
    <point>
      <x>0.6816667</x>
      <y>0.24</y>
      <w>0.6285435</w>
      <t>1967</t>
    </point>
    <point>
      <x>0.6816667</x>
      <y>0.24333334</y>
      <w>0.6285435</w>
      <t>1967</t>
    </point>
    <point>
      <x>0.6816667</x>
      <y>0.24666667</y>
      <w>0.6451613</w>
      <t>2001</t>
    </point>
    <point>
      <x>0.68</x>
      <y>0.25</y>
      <w>0.6451613</w>
      <t>2001</t>
    </point>
    <point>
      <x>0.68</x>
      <y>0.25333333</y>
      <w>0.6451613</w>
      <t>2001</t>
    </point>
    <point>
      <x>0.67833334</x>
      <y>0.255</y>
      <w>0.6451613</w>
      <t>2001</t>
    </point>
    <point>
      <x>0.67833334</x>
      <y>0.25833333</y>
      <w>0.6539589</w>
      <t>2034</t>
    </point>
    <point>
      <x>0.6766667</x>
      <y>0.26</y>
      <w>0.6539589</w>
      <t>2034</t>
    </point>
    <point>
      <x>0.6766667</x>
      <y>0.26333332</y>
      <w>0.6539589</w>
      <t>2034</t>
    </point>
    <point>
      <x>0.675</x>
      <y>0.265</y>
      <w>0.6539589</w>
      <t>2034</t>
    </point>
    <point>
      <x>0.67333335</x>
      <y>0.26833335</y>
      <w>0.66373414</w>
      <t>2067</t>
    </point>
    <point>
      <x>0.67333335</x>
      <y>0.27</y>
      <w>0.66373414</w>
      <t>2067</t>
    </point>
    <point>
      <x>0.6716667</x>
      <y>0.27166668</y>
      <w>0.66373414</w>
      <t>2067</t>
    </point>
    <point>
      <x>0.67</x>
      <y>0.275</y>
      <w>0.66373414</w>
      <t>2067</t>
    </point>
    <point>
      <x>0.66833335</x>
      <y>0.27833334</y>
      <w>0.66373414</w>
      <t>2067</t>
    </point>
    <point>
      <x>0.6666667</x>
      <y>0.28166667</y>
      <w>0.66959924</w>
      <t>2100</t>
    </point>
    <point>
      <x>0.665</x>
      <y>0.285</y>
      <w>0.66959924</w>
      <t>2100</t>
    </point>
    <point>
      <x>0.6616667</x>
      <y>0.28833333</y>
      <w>0.66959924</w>
      <t>2100</t>
    </point>
    <point>
      <x>0.66</x>
      <y>0.29166666</y>
      <w>0.66959924</w>
      <t>2100</t>
    </point>
    <point>
      <x>0.6566667</x>
      <y>0.295</y>
      <w>0.6735093</w>
      <t>2134</t>
    </point>
    <point>
      <x>0.655</x>
      <y>0.29833335</y>
      <w>0.6735093</w>
      <t>2134</t>
    </point>
    <point>
      <x>0.65166664</x>
      <y>0.30166668</y>
      <w>0.6735093</w>
      <t>2134</t>
    </point>
    <point>
      <x>0.6483333</x>
      <y>0.305</y>
      <w>0.6735093</w>
      <t>2134</t>
    </point>
    <point>
      <x>0.64666665</x>
      <y>0.30666667</y>
      <w>0.6735093</w>
      <t>2134</t>
    </point>
    <point>
      <x>0.6433333</x>
      <y>0.30833334</y>
      <w>0.67546433</w>
      <t>2167</t>
    </point>
    <point>
      <x>0.64166665</x>
      <y>0.31166667</y>
      <w>0.67546433</w>
      <t>2167</t>
    </point>
    <point>
      <x>0.64</x>
      <y>0.31333333</y>
      <w>0.67546433</w>
      <t>2167</t>
    </point>
    <point>
      <x>0.63666666</x>
      <y>0.315</y>
      <w>0.67546433</w>
      <t>2167</t>
    </point>
    <point>
      <x>0.635</x>
      <y>0.31666666</y>
      <w>0.67546433</w>
      <t>2200</t>
    </point>
    <point>
      <x>0.6333333</x>
      <y>0.32</y>
      <w>0.67546433</w>
      <t>2200</t>
    </point>
    <point>
      <x>0.63</x>
      <y>0.32166666</y>
      <w>0.67546433</w>
      <t>2200</t>
    </point>
    <point>
      <x>0.62833333</x>
      <y>0.325</y>
      <w>0.67546433</w>
      <t>2200</t>
    </point>
    <point>
      <x>0.625</x>
      <y>0.32666665</y>
      <w>0.66959924</w>
      <t>2234</t>
    </point>
    <point>
      <x>0.62333333</x>
      <y>0.33</y>
      <w>0.66959924</w>
      <t>2234</t>
    </point>
    <point>
      <x>0.62</x>
      <y>0.33166668</y>
      <w>0.66959924</w>
      <t>2234</t>
    </point>
    <point>
      <x>0.6166667</x>
      <y>0.335</y>
      <w>0.66959924</w>
      <t>2234</t>
    </point>
    <point>
      <x>0.61333334</x>
      <y>0.33833334</y>
      <w>0.66959924</w>
      <t>2234</t>
    </point>
    <point>
      <x>0.61</x>
      <y>0.34166667</y>
      <w>0.627566</w>
      <t>2267</t>
    </point>
    <point>
      <x>0.6066667</x>
      <y>0.34333333</y>
      <w>0.627566</w>
      <t>2267</t>
    </point>
    <point>
      <x>0.6016667</x>
      <y>0.34666666</y>
      <w>0.627566</w>
      <t>2267</t>
    </point>
    <point>
      <x>0.59833336</x>
      <y>0.34833333</y>
      <w>0.627566</w>
      <t>2267</t>
    </point>
    <point>
      <x>0.5933333</x>
      <y>0.35166666</y>
      <w>0.627566</w>
      <t>2267</t>
    </point>
    <point>
      <x>0.5883333</x>
      <y>0.355</y>
      <w>0.5034213</w>
      <t>2301</t>
    </point>
    <point>
      <x>0.5833333</x>
      <y>0.35666665</y>
      <w>0.5034213</w>
      <t>2301</t>
    </point>
    <point>
      <x>0.57666665</x>
      <y>0.36</y>
      <w>0.5034213</w>
      <t>2301</t>
    </point>
    <point>
      <x>0.57</x>
      <y>0.36166668</y>
      <w>0.5034213</w>
      <t>2301</t>
    </point>
    <point>
      <x>0.56333333</x>
      <y>0.365</y>
      <w>0.0</w>
      <t>2334</t>
    </point>
    <point>
      <x>0.5566667</x>
      <y>0.36833334</y>
      <w>0.0</w>
      <t>2334</t>
    </point>
  </stroke>
  <stroke time="2967">
    <point>
      <x>0.43833333</x>
      <y>0.38</y>
      <w>0.4516129</w>
      <t>3100</t>
    </point>
    <point>
      <x>0.43833333</x>
      <y>0.38333333</y>
      <w>0.4516129</w>
      <t>3100</t>
    </point>
    <point>
      <x>0.43833333</x>
      <y>0.38833332</y>
      <w>0.4516129</w>
      <t>3100</t>
    </point>
    <point>
      <x>0.435</x>
      <y>0.39333335</y>
      <w>0.5043988</w>
      <t>3134</t>
    </point>
    <point>
      <x>0.43333334</x>
      <y>0.4</y>
      <w>0.5043988</w>
      <t>3134</t>
    </point>
    <point>
      <x>0.43166667</x>
      <y>0.405</y>
      <w>0.5043988</w>
      <t>3134</t>
    </point>
    <point>
      <x>0.42833334</x>
      <y>0.41</y>
      <w>0.5043988</w>
      <t>3134</t>
    </point>
    <point>
      <x>0.425</x>
      <y>0.41666666</y>
      <w>0.5043988</w>
      <t>3134</t>
    </point>
    <point>
      <x>0.42166665</x>
      <y>0.42166665</y>
      <w>0.52981424</w>
      <t>3167</t>
    </point>
    <point>
      <x>0.42</x>
      <y>0.42666668</y>
      <w>0.52981424</w>
      <t>3167</t>
    </point>
    <point>
      <x>0.41666666</x>
      <y>0.43166667</y>
      <w>0.52981424</w>
      <t>3167</t>
    </point>
    <point>
      <x>0.41166666</x>
      <y>0.435</y>
      <w>0.52981424</w>
      <t>3167</t>
    </point>
    <point>
      <x>0.40833333</x>
      <y>0.44</y>
      <w>0.52981424</w>
      <t>3167</t>
    </point>
    <point>
      <x>0.40333334</x>
      <y>0.445</y>
      <w>0.5493646</w>
      <t>3201</t>
    </point>
    <point>
      <x>0.39833334</x>
      <y>0.45</y>
      <w>0.5493646</w>
      <t>3201</t>
    </point>
    <point>
      <x>0.39333335</x>
      <y>0.45666668</y>
      <w>0.5493646</w>
      <t>3201</t>
    </point>
    <point>
      <x>0.38666666</x>
      <y>0.46166667</y>
      <w>0.5493646</w>
      <t>3201</t>
    </point>
    <point>
      <x>0.38166666</x>
      <y>0.46666667</y>
      <w>0.56207234</w>
      <t>3234</t>
    </point>
    <point>
      <x>0.37666667</x>
      <y>0.47</y>
      <w>0.56207234</w>
      <t>3234</t>
    </point>
    <point>
      <x>0.37333333</x>
      <y>0.475</y>
      <w>0.56207234</w>
      <t>3234</t>
    </point>
    <point>
      <x>0.36833334</x>
      <y>0.47833332</y>
      <w>0.56207234</w>
      <t>3234</t>
    </point>
    <point>
      <x>0.365</x>
      <y>0.48166665</y>
      <w>0.57380253</w>
      <t>3267</t>
    </point>
    <point>
      <x>0.36166668</x>
      <y>0.48333332</y>
      <w>0.57380253</w>
      <t>3267</t>
    </point>
    <point>
      <x>0.36</x>
      <y>0.485</y>
      <w>0.57380253</w>
      <t>3267</t>
    </point>
    <point>
      <x>0.35833332</x>
      <y>0.485</y>
      <w>0.57380253</w>
      <t>3267</t>
    </point>
    <point>
      <x>0.36</x>
      <y>0.48333332</y>
      <w>0.53861195</w>
      <t>3333</t>
    </point>
    <point>
      <x>0.36166668</x>
      <y>0.48166665</y>
      <w>0.53861195</w>
      <t>3333</t>
    </point>
    <point>
      <x>0.365</x>
      <y>0.48</y>
      <w>0.5278592</w>
      <t>3367</t>
    </point>
    <point>
      <x>0.37</x>
      <y>0.47666666</y>
      <w>0.5278592</w>
      <t>3367</t>
    </point>
    <point>
      <x>0.37333333</x>
      <y>0.47333333</y>
      <w>0.5278592</w>
      <t>3367</t>
    </point>
    <point>
      <x>0.38</x>
      <y>0.47</y>
      <w>0.5278592</w>
      <t>3367</t>
    </point>
    <point>
      <x>0.385</x>
      <y>0.465</y>
      <w>0.52297163</w>
      <t>3401</t>
    </point>
    <point>
      <x>0.39333335</x>
      <y>0.46</y>
      <w>0.52297163</w>
      <t>3401</t>
    </point>
    <point>
      <x>0.4</x>
      <y>0.455</y>
      <w>0.52297163</w>
      <t>3401</t>
    </point>
    <point>
      <x>0.40833333</x>
      <y>0.45166665</y>
      <w>0.52297163</w>
      <t>3401</t>
    </point>
    <point>
      <x>0.415</x>
      <y>0.44666666</y>
      <w>0.52297163</w>
      <t>3401</t>
    </point>
    <point>
      <x>0.42166665</x>
      <y>0.44333333</y>
      <w>0.5043988</w>
      <t>3434</t>
    </point>
    <point>
      <x>0.42833334</x>
      <y>0.44</y>
      <w>0.5043988</w>
      <t>3434</t>
    </point>
    <point>
      <x>0.43333334</x>
      <y>0.43833333</y>
      <w>0.5043988</w>
      <t>3434</t>
    </point>
    <point>
      <x>0.43666667</x>
      <y>0.43666667</y>
      <w>0.5043988</w>
      <t>3434</t>
    </point>
    <point>
      <x>0.43833333</x>
      <y>0.435</y>
      <w>0.4975562</w>
      <t>3467</t>
    </point>
    <point>
      <x>0.44</x>
      <y>0.435</y>
      <w>0.4975562</w>
      <t>3467</t>
    </point>
    <point>
      <x>0.44166666</x>
      <y>0.435</y>
      <w>0.4975562</w>
      <t>3467</t>
    </point>
    <point>
      <x>0.44333333</x>
      <y>0.435</y>
      <w>0.49364614</w>
      <t>3501</t>
    </point>
    <point>
      <x>0.445</x>
      <y>0.435</y>
      <w>0.49364614</w>
      <t>3501</t>
    </point>
    <point>
      <x>0.445</x>
      <y>0.43666667</y>
      <w>0.5102639</w>
      <t>3534</t>
    </point>
    <point>
      <x>0.44666666</x>
      <y>0.43833333</y>
      <w>0.5102639</w>
      <t>3534</t>
    </point>
    <point>
      <x>0.44833332</x>
      <y>0.44</y>
      <w>0.5102639</w>
      <t>3534</t>
    </point>
    <point>
      <x>0.44833332</x>
      <y>0.44166666</y>
      <w>0.5102639</w>
      <t>3534</t>
    </point>
    <point>
      <x>0.45</x>
      <y>0.445</y>
      <w>0.52492666</w>
      <t>3567</t>
    </point>
    <point>
      <x>0.45</x>
      <y>0.44666666</y>
      <w>0.52492666</w>
      <t>3567</t>
    </point>
    <point>
      <x>0.45</x>
      <y>0.45</y>
      <w>0.52492666</w>
      <t>3567</t>
    </point>
    <point>
      <x>0.45</x>
      <y>0.45333335</y>
      <w>0.52492666</w>
      <t>3567</t>
    </point>
    <point>
      <x>0.45</x>
      <y>0.455</y>
      <w>0.52492666</w>
      <t>3567</t>
    </point>
    <point>
      <x>0.45</x>
      <y>0.45833334</y>
      <w>0.540567</w>
      <t>3601</t>
    </point>
    <point>
      <x>0.45</x>
      <y>0.46333334</y>
      <w>0.540567</w>
      <t>3601</t>
    </point>
    <point>
      <x>0.45</x>
      <y>0.46666667</y>
      <w>0.540567</w>
      <t>3601</t>
    </point>
    <point>
      <x>0.44833332</x>
      <y>0.47</y>
      <w>0.540567</w>
      <t>3601</t>
    </point>
    <point>
      <x>0.445</x>
      <y>0.475</y>
      <w>0.5464321</w>
      <t>3634</t>
    </point>
    <point>
      <x>0.44333333</x>
      <y>0.48</y>
      <w>0.5464321</w>
      <t>3634</t>
    </point>
    <point>
      <x>0.44</x>
      <y>0.485</y>
      <w>0.5464321</w>
      <t>3634</t>
    </point>
    <point>
      <x>0.43666667</x>
      <y>0.49166667</y>
      <w>0.5464321</w>
      <t>3634</t>
    </point>
    <point>
      <x>0.43333334</x>
      <y>0.49833333</y>
      <w>0.5464321</w>
      <t>3634</t>
    </point>
    <point>
      <x>0.43</x>
      <y>0.505</y>
      <w>0.5483871</w>
      <t>3667</t>
    </point>
    <point>
      <x>0.425</x>
      <y>0.51166666</y>
      <w>0.5483871</w>
      <t>3667</t>
    </point>
    <point>
      <x>0.42</x>
      <y>0.5183333</y>
      <w>0.5483871</w>
      <t>3667</t>
    </point>
    <point>
      <x>0.415</x>
      <y>0.52666664</y>
      <w>0.5483871</w>
      <t>3667</t>
    </point>
    <point>
      <x>0.40833333</x>
      <y>0.535</y>
      <w>0.55131966</w>
      <t>3701</t>
    </point>
    <point>
      <x>0.40166667</x>
      <y>0.54333335</y>
      <w>0.55131966</w>
      <t>3701</t>
    </point>
    <point>
      <x>0.395</x>
      <y>0.5516667</y>
      <w>0.55131966</w>
      <t>3701</t>
    </point>
    <point>
      <x>0.38833332</x>
      <y>0.56</y>
      <w>0.55131966</w>
      <t>3701</t>
    </point>
    <point>
      <x>0.38333333</x>
      <y>0.5683333</y>
      <w>0.55131966</w>
      <t>3701</t>
    </point>
    <point>
      <x>0.37666667</x>
      <y>0.57666665</y>
      <w>0.5532747</w>
      <t>3734</t>
    </point>
    <point>
      <x>0.37</x>
      <y>0.585</y>
      <w>0.5532747</w>
      <t>3734</t>
    </point>
    <point>
      <x>0.36166668</x>
      <y>0.5933333</y>
      <w>0.5532747</w>
      <t>3734</t>
    </point>
    <point>
      <x>0.355</x>
      <y>0.6</y>
      <w>0.5532747</w>
      <t>3734</t>
    </point>
    <point>
      <x>0.34833333</x>
      <y>0.6066667</y>
      <w>0.5522972</w>
      <t>3767</t>
    </point>
    <point>
      <x>0.34333333</x>
      <y>0.6116667</y>
      <w>0.5522972</w>
      <t>3767</t>
    </point>
    <point>
      <x>0.33833334</x>
      <y>0.6166667</y>
      <w>0.5522972</w>
      <t>3767</t>
    </point>
    <point>
      <x>0.335</x>
      <y>0.62</y>
      <w>0.5522972</w>
      <t>3767</t>
    </point>
    <point>
      <x>0.33</x>
      <y>0.62333333</y>
      <w>0.5522972</w>
      <t>3767</t>
    </point>
    <point>
      <x>0.32833335</x>
      <y>0.62666667</y>
      <w>0.53274685</w>
      <t>3801</t>
    </point>
    <point>
      <x>0.325</x>
      <y>0.62833333</y>
      <w>0.53274685</w>
      <t>3801</t>
    </point>
    <point>
      <x>0.32333332</x>
      <y>0.63</y>
      <w>0.53274685</w>
      <t>3801</t>
    </point>
    <point>
      <x>0.32166666</x>
      <y>0.63</y>
      <w>0.53274685</w>
      <t>3801</t>
    </point>
    <point>
      <x>0.32333332</x>
      <y>0.62833333</y>
      <w>0.4222874</w>
      <t>3867</t>
    </point>
    <point>
      <x>0.325</x>
      <y>0.625</y>
      <w>0.4222874</w>
      <t>3867</t>
    </point>
    <point>
      <x>0.32833335</x>
      <y>0.62333333</y>
      <w>0.4222874</w>
      <t>3867</t>
    </point>
    <point>
      <x>0.33166668</x>
      <y>0.61833334</y>
      <w>0.41544476</w>
      <t>3901</t>
    </point>
    <point>
      <x>0.33666667</x>
      <y>0.615</y>
      <w>0.41544476</w>
      <t>3901</t>
    </point>
    <point>
      <x>0.34333333</x>
      <y>0.61</y>
      <w>0.41544476</w>
      <t>3901</t>
    </point>
    <point>
      <x>0.35166666</x>
      <y>0.605</y>
      <w>0.41544476</w>
      <t>3901</t>
    </point>
    <point>
      <x>0.35833332</x>
      <y>0.59833336</y>
      <w>0.41642228</w>
      <t>3934</t>
    </point>
    <point>
      <x>0.36666667</x>
      <y>0.5933333</y>
      <w>0.41642228</w>
      <t>3934</t>
    </point>
    <point>
      <x>0.375</x>
      <y>0.58666664</y>
      <w>0.41642228</w>
      <t>3934</t>
    </point>
    <point>
      <x>0.38333333</x>
      <y>0.58</y>
      <w>0.41642228</w>
      <t>3934</t>
    </point>
    <point>
      <x>0.39333335</x>
      <y>0.5733333</y>
      <w>0.41642228</w>
      <t>3934</t>
    </point>
    <point>
      <x>0.40166667</x>
      <y>0.5683333</y>
      <w>0.40762463</w>
      <t>3967</t>
    </point>
    <point>
      <x>0.41166666</x>
      <y>0.56333333</y>
      <w>0.40762463</w>
      <t>3967</t>
    </point>
    <point>
      <x>0.42</x>
      <y>0.55833334</y>
      <w>0.40762463</w>
      <t>3967</t>
    </point>
    <point>
      <x>0.42833334</x>
      <y>0.55333334</y>
      <w>0.40762463</w>
      <t>3967</t>
    </point>
    <point>
      <x>0.43833333</x>
      <y>0.54833335</y>
      <w>0.39589444</w>
      <t>4001</t>
    </point>
    <point>
      <x>0.445</x>
      <y>0.545</y>
      <w>0.39589444</w>
      <t>4001</t>
    </point>
    <point>
      <x>0.45333335</x>
      <y>0.5416667</y>
      <w>0.39589444</w>
      <t>4001</t>
    </point>
    <point>
      <x>0.46</x>
      <y>0.53833336</y>
      <w>0.39589444</w>
      <t>4001</t>
    </point>
    <point>
      <x>0.46666667</x>
      <y>0.535</y>
      <w>0.39589444</w>
      <t>4001</t>
    </point>
    <point>
      <x>0.47166666</x>
      <y>0.53333336</y>
      <w>0.39491692</w>
      <t>4034</t>
    </point>
    <point>
      <x>0.47666666</x>
      <y>0.5316667</y>
      <w>0.39491692</w>
      <t>4034</t>
    </point>
    <point>
      <x>0.48166665</x>
      <y>0.53</y>
      <w>0.39491692</w>
      <t>4034</t>
    </point>
    <point>
      <x>0.48666668</x>
      <y>0.5283333</y>
      <w>0.39491692</w>
      <t>4034</t>
    </point>
    <point>
      <x>0.49333334</x>
      <y>0.52666664</y>
      <w>0.39491692</w>
      <t>4067</t>
    </point>
    <point>
      <x>0.49833333</x>
      <y>0.525</y>
      <w>0.39491692</w>
      <t>4067</t>
    </point>
    <point>
      <x>0.505</x>
      <y>0.5233333</y>
      <w>0.39491692</w>
      <t>4067</t>
    </point>
    <point>
      <x>0.51166666</x>
      <y>0.52166665</y>
      <w>0.39491692</w>
      <t>4067</t>
    </point>
    <point>
      <x>0.51666665</x>
      <y>0.52166665</y>
      <w>0.39491692</w>
      <t>4067</t>
    </point>
    <point>
      <x>0.5233333</x>
      <y>0.52</y>
      <w>0.3998045</w>
      <t>4101</t>
    </point>
    <point>
      <x>0.5283333</x>
      <y>0.52</y>
      <w>0.3998045</w>
      <t>4101</t>
    </point>
    <point>
      <x>0.53333336</x>
      <y>0.5183333</y>
      <w>0.3998045</w>
      <t>4101</t>
    </point>
    <point>
      <x>0.54</x>
      <y>0.5183333</y>
      <w>0.3998045</w>
      <t>4101</t>
    </point>
    <point>
      <x>0.545</x>
      <y>0.5183333</y>
      <w>0.4125122</w>
      <t>4134</t>
    </point>
    <point>
      <x>0.55</x>
      <y>0.5183333</y>
      <w>0.4125122</w>
      <t>4134</t>
    </point>
    <point>
      <x>0.555</x>
      <y>0.5183333</y>
      <w>0.4125122</w>
      <t>4134</t>
    </point>
    <point>
      <x>0.56</x>
      <y>0.5183333</y>
      <w>0.4125122</w>
      <t>4134</t>
    </point>
    <point>
      <x>0.56333333</x>
      <y>0.5183333</y>
      <w>0.43010753</w>
      <t>4167</t>
    </point>
    <point>
      <x>0.5683333</x>
      <y>0.5183333</y>
      <w>0.43010753</w>
      <t>4167</t>
    </point>
    <point>
      <x>0.57166666</x>
      <y>0.52</y>
      <w>0.43010753</w>
      <t>4167</t>
    </point>
    <point>
      <x>0.575</x>
      <y>0.52</y>
      <w>0.43010753</w>
      <t>4167</t>
    </point>
    <point>
      <x>0.5783333</x>
      <y>0.52166665</y>
      <w>0.43010753</w>
      <t>4167</t>
    </point>
    <point>
      <x>0.58166665</x>
      <y>0.5233333</y>
      <w>0.45454547</w>
      <t>4201</t>
    </point>
    <point>
      <x>0.585</x>
      <y>0.525</y>
      <w>0.45454547</w>
      <t>4201</t>
    </point>
    <point>
      <x>0.58666664</x>
      <y>0.525</y>
      <w>0.45454547</w>
      <t>4201</t>
    </point>
    <point>
      <x>0.5883333</x>
      <y>0.52666664</y>
      <w>0.45454547</w>
      <t>4201</t>
    </point>
    <point>
      <x>0.59</x>
      <y>0.5283333</y>
      <w>0.50635386</w>
      <t>4234</t>
    </point>
    <point>
      <x>0.59166664</x>
      <y>0.53</y>
      <w>0.50635386</w>
      <t>4234</t>
    </point>
    <point>
      <x>0.5933333</x>
      <y>0.5316667</y>
      <w>0.50635386</w>
      <t>4234</t>
    </point>
    <point>
      <x>0.5933333</x>
      <y>0.53333336</y>
      <w>0.50635386</w>
      <t>4234</t>
    </point>
    <point>
      <x>0.595</x>
      <y>0.535</y>
      <w>0.50635386</w>
      <t>4234</t>
    </point>
    <point>
      <x>0.595</x>
      <y>0.5366667</y>
      <w>0.5415445</w>
      <t>4267</t>
    </point>
    <point>
      <x>0.5966667</x>
      <y>0.53833336</y>
      <w>0.5415445</w>
      <t>4267</t>
    </point>
    <point>
      <x>0.5966667</x>
      <y>0.54</y>
      <w>0.5415445</w>
      <t>4267</t>
    </point>
    <point>
      <x>0.5966667</x>
      <y>0.5416667</y>
      <w>0.5415445</w>
      <t>4267</t>
    </point>
    <point>
      <x>0.5966667</x>
      <y>0.545</y>
      <w>0.5610948</w>
      <t>4301</t>
    </point>
    <point>
      <x>0.5966667</x>
      <y>0.5466667</y>
      <w>0.5610948</w>
      <t>4301</t>
    </point>
    <point>
      <x>0.5966667</x>
      <y>0.55</y>
      <w>0.5610948</w>
      <t>4301</t>
    </point>
    <point>
      <x>0.5966667</x>
      <y>0.55333334</y>
      <w>0.5610948</w>
      <t>4301</t>
    </point>
    <point>
      <x>0.595</x>
      <y>0.5566667</y>
      <w>0.5610948</w>
      <t>4301</t>
    </point>
    <point>
      <x>0.5933333</x>
      <y>0.56</y>
      <w>0.5845552</w>
      <t>4334</t>
    </point>
    <point>
      <x>0.59166664</x>
      <y>0.56333333</y>
      <w>0.5845552</w>
      <t>4334</t>
    </point>
    <point>
      <x>0.59</x>
      <y>0.56666666</y>
      <w>0.5845552</w>
      <t>4334</t>
    </point>
    <point>
      <x>0.58666664</x>
      <y>0.57</y>
      <w>0.5845552</w>
      <t>4334</t>
    </point>
    <point>
      <x>0.5833333</x>
      <y>0.575</y>
      <w>0.59237534</w>
      <t>4367</t>
    </point>
    <point>
      <x>0.58166665</x>
      <y>0.5783333</y>
      <w>0.59237534</w>
      <t>4367</t>
    </point>
    <point>
      <x>0.5783333</x>
      <y>0.58166665</y>
      <w>0.59237534</w>
      <t>4367</t>
    </point>
    <point>
      <x>0.575</x>
      <y>0.58666664</y>
      <w>0.59237534</w>
      <t>4367</t>
    </point>
    <point>
      <x>0.57166666</x>
      <y>0.59</y>
      <w>0.59237534</w>
      <t>4367</t>
    </point>
    <point>
      <x>0.5683333</x>
      <y>0.5933333</y>
      <w>0.59530795</w>
      <t>4400</t>
    </point>
    <point>
      <x>0.56333333</x>
      <y>0.59833336</y>
      <w>0.59530795</w>
      <t>4400</t>
    </point>
    <point>
      <x>0.56</x>
      <y>0.6016667</y>
      <w>0.59530795</w>
      <t>4400</t>
    </point>
    <point>
      <x>0.5566667</x>
      <y>0.605</y>
      <w>0.59530795</w>
      <t>4400</t>
    </point>
    <point>
      <x>0.55333334</x>
      <y>0.60833335</y>
      <w>0.59530795</w>
      <t>4434</t>
    </point>
    <point>
      <x>0.54833335</x>
      <y>0.6116667</y>
      <w>0.59530795</w>
      <t>4434</t>
    </point>
    <point>
      <x>0.54333335</x>
      <y>0.615</y>
      <w>0.59530795</w>
      <t>4434</t>
    </point>
    <point>
      <x>0.54</x>
      <y>0.62</y>
      <w>0.59530795</w>
      <t>4434</t>
    </point>
    <point>
      <x>0.535</x>
      <y>0.62333333</y>
      <w>0.597263</w>
      <t>4467</t>
    </point>
    <point>
      <x>0.53</x>
      <y>0.62666667</y>
      <w>0.597263</w>
      <t>4467</t>
    </point>
    <point>
      <x>0.5233333</x>
      <y>0.63166666</y>
      <w>0.597263</w>
      <t>4467</t>
    </point>
    <point>
      <x>0.5183333</x>
      <y>0.635</y>
      <w>0.597263</w>
      <t>4467</t>
    </point>
    <point>
      <x>0.51166666</x>
      <y>0.64</y>
      <w>0.597263</w>
      <t>4467</t>
    </point>
    <point>
      <x>0.505</x>
      <y>0.6433333</y>
      <w>0.5982405</w>
      <t>4500</t>
    </point>
    <point>
      <x>0.49833333</x>
      <y>0.6483333</y>
      <w>0.5982405</w>
      <t>4500</t>
    </point>
    <point>
      <x>0.49166667</x>
      <y>0.65166664</y>
      <w>0.5982405</w>
      <t>4500</t>
    </point>
    <point>
      <x>0.485</x>
      <y>0.655</y>
      <w>0.5982405</w>
      <t>4500</t>
    </point>
    <point>
      <x>0.48</x>
      <y>0.65833336</y>
      <w>0.59433043</w>
      <t>4534</t>
    </point>
    <point>
      <x>0.47333333</x>
      <y>0.66</y>
      <w>0.59433043</w>
      <t>4534</t>
    </point>
    <point>
      <x>0.46833333</x>
      <y>0.66333336</y>
      <w>0.59433043</w>
      <t>4534</t>
    </point>
    <point>
      <x>0.46166667</x>
      <y>0.6666667</y>
      <w>0.59433043</w>
      <t>4534</t>
    </point>
    <point>
      <x>0.45666668</x>
      <y>0.67</y>
      <w>0.59433043</w>
      <t>4534</t>
    </point>
    <point>
      <x>0.45166665</x>
      <y>0.6716667</y>
      <w>0.58748776</w>
      <t>4567</t>
    </point>
    <point>
      <x>0.44666666</x>
      <y>0.675</y>
      <w>0.58748776</w>
      <t>4567</t>
    </point>
    <point>
      <x>0.44166666</x>
      <y>0.6766667</y>
      <w>0.58748776</w>
      <t>4567</t>
    </point>
    <point>
      <x>0.43666667</x>
      <y>0.68</y>
      <w>0.58748776</w>
      <t>4567</t>
    </point>
    <point>
      <x>0.43333334</x>
      <y>0.6816667</y>
      <w>0.5786901</w>
      <t>4600</t>
    </point>
    <point>
      <x>0.43</x>
      <y>0.68333334</y>
      <w>0.5786901</w>
      <t>4600</t>
    </point>
    <point>
      <x>0.42666668</x>
      <y>0.68333334</y>
      <w>0.5786901</w>
      <t>4600</t>
    </point>
    <point>
      <x>0.425</x>
      <y>0.685</y>
      <w>0.5786901</w>
      <t>4600</t>
    </point>
    <point>
      <x>0.42333335</x>
      <y>0.685</y>
      <w>0.52297163</w>
      <t>4634</t>
    </point>
    <point>
      <x>0.42333335</x>
      <y>0.68333334</y>
      <w>0.42424244</w>
      <t>4700</t>
    </point>
    <point>
      <x>0.42333335</x>
      <y>0.6816667</y>
      <w>0.42424244</w>
      <t>4700</t>
    </point>
    <point>
      <x>0.42333335</x>
      <y>0.68</y>
      <w>0.42424244</w>
      <t>4700</t>
    </point>
    <point>
      <x>0.42333335</x>
      <y>0.6766667</y>
      <w>0.42424244</w>
      <t>4700</t>
    </point>
    <point>
      <x>0.425</x>
      <y>0.67333335</y>
      <w>0.36754644</w>
      <t>4734</t>
    </point>
    <point>
      <x>0.42666668</x>
      <y>0.67</y>
      <w>0.36754644</w>
      <t>4734</t>
    </point>
    <point>
      <x>0.42666668</x>
      <y>0.6666667</y>
      <w>0.36754644</w>
      <t>4734</t>
    </point>
    <point>
      <x>0.42833334</x>
      <y>0.665</y>
      <w>0.36754644</w>
      <t>4734</t>
    </point>
    <point>
      <x>0.43</x>
      <y>0.6616667</y>
      <w>0.32453567</w>
      <t>4767</t>
    </point>
    <point>
      <x>0.43</x>
      <y>0.65833336</y>
      <w>0.32453567</w>
      <t>4767</t>
    </point>
    <point>
      <x>0.43166667</x>
      <y>0.655</y>
      <w>0.32453567</w>
      <t>4767</t>
    </point>
    <point>
      <x>0.43333334</x>
      <y>0.6533333</y>
      <w>0.32453567</w>
      <t>4767</t>
    </point>
    <point>
      <x>0.435</x>
      <y>0.65</y>
      <w>0.32453567</w>
      <t>4767</t>
    </point>
    <point>
      <x>0.435</x>
      <y>0.6483333</y>
      <w>0.31573802</w>
      <t>4801</t>
    </point>
    <point>
      <x>0.43666667</x>
      <y>0.6483333</y>
      <w>0.31573802</w>
      <t>4801</t>
    </point>
    <point>
      <x>0.43666667</x>
      <y>0.64666665</y>
      <w>0.31573802</w>
      <t>4801</t>
    </point>
    <point>
      <x>0.43833333</x>
      <y>0.64666665</y>
      <w>0.31573802</w>
      <t>4801</t>
    </point>
    <point>
      <x>0.43833333</x>
      <y>0.6483333</y>
      <w>0.3841642</w>
      <t>4900</t>
    </point>
    <point>
      <x>0.43833333</x>
      <y>0.65</y>
      <w>0.3841642</w>
      <t>4900</t>
    </point>
    <point>
      <x>0.43833333</x>
      <y>0.65166664</y>
      <w>0.3841642</w>
      <t>4900</t>
    </point>
    <point>
      <x>0.43833333</x>
      <y>0.655</y>
      <w>0.44281524</w>
      <t>4934</t>
    </point>
    <point>
      <x>0.43833333</x>
      <y>0.6566667</y>
      <w>0.44281524</w>
      <t>4934</t>
    </point>
    <point>
      <x>0.43833333</x>
      <y>0.65833336</y>
      <w>0.44281524</w>
      <t>4934</t>
    </point>
    <point>
      <x>0.43833333</x>
      <y>0.66</y>
      <w>0.44281524</w>
      <t>4934</t>
    </point>
    <point>
      <x>0.43833333</x>
      <y>0.6616667</y>
      <w>0.47800586</w>
      <t>4967</t>
    </point>
    <point>
      <x>0.43833333</x>
      <y>0.66333336</y>
      <w>0.47800586</w>
      <t>4967</t>
    </point>
    <point>
      <x>0.43833333</x>
      <y>0.6666667</y>
      <w>0.47800586</w>
      <t>4967</t>
    </point>
    <point>
      <x>0.43833333</x>
      <y>0.66833335</y>
      <w>0.47800586</w>
      <t>4967</t>
    </point>
    <point>
      <x>0.43833333</x>
      <y>0.67</y>
      <w>0.47800586</w>
      <t>4967</t>
    </point>
    <point>
      <x>0.43833333</x>
      <y>0.6716667</y>
      <w>0.5102639</w>
      <t>5001</t>
    </point>
    <point>
      <x>0.43666667</x>
      <y>0.675</y>
      <w>0.5102639</w>
      <t>5001</t>
    </point>
    <point>
      <x>0.43666667</x>
      <y>0.6766667</y>
      <w>0.5102639</w>
      <t>5001</t>
    </point>
    <point>
      <x>0.435</x>
      <y>0.68</y>
      <w>0.5102639</w>
      <t>5001</t>
    </point>
    <point>
      <x>0.43333334</x>
      <y>0.68333334</y>
      <w>0.54447705</w>
      <t>5034</t>
    </point>
    <point>
      <x>0.43166667</x>
      <y>0.68666667</y>
      <w>0.54447705</w>
      <t>5034</t>
    </point>
    <point>
      <x>0.43</x>
      <y>0.69</y>
      <w>0.54447705</w>
      <t>5034</t>
    </point>
    <point>
      <x>0.42833334</x>
      <y>0.6933333</y>
      <w>0.54447705</w>
      <t>5034</t>
    </point>
    <point>
      <x>0.42666668</x>
      <y>0.69666666</y>
      <w>0.5601173</w>
      <t>5067</t>
    </point>
    <point>
      <x>0.425</x>
      <y>0.7</y>
      <w>0.5601173</w>
      <t>5067</t>
    </point>
    <point>
      <x>0.42166665</x>
      <y>0.705</y>
      <w>0.5601173</w>
      <t>5067</t>
    </point>
    <point>
      <x>0.41833332</x>
      <y>0.7083333</y>
      <w>0.5601173</w>
      <t>5067</t>
    </point>
    <point>
      <x>0.41666666</x>
      <y>0.7133333</y>
      <w>0.5601173</w>
      <t>5067</t>
    </point>
    <point>
      <x>0.41333333</x>
      <y>0.71666664</y>
      <w>0.57087</w>
      <t>5101</t>
    </point>
    <point>
      <x>0.41</x>
      <y>0.7216667</y>
      <w>0.57087</w>
      <t>5101</t>
    </point>
    <point>
      <x>0.40833333</x>
      <y>0.725</y>
      <w>0.57087</w>
      <t>5101</t>
    </point>
    <point>
      <x>0.40666667</x>
      <y>0.72833335</y>
      <w>0.57087</w>
      <t>5101</t>
    </point>
    <point>
      <x>0.40333334</x>
      <y>0.73333335</y>
      <w>0.5835777</w>
      <t>5133</t>
    </point>
    <point>
      <x>0.40166667</x>
      <y>0.7366667</y>
      <w>0.5835777</w>
      <t>5133</t>
    </point>
    <point>
      <x>0.39833334</x>
      <y>0.74</y>
      <w>0.5835777</w>
      <t>5133</t>
    </point>
    <point>
      <x>0.395</x>
      <y>0.745</y>
      <w>0.5835777</w>
      <t>5133</t>
    </point>
    <point>
      <x>0.39166668</x>
      <y>0.74833333</y>
      <w>0.5835777</w>
      <t>5133</t>
    </point>
    <point>
      <x>0.38833332</x>
      <y>0.75333333</y>
      <w>0.599218</w>
      <t>5167</t>
    </point>
    <point>
      <x>0.385</x>
      <y>0.7583333</y>
      <w>0.599218</w>
      <t>5167</t>
    </point>
    <point>
      <x>0.38166666</x>
      <y>0.7633333</y>
      <w>0.599218</w>
      <t>5167</t>
    </point>
    <point>
      <x>0.37833333</x>
      <y>0.76666665</y>
      <w>0.599218</w>
      <t>5167</t>
    </point>
    <point>
      <x>0.37333333</x>
      <y>0.77166665</y>
      <w>0.6050831</w>
      <t>5201</t>
    </point>
    <point>
      <x>0.36833334</x>
      <y>0.77666664</y>
      <w>0.6050831</w>
      <t>5201</t>
    </point>
    <point>
      <x>0.36333334</x>
      <y>0.78333336</y>
      <w>0.6050831</w>
      <t>5201</t>
    </point>
    <point>
      <x>0.35666665</x>
      <y>0.78833336</y>
      <w>0.6050831</w>
      <t>5201</t>
    </point>
    <point>
      <x>0.35</x>
      <y>0.795</y>
      <w>0.6050831</w>
      <t>5201</t>
    </point>
    <point>
      <x>0.34333333</x>
      <y>0.8</y>
      <w>0.60801566</w>
      <t>5234</t>
    </point>
    <point>
      <x>0.33833334</x>
      <y>0.8066667</y>
      <w>0.60801566</w>
      <t>5234</t>
    </point>
    <point>
      <x>0.33333334</x>
      <y>0.81166667</y>
      <w>0.60801566</w>
      <t>5234</t>
    </point>
    <point>
      <x>0.32666665</x>
      <y>0.81666666</y>
      <w>0.60801566</w>
      <t>5234</t>
    </point>
    <point>
      <x>0.32166666</x>
      <y>0.82166666</y>
      <w>0.61485827</w>
      <t>5267</t>
    </point>
    <point>
      <x>0.31666666</x>
      <y>0.82666665</y>
      <w>0.61485827</w>
      <t>5267</t>
    </point>
    <point>
      <x>0.31166667</x>
      <y>0.83</y>
      <w>0.61485827</w>
      <t>5267</t>
    </point>
    <point>
      <x>0.30833334</x>
      <y>0.83166665</y>
      <w>0.61485827</w>
      <t>5267</t>
    </point>
    <point>
      <x>0.305</x>
      <y>0.835</y>
      <w>0.61485827</w>
      <t>5267</t>
    </point>
    <point>
      <x>0.30166668</x>
      <y>0.83666664</y>
      <w>0.6177908</w>
      <t>5301</t>
    </point>
    <point>
      <x>0.3</x>
      <y>0.8383333</y>
      <w>0.6177908</w>
      <t>5301</t>
    </point>
    <point>
      <x>0.29833335</x>
      <y>0.8383333</y>
      <w>0.6177908</w>
      <t>5301</t>
    </point>
    <point>
      <x>0.29666665</x>
      <y>0.8383333</y>
      <w>0.6177908</w>
      <t>5301</t>
    </point>
    <point>
      <x>0.29666665</x>
      <y>0.84</y>
      <w>0.61290324</w>
      <t>5334</t>
    </point>
    <point>
      <x>0.29666665</x>
      <y>0.8383333</y>
      <w>0.30498534</w>
      <t>5434</t>
    </point>
    <point>
      <x>0.3</x>
      <y>0.835</y>
      <w>0.30498534</w>
      <t>5434</t>
    </point>
    <point>
      <x>0.30166668</x>
      <y>0.83166665</y>
      <w>0.30498534</w>
      <t>5434</t>
    </point>
  </stroke>
  <stroke time="5800">
    <point>
      <x>0.46666667</x>
      <y>0.73833334</y>
      <w>0.0068426197</w>
      <t>5800</t>
    </point>
    <point>
      <x>0.46833333</x>
      <y>0.73833334</y>
      <w>0.062561095</w>
      <t>5833</t>
    </point>
    <point>
      <x>0.47</x>
      <y>0.73833334</y>
      <w>0.062561095</w>
      <t>5833</t>
    </point>
    <point>
      <x>0.47166666</x>
      <y>0.73833334</y>
      <w>0.062561095</w>
      <t>5833</t>
    </point>
    <point>
      <x>0.47333333</x>
      <y>0.74</y>
      <w>0.22580644</w>
      <t>5867</t>
    </point>
    <point>
      <x>0.475</x>
      <y>0.74</y>
      <w>0.22580644</w>
      <t>5867</t>
    </point>
    <point>
      <x>0.47833332</x>
      <y>0.7416667</y>
      <w>0.22580644</w>
      <t>5867</t>
    </point>
    <point>
      <x>0.48</x>
      <y>0.74333334</y>
      <w>0.22580644</w>
      <t>5867</t>
    </point>
    <point>
      <x>0.485</x>
      <y>0.745</y>
      <w>0.22580644</w>
      <t>5867</t>
    </point>
    <point>
      <x>0.48833334</x>
      <y>0.74666667</y>
      <w>0.28445747</w>
      <t>5901</t>
    </point>
    <point>
      <x>0.495</x>
      <y>0.74666667</y>
      <w>0.28445747</w>
      <t>5901</t>
    </point>
    <point>
      <x>0.5</x>
      <y>0.74833333</y>
      <w>0.28445747</w>
      <t>5901</t>
    </point>
    <point>
      <x>0.50666666</x>
      <y>0.75</y>
      <w>0.28445747</w>
      <t>5901</t>
    </point>
    <point>
      <x>0.5133333</x>
      <y>0.75166667</y>
      <w>0.3020528</w>
      <t>5934</t>
    </point>
    <point>
      <x>0.5183333</x>
      <y>0.75333333</y>
      <w>0.3020528</w>
      <t>5934</t>
    </point>
    <point>
      <x>0.5233333</x>
      <y>0.755</y>
      <w>0.3020528</w>
      <t>5934</t>
    </point>
    <point>
      <x>0.5283333</x>
      <y>0.7583333</y>
      <w>0.3020528</w>
      <t>5934</t>
    </point>
    <point>
      <x>0.53333336</x>
      <y>0.76</y>
      <w>0.35581622</w>
      <t>5967</t>
    </point>
    <point>
      <x>0.54</x>
      <y>0.7633333</y>
      <w>0.35581622</w>
      <t>5967</t>
    </point>
    <point>
      <x>0.545</x>
      <y>0.765</y>
      <w>0.35581622</w>
      <t>5967</t>
    </point>
    <point>
      <x>0.5516667</x>
      <y>0.7683333</y>
      <w>0.35581622</w>
      <t>5967</t>
    </point>
    <point>
      <x>0.55833334</x>
      <y>0.77166665</y>
      <w>0.35581622</w>
      <t>5967</t>
    </point>
    <point>
      <x>0.565</x>
      <y>0.77666664</y>
      <w>0.39491692</w>
      <t>6001</t>
    </point>
    <point>
      <x>0.57166666</x>
      <y>0.78</y>
      <w>0.39491692</w>
      <t>6001</t>
    </point>
    <point>
      <x>0.5783333</x>
      <y>0.785</y>
      <w>0.39491692</w>
      <t>6001</t>
    </point>
    <point>
      <x>0.585</x>
      <y>0.78833336</y>
      <w>0.39491692</w>
      <t>6001</t>
    </point>
    <point>
      <x>0.59166664</x>
      <y>0.7916667</y>
      <w>0.4173998</w>
      <t>6034</t>
    </point>
    <point>
      <x>0.5966667</x>
      <y>0.795</y>
      <w>0.4173998</w>
      <t>6034</t>
    </point>
    <point>
      <x>0.6016667</x>
      <y>0.79833335</y>
      <w>0.4173998</w>
      <t>6034</t>
    </point>
    <point>
      <x>0.6066667</x>
      <y>0.8016667</y>
      <w>0.4173998</w>
      <t>6034</t>
    </point>
    <point>
      <x>0.61</x>
      <y>0.805</y>
      <w>0.4173998</w>
      <t>6034</t>
    </point>
    <point>
      <x>0.61333334</x>
      <y>0.8066667</y>
      <w>0.43792766</w>
      <t>6067</t>
    </point>
    <point>
      <x>0.6166667</x>
      <y>0.80833334</y>
      <w>0.43792766</w>
      <t>6067</t>
    </point>
    <point>
      <x>0.62</x>
      <y>0.81166667</y>
      <w>0.43792766</w>
      <t>6067</t>
    </point>
    <point>
      <x>0.62166667</x>
      <y>0.81333333</y>
      <w>0.43792766</w>
      <t>6067</t>
    </point>
    <point>
      <x>0.625</x>
      <y>0.815</y>
      <w>0.4633431</w>
      <t>6101</t>
    </point>
    <point>
      <x>0.62666667</x>
      <y>0.81666666</y>
      <w>0.4633431</w>
      <t>6101</t>
    </point>
    <point>
      <x>0.62833333</x>
      <y>0.8183333</y>
      <w>0.4633431</w>
      <t>6101</t>
    </point>
    <point>
      <x>0.63</x>
      <y>0.82</y>
      <w>0.4633431</w>
      <t>6101</t>
    </point>
    <point>
      <x>0.63166666</x>
      <y>0.82166666</y>
      <w>0.4633431</w>
      <t>6101</t>
    </point>
    <point>
      <x>0.6333333</x>
      <y>0.82166666</y>
      <w>0.46529815</w>
      <t>6134</t>
    </point>
    <point>
      <x>0.635</x>
      <y>0.8233333</y>
      <w>0.46529815</w>
      <t>6134</t>
    </point>
    <point>
      <x>0.63666666</x>
      <y>0.825</y>
      <w>0.46529815</w>
      <t>6134</t>
    </point>
    <point>
      <x>0.6383333</x>
      <y>0.82666665</y>
      <w>0.46529815</w>
      <t>6134</t>
    </point>
    <point>
      <x>0.64</x>
      <y>0.8283333</y>
      <w>0.46725318</w>
      <t>6167</t>
    </point>
    <point>
      <x>0.64166665</x>
      <y>0.83</y>
      <w>0.46725318</w>
      <t>6167</t>
    </point>
    <point>
      <x>0.6433333</x>
      <y>0.83166665</y>
      <w>0.46725318</w>
      <t>6167</t>
    </point>
    <point>
      <x>0.6433333</x>
      <y>0.8333333</y>
      <w>0.46725318</w>
      <t>6167</t>
    </point>
    <point>
      <x>0.645</x>
      <y>0.8333333</y>
      <w>0.46725318</w>
      <t>6167</t>
    </point>
    <point>
      <x>0.64666665</x>
      <y>0.835</y>
      <w>0.48582602</w>
      <t>6200</t>
    </point>
    <point>
      <x>0.64666665</x>
      <y>0.83666664</y>
      <w>0.48582602</w>
      <t>6200</t>
    </point>
    <point>
      <x>0.6483333</x>
      <y>0.8383333</y>
      <w>0.48582602</w>
      <t>6200</t>
    </point>
    <point>
      <x>0.65</x>
      <y>0.8383333</y>
      <w>0.48778105</w>
      <t>6234</t>
    </point>
    <point>
      <x>0.65</x>
      <y>0.84</y>
      <w>0.48778105</w>
      <t>6234</t>
    </point>
    <point>
      <x>0.65166664</x>
      <y>0.84</y>
      <w>0.48778105</w>
      <t>6234</t>
    </point>
    <point>
      <x>0.65166664</x>
      <y>0.84166664</y>
      <w>0.48778105</w>
      <t>6234</t>
    </point>
  </stroke>
</character>
