<?xml version="1.0" encoding="UTF-8"?>
<character>
  <stroke time="0">
    <point>
      <x>0.27833334</x>
      <y>0.27333334</y>
      <w>0.017595308</w>
      <t>36</t>
    </point>
    <point>
      <x>0.28</x>
      <y>0.27333334</y>
      <w>0.3304008</w>
      <t>167</t>
    </point>
    <point>
      <x>0.28166667</x>
      <y>0.27333334</y>
      <w>0.3304008</w>
      <t>167</t>
    </point>
    <point>
      <x>0.28333333</x>
      <y>0.275</y>
      <w>0.3304008</w>
      <t>167</t>
    </point>
    <point>
      <x>0.28666666</x>
      <y>0.275</y>
      <w>0.3304008</w>
      <t>168</t>
    </point>
    <point>
      <x>0.28833333</x>
      <y>0.27666667</y>
      <w>0.3304008</w>
      <t>168</t>
    </point>
    <point>
      <x>0.29</x>
      <y>0.27833334</y>
      <w>0.3900293</w>
      <t>200</t>
    </point>
    <point>
      <x>0.29333332</x>
      <y>0.28</y>
      <w>0.3900293</w>
      <t>200</t>
    </point>
    <point>
      <x>0.295</x>
      <y>0.28166667</y>
      <w>0.3900293</w>
      <t>200</t>
    </point>
    <point>
      <x>0.29666665</x>
      <y>0.28333333</y>
      <w>0.3900293</w>
      <t>201</t>
    </point>
    <point>
      <x>0.29833335</x>
      <y>0.285</y>
      <w>0.3900293</w>
      <t>201</t>
    </point>
    <point>
      <x>0.3</x>
      <y>0.28833333</y>
      <w>0.427175</w>
      <t>233</t>
    </point>
    <point>
      <x>0.30166668</x>
      <y>0.29166666</y>
      <w>0.427175</w>
      <t>233</t>
    </point>
    <point>
      <x>0.30333334</x>
      <y>0.295</y>
      <w>0.427175</w>
      <t>233</t>
    </point>
    <point>
      <x>0.30333334</x>
      <y>0.30166668</y>
      <w>0.427175</w>
      <t>234</t>
    </point>
    <point>
      <x>0.305</x>
      <y>0.30666667</y>
      <w>0.48582602</w>
      <t>267</t>
    </point>
    <point>
      <x>0.305</x>
      <y>0.31333333</y>
      <w>0.48582602</w>
      <t>267</t>
    </point>
    <point>
      <x>0.305</x>
      <y>0.32166666</y>
      <w>0.48582602</w>
      <t>267</t>
    </point>
    <point>
      <x>0.305</x>
      <y>0.33166668</y>
      <w>0.48582602</w>
      <t>267</t>
    </point>
    <point>
      <x>0.305</x>
      <y>0.34166667</y>
      <w>0.5434995</w>
      <t>299</t>
    </point>
    <point>
      <x>0.30333334</x>
      <y>0.35333332</y>
      <w>0.56402737</w>
      <t>301</t>
    </point>
    <point>
      <x>0.30166668</x>
      <y>0.365</y>
      <w>0.56402737</w>
      <t>301</t>
    </point>
    <point>
      <x>0.3</x>
      <y>0.37666667</y>
      <w>0.56402737</w>
      <t>301</t>
    </point>
    <point>
      <x>0.29666665</x>
      <y>0.38833332</y>
      <w>0.56402737</w>
      <t>301</t>
    </point>
    <point>
      <x>0.29333332</x>
      <y>0.40166667</y>
      <w>0.5845552</w>
      <t>334</t>
    </point>
    <point>
      <x>0.29</x>
      <y>0.41333333</y>
      <w>0.5845552</w>
      <t>334</t>
    </point>
    <point>
      <x>0.285</x>
      <y>0.42833334</y>
      <w>0.5845552</w>
      <t>334</t>
    </point>
    <point>
      <x>0.28</x>
      <y>0.44333333</y>
      <w>0.5845552</w>
      <t>335</t>
    </point>
    <point>
      <x>0.27333334</x>
      <y>0.46</y>
      <w>0.61485827</w>
      <t>367</t>
    </point>
    <point>
      <x>0.26666668</x>
      <y>0.47833332</y>
      <w>0.61485827</w>
      <t>367</t>
    </point>
    <point>
      <x>0.26</x>
      <y>0.49666667</y>
      <w>0.61485827</w>
      <t>367</t>
    </point>
    <point>
      <x>0.25166667</x>
      <y>0.51666665</y>
      <w>0.61485827</w>
      <t>367</t>
    </point>
    <point>
      <x>0.24333334</x>
      <y>0.535</y>
      <w>0.61485827</w>
      <t>368</t>
    </point>
    <point>
      <x>0.235</x>
      <y>0.555</y>
      <w>0.6344086</w>
      <t>400</t>
    </point>
    <point>
      <x>0.22666667</x>
      <y>0.575</y>
      <w>0.6344086</w>
      <t>400</t>
    </point>
    <point>
      <x>0.21833333</x>
      <y>0.595</y>
      <w>0.6344086</w>
      <t>400</t>
    </point>
    <point>
      <x>0.21</x>
      <y>0.6166667</y>
      <w>0.6344086</w>
      <t>401</t>
    </point>
    <point>
      <x>0.2</x>
      <y>0.635</y>
      <w>0.6402737</w>
      <t>433</t>
    </point>
    <point>
      <x>0.19166666</x>
      <y>0.6533333</y>
      <w>0.6402737</w>
      <t>433</t>
    </point>
    <point>
      <x>0.18333334</x>
      <y>0.6716667</y>
      <w>0.6402737</w>
      <t>433</t>
    </point>
    <point>
      <x>0.17666666</x>
      <y>0.68666667</y>
      <w>0.6402737</w>
      <t>434</t>
    </point>
    <point>
      <x>0.17</x>
      <y>0.6983333</y>
      <w>0.6422287</w>
      <t>467</t>
    </point>
    <point>
      <x>0.165</x>
      <y>0.71</y>
      <w>0.6422287</w>
      <t>467</t>
    </point>
    <point>
      <x>0.16166666</x>
      <y>0.7183333</y>
      <w>0.6422287</w>
      <t>467</t>
    </point>
    <point>
      <x>0.16</x>
      <y>0.72333336</y>
      <w>0.6422287</w>
      <t>468</t>
    </point>
    <point>
      <x>0.15666667</x>
      <y>0.7266667</y>
      <w>0.6422287</w>
      <t>468</t>
    </point>
    <point>
      <x>0.15666667</x>
      <y>0.72833335</y>
      <w>0.6451613</w>
      <t>500</t>
    </point>
    <point>
      <x>0.15666667</x>
      <y>0.7266667</y>
      <w>0.58651024</w>
      <t>534</t>
    </point>
    <point>
      <x>0.15666667</x>
      <y>0.72333336</y>
      <w>0.58651024</w>
      <t>534</t>
    </point>
    <point>
      <x>0.15833333</x>
      <y>0.72</y>
      <w>0.58651024</w>
      <t>534</t>
    </point>
    <point>
      <x>0.16166666</x>
      <y>0.7133333</y>
      <w>0.5259042</w>
      <t>567</t>
    </point>
    <point>
      <x>0.165</x>
      <y>0.705</y>
      <w>0.5259042</w>
      <t>567</t>
    </point>
    <point>
      <x>0.16833334</x>
      <y>0.69666666</y>
      <w>0.5259042</w>
      <t>567</t>
    </point>
    <point>
      <x>0.17333333</x>
      <y>0.685</y>
      <w>0.5259042</w>
      <t>567</t>
    </point>
    <point>
      <x>0.17833333</x>
      <y>0.67333335</y>
      <w>0.51710653</w>
      <t>600</t>
    </point>
    <point>
      <x>0.18333334</x>
      <y>0.6616667</y>
      <w>0.51710653</w>
      <t>600</t>
    </point>
    <point>
      <x>0.19</x>
      <y>0.6483333</y>
      <w>0.51710653</w>
      <t>600</t>
    </point>
    <point>
      <x>0.19666667</x>
      <y>0.6333333</y>
      <w>0.51710653</w>
      <t>600</t>
    </point>
    <point>
      <x>0.205</x>
      <y>0.61833334</y>
      <w>0.51710653</w>
      <t>601</t>
    </point>
    <point>
      <x>0.21333334</x>
      <y>0.6016667</y>
      <w>0.48778105</w>
      <t>633</t>
    </point>
    <point>
      <x>0.22166666</x>
      <y>0.585</y>
      <w>0.48778105</w>
      <t>633</t>
    </point>
    <point>
      <x>0.23</x>
      <y>0.5683333</y>
      <w>0.48778105</w>
      <t>633</t>
    </point>
    <point>
      <x>0.23833333</x>
      <y>0.5516667</y>
      <w>0.48778105</w>
      <t>633</t>
    </point>
    <point>
      <x>0.24666667</x>
      <y>0.535</y>
      <w>0.46725318</w>
      <t>666</t>
    </point>
    <point>
      <x>0.255</x>
      <y>0.5183333</y>
      <w>0.46725318</w>
      <t>666</t>
    </point>
    <point>
      <x>0.265</x>
      <y>0.5</y>
      <w>0.46725318</w>
      <t>666</t>
    </point>
    <point>
      <x>0.27333334</x>
      <y>0.48333332</y>
      <w>0.46725318</w>
      <t>666</t>
    </point>
    <point>
      <x>0.28333333</x>
      <y>0.46666667</y>
      <w>0.46725318</w>
      <t>667</t>
    </point>
    <point>
      <x>0.29333332</x>
      <y>0.44833332</y>
      <w>0.40273705</w>
      <t>700</t>
    </point>
    <point>
      <x>0.305</x>
      <y>0.43</y>
      <w>0.40273705</w>
      <t>700</t>
    </point>
    <point>
      <x>0.315</x>
      <y>0.41333333</y>
      <w>0.40273705</w>
      <t>700</t>
    </point>
    <point>
      <x>0.32666665</x>
      <y>0.395</y>
      <w>0.40273705</w>
      <t>700</t>
    </point>
    <point>
      <x>0.33666667</x>
      <y>0.38</y>
      <w>0.38025415</w>
      <t>733</t>
    </point>
    <point>
      <x>0.34833333</x>
      <y>0.365</y>
      <w>0.38025415</w>
      <t>735</t>
    </point>
    <point>
      <x>0.35833332</x>
      <y>0.35</y>
      <w>0.38025415</w>
      <t>735</t>
    </point>
    <point>
      <x>0.36833334</x>
      <y>0.33666667</y>
      <w>0.38025415</w>
      <t>735</t>
    </point>
    <point>
      <x>0.38</x>
      <y>0.32333332</y>
      <w>0.38025415</w>
      <t>735</t>
    </point>
    <point>
      <x>0.39</x>
      <y>0.31</y>
      <w>0.3773216</w>
      <t>767</t>
    </point>
    <point>
      <x>0.4</x>
      <y>0.295</y>
      <w>0.3773216</w>
      <t>767</t>
    </point>
    <point>
      <x>0.41</x>
      <y>0.28166667</y>
      <w>0.3773216</w>
      <t>767</t>
    </point>
    <point>
      <x>0.42</x>
      <y>0.26833335</y>
      <w>0.3773216</w>
      <t>767</t>
    </point>
    <point>
      <x>0.43</x>
      <y>0.25666666</y>
      <w>0.3206256</w>
      <t>800</t>
    </point>
    <point>
      <x>0.43833333</x>
      <y>0.245</y>
      <w>0.3206256</w>
      <t>800</t>
    </point>
    <point>
      <x>0.44666666</x>
      <y>0.23666666</y>
      <w>0.3206256</w>
      <t>800</t>
    </point>
    <point>
      <x>0.455</x>
      <y>0.22666667</y>
      <w>0.3206256</w>
      <t>802</t>
    </point>
    <point>
      <x>0.46333334</x>
      <y>0.22</y>
      <w>0.3206256</w>
      <t>802</t>
    </point>
    <point>
      <x>0.47</x>
      <y>0.21333334</y>
      <w>0.31769305</w>
      <t>833</t>
    </point>
    <point>
      <x>0.47666666</x>
      <y>0.20666666</y>
      <w>0.31769305</w>
      <t>833</t>
    </point>
    <point>
      <x>0.48333332</x>
      <y>0.20166667</y>
      <w>0.31769305</w>
      <t>833</t>
    </point>
    <point>
      <x>0.49</x>
      <y>0.19666667</y>
      <w>0.31769305</w>
      <t>833</t>
    </point>
    <point>
      <x>0.49833333</x>
      <y>0.19166666</y>
      <w>0.31280547</w>
      <t>867</t>
    </point>
    <point>
      <x>0.50666666</x>
      <y>0.18666667</y>
      <w>0.31280547</w>
      <t>867</t>
    </point>
    <point>
      <x>0.5133333</x>
      <y>0.18333334</y>
      <w>0.31280547</w>
      <t>867</t>
    </point>
    <point>
      <x>0.52166665</x>
      <y>0.17833333</y>
      <w>0.31280547</w>
      <t>867</t>
    </point>
    <point>
      <x>0.5283333</x>
      <y>0.175</y>
      <w>0.31182796</w>
      <t>900</t>
    </point>
    <point>
      <x>0.535</x>
      <y>0.17166667</y>
      <w>0.31182796</w>
      <t>900</t>
    </point>
    <point>
      <x>0.5416667</x>
      <y>0.16833334</y>
      <w>0.31182796</w>
      <t>900</t>
    </point>
    <point>
      <x>0.54833335</x>
      <y>0.16666667</y>
      <w>0.31182796</w>
      <t>900</t>
    </point>
    <point>
      <x>0.55333334</x>
      <y>0.165</y>
      <w>0.31182796</w>
      <t>900</t>
    </point>
    <point>
      <x>0.55833334</x>
      <y>0.165</y>
      <w>0.30596286</w>
      <t>933</t>
    </point>
    <point>
      <x>0.56333333</x>
      <y>0.165</y>
      <w>0.30596286</w>
      <t>933</t>
    </point>
    <point>
      <x>0.56666666</x>
      <y>0.165</y>
      <w>0.30596286</w>
      <t>933</t>
    </point>
    <point>
      <x>0.57</x>
      <y>0.165</y>
      <w>0.30596286</w>
      <t>933</t>
    </point>
    <point>
      <x>0.5733333</x>
      <y>0.165</y>
      <w>0.33919844</w>
      <t>966</t>
    </point>
    <point>
      <x>0.57666665</x>
      <y>0.165</y>
      <w>0.33919844</w>
      <t>966</t>
    </point>
    <point>
      <x>0.58</x>
      <y>0.165</y>
      <w>0.33919844</w>
      <t>966</t>
    </point>
    <point>
      <x>0.5833333</x>
      <y>0.16666667</y>
      <w>0.33919844</w>
      <t>966</t>
    </point>
    <point>
      <x>0.58666664</x>
      <y>0.16666667</y>
      <w>0.33919844</w>
      <t>966</t>
    </point>
    <point>
      <x>0.59</x>
      <y>0.16833334</y>
      <w>0.3489736</w>
      <t>1000</t>
    </point>
    <point>
      <x>0.5933333</x>
      <y>0.16833334</y>
      <w>0.3489736</w>
      <t>1000</t>
    </point>
    <point>
      <x>0.5966667</x>
      <y>0.17</y>
      <w>0.3489736</w>
      <t>1000</t>
    </point>
    <point>
      <x>0.59833336</x>
      <y>0.17166667</y>
      <w>0.3489736</w>
      <t>1000</t>
    </point>
    <point>
      <x>0.6</x>
      <y>0.17333333</y>
      <w>0.38220918</w>
      <t>1033</t>
    </point>
    <point>
      <x>0.60333335</x>
      <y>0.175</y>
      <w>0.38220918</w>
      <t>1033</t>
    </point>
    <point>
      <x>0.605</x>
      <y>0.17833333</y>
      <w>0.38220918</w>
      <t>1033</t>
    </point>
    <point>
      <x>0.6066667</x>
      <y>0.18</y>
      <w>0.38220918</w>
      <t>1033</t>
    </point>
    <point>
      <x>0.60833335</x>
      <y>0.18166667</y>
      <w>0.40273705</w>
      <t>1066</t>
    </point>
    <point>
      <x>0.61</x>
      <y>0.18333334</y>
      <w>0.40273705</w>
      <t>1066</t>
    </point>
    <point>
      <x>0.61</x>
      <y>0.18666667</y>
      <w>0.40273705</w>
      <t>1066</t>
    </point>
    <point>
      <x>0.6116667</x>
      <y>0.18833333</y>
      <w>0.40273705</w>
      <t>1066</t>
    </point>
    <point>
      <x>0.61333334</x>
      <y>0.19166666</y>
      <w>0.40273705</w>
      <t>1066</t>
    </point>
    <point>
      <x>0.61333334</x>
      <y>0.195</y>
      <w>0.45747802</w>
      <t>1100</t>
    </point>
    <point>
      <x>0.615</x>
      <y>0.19833334</y>
      <w>0.45747802</w>
      <t>1100</t>
    </point>
    <point>
      <x>0.615</x>
      <y>0.20166667</y>
      <w>0.45747802</w>
      <t>1100</t>
    </point>
    <point>
      <x>0.6166667</x>
      <y>0.205</y>
      <w>0.45747802</w>
      <t>1100</t>
    </point>
    <point>
      <x>0.6166667</x>
      <y>0.21</y>
      <w>0.45747802</w>
      <t>1101</t>
    </point>
    <point>
      <x>0.6166667</x>
      <y>0.215</y>
      <w>0.48973608</w>
      <t>1135</t>
    </point>
    <point>
      <x>0.6166667</x>
      <y>0.22</y>
      <w>0.48973608</w>
      <t>1135</t>
    </point>
    <point>
      <x>0.6166667</x>
      <y>0.225</y>
      <w>0.48973608</w>
      <t>1135</t>
    </point>
    <point>
      <x>0.6166667</x>
      <y>0.23166667</y>
      <w>0.48973608</w>
      <t>1135</t>
    </point>
    <point>
      <x>0.6166667</x>
      <y>0.23666666</y>
      <w>0.50048876</w>
      <t>1167</t>
    </point>
    <point>
      <x>0.6166667</x>
      <y>0.24333334</y>
      <w>0.50048876</w>
      <t>1167</t>
    </point>
    <point>
      <x>0.6166667</x>
      <y>0.25</y>
      <w>0.50048876</w>
      <t>1167</t>
    </point>
    <point>
      <x>0.615</x>
      <y>0.255</y>
      <w>0.50048876</w>
      <t>1167</t>
    </point>
    <point>
      <x>0.615</x>
      <y>0.26166666</y>
      <w>0.51319647</w>
      <t>1200</t>
    </point>
    <point>
      <x>0.615</x>
      <y>0.26833335</y>
      <w>0.51319647</w>
      <t>1200</t>
    </point>
    <point>
      <x>0.615</x>
      <y>0.275</y>
      <w>0.51319647</w>
      <t>1200</t>
    </point>
    <point>
      <x>0.61333334</x>
      <y>0.28166667</y>
      <w>0.51319647</w>
      <t>1200</t>
    </point>
    <point>
      <x>0.61333334</x>
      <y>0.28833333</y>
      <w>0.51319647</w>
      <t>1200</t>
    </point>
    <point>
      <x>0.61333334</x>
      <y>0.295</y>
      <w>0.5288367</w>
      <t>1234</t>
    </point>
    <point>
      <x>0.6116667</x>
      <y>0.30333334</y>
      <w>0.5288367</w>
      <t>1234</t>
    </point>
    <point>
      <x>0.6116667</x>
      <y>0.31</y>
      <w>0.5288367</w>
      <t>1234</t>
    </point>
    <point>
      <x>0.6116667</x>
      <y>0.31666666</y>
      <w>0.5288367</w>
      <t>1234</t>
    </point>
    <point>
      <x>0.61</x>
      <y>0.325</y>
      <w>0.54447705</w>
      <t>1267</t>
    </point>
    <point>
      <x>0.61</x>
      <y>0.33166668</y>
      <w>0.54447705</w>
      <t>1267</t>
    </point>
    <point>
      <x>0.61</x>
      <y>0.33833334</y>
      <w>0.54447705</w>
      <t>1267</t>
    </point>
    <point>
      <x>0.61</x>
      <y>0.34666666</y>
      <w>0.54447705</w>
      <t>1267</t>
    </point>
    <point>
      <x>0.61</x>
      <y>0.35333332</y>
      <w>0.54447705</w>
      <t>1267</t>
    </point>
    <point>
      <x>0.61</x>
      <y>0.36</y>
      <w>0.5493646</w>
      <t>1300</t>
    </point>
    <point>
      <x>0.6116667</x>
      <y>0.36666667</y>
      <w>0.5493646</w>
      <t>1300</t>
    </point>
    <point>
      <x>0.61333334</x>
      <y>0.37333333</y>
      <w>0.5493646</w>
      <t>1300</t>
    </point>
    <point>
      <x>0.61333334</x>
      <y>0.37833333</y>
      <w>0.5493646</w>
      <t>1300</t>
    </point>
    <point>
      <x>0.615</x>
      <y>0.385</y>
      <w>0.5532747</w>
      <t>1334</t>
    </point>
    <point>
      <x>0.6166667</x>
      <y>0.39166668</y>
      <w>0.5532747</w>
      <t>1334</t>
    </point>
    <point>
      <x>0.61833334</x>
      <y>0.39833334</y>
      <w>0.5532747</w>
      <t>1334</t>
    </point>
    <point>
      <x>0.61833334</x>
      <y>0.40333334</y>
      <w>0.5532747</w>
      <t>1334</t>
    </point>
    <point>
      <x>0.62</x>
      <y>0.40833333</y>
      <w>0.5552297</w>
      <t>1367</t>
    </point>
    <point>
      <x>0.62333333</x>
      <y>0.415</y>
      <w>0.5552297</w>
      <t>1367</t>
    </point>
    <point>
      <x>0.625</x>
      <y>0.42</y>
      <w>0.5552297</w>
      <t>1367</t>
    </point>
    <point>
      <x>0.62833333</x>
      <y>0.42666668</y>
      <w>0.5552297</w>
      <t>1367</t>
    </point>
    <point>
      <x>0.63</x>
      <y>0.43166667</y>
      <w>0.5552297</w>
      <t>1367</t>
    </point>
    <point>
      <x>0.6333333</x>
      <y>0.43666667</y>
      <w>0.55718476</w>
      <t>1400</t>
    </point>
    <point>
      <x>0.63666666</x>
      <y>0.44</y>
      <w>0.55718476</w>
      <t>1400</t>
    </point>
    <point>
      <x>0.64</x>
      <y>0.445</y>
      <w>0.55718476</w>
      <t>1400</t>
    </point>
    <point>
      <x>0.645</x>
      <y>0.44833332</y>
      <w>0.55718476</w>
      <t>1400</t>
    </point>
    <point>
      <x>0.65</x>
      <y>0.45333335</y>
      <w>0.55718476</w>
      <t>1434</t>
    </point>
    <point>
      <x>0.655</x>
      <y>0.45666668</y>
      <w>0.55718476</w>
      <t>1434</t>
    </point>
    <point>
      <x>0.66</x>
      <y>0.45833334</y>
      <w>0.55718476</w>
      <t>1434</t>
    </point>
    <point>
      <x>0.665</x>
      <y>0.46166667</y>
      <w>0.55718476</w>
      <t>1434</t>
    </point>
    <point>
      <x>0.67</x>
      <y>0.46333334</y>
      <w>0.55718476</w>
      <t>1434</t>
    </point>
    <point>
      <x>0.675</x>
      <y>0.465</y>
      <w>0.5532747</w>
      <t>1467</t>
    </point>
    <point>
      <x>0.68</x>
      <y>0.46666667</y>
      <w>0.5532747</w>
      <t>1467</t>
    </point>
    <point>
      <x>0.685</x>
      <y>0.46666667</y>
      <w>0.5532747</w>
      <t>1467</t>
    </point>
    <point>
      <x>0.69</x>
      <y>0.46833333</y>
      <w>0.5532747</w>
      <t>1467</t>
    </point>
    <point>
      <x>0.695</x>
      <y>0.46833333</y>
      <w>0.5434995</w>
      <t>1500</t>
    </point>
    <point>
      <x>0.70166665</x>
      <y>0.46833333</y>
      <w>0.5434995</w>
      <t>1500</t>
    </point>
    <point>
      <x>0.70666665</x>
      <y>0.46833333</y>
      <w>0.5434995</w>
      <t>1500</t>
    </point>
    <point>
      <x>0.71166664</x>
      <y>0.46833333</y>
      <w>0.5434995</w>
      <t>1500</t>
    </point>
    <point>
      <x>0.71666664</x>
      <y>0.46833333</y>
      <w>0.5434995</w>
      <t>1500</t>
    </point>
    <point>
      <x>0.72</x>
      <y>0.46666667</y>
      <w>0.49951124</w>
      <t>1534</t>
    </point>
    <point>
      <x>0.725</x>
      <y>0.465</y>
      <w>0.49951124</w>
      <t>1534</t>
    </point>
    <point>
      <x>0.72833335</x>
      <y>0.46333334</y>
      <w>0.49951124</w>
      <t>1534</t>
    </point>
    <point>
      <x>0.7316667</x>
      <y>0.46166667</y>
      <w>0.49951124</w>
      <t>1534</t>
    </point>
    <point>
      <x>0.735</x>
      <y>0.45833334</y>
      <w>0.4740958</w>
      <t>1567</t>
    </point>
    <point>
      <x>0.73833334</x>
      <y>0.45666668</y>
      <w>0.4740958</w>
      <t>1567</t>
    </point>
    <point>
      <x>0.74</x>
      <y>0.45333335</y>
      <w>0.4740958</w>
      <t>1567</t>
    </point>
    <point>
      <x>0.7416667</x>
      <y>0.45166665</y>
      <w>0.4740958</w>
      <t>1567</t>
    </point>
    <point>
      <x>0.74333334</x>
      <y>0.44833332</y>
      <w>0.4740958</w>
      <t>1567</t>
    </point>
    <point>
      <x>0.74333334</x>
      <y>0.44666666</y>
      <w>0.44477028</w>
      <t>1601</t>
    </point>
    <point>
      <x>0.74333334</x>
      <y>0.44333333</y>
      <w>0.44477028</w>
      <t>1601</t>
    </point>
    <point>
      <x>0.74333334</x>
      <y>0.44</y>
      <w>0.44477028</w>
      <t>1601</t>
    </point>
    <point>
      <x>0.74333334</x>
      <y>0.43833333</y>
      <w>0.44477028</w>
      <t>1601</t>
    </point>
    <point>
      <x>0.74333334</x>
      <y>0.435</y>
      <w>0.44965786</w>
      <t>1634</t>
    </point>
    <point>
      <x>0.74333334</x>
      <y>0.43333334</y>
      <w>0.44965786</w>
      <t>1634</t>
    </point>
    <point>
      <x>0.7416667</x>
      <y>0.43</y>
      <w>0.44965786</w>
      <t>1634</t>
    </point>
    <point>
      <x>0.74</x>
      <y>0.42833334</y>
      <w>0.44965786</w>
      <t>1634</t>
    </point>
    <point>
      <x>0.73833334</x>
      <y>0.42666668</y>
      <w>0.4750733</w>
      <t>1667</t>
    </point>
    <point>
      <x>0.7366667</x>
      <y>0.425</y>
      <w>0.4750733</w>
      <t>1667</t>
    </point>
    <point>
      <x>0.735</x>
      <y>0.42333335</y>
      <w>0.4750733</w>
      <t>1667</t>
    </point>
    <point>
      <x>0.73333335</x>
      <y>0.42166665</y>
      <w>0.4750733</w>
      <t>1667</t>
    </point>
    <point>
      <x>0.7316667</x>
      <y>0.42</y>
      <w>0.4750733</w>
      <t>1667</t>
    </point>
    <point>
      <x>0.72833335</x>
      <y>0.41833332</y>
      <w>0.49951124</w>
      <t>1700</t>
    </point>
    <point>
      <x>0.7266667</x>
      <y>0.41666666</y>
      <w>0.49951124</w>
      <t>1700</t>
    </point>
    <point>
      <x>0.72333336</x>
      <y>0.415</y>
      <w>0.49951124</w>
      <t>1700</t>
    </point>
    <point>
      <x>0.72</x>
      <y>0.415</y>
      <w>0.49951124</w>
      <t>1700</t>
    </point>
    <point>
      <x>0.71666664</x>
      <y>0.41333333</y>
      <w>0.52297163</w>
      <t>1734</t>
    </point>
    <point>
      <x>0.715</x>
      <y>0.41166666</y>
      <w>0.52297163</w>
      <t>1734</t>
    </point>
    <point>
      <x>0.71166664</x>
      <y>0.41166666</y>
      <w>0.52297163</w>
      <t>1734</t>
    </point>
    <point>
      <x>0.7083333</x>
      <y>0.41</y>
      <w>0.52297163</w>
      <t>1734</t>
    </point>
    <point>
      <x>0.705</x>
      <y>0.40833333</y>
      <w>0.52297163</w>
      <t>1734</t>
    </point>
    <point>
      <x>0.7</x>
      <y>0.40833333</y>
      <w>0.5434995</w>
      <t>1767</t>
    </point>
    <point>
      <x>0.69666666</x>
      <y>0.40666667</y>
      <w>0.5434995</w>
      <t>1767</t>
    </point>
    <point>
      <x>0.6933333</x>
      <y>0.405</y>
      <w>0.5434995</w>
      <t>1767</t>
    </point>
    <point>
      <x>0.69</x>
      <y>0.40333334</y>
      <w>0.5434995</w>
      <t>1767</t>
    </point>
    <point>
      <x>0.685</x>
      <y>0.40333334</y>
      <w>0.5464321</w>
      <t>1801</t>
    </point>
    <point>
      <x>0.6816667</x>
      <y>0.40166667</y>
      <w>0.5464321</w>
      <t>1801</t>
    </point>
    <point>
      <x>0.67833334</x>
      <y>0.4</y>
      <w>0.5464321</w>
      <t>1801</t>
    </point>
    <point>
      <x>0.675</x>
      <y>0.39833334</y>
      <w>0.5464321</w>
      <t>1801</t>
    </point>
    <point>
      <x>0.6716667</x>
      <y>0.39666668</y>
      <w>0.5464321</w>
      <t>1801</t>
    </point>
    <point>
      <x>0.66833335</x>
      <y>0.39666668</y>
      <w>0.5483871</w>
      <t>1834</t>
    </point>
    <point>
      <x>0.665</x>
      <y>0.395</y>
      <w>0.5483871</w>
      <t>1834</t>
    </point>
    <point>
      <x>0.6616667</x>
      <y>0.39333335</y>
      <w>0.5483871</w>
      <t>1834</t>
    </point>
    <point>
      <x>0.65833336</x>
      <y>0.39333335</y>
      <w>0.5483871</w>
      <t>1834</t>
    </point>
    <point>
      <x>0.655</x>
      <y>0.39166668</y>
      <w>0.5532747</w>
      <t>1867</t>
    </point>
    <point>
      <x>0.65166664</x>
      <y>0.39</y>
      <w>0.5532747</w>
      <t>1867</t>
    </point>
    <point>
      <x>0.65</x>
      <y>0.39</y>
      <w>0.5532747</w>
      <t>1867</t>
    </point>
    <point>
      <x>0.64666665</x>
      <y>0.38833332</y>
      <w>0.5532747</w>
      <t>1867</t>
    </point>
    <point>
      <x>0.6433333</x>
      <y>0.38833332</y>
      <w>0.5532747</w>
      <t>1867</t>
    </point>
    <point>
      <x>0.64</x>
      <y>0.38666666</y>
      <w>0.5552297</w>
      <t>1900</t>
    </point>
    <point>
      <x>0.6383333</x>
      <y>0.38666666</y>
      <w>0.5552297</w>
      <t>1900</t>
    </point>
    <point>
      <x>0.635</x>
      <y>0.385</y>
      <w>0.5552297</w>
      <t>1900</t>
    </point>
    <point>
      <x>0.63166666</x>
      <y>0.385</y>
      <w>0.5552297</w>
      <t>1900</t>
    </point>
    <point>
      <x>0.63</x>
      <y>0.38333333</y>
      <w>0.55718476</w>
      <t>1934</t>
    </point>
    <point>
      <x>0.62666667</x>
      <y>0.38333333</y>
      <w>0.55718476</w>
      <t>1934</t>
    </point>
    <point>
      <x>0.62166667</x>
      <y>0.38166666</y>
      <w>0.55718476</w>
      <t>1934</t>
    </point>
    <point>
      <x>0.61833334</x>
      <y>0.38166666</y>
      <w>0.55718476</w>
      <t>1934</t>
    </point>
    <point>
      <x>0.61333334</x>
      <y>0.38</y>
      <w>0.56304985</w>
      <t>1967</t>
    </point>
    <point>
      <x>0.61</x>
      <y>0.38</y>
      <w>0.56304985</w>
      <t>1967</t>
    </point>
    <point>
      <x>0.605</x>
      <y>0.38</y>
      <w>0.56304985</w>
      <t>1967</t>
    </point>
    <point>
      <x>0.6016667</x>
      <y>0.37833333</y>
      <w>0.56304985</w>
      <t>1967</t>
    </point>
    <point>
      <x>0.5966667</x>
      <y>0.37833333</y>
      <w>0.56304985</w>
      <t>1967</t>
    </point>
    <point>
      <x>0.5933333</x>
      <y>0.37833333</y>
      <w>0.56402737</w>
      <t>2001</t>
    </point>
    <point>
      <x>0.59166664</x>
      <y>0.37666667</y>
      <w>0.56402737</w>
      <t>2001</t>
    </point>
    <point>
      <x>0.5883333</x>
      <y>0.37666667</y>
      <w>0.56402737</w>
      <t>2001</t>
    </point>
    <point>
      <x>0.58666664</x>
      <y>0.37666667</y>
      <w>0.56402737</w>
      <t>2001</t>
    </point>
    <point>
      <x>0.585</x>
      <y>0.37666667</y>
      <w>0.56402737</w>
      <t>2001</t>
    </point>
    <point>
      <x>0.5833333</x>
      <y>0.37666667</y>
      <w>0.5659824</w>
      <t>2034</t>
    </point>
    <point>
      <x>0.58166665</x>
      <y>0.37666667</y>
      <w>0.5659824</w>
      <t>2034</t>
    </point>
    <point>
      <x>0.58</x>
      <y>0.375</y>
      <w>0.5659824</w>
      <t>2034</t>
    </point>
    <point>
      <x>0.5783333</x>
      <y>0.375</y>
      <w>0.5659824</w>
      <t>2034</t>
    </point>
    <point>
      <x>0.57666665</x>
      <y>0.375</y>
      <w>0.5669599</w>
      <t>2067</t>
    </point>
    <point>
      <x>0.575</x>
      <y>0.375</y>
      <w>0.5669599</w>
      <t>2067</t>
    </point>
    <point>
      <x>0.57166666</x>
      <y>0.375</y>
      <w>0.5669599</w>
      <t>2067</t>
    </point>
    <point>
      <x>0.57</x>
      <y>0.37333333</y>
      <w>0.5669599</w>
      <t>2067</t>
    </point>
    <point>
      <x>0.56666666</x>
      <y>0.37333333</y>
      <w>0.5718475</w>
      <t>2100</t>
    </point>
    <point>
      <x>0.565</x>
      <y>0.37333333</y>
      <w>0.5718475</w>
      <t>2100</t>
    </point>
    <point>
      <x>0.56166667</x>
      <y>0.37333333</y>
      <w>0.5718475</w>
      <t>2100</t>
    </point>
    <point>
      <x>0.55833334</x>
      <y>0.37333333</y>
      <w>0.5718475</w>
      <t>2100</t>
    </point>
    <point>
      <x>0.555</x>
      <y>0.37333333</y>
      <w>0.5718475</w>
      <t>2100</t>
    </point>
    <point>
      <x>0.5516667</x>
      <y>0.37333333</y>
      <w>0.57380253</w>
      <t>2134</t>
    </point>
    <point>
      <x>0.54833335</x>
      <y>0.37333333</y>
      <w>0.57380253</w>
      <t>2134</t>
    </point>
    <point>
      <x>0.545</x>
      <y>0.37333333</y>
      <w>0.57380253</w>
      <t>2134</t>
    </point>
    <point>
      <x>0.5416667</x>
      <y>0.37333333</y>
      <w>0.57380253</w>
      <t>2134</t>
    </point>
    <point>
      <x>0.53833336</x>
      <y>0.37333333</y>
      <w>0.5777126</w>
      <t>2167</t>
    </point>
    <point>
      <x>0.535</x>
      <y>0.37333333</y>
      <w>0.5777126</w>
      <t>2167</t>
    </point>
    <point>
      <x>0.5316667</x>
      <y>0.37333333</y>
      <w>0.5777126</w>
      <t>2167</t>
    </point>
    <point>
      <x>0.5283333</x>
      <y>0.37333333</y>
      <w>0.5777126</w>
      <t>2167</t>
    </point>
    <point>
      <x>0.525</x>
      <y>0.37333333</y>
      <w>0.5777126</w>
      <t>2167</t>
    </point>
    <point>
      <x>0.5233333</x>
      <y>0.37333333</y>
      <w>0.58064514</w>
      <t>2200</t>
    </point>
    <point>
      <x>0.52</x>
      <y>0.37333333</y>
      <w>0.58064514</w>
      <t>2200</t>
    </point>
    <point>
      <x>0.5183333</x>
      <y>0.37333333</y>
      <w>0.58064514</w>
      <t>2200</t>
    </point>
    <point>
      <x>0.515</x>
      <y>0.37333333</y>
      <w>0.58064514</w>
      <t>2200</t>
    </point>
    <point>
      <x>0.5133333</x>
      <y>0.37333333</y>
      <w>0.58064514</w>
      <t>2234</t>
    </point>
    <point>
      <x>0.51166666</x>
      <y>0.37333333</y>
      <w>0.58064514</w>
      <t>2234</t>
    </point>
    <point>
      <x>0.51</x>
      <y>0.37333333</y>
      <w>0.58064514</w>
      <t>2234</t>
    </point>
    <point>
      <x>0.5083333</x>
      <y>0.37333333</y>
      <w>0.58064514</w>
      <t>2234</t>
    </point>
    <point>
      <x>0.50666666</x>
      <y>0.37333333</y>
      <w>0.58064514</w>
      <t>2267</t>
    </point>
    <point>
      <x>0.505</x>
      <y>0.37333333</y>
      <w>0.58064514</w>
      <t>2267</t>
    </point>
    <point>
      <x>0.50333333</x>
      <y>0.37333333</y>
      <w>0.58064514</w>
      <t>2267</t>
    </point>
    <point>
      <x>0.50166667</x>
      <y>0.375</y>
      <w>0.58064514</w>
      <t>2267</t>
    </point>
    <point>
      <x>0.5</x>
      <y>0.375</y>
      <w>0.58064514</w>
      <t>2267</t>
    </point>
    <point>
      <x>0.49833333</x>
      <y>0.375</y>
      <w>0.58064514</w>
      <t>2301</t>
    </point>
    <point>
      <x>0.49666667</x>
      <y>0.37666667</y>
      <w>0.58064514</w>
      <t>2301</t>
    </point>
    <point>
      <x>0.495</x>
      <y>0.37666667</y>
      <w>0.5767351</w>
      <t>2333</t>
    </point>
    <point>
      <x>0.49333334</x>
      <y>0.37833333</y>
      <w>0.57478005</w>
      <t>2367</t>
    </point>
    <point>
      <x>0.49166667</x>
      <y>0.38</y>
      <w>0.57478005</w>
      <t>2367</t>
    </point>
    <point>
      <x>0.49</x>
      <y>0.38</y>
      <w>0.57478005</w>
      <t>2367</t>
    </point>
    <point>
      <x>0.49</x>
      <y>0.38166666</y>
      <w>0.5669599</w>
      <t>2401</t>
    </point>
    <point>
      <x>0.49</x>
      <y>0.38333333</y>
      <w>0.5669599</w>
      <t>2401</t>
    </point>
    <point>
      <x>0.48833334</x>
      <y>0.38333333</y>
      <w>0.5669599</w>
      <t>2401</t>
    </point>
    <point>
      <x>0.48833334</x>
      <y>0.385</y>
      <w>0.5669599</w>
      <t>2401</t>
    </point>
    <point>
      <x>0.48833334</x>
      <y>0.38833332</y>
      <w>0.56402737</w>
      <t>2434</t>
    </point>
    <point>
      <x>0.48833334</x>
      <y>0.39</y>
      <w>0.56402737</w>
      <t>2434</t>
    </point>
    <point>
      <x>0.48833334</x>
      <y>0.39166668</y>
      <w>0.56402737</w>
      <t>2434</t>
    </point>
    <point>
      <x>0.48833334</x>
      <y>0.395</y>
      <w>0.56402737</w>
      <t>2434</t>
    </point>
    <point>
      <x>0.48833334</x>
      <y>0.39666668</y>
      <w>0.56304985</w>
      <t>2467</t>
    </point>
    <point>
      <x>0.48833334</x>
      <y>0.4</y>
      <w>0.56304985</w>
      <t>2467</t>
    </point>
    <point>
      <x>0.48833334</x>
      <y>0.40333334</y>
      <w>0.56304985</w>
      <t>2467</t>
    </point>
    <point>
      <x>0.48833334</x>
      <y>0.40666667</y>
      <w>0.56304985</w>
      <t>2467</t>
    </point>
    <point>
      <x>0.48833334</x>
      <y>0.41</y>
      <w>0.56304985</w>
      <t>2467</t>
    </point>
    <point>
      <x>0.48833334</x>
      <y>0.41166666</y>
      <w>0.56304985</w>
      <t>2500</t>
    </point>
    <point>
      <x>0.48833334</x>
      <y>0.415</y>
      <w>0.56304985</w>
      <t>2500</t>
    </point>
    <point>
      <x>0.48833334</x>
      <y>0.41833332</y>
      <w>0.56304985</w>
      <t>2500</t>
    </point>
    <point>
      <x>0.49</x>
      <y>0.42166665</y>
      <w>0.56304985</w>
      <t>2500</t>
    </point>
    <point>
      <x>0.49</x>
      <y>0.425</y>
      <w>0.56402737</w>
      <t>2534</t>
    </point>
    <point>
      <x>0.49</x>
      <y>0.42833334</y>
      <w>0.56402737</w>
      <t>2534</t>
    </point>
    <point>
      <x>0.49</x>
      <y>0.43166667</y>
      <w>0.56402737</w>
      <t>2534</t>
    </point>
    <point>
      <x>0.49</x>
      <y>0.43666667</y>
      <w>0.56402737</w>
      <t>2534</t>
    </point>
    <point>
      <x>0.49</x>
      <y>0.44</y>
      <w>0.56402737</w>
      <t>2567</t>
    </point>
    <point>
      <x>0.49</x>
      <y>0.44333333</y>
      <w>0.56402737</w>
      <t>2567</t>
    </point>
    <point>
      <x>0.49</x>
      <y>0.44833332</y>
      <w>0.56402737</w>
      <t>2567</t>
    </point>
    <point>
      <x>0.49166667</x>
      <y>0.45166665</y>
      <w>0.56402737</w>
      <t>2567</t>
    </point>
    <point>
      <x>0.49166667</x>
      <y>0.455</y>
      <w>0.56402737</w>
      <t>2567</t>
    </point>
    <point>
      <x>0.49166667</x>
      <y>0.45833334</y>
      <w>0.56402737</w>
      <t>2601</t>
    </point>
    <point>
      <x>0.49166667</x>
      <y>0.46166667</y>
      <w>0.56402737</w>
      <t>2601</t>
    </point>
    <point>
      <x>0.49166667</x>
      <y>0.46666667</y>
      <w>0.56402737</w>
      <t>2601</t>
    </point>
    <point>
      <x>0.49166667</x>
      <y>0.47</y>
      <w>0.56402737</w>
      <t>2601</t>
    </point>
    <point>
      <x>0.49166667</x>
      <y>0.47333333</y>
      <w>0.56402737</w>
      <t>2601</t>
    </point>
    <point>
      <x>0.49166667</x>
      <y>0.47833332</y>
      <w>0.5650049</w>
      <t>2634</t>
    </point>
    <point>
      <x>0.49166667</x>
      <y>0.48166665</y>
      <w>0.5650049</w>
      <t>2634</t>
    </point>
    <point>
      <x>0.49166667</x>
      <y>0.485</y>
      <w>0.5650049</w>
      <t>2634</t>
    </point>
    <point>
      <x>0.49166667</x>
      <y>0.49</y>
      <w>0.5650049</w>
      <t>2634</t>
    </point>
    <point>
      <x>0.49166667</x>
      <y>0.49333334</y>
      <w>0.5650049</w>
      <t>2667</t>
    </point>
    <point>
      <x>0.49</x>
      <y>0.49666667</y>
      <w>0.5650049</w>
      <t>2667</t>
    </point>
    <point>
      <x>0.49</x>
      <y>0.50166667</y>
      <w>0.5650049</w>
      <t>2667</t>
    </point>
    <point>
      <x>0.49</x>
      <y>0.505</y>
      <w>0.5650049</w>
      <t>2667</t>
    </point>
    <point>
      <x>0.48833334</x>
      <y>0.5083333</y>
      <w>0.5659824</w>
      <t>2700</t>
    </point>
    <point>
      <x>0.48833334</x>
      <y>0.51166666</y>
      <w>0.5659824</w>
      <t>2700</t>
    </point>
    <point>
      <x>0.48666668</x>
      <y>0.51666665</y>
      <w>0.5659824</w>
      <t>2700</t>
    </point>
    <point>
      <x>0.485</x>
      <y>0.52</y>
      <w>0.5659824</w>
      <t>2700</t>
    </point>
    <point>
      <x>0.485</x>
      <y>0.5233333</y>
      <w>0.5659824</w>
      <t>2700</t>
    </point>
    <point>
      <x>0.48333332</x>
      <y>0.5283333</y>
      <w>0.56989247</w>
      <t>2734</t>
    </point>
    <point>
      <x>0.48166665</x>
      <y>0.5316667</y>
      <w>0.56989247</w>
      <t>2734</t>
    </point>
    <point>
      <x>0.48166665</x>
      <y>0.535</y>
      <w>0.56989247</w>
      <t>2734</t>
    </point>
    <point>
      <x>0.48</x>
      <y>0.54</y>
      <w>0.56989247</w>
      <t>2734</t>
    </point>
    <point>
      <x>0.47833332</x>
      <y>0.54333335</y>
      <w>0.56989247</w>
      <t>2767</t>
    </point>
    <point>
      <x>0.47833332</x>
      <y>0.54833335</y>
      <w>0.56989247</w>
      <t>2767</t>
    </point>
    <point>
      <x>0.47666666</x>
      <y>0.5516667</y>
      <w>0.56989247</w>
      <t>2767</t>
    </point>
    <point>
      <x>0.475</x>
      <y>0.5566667</y>
      <w>0.56989247</w>
      <t>2767</t>
    </point>
    <point>
      <x>0.475</x>
      <y>0.56</y>
      <w>0.56989247</w>
      <t>2767</t>
    </point>
    <point>
      <x>0.47333333</x>
      <y>0.56333333</y>
      <w>0.5669599</w>
      <t>2801</t>
    </point>
    <point>
      <x>0.47333333</x>
      <y>0.5683333</y>
      <w>0.5669599</w>
      <t>2801</t>
    </point>
    <point>
      <x>0.47333333</x>
      <y>0.57166666</y>
      <w>0.5669599</w>
      <t>2801</t>
    </point>
    <point>
      <x>0.47333333</x>
      <y>0.575</y>
      <w>0.5669599</w>
      <t>2801</t>
    </point>
    <point>
      <x>0.47333333</x>
      <y>0.57666665</y>
      <w>0.5650049</w>
      <t>2834</t>
    </point>
    <point>
      <x>0.47333333</x>
      <y>0.58</y>
      <w>0.5650049</w>
      <t>2834</t>
    </point>
    <point>
      <x>0.475</x>
      <y>0.5833333</y>
      <w>0.5650049</w>
      <t>2834</t>
    </point>
    <point>
      <x>0.475</x>
      <y>0.585</y>
      <w>0.5650049</w>
      <t>2834</t>
    </point>
    <point>
      <x>0.47666666</x>
      <y>0.5883333</y>
      <w>0.56207234</w>
      <t>2867</t>
    </point>
    <point>
      <x>0.47833332</x>
      <y>0.59166664</y>
      <w>0.56207234</w>
      <t>2867</t>
    </point>
    <point>
      <x>0.48</x>
      <y>0.595</y>
      <w>0.56207234</w>
      <t>2867</t>
    </point>
    <point>
      <x>0.48166665</x>
      <y>0.5966667</y>
      <w>0.56207234</w>
      <t>2867</t>
    </point>
    <point>
      <x>0.485</x>
      <y>0.6</y>
      <w>0.56207234</w>
      <t>2867</t>
    </point>
    <point>
      <x>0.48666668</x>
      <y>0.60333335</y>
      <w>0.5591398</w>
      <t>2901</t>
    </point>
    <point>
      <x>0.49</x>
      <y>0.6066667</y>
      <w>0.5591398</w>
      <t>2901</t>
    </point>
    <point>
      <x>0.49333334</x>
      <y>0.61</y>
      <w>0.5591398</w>
      <t>2901</t>
    </point>
    <point>
      <x>0.49666667</x>
      <y>0.6116667</y>
      <w>0.5591398</w>
      <t>2901</t>
    </point>
    <point>
      <x>0.50166667</x>
      <y>0.615</y>
      <w>0.5591398</w>
      <t>2901</t>
    </point>
    <point>
      <x>0.505</x>
      <y>0.6166667</y>
      <w>0.55620724</w>
      <t>2934</t>
    </point>
    <point>
      <x>0.51</x>
      <y>0.62</y>
      <w>0.55620724</w>
      <t>2934</t>
    </point>
    <point>
      <x>0.5133333</x>
      <y>0.62166667</y>
      <w>0.55620724</w>
      <t>2934</t>
    </point>
    <point>
      <x>0.5183333</x>
      <y>0.625</y>
      <w>0.55620724</w>
      <t>2934</t>
    </point>
    <point>
      <x>0.52166665</x>
      <y>0.62833333</y>
      <w>0.5483871</w>
      <t>2967</t>
    </point>
    <point>
      <x>0.52666664</x>
      <y>0.63166666</y>
      <w>0.5483871</w>
      <t>2967</t>
    </point>
    <point>
      <x>0.53</x>
      <y>0.635</y>
      <w>0.5483871</w>
      <t>2967</t>
    </point>
    <point>
      <x>0.535</x>
      <y>0.6383333</y>
      <w>0.5483871</w>
      <t>2967</t>
    </point>
    <point>
      <x>0.54</x>
      <y>0.64166665</y>
      <w>0.5483871</w>
      <t>3001</t>
    </point>
    <point>
      <x>0.54333335</x>
      <y>0.645</y>
      <w>0.5483871</w>
      <t>3001</t>
    </point>
    <point>
      <x>0.54833335</x>
      <y>0.6483333</y>
      <w>0.5483871</w>
      <t>3001</t>
    </point>
    <point>
      <x>0.5516667</x>
      <y>0.65166664</y>
      <w>0.5483871</w>
      <t>3001</t>
    </point>
    <point>
      <x>0.5566667</x>
      <y>0.655</y>
      <w>0.5483871</w>
      <t>3001</t>
    </point>
    <point>
      <x>0.56</x>
      <y>0.65833336</y>
      <w>0.5483871</w>
      <t>3034</t>
    </point>
    <point>
      <x>0.565</x>
      <y>0.6616667</y>
      <w>0.5483871</w>
      <t>3034</t>
    </point>
    <point>
      <x>0.5683333</x>
      <y>0.665</y>
      <w>0.5483871</w>
      <t>3034</t>
    </point>
    <point>
      <x>0.57166666</x>
      <y>0.66833335</y>
      <w>0.5483871</w>
      <t>3034</t>
    </point>
    <point>
      <x>0.575</x>
      <y>0.6716667</y>
      <w>0.54545456</w>
      <t>3067</t>
    </point>
    <point>
      <x>0.58</x>
      <y>0.6766667</y>
      <w>0.54545456</w>
      <t>3067</t>
    </point>
    <point>
      <x>0.5833333</x>
      <y>0.6816667</y>
      <w>0.54545456</w>
      <t>3067</t>
    </point>
    <point>
      <x>0.58666664</x>
      <y>0.685</y>
      <w>0.54545456</w>
      <t>3067</t>
    </point>
    <point>
      <x>0.59</x>
      <y>0.69</y>
      <w>0.54545456</w>
      <t>3067</t>
    </point>
    <point>
      <x>0.5933333</x>
      <y>0.695</y>
      <w>0.5464321</w>
      <t>3101</t>
    </point>
    <point>
      <x>0.5966667</x>
      <y>0.6983333</y>
      <w>0.5464321</w>
      <t>3101</t>
    </point>
    <point>
      <x>0.6</x>
      <y>0.7033333</y>
      <w>0.5464321</w>
      <t>3101</t>
    </point>
    <point>
      <x>0.6016667</x>
      <y>0.7083333</y>
      <w>0.5464321</w>
      <t>3101</t>
    </point>
    <point>
      <x>0.605</x>
      <y>0.71166664</y>
      <w>0.53958946</w>
      <t>3134</t>
    </point>
    <point>
      <x>0.6066667</x>
      <y>0.71666664</y>
      <w>0.53958946</w>
      <t>3134</t>
    </point>
    <point>
      <x>0.61</x>
      <y>0.7216667</y>
      <w>0.53958946</w>
      <t>3134</t>
    </point>
    <point>
      <x>0.61</x>
      <y>0.725</y>
      <w>0.53958946</w>
      <t>3134</t>
    </point>
    <point>
      <x>0.6116667</x>
      <y>0.73</y>
      <w>0.53763443</w>
      <t>3167</t>
    </point>
    <point>
      <x>0.61333334</x>
      <y>0.735</y>
      <w>0.53763443</w>
      <t>3167</t>
    </point>
    <point>
      <x>0.61333334</x>
      <y>0.74</y>
      <w>0.53763443</w>
      <t>3167</t>
    </point>
    <point>
      <x>0.615</x>
      <y>0.745</y>
      <w>0.53763443</w>
      <t>3167</t>
    </point>
    <point>
      <x>0.615</x>
      <y>0.75</y>
      <w>0.53763443</w>
      <t>3167</t>
    </point>
    <point>
      <x>0.615</x>
      <y>0.755</y>
      <w>0.5356794</w>
      <t>3201</t>
    </point>
    <point>
      <x>0.6166667</x>
      <y>0.7583333</y>
      <w>0.5356794</w>
      <t>3201</t>
    </point>
    <point>
      <x>0.6166667</x>
      <y>0.7633333</y>
      <w>0.5356794</w>
      <t>3201</t>
    </point>
    <point>
      <x>0.6166667</x>
      <y>0.76666665</y>
      <w>0.5356794</w>
      <t>3201</t>
    </point>
    <point>
      <x>0.6166667</x>
      <y>0.7733333</y>
      <w>0.5356794</w>
      <t>3201</t>
    </point>
    <point>
      <x>0.6166667</x>
      <y>0.77666664</y>
      <w>0.53274685</w>
      <t>3234</t>
    </point>
    <point>
      <x>0.6166667</x>
      <y>0.7816667</y>
      <w>0.53274685</w>
      <t>3234</t>
    </point>
    <point>
      <x>0.6166667</x>
      <y>0.7866667</y>
      <w>0.53274685</w>
      <t>3234</t>
    </point>
    <point>
      <x>0.6166667</x>
      <y>0.7916667</y>
      <w>0.53274685</w>
      <t>3234</t>
    </point>
    <point>
      <x>0.615</x>
      <y>0.7966667</y>
      <w>0.5268817</w>
      <t>3267</t>
    </point>
    <point>
      <x>0.615</x>
      <y>0.8016667</y>
      <w>0.5268817</w>
      <t>3267</t>
    </point>
    <point>
      <x>0.61333334</x>
      <y>0.8066667</y>
      <w>0.5268817</w>
      <t>3267</t>
    </point>
    <point>
      <x>0.6116667</x>
      <y>0.81166667</y>
      <w>0.5268817</w>
      <t>3267</t>
    </point>
    <point>
      <x>0.60833335</x>
      <y>0.81666666</y>
      <w>0.51906157</w>
      <t>3301</t>
    </point>
    <point>
      <x>0.6066667</x>
      <y>0.82166666</y>
      <w>0.51906157</w>
      <t>3301</t>
    </point>
    <point>
      <x>0.60333335</x>
      <y>0.825</y>
      <w>0.51906157</w>
      <t>3301</t>
    </point>
    <point>
      <x>0.6</x>
      <y>0.83</y>
      <w>0.51906157</w>
      <t>3301</t>
    </point>
    <point>
      <x>0.5966667</x>
      <y>0.8333333</y>
      <w>0.51906157</w>
      <t>3301</t>
    </point>
    <point>
      <x>0.5933333</x>
      <y>0.8383333</y>
      <w>0.5092864</w>
      <t>3334</t>
    </point>
    <point>
      <x>0.5883333</x>
      <y>0.84166664</y>
      <w>0.5092864</w>
      <t>3334</t>
    </point>
    <point>
      <x>0.585</x>
      <y>0.845</y>
      <w>0.5092864</w>
      <t>3334</t>
    </point>
    <point>
      <x>0.58</x>
      <y>0.84833336</y>
      <w>0.5092864</w>
      <t>3334</t>
    </point>
    <point>
      <x>0.575</x>
      <y>0.8516667</y>
      <w>0.5034213</w>
      <t>3367</t>
    </point>
    <point>
      <x>0.57</x>
      <y>0.855</y>
      <w>0.5034213</w>
      <t>3367</t>
    </point>
    <point>
      <x>0.565</x>
      <y>0.85833335</y>
      <w>0.5034213</w>
      <t>3367</t>
    </point>
    <point>
      <x>0.56</x>
      <y>0.86</y>
      <w>0.5034213</w>
      <t>3367</t>
    </point>
    <point>
      <x>0.555</x>
      <y>0.86333334</y>
      <w>0.5034213</w>
      <t>3367</t>
    </point>
    <point>
      <x>0.54833335</x>
      <y>0.865</y>
      <w>0.48973608</w>
      <t>3401</t>
    </point>
    <point>
      <x>0.54333335</x>
      <y>0.8666667</y>
      <w>0.48973608</w>
      <t>3401</t>
    </point>
    <point>
      <x>0.53833336</x>
      <y>0.86833334</y>
      <w>0.48973608</w>
      <t>3401</t>
    </point>
    <point>
      <x>0.5316667</x>
      <y>0.87</y>
      <w>0.48973608</w>
      <t>3401</t>
    </point>
    <point>
      <x>0.52666664</x>
      <y>0.87</y>
      <w>0.47702834</w>
      <t>3433</t>
    </point>
    <point>
      <x>0.52166665</x>
      <y>0.87</y>
      <w>0.47702834</w>
      <t>3433</t>
    </point>
    <point>
      <x>0.515</x>
      <y>0.87</y>
      <w>0.47702834</w>
      <t>3433</t>
    </point>
    <point>
      <x>0.51</x>
      <y>0.87</y>
      <w>0.47702834</w>
      <t>3433</t>
    </point>
    <point>
      <x>0.50333333</x>
      <y>0.87</y>
      <w>0.44379276</w>
      <t>3467</t>
    </point>
    <point>
      <x>0.49833333</x>
      <y>0.87</y>
      <w>0.44379276</w>
      <t>3467</t>
    </point>
    <point>
      <x>0.49166667</x>
      <y>0.86833334</y>
      <w>0.44379276</w>
      <t>3467</t>
    </point>
    <point>
      <x>0.48666668</x>
      <y>0.8666667</y>
      <w>0.44379276</w>
      <t>3467</t>
    </point>
    <point>
      <x>0.48166665</x>
      <y>0.8666667</y>
      <w>0.44379276</w>
      <t>3467</t>
    </point>
    <point>
      <x>0.475</x>
      <y>0.865</y>
      <w>0.44281524</w>
      <t>3501</t>
    </point>
    <point>
      <x>0.47</x>
      <y>0.86333334</y>
      <w>0.44281524</w>
      <t>3501</t>
    </point>
    <point>
      <x>0.465</x>
      <y>0.86333334</y>
      <w>0.44281524</w>
      <t>3501</t>
    </point>
    <point>
      <x>0.46</x>
      <y>0.8616667</y>
      <w>0.44281524</w>
      <t>3501</t>
    </point>
    <point>
      <x>0.45666668</x>
      <y>0.85833335</y>
      <w>0.44281524</w>
      <t>3501</t>
    </point>
    <point>
      <x>0.45166665</x>
      <y>0.8566667</y>
      <w>0.4398827</w>
      <t>3534</t>
    </point>
    <point>
      <x>0.44833332</x>
      <y>0.855</y>
      <w>0.4398827</w>
      <t>3534</t>
    </point>
    <point>
      <x>0.44666666</x>
      <y>0.85333335</y>
      <w>0.4398827</w>
      <t>3534</t>
    </point>
    <point>
      <x>0.44333333</x>
      <y>0.8516667</y>
      <w>0.4398827</w>
      <t>3534</t>
    </point>
    <point>
      <x>0.44166666</x>
      <y>0.84833336</y>
      <w>0.43597263</w>
      <t>3567</t>
    </point>
    <point>
      <x>0.43833333</x>
      <y>0.8466667</y>
      <w>0.43597263</w>
      <t>3567</t>
    </point>
    <point>
      <x>0.43833333</x>
      <y>0.845</y>
      <w>0.43597263</w>
      <t>3567</t>
    </point>
    <point>
      <x>0.43666667</x>
      <y>0.8433333</y>
      <w>0.43597263</w>
      <t>3567</t>
    </point>
    <point>
      <x>0.435</x>
      <y>0.84166664</y>
      <w>0.42521995</w>
      <t>3601</t>
    </point>
    <point>
      <x>0.435</x>
      <y>0.84</y>
      <w>0.42521995</w>
      <t>3601</t>
    </point>
    <point>
      <x>0.435</x>
      <y>0.8383333</y>
      <w>0.42521995</w>
      <t>3601</t>
    </point>
    <point>
      <x>0.435</x>
      <y>0.83666664</y>
      <w>0.42521995</w>
      <t>3601</t>
    </point>
    <point>
      <x>0.435</x>
      <y>0.835</y>
      <w>0.42521995</w>
      <t>3601</t>
    </point>
    <point>
      <x>0.435</x>
      <y>0.8333333</y>
      <w>0.42130986</w>
      <t>3634</t>
    </point>
    <point>
      <x>0.435</x>
      <y>0.83166665</y>
      <w>0.42130986</w>
      <t>3634</t>
    </point>
    <point>
      <x>0.43666667</x>
      <y>0.83</y>
      <w>0.42130986</w>
      <t>3634</t>
    </point>
    <point>
      <x>0.43666667</x>
      <y>0.8283333</y>
      <w>0.42033234</w>
      <t>3668</t>
    </point>
    <point>
      <x>0.43833333</x>
      <y>0.82666665</y>
      <w>0.42033234</w>
      <t>3668</t>
    </point>
    <point>
      <x>0.44</x>
      <y>0.82666665</y>
      <w>0.42033234</w>
      <t>3668</t>
    </point>
    <point>
      <x>0.44333333</x>
      <y>0.825</y>
      <w>0.42033234</w>
      <t>3668</t>
    </point>
    <point>
      <x>0.445</x>
      <y>0.8233333</y>
      <w>0.42033234</w>
      <t>3668</t>
    </point>
    <point>
      <x>0.44833332</x>
      <y>0.82166666</y>
      <w>0.42033234</w>
      <t>3701</t>
    </point>
    <point>
      <x>0.45</x>
      <y>0.8183333</y>
      <w>0.42033234</w>
      <t>3701</t>
    </point>
    <point>
      <x>0.45333335</x>
      <y>0.81666666</y>
      <w>0.42033234</w>
      <t>3701</t>
    </point>
    <point>
      <x>0.45666668</x>
      <y>0.815</y>
      <w>0.42033234</w>
      <t>3701</t>
    </point>
    <point>
      <x>0.46</x>
      <y>0.81333333</y>
      <w>0.42033234</w>
      <t>3734</t>
    </point>
    <point>
      <x>0.46333334</x>
      <y>0.81166667</y>
      <w>0.42033234</w>
      <t>3734</t>
    </point>
    <point>
      <x>0.46666667</x>
      <y>0.81</y>
      <w>0.42033234</w>
      <t>3734</t>
    </point>
    <point>
      <x>0.47</x>
      <y>0.80833334</y>
      <w>0.42033234</w>
      <t>3734</t>
    </point>
    <point>
      <x>0.47166666</x>
      <y>0.80833334</y>
      <w>0.42130986</w>
      <t>3767</t>
    </point>
    <point>
      <x>0.475</x>
      <y>0.8066667</y>
      <w>0.42130986</w>
      <t>3767</t>
    </point>
    <point>
      <x>0.47833332</x>
      <y>0.805</y>
      <w>0.42130986</w>
      <t>3767</t>
    </point>
    <point>
      <x>0.48166665</x>
      <y>0.80333334</y>
      <w>0.42130986</w>
      <t>3767</t>
    </point>
    <point>
      <x>0.48333332</x>
      <y>0.80333334</y>
      <w>0.42130986</w>
      <t>3767</t>
    </point>
    <point>
      <x>0.48666668</x>
      <y>0.8016667</y>
      <w>0.427175</w>
      <t>3801</t>
    </point>
    <point>
      <x>0.49</x>
      <y>0.8016667</y>
      <w>0.427175</w>
      <t>3801</t>
    </point>
    <point>
      <x>0.49333334</x>
      <y>0.8016667</y>
      <w>0.427175</w>
      <t>3801</t>
    </point>
    <point>
      <x>0.495</x>
      <y>0.8</y>
      <w>0.427175</w>
      <t>3801</t>
    </point>
    <point>
      <x>0.49833333</x>
      <y>0.8</y>
      <w>0.427175</w>
      <t>3801</t>
    </point>
    <point>
      <x>0.50333333</x>
      <y>0.8</y>
      <w>0.4349951</w>
      <t>3834</t>
    </point>
    <point>
      <x>0.50666666</x>
      <y>0.8</y>
      <w>0.4349951</w>
      <t>3834</t>
    </point>
    <point>
      <x>0.51</x>
      <y>0.8</y>
      <w>0.4349951</w>
      <t>3834</t>
    </point>
    <point>
      <x>0.515</x>
      <y>0.8</y>
      <w>0.4349951</w>
      <t>3834</t>
    </point>
    <point>
      <x>0.5183333</x>
      <y>0.8</y>
      <w>0.4457478</w>
      <t>3867</t>
    </point>
    <point>
      <x>0.52166665</x>
      <y>0.8</y>
      <w>0.4457478</w>
      <t>3867</t>
    </point>
    <point>
      <x>0.52666664</x>
      <y>0.8</y>
      <w>0.4457478</w>
      <t>3867</t>
    </point>
    <point>
      <x>0.53</x>
      <y>0.8</y>
      <w>0.4457478</w>
      <t>3867</t>
    </point>
    <point>
      <x>0.53333336</x>
      <y>0.8016667</y>
      <w>0.4525904</w>
      <t>3901</t>
    </point>
    <point>
      <x>0.535</x>
      <y>0.8016667</y>
      <w>0.4525904</w>
      <t>3901</t>
    </point>
    <point>
      <x>0.53833336</x>
      <y>0.80333334</y>
      <w>0.4525904</w>
      <t>3901</t>
    </point>
    <point>
      <x>0.5416667</x>
      <y>0.80333334</y>
      <w>0.4525904</w>
      <t>3901</t>
    </point>
    <point>
      <x>0.54333335</x>
      <y>0.80333334</y>
      <w>0.4525904</w>
      <t>3901</t>
    </point>
    <point>
      <x>0.545</x>
      <y>0.805</y>
      <w>0.4623656</w>
      <t>3934</t>
    </point>
    <point>
      <x>0.54833335</x>
      <y>0.805</y>
      <w>0.4623656</w>
      <t>3934</t>
    </point>
    <point>
      <x>0.55</x>
      <y>0.8066667</y>
      <w>0.4623656</w>
      <t>3934</t>
    </point>
    <point>
      <x>0.5516667</x>
      <y>0.8066667</y>
      <w>0.4623656</w>
      <t>3934</t>
    </point>
    <point>
      <x>0.555</x>
      <y>0.80833334</y>
      <w>0.46627566</w>
      <t>3967</t>
    </point>
    <point>
      <x>0.5566667</x>
      <y>0.80833334</y>
      <w>0.46627566</w>
      <t>3967</t>
    </point>
    <point>
      <x>0.55833334</x>
      <y>0.81</y>
      <w>0.46627566</w>
      <t>3967</t>
    </point>
    <point>
      <x>0.56</x>
      <y>0.81</y>
      <w>0.46627566</w>
      <t>3967</t>
    </point>
    <point>
      <x>0.56166667</x>
      <y>0.81166667</y>
      <w>0.47214076</w>
      <t>4001</t>
    </point>
    <point>
      <x>0.56333333</x>
      <y>0.81166667</y>
      <w>0.47214076</w>
      <t>4001</t>
    </point>
    <point>
      <x>0.565</x>
      <y>0.81333333</y>
      <w>0.47214076</w>
      <t>4001</t>
    </point>
    <point>
      <x>0.565</x>
      <y>0.815</y>
      <w>0.48680353</w>
      <t>4034</t>
    </point>
    <point>
      <x>0.56666666</x>
      <y>0.815</y>
      <w>0.48680353</w>
      <t>4034</t>
    </point>
    <point>
      <x>0.56666666</x>
      <y>0.81666666</y>
      <w>0.48680353</w>
      <t>4034</t>
    </point>
    <point>
      <x>0.5683333</x>
      <y>0.8183333</y>
      <w>0.49560118</w>
      <t>4067</t>
    </point>
    <point>
      <x>0.5683333</x>
      <y>0.82</y>
      <w>0.49560118</w>
      <t>4067</t>
    </point>
    <point>
      <x>0.57</x>
      <y>0.82166666</y>
      <w>0.49560118</w>
      <t>4067</t>
    </point>
    <point>
      <x>0.57</x>
      <y>0.8233333</y>
      <w>0.49560118</w>
      <t>4067</t>
    </point>
    <point>
      <x>0.57166666</x>
      <y>0.825</y>
      <w>0.49560118</w>
      <t>4067</t>
    </point>
    <point>
      <x>0.57166666</x>
      <y>0.82666665</y>
      <w>0.5014663</w>
      <t>4100</t>
    </point>
    <point>
      <x>0.57166666</x>
      <y>0.8283333</y>
      <w>0.5014663</w>
      <t>4100</t>
    </point>
    <point>
      <x>0.57166666</x>
      <y>0.83</y>
      <w>0.5014663</w>
      <t>4100</t>
    </point>
    <point>
      <x>0.5733333</x>
      <y>0.83</y>
      <w>0.5014663</w>
      <t>4100</t>
    </point>
    <point>
      <x>0.5733333</x>
      <y>0.83166665</y>
      <w>0.5014663</w>
      <t>4101</t>
    </point>
    <point>
      <x>0.5733333</x>
      <y>0.8333333</y>
      <w>0.5014663</w>
      <t>4133</t>
    </point>
    <point>
      <x>0.5733333</x>
      <y>0.835</y>
      <w>0.5014663</w>
      <t>4133</t>
    </point>
    <point>
      <x>0.5733333</x>
      <y>0.83666664</y>
      <w>0.49266863</w>
      <t>4168</t>
    </point>
  </stroke>
</character>
