<?xml version="1.0" encoding="UTF-8"?>
<character>
  <stroke time="0">
    <point>
      <x>0.24333334</x>
      <y>0.30833334</y>
      <w>0.12707722</w>
      <t>36</t>
    </point>
    <point>
      <x>0.24166666</x>
      <y>0.30833334</y>
      <w>0.21309873</w>
      <t>66</t>
    </point>
    <point>
      <x>0.24166666</x>
      <y>0.31</y>
      <w>0.34115347</w>
      <t>100</t>
    </point>
    <point>
      <x>0.24166666</x>
      <y>0.31166667</y>
      <w>0.4623656</w>
      <t>200</t>
    </point>
    <point>
      <x>0.24166666</x>
      <y>0.31333333</y>
      <w>0.4623656</w>
      <t>200</t>
    </point>
    <point>
      <x>0.24333334</x>
      <y>0.31333333</y>
      <w>0.4623656</w>
      <t>200</t>
    </point>
    <point>
      <x>0.24333334</x>
      <y>0.315</y>
      <w>0.4848485</w>
      <t>233</t>
    </point>
    <point>
      <x>0.245</x>
      <y>0.315</y>
      <w>0.4848485</w>
      <t>233</t>
    </point>
    <point>
      <x>0.24666667</x>
      <y>0.31666666</y>
      <w>0.5092864</w>
      <t>266</t>
    </point>
    <point>
      <x>0.24833333</x>
      <y>0.31666666</y>
      <w>0.5092864</w>
      <t>266</t>
    </point>
    <point>
      <x>0.25</x>
      <y>0.31833333</y>
      <w>0.5259042</w>
      <t>300</t>
    </point>
    <point>
      <x>0.25166667</x>
      <y>0.31833333</y>
      <w>0.5259042</w>
      <t>300</t>
    </point>
    <point>
      <x>0.25333333</x>
      <y>0.31833333</y>
      <w>0.5259042</w>
      <t>300</t>
    </point>
    <point>
      <x>0.255</x>
      <y>0.31833333</y>
      <w>0.5259042</w>
      <t>301</t>
    </point>
    <point>
      <x>0.25666666</x>
      <y>0.31833333</y>
      <w>0.5259042</w>
      <t>301</t>
    </point>
    <point>
      <x>0.25833333</x>
      <y>0.31833333</y>
      <w>0.53958946</w>
      <t>333</t>
    </point>
    <point>
      <x>0.26</x>
      <y>0.31833333</y>
      <w>0.53958946</w>
      <t>333</t>
    </point>
    <point>
      <x>0.26166666</x>
      <y>0.31833333</y>
      <w>0.53958946</w>
      <t>333</t>
    </point>
    <point>
      <x>0.26333332</x>
      <y>0.31833333</y>
      <w>0.53958946</w>
      <t>333</t>
    </point>
    <point>
      <x>0.26666668</x>
      <y>0.31833333</y>
      <w>0.5542522</w>
      <t>366</t>
    </point>
    <point>
      <x>0.27</x>
      <y>0.31833333</y>
      <w>0.5542522</w>
      <t>368</t>
    </point>
    <point>
      <x>0.275</x>
      <y>0.31833333</y>
      <w>0.5542522</w>
      <t>368</t>
    </point>
    <point>
      <x>0.28</x>
      <y>0.31833333</y>
      <w>0.5542522</w>
      <t>368</t>
    </point>
    <point>
      <x>0.285</x>
      <y>0.31833333</y>
      <w>0.5542522</w>
      <t>368</t>
    </point>
    <point>
      <x>0.29</x>
      <y>0.31833333</y>
      <w>0.57478005</w>
      <t>399</t>
    </point>
    <point>
      <x>0.29666665</x>
      <y>0.31666666</y>
      <w>0.57478005</w>
      <t>399</t>
    </point>
    <point>
      <x>0.30166668</x>
      <y>0.315</y>
      <w>0.57478005</w>
      <t>399</t>
    </point>
    <point>
      <x>0.30833334</x>
      <y>0.31333333</y>
      <w>0.57478005</w>
      <t>400</t>
    </point>
    <point>
      <x>0.315</x>
      <y>0.31166667</y>
      <w>0.58064514</w>
      <t>433</t>
    </point>
    <point>
      <x>0.32</x>
      <y>0.31</y>
      <w>0.58064514</w>
      <t>433</t>
    </point>
    <point>
      <x>0.32666665</x>
      <y>0.30833334</y>
      <w>0.58064514</w>
      <t>433</t>
    </point>
    <point>
      <x>0.33333334</x>
      <y>0.30666667</y>
      <w>0.58064514</w>
      <t>433</t>
    </point>
    <point>
      <x>0.34</x>
      <y>0.305</y>
      <w>0.58064514</w>
      <t>433</t>
    </point>
    <point>
      <x>0.34666666</x>
      <y>0.30333334</y>
      <w>0.5835777</w>
      <t>466</t>
    </point>
    <point>
      <x>0.355</x>
      <y>0.3</y>
      <w>0.5835777</w>
      <t>466</t>
    </point>
    <point>
      <x>0.36333334</x>
      <y>0.29833335</y>
      <w>0.5835777</w>
      <t>466</t>
    </point>
    <point>
      <x>0.37333333</x>
      <y>0.295</y>
      <w>0.5835777</w>
      <t>467</t>
    </point>
    <point>
      <x>0.38333333</x>
      <y>0.29166666</y>
      <w>0.5855327</w>
      <t>499</t>
    </point>
    <point>
      <x>0.395</x>
      <y>0.28833333</y>
      <w>0.5855327</w>
      <t>499</t>
    </point>
    <point>
      <x>0.405</x>
      <y>0.28333333</y>
      <w>0.5855327</w>
      <t>499</t>
    </point>
    <point>
      <x>0.41666666</x>
      <y>0.28</y>
      <w>0.5855327</w>
      <t>500</t>
    </point>
    <point>
      <x>0.42833334</x>
      <y>0.27666667</y>
      <w>0.58651024</w>
      <t>533</t>
    </point>
    <point>
      <x>0.44</x>
      <y>0.27333334</y>
      <w>0.58651024</w>
      <t>533</t>
    </point>
    <point>
      <x>0.45333335</x>
      <y>0.26833335</y>
      <w>0.58651024</w>
      <t>533</t>
    </point>
    <point>
      <x>0.465</x>
      <y>0.265</y>
      <w>0.58651024</w>
      <t>534</t>
    </point>
    <point>
      <x>0.47833332</x>
      <y>0.26</y>
      <w>0.58651024</w>
      <t>534</t>
    </point>
    <point>
      <x>0.49333334</x>
      <y>0.25666666</y>
      <w>0.58748776</w>
      <t>567</t>
    </point>
    <point>
      <x>0.50666666</x>
      <y>0.25166667</y>
      <w>0.58748776</w>
      <t>567</t>
    </point>
    <point>
      <x>0.5183333</x>
      <y>0.24833333</y>
      <w>0.58748776</w>
      <t>567</t>
    </point>
    <point>
      <x>0.5316667</x>
      <y>0.245</y>
      <w>0.58748776</w>
      <t>567</t>
    </point>
    <point>
      <x>0.54333335</x>
      <y>0.24166666</y>
      <w>0.5845552</w>
      <t>600</t>
    </point>
    <point>
      <x>0.55333334</x>
      <y>0.23833333</y>
      <w>0.5845552</w>
      <t>600</t>
    </point>
    <point>
      <x>0.56333333</x>
      <y>0.235</y>
      <w>0.5845552</w>
      <t>600</t>
    </point>
    <point>
      <x>0.5733333</x>
      <y>0.23166667</y>
      <w>0.5845552</w>
      <t>600</t>
    </point>
    <point>
      <x>0.58166665</x>
      <y>0.22833334</y>
      <w>0.5845552</w>
      <t>601</t>
    </point>
    <point>
      <x>0.59</x>
      <y>0.225</y>
      <w>0.58162266</w>
      <t>633</t>
    </point>
    <point>
      <x>0.5966667</x>
      <y>0.22333333</y>
      <w>0.58162266</w>
      <t>633</t>
    </point>
    <point>
      <x>0.605</x>
      <y>0.22</y>
      <w>0.58162266</w>
      <t>633</t>
    </point>
    <point>
      <x>0.61</x>
      <y>0.21666667</y>
      <w>0.58162266</w>
      <t>633</t>
    </point>
    <point>
      <x>0.615</x>
      <y>0.215</y>
      <w>0.5767351</w>
      <t>667</t>
    </point>
    <point>
      <x>0.61833334</x>
      <y>0.21333334</y>
      <w>0.5767351</w>
      <t>667</t>
    </point>
    <point>
      <x>0.62166667</x>
      <y>0.21333334</y>
      <w>0.5767351</w>
      <t>667</t>
    </point>
    <point>
      <x>0.62333333</x>
      <y>0.21166667</y>
      <w>0.5767351</w>
      <t>667</t>
    </point>
    <point>
      <x>0.62333333</x>
      <y>0.21</y>
      <w>0.5493646</w>
      <t>800</t>
    </point>
    <point>
      <x>0.62166667</x>
      <y>0.21</y>
      <w>0.5210166</w>
      <t>833</t>
    </point>
    <point>
      <x>0.62166667</x>
      <y>0.20833333</y>
      <w>0.5210166</w>
      <t>833</t>
    </point>
    <point>
      <x>0.61833334</x>
      <y>0.20666666</y>
      <w>0.5210166</w>
      <t>833</t>
    </point>
    <point>
      <x>0.6166667</x>
      <y>0.20666666</y>
      <w>0.5210166</w>
      <t>833</t>
    </point>
    <point>
      <x>0.61333334</x>
      <y>0.205</y>
      <w>0.45845553</w>
      <t>866</t>
    </point>
    <point>
      <x>0.6116667</x>
      <y>0.205</y>
      <w>0.45845553</w>
      <t>866</t>
    </point>
    <point>
      <x>0.60833335</x>
      <y>0.20333333</y>
      <w>0.45845553</w>
      <t>866</t>
    </point>
    <point>
      <x>0.605</x>
      <y>0.20166667</y>
      <w>0.45845553</w>
      <t>866</t>
    </point>
    <point>
      <x>0.6016667</x>
      <y>0.2</y>
      <w>0.41544476</w>
      <t>899</t>
    </point>
    <point>
      <x>0.59833336</x>
      <y>0.2</y>
      <w>0.41544476</w>
      <t>899</t>
    </point>
    <point>
      <x>0.595</x>
      <y>0.19833334</y>
      <w>0.41544476</w>
      <t>899</t>
    </point>
    <point>
      <x>0.59166664</x>
      <y>0.19666667</y>
      <w>0.41544476</w>
      <t>899</t>
    </point>
    <point>
      <x>0.5883333</x>
      <y>0.195</y>
      <w>0.41544476</w>
      <t>899</t>
    </point>
    <point>
      <x>0.585</x>
      <y>0.19166666</y>
      <w>0.23753665</w>
      <t>933</t>
    </point>
    <point>
      <x>0.58</x>
      <y>0.19</y>
      <w>0.23753665</w>
      <t>933</t>
    </point>
    <point>
      <x>0.57666665</x>
      <y>0.18666667</y>
      <w>0.23753665</w>
      <t>933</t>
    </point>
    <point>
      <x>0.575</x>
      <y>0.18333334</y>
      <w>0.23753665</w>
      <t>933</t>
    </point>
    <point>
      <x>0.57166666</x>
      <y>0.18166667</y>
      <w>0.0</w>
      <t>966</t>
    </point>
    <point>
      <x>0.5683333</x>
      <y>0.17833333</y>
      <w>0.0</w>
      <t>966</t>
    </point>
    <point>
      <x>0.56666666</x>
      <y>0.175</y>
      <w>0.0</w>
      <t>966</t>
    </point>
  </stroke>
  <stroke time="1166">
    <point>
      <x>0.51666665</x>
      <y>0.13166666</y>
      <w>0.14858261</w>
      <t>1201</t>
    </point>
    <point>
      <x>0.515</x>
      <y>0.13166666</y>
      <w>0.14858261</w>
      <t>1202</t>
    </point>
    <point>
      <x>0.5133333</x>
      <y>0.13166666</y>
      <w>0.14858261</w>
      <t>1202</t>
    </point>
    <point>
      <x>0.51166666</x>
      <y>0.13333334</y>
      <w>0.24731183</w>
      <t>1232</t>
    </point>
    <point>
      <x>0.51</x>
      <y>0.135</y>
      <w>0.24731183</w>
      <t>1232</t>
    </point>
    <point>
      <x>0.5083333</x>
      <y>0.13833334</y>
      <w>0.24731183</w>
      <t>1232</t>
    </point>
    <point>
      <x>0.505</x>
      <y>0.14</y>
      <w>0.24731183</w>
      <t>1232</t>
    </point>
    <point>
      <x>0.50166667</x>
      <y>0.145</y>
      <w>0.33919844</w>
      <t>1266</t>
    </point>
    <point>
      <x>0.49833333</x>
      <y>0.14833333</y>
      <w>0.33919844</w>
      <t>1266</t>
    </point>
    <point>
      <x>0.49333334</x>
      <y>0.15333334</y>
      <w>0.33919844</w>
      <t>1266</t>
    </point>
    <point>
      <x>0.49</x>
      <y>0.16</y>
      <w>0.33919844</w>
      <t>1266</t>
    </point>
    <point>
      <x>0.48333332</x>
      <y>0.16666667</y>
      <w>0.33919844</w>
      <t>1266</t>
    </point>
    <point>
      <x>0.47833332</x>
      <y>0.17333333</y>
      <w>0.40860215</w>
      <t>1300</t>
    </point>
    <point>
      <x>0.47166666</x>
      <y>0.18333334</y>
      <w>0.40860215</w>
      <t>1300</t>
    </point>
    <point>
      <x>0.46333334</x>
      <y>0.19333333</y>
      <w>0.40860215</w>
      <t>1300</t>
    </point>
    <point>
      <x>0.455</x>
      <y>0.20333333</y>
      <w>0.40860215</w>
      <t>1300</t>
    </point>
    <point>
      <x>0.445</x>
      <y>0.215</y>
      <w>0.4799609</w>
      <t>1333</t>
    </point>
    <point>
      <x>0.435</x>
      <y>0.22833334</y>
      <w>0.4799609</w>
      <t>1333</t>
    </point>
    <point>
      <x>0.425</x>
      <y>0.24</y>
      <w>0.4799609</w>
      <t>1333</t>
    </point>
    <point>
      <x>0.415</x>
      <y>0.25333333</y>
      <w>0.4799609</w>
      <t>1333</t>
    </point>
    <point>
      <x>0.405</x>
      <y>0.26666668</y>
      <w>0.4799609</w>
      <t>1333</t>
    </point>
    <point>
      <x>0.395</x>
      <y>0.27833334</y>
      <w>0.5210166</w>
      <t>1366</t>
    </point>
    <point>
      <x>0.38666666</x>
      <y>0.29166666</y>
      <w>0.5210166</w>
      <t>1366</t>
    </point>
    <point>
      <x>0.37833333</x>
      <y>0.305</y>
      <w>0.5210166</w>
      <t>1366</t>
    </point>
    <point>
      <x>0.37</x>
      <y>0.31833333</y>
      <w>0.5210166</w>
      <t>1366</t>
    </point>
    <point>
      <x>0.36166668</x>
      <y>0.33166668</y>
      <w>0.55620724</w>
      <t>1399</t>
    </point>
    <point>
      <x>0.355</x>
      <y>0.34666666</y>
      <w>0.55620724</w>
      <t>1399</t>
    </point>
    <point>
      <x>0.34833333</x>
      <y>0.36</y>
      <w>0.55620724</w>
      <t>1399</t>
    </point>
    <point>
      <x>0.34166667</x>
      <y>0.37333333</y>
      <w>0.55620724</w>
      <t>1399</t>
    </point>
    <point>
      <x>0.33666667</x>
      <y>0.385</y>
      <w>0.55620724</w>
      <t>1399</t>
    </point>
    <point>
      <x>0.33333334</x>
      <y>0.39666668</y>
      <w>0.5786901</w>
      <t>1432</t>
    </point>
    <point>
      <x>0.32833335</x>
      <y>0.40833333</y>
      <w>0.5786901</w>
      <t>1432</t>
    </point>
    <point>
      <x>0.325</x>
      <y>0.41666666</y>
      <w>0.5786901</w>
      <t>1434</t>
    </point>
    <point>
      <x>0.32333332</x>
      <y>0.42666668</y>
      <w>0.5786901</w>
      <t>1434</t>
    </point>
    <point>
      <x>0.32</x>
      <y>0.435</y>
      <w>0.599218</w>
      <t>1466</t>
    </point>
    <point>
      <x>0.31833333</x>
      <y>0.44166666</y>
      <w>0.599218</w>
      <t>1466</t>
    </point>
    <point>
      <x>0.31666666</x>
      <y>0.44833332</y>
      <w>0.599218</w>
      <t>1466</t>
    </point>
    <point>
      <x>0.31666666</x>
      <y>0.455</y>
      <w>0.599218</w>
      <t>1466</t>
    </point>
    <point>
      <x>0.315</x>
      <y>0.46</y>
      <w>0.60703814</w>
      <t>1499</t>
    </point>
    <point>
      <x>0.315</x>
      <y>0.465</y>
      <w>0.60703814</w>
      <t>1499</t>
    </point>
    <point>
      <x>0.315</x>
      <y>0.47</y>
      <w>0.60703814</w>
      <t>1499</t>
    </point>
    <point>
      <x>0.315</x>
      <y>0.475</y>
      <w>0.60703814</w>
      <t>1500</t>
    </point>
    <point>
      <x>0.315</x>
      <y>0.48</y>
      <w>0.60703814</w>
      <t>1500</t>
    </point>
    <point>
      <x>0.315</x>
      <y>0.48333332</y>
      <w>0.61485827</w>
      <t>1532</t>
    </point>
    <point>
      <x>0.315</x>
      <y>0.48833334</y>
      <w>0.61485827</w>
      <t>1532</t>
    </point>
    <point>
      <x>0.31666666</x>
      <y>0.49166667</y>
      <w>0.61485827</w>
      <t>1532</t>
    </point>
    <point>
      <x>0.31666666</x>
      <y>0.495</y>
      <w>0.61485827</w>
      <t>1532</t>
    </point>
    <point>
      <x>0.31833333</x>
      <y>0.5</y>
      <w>0.62463343</w>
      <t>1565</t>
    </point>
    <point>
      <x>0.32</x>
      <y>0.50166667</y>
      <w>0.62463343</w>
      <t>1565</t>
    </point>
    <point>
      <x>0.32</x>
      <y>0.50333333</y>
      <w>0.62463343</w>
      <t>1565</t>
    </point>
    <point>
      <x>0.32166666</x>
      <y>0.50666666</y>
      <w>0.62463343</w>
      <t>1565</t>
    </point>
    <point>
      <x>0.32333332</x>
      <y>0.5083333</y>
      <w>0.629521</w>
      <t>1599</t>
    </point>
    <point>
      <x>0.32333332</x>
      <y>0.51</y>
      <w>0.629521</w>
      <t>1599</t>
    </point>
    <point>
      <x>0.32333332</x>
      <y>0.51166666</y>
      <w>0.63245356</w>
      <t>1633</t>
    </point>
    <point>
      <x>0.325</x>
      <y>0.5133333</y>
      <w>0.63245356</w>
      <t>1633</t>
    </point>
    <point>
      <x>0.32666665</x>
      <y>0.515</y>
      <w>0.63245356</w>
      <t>1633</t>
    </point>
    <point>
      <x>0.32666665</x>
      <y>0.51666665</y>
      <w>0.63245356</w>
      <t>1633</t>
    </point>
    <point>
      <x>0.32833335</x>
      <y>0.5183333</y>
      <w>0.6344086</w>
      <t>1666</t>
    </point>
    <point>
      <x>0.32833335</x>
      <y>0.52</y>
      <w>0.6344086</w>
      <t>1666</t>
    </point>
    <point>
      <x>0.33</x>
      <y>0.52166665</y>
      <w>0.6344086</w>
      <t>1666</t>
    </point>
    <point>
      <x>0.33</x>
      <y>0.5233333</y>
      <w>0.6344086</w>
      <t>1666</t>
    </point>
    <point>
      <x>0.33</x>
      <y>0.525</y>
      <w>0.6353861</w>
      <t>1699</t>
    </point>
    <point>
      <x>0.33166668</x>
      <y>0.525</y>
      <w>0.6353861</w>
      <t>1699</t>
    </point>
    <point>
      <x>0.33166668</x>
      <y>0.52666664</y>
      <w>0.6353861</w>
      <t>1699</t>
    </point>
    <point>
      <x>0.33166668</x>
      <y>0.5283333</y>
      <w>0.63734114</w>
      <t>1732</t>
    </point>
    <point>
      <x>0.33333334</x>
      <y>0.5283333</y>
      <w>0.63734114</w>
      <t>1732</t>
    </point>
    <point>
      <x>0.33333334</x>
      <y>0.53</y>
      <w>0.63734114</w>
      <t>1732</t>
    </point>
    <point>
      <x>0.335</x>
      <y>0.53</y>
      <w>0.63734114</w>
      <t>1732</t>
    </point>
    <point>
      <x>0.33666667</x>
      <y>0.53</y>
      <w>0.6392962</w>
      <t>1766</t>
    </point>
    <point>
      <x>0.33666667</x>
      <y>0.5316667</y>
      <w>0.6392962</w>
      <t>1766</t>
    </point>
    <point>
      <x>0.33833334</x>
      <y>0.5316667</y>
      <w>0.6392962</w>
      <t>1766</t>
    </point>
    <point>
      <x>0.34</x>
      <y>0.5316667</y>
      <w>0.6392962</w>
      <t>1799</t>
    </point>
    <point>
      <x>0.34166667</x>
      <y>0.5316667</y>
      <w>0.6392962</w>
      <t>1799</t>
    </point>
    <point>
      <x>0.345</x>
      <y>0.5316667</y>
      <w>0.6392962</w>
      <t>1799</t>
    </point>
    <point>
      <x>0.34666666</x>
      <y>0.5316667</y>
      <w>0.6392962</w>
      <t>1799</t>
    </point>
    <point>
      <x>0.35</x>
      <y>0.5316667</y>
      <w>0.6392962</w>
      <t>1799</t>
    </point>
    <point>
      <x>0.355</x>
      <y>0.5316667</y>
      <w>0.63831866</w>
      <t>1832</t>
    </point>
    <point>
      <x>0.36</x>
      <y>0.5316667</y>
      <w>0.63831866</w>
      <t>1832</t>
    </point>
    <point>
      <x>0.365</x>
      <y>0.53</y>
      <w>0.63831866</w>
      <t>1832</t>
    </point>
    <point>
      <x>0.37166667</x>
      <y>0.5283333</y>
      <w>0.63831866</w>
      <t>1832</t>
    </point>
    <point>
      <x>0.37833333</x>
      <y>0.525</y>
      <w>0.63245356</w>
      <t>1865</t>
    </point>
    <point>
      <x>0.385</x>
      <y>0.5233333</y>
      <w>0.63245356</w>
      <t>1865</t>
    </point>
    <point>
      <x>0.39166668</x>
      <y>0.52166665</y>
      <w>0.63245356</w>
      <t>1865</t>
    </point>
    <point>
      <x>0.39833334</x>
      <y>0.5183333</y>
      <w>0.63245356</w>
      <t>1865</t>
    </point>
    <point>
      <x>0.405</x>
      <y>0.51666665</y>
      <w>0.63245356</w>
      <t>1865</t>
    </point>
    <point>
      <x>0.41333333</x>
      <y>0.5133333</y>
      <w>0.62463343</w>
      <t>1899</t>
    </point>
    <point>
      <x>0.42166665</x>
      <y>0.51</y>
      <w>0.62463343</w>
      <t>1899</t>
    </point>
    <point>
      <x>0.43</x>
      <y>0.505</y>
      <w>0.62463343</w>
      <t>1899</t>
    </point>
    <point>
      <x>0.43833333</x>
      <y>0.50166667</y>
      <w>0.62463343</w>
      <t>1899</t>
    </point>
    <point>
      <x>0.44833332</x>
      <y>0.49666667</y>
      <w>0.6177908</w>
      <t>1932</t>
    </point>
    <point>
      <x>0.45833334</x>
      <y>0.49166667</y>
      <w>0.6177908</w>
      <t>1932</t>
    </point>
    <point>
      <x>0.46666667</x>
      <y>0.48666668</y>
      <w>0.6177908</w>
      <t>1932</t>
    </point>
    <point>
      <x>0.47666666</x>
      <y>0.48166665</y>
      <w>0.6177908</w>
      <t>1932</t>
    </point>
    <point>
      <x>0.485</x>
      <y>0.47833332</y>
      <w>0.6177908</w>
      <t>1932</t>
    </point>
    <point>
      <x>0.495</x>
      <y>0.47333333</y>
      <w>0.6001955</w>
      <t>1966</t>
    </point>
    <point>
      <x>0.505</x>
      <y>0.46833333</y>
      <w>0.6001955</w>
      <t>1966</t>
    </point>
    <point>
      <x>0.51666665</x>
      <y>0.465</y>
      <w>0.6001955</w>
      <t>1966</t>
    </point>
    <point>
      <x>0.5283333</x>
      <y>0.46</y>
      <w>0.6001955</w>
      <t>1966</t>
    </point>
    <point>
      <x>0.5416667</x>
      <y>0.45333335</y>
      <w>0.5855327</w>
      <t>1999</t>
    </point>
    <point>
      <x>0.555</x>
      <y>0.44833332</y>
      <w>0.5855327</w>
      <t>1999</t>
    </point>
    <point>
      <x>0.5683333</x>
      <y>0.44333333</y>
      <w>0.5855327</w>
      <t>1999</t>
    </point>
    <point>
      <x>0.58166665</x>
      <y>0.43833333</y>
      <w>0.5855327</w>
      <t>1999</t>
    </point>
    <point>
      <x>0.595</x>
      <y>0.43333334</y>
      <w>0.5855327</w>
      <t>1999</t>
    </point>
    <point>
      <x>0.6066667</x>
      <y>0.43</y>
      <w>0.57087</w>
      <t>2032</t>
    </point>
    <point>
      <x>0.6166667</x>
      <y>0.42666668</y>
      <w>0.57087</w>
      <t>2032</t>
    </point>
    <point>
      <x>0.62666667</x>
      <y>0.42333335</y>
      <w>0.57087</w>
      <t>2032</t>
    </point>
    <point>
      <x>0.635</x>
      <y>0.42</y>
      <w>0.57087</w>
      <t>2032</t>
    </point>
    <point>
      <x>0.64166665</x>
      <y>0.41833332</y>
      <w>0.55718476</w>
      <t>2066</t>
    </point>
    <point>
      <x>0.65</x>
      <y>0.415</y>
      <w>0.55718476</w>
      <t>2066</t>
    </point>
    <point>
      <x>0.6566667</x>
      <y>0.41333333</y>
      <w>0.55718476</w>
      <t>2066</t>
    </point>
    <point>
      <x>0.66333336</x>
      <y>0.41</y>
      <w>0.55718476</w>
      <t>2066</t>
    </point>
    <point>
      <x>0.66833335</x>
      <y>0.40833333</y>
      <w>0.53176934</w>
      <t>2099</t>
    </point>
    <point>
      <x>0.6716667</x>
      <y>0.40666667</y>
      <w>0.53176934</w>
      <t>2099</t>
    </point>
    <point>
      <x>0.67333335</x>
      <y>0.405</y>
      <w>0.53176934</w>
      <t>2099</t>
    </point>
    <point>
      <x>0.675</x>
      <y>0.405</y>
      <w>0.53176934</w>
      <t>2099</t>
    </point>
    <point>
      <x>0.675</x>
      <y>0.40333334</y>
      <w>0.52394915</w>
      <t>2132</t>
    </point>
    <point>
      <x>0.675</x>
      <y>0.40166667</y>
      <w>0.51906157</w>
      <t>2165</t>
    </point>
    <point>
      <x>0.67333335</x>
      <y>0.4</y>
      <w>0.51906157</w>
      <t>2165</t>
    </point>
    <point>
      <x>0.6716667</x>
      <y>0.39833334</y>
      <w>0.514174</w>
      <t>2198</t>
    </point>
    <point>
      <x>0.6716667</x>
      <y>0.39666668</y>
      <w>0.514174</w>
      <t>2198</t>
    </point>
    <point>
      <x>0.66833335</x>
      <y>0.395</y>
      <w>0.514174</w>
      <t>2198</t>
    </point>
    <point>
      <x>0.6666667</x>
      <y>0.39333335</y>
      <w>0.514174</w>
      <t>2198</t>
    </point>
    <point>
      <x>0.665</x>
      <y>0.39166668</y>
      <w>0.47311828</w>
      <t>2233</t>
    </point>
    <point>
      <x>0.66333336</x>
      <y>0.39</y>
      <w>0.47311828</w>
      <t>2233</t>
    </point>
    <point>
      <x>0.66</x>
      <y>0.38666666</y>
      <w>0.47311828</w>
      <t>2233</t>
    </point>
    <point>
      <x>0.6566667</x>
      <y>0.385</y>
      <w>0.47311828</w>
      <t>2233</t>
    </point>
    <point>
      <x>0.655</x>
      <y>0.38333333</y>
      <w>0.47311828</w>
      <t>2233</t>
    </point>
    <point>
      <x>0.65166664</x>
      <y>0.38166666</y>
      <w>0.4457478</w>
      <t>2266</t>
    </point>
    <point>
      <x>0.65</x>
      <y>0.38</y>
      <w>0.4457478</w>
      <t>2266</t>
    </point>
    <point>
      <x>0.64666665</x>
      <y>0.37833333</y>
      <w>0.4457478</w>
      <t>2266</t>
    </point>
    <point>
      <x>0.645</x>
      <y>0.37666667</y>
      <w>0.4457478</w>
      <t>2266</t>
    </point>
    <point>
      <x>0.64166665</x>
      <y>0.375</y>
      <w>0.37829912</w>
      <t>2299</t>
    </point>
    <point>
      <x>0.64</x>
      <y>0.37333333</y>
      <w>0.37829912</w>
      <t>2299</t>
    </point>
    <point>
      <x>0.63666666</x>
      <y>0.37333333</y>
      <w>0.37829912</w>
      <t>2299</t>
    </point>
    <point>
      <x>0.635</x>
      <y>0.37166667</y>
      <w>0.37829912</w>
      <t>2299</t>
    </point>
    <point>
      <x>0.63166666</x>
      <y>0.37</y>
      <w>0.37829912</w>
      <t>2299</t>
    </point>
    <point>
      <x>0.63</x>
      <y>0.37</y>
      <w>0.2805474</w>
      <t>2332</t>
    </point>
    <point>
      <x>0.62833333</x>
      <y>0.36833334</y>
      <w>0.2805474</w>
      <t>2332</t>
    </point>
    <point>
      <x>0.62666667</x>
      <y>0.36666667</y>
      <w>0.2805474</w>
      <t>2332</t>
    </point>
    <point>
      <x>0.62333333</x>
      <y>0.36666667</y>
      <w>0.2805474</w>
      <t>2332</t>
    </point>
    <point>
      <x>0.62166667</x>
      <y>0.365</y>
      <w>0.0068426197</w>
      <t>2366</t>
    </point>
    <point>
      <x>0.62</x>
      <y>0.365</y>
      <w>0.0068426197</w>
      <t>2366</t>
    </point>
  </stroke>
  <stroke time="2499">
    <point>
      <x>0.5883333</x>
      <y>0.36166668</y>
      <w>0.07820137</w>
      <t>2532</t>
    </point>
    <point>
      <x>0.5883333</x>
      <y>0.36333334</y>
      <w>0.07820137</w>
      <t>2532</t>
    </point>
    <point>
      <x>0.58666664</x>
      <y>0.36333334</y>
      <w>0.07820137</w>
      <t>2532</t>
    </point>
    <point>
      <x>0.58666664</x>
      <y>0.365</y>
      <w>0.07820137</w>
      <t>2532</t>
    </point>
    <point>
      <x>0.585</x>
      <y>0.365</y>
      <w>0.07820137</w>
      <t>2532</t>
    </point>
    <point>
      <x>0.585</x>
      <y>0.36666667</y>
      <w>0.22776149</w>
      <t>2566</t>
    </point>
    <point>
      <x>0.585</x>
      <y>0.36833334</y>
      <w>0.22776149</w>
      <t>2566</t>
    </point>
    <point>
      <x>0.585</x>
      <y>0.37</y>
      <w>0.22776149</w>
      <t>2566</t>
    </point>
    <point>
      <x>0.5833333</x>
      <y>0.37166667</y>
      <w>0.35190615</w>
      <t>2599</t>
    </point>
    <point>
      <x>0.5833333</x>
      <y>0.37333333</y>
      <w>0.35190615</w>
      <t>2599</t>
    </point>
    <point>
      <x>0.5833333</x>
      <y>0.375</y>
      <w>0.35190615</w>
      <t>2599</t>
    </point>
    <point>
      <x>0.5833333</x>
      <y>0.37833333</y>
      <w>0.35190615</w>
      <t>2599</t>
    </point>
    <point>
      <x>0.5833333</x>
      <y>0.38</y>
      <w>0.4281525</w>
      <t>2632</t>
    </point>
    <point>
      <x>0.58166665</x>
      <y>0.38333333</y>
      <w>0.4281525</w>
      <t>2632</t>
    </point>
    <point>
      <x>0.58166665</x>
      <y>0.38666666</y>
      <w>0.4281525</w>
      <t>2632</t>
    </point>
    <point>
      <x>0.58166665</x>
      <y>0.39</y>
      <w>0.4281525</w>
      <t>2632</t>
    </point>
    <point>
      <x>0.58</x>
      <y>0.395</y>
      <w>0.4281525</w>
      <t>2632</t>
    </point>
    <point>
      <x>0.5783333</x>
      <y>0.4</y>
      <w>0.516129</w>
      <t>2666</t>
    </point>
    <point>
      <x>0.5783333</x>
      <y>0.405</y>
      <w>0.516129</w>
      <t>2666</t>
    </point>
    <point>
      <x>0.57666665</x>
      <y>0.41</y>
      <w>0.516129</w>
      <t>2666</t>
    </point>
    <point>
      <x>0.575</x>
      <y>0.415</y>
      <w>0.516129</w>
      <t>2666</t>
    </point>
    <point>
      <x>0.57166666</x>
      <y>0.42</y>
      <w>0.5542522</w>
      <t>2699</t>
    </point>
    <point>
      <x>0.57</x>
      <y>0.42666668</y>
      <w>0.5542522</w>
      <t>2699</t>
    </point>
    <point>
      <x>0.56666666</x>
      <y>0.435</y>
      <w>0.5542522</w>
      <t>2699</t>
    </point>
    <point>
      <x>0.56333333</x>
      <y>0.44166666</y>
      <w>0.5542522</w>
      <t>2699</t>
    </point>
    <point>
      <x>0.55833334</x>
      <y>0.45</y>
      <w>0.5542522</w>
      <t>2699</t>
    </point>
    <point>
      <x>0.55333334</x>
      <y>0.46</y>
      <w>0.58064514</w>
      <t>2732</t>
    </point>
    <point>
      <x>0.54833335</x>
      <y>0.47</y>
      <w>0.58064514</w>
      <t>2732</t>
    </point>
    <point>
      <x>0.5416667</x>
      <y>0.48</y>
      <w>0.58064514</w>
      <t>2732</t>
    </point>
    <point>
      <x>0.535</x>
      <y>0.49166667</y>
      <w>0.58064514</w>
      <t>2732</t>
    </point>
    <point>
      <x>0.5283333</x>
      <y>0.50333333</y>
      <w>0.60703814</w>
      <t>2766</t>
    </point>
    <point>
      <x>0.52166665</x>
      <y>0.515</y>
      <w>0.60703814</w>
      <t>2766</t>
    </point>
    <point>
      <x>0.51166666</x>
      <y>0.5283333</y>
      <w>0.60703814</w>
      <t>2766</t>
    </point>
    <point>
      <x>0.50333333</x>
      <y>0.5416667</y>
      <w>0.60703814</w>
      <t>2766</t>
    </point>
    <point>
      <x>0.49333334</x>
      <y>0.555</y>
      <w>0.60703814</w>
      <t>2766</t>
    </point>
    <point>
      <x>0.485</x>
      <y>0.5683333</y>
      <w>0.62561095</w>
      <t>2799</t>
    </point>
    <point>
      <x>0.475</x>
      <y>0.58166665</y>
      <w>0.62561095</w>
      <t>2799</t>
    </point>
    <point>
      <x>0.465</x>
      <y>0.5933333</y>
      <w>0.62561095</w>
      <t>2799</t>
    </point>
    <point>
      <x>0.455</x>
      <y>0.6066667</y>
      <w>0.62561095</w>
      <t>2799</t>
    </point>
    <point>
      <x>0.445</x>
      <y>0.61833334</y>
      <w>0.63147604</w>
      <t>2833</t>
    </point>
    <point>
      <x>0.435</x>
      <y>0.63</y>
      <w>0.63147604</w>
      <t>2833</t>
    </point>
    <point>
      <x>0.425</x>
      <y>0.64</y>
      <w>0.63147604</w>
      <t>2833</t>
    </point>
    <point>
      <x>0.415</x>
      <y>0.65166664</y>
      <w>0.63147604</w>
      <t>2833</t>
    </point>
    <point>
      <x>0.405</x>
      <y>0.6616667</y>
      <w>0.63147604</w>
      <t>2833</t>
    </point>
    <point>
      <x>0.395</x>
      <y>0.67</y>
      <w>0.6344086</w>
      <t>2866</t>
    </point>
    <point>
      <x>0.385</x>
      <y>0.68</y>
      <w>0.6344086</w>
      <t>2866</t>
    </point>
    <point>
      <x>0.37333333</x>
      <y>0.68833333</y>
      <w>0.6344086</w>
      <t>2866</t>
    </point>
    <point>
      <x>0.36333334</x>
      <y>0.695</y>
      <w>0.6344086</w>
      <t>2866</t>
    </point>
    <point>
      <x>0.35333332</x>
      <y>0.70166665</y>
      <w>0.63831866</w>
      <t>2899</t>
    </point>
    <point>
      <x>0.34333333</x>
      <y>0.70666665</y>
      <w>0.63831866</w>
      <t>2899</t>
    </point>
    <point>
      <x>0.33666667</x>
      <y>0.71166664</y>
      <w>0.63831866</w>
      <t>2899</t>
    </point>
    <point>
      <x>0.33</x>
      <y>0.715</y>
      <w>0.63831866</w>
      <t>2899</t>
    </point>
    <point>
      <x>0.325</x>
      <y>0.71666664</y>
      <w>0.63831866</w>
      <t>2899</t>
    </point>
    <point>
      <x>0.32166666</x>
      <y>0.7183333</y>
      <w>0.6392962</w>
      <t>2933</t>
    </point>
    <point>
      <x>0.31833333</x>
      <y>0.72</y>
      <w>0.6392962</w>
      <t>2933</t>
    </point>
    <point>
      <x>0.315</x>
      <y>0.7216667</y>
      <w>0.6392962</w>
      <t>2933</t>
    </point>
    <point>
      <x>0.31166667</x>
      <y>0.7216667</y>
      <w>0.6392962</w>
      <t>2933</t>
    </point>
    <point>
      <x>0.31</x>
      <y>0.72333336</y>
      <w>0.61876833</w>
      <t>2966</t>
    </point>
    <point>
      <x>0.30833334</x>
      <y>0.72333336</y>
      <w>0.61876833</w>
      <t>2966</t>
    </point>
    <point>
      <x>0.30666667</x>
      <y>0.72333336</y>
      <w>0.61876833</w>
      <t>2966</t>
    </point>
    <point>
      <x>0.30666667</x>
      <y>0.725</y>
      <w>0.61876833</w>
      <t>2966</t>
    </point>
    <point>
      <x>0.305</x>
      <y>0.725</y>
      <w>0.59335285</w>
      <t>2999</t>
    </point>
    <point>
      <x>0.305</x>
      <y>0.7266667</y>
      <w>0.61876833</w>
      <t>3232</t>
    </point>
    <point>
      <x>0.30666667</x>
      <y>0.72833335</y>
      <w>0.62658846</w>
      <t>3266</t>
    </point>
    <point>
      <x>0.30666667</x>
      <y>0.73</y>
      <w>0.62658846</w>
      <t>3266</t>
    </point>
    <point>
      <x>0.30833334</x>
      <y>0.73333335</y>
      <w>0.62658846</w>
      <t>3266</t>
    </point>
    <point>
      <x>0.31</x>
      <y>0.7366667</y>
      <w>0.62658846</w>
      <t>3266</t>
    </point>
    <point>
      <x>0.31166667</x>
      <y>0.73833334</y>
      <w>0.6471163</w>
      <t>3299</t>
    </point>
    <point>
      <x>0.31333333</x>
      <y>0.74</y>
      <w>0.6471163</w>
      <t>3299</t>
    </point>
    <point>
      <x>0.315</x>
      <y>0.7416667</y>
      <w>0.6471163</w>
      <t>3299</t>
    </point>
    <point>
      <x>0.31666666</x>
      <y>0.74333334</y>
      <w>0.6471163</w>
      <t>3299</t>
    </point>
    <point>
      <x>0.31833333</x>
      <y>0.74333334</y>
      <w>0.6471163</w>
      <t>3299</t>
    </point>
    <point>
      <x>0.31833333</x>
      <y>0.745</y>
      <w>0.6529814</w>
      <t>3332</t>
    </point>
    <point>
      <x>0.32</x>
      <y>0.745</y>
      <w>0.6529814</w>
      <t>3332</t>
    </point>
    <point>
      <x>0.32166666</x>
      <y>0.745</y>
      <w>0.65591395</w>
      <t>3432</t>
    </point>
    <point>
      <x>0.32333332</x>
      <y>0.745</y>
      <w>0.65591395</w>
      <t>3432</t>
    </point>
    <point>
      <x>0.32666665</x>
      <y>0.745</y>
      <w>0.65591395</w>
      <t>3432</t>
    </point>
    <point>
      <x>0.33</x>
      <y>0.74333334</y>
      <w>0.65591395</w>
      <t>3432</t>
    </point>
    <point>
      <x>0.335</x>
      <y>0.74333334</y>
      <w>0.65493643</w>
      <t>3466</t>
    </point>
    <point>
      <x>0.34</x>
      <y>0.7416667</y>
      <w>0.65493643</w>
      <t>3466</t>
    </point>
    <point>
      <x>0.345</x>
      <y>0.74</y>
      <w>0.65493643</w>
      <t>3466</t>
    </point>
    <point>
      <x>0.35166666</x>
      <y>0.7366667</y>
      <w>0.65493643</w>
      <t>3466</t>
    </point>
    <point>
      <x>0.35833332</x>
      <y>0.735</y>
      <w>0.6480938</w>
      <t>3499</t>
    </point>
    <point>
      <x>0.365</x>
      <y>0.7316667</y>
      <w>0.6480938</w>
      <t>3499</t>
    </point>
    <point>
      <x>0.37166667</x>
      <y>0.72833335</y>
      <w>0.6480938</w>
      <t>3499</t>
    </point>
    <point>
      <x>0.38</x>
      <y>0.725</y>
      <w>0.6480938</w>
      <t>3499</t>
    </point>
    <point>
      <x>0.38833332</x>
      <y>0.7216667</y>
      <w>0.6480938</w>
      <t>3499</t>
    </point>
    <point>
      <x>0.39666668</x>
      <y>0.71666664</y>
      <w>0.629521</w>
      <t>3533</t>
    </point>
    <point>
      <x>0.405</x>
      <y>0.7133333</y>
      <w>0.629521</w>
      <t>3533</t>
    </point>
    <point>
      <x>0.415</x>
      <y>0.7083333</y>
      <w>0.629521</w>
      <t>3533</t>
    </point>
    <point>
      <x>0.425</x>
      <y>0.70166665</y>
      <w>0.629521</w>
      <t>3533</t>
    </point>
    <point>
      <x>0.435</x>
      <y>0.69666666</y>
      <w>0.6158358</w>
      <t>3566</t>
    </point>
    <point>
      <x>0.445</x>
      <y>0.69166666</y>
      <w>0.6158358</w>
      <t>3566</t>
    </point>
    <point>
      <x>0.45666668</x>
      <y>0.68666667</y>
      <w>0.6158358</w>
      <t>3566</t>
    </point>
    <point>
      <x>0.46833333</x>
      <y>0.68</y>
      <w>0.6158358</w>
      <t>3566</t>
    </point>
    <point>
      <x>0.48</x>
      <y>0.675</y>
      <w>0.61485827</w>
      <t>3599</t>
    </point>
    <point>
      <x>0.49166667</x>
      <y>0.66833335</y>
      <w>0.61485827</w>
      <t>3599</t>
    </point>
    <point>
      <x>0.505</x>
      <y>0.66333336</y>
      <w>0.61485827</w>
      <t>3599</t>
    </point>
    <point>
      <x>0.52</x>
      <y>0.65833336</y>
      <w>0.61485827</w>
      <t>3599</t>
    </point>
    <point>
      <x>0.53333336</x>
      <y>0.6533333</y>
      <w>0.61485827</w>
      <t>3599</t>
    </point>
    <point>
      <x>0.54833335</x>
      <y>0.6483333</y>
      <w>0.6050831</w>
      <t>3632</t>
    </point>
    <point>
      <x>0.56166667</x>
      <y>0.6433333</y>
      <w>0.6050831</w>
      <t>3632</t>
    </point>
    <point>
      <x>0.575</x>
      <y>0.64</y>
      <w>0.6050831</w>
      <t>3632</t>
    </point>
    <point>
      <x>0.5883333</x>
      <y>0.63666666</y>
      <w>0.6050831</w>
      <t>3632</t>
    </point>
    <point>
      <x>0.6</x>
      <y>0.6333333</y>
      <w>0.60215056</w>
      <t>3666</t>
    </point>
    <point>
      <x>0.61333334</x>
      <y>0.63</y>
      <w>0.60215056</w>
      <t>3666</t>
    </point>
    <point>
      <x>0.625</x>
      <y>0.62833333</y>
      <w>0.60215056</w>
      <t>3666</t>
    </point>
    <point>
      <x>0.635</x>
      <y>0.62666667</y>
      <w>0.60215056</w>
      <t>3666</t>
    </point>
    <point>
      <x>0.645</x>
      <y>0.625</y>
      <w>0.60215056</w>
      <t>3666</t>
    </point>
    <point>
      <x>0.655</x>
      <y>0.62333333</y>
      <w>0.5982405</w>
      <t>3699</t>
    </point>
    <point>
      <x>0.66333336</x>
      <y>0.62333333</y>
      <w>0.5982405</w>
      <t>3699</t>
    </point>
    <point>
      <x>0.67</x>
      <y>0.62333333</y>
      <w>0.5982405</w>
      <t>3699</t>
    </point>
    <point>
      <x>0.675</x>
      <y>0.62333333</y>
      <w>0.5982405</w>
      <t>3699</t>
    </point>
    <point>
      <x>0.68</x>
      <y>0.62333333</y>
      <w>0.59335285</w>
      <t>3733</t>
    </point>
    <point>
      <x>0.68333334</x>
      <y>0.62333333</y>
      <w>0.59335285</w>
      <t>3733</t>
    </point>
    <point>
      <x>0.68666667</x>
      <y>0.62333333</y>
      <w>0.59335285</w>
      <t>3733</t>
    </point>
    <point>
      <x>0.68833333</x>
      <y>0.625</y>
      <w>0.59335285</w>
      <t>3733</t>
    </point>
    <point>
      <x>0.69</x>
      <y>0.625</y>
      <w>0.59335285</w>
      <t>3733</t>
    </point>
    <point>
      <x>0.69166666</x>
      <y>0.625</y>
      <w>0.58748776</w>
      <t>3766</t>
    </point>
  </stroke>
</character>
