<?xml version="1.0" encoding="UTF-8"?>
<character>
  <stroke time="0">
    <point>
      <x>0.19666667</x>
      <y>0.49333334</y>
      <w>0.2512219</w>
      <t>103</t>
    </point>
    <point>
      <x>0.19833334</x>
      <y>0.49333334</y>
      <w>0.26490712</w>
      <t>103</t>
    </point>
    <point>
      <x>0.19833334</x>
      <y>0.495</y>
      <w>0.31769305</w>
      <t>133</t>
    </point>
    <point>
      <x>0.2</x>
      <y>0.495</y>
      <w>0.31769305</w>
      <t>133</t>
    </point>
    <point>
      <x>0.20166667</x>
      <y>0.49666667</y>
      <w>0.32942328</w>
      <t>167</t>
    </point>
    <point>
      <x>0.20333333</x>
      <y>0.49666667</y>
      <w>0.32942328</w>
      <t>167</t>
    </point>
    <point>
      <x>0.205</x>
      <y>0.49666667</y>
      <w>0.32942328</w>
      <t>167</t>
    </point>
    <point>
      <x>0.20666666</x>
      <y>0.49666667</y>
      <w>0.32942328</w>
      <t>168</t>
    </point>
    <point>
      <x>0.21</x>
      <y>0.49666667</y>
      <w>0.32942328</w>
      <t>168</t>
    </point>
    <point>
      <x>0.21166667</x>
      <y>0.49666667</y>
      <w>0.3362659</w>
      <t>200</t>
    </point>
    <point>
      <x>0.21333334</x>
      <y>0.49666667</y>
      <w>0.3362659</w>
      <t>200</t>
    </point>
    <point>
      <x>0.21666667</x>
      <y>0.49666667</y>
      <w>0.3362659</w>
      <t>200</t>
    </point>
    <point>
      <x>0.21833333</x>
      <y>0.49666667</y>
      <w>0.3362659</w>
      <t>200</t>
    </point>
    <point>
      <x>0.22166666</x>
      <y>0.49666667</y>
      <w>0.342131</w>
      <t>234</t>
    </point>
    <point>
      <x>0.225</x>
      <y>0.49666667</y>
      <w>0.342131</w>
      <t>234</t>
    </point>
    <point>
      <x>0.22666667</x>
      <y>0.495</y>
      <w>0.342131</w>
      <t>234</t>
    </point>
    <point>
      <x>0.23166667</x>
      <y>0.49333334</y>
      <w>0.342131</w>
      <t>235</t>
    </point>
    <point>
      <x>0.235</x>
      <y>0.49166667</y>
      <w>0.342131</w>
      <t>235</t>
    </point>
    <point>
      <x>0.23833333</x>
      <y>0.49</y>
      <w>0.35679373</w>
      <t>267</t>
    </point>
    <point>
      <x>0.24166666</x>
      <y>0.48833334</y>
      <w>0.35679373</w>
      <t>267</t>
    </point>
    <point>
      <x>0.24666667</x>
      <y>0.48666668</y>
      <w>0.35679373</w>
      <t>269</t>
    </point>
    <point>
      <x>0.25</x>
      <y>0.485</y>
      <w>0.35679373</w>
      <t>269</t>
    </point>
    <point>
      <x>0.25333333</x>
      <y>0.48333332</y>
      <w>0.3646139</w>
      <t>301</t>
    </point>
    <point>
      <x>0.25833333</x>
      <y>0.48166665</y>
      <w>0.3646139</w>
      <t>301</t>
    </point>
    <point>
      <x>0.265</x>
      <y>0.48</y>
      <w>0.3646139</w>
      <t>301</t>
    </point>
    <point>
      <x>0.27166668</x>
      <y>0.47666666</y>
      <w>0.3646139</w>
      <t>301</t>
    </point>
    <point>
      <x>0.27833334</x>
      <y>0.47333333</y>
      <w>0.3646139</w>
      <t>302</t>
    </point>
    <point>
      <x>0.28666666</x>
      <y>0.46833333</y>
      <w>0.37536657</w>
      <t>335</t>
    </point>
    <point>
      <x>0.29666665</x>
      <y>0.46333334</y>
      <w>0.37536657</w>
      <t>335</t>
    </point>
    <point>
      <x>0.305</x>
      <y>0.46</y>
      <w>0.37536657</w>
      <t>335</t>
    </point>
    <point>
      <x>0.31333333</x>
      <y>0.455</y>
      <w>0.37536657</w>
      <t>335</t>
    </point>
    <point>
      <x>0.32166666</x>
      <y>0.45166665</y>
      <w>0.37829912</w>
      <t>368</t>
    </point>
    <point>
      <x>0.32833335</x>
      <y>0.45</y>
      <w>0.37829912</w>
      <t>368</t>
    </point>
    <point>
      <x>0.33333334</x>
      <y>0.44666666</y>
      <w>0.37829912</w>
      <t>368</t>
    </point>
    <point>
      <x>0.33833334</x>
      <y>0.445</y>
      <w>0.37829912</w>
      <t>369</t>
    </point>
    <point>
      <x>0.34166667</x>
      <y>0.44333333</y>
      <w>0.37829912</w>
      <t>369</t>
    </point>
    <point>
      <x>0.345</x>
      <y>0.44166666</y>
      <w>0.37829912</w>
      <t>401</t>
    </point>
    <point>
      <x>0.34666666</x>
      <y>0.44166666</y>
      <w>0.37829912</w>
      <t>401</t>
    </point>
    <point>
      <x>0.34833333</x>
      <y>0.44166666</y>
      <w>0.37829912</w>
      <t>401</t>
    </point>
    <point>
      <x>0.34833333</x>
      <y>0.44</y>
      <w>0.37829912</w>
      <t>402</t>
    </point>
    <point>
      <x>0.35</x>
      <y>0.44</y>
      <w>0.37927663</w>
      <t>434</t>
    </point>
    <point>
      <x>0.34833333</x>
      <y>0.44</y>
      <w>0.27663735</w>
      <t>667</t>
    </point>
    <point>
      <x>0.34666666</x>
      <y>0.43833333</y>
      <w>0.27663735</w>
      <t>667</t>
    </point>
    <point>
      <x>0.345</x>
      <y>0.43833333</y>
      <w>0.0</w>
      <t>700</t>
    </point>
  </stroke>
  <stroke time="934">
    <point>
      <x>0.30333334</x>
      <y>0.37</y>
      <w>0.19061583</w>
      <t>1034</t>
    </point>
    <point>
      <x>0.305</x>
      <y>0.37</y>
      <w>0.19061583</w>
      <t>1034</t>
    </point>
    <point>
      <x>0.30666667</x>
      <y>0.37166667</y>
      <w>0.19061583</w>
      <t>1034</t>
    </point>
    <point>
      <x>0.30666667</x>
      <y>0.375</y>
      <w>0.23264907</w>
      <t>1067</t>
    </point>
    <point>
      <x>0.30833334</x>
      <y>0.37666667</y>
      <w>0.23264907</w>
      <t>1067</t>
    </point>
    <point>
      <x>0.30833334</x>
      <y>0.37833333</y>
      <w>0.23264907</w>
      <t>1067</t>
    </point>
    <point>
      <x>0.31</x>
      <y>0.38</y>
      <w>0.23264907</w>
      <t>1067</t>
    </point>
    <point>
      <x>0.31</x>
      <y>0.38333333</y>
      <w>0.2805474</w>
      <t>1100</t>
    </point>
    <point>
      <x>0.31166667</x>
      <y>0.385</y>
      <w>0.2805474</w>
      <t>1100</t>
    </point>
    <point>
      <x>0.31166667</x>
      <y>0.38833332</y>
      <w>0.2805474</w>
      <t>1100</t>
    </point>
    <point>
      <x>0.31333333</x>
      <y>0.39166668</y>
      <w>0.2805474</w>
      <t>1100</t>
    </point>
    <point>
      <x>0.31333333</x>
      <y>0.395</y>
      <w>0.32551318</w>
      <t>1134</t>
    </point>
    <point>
      <x>0.315</x>
      <y>0.4</y>
      <w>0.32551318</w>
      <t>1134</t>
    </point>
    <point>
      <x>0.315</x>
      <y>0.405</y>
      <w>0.32551318</w>
      <t>1134</t>
    </point>
    <point>
      <x>0.315</x>
      <y>0.41</y>
      <w>0.32551318</w>
      <t>1134</t>
    </point>
    <point>
      <x>0.31666666</x>
      <y>0.41333333</y>
      <w>0.32551318</w>
      <t>1135</t>
    </point>
    <point>
      <x>0.31666666</x>
      <y>0.41833332</y>
      <w>0.34115347</w>
      <t>1167</t>
    </point>
    <point>
      <x>0.31666666</x>
      <y>0.42333335</y>
      <w>0.34115347</w>
      <t>1167</t>
    </point>
    <point>
      <x>0.31666666</x>
      <y>0.42666668</y>
      <w>0.34115347</w>
      <t>1167</t>
    </point>
    <point>
      <x>0.31666666</x>
      <y>0.43166667</y>
      <w>0.34115347</w>
      <t>1167</t>
    </point>
    <point>
      <x>0.31666666</x>
      <y>0.43833333</y>
      <w>0.3597263</w>
      <t>1200</t>
    </point>
    <point>
      <x>0.31833333</x>
      <y>0.44333333</y>
      <w>0.3597263</w>
      <t>1200</t>
    </point>
    <point>
      <x>0.31833333</x>
      <y>0.45</y>
      <w>0.3597263</w>
      <t>1200</t>
    </point>
    <point>
      <x>0.31833333</x>
      <y>0.45833334</y>
      <w>0.3597263</w>
      <t>1200</t>
    </point>
    <point>
      <x>0.31833333</x>
      <y>0.465</y>
      <w>0.3597263</w>
      <t>1201</t>
    </point>
    <point>
      <x>0.31833333</x>
      <y>0.475</y>
      <w>0.38025415</w>
      <t>1234</t>
    </point>
    <point>
      <x>0.31833333</x>
      <y>0.48333332</y>
      <w>0.38025415</w>
      <t>1234</t>
    </point>
    <point>
      <x>0.31833333</x>
      <y>0.49</y>
      <w>0.38025415</w>
      <t>1234</t>
    </point>
    <point>
      <x>0.31833333</x>
      <y>0.49833333</y>
      <w>0.38025415</w>
      <t>1234</t>
    </point>
    <point>
      <x>0.31666666</x>
      <y>0.505</y>
      <w>0.41055718</w>
      <t>1267</t>
    </point>
    <point>
      <x>0.31666666</x>
      <y>0.51166666</y>
      <w>0.41055718</w>
      <t>1267</t>
    </point>
    <point>
      <x>0.315</x>
      <y>0.5183333</y>
      <w>0.41055718</w>
      <t>1267</t>
    </point>
    <point>
      <x>0.31333333</x>
      <y>0.525</y>
      <w>0.41055718</w>
      <t>1267</t>
    </point>
    <point>
      <x>0.31166667</x>
      <y>0.53333336</y>
      <w>0.41935483</w>
      <t>1301</t>
    </point>
    <point>
      <x>0.31</x>
      <y>0.5416667</y>
      <w>0.41935483</w>
      <t>1301</t>
    </point>
    <point>
      <x>0.30666667</x>
      <y>0.55</y>
      <w>0.41935483</w>
      <t>1303</t>
    </point>
    <point>
      <x>0.305</x>
      <y>0.5566667</y>
      <w>0.41935483</w>
      <t>1303</t>
    </point>
    <point>
      <x>0.30333334</x>
      <y>0.565</y>
      <w>0.41935483</w>
      <t>1303</t>
    </point>
    <point>
      <x>0.30166668</x>
      <y>0.57166666</y>
      <w>0.42424244</w>
      <t>1334</t>
    </point>
    <point>
      <x>0.3</x>
      <y>0.57666665</y>
      <w>0.42424244</w>
      <t>1334</t>
    </point>
    <point>
      <x>0.29833335</x>
      <y>0.58166665</y>
      <w>0.42424244</w>
      <t>1334</t>
    </point>
    <point>
      <x>0.29833335</x>
      <y>0.585</y>
      <w>0.42424244</w>
      <t>1334</t>
    </point>
    <point>
      <x>0.29666665</x>
      <y>0.5883333</y>
      <w>0.4281525</w>
      <t>1367</t>
    </point>
    <point>
      <x>0.29666665</x>
      <y>0.59</y>
      <w>0.4281525</w>
      <t>1367</t>
    </point>
    <point>
      <x>0.295</x>
      <y>0.59166664</y>
      <w>0.4281525</w>
      <t>1367</t>
    </point>
    <point>
      <x>0.295</x>
      <y>0.5933333</y>
      <w>0.4281525</w>
      <t>1367</t>
    </point>
    <point>
      <x>0.29333332</x>
      <y>0.595</y>
      <w>0.4281525</w>
      <t>1367</t>
    </point>
    <point>
      <x>0.29333332</x>
      <y>0.5966667</y>
      <w>0.4281525</w>
      <t>1400</t>
    </point>
    <point>
      <x>0.29333332</x>
      <y>0.59833336</y>
      <w>0.4281525</w>
      <t>1400</t>
    </point>
    <point>
      <x>0.29333332</x>
      <y>0.6</y>
      <w>0.4281525</w>
      <t>1400</t>
    </point>
    <point>
      <x>0.29166666</x>
      <y>0.60333335</y>
      <w>0.4281525</w>
      <t>1434</t>
    </point>
    <point>
      <x>0.29166666</x>
      <y>0.605</y>
      <w>0.4281525</w>
      <t>1434</t>
    </point>
    <point>
      <x>0.29166666</x>
      <y>0.6066667</y>
      <w>0.4281525</w>
      <t>1434</t>
    </point>
    <point>
      <x>0.29166666</x>
      <y>0.60833335</y>
      <w>0.4281525</w>
      <t>1434</t>
    </point>
    <point>
      <x>0.29166666</x>
      <y>0.61</y>
      <w>0.42913002</w>
      <t>1467</t>
    </point>
    <point>
      <x>0.29333332</x>
      <y>0.6116667</y>
      <w>0.42913002</w>
      <t>1467</t>
    </point>
    <point>
      <x>0.29333332</x>
      <y>0.61333334</y>
      <w>0.4349951</w>
      <t>1501</t>
    </point>
    <point>
      <x>0.295</x>
      <y>0.615</y>
      <w>0.4349951</w>
      <t>1501</t>
    </point>
    <point>
      <x>0.29666665</x>
      <y>0.615</y>
      <w>0.4349951</w>
      <t>1501</t>
    </point>
    <point>
      <x>0.29666665</x>
      <y>0.6166667</y>
      <w>0.4349951</w>
      <t>1501</t>
    </point>
    <point>
      <x>0.29833335</x>
      <y>0.61833334</y>
      <w>0.4349951</w>
      <t>1501</t>
    </point>
    <point>
      <x>0.3</x>
      <y>0.61833334</y>
      <w>0.4398827</w>
      <t>1534</t>
    </point>
    <point>
      <x>0.3</x>
      <y>0.62</y>
      <w>0.4398827</w>
      <t>1534</t>
    </point>
    <point>
      <x>0.3</x>
      <y>0.61833334</y>
      <w>0.41544476</w>
      <t>1667</t>
    </point>
    <point>
      <x>0.30166668</x>
      <y>0.61833334</y>
      <w>0.41544476</w>
      <t>1667</t>
    </point>
    <point>
      <x>0.30333334</x>
      <y>0.61833334</y>
      <w>0.41544476</w>
      <t>1667</t>
    </point>
    <point>
      <x>0.30333334</x>
      <y>0.6166667</y>
      <w>0.4115347</w>
      <t>1701</t>
    </point>
    <point>
      <x>0.305</x>
      <y>0.6166667</y>
      <w>0.4115347</w>
      <t>1701</t>
    </point>
    <point>
      <x>0.30666667</x>
      <y>0.615</y>
      <w>0.4115347</w>
      <t>1701</t>
    </point>
    <point>
      <x>0.30833334</x>
      <y>0.61333334</y>
      <w>0.3900293</w>
      <t>1734</t>
    </point>
    <point>
      <x>0.31</x>
      <y>0.61333334</y>
      <w>0.3900293</w>
      <t>1734</t>
    </point>
    <point>
      <x>0.31166667</x>
      <y>0.6116667</y>
      <w>0.3900293</w>
      <t>1734</t>
    </point>
    <point>
      <x>0.31166667</x>
      <y>0.61</y>
      <w>0.3900293</w>
      <t>1734</t>
    </point>
    <point>
      <x>0.31333333</x>
      <y>0.61</y>
      <w>0.36070383</w>
      <t>1767</t>
    </point>
    <point>
      <x>0.315</x>
      <y>0.60833335</y>
      <w>0.36070383</w>
      <t>1767</t>
    </point>
    <point>
      <x>0.31666666</x>
      <y>0.605</y>
      <w>0.36070383</w>
      <t>1767</t>
    </point>
    <point>
      <x>0.31833333</x>
      <y>0.60333335</y>
      <w>0.36070383</w>
      <t>1767</t>
    </point>
    <point>
      <x>0.32</x>
      <y>0.6</y>
      <w>0.30400783</w>
      <t>1800</t>
    </point>
    <point>
      <x>0.32333332</x>
      <y>0.5966667</y>
      <w>0.30400783</w>
      <t>1800</t>
    </point>
    <point>
      <x>0.325</x>
      <y>0.595</y>
      <w>0.30400783</w>
      <t>1800</t>
    </point>
    <point>
      <x>0.32666665</x>
      <y>0.59166664</y>
      <w>0.30400783</w>
      <t>1800</t>
    </point>
    <point>
      <x>0.32833335</x>
      <y>0.5883333</y>
      <w>0.30400783</w>
      <t>1801</t>
    </point>
    <point>
      <x>0.33</x>
      <y>0.58666664</y>
      <w>0.29032257</w>
      <t>1833</t>
    </point>
    <point>
      <x>0.33333334</x>
      <y>0.5833333</y>
      <w>0.29032257</w>
      <t>1835</t>
    </point>
    <point>
      <x>0.335</x>
      <y>0.58</y>
      <w>0.29032257</w>
      <t>1835</t>
    </point>
    <point>
      <x>0.33666667</x>
      <y>0.57666665</y>
      <w>0.29032257</w>
      <t>1835</t>
    </point>
    <point>
      <x>0.34</x>
      <y>0.5733333</y>
      <w>0.2639296</w>
      <t>1867</t>
    </point>
    <point>
      <x>0.34166667</x>
      <y>0.5683333</y>
      <w>0.2639296</w>
      <t>1867</t>
    </point>
    <point>
      <x>0.345</x>
      <y>0.565</y>
      <w>0.2639296</w>
      <t>1867</t>
    </point>
    <point>
      <x>0.35</x>
      <y>0.56</y>
      <w>0.2639296</w>
      <t>1867</t>
    </point>
    <point>
      <x>0.355</x>
      <y>0.555</y>
      <w>0.26099706</w>
      <t>1901</t>
    </point>
    <point>
      <x>0.36</x>
      <y>0.55</y>
      <w>0.26099706</w>
      <t>1901</t>
    </point>
    <point>
      <x>0.365</x>
      <y>0.545</y>
      <w>0.26099706</w>
      <t>1901</t>
    </point>
    <point>
      <x>0.37</x>
      <y>0.54</y>
      <w>0.26099706</w>
      <t>1901</t>
    </point>
    <point>
      <x>0.375</x>
      <y>0.535</y>
      <w>0.26099706</w>
      <t>1901</t>
    </point>
    <point>
      <x>0.38</x>
      <y>0.5283333</y>
      <w>0.26099706</w>
      <t>1934</t>
    </point>
    <point>
      <x>0.38666666</x>
      <y>0.52166665</y>
      <w>0.26099706</w>
      <t>1934</t>
    </point>
    <point>
      <x>0.39333335</x>
      <y>0.515</y>
      <w>0.26099706</w>
      <t>1934</t>
    </point>
    <point>
      <x>0.4</x>
      <y>0.5083333</y>
      <w>0.26099706</w>
      <t>1934</t>
    </point>
    <point>
      <x>0.40666667</x>
      <y>0.5</y>
      <w>0.25904202</w>
      <t>1967</t>
    </point>
    <point>
      <x>0.41333333</x>
      <y>0.49166667</y>
      <w>0.25904202</w>
      <t>1967</t>
    </point>
    <point>
      <x>0.42166665</x>
      <y>0.48166665</y>
      <w>0.25904202</w>
      <t>1967</t>
    </point>
    <point>
      <x>0.43</x>
      <y>0.47166666</y>
      <w>0.25904202</w>
      <t>1967</t>
    </point>
    <point>
      <x>0.43833333</x>
      <y>0.46166667</y>
      <w>0.25904202</w>
      <t>1967</t>
    </point>
    <point>
      <x>0.44666666</x>
      <y>0.45166665</y>
      <w>0.25904202</w>
      <t>2001</t>
    </point>
    <point>
      <x>0.45666668</x>
      <y>0.44166666</y>
      <w>0.25904202</w>
      <t>2001</t>
    </point>
    <point>
      <x>0.465</x>
      <y>0.43</y>
      <w>0.25904202</w>
      <t>2001</t>
    </point>
    <point>
      <x>0.475</x>
      <y>0.42</y>
      <w>0.25904202</w>
      <t>2001</t>
    </point>
    <point>
      <x>0.485</x>
      <y>0.40833333</y>
      <w>0.25904202</w>
      <t>2034</t>
    </point>
    <point>
      <x>0.49666667</x>
      <y>0.39833334</y>
      <w>0.25904202</w>
      <t>2034</t>
    </point>
    <point>
      <x>0.5083333</x>
      <y>0.38666666</y>
      <w>0.25904202</w>
      <t>2034</t>
    </point>
    <point>
      <x>0.52</x>
      <y>0.37666667</y>
      <w>0.25904202</w>
      <t>2034</t>
    </point>
    <point>
      <x>0.53333336</x>
      <y>0.365</y>
      <w>0.25904202</w>
      <t>2034</t>
    </point>
    <point>
      <x>0.54833335</x>
      <y>0.35333332</y>
      <w>0.26588467</w>
      <t>2067</t>
    </point>
    <point>
      <x>0.565</x>
      <y>0.34166667</y>
      <w>0.26588467</w>
      <t>2067</t>
    </point>
    <point>
      <x>0.58166665</x>
      <y>0.32833335</y>
      <w>0.26588467</w>
      <t>2067</t>
    </point>
    <point>
      <x>0.59833336</x>
      <y>0.315</y>
      <w>0.26588467</w>
      <t>2067</t>
    </point>
    <point>
      <x>0.615</x>
      <y>0.30333334</y>
      <w>0.26588467</w>
      <t>2101</t>
    </point>
    <point>
      <x>0.63166666</x>
      <y>0.29333332</y>
      <w>0.26588467</w>
      <t>2101</t>
    </point>
    <point>
      <x>0.64666665</x>
      <y>0.285</y>
      <w>0.26588467</w>
      <t>2101</t>
    </point>
    <point>
      <x>0.66333336</x>
      <y>0.27666667</y>
      <w>0.26588467</w>
      <t>2101</t>
    </point>
    <point>
      <x>0.67833334</x>
      <y>0.27</y>
      <w>0.26588467</w>
      <t>2101</t>
    </point>
    <point>
      <x>0.695</x>
      <y>0.26333332</y>
      <w>0.26588467</w>
      <t>2134</t>
    </point>
    <point>
      <x>0.71</x>
      <y>0.25666666</y>
      <w>0.26588467</w>
      <t>2134</t>
    </point>
    <point>
      <x>0.72333336</x>
      <y>0.25</y>
      <w>0.26588467</w>
      <t>2134</t>
    </point>
    <point>
      <x>0.73833334</x>
      <y>0.24333334</y>
      <w>0.26588467</w>
      <t>2134</t>
    </point>
    <point>
      <x>0.74833333</x>
      <y>0.23833333</y>
      <w>0.26490712</w>
      <t>2168</t>
    </point>
    <point>
      <x>0.7583333</x>
      <y>0.235</y>
      <w>0.26490712</w>
      <t>2168</t>
    </point>
    <point>
      <x>0.765</x>
      <y>0.23166667</y>
      <w>0.26490712</w>
      <t>2168</t>
    </point>
    <point>
      <x>0.77</x>
      <y>0.22833334</y>
      <w>0.26490712</w>
      <t>2168</t>
    </point>
    <point>
      <x>0.7733333</x>
      <y>0.22833334</y>
      <w>0.26490712</w>
      <t>2168</t>
    </point>
    <point>
      <x>0.7733333</x>
      <y>0.22666667</y>
      <w>0.28836754</w>
      <t>2200</t>
    </point>
    <point>
      <x>0.775</x>
      <y>0.22666667</y>
      <w>0.28836754</w>
      <t>2200</t>
    </point>
    <point>
      <x>0.7733333</x>
      <y>0.22666667</y>
      <w>0.32551318</w>
      <t>2334</t>
    </point>
    <point>
      <x>0.77166665</x>
      <y>0.22666667</y>
      <w>0.32551318</w>
      <t>2334</t>
    </point>
    <point>
      <x>0.77</x>
      <y>0.22666667</y>
      <w>0.32551318</w>
      <t>2334</t>
    </point>
    <point>
      <x>0.7683333</x>
      <y>0.225</y>
      <w>0.32551318</w>
      <t>2334</t>
    </point>
    <point>
      <x>0.765</x>
      <y>0.225</y>
      <w>0.31769305</w>
      <t>2368</t>
    </point>
    <point>
      <x>0.7633333</x>
      <y>0.225</y>
      <w>0.31769305</w>
      <t>2368</t>
    </point>
    <point>
      <x>0.76166666</x>
      <y>0.225</y>
      <w>0.31769305</w>
      <t>2368</t>
    </point>
    <point>
      <x>0.76</x>
      <y>0.225</y>
      <w>0.30987293</w>
      <t>2400</t>
    </point>
    <point>
      <x>0.75666666</x>
      <y>0.22333333</y>
      <w>0.30987293</w>
      <t>2400</t>
    </point>
    <point>
      <x>0.755</x>
      <y>0.22333333</y>
      <w>0.30987293</w>
      <t>2400</t>
    </point>
    <point>
      <x>0.75333333</x>
      <y>0.22333333</y>
      <w>0.30987293</w>
      <t>2400</t>
    </point>
    <point>
      <x>0.75</x>
      <y>0.22333333</y>
      <w>0.30987293</w>
      <t>2400</t>
    </point>
    <point>
      <x>0.74833333</x>
      <y>0.22166666</y>
      <w>0.2580645</w>
      <t>2434</t>
    </point>
    <point>
      <x>0.74666667</x>
      <y>0.22166666</y>
      <w>0.2580645</w>
      <t>2434</t>
    </point>
    <point>
      <x>0.74333334</x>
      <y>0.22166666</y>
      <w>0.2580645</w>
      <t>2434</t>
    </point>
    <point>
      <x>0.7416667</x>
      <y>0.22166666</y>
      <w>0.2580645</w>
      <t>2434</t>
    </point>
    <point>
      <x>0.74</x>
      <y>0.22166666</y>
      <w>0.0</w>
      <t>2467</t>
    </point>
    <point>
      <x>0.73833334</x>
      <y>0.22166666</y>
      <w>0.0</w>
      <t>2467</t>
    </point>
  </stroke>
  <stroke time="2934">
    <point>
      <x>0.625</x>
      <y>0.155</y>
      <w>0.21212122</w>
      <t>3000</t>
    </point>
    <point>
      <x>0.625</x>
      <y>0.15666667</y>
      <w>0.21212122</w>
      <t>3000</t>
    </point>
    <point>
      <x>0.625</x>
      <y>0.16</y>
      <w>0.27077225</w>
      <t>3034</t>
    </point>
    <point>
      <x>0.625</x>
      <y>0.16333333</y>
      <w>0.27077225</w>
      <t>3034</t>
    </point>
    <point>
      <x>0.62333333</x>
      <y>0.16666667</y>
      <w>0.27077225</w>
      <t>3034</t>
    </point>
    <point>
      <x>0.62333333</x>
      <y>0.17166667</y>
      <w>0.27077225</w>
      <t>3034</t>
    </point>
    <point>
      <x>0.62166667</x>
      <y>0.17833333</y>
      <w>0.27077225</w>
      <t>3034</t>
    </point>
    <point>
      <x>0.62166667</x>
      <y>0.185</y>
      <w>0.32258064</w>
      <t>3067</t>
    </point>
    <point>
      <x>0.62</x>
      <y>0.19333333</y>
      <w>0.32258064</w>
      <t>3067</t>
    </point>
    <point>
      <x>0.61833334</x>
      <y>0.20166667</y>
      <w>0.32258064</w>
      <t>3067</t>
    </point>
    <point>
      <x>0.6166667</x>
      <y>0.21</y>
      <w>0.32258064</w>
      <t>3067</t>
    </point>
    <point>
      <x>0.615</x>
      <y>0.22</y>
      <w>0.36754644</w>
      <t>3101</t>
    </point>
    <point>
      <x>0.61333334</x>
      <y>0.23</y>
      <w>0.36754644</w>
      <t>3101</t>
    </point>
    <point>
      <x>0.6116667</x>
      <y>0.24</y>
      <w>0.36754644</w>
      <t>3101</t>
    </point>
    <point>
      <x>0.61</x>
      <y>0.25</y>
      <w>0.36754644</w>
      <t>3101</t>
    </point>
    <point>
      <x>0.60833335</x>
      <y>0.26</y>
      <w>0.36754644</w>
      <t>3101</t>
    </point>
    <point>
      <x>0.605</x>
      <y>0.27166668</y>
      <w>0.41055718</w>
      <t>3134</t>
    </point>
    <point>
      <x>0.60333335</x>
      <y>0.28333333</y>
      <w>0.41055718</w>
      <t>3134</t>
    </point>
    <point>
      <x>0.6</x>
      <y>0.29333332</y>
      <w>0.41055718</w>
      <t>3134</t>
    </point>
    <point>
      <x>0.59833336</x>
      <y>0.30333334</y>
      <w>0.41055718</w>
      <t>3134</t>
    </point>
    <point>
      <x>0.5966667</x>
      <y>0.31166667</y>
      <w>0.4398827</w>
      <t>3168</t>
    </point>
    <point>
      <x>0.5966667</x>
      <y>0.32</y>
      <w>0.4398827</w>
      <t>3168</t>
    </point>
    <point>
      <x>0.595</x>
      <y>0.32833335</y>
      <w>0.4398827</w>
      <t>3168</t>
    </point>
    <point>
      <x>0.595</x>
      <y>0.33666667</y>
      <w>0.4398827</w>
      <t>3168</t>
    </point>
    <point>
      <x>0.595</x>
      <y>0.345</y>
      <w>0.4398827</w>
      <t>3168</t>
    </point>
    <point>
      <x>0.595</x>
      <y>0.35166666</y>
      <w>0.4525904</w>
      <t>3200</t>
    </point>
    <point>
      <x>0.595</x>
      <y>0.35833332</y>
      <w>0.4525904</w>
      <t>3200</t>
    </point>
    <point>
      <x>0.595</x>
      <y>0.36333334</y>
      <w>0.4525904</w>
      <t>3200</t>
    </point>
    <point>
      <x>0.595</x>
      <y>0.36833334</y>
      <w>0.4525904</w>
      <t>3200</t>
    </point>
    <point>
      <x>0.595</x>
      <y>0.37166667</y>
      <w>0.45943305</w>
      <t>3234</t>
    </point>
    <point>
      <x>0.595</x>
      <y>0.37666667</y>
      <w>0.45943305</w>
      <t>3234</t>
    </point>
    <point>
      <x>0.595</x>
      <y>0.37833333</y>
      <w>0.45943305</w>
      <t>3234</t>
    </point>
    <point>
      <x>0.595</x>
      <y>0.38166666</y>
      <w>0.45943305</w>
      <t>3234</t>
    </point>
    <point>
      <x>0.595</x>
      <y>0.38333333</y>
      <w>0.45943305</w>
      <t>3234</t>
    </point>
    <point>
      <x>0.595</x>
      <y>0.385</y>
      <w>0.4623656</w>
      <t>3267</t>
    </point>
    <point>
      <x>0.595</x>
      <y>0.38666666</y>
      <w>0.4623656</w>
      <t>3267</t>
    </point>
    <point>
      <x>0.595</x>
      <y>0.38833332</y>
      <w>0.4623656</w>
      <t>3267</t>
    </point>
    <point>
      <x>0.5966667</x>
      <y>0.38833332</y>
      <w>0.4623656</w>
      <t>3267</t>
    </point>
    <point>
      <x>0.5966667</x>
      <y>0.39</y>
      <w>0.4623656</w>
      <t>3301</t>
    </point>
    <point>
      <x>0.5966667</x>
      <y>0.39166668</y>
      <w>0.4623656</w>
      <t>3301</t>
    </point>
    <point>
      <x>0.5966667</x>
      <y>0.39333335</y>
      <w>0.4623656</w>
      <t>3301</t>
    </point>
    <point>
      <x>0.59833336</x>
      <y>0.39333335</y>
      <w>0.4623656</w>
      <t>3301</t>
    </point>
    <point>
      <x>0.6</x>
      <y>0.395</y>
      <w>0.4623656</w>
      <t>3301</t>
    </point>
    <point>
      <x>0.6</x>
      <y>0.39666668</y>
      <w>0.45845553</w>
      <t>3334</t>
    </point>
    <point>
      <x>0.60333335</x>
      <y>0.39833334</y>
      <w>0.45845553</w>
      <t>3334</t>
    </point>
    <point>
      <x>0.605</x>
      <y>0.39833334</y>
      <w>0.45845553</w>
      <t>3334</t>
    </point>
    <point>
      <x>0.6066667</x>
      <y>0.4</y>
      <w>0.45845553</w>
      <t>3334</t>
    </point>
    <point>
      <x>0.61</x>
      <y>0.40166667</y>
      <w>0.4457478</w>
      <t>3367</t>
    </point>
    <point>
      <x>0.61333334</x>
      <y>0.40166667</y>
      <w>0.4457478</w>
      <t>3367</t>
    </point>
    <point>
      <x>0.615</x>
      <y>0.40166667</y>
      <w>0.4457478</w>
      <t>3367</t>
    </point>
    <point>
      <x>0.61833334</x>
      <y>0.40166667</y>
      <w>0.4457478</w>
      <t>3367</t>
    </point>
    <point>
      <x>0.62166667</x>
      <y>0.40166667</y>
      <w>0.43890518</w>
      <t>3400</t>
    </point>
    <point>
      <x>0.625</x>
      <y>0.40166667</y>
      <w>0.43890518</w>
      <t>3400</t>
    </point>
    <point>
      <x>0.63</x>
      <y>0.40166667</y>
      <w>0.43890518</w>
      <t>3400</t>
    </point>
    <point>
      <x>0.6333333</x>
      <y>0.40166667</y>
      <w>0.43890518</w>
      <t>3400</t>
    </point>
    <point>
      <x>0.6383333</x>
      <y>0.40166667</y>
      <w>0.43890518</w>
      <t>3400</t>
    </point>
    <point>
      <x>0.6433333</x>
      <y>0.40166667</y>
      <w>0.43695015</w>
      <t>3434</t>
    </point>
    <point>
      <x>0.6483333</x>
      <y>0.40166667</y>
      <w>0.43695015</w>
      <t>3434</t>
    </point>
    <point>
      <x>0.6533333</x>
      <y>0.40166667</y>
      <w>0.43695015</w>
      <t>3434</t>
    </point>
    <point>
      <x>0.65833336</x>
      <y>0.40166667</y>
      <w>0.43695015</w>
      <t>3434</t>
    </point>
    <point>
      <x>0.665</x>
      <y>0.40166667</y>
      <w>0.4281525</w>
      <t>3468</t>
    </point>
    <point>
      <x>0.67</x>
      <y>0.40166667</y>
      <w>0.4281525</w>
      <t>3468</t>
    </point>
    <point>
      <x>0.675</x>
      <y>0.40166667</y>
      <w>0.4281525</w>
      <t>3468</t>
    </point>
    <point>
      <x>0.68</x>
      <y>0.40166667</y>
      <w>0.4281525</w>
      <t>3468</t>
    </point>
    <point>
      <x>0.685</x>
      <y>0.40166667</y>
      <w>0.4281525</w>
      <t>3468</t>
    </point>
    <point>
      <x>0.69</x>
      <y>0.40166667</y>
      <w>0.42424244</w>
      <t>3501</t>
    </point>
    <point>
      <x>0.695</x>
      <y>0.40166667</y>
      <w>0.42424244</w>
      <t>3501</t>
    </point>
    <point>
      <x>0.7</x>
      <y>0.40166667</y>
      <w>0.42424244</w>
      <t>3501</t>
    </point>
    <point>
      <x>0.7033333</x>
      <y>0.40166667</y>
      <w>0.42424244</w>
      <t>3501</t>
    </point>
    <point>
      <x>0.7083333</x>
      <y>0.40333334</y>
      <w>0.4222874</w>
      <t>3534</t>
    </point>
    <point>
      <x>0.7133333</x>
      <y>0.40333334</y>
      <w>0.4222874</w>
      <t>3534</t>
    </point>
    <point>
      <x>0.71666664</x>
      <y>0.405</y>
      <w>0.4222874</w>
      <t>3534</t>
    </point>
    <point>
      <x>0.72</x>
      <y>0.405</y>
      <w>0.4222874</w>
      <t>3534</t>
    </point>
    <point>
      <x>0.72333336</x>
      <y>0.40666667</y>
      <w>0.4222874</w>
      <t>3534</t>
    </point>
    <point>
      <x>0.72833335</x>
      <y>0.40666667</y>
      <w>0.42130986</w>
      <t>3568</t>
    </point>
    <point>
      <x>0.7316667</x>
      <y>0.40833333</y>
      <w>0.42130986</w>
      <t>3568</t>
    </point>
    <point>
      <x>0.735</x>
      <y>0.41</y>
      <w>0.42130986</w>
      <t>3568</t>
    </point>
    <point>
      <x>0.74</x>
      <y>0.41166666</y>
      <w>0.42130986</w>
      <t>3568</t>
    </point>
    <point>
      <x>0.74333334</x>
      <y>0.41333333</y>
      <w>0.42130986</w>
      <t>3601</t>
    </point>
    <point>
      <x>0.74666667</x>
      <y>0.415</y>
      <w>0.42130986</w>
      <t>3601</t>
    </point>
    <point>
      <x>0.75166667</x>
      <y>0.41666666</y>
      <w>0.42130986</w>
      <t>3601</t>
    </point>
    <point>
      <x>0.755</x>
      <y>0.41833332</y>
      <w>0.42130986</w>
      <t>3601</t>
    </point>
    <point>
      <x>0.7583333</x>
      <y>0.42</y>
      <w>0.42130986</w>
      <t>3601</t>
    </point>
    <point>
      <x>0.7633333</x>
      <y>0.42166665</y>
      <w>0.42033234</w>
      <t>3634</t>
    </point>
    <point>
      <x>0.76666665</x>
      <y>0.425</y>
      <w>0.42033234</w>
      <t>3634</t>
    </point>
    <point>
      <x>0.77</x>
      <y>0.42666668</y>
      <w>0.42033234</w>
      <t>3634</t>
    </point>
    <point>
      <x>0.7733333</x>
      <y>0.43</y>
      <w>0.42033234</w>
      <t>3634</t>
    </point>
    <point>
      <x>0.77666664</x>
      <y>0.43333334</y>
      <w>0.42033234</w>
      <t>3667</t>
    </point>
    <point>
      <x>0.78</x>
      <y>0.435</y>
      <w>0.42033234</w>
      <t>3667</t>
    </point>
    <point>
      <x>0.7816667</x>
      <y>0.43833333</y>
      <w>0.42033234</w>
      <t>3667</t>
    </point>
    <point>
      <x>0.785</x>
      <y>0.44166666</y>
      <w>0.42033234</w>
      <t>3667</t>
    </point>
    <point>
      <x>0.78833336</x>
      <y>0.445</y>
      <w>0.42033234</w>
      <t>3701</t>
    </point>
    <point>
      <x>0.79</x>
      <y>0.44833332</y>
      <w>0.42033234</w>
      <t>3701</t>
    </point>
    <point>
      <x>0.79333335</x>
      <y>0.45166665</y>
      <w>0.42033234</w>
      <t>3701</t>
    </point>
    <point>
      <x>0.795</x>
      <y>0.455</y>
      <w>0.42033234</w>
      <t>3701</t>
    </point>
    <point>
      <x>0.7966667</x>
      <y>0.45833334</y>
      <w>0.42033234</w>
      <t>3701</t>
    </point>
    <point>
      <x>0.8</x>
      <y>0.46166667</y>
      <w>0.4222874</w>
      <t>3734</t>
    </point>
    <point>
      <x>0.8016667</x>
      <y>0.465</y>
      <w>0.4222874</w>
      <t>3734</t>
    </point>
    <point>
      <x>0.80333334</x>
      <y>0.46833333</y>
      <w>0.4222874</w>
      <t>3734</t>
    </point>
    <point>
      <x>0.805</x>
      <y>0.47333333</y>
      <w>0.4222874</w>
      <t>3734</t>
    </point>
    <point>
      <x>0.8066667</x>
      <y>0.47833332</y>
      <w>0.42913002</w>
      <t>3767</t>
    </point>
    <point>
      <x>0.80833334</x>
      <y>0.48333332</y>
      <w>0.42913002</w>
      <t>3767</t>
    </point>
    <point>
      <x>0.81</x>
      <y>0.49</y>
      <w>0.42913002</w>
      <t>3767</t>
    </point>
    <point>
      <x>0.81</x>
      <y>0.495</y>
      <w>0.42913002</w>
      <t>3767</t>
    </point>
    <point>
      <x>0.81166667</x>
      <y>0.50166667</y>
      <w>0.42913002</w>
      <t>3767</t>
    </point>
    <point>
      <x>0.81166667</x>
      <y>0.50666666</y>
      <w>0.43695015</w>
      <t>3801</t>
    </point>
    <point>
      <x>0.81166667</x>
      <y>0.5133333</y>
      <w>0.43695015</w>
      <t>3801</t>
    </point>
    <point>
      <x>0.81333333</x>
      <y>0.52</y>
      <w>0.43695015</w>
      <t>3801</t>
    </point>
    <point>
      <x>0.81333333</x>
      <y>0.52666664</y>
      <w>0.43695015</w>
      <t>3801</t>
    </point>
    <point>
      <x>0.81333333</x>
      <y>0.53333336</y>
      <w>0.4457478</w>
      <t>3834</t>
    </point>
    <point>
      <x>0.81333333</x>
      <y>0.54</y>
      <w>0.4457478</w>
      <t>3834</t>
    </point>
    <point>
      <x>0.81333333</x>
      <y>0.5466667</y>
      <w>0.4457478</w>
      <t>3834</t>
    </point>
    <point>
      <x>0.81333333</x>
      <y>0.55333334</y>
      <w>0.4457478</w>
      <t>3834</t>
    </point>
    <point>
      <x>0.81333333</x>
      <y>0.56</y>
      <w>0.4457478</w>
      <t>3834</t>
    </point>
    <point>
      <x>0.81166667</x>
      <y>0.56666666</y>
      <w>0.45747802</w>
      <t>3867</t>
    </point>
    <point>
      <x>0.81166667</x>
      <y>0.5733333</y>
      <w>0.45747802</w>
      <t>3867</t>
    </point>
    <point>
      <x>0.80833334</x>
      <y>0.58</y>
      <w>0.45747802</w>
      <t>3867</t>
    </point>
    <point>
      <x>0.8066667</x>
      <y>0.58666664</y>
      <w>0.45747802</w>
      <t>3867</t>
    </point>
    <point>
      <x>0.805</x>
      <y>0.595</y>
      <w>0.46529815</w>
      <t>3901</t>
    </point>
    <point>
      <x>0.8016667</x>
      <y>0.6016667</y>
      <w>0.46529815</w>
      <t>3901</t>
    </point>
    <point>
      <x>0.79833335</x>
      <y>0.60833335</y>
      <w>0.46529815</w>
      <t>3901</t>
    </point>
    <point>
      <x>0.7966667</x>
      <y>0.615</y>
      <w>0.46529815</w>
      <t>3901</t>
    </point>
    <point>
      <x>0.79333335</x>
      <y>0.62333333</y>
      <w>0.46529815</w>
      <t>3901</t>
    </point>
    <point>
      <x>0.79</x>
      <y>0.63</y>
      <w>0.47800586</w>
      <t>3934</t>
    </point>
    <point>
      <x>0.7866667</x>
      <y>0.6383333</y>
      <w>0.47800586</w>
      <t>3934</t>
    </point>
    <point>
      <x>0.7816667</x>
      <y>0.645</y>
      <w>0.47800586</w>
      <t>3934</t>
    </point>
    <point>
      <x>0.7783333</x>
      <y>0.65166664</y>
      <w>0.47800586</w>
      <t>3934</t>
    </point>
    <point>
      <x>0.775</x>
      <y>0.66</y>
      <w>0.48191592</w>
      <t>3967</t>
    </point>
    <point>
      <x>0.77</x>
      <y>0.6666667</y>
      <w>0.48191592</w>
      <t>3967</t>
    </point>
    <point>
      <x>0.765</x>
      <y>0.67333335</y>
      <w>0.48191592</w>
      <t>3967</t>
    </point>
    <point>
      <x>0.76166666</x>
      <y>0.68</y>
      <w>0.48191592</w>
      <t>3967</t>
    </point>
    <point>
      <x>0.75666666</x>
      <y>0.68666667</y>
      <w>0.48387095</w>
      <t>4000</t>
    </point>
    <point>
      <x>0.75166667</x>
      <y>0.695</y>
      <w>0.48387095</w>
      <t>4000</t>
    </point>
    <point>
      <x>0.74833333</x>
      <y>0.70166665</y>
      <w>0.48387095</w>
      <t>4000</t>
    </point>
    <point>
      <x>0.74333334</x>
      <y>0.7083333</y>
      <w>0.48387095</w>
      <t>4000</t>
    </point>
    <point>
      <x>0.73833334</x>
      <y>0.715</y>
      <w>0.48387095</w>
      <t>4000</t>
    </point>
    <point>
      <x>0.73333335</x>
      <y>0.72</y>
      <w>0.4848485</w>
      <t>4034</t>
    </point>
    <point>
      <x>0.72833335</x>
      <y>0.7266667</y>
      <w>0.4848485</w>
      <t>4034</t>
    </point>
    <point>
      <x>0.72333336</x>
      <y>0.7316667</y>
      <w>0.4848485</w>
      <t>4034</t>
    </point>
    <point>
      <x>0.7183333</x>
      <y>0.73833334</y>
      <w>0.4848485</w>
      <t>4034</t>
    </point>
    <point>
      <x>0.7133333</x>
      <y>0.74333334</y>
      <w>0.48191592</w>
      <t>4068</t>
    </point>
    <point>
      <x>0.7083333</x>
      <y>0.74833333</y>
      <w>0.48191592</w>
      <t>4068</t>
    </point>
    <point>
      <x>0.70166665</x>
      <y>0.75166667</y>
      <w>0.48191592</w>
      <t>4068</t>
    </point>
    <point>
      <x>0.69666666</x>
      <y>0.75666666</y>
      <w>0.48191592</w>
      <t>4068</t>
    </point>
    <point>
      <x>0.69166666</x>
      <y>0.76</y>
      <w>0.48191592</w>
      <t>4068</t>
    </point>
    <point>
      <x>0.68666667</x>
      <y>0.7633333</y>
      <w>0.46432063</w>
      <t>4101</t>
    </point>
    <point>
      <x>0.6816667</x>
      <y>0.76666665</y>
      <w>0.46432063</w>
      <t>4101</t>
    </point>
    <point>
      <x>0.675</x>
      <y>0.77</y>
      <w>0.46432063</w>
      <t>4101</t>
    </point>
    <point>
      <x>0.67</x>
      <y>0.77166665</y>
      <w>0.46432063</w>
      <t>4101</t>
    </point>
    <point>
      <x>0.665</x>
      <y>0.775</y>
      <w>0.44965786</w>
      <t>4134</t>
    </point>
    <point>
      <x>0.65833336</x>
      <y>0.77666664</y>
      <w>0.44965786</w>
      <t>4134</t>
    </point>
    <point>
      <x>0.6533333</x>
      <y>0.78</y>
      <w>0.44965786</w>
      <t>4134</t>
    </point>
    <point>
      <x>0.6483333</x>
      <y>0.7816667</y>
      <w>0.44965786</w>
      <t>4134</t>
    </point>
    <point>
      <x>0.645</x>
      <y>0.78333336</y>
      <w>0.44965786</w>
      <t>4134</t>
    </point>
    <point>
      <x>0.64</x>
      <y>0.78333336</y>
      <w>0.42033234</w>
      <t>4167</t>
    </point>
    <point>
      <x>0.635</x>
      <y>0.785</y>
      <w>0.42033234</w>
      <t>4167</t>
    </point>
    <point>
      <x>0.63166666</x>
      <y>0.785</y>
      <w>0.42033234</w>
      <t>4167</t>
    </point>
    <point>
      <x>0.62833333</x>
      <y>0.785</y>
      <w>0.42033234</w>
      <t>4167</t>
    </point>
    <point>
      <x>0.62333333</x>
      <y>0.785</y>
      <w>0.40175954</w>
      <t>4201</t>
    </point>
    <point>
      <x>0.62</x>
      <y>0.785</y>
      <w>0.40175954</w>
      <t>4201</t>
    </point>
    <point>
      <x>0.6166667</x>
      <y>0.785</y>
      <w>0.40175954</w>
      <t>4201</t>
    </point>
    <point>
      <x>0.61333334</x>
      <y>0.785</y>
      <w>0.40175954</w>
      <t>4201</t>
    </point>
    <point>
      <x>0.6116667</x>
      <y>0.78333336</y>
      <w>0.40175954</w>
      <t>4201</t>
    </point>
    <point>
      <x>0.60833335</x>
      <y>0.78</y>
      <w>0.3900293</w>
      <t>4234</t>
    </point>
    <point>
      <x>0.605</x>
      <y>0.7783333</y>
      <w>0.3900293</w>
      <t>4234</t>
    </point>
    <point>
      <x>0.6016667</x>
      <y>0.775</y>
      <w>0.3900293</w>
      <t>4234</t>
    </point>
    <point>
      <x>0.59833336</x>
      <y>0.77166665</y>
      <w>0.3900293</w>
      <t>4234</t>
    </point>
    <point>
      <x>0.5966667</x>
      <y>0.7683333</y>
      <w>0.35679373</w>
      <t>4267</t>
    </point>
    <point>
      <x>0.5933333</x>
      <y>0.765</y>
      <w>0.35679373</w>
      <t>4267</t>
    </point>
    <point>
      <x>0.59166664</x>
      <y>0.76166666</y>
      <w>0.35679373</w>
      <t>4267</t>
    </point>
    <point>
      <x>0.5883333</x>
      <y>0.75666666</y>
      <w>0.35679373</w>
      <t>4267</t>
    </point>
    <point>
      <x>0.58666664</x>
      <y>0.75166667</y>
      <w>0.26588467</w>
      <t>4301</t>
    </point>
    <point>
      <x>0.5833333</x>
      <y>0.74666667</y>
      <w>0.26588467</w>
      <t>4301</t>
    </point>
    <point>
      <x>0.58</x>
      <y>0.74</y>
      <w>0.26588467</w>
      <t>4301</t>
    </point>
    <point>
      <x>0.5783333</x>
      <y>0.73333335</y>
      <w>0.26588467</w>
      <t>4301</t>
    </point>
    <point>
      <x>0.575</x>
      <y>0.7266667</y>
      <w>0.26588467</w>
      <t>4301</t>
    </point>
    <point>
      <x>0.5733333</x>
      <y>0.72</y>
      <w>0.0</w>
      <t>4334</t>
    </point>
  </stroke>
  <stroke time="4734">
    <point>
      <x>0.56666666</x>
      <y>0.46666667</y>
      <w>0.28152493</w>
      <t>4801</t>
    </point>
    <point>
      <x>0.56666666</x>
      <y>0.47</y>
      <w>0.35190615</w>
      <t>4833</t>
    </point>
    <point>
      <x>0.56666666</x>
      <y>0.47166666</y>
      <w>0.35190615</w>
      <t>4833</t>
    </point>
    <point>
      <x>0.56666666</x>
      <y>0.475</y>
      <w>0.35190615</w>
      <t>4833</t>
    </point>
    <point>
      <x>0.56666666</x>
      <y>0.47833332</y>
      <w>0.37927663</w>
      <t>4868</t>
    </point>
    <point>
      <x>0.565</x>
      <y>0.48</y>
      <w>0.37927663</w>
      <t>4868</t>
    </point>
    <point>
      <x>0.565</x>
      <y>0.48333332</y>
      <w>0.37927663</w>
      <t>4868</t>
    </point>
    <point>
      <x>0.56333333</x>
      <y>0.48666668</y>
      <w>0.37927663</w>
      <t>4868</t>
    </point>
    <point>
      <x>0.56166667</x>
      <y>0.49</y>
      <w>0.37927663</w>
      <t>4868</t>
    </point>
    <point>
      <x>0.56</x>
      <y>0.495</y>
      <w>0.40078202</w>
      <t>4901</t>
    </point>
    <point>
      <x>0.55833334</x>
      <y>0.49833333</y>
      <w>0.40078202</w>
      <t>4901</t>
    </point>
    <point>
      <x>0.555</x>
      <y>0.50333333</y>
      <w>0.40078202</w>
      <t>4901</t>
    </point>
    <point>
      <x>0.55333334</x>
      <y>0.5083333</y>
      <w>0.40078202</w>
      <t>4901</t>
    </point>
    <point>
      <x>0.55</x>
      <y>0.5133333</y>
      <w>0.42130986</w>
      <t>4934</t>
    </point>
    <point>
      <x>0.5466667</x>
      <y>0.5183333</y>
      <w>0.42130986</w>
      <t>4934</t>
    </point>
    <point>
      <x>0.54333335</x>
      <y>0.5233333</y>
      <w>0.42130986</w>
      <t>4934</t>
    </point>
    <point>
      <x>0.5416667</x>
      <y>0.5283333</y>
      <w>0.42130986</w>
      <t>4934</t>
    </point>
    <point>
      <x>0.54</x>
      <y>0.53333336</y>
      <w>0.42913002</w>
      <t>4967</t>
    </point>
    <point>
      <x>0.53833336</x>
      <y>0.5366667</y>
      <w>0.42913002</w>
      <t>4967</t>
    </point>
    <point>
      <x>0.5366667</x>
      <y>0.5416667</y>
      <w>0.42913002</w>
      <t>4967</t>
    </point>
    <point>
      <x>0.535</x>
      <y>0.545</y>
      <w>0.42913002</w>
      <t>4967</t>
    </point>
    <point>
      <x>0.53333336</x>
      <y>0.55</y>
      <w>0.42913002</w>
      <t>4967</t>
    </point>
    <point>
      <x>0.53333336</x>
      <y>0.55333334</y>
      <w>0.43108505</w>
      <t>5001</t>
    </point>
    <point>
      <x>0.53333336</x>
      <y>0.555</y>
      <w>0.43108505</w>
      <t>5001</t>
    </point>
    <point>
      <x>0.53333336</x>
      <y>0.55833334</y>
      <w>0.43108505</w>
      <t>5001</t>
    </point>
    <point>
      <x>0.53333336</x>
      <y>0.56</y>
      <w>0.43108505</w>
      <t>5001</t>
    </point>
    <point>
      <x>0.53333336</x>
      <y>0.56166667</y>
      <w>0.42424244</w>
      <t>5034</t>
    </point>
    <point>
      <x>0.53333336</x>
      <y>0.56333333</y>
      <w>0.42424244</w>
      <t>5034</t>
    </point>
    <point>
      <x>0.53333336</x>
      <y>0.565</y>
      <w>0.42424244</w>
      <t>5034</t>
    </point>
    <point>
      <x>0.535</x>
      <y>0.56666666</y>
      <w>0.42424244</w>
      <t>5034</t>
    </point>
    <point>
      <x>0.5366667</x>
      <y>0.56666666</y>
      <w>0.42130986</w>
      <t>5067</t>
    </point>
    <point>
      <x>0.53833336</x>
      <y>0.56666666</y>
      <w>0.42130986</w>
      <t>5067</t>
    </point>
    <point>
      <x>0.54</x>
      <y>0.56666666</y>
      <w>0.42130986</w>
      <t>5067</t>
    </point>
    <point>
      <x>0.5416667</x>
      <y>0.56666666</y>
      <w>0.41348973</w>
      <t>5100</t>
    </point>
    <point>
      <x>0.54333335</x>
      <y>0.56666666</y>
      <w>0.41348973</w>
      <t>5100</t>
    </point>
    <point>
      <x>0.5466667</x>
      <y>0.56666666</y>
      <w>0.41348973</w>
      <t>5100</t>
    </point>
    <point>
      <x>0.54833335</x>
      <y>0.56666666</y>
      <w>0.41348973</w>
      <t>5100</t>
    </point>
    <point>
      <x>0.55333334</x>
      <y>0.56666666</y>
      <w>0.41348973</w>
      <t>5100</t>
    </point>
    <point>
      <x>0.5566667</x>
      <y>0.565</y>
      <w>0.3998045</w>
      <t>5133</t>
    </point>
    <point>
      <x>0.56166667</x>
      <y>0.56333333</y>
      <w>0.3998045</w>
      <t>5133</t>
    </point>
    <point>
      <x>0.565</x>
      <y>0.56</y>
      <w>0.3998045</w>
      <t>5133</t>
    </point>
    <point>
      <x>0.57</x>
      <y>0.55833334</y>
      <w>0.3998045</w>
      <t>5133</t>
    </point>
    <point>
      <x>0.575</x>
      <y>0.5566667</y>
      <w>0.38709676</w>
      <t>5167</t>
    </point>
    <point>
      <x>0.58</x>
      <y>0.55333334</y>
      <w>0.38709676</w>
      <t>5167</t>
    </point>
    <point>
      <x>0.585</x>
      <y>0.5516667</y>
      <w>0.38709676</w>
      <t>5167</t>
    </point>
    <point>
      <x>0.5883333</x>
      <y>0.5516667</y>
      <w>0.38709676</w>
      <t>5167</t>
    </point>
    <point>
      <x>0.5933333</x>
      <y>0.55</y>
      <w>0.37829912</w>
      <t>5201</t>
    </point>
    <point>
      <x>0.5966667</x>
      <y>0.54833335</y>
      <w>0.37829912</w>
      <t>5201</t>
    </point>
    <point>
      <x>0.6016667</x>
      <y>0.54833335</y>
      <w>0.37829912</w>
      <t>5201</t>
    </point>
    <point>
      <x>0.605</x>
      <y>0.5466667</y>
      <w>0.37829912</w>
      <t>5201</t>
    </point>
    <point>
      <x>0.60833335</x>
      <y>0.5466667</y>
      <w>0.37829912</w>
      <t>5201</t>
    </point>
    <point>
      <x>0.6116667</x>
      <y>0.5466667</y>
      <w>0.37438905</w>
      <t>5234</t>
    </point>
    <point>
      <x>0.615</x>
      <y>0.5466667</y>
      <w>0.37438905</w>
      <t>5234</t>
    </point>
    <point>
      <x>0.61833334</x>
      <y>0.5466667</y>
      <w>0.37438905</w>
      <t>5234</t>
    </point>
    <point>
      <x>0.62</x>
      <y>0.5466667</y>
      <w>0.37438905</w>
      <t>5234</t>
    </point>
    <point>
      <x>0.62333333</x>
      <y>0.5466667</y>
      <w>0.370479</w>
      <t>5267</t>
    </point>
    <point>
      <x>0.625</x>
      <y>0.5466667</y>
      <w>0.370479</w>
      <t>5267</t>
    </point>
    <point>
      <x>0.62833333</x>
      <y>0.5466667</y>
      <w>0.370479</w>
      <t>5267</t>
    </point>
    <point>
      <x>0.63</x>
      <y>0.5466667</y>
      <w>0.370479</w>
      <t>5267</t>
    </point>
    <point>
      <x>0.63166666</x>
      <y>0.5466667</y>
      <w>0.370479</w>
      <t>5267</t>
    </point>
    <point>
      <x>0.6333333</x>
      <y>0.5466667</y>
      <w>0.36754644</w>
      <t>5301</t>
    </point>
    <point>
      <x>0.635</x>
      <y>0.5466667</y>
      <w>0.36754644</w>
      <t>5301</t>
    </point>
    <point>
      <x>0.63666666</x>
      <y>0.5466667</y>
      <w>0.36754644</w>
      <t>5301</t>
    </point>
    <point>
      <x>0.63666666</x>
      <y>0.54833335</y>
      <w>0.36754644</w>
      <t>5301</t>
    </point>
    <point>
      <x>0.6383333</x>
      <y>0.54833335</y>
      <w>0.36070383</w>
      <t>5335</t>
    </point>
    <point>
      <x>0.6383333</x>
      <y>0.55</y>
      <w>0.36070383</w>
      <t>5335</t>
    </point>
    <point>
      <x>0.64</x>
      <y>0.55</y>
      <w>0.36070383</w>
      <t>5335</t>
    </point>
    <point>
      <x>0.64</x>
      <y>0.5516667</y>
      <w>0.36070383</w>
      <t>5335</t>
    </point>
    <point>
      <x>0.64166665</x>
      <y>0.5516667</y>
      <w>0.36070383</w>
      <t>5335</t>
    </point>
    <point>
      <x>0.64166665</x>
      <y>0.55333334</y>
      <w>0.35874876</w>
      <t>5368</t>
    </point>
    <point>
      <x>0.6433333</x>
      <y>0.55333334</y>
      <w>0.35874876</w>
      <t>5368</t>
    </point>
    <point>
      <x>0.6433333</x>
      <y>0.555</y>
      <w>0.35874876</w>
      <t>5368</t>
    </point>
    <point>
      <x>0.6433333</x>
      <y>0.5566667</y>
      <w>0.3548387</w>
      <t>5402</t>
    </point>
    <point>
      <x>0.6433333</x>
      <y>0.55833334</y>
      <w>0.3548387</w>
      <t>5402</t>
    </point>
    <point>
      <x>0.6433333</x>
      <y>0.56</y>
      <w>0.3548387</w>
      <t>5402</t>
    </point>
    <point>
      <x>0.6433333</x>
      <y>0.56166667</y>
      <w>0.3548387</w>
      <t>5402</t>
    </point>
    <point>
      <x>0.6433333</x>
      <y>0.56333333</y>
      <w>0.3548387</w>
      <t>5402</t>
    </point>
    <point>
      <x>0.6433333</x>
      <y>0.565</y>
      <w>0.3548387</w>
      <t>5435</t>
    </point>
    <point>
      <x>0.6433333</x>
      <y>0.5683333</y>
      <w>0.3548387</w>
      <t>5435</t>
    </point>
    <point>
      <x>0.6433333</x>
      <y>0.57</y>
      <w>0.3548387</w>
      <t>5435</t>
    </point>
    <point>
      <x>0.64166665</x>
      <y>0.57166666</y>
      <w>0.3548387</w>
      <t>5435</t>
    </point>
    <point>
      <x>0.64166665</x>
      <y>0.575</y>
      <w>0.35581622</w>
      <t>5468</t>
    </point>
    <point>
      <x>0.64</x>
      <y>0.57666665</y>
      <w>0.35581622</w>
      <t>5468</t>
    </point>
    <point>
      <x>0.6383333</x>
      <y>0.58</y>
      <w>0.35581622</w>
      <t>5468</t>
    </point>
    <point>
      <x>0.63666666</x>
      <y>0.5833333</y>
      <w>0.35581622</w>
      <t>5468</t>
    </point>
    <point>
      <x>0.6333333</x>
      <y>0.585</y>
      <w>0.35581622</w>
      <t>5502</t>
    </point>
    <point>
      <x>0.63166666</x>
      <y>0.5883333</y>
      <w>0.35581622</w>
      <t>5502</t>
    </point>
    <point>
      <x>0.62833333</x>
      <y>0.59166664</y>
      <w>0.35581622</w>
      <t>5502</t>
    </point>
    <point>
      <x>0.62666667</x>
      <y>0.595</y>
      <w>0.35581622</w>
      <t>5502</t>
    </point>
    <point>
      <x>0.62333333</x>
      <y>0.6</y>
      <w>0.35581622</w>
      <t>5502</t>
    </point>
    <point>
      <x>0.62</x>
      <y>0.60333335</y>
      <w>0.3548387</w>
      <t>5535</t>
    </point>
    <point>
      <x>0.615</x>
      <y>0.60833335</y>
      <w>0.3548387</w>
      <t>5535</t>
    </point>
    <point>
      <x>0.61</x>
      <y>0.6116667</y>
      <w>0.3548387</w>
      <t>5535</t>
    </point>
    <point>
      <x>0.605</x>
      <y>0.6166667</y>
      <w>0.3548387</w>
      <t>5535</t>
    </point>
    <point>
      <x>0.6</x>
      <y>0.62166667</y>
      <w>0.19648094</w>
      <t>5568</t>
    </point>
    <point>
      <x>0.5933333</x>
      <y>0.62666667</y>
      <w>0.19648094</w>
      <t>5568</t>
    </point>
    <point>
      <x>0.5883333</x>
      <y>0.63166666</y>
      <w>0.19648094</w>
      <t>5568</t>
    </point>
    <point>
      <x>0.58166665</x>
      <y>0.63666666</y>
      <w>0.19648094</w>
      <t>5568</t>
    </point>
  </stroke>
</character>
