<?xml version="1.0" encoding="UTF-8"?>
<character>
  <stroke time="0">
    <point>
      <x>0.28833333</x>
      <y>0.19333333</y>
      <w>0.17986315</w>
      <t>4</t>
    </point>
    <point>
      <x>0.28833333</x>
      <y>0.195</y>
      <w>0.17986315</w>
      <t>5</t>
    </point>
    <point>
      <x>0.28833333</x>
      <y>0.19666667</y>
      <w>0.40860215</w>
      <t>100</t>
    </point>
    <point>
      <x>0.29</x>
      <y>0.19666667</y>
      <w>0.40860215</w>
      <t>100</t>
    </point>
    <point>
      <x>0.29166666</x>
      <y>0.19833334</y>
      <w>0.40860215</w>
      <t>100</t>
    </point>
    <point>
      <x>0.29333332</x>
      <y>0.20166667</y>
      <w>0.44965786</w>
      <t>133</t>
    </point>
    <point>
      <x>0.29666665</x>
      <y>0.20333333</y>
      <w>0.44965786</w>
      <t>133</t>
    </point>
    <point>
      <x>0.29833335</x>
      <y>0.205</y>
      <w>0.44965786</w>
      <t>133</t>
    </point>
    <point>
      <x>0.30166668</x>
      <y>0.20666666</y>
      <w>0.44965786</w>
      <t>134</t>
    </point>
    <point>
      <x>0.30333334</x>
      <y>0.20833333</y>
      <w>0.48680353</w>
      <t>166</t>
    </point>
    <point>
      <x>0.30666667</x>
      <y>0.21</y>
      <w>0.48680353</w>
      <t>166</t>
    </point>
    <point>
      <x>0.31</x>
      <y>0.21333334</y>
      <w>0.48680353</w>
      <t>166</t>
    </point>
    <point>
      <x>0.31333333</x>
      <y>0.21333334</y>
      <w>0.48680353</w>
      <t>167</t>
    </point>
    <point>
      <x>0.315</x>
      <y>0.215</y>
      <w>0.48680353</w>
      <t>167</t>
    </point>
    <point>
      <x>0.31833333</x>
      <y>0.21666667</y>
      <w>0.50537634</w>
      <t>200</t>
    </point>
    <point>
      <x>0.32</x>
      <y>0.21833333</y>
      <w>0.50537634</w>
      <t>200</t>
    </point>
    <point>
      <x>0.32166666</x>
      <y>0.22</y>
      <w>0.50537634</w>
      <t>200</t>
    </point>
    <point>
      <x>0.32333332</x>
      <y>0.22</y>
      <w>0.50537634</w>
      <t>200</t>
    </point>
    <point>
      <x>0.325</x>
      <y>0.22166666</y>
      <w>0.53274685</w>
      <t>233</t>
    </point>
    <point>
      <x>0.325</x>
      <y>0.22333333</y>
      <w>0.5777126</w>
      <t>266</t>
    </point>
    <point>
      <x>0.325</x>
      <y>0.225</y>
      <w>0.5777126</w>
      <t>268</t>
    </point>
    <point>
      <x>0.32666665</x>
      <y>0.225</y>
      <w>0.6236559</w>
      <t>299</t>
    </point>
    <point>
      <x>0.32666665</x>
      <y>0.22666667</y>
      <w>0.6236559</w>
      <t>299</t>
    </point>
    <point>
      <x>0.32833335</x>
      <y>0.22833334</y>
      <w>0.6353861</w>
      <t>333</t>
    </point>
    <point>
      <x>0.32833335</x>
      <y>0.23</y>
      <w>0.6353861</w>
      <t>333</t>
    </point>
    <point>
      <x>0.33</x>
      <y>0.23333333</y>
      <w>0.6353861</w>
      <t>333</t>
    </point>
    <point>
      <x>0.33</x>
      <y>0.235</y>
      <w>0.6353861</w>
      <t>334</t>
    </point>
    <point>
      <x>0.33166668</x>
      <y>0.23666666</y>
      <w>0.63734114</w>
      <t>366</t>
    </point>
    <point>
      <x>0.33166668</x>
      <y>0.23833333</y>
      <w>0.6392962</w>
      <t>366</t>
    </point>
    <point>
      <x>0.33166668</x>
      <y>0.24</y>
      <w>0.6392962</w>
      <t>366</t>
    </point>
    <point>
      <x>0.33166668</x>
      <y>0.24166666</y>
      <w>0.6392962</w>
      <t>367</t>
    </point>
    <point>
      <x>0.33166668</x>
      <y>0.24333334</y>
      <w>0.6402737</w>
      <t>399</t>
    </point>
    <point>
      <x>0.33166668</x>
      <y>0.245</y>
      <w>0.6402737</w>
      <t>399</t>
    </point>
    <point>
      <x>0.33166668</x>
      <y>0.24666667</y>
      <w>0.6402737</w>
      <t>399</t>
    </point>
    <point>
      <x>0.32833335</x>
      <y>0.25</y>
      <w>0.6402737</w>
      <t>400</t>
    </point>
    <point>
      <x>0.325</x>
      <y>0.25333333</y>
      <w>0.53372437</w>
      <t>435</t>
    </point>
    <point>
      <x>0.31833333</x>
      <y>0.25833333</y>
      <w>0.53372437</w>
      <t>435</t>
    </point>
    <point>
      <x>0.31</x>
      <y>0.265</y>
      <w>0.53372437</w>
      <t>435</t>
    </point>
    <point>
      <x>0.30166668</x>
      <y>0.27</y>
      <w>0.53372437</w>
      <t>436</t>
    </point>
    <point>
      <x>0.29333332</x>
      <y>0.27666667</y>
      <w>0.32355815</w>
      <t>467</t>
    </point>
    <point>
      <x>0.285</x>
      <y>0.28333333</y>
      <w>0.32355815</w>
      <t>467</t>
    </point>
    <point>
      <x>0.28</x>
      <y>0.29</y>
      <w>0.32355815</w>
      <t>467</t>
    </point>
  </stroke>
  <stroke time="866">
    <point>
      <x>0.17833333</x>
      <y>0.41</y>
      <w>0.30400783</w>
      <t>933</t>
    </point>
    <point>
      <x>0.18</x>
      <y>0.41166666</y>
      <w>0.3597263</w>
      <t>967</t>
    </point>
    <point>
      <x>0.18166667</x>
      <y>0.41333333</y>
      <w>0.3597263</w>
      <t>967</t>
    </point>
    <point>
      <x>0.185</x>
      <y>0.415</y>
      <w>0.3597263</w>
      <t>967</t>
    </point>
    <point>
      <x>0.19</x>
      <y>0.41666666</y>
      <w>0.3597263</w>
      <t>967</t>
    </point>
    <point>
      <x>0.195</x>
      <y>0.42</y>
      <w>0.370479</w>
      <t>1000</t>
    </point>
    <point>
      <x>0.2</x>
      <y>0.42333335</y>
      <w>0.370479</w>
      <t>1000</t>
    </point>
    <point>
      <x>0.20666666</x>
      <y>0.425</y>
      <w>0.370479</w>
      <t>1000</t>
    </point>
    <point>
      <x>0.21166667</x>
      <y>0.42833334</y>
      <w>0.370479</w>
      <t>1000</t>
    </point>
    <point>
      <x>0.21666667</x>
      <y>0.43</y>
      <w>0.370479</w>
      <t>1001</t>
    </point>
    <point>
      <x>0.22166666</x>
      <y>0.43166667</y>
      <w>0.3714565</w>
      <t>1033</t>
    </point>
    <point>
      <x>0.22666667</x>
      <y>0.43333334</y>
      <w>0.3714565</w>
      <t>1033</t>
    </point>
    <point>
      <x>0.23</x>
      <y>0.435</y>
      <w>0.3714565</w>
      <t>1033</t>
    </point>
    <point>
      <x>0.235</x>
      <y>0.43666667</y>
      <w>0.3714565</w>
      <t>1033</t>
    </point>
    <point>
      <x>0.24</x>
      <y>0.43833333</y>
      <w>0.37438905</w>
      <t>1067</t>
    </point>
    <point>
      <x>0.245</x>
      <y>0.43833333</y>
      <w>0.37438905</w>
      <t>1067</t>
    </point>
    <point>
      <x>0.24833333</x>
      <y>0.44</y>
      <w>0.37438905</w>
      <t>1067</t>
    </point>
    <point>
      <x>0.25333333</x>
      <y>0.44166666</y>
      <w>0.37438905</w>
      <t>1067</t>
    </point>
    <point>
      <x>0.25666666</x>
      <y>0.44166666</y>
      <w>0.37438905</w>
      <t>1068</t>
    </point>
    <point>
      <x>0.26</x>
      <y>0.44333333</y>
      <w>0.3773216</w>
      <t>1100</t>
    </point>
    <point>
      <x>0.26166666</x>
      <y>0.445</y>
      <w>0.3773216</w>
      <t>1100</t>
    </point>
    <point>
      <x>0.26333332</x>
      <y>0.445</y>
      <w>0.3773216</w>
      <t>1100</t>
    </point>
    <point>
      <x>0.265</x>
      <y>0.44666666</y>
      <w>0.3773216</w>
      <t>1100</t>
    </point>
    <point>
      <x>0.26666668</x>
      <y>0.44666666</y>
      <w>0.3773216</w>
      <t>1133</t>
    </point>
    <point>
      <x>0.26833335</x>
      <y>0.44833332</y>
      <w>0.3773216</w>
      <t>1133</t>
    </point>
    <point>
      <x>0.27</x>
      <y>0.44833332</y>
      <w>0.3773216</w>
      <t>1133</t>
    </point>
    <point>
      <x>0.27</x>
      <y>0.45</y>
      <w>0.3773216</w>
      <t>1133</t>
    </point>
    <point>
      <x>0.27166668</x>
      <y>0.45166665</y>
      <w>0.38025415</w>
      <t>1166</t>
    </point>
    <point>
      <x>0.27166668</x>
      <y>0.45333335</y>
      <w>0.38025415</w>
      <t>1166</t>
    </point>
    <point>
      <x>0.27166668</x>
      <y>0.455</y>
      <w>0.38025415</w>
      <t>1166</t>
    </point>
    <point>
      <x>0.27333334</x>
      <y>0.45833334</y>
      <w>0.38025415</w>
      <t>1166</t>
    </point>
    <point>
      <x>0.275</x>
      <y>0.46166667</y>
      <w>0.4222874</w>
      <t>1201</t>
    </point>
    <point>
      <x>0.275</x>
      <y>0.46666667</y>
      <w>0.4222874</w>
      <t>1202</t>
    </point>
    <point>
      <x>0.27666667</x>
      <y>0.47</y>
      <w>0.4222874</w>
      <t>1202</t>
    </point>
    <point>
      <x>0.27666667</x>
      <y>0.475</y>
      <w>0.4222874</w>
      <t>1202</t>
    </point>
    <point>
      <x>0.27833334</x>
      <y>0.48</y>
      <w>0.44477028</w>
      <t>1234</t>
    </point>
    <point>
      <x>0.27833334</x>
      <y>0.485</y>
      <w>0.44477028</w>
      <t>1234</t>
    </point>
    <point>
      <x>0.28</x>
      <y>0.49</y>
      <w>0.44477028</w>
      <t>1234</t>
    </point>
    <point>
      <x>0.28166667</x>
      <y>0.49666667</y>
      <w>0.44477028</w>
      <t>1234</t>
    </point>
    <point>
      <x>0.28166667</x>
      <y>0.50333333</y>
      <w>0.44477028</w>
      <t>1234</t>
    </point>
    <point>
      <x>0.28333333</x>
      <y>0.51</y>
      <w>0.47214076</w>
      <t>1267</t>
    </point>
    <point>
      <x>0.28333333</x>
      <y>0.51666665</y>
      <w>0.47214076</w>
      <t>1267</t>
    </point>
    <point>
      <x>0.285</x>
      <y>0.525</y>
      <w>0.47214076</w>
      <t>1269</t>
    </point>
    <point>
      <x>0.285</x>
      <y>0.5316667</y>
      <w>0.49364614</w>
      <t>1269</t>
    </point>
    <point>
      <x>0.28666666</x>
      <y>0.54</y>
      <w>0.49364614</w>
      <t>1269</t>
    </point>
    <point>
      <x>0.28666666</x>
      <y>0.54833335</y>
      <w>0.51221895</w>
      <t>1300</t>
    </point>
    <point>
      <x>0.28833333</x>
      <y>0.5566667</y>
      <w>0.51221895</w>
      <t>1300</t>
    </point>
    <point>
      <x>0.29</x>
      <y>0.56333333</y>
      <w>0.51221895</w>
      <t>1300</t>
    </point>
    <point>
      <x>0.29166666</x>
      <y>0.57166666</y>
      <w>0.51221895</w>
      <t>1300</t>
    </point>
    <point>
      <x>0.29333332</x>
      <y>0.5783333</y>
      <w>0.5288367</w>
      <t>1335</t>
    </point>
    <point>
      <x>0.29333332</x>
      <y>0.58666664</y>
      <w>0.5288367</w>
      <t>1335</t>
    </point>
    <point>
      <x>0.295</x>
      <y>0.5933333</y>
      <w>0.5288367</w>
      <t>1335</t>
    </point>
    <point>
      <x>0.29666665</x>
      <y>0.6016667</y>
      <w>0.5288367</w>
      <t>1335</t>
    </point>
    <point>
      <x>0.29833335</x>
      <y>0.61</y>
      <w>0.53958946</w>
      <t>1366</t>
    </point>
    <point>
      <x>0.3</x>
      <y>0.62</y>
      <w>0.53958946</w>
      <t>1366</t>
    </point>
    <point>
      <x>0.3</x>
      <y>0.62833333</y>
      <w>0.53958946</w>
      <t>1366</t>
    </point>
    <point>
      <x>0.30166668</x>
      <y>0.6383333</y>
      <w>0.53958946</w>
      <t>1366</t>
    </point>
    <point>
      <x>0.30333334</x>
      <y>0.6483333</y>
      <w>0.5483871</w>
      <t>1400</t>
    </point>
    <point>
      <x>0.30333334</x>
      <y>0.6566667</y>
      <w>0.5483871</w>
      <t>1400</t>
    </point>
    <point>
      <x>0.30333334</x>
      <y>0.6666667</y>
      <w>0.5483871</w>
      <t>1400</t>
    </point>
    <point>
      <x>0.30333334</x>
      <y>0.675</y>
      <w>0.5483871</w>
      <t>1400</t>
    </point>
    <point>
      <x>0.305</x>
      <y>0.68333334</y>
      <w>0.5483871</w>
      <t>1401</t>
    </point>
    <point>
      <x>0.305</x>
      <y>0.69</y>
      <w>0.5532747</w>
      <t>1433</t>
    </point>
    <point>
      <x>0.305</x>
      <y>0.69666666</y>
      <w>0.5532747</w>
      <t>1433</t>
    </point>
    <point>
      <x>0.305</x>
      <y>0.705</y>
      <w>0.5532747</w>
      <t>1433</t>
    </point>
    <point>
      <x>0.305</x>
      <y>0.71166664</y>
      <w>0.5532747</w>
      <t>1433</t>
    </point>
    <point>
      <x>0.305</x>
      <y>0.72</y>
      <w>0.5434995</w>
      <t>1467</t>
    </point>
    <point>
      <x>0.305</x>
      <y>0.7266667</y>
      <w>0.5434995</w>
      <t>1467</t>
    </point>
    <point>
      <x>0.305</x>
      <y>0.73333335</y>
      <w>0.5434995</w>
      <t>1467</t>
    </point>
    <point>
      <x>0.30333334</x>
      <y>0.73833334</y>
      <w>0.5434995</w>
      <t>1467</t>
    </point>
    <point>
      <x>0.30166668</x>
      <y>0.74333334</y>
      <w>0.5434995</w>
      <t>1467</t>
    </point>
    <point>
      <x>0.3</x>
      <y>0.74833333</y>
      <w>0.51221895</w>
      <t>1500</t>
    </point>
    <point>
      <x>0.29833335</x>
      <y>0.75166667</y>
      <w>0.51221895</w>
      <t>1500</t>
    </point>
    <point>
      <x>0.29666665</x>
      <y>0.755</y>
      <w>0.51221895</w>
      <t>1500</t>
    </point>
    <point>
      <x>0.295</x>
      <y>0.75666666</y>
      <w>0.51221895</w>
      <t>1500</t>
    </point>
    <point>
      <x>0.29333332</x>
      <y>0.7583333</y>
      <w>0.47800586</w>
      <t>1534</t>
    </point>
    <point>
      <x>0.29</x>
      <y>0.76</y>
      <w>0.47800586</w>
      <t>1534</t>
    </point>
    <point>
      <x>0.28833333</x>
      <y>0.76166666</y>
      <w>0.47800586</w>
      <t>1534</t>
    </point>
    <point>
      <x>0.285</x>
      <y>0.7633333</y>
      <w>0.47800586</w>
      <t>1534</t>
    </point>
    <point>
      <x>0.28166667</x>
      <y>0.765</y>
      <w>0.47800586</w>
      <t>1534</t>
    </point>
    <point>
      <x>0.27666667</x>
      <y>0.765</y>
      <w>0.4340176</w>
      <t>1567</t>
    </point>
    <point>
      <x>0.27166668</x>
      <y>0.765</y>
      <w>0.4340176</w>
      <t>1567</t>
    </point>
    <point>
      <x>0.26666668</x>
      <y>0.765</y>
      <w>0.4340176</w>
      <t>1567</t>
    </point>
    <point>
      <x>0.26166666</x>
      <y>0.765</y>
      <w>0.4340176</w>
      <t>1567</t>
    </point>
    <point>
      <x>0.255</x>
      <y>0.765</y>
      <w>0.398827</w>
      <t>1600</t>
    </point>
    <point>
      <x>0.24833333</x>
      <y>0.765</y>
      <w>0.398827</w>
      <t>1600</t>
    </point>
    <point>
      <x>0.24</x>
      <y>0.7633333</y>
      <w>0.398827</w>
      <t>1600</t>
    </point>
    <point>
      <x>0.23333333</x>
      <y>0.76166666</y>
      <w>0.398827</w>
      <t>1600</t>
    </point>
    <point>
      <x>0.22666667</x>
      <y>0.76</y>
      <w>0.398827</w>
      <t>1600</t>
    </point>
    <point>
      <x>0.21833333</x>
      <y>0.7583333</y>
      <w>0.3548387</w>
      <t>1633</t>
    </point>
    <point>
      <x>0.21166667</x>
      <y>0.75666666</y>
      <w>0.3548387</w>
      <t>1633</t>
    </point>
    <point>
      <x>0.205</x>
      <y>0.755</y>
      <w>0.3548387</w>
      <t>1633</t>
    </point>
    <point>
      <x>0.19833334</x>
      <y>0.75333333</y>
      <w>0.3548387</w>
      <t>1633</t>
    </point>
    <point>
      <x>0.19333333</x>
      <y>0.75166667</y>
      <w>0.37243402</w>
      <t>1667</t>
    </point>
    <point>
      <x>0.18666667</x>
      <y>0.75</y>
      <w>0.37243402</w>
      <t>1667</t>
    </point>
    <point>
      <x>0.18333334</x>
      <y>0.74666667</y>
      <w>0.37243402</w>
      <t>1667</t>
    </point>
    <point>
      <x>0.17833333</x>
      <y>0.745</y>
      <w>0.37243402</w>
      <t>1667</t>
    </point>
    <point>
      <x>0.175</x>
      <y>0.7416667</y>
      <w>0.37243402</w>
      <t>1667</t>
    </point>
    <point>
      <x>0.17333333</x>
      <y>0.73833334</y>
      <w>0.39491692</w>
      <t>1700</t>
    </point>
    <point>
      <x>0.17</x>
      <y>0.7366667</y>
      <w>0.39491692</w>
      <t>1700</t>
    </point>
    <point>
      <x>0.16833334</x>
      <y>0.73333335</y>
      <w>0.39491692</w>
      <t>1700</t>
    </point>
    <point>
      <x>0.16666667</x>
      <y>0.73</y>
      <w>0.39491692</w>
      <t>1700</t>
    </point>
    <point>
      <x>0.165</x>
      <y>0.725</y>
      <w>0.3929619</w>
      <t>1734</t>
    </point>
    <point>
      <x>0.165</x>
      <y>0.7216667</y>
      <w>0.3929619</w>
      <t>1734</t>
    </point>
    <point>
      <x>0.16333333</x>
      <y>0.71666664</y>
      <w>0.3929619</w>
      <t>1734</t>
    </point>
    <point>
      <x>0.16333333</x>
      <y>0.7133333</y>
      <w>0.3929619</w>
      <t>1734</t>
    </point>
    <point>
      <x>0.16333333</x>
      <y>0.7083333</y>
      <w>0.38807428</w>
      <t>1767</t>
    </point>
    <point>
      <x>0.16333333</x>
      <y>0.7033333</y>
      <w>0.38807428</w>
      <t>1767</t>
    </point>
    <point>
      <x>0.16666667</x>
      <y>0.69666666</y>
      <w>0.38807428</w>
      <t>1767</t>
    </point>
    <point>
      <x>0.17</x>
      <y>0.69</y>
      <w>0.38807428</w>
      <t>1767</t>
    </point>
    <point>
      <x>0.175</x>
      <y>0.6816667</y>
      <w>0.38807428</w>
      <t>1767</t>
    </point>
    <point>
      <x>0.18166667</x>
      <y>0.6716667</y>
      <w>0.38025415</w>
      <t>1800</t>
    </point>
    <point>
      <x>0.18833333</x>
      <y>0.6616667</y>
      <w>0.38025415</w>
      <t>1800</t>
    </point>
    <point>
      <x>0.19666667</x>
      <y>0.65</y>
      <w>0.38025415</w>
      <t>1800</t>
    </point>
    <point>
      <x>0.20666666</x>
      <y>0.63666666</y>
      <w>0.38025415</w>
      <t>1800</t>
    </point>
    <point>
      <x>0.21666667</x>
      <y>0.62333333</y>
      <w>0.38025415</w>
      <t>1833</t>
    </point>
    <point>
      <x>0.22833334</x>
      <y>0.61</y>
      <w>0.38025415</w>
      <t>1833</t>
    </point>
    <point>
      <x>0.24166666</x>
      <y>0.59833336</y>
      <w>0.38025415</w>
      <t>1833</t>
    </point>
    <point>
      <x>0.255</x>
      <y>0.585</y>
      <w>0.38025415</w>
      <t>1833</t>
    </point>
    <point>
      <x>0.27166668</x>
      <y>0.5733333</y>
      <w>0.38025415</w>
      <t>1833</t>
    </point>
    <point>
      <x>0.28833333</x>
      <y>0.56</y>
      <w>0.3714565</w>
      <t>1867</t>
    </point>
    <point>
      <x>0.305</x>
      <y>0.5466667</y>
      <w>0.3714565</w>
      <t>1867</t>
    </point>
    <point>
      <x>0.32333332</x>
      <y>0.5316667</y>
      <w>0.3714565</w>
      <t>1867</t>
    </point>
    <point>
      <x>0.34333333</x>
      <y>0.51666665</y>
      <w>0.3714565</w>
      <t>1867</t>
    </point>
    <point>
      <x>0.365</x>
      <y>0.50166667</y>
      <w>0.35581622</w>
      <t>1900</t>
    </point>
    <point>
      <x>0.38666666</x>
      <y>0.48666668</y>
      <w>0.35581622</w>
      <t>1900</t>
    </point>
    <point>
      <x>0.41</x>
      <y>0.47333333</y>
      <w>0.35581622</w>
      <t>1900</t>
    </point>
    <point>
      <x>0.43333334</x>
      <y>0.46</y>
      <w>0.35581622</w>
      <t>1900</t>
    </point>
    <point>
      <x>0.45666668</x>
      <y>0.44833332</y>
      <w>0.35581622</w>
      <t>1900</t>
    </point>
    <point>
      <x>0.48</x>
      <y>0.43666667</y>
      <w>0.35092863</w>
      <t>1933</t>
    </point>
    <point>
      <x>0.50333333</x>
      <y>0.42666668</y>
      <w>0.35092863</w>
      <t>1933</t>
    </point>
    <point>
      <x>0.52666664</x>
      <y>0.41666666</y>
      <w>0.35092863</w>
      <t>1933</t>
    </point>
    <point>
      <x>0.5516667</x>
      <y>0.40666667</y>
      <w>0.35092863</w>
      <t>1933</t>
    </point>
    <point>
      <x>0.57666665</x>
      <y>0.39833334</y>
      <w>0.34701857</w>
      <t>1967</t>
    </point>
    <point>
      <x>0.6016667</x>
      <y>0.39</y>
      <w>0.34701857</w>
      <t>1967</t>
    </point>
    <point>
      <x>0.625</x>
      <y>0.38333333</y>
      <w>0.34701857</w>
      <t>1967</t>
    </point>
    <point>
      <x>0.6483333</x>
      <y>0.37833333</y>
      <w>0.34701857</w>
      <t>1967</t>
    </point>
    <point>
      <x>0.66833335</x>
      <y>0.37333333</y>
      <w>0.34701857</w>
      <t>1967</t>
    </point>
    <point>
      <x>0.69</x>
      <y>0.37166667</y>
      <w>0.34506354</w>
      <t>2000</t>
    </point>
    <point>
      <x>0.70666665</x>
      <y>0.36833334</y>
      <w>0.34506354</w>
      <t>2000</t>
    </point>
    <point>
      <x>0.72333336</x>
      <y>0.36666667</y>
      <w>0.34506354</w>
      <t>2000</t>
    </point>
    <point>
      <x>0.73833334</x>
      <y>0.36666667</y>
      <w>0.34506354</w>
      <t>2000</t>
    </point>
    <point>
      <x>0.75166667</x>
      <y>0.36666667</y>
      <w>0.3206256</w>
      <t>2033</t>
    </point>
    <point>
      <x>0.76166666</x>
      <y>0.36666667</y>
      <w>0.3206256</w>
      <t>2033</t>
    </point>
    <point>
      <x>0.7683333</x>
      <y>0.36833334</y>
      <w>0.3206256</w>
      <t>2033</t>
    </point>
    <point>
      <x>0.775</x>
      <y>0.37166667</y>
      <w>0.3206256</w>
      <t>2033</t>
    </point>
    <point>
      <x>0.78</x>
      <y>0.37333333</y>
      <w>0.30498534</w>
      <t>2067</t>
    </point>
    <point>
      <x>0.78333336</x>
      <y>0.37666667</y>
      <w>0.30498534</w>
      <t>2067</t>
    </point>
    <point>
      <x>0.785</x>
      <y>0.38</y>
      <w>0.30498534</w>
      <t>2067</t>
    </point>
    <point>
      <x>0.7866667</x>
      <y>0.38166666</y>
      <w>0.30498534</w>
      <t>2067</t>
    </point>
    <point>
      <x>0.78833336</x>
      <y>0.385</y>
      <w>0.30498534</w>
      <t>2067</t>
    </point>
    <point>
      <x>0.78833336</x>
      <y>0.38666666</y>
      <w>0.3088954</w>
      <t>2100</t>
    </point>
    <point>
      <x>0.78833336</x>
      <y>0.39</y>
      <w>0.3088954</w>
      <t>2100</t>
    </point>
    <point>
      <x>0.78833336</x>
      <y>0.39166668</y>
      <w>0.3088954</w>
      <t>2100</t>
    </point>
    <point>
      <x>0.78833336</x>
      <y>0.39333335</y>
      <w>0.3088954</w>
      <t>2100</t>
    </point>
    <point>
      <x>0.78833336</x>
      <y>0.39666668</y>
      <w>0.31573802</w>
      <t>2133</t>
    </point>
    <point>
      <x>0.7866667</x>
      <y>0.39833334</y>
      <w>0.31573802</w>
      <t>2133</t>
    </point>
    <point>
      <x>0.785</x>
      <y>0.40166667</y>
      <w>0.31573802</w>
      <t>2133</t>
    </point>
    <point>
      <x>0.7816667</x>
      <y>0.405</y>
      <w>0.31573802</w>
      <t>2133</t>
    </point>
    <point>
      <x>0.7783333</x>
      <y>0.40833333</y>
      <w>0.31573802</w>
      <t>2133</t>
    </point>
    <point>
      <x>0.775</x>
      <y>0.41166666</y>
      <w>0.32746822</w>
      <t>2167</t>
    </point>
    <point>
      <x>0.77166665</x>
      <y>0.415</y>
      <w>0.32746822</w>
      <t>2167</t>
    </point>
    <point>
      <x>0.76666665</x>
      <y>0.41833332</y>
      <w>0.32746822</w>
      <t>2167</t>
    </point>
    <point>
      <x>0.76166666</x>
      <y>0.42166665</y>
      <w>0.32746822</w>
      <t>2167</t>
    </point>
    <point>
      <x>0.7583333</x>
      <y>0.425</y>
      <w>0.33235583</w>
      <t>2200</t>
    </point>
    <point>
      <x>0.75333333</x>
      <y>0.42833334</y>
      <w>0.33235583</w>
      <t>2200</t>
    </point>
    <point>
      <x>0.74833333</x>
      <y>0.43166667</y>
      <w>0.33235583</w>
      <t>2200</t>
    </point>
    <point>
      <x>0.74333334</x>
      <y>0.435</y>
      <w>0.33235583</w>
      <t>2200</t>
    </point>
    <point>
      <x>0.7366667</x>
      <y>0.43833333</y>
      <w>0.33235583</w>
      <t>2200</t>
    </point>
    <point>
      <x>0.7316667</x>
      <y>0.44166666</y>
      <w>0.27663735</w>
      <t>2234</t>
    </point>
    <point>
      <x>0.7266667</x>
      <y>0.445</y>
      <w>0.27663735</w>
      <t>2234</t>
    </point>
    <point>
      <x>0.72333336</x>
      <y>0.44833332</y>
      <w>0.27663735</w>
      <t>2234</t>
    </point>
    <point>
      <x>0.7183333</x>
      <y>0.45</y>
      <w>0.27663735</w>
      <t>2234</t>
    </point>
    <point>
      <x>0.715</x>
      <y>0.45166665</y>
      <w>0.10654937</w>
      <t>2267</t>
    </point>
    <point>
      <x>0.71166664</x>
      <y>0.45333335</y>
      <w>0.10654937</w>
      <t>2267</t>
    </point>
    <point>
      <x>0.71</x>
      <y>0.45333335</y>
      <w>0.10654937</w>
      <t>2267</t>
    </point>
    <point>
      <x>0.7083333</x>
      <y>0.455</y>
      <w>0.10654937</w>
      <t>2267</t>
    </point>
    <point>
      <x>0.705</x>
      <y>0.45666668</y>
      <w>0.10654937</w>
      <t>2267</t>
    </point>
  </stroke>
  <stroke time="2933">
    <point>
      <x>0.60333335</x>
      <y>0.27666667</y>
      <w>0.40957966</w>
      <t>3000</t>
    </point>
    <point>
      <x>0.60333335</x>
      <y>0.28</y>
      <w>0.40957966</w>
      <t>3000</t>
    </point>
    <point>
      <x>0.60333335</x>
      <y>0.28333333</y>
      <w>0.4565005</w>
      <t>3033</t>
    </point>
    <point>
      <x>0.60333335</x>
      <y>0.29</y>
      <w>0.4565005</w>
      <t>3033</t>
    </point>
    <point>
      <x>0.6</x>
      <y>0.29666665</y>
      <w>0.4565005</w>
      <t>3033</t>
    </point>
    <point>
      <x>0.59833336</x>
      <y>0.305</y>
      <w>0.4565005</w>
      <t>3033</t>
    </point>
    <point>
      <x>0.595</x>
      <y>0.315</y>
      <w>0.4565005</w>
      <t>3033</t>
    </point>
    <point>
      <x>0.59166664</x>
      <y>0.325</y>
      <w>0.51710653</w>
      <t>3066</t>
    </point>
    <point>
      <x>0.5883333</x>
      <y>0.335</y>
      <w>0.51710653</w>
      <t>3066</t>
    </point>
    <point>
      <x>0.585</x>
      <y>0.345</y>
      <w>0.51710653</w>
      <t>3066</t>
    </point>
    <point>
      <x>0.58166665</x>
      <y>0.355</y>
      <w>0.51710653</w>
      <t>3066</t>
    </point>
    <point>
      <x>0.5783333</x>
      <y>0.36333334</y>
      <w>0.54447705</w>
      <t>3100</t>
    </point>
    <point>
      <x>0.5733333</x>
      <y>0.37333333</y>
      <w>0.54447705</w>
      <t>3100</t>
    </point>
    <point>
      <x>0.57166666</x>
      <y>0.38166666</y>
      <w>0.54447705</w>
      <t>3100</t>
    </point>
    <point>
      <x>0.5683333</x>
      <y>0.39166668</y>
      <w>0.54447705</w>
      <t>3100</t>
    </point>
    <point>
      <x>0.565</x>
      <y>0.4</y>
      <w>0.54447705</w>
      <t>3100</t>
    </point>
    <point>
      <x>0.56333333</x>
      <y>0.41</y>
      <w>0.5581623</w>
      <t>3133</t>
    </point>
    <point>
      <x>0.56166667</x>
      <y>0.41833332</y>
      <w>0.5581623</w>
      <t>3133</t>
    </point>
    <point>
      <x>0.56</x>
      <y>0.42666668</y>
      <w>0.5581623</w>
      <t>3133</t>
    </point>
    <point>
      <x>0.56</x>
      <y>0.43333334</y>
      <w>0.5581623</w>
      <t>3133</t>
    </point>
    <point>
      <x>0.56</x>
      <y>0.44</y>
      <w>0.5581623</w>
      <t>3167</t>
    </point>
    <point>
      <x>0.56</x>
      <y>0.445</y>
      <w>0.5581623</w>
      <t>3167</t>
    </point>
    <point>
      <x>0.56</x>
      <y>0.45</y>
      <w>0.5581623</w>
      <t>3167</t>
    </point>
    <point>
      <x>0.56</x>
      <y>0.455</y>
      <w>0.5581623</w>
      <t>3167</t>
    </point>
    <point>
      <x>0.56</x>
      <y>0.45833334</y>
      <w>0.5581623</w>
      <t>3167</t>
    </point>
    <point>
      <x>0.56166667</x>
      <y>0.46333334</y>
      <w>0.55718476</w>
      <t>3200</t>
    </point>
    <point>
      <x>0.56166667</x>
      <y>0.46666667</y>
      <w>0.55718476</w>
      <t>3200</t>
    </point>
    <point>
      <x>0.565</x>
      <y>0.47166666</y>
      <w>0.55718476</w>
      <t>3200</t>
    </point>
    <point>
      <x>0.56666666</x>
      <y>0.475</y>
      <w>0.55718476</w>
      <t>3200</t>
    </point>
    <point>
      <x>0.57</x>
      <y>0.47833332</y>
      <w>0.5483871</w>
      <t>3234</t>
    </point>
    <point>
      <x>0.5733333</x>
      <y>0.48166665</y>
      <w>0.5483871</w>
      <t>3234</t>
    </point>
    <point>
      <x>0.5783333</x>
      <y>0.485</y>
      <w>0.5483871</w>
      <t>3234</t>
    </point>
    <point>
      <x>0.58166665</x>
      <y>0.48833334</y>
      <w>0.5483871</w>
      <t>3234</t>
    </point>
    <point>
      <x>0.58666664</x>
      <y>0.49</y>
      <w>0.5483871</w>
      <t>3234</t>
    </point>
    <point>
      <x>0.59</x>
      <y>0.49333334</y>
      <w>0.53861195</w>
      <t>3267</t>
    </point>
    <point>
      <x>0.595</x>
      <y>0.495</y>
      <w>0.53861195</w>
      <t>3267</t>
    </point>
    <point>
      <x>0.59833336</x>
      <y>0.49833333</y>
      <w>0.53861195</w>
      <t>3267</t>
    </point>
    <point>
      <x>0.60333335</x>
      <y>0.5</y>
      <w>0.53861195</w>
      <t>3267</t>
    </point>
    <point>
      <x>0.60833335</x>
      <y>0.505</y>
      <w>0.53372437</w>
      <t>3300</t>
    </point>
    <point>
      <x>0.6116667</x>
      <y>0.5083333</y>
      <w>0.53372437</w>
      <t>3300</t>
    </point>
    <point>
      <x>0.6166667</x>
      <y>0.51166666</y>
      <w>0.53372437</w>
      <t>3300</t>
    </point>
    <point>
      <x>0.62</x>
      <y>0.515</y>
      <w>0.53372437</w>
      <t>3300</t>
    </point>
    <point>
      <x>0.62333333</x>
      <y>0.5183333</y>
      <w>0.52297163</w>
      <t>3334</t>
    </point>
    <point>
      <x>0.62833333</x>
      <y>0.52166665</y>
      <w>0.52297163</w>
      <t>3334</t>
    </point>
    <point>
      <x>0.63</x>
      <y>0.525</y>
      <w>0.52297163</w>
      <t>3334</t>
    </point>
    <point>
      <x>0.6333333</x>
      <y>0.5283333</y>
      <w>0.52297163</w>
      <t>3334</t>
    </point>
    <point>
      <x>0.63666666</x>
      <y>0.5316667</y>
      <w>0.52297163</w>
      <t>3334</t>
    </point>
    <point>
      <x>0.6383333</x>
      <y>0.5366667</y>
      <w>0.514174</w>
      <t>3367</t>
    </point>
    <point>
      <x>0.64166665</x>
      <y>0.54</y>
      <w>0.514174</w>
      <t>3367</t>
    </point>
    <point>
      <x>0.6433333</x>
      <y>0.545</y>
      <w>0.514174</w>
      <t>3367</t>
    </point>
    <point>
      <x>0.6433333</x>
      <y>0.55</y>
      <w>0.514174</w>
      <t>3367</t>
    </point>
    <point>
      <x>0.645</x>
      <y>0.55333334</y>
      <w>0.5083089</w>
      <t>3400</t>
    </point>
    <point>
      <x>0.645</x>
      <y>0.55833334</y>
      <w>0.5083089</w>
      <t>3400</t>
    </point>
    <point>
      <x>0.64666665</x>
      <y>0.56333333</y>
      <w>0.5083089</w>
      <t>3400</t>
    </point>
    <point>
      <x>0.64666665</x>
      <y>0.5683333</y>
      <w>0.5083089</w>
      <t>3400</t>
    </point>
    <point>
      <x>0.64666665</x>
      <y>0.5733333</y>
      <w>0.5083089</w>
      <t>3400</t>
    </point>
    <point>
      <x>0.64666665</x>
      <y>0.5783333</y>
      <w>0.5083089</w>
      <t>3434</t>
    </point>
    <point>
      <x>0.64666665</x>
      <y>0.5833333</y>
      <w>0.5083089</w>
      <t>3434</t>
    </point>
    <point>
      <x>0.64666665</x>
      <y>0.5883333</y>
      <w>0.5083089</w>
      <t>3434</t>
    </point>
    <point>
      <x>0.64666665</x>
      <y>0.5933333</y>
      <w>0.5083089</w>
      <t>3434</t>
    </point>
    <point>
      <x>0.645</x>
      <y>0.59833336</y>
      <w>0.5043988</w>
      <t>3467</t>
    </point>
    <point>
      <x>0.6433333</x>
      <y>0.60333335</y>
      <w>0.5043988</w>
      <t>3467</t>
    </point>
    <point>
      <x>0.64</x>
      <y>0.60833335</y>
      <w>0.5043988</w>
      <t>3467</t>
    </point>
    <point>
      <x>0.63666666</x>
      <y>0.615</y>
      <w>0.5043988</w>
      <t>3467</t>
    </point>
    <point>
      <x>0.635</x>
      <y>0.62166667</y>
      <w>0.5043988</w>
      <t>3467</t>
    </point>
    <point>
      <x>0.63</x>
      <y>0.62666667</y>
      <w>0.48973608</w>
      <t>3500</t>
    </point>
    <point>
      <x>0.62666667</x>
      <y>0.6333333</y>
      <w>0.48973608</w>
      <t>3500</t>
    </point>
    <point>
      <x>0.62333333</x>
      <y>0.64</y>
      <w>0.48973608</w>
      <t>3500</t>
    </point>
    <point>
      <x>0.61833334</x>
      <y>0.64666665</y>
      <w>0.48973608</w>
      <t>3500</t>
    </point>
    <point>
      <x>0.615</x>
      <y>0.65166664</y>
      <w>0.48680353</w>
      <t>3533</t>
    </point>
    <point>
      <x>0.61</x>
      <y>0.65833336</y>
      <w>0.48680353</w>
      <t>3533</t>
    </point>
    <point>
      <x>0.6066667</x>
      <y>0.66333336</y>
      <w>0.48680353</w>
      <t>3533</t>
    </point>
    <point>
      <x>0.6016667</x>
      <y>0.66833335</y>
      <w>0.48680353</w>
      <t>3533</t>
    </point>
    <point>
      <x>0.5966667</x>
      <y>0.67333335</y>
      <w>0.48680353</w>
      <t>3567</t>
    </point>
    <point>
      <x>0.59166664</x>
      <y>0.68</y>
      <w>0.48680353</w>
      <t>3567</t>
    </point>
    <point>
      <x>0.58666664</x>
      <y>0.685</y>
      <w>0.48680353</w>
      <t>3567</t>
    </point>
    <point>
      <x>0.58</x>
      <y>0.69</y>
      <w>0.48680353</w>
      <t>3567</t>
    </point>
    <point>
      <x>0.575</x>
      <y>0.69666666</y>
      <w>0.48680353</w>
      <t>3567</t>
    </point>
    <point>
      <x>0.57</x>
      <y>0.70166665</y>
      <w>0.47800586</w>
      <t>3600</t>
    </point>
    <point>
      <x>0.56333333</x>
      <y>0.7083333</y>
      <w>0.47800586</w>
      <t>3600</t>
    </point>
    <point>
      <x>0.5566667</x>
      <y>0.7133333</y>
      <w>0.47800586</w>
      <t>3600</t>
    </point>
    <point>
      <x>0.5516667</x>
      <y>0.7183333</y>
      <w>0.47800586</w>
      <t>3600</t>
    </point>
    <point>
      <x>0.545</x>
      <y>0.72333336</y>
      <w>0.45552298</w>
      <t>3634</t>
    </point>
    <point>
      <x>0.54</x>
      <y>0.7266667</y>
      <w>0.45552298</w>
      <t>3634</t>
    </point>
    <point>
      <x>0.53333336</x>
      <y>0.73</y>
      <w>0.45552298</w>
      <t>3634</t>
    </point>
    <point>
      <x>0.52666664</x>
      <y>0.735</y>
      <w>0.45552298</w>
      <t>3634</t>
    </point>
    <point>
      <x>0.52</x>
      <y>0.73833334</y>
      <w>0.45552298</w>
      <t>3634</t>
    </point>
    <point>
      <x>0.5133333</x>
      <y>0.74333334</y>
      <w>0.43695015</w>
      <t>3667</t>
    </point>
    <point>
      <x>0.50666666</x>
      <y>0.74666667</y>
      <w>0.43695015</w>
      <t>3667</t>
    </point>
    <point>
      <x>0.5</x>
      <y>0.75166667</y>
      <w>0.43695015</w>
      <t>3667</t>
    </point>
    <point>
      <x>0.49333334</x>
      <y>0.755</y>
      <w>0.43695015</w>
      <t>3667</t>
    </point>
    <point>
      <x>0.48666668</x>
      <y>0.75666666</y>
      <w>0.4115347</w>
      <t>3700</t>
    </point>
    <point>
      <x>0.48166665</x>
      <y>0.76</y>
      <w>0.4115347</w>
      <t>3700</t>
    </point>
    <point>
      <x>0.475</x>
      <y>0.76166666</y>
      <w>0.4115347</w>
      <t>3700</t>
    </point>
    <point>
      <x>0.46833333</x>
      <y>0.7633333</y>
      <w>0.4115347</w>
      <t>3700</t>
    </point>
    <point>
      <x>0.46166667</x>
      <y>0.7633333</y>
      <w>0.4115347</w>
      <t>3700</t>
    </point>
    <point>
      <x>0.455</x>
      <y>0.7633333</y>
      <w>0.36265886</w>
      <t>3733</t>
    </point>
    <point>
      <x>0.45</x>
      <y>0.7633333</y>
      <w>0.36265886</w>
      <t>3733</t>
    </point>
    <point>
      <x>0.44333333</x>
      <y>0.7633333</y>
      <w>0.36265886</w>
      <t>3733</t>
    </point>
    <point>
      <x>0.43833333</x>
      <y>0.7633333</y>
      <w>0.36265886</w>
      <t>3733</t>
    </point>
    <point>
      <x>0.435</x>
      <y>0.7633333</y>
      <w>0.3548387</w>
      <t>3767</t>
    </point>
    <point>
      <x>0.43</x>
      <y>0.76166666</y>
      <w>0.3548387</w>
      <t>3767</t>
    </point>
    <point>
      <x>0.42666668</x>
      <y>0.76</y>
      <w>0.3548387</w>
      <t>3767</t>
    </point>
    <point>
      <x>0.425</x>
      <y>0.75666666</y>
      <w>0.3548387</w>
      <t>3767</t>
    </point>
    <point>
      <x>0.42166665</x>
      <y>0.75333333</y>
      <w>0.3548387</w>
      <t>3767</t>
    </point>
    <point>
      <x>0.42</x>
      <y>0.74833333</y>
      <w>0.32942328</w>
      <t>3800</t>
    </point>
    <point>
      <x>0.41833332</x>
      <y>0.74333334</y>
      <w>0.32942328</w>
      <t>3800</t>
    </point>
    <point>
      <x>0.41833332</x>
      <y>0.7366667</y>
      <w>0.32942328</w>
      <t>3800</t>
    </point>
    <point>
      <x>0.41833332</x>
      <y>0.7316667</y>
      <w>0.32942328</w>
      <t>3800</t>
    </point>
    <point>
      <x>0.41833332</x>
      <y>0.7266667</y>
      <w>0.2678397</w>
      <t>3834</t>
    </point>
    <point>
      <x>0.41833332</x>
      <y>0.7216667</y>
      <w>0.2678397</w>
      <t>3834</t>
    </point>
    <point>
      <x>0.41833332</x>
      <y>0.7183333</y>
      <w>0.2678397</w>
      <t>3834</t>
    </point>
    <point>
      <x>0.42</x>
      <y>0.7133333</y>
      <w>0.2678397</w>
      <t>3834</t>
    </point>
    <point>
      <x>0.42166665</x>
      <y>0.71</y>
      <w>0.2346041</w>
      <t>3867</t>
    </point>
    <point>
      <x>0.42333335</x>
      <y>0.70666665</y>
      <w>0.2346041</w>
      <t>3867</t>
    </point>
    <point>
      <x>0.425</x>
      <y>0.7033333</y>
      <w>0.2346041</w>
      <t>3867</t>
    </point>
    <point>
      <x>0.42666668</x>
      <y>0.70166665</y>
      <w>0.2346041</w>
      <t>3867</t>
    </point>
    <point>
      <x>0.43</x>
      <y>0.6983333</y>
      <w>0.2346041</w>
      <t>3867</t>
    </point>
    <point>
      <x>0.43333334</x>
      <y>0.69666666</y>
      <w>0.23264907</w>
      <t>3900</t>
    </point>
    <point>
      <x>0.435</x>
      <y>0.695</y>
      <w>0.23264907</w>
      <t>3900</t>
    </point>
    <point>
      <x>0.43833333</x>
      <y>0.69166666</y>
      <w>0.23264907</w>
      <t>3900</t>
    </point>
    <point>
      <x>0.44333333</x>
      <y>0.69</y>
      <w>0.23264907</w>
      <t>3900</t>
    </point>
    <point>
      <x>0.44666666</x>
      <y>0.68833333</y>
      <w>0.2580645</w>
      <t>3934</t>
    </point>
    <point>
      <x>0.45166665</x>
      <y>0.685</y>
      <w>0.2580645</w>
      <t>3934</t>
    </point>
    <point>
      <x>0.45666668</x>
      <y>0.68333334</y>
      <w>0.2580645</w>
      <t>3934</t>
    </point>
    <point>
      <x>0.46333334</x>
      <y>0.68</y>
      <w>0.2580645</w>
      <t>3934</t>
    </point>
    <point>
      <x>0.46833333</x>
      <y>0.6766667</y>
      <w>0.2580645</w>
      <t>3934</t>
    </point>
    <point>
      <x>0.475</x>
      <y>0.675</y>
      <w>0.26979473</w>
      <t>3967</t>
    </point>
    <point>
      <x>0.48166665</x>
      <y>0.6716667</y>
      <w>0.26979473</w>
      <t>3967</t>
    </point>
    <point>
      <x>0.48833334</x>
      <y>0.67</y>
      <w>0.26979473</w>
      <t>3967</t>
    </point>
    <point>
      <x>0.495</x>
      <y>0.66833335</y>
      <w>0.26979473</w>
      <t>3967</t>
    </point>
    <point>
      <x>0.5</x>
      <y>0.6666667</y>
      <w>0.27174976</w>
      <t>4000</t>
    </point>
    <point>
      <x>0.50666666</x>
      <y>0.665</y>
      <w>0.27174976</w>
      <t>4000</t>
    </point>
    <point>
      <x>0.51166666</x>
      <y>0.66333336</y>
      <w>0.27174976</w>
      <t>4000</t>
    </point>
    <point>
      <x>0.51666665</x>
      <y>0.66333336</y>
      <w>0.27174976</w>
      <t>4000</t>
    </point>
    <point>
      <x>0.52166665</x>
      <y>0.6616667</y>
      <w>0.27174976</w>
      <t>4000</t>
    </point>
    <point>
      <x>0.52666664</x>
      <y>0.6616667</y>
      <w>0.29521015</w>
      <t>4034</t>
    </point>
    <point>
      <x>0.5316667</x>
      <y>0.66</y>
      <w>0.29521015</w>
      <t>4034</t>
    </point>
    <point>
      <x>0.5366667</x>
      <y>0.66</y>
      <w>0.29521015</w>
      <t>4034</t>
    </point>
    <point>
      <x>0.54333335</x>
      <y>0.65833336</y>
      <w>0.29521015</w>
      <t>4034</t>
    </point>
    <point>
      <x>0.55</x>
      <y>0.65833336</y>
      <w>0.30987293</w>
      <t>4067</t>
    </point>
    <point>
      <x>0.555</x>
      <y>0.65833336</y>
      <w>0.30987293</w>
      <t>4067</t>
    </point>
    <point>
      <x>0.56166667</x>
      <y>0.6566667</y>
      <w>0.30987293</w>
      <t>4067</t>
    </point>
    <point>
      <x>0.56666666</x>
      <y>0.6566667</y>
      <w>0.30987293</w>
      <t>4067</t>
    </point>
    <point>
      <x>0.5733333</x>
      <y>0.6566667</y>
      <w>0.30987293</w>
      <t>4067</t>
    </point>
    <point>
      <x>0.5783333</x>
      <y>0.6566667</y>
      <w>0.34017596</w>
      <t>4100</t>
    </point>
    <point>
      <x>0.5833333</x>
      <y>0.6566667</y>
      <w>0.34017596</w>
      <t>4100</t>
    </point>
    <point>
      <x>0.59</x>
      <y>0.65833336</y>
      <w>0.34017596</w>
      <t>4100</t>
    </point>
    <point>
      <x>0.5966667</x>
      <y>0.66</y>
      <w>0.34017596</w>
      <t>4100</t>
    </point>
    <point>
      <x>0.60333335</x>
      <y>0.66</y>
      <w>0.3597263</w>
      <t>4133</t>
    </point>
    <point>
      <x>0.61</x>
      <y>0.6616667</y>
      <w>0.3597263</w>
      <t>4133</t>
    </point>
    <point>
      <x>0.61833334</x>
      <y>0.66333336</y>
      <w>0.3597263</w>
      <t>4133</t>
    </point>
    <point>
      <x>0.625</x>
      <y>0.665</y>
      <w>0.3597263</w>
      <t>4133</t>
    </point>
    <point>
      <x>0.63166666</x>
      <y>0.6666667</y>
      <w>0.36950147</w>
      <t>4167</t>
    </point>
    <point>
      <x>0.64</x>
      <y>0.66833335</y>
      <w>0.36950147</w>
      <t>4167</t>
    </point>
    <point>
      <x>0.64666665</x>
      <y>0.67</y>
      <w>0.36950147</w>
      <t>4167</t>
    </point>
    <point>
      <x>0.6533333</x>
      <y>0.6716667</y>
      <w>0.36950147</w>
      <t>4167</t>
    </point>
    <point>
      <x>0.66</x>
      <y>0.67333335</y>
      <w>0.36950147</w>
      <t>4167</t>
    </point>
    <point>
      <x>0.665</x>
      <y>0.675</y>
      <w>0.398827</w>
      <t>4200</t>
    </point>
    <point>
      <x>0.67</x>
      <y>0.6766667</y>
      <w>0.398827</w>
      <t>4200</t>
    </point>
    <point>
      <x>0.6766667</x>
      <y>0.67833334</y>
      <w>0.398827</w>
      <t>4200</t>
    </point>
    <point>
      <x>0.6816667</x>
      <y>0.6816667</y>
      <w>0.398827</w>
      <t>4200</t>
    </point>
    <point>
      <x>0.68833333</x>
      <y>0.68333334</y>
      <w>0.398827</w>
      <t>4200</t>
    </point>
    <point>
      <x>0.695</x>
      <y>0.685</y>
      <w>0.41544476</w>
      <t>4233</t>
    </point>
    <point>
      <x>0.7</x>
      <y>0.68666667</y>
      <w>0.41544476</w>
      <t>4233</t>
    </point>
    <point>
      <x>0.70666665</x>
      <y>0.69</y>
      <w>0.41544476</w>
      <t>4233</t>
    </point>
    <point>
      <x>0.7133333</x>
      <y>0.69166666</y>
      <w>0.41544476</w>
      <t>4233</t>
    </point>
    <point>
      <x>0.7183333</x>
      <y>0.695</y>
      <w>0.44183773</w>
      <t>4267</t>
    </point>
    <point>
      <x>0.72333336</x>
      <y>0.6983333</y>
      <w>0.44183773</w>
      <t>4267</t>
    </point>
    <point>
      <x>0.73</x>
      <y>0.7033333</y>
      <w>0.44183773</w>
      <t>4267</t>
    </point>
    <point>
      <x>0.735</x>
      <y>0.70666665</y>
      <w>0.44183773</w>
      <t>4267</t>
    </point>
    <point>
      <x>0.74</x>
      <y>0.71</y>
      <w>0.4457478</w>
      <t>4300</t>
    </point>
    <point>
      <x>0.745</x>
      <y>0.7133333</y>
      <w>0.4457478</w>
      <t>4300</t>
    </point>
    <point>
      <x>0.75</x>
      <y>0.71666664</y>
      <w>0.4457478</w>
      <t>4300</t>
    </point>
    <point>
      <x>0.755</x>
      <y>0.72</y>
      <w>0.4457478</w>
      <t>4300</t>
    </point>
    <point>
      <x>0.76</x>
      <y>0.72333336</y>
      <w>0.4457478</w>
      <t>4300</t>
    </point>
    <point>
      <x>0.765</x>
      <y>0.725</y>
      <w>0.44770283</w>
      <t>4333</t>
    </point>
    <point>
      <x>0.77</x>
      <y>0.72833335</y>
      <w>0.44770283</w>
      <t>4333</t>
    </point>
    <point>
      <x>0.775</x>
      <y>0.7316667</y>
      <w>0.44770283</w>
      <t>4333</t>
    </point>
    <point>
      <x>0.78</x>
      <y>0.735</y>
      <w>0.44770283</w>
      <t>4333</t>
    </point>
    <point>
      <x>0.78333336</x>
      <y>0.7366667</y>
      <w>0.44868034</w>
      <t>4367</t>
    </point>
    <point>
      <x>0.78833336</x>
      <y>0.74</y>
      <w>0.44868034</w>
      <t>4367</t>
    </point>
    <point>
      <x>0.7916667</x>
      <y>0.74333334</y>
      <w>0.44868034</w>
      <t>4367</t>
    </point>
    <point>
      <x>0.7966667</x>
      <y>0.74666667</y>
      <w>0.44868034</w>
      <t>4367</t>
    </point>
    <point>
      <x>0.8</x>
      <y>0.75166667</y>
      <w>0.44868034</w>
      <t>4367</t>
    </point>
    <point>
      <x>0.80333334</x>
      <y>0.755</y>
      <w>0.4633431</w>
      <t>4400</t>
    </point>
    <point>
      <x>0.8066667</x>
      <y>0.76</y>
      <w>0.4633431</w>
      <t>4400</t>
    </point>
    <point>
      <x>0.81</x>
      <y>0.7633333</y>
      <w>0.4633431</w>
      <t>4400</t>
    </point>
    <point>
      <x>0.81333333</x>
      <y>0.76666665</y>
      <w>0.4633431</w>
      <t>4400</t>
    </point>
    <point>
      <x>0.81666666</x>
      <y>0.77</y>
      <w>0.47605082</w>
      <t>4434</t>
    </point>
    <point>
      <x>0.8183333</x>
      <y>0.77166665</y>
      <w>0.47605082</w>
      <t>4434</t>
    </point>
    <point>
      <x>0.82</x>
      <y>0.775</y>
      <w>0.47605082</w>
      <t>4434</t>
    </point>
    <point>
      <x>0.82166666</x>
      <y>0.7783333</y>
      <w>0.47605082</w>
      <t>4434</t>
    </point>
    <point>
      <x>0.8233333</x>
      <y>0.78</y>
      <w>0.5014663</w>
      <t>4467</t>
    </point>
    <point>
      <x>0.825</x>
      <y>0.78333336</y>
      <w>0.5014663</w>
      <t>4467</t>
    </point>
    <point>
      <x>0.82666665</x>
      <y>0.785</y>
      <w>0.5014663</w>
      <t>4467</t>
    </point>
    <point>
      <x>0.8283333</x>
      <y>0.78833336</y>
      <w>0.5014663</w>
      <t>4467</t>
    </point>
    <point>
      <x>0.8283333</x>
      <y>0.79</y>
      <w>0.5014663</w>
      <t>4467</t>
    </point>
    <point>
      <x>0.83</x>
      <y>0.7916667</y>
      <w>0.51124144</w>
      <t>4500</t>
    </point>
    <point>
      <x>0.83166665</x>
      <y>0.79333335</y>
      <w>0.51124144</w>
      <t>4500</t>
    </point>
    <point>
      <x>0.8333333</x>
      <y>0.795</y>
      <w>0.51319647</w>
      <t>4533</t>
    </point>
    <point>
      <x>0.8333333</x>
      <y>0.7966667</y>
      <w>0.51319647</w>
      <t>4533</t>
    </point>
    <point>
      <x>0.835</x>
      <y>0.7966667</y>
      <w>0.51319647</w>
      <t>4533</t>
    </point>
    <point>
      <x>0.8333333</x>
      <y>0.795</y>
      <w>0.0</w>
      <t>4600</t>
    </point>
  </stroke>
</character>
