<?xml version="1.0" encoding="UTF-8"?>
<character>
  <stroke time="0">
    <point>
      <x>0.27833334</x>
      <y>0.215</y>
      <w>0.21896383</w>
      <t>70</t>
    </point>
    <point>
      <x>0.27833334</x>
      <y>0.21666667</y>
      <w>0.21896383</w>
      <t>70</t>
    </point>
    <point>
      <x>0.28</x>
      <y>0.21666667</y>
      <w>0.21896383</w>
      <t>70</t>
    </point>
    <point>
      <x>0.28166667</x>
      <y>0.21833333</y>
      <w>0.28739002</w>
      <t>100</t>
    </point>
    <point>
      <x>0.28333333</x>
      <y>0.22</y>
      <w>0.28739002</w>
      <t>100</t>
    </point>
    <point>
      <x>0.28666666</x>
      <y>0.22166666</y>
      <w>0.28739002</w>
      <t>100</t>
    </point>
    <point>
      <x>0.28833333</x>
      <y>0.22166666</y>
      <w>0.34506354</w>
      <t>133</t>
    </point>
    <point>
      <x>0.29166666</x>
      <y>0.22333333</y>
      <w>0.34506354</w>
      <t>133</t>
    </point>
    <point>
      <x>0.295</x>
      <y>0.225</y>
      <w>0.34506354</w>
      <t>133</t>
    </point>
    <point>
      <x>0.29833335</x>
      <y>0.22666667</y>
      <w>0.34506354</w>
      <t>134</t>
    </point>
    <point>
      <x>0.30166668</x>
      <y>0.22833334</y>
      <w>0.370479</w>
      <t>167</t>
    </point>
    <point>
      <x>0.305</x>
      <y>0.23</y>
      <w>0.370479</w>
      <t>167</t>
    </point>
    <point>
      <x>0.30833334</x>
      <y>0.23</y>
      <w>0.370479</w>
      <t>167</t>
    </point>
    <point>
      <x>0.31</x>
      <y>0.23166667</y>
      <w>0.370479</w>
      <t>168</t>
    </point>
    <point>
      <x>0.31333333</x>
      <y>0.23166667</y>
      <w>0.370479</w>
      <t>168</t>
    </point>
    <point>
      <x>0.31666666</x>
      <y>0.23166667</y>
      <w>0.39491692</w>
      <t>200</t>
    </point>
    <point>
      <x>0.32166666</x>
      <y>0.23333333</y>
      <w>0.39491692</w>
      <t>200</t>
    </point>
    <point>
      <x>0.325</x>
      <y>0.23333333</y>
      <w>0.39491692</w>
      <t>200</t>
    </point>
    <point>
      <x>0.33</x>
      <y>0.23333333</y>
      <w>0.39491692</w>
      <t>201</t>
    </point>
    <point>
      <x>0.335</x>
      <y>0.23333333</y>
      <w>0.43597263</w>
      <t>233</t>
    </point>
    <point>
      <x>0.34</x>
      <y>0.23333333</y>
      <w>0.43597263</w>
      <t>234</t>
    </point>
    <point>
      <x>0.34666666</x>
      <y>0.23333333</y>
      <w>0.43597263</w>
      <t>234</t>
    </point>
    <point>
      <x>0.35166666</x>
      <y>0.23166667</y>
      <w>0.43597263</w>
      <t>234</t>
    </point>
    <point>
      <x>0.35833332</x>
      <y>0.23166667</y>
      <w>0.43597263</w>
      <t>234</t>
    </point>
    <point>
      <x>0.365</x>
      <y>0.23</y>
      <w>0.46529815</w>
      <t>266</t>
    </point>
    <point>
      <x>0.37166667</x>
      <y>0.22833334</y>
      <w>0.46529815</w>
      <t>266</t>
    </point>
    <point>
      <x>0.37833333</x>
      <y>0.22666667</y>
      <w>0.46529815</w>
      <t>266</t>
    </point>
    <point>
      <x>0.38666666</x>
      <y>0.22666667</y>
      <w>0.46529815</w>
      <t>267</t>
    </point>
    <point>
      <x>0.395</x>
      <y>0.225</y>
      <w>0.47214076</w>
      <t>300</t>
    </point>
    <point>
      <x>0.405</x>
      <y>0.22333333</y>
      <w>0.47214076</w>
      <t>300</t>
    </point>
    <point>
      <x>0.41333333</x>
      <y>0.22166666</y>
      <w>0.47214076</w>
      <t>300</t>
    </point>
    <point>
      <x>0.42333335</x>
      <y>0.22</y>
      <w>0.47214076</w>
      <t>300</t>
    </point>
    <point>
      <x>0.43333334</x>
      <y>0.21833333</y>
      <w>0.4750733</w>
      <t>333</t>
    </point>
    <point>
      <x>0.44166666</x>
      <y>0.21833333</y>
      <w>0.4750733</w>
      <t>333</t>
    </point>
    <point>
      <x>0.45166665</x>
      <y>0.21666667</y>
      <w>0.4750733</w>
      <t>334</t>
    </point>
    <point>
      <x>0.46166667</x>
      <y>0.215</y>
      <w>0.4750733</w>
      <t>334</t>
    </point>
    <point>
      <x>0.47</x>
      <y>0.215</y>
      <w>0.4750733</w>
      <t>334</t>
    </point>
    <point>
      <x>0.48</x>
      <y>0.21333334</y>
      <w>0.47898337</w>
      <t>367</t>
    </point>
    <point>
      <x>0.48666668</x>
      <y>0.21333334</y>
      <w>0.47898337</w>
      <t>367</t>
    </point>
    <point>
      <x>0.495</x>
      <y>0.21333334</y>
      <w>0.47898337</w>
      <t>367</t>
    </point>
    <point>
      <x>0.50166667</x>
      <y>0.21333334</y>
      <w>0.47898337</w>
      <t>368</t>
    </point>
    <point>
      <x>0.50666666</x>
      <y>0.21333334</y>
      <w>0.48582602</w>
      <t>401</t>
    </point>
    <point>
      <x>0.5133333</x>
      <y>0.21333334</y>
      <w>0.48582602</w>
      <t>401</t>
    </point>
    <point>
      <x>0.5183333</x>
      <y>0.21333334</y>
      <w>0.48582602</w>
      <t>401</t>
    </point>
    <point>
      <x>0.5233333</x>
      <y>0.21333334</y>
      <w>0.48582602</w>
      <t>402</t>
    </point>
    <point>
      <x>0.5283333</x>
      <y>0.21333334</y>
      <w>0.48582602</w>
      <t>402</t>
    </point>
    <point>
      <x>0.53333336</x>
      <y>0.21333334</y>
      <w>0.48875856</w>
      <t>434</t>
    </point>
    <point>
      <x>0.5366667</x>
      <y>0.21333334</y>
      <w>0.48875856</w>
      <t>434</t>
    </point>
    <point>
      <x>0.54</x>
      <y>0.215</y>
      <w>0.48875856</w>
      <t>434</t>
    </point>
    <point>
      <x>0.54333335</x>
      <y>0.21666667</y>
      <w>0.48875856</w>
      <t>434</t>
    </point>
    <point>
      <x>0.54833335</x>
      <y>0.21833333</y>
      <w>0.49364614</w>
      <t>468</t>
    </point>
    <point>
      <x>0.55</x>
      <y>0.22</y>
      <w>0.49364614</w>
      <t>468</t>
    </point>
    <point>
      <x>0.55333334</x>
      <y>0.22</y>
      <w>0.49364614</w>
      <t>468</t>
    </point>
    <point>
      <x>0.555</x>
      <y>0.22166666</y>
      <w>0.49364614</w>
      <t>468</t>
    </point>
    <point>
      <x>0.5566667</x>
      <y>0.22333333</y>
      <w>0.49364614</w>
      <t>469</t>
    </point>
    <point>
      <x>0.55833334</x>
      <y>0.225</y>
      <w>0.4965787</w>
      <t>501</t>
    </point>
    <point>
      <x>0.56</x>
      <y>0.22666667</y>
      <w>0.4965787</w>
      <t>501</t>
    </point>
    <point>
      <x>0.56166667</x>
      <y>0.23</y>
      <w>0.4965787</w>
      <t>501</t>
    </point>
    <point>
      <x>0.56333333</x>
      <y>0.23166667</y>
      <w>0.4965787</w>
      <t>501</t>
    </point>
    <point>
      <x>0.565</x>
      <y>0.235</y>
      <w>0.50537634</w>
      <t>534</t>
    </point>
    <point>
      <x>0.565</x>
      <y>0.23833333</y>
      <w>0.50537634</w>
      <t>534</t>
    </point>
    <point>
      <x>0.56666666</x>
      <y>0.24166666</y>
      <w>0.50537634</w>
      <t>534</t>
    </point>
    <point>
      <x>0.56666666</x>
      <y>0.245</y>
      <w>0.50537634</w>
      <t>534</t>
    </point>
    <point>
      <x>0.56666666</x>
      <y>0.24833333</y>
      <w>0.50537634</w>
      <t>535</t>
    </point>
    <point>
      <x>0.56666666</x>
      <y>0.25333333</y>
      <w>0.5259042</w>
      <t>567</t>
    </point>
    <point>
      <x>0.56666666</x>
      <y>0.25833333</y>
      <w>0.5259042</w>
      <t>567</t>
    </point>
    <point>
      <x>0.56666666</x>
      <y>0.26333332</y>
      <w>0.5259042</w>
      <t>567</t>
    </point>
    <point>
      <x>0.565</x>
      <y>0.26833335</y>
      <w>0.5259042</w>
      <t>567</t>
    </point>
    <point>
      <x>0.56166667</x>
      <y>0.275</y>
      <w>0.5464321</w>
      <t>601</t>
    </point>
    <point>
      <x>0.56</x>
      <y>0.28166667</y>
      <w>0.5464321</w>
      <t>601</t>
    </point>
    <point>
      <x>0.5566667</x>
      <y>0.28833333</y>
      <w>0.5464321</w>
      <t>601</t>
    </point>
    <point>
      <x>0.55333334</x>
      <y>0.295</y>
      <w>0.5464321</w>
      <t>601</t>
    </point>
    <point>
      <x>0.55</x>
      <y>0.30166668</y>
      <w>0.5522972</w>
      <t>634</t>
    </point>
    <point>
      <x>0.5466667</x>
      <y>0.31</y>
      <w>0.5522972</w>
      <t>634</t>
    </point>
    <point>
      <x>0.5416667</x>
      <y>0.31833333</y>
      <w>0.5522972</w>
      <t>634</t>
    </point>
    <point>
      <x>0.5366667</x>
      <y>0.32666665</y>
      <w>0.5522972</w>
      <t>634</t>
    </point>
    <point>
      <x>0.5316667</x>
      <y>0.335</y>
      <w>0.5522972</w>
      <t>634</t>
    </point>
    <point>
      <x>0.52666664</x>
      <y>0.345</y>
      <w>0.5542522</w>
      <t>667</t>
    </point>
    <point>
      <x>0.52166665</x>
      <y>0.35333332</y>
      <w>0.5542522</w>
      <t>667</t>
    </point>
    <point>
      <x>0.515</x>
      <y>0.36333334</y>
      <w>0.5542522</w>
      <t>669</t>
    </point>
    <point>
      <x>0.51</x>
      <y>0.375</y>
      <w>0.5542522</w>
      <t>669</t>
    </point>
    <point>
      <x>0.50333333</x>
      <y>0.385</y>
      <w>0.55718476</w>
      <t>701</t>
    </point>
    <point>
      <x>0.49666667</x>
      <y>0.395</y>
      <w>0.55718476</w>
      <t>701</t>
    </point>
    <point>
      <x>0.48833334</x>
      <y>0.405</y>
      <w>0.55718476</w>
      <t>701</t>
    </point>
    <point>
      <x>0.48166665</x>
      <y>0.41666666</y>
      <w>0.55718476</w>
      <t>703</t>
    </point>
    <point>
      <x>0.475</x>
      <y>0.42666668</y>
      <w>0.55718476</w>
      <t>703</t>
    </point>
    <point>
      <x>0.47</x>
      <y>0.43666667</y>
      <w>0.5581623</w>
      <t>735</t>
    </point>
    <point>
      <x>0.46333334</x>
      <y>0.445</y>
      <w>0.5581623</w>
      <t>735</t>
    </point>
    <point>
      <x>0.46</x>
      <y>0.455</y>
      <w>0.5581623</w>
      <t>735</t>
    </point>
    <point>
      <x>0.455</x>
      <y>0.465</y>
      <w>0.5581623</w>
      <t>735</t>
    </point>
    <point>
      <x>0.45</x>
      <y>0.475</y>
      <w>0.5581623</w>
      <t>768</t>
    </point>
    <point>
      <x>0.445</x>
      <y>0.485</y>
      <w>0.5581623</w>
      <t>768</t>
    </point>
    <point>
      <x>0.44</x>
      <y>0.49666667</y>
      <w>0.5581623</w>
      <t>768</t>
    </point>
    <point>
      <x>0.43333334</x>
      <y>0.50666666</y>
      <w>0.5581623</w>
      <t>768</t>
    </point>
    <point>
      <x>0.42666668</x>
      <y>0.5183333</y>
      <w>0.5581623</w>
      <t>768</t>
    </point>
    <point>
      <x>0.42166665</x>
      <y>0.5316667</y>
      <w>0.5591398</w>
      <t>801</t>
    </point>
    <point>
      <x>0.415</x>
      <y>0.54333335</y>
      <w>0.5591398</w>
      <t>801</t>
    </point>
    <point>
      <x>0.40833333</x>
      <y>0.555</y>
      <w>0.5591398</w>
      <t>801</t>
    </point>
    <point>
      <x>0.40333334</x>
      <y>0.5683333</y>
      <w>0.5591398</w>
      <t>801</t>
    </point>
    <point>
      <x>0.39833334</x>
      <y>0.58</y>
      <w>0.5610948</w>
      <t>834</t>
    </point>
    <point>
      <x>0.39333335</x>
      <y>0.59166664</y>
      <w>0.5610948</w>
      <t>834</t>
    </point>
    <point>
      <x>0.38833332</x>
      <y>0.605</y>
      <w>0.5610948</w>
      <t>834</t>
    </point>
    <point>
      <x>0.38333333</x>
      <y>0.6166667</y>
      <w>0.5610948</w>
      <t>834</t>
    </point>
    <point>
      <x>0.38</x>
      <y>0.62666667</y>
      <w>0.5581623</w>
      <t>868</t>
    </point>
    <point>
      <x>0.37666667</x>
      <y>0.6383333</y>
      <w>0.5581623</w>
      <t>868</t>
    </point>
    <point>
      <x>0.375</x>
      <y>0.6483333</y>
      <w>0.5581623</w>
      <t>868</t>
    </point>
    <point>
      <x>0.37166667</x>
      <y>0.66</y>
      <w>0.5581623</w>
      <t>868</t>
    </point>
    <point>
      <x>0.37</x>
      <y>0.67</y>
      <w>0.5581623</w>
      <t>868</t>
    </point>
    <point>
      <x>0.36833334</x>
      <y>0.67833334</y>
      <w>0.5591398</w>
      <t>901</t>
    </point>
    <point>
      <x>0.36666667</x>
      <y>0.68666667</y>
      <w>0.5591398</w>
      <t>901</t>
    </point>
    <point>
      <x>0.36666667</x>
      <y>0.6933333</y>
      <w>0.5591398</w>
      <t>901</t>
    </point>
    <point>
      <x>0.36666667</x>
      <y>0.6983333</y>
      <w>0.5591398</w>
      <t>901</t>
    </point>
    <point>
      <x>0.36666667</x>
      <y>0.7033333</y>
      <w>0.55620724</w>
      <t>934</t>
    </point>
    <point>
      <x>0.36666667</x>
      <y>0.7083333</y>
      <w>0.55620724</w>
      <t>934</t>
    </point>
    <point>
      <x>0.36833334</x>
      <y>0.71166664</y>
      <w>0.55620724</w>
      <t>934</t>
    </point>
    <point>
      <x>0.36833334</x>
      <y>0.715</y>
      <w>0.55620724</w>
      <t>934</t>
    </point>
    <point>
      <x>0.37</x>
      <y>0.7183333</y>
      <w>0.55620724</w>
      <t>934</t>
    </point>
    <point>
      <x>0.37166667</x>
      <y>0.72</y>
      <w>0.54447705</w>
      <t>968</t>
    </point>
    <point>
      <x>0.375</x>
      <y>0.7216667</y>
      <w>0.54447705</w>
      <t>968</t>
    </point>
    <point>
      <x>0.37666667</x>
      <y>0.72333336</y>
      <w>0.54447705</w>
      <t>968</t>
    </point>
    <point>
      <x>0.37833333</x>
      <y>0.725</y>
      <w>0.54447705</w>
      <t>968</t>
    </point>
    <point>
      <x>0.38166666</x>
      <y>0.725</y>
      <w>0.5024438</w>
      <t>1001</t>
    </point>
    <point>
      <x>0.385</x>
      <y>0.725</y>
      <w>0.5024438</w>
      <t>1001</t>
    </point>
    <point>
      <x>0.39</x>
      <y>0.725</y>
      <w>0.5024438</w>
      <t>1001</t>
    </point>
    <point>
      <x>0.395</x>
      <y>0.725</y>
      <w>0.5024438</w>
      <t>1001</t>
    </point>
    <point>
      <x>0.4</x>
      <y>0.72333336</y>
      <w>0.5024438</w>
      <t>1002</t>
    </point>
    <point>
      <x>0.40666667</x>
      <y>0.7216667</y>
      <w>0.48191592</w>
      <t>1039</t>
    </point>
    <point>
      <x>0.41333333</x>
      <y>0.7183333</y>
      <w>0.48191592</w>
      <t>1039</t>
    </point>
    <point>
      <x>0.42</x>
      <y>0.715</y>
      <w>0.48191592</w>
      <t>1039</t>
    </point>
    <point>
      <x>0.42833334</x>
      <y>0.71</y>
      <w>0.48191592</w>
      <t>1039</t>
    </point>
    <point>
      <x>0.43666667</x>
      <y>0.70666665</y>
      <w>0.48191592</w>
      <t>1040</t>
    </point>
    <point>
      <x>0.445</x>
      <y>0.70166665</y>
      <w>0.4516129</w>
      <t>1068</t>
    </point>
    <point>
      <x>0.45166665</x>
      <y>0.69666666</y>
      <w>0.4516129</w>
      <t>1068</t>
    </point>
    <point>
      <x>0.46</x>
      <y>0.69166666</y>
      <w>0.4516129</w>
      <t>1068</t>
    </point>
    <point>
      <x>0.46666667</x>
      <y>0.68666667</y>
      <w>0.4516129</w>
      <t>1068</t>
    </point>
    <point>
      <x>0.47333333</x>
      <y>0.6816667</y>
      <w>0.41055718</w>
      <t>1101</t>
    </point>
    <point>
      <x>0.48</x>
      <y>0.675</y>
      <w>0.41055718</w>
      <t>1101</t>
    </point>
    <point>
      <x>0.48666668</x>
      <y>0.67</y>
      <w>0.41055718</w>
      <t>1101</t>
    </point>
    <point>
      <x>0.49333334</x>
      <y>0.66333336</y>
      <w>0.41055718</w>
      <t>1101</t>
    </point>
    <point>
      <x>0.49833333</x>
      <y>0.65833336</y>
      <w>0.38709676</w>
      <t>1134</t>
    </point>
    <point>
      <x>0.50333333</x>
      <y>0.6533333</y>
      <w>0.38709676</w>
      <t>1134</t>
    </point>
    <point>
      <x>0.50666666</x>
      <y>0.6483333</y>
      <w>0.38709676</w>
      <t>1134</t>
    </point>
    <point>
      <x>0.51</x>
      <y>0.6433333</y>
      <w>0.38709676</w>
      <t>1134</t>
    </point>
    <point>
      <x>0.5133333</x>
      <y>0.6383333</y>
      <w>0.38709676</w>
      <t>1135</t>
    </point>
    <point>
      <x>0.51666665</x>
      <y>0.6333333</y>
      <w>0.18377322</w>
      <t>1168</t>
    </point>
    <point>
      <x>0.52</x>
      <y>0.62833333</y>
      <w>0.18377322</w>
      <t>1168</t>
    </point>
    <point>
      <x>0.5233333</x>
      <y>0.62333333</y>
      <w>0.18377322</w>
      <t>1168</t>
    </point>
  </stroke>
  <stroke time="1668">
    <point>
      <x>0.32166666</x>
      <y>0.45833334</y>
      <w>0.32355815</w>
      <t>1734</t>
    </point>
    <point>
      <x>0.32333332</x>
      <y>0.45833334</y>
      <w>0.32355815</w>
      <t>1734</t>
    </point>
    <point>
      <x>0.32333332</x>
      <y>0.46</y>
      <w>0.32355815</w>
      <t>1734</t>
    </point>
    <point>
      <x>0.32666665</x>
      <y>0.46</y>
      <w>0.32355815</w>
      <t>1734</t>
    </point>
    <point>
      <x>0.32833335</x>
      <y>0.46166667</y>
      <w>0.3646139</w>
      <t>1768</t>
    </point>
    <point>
      <x>0.33</x>
      <y>0.46333334</y>
      <w>0.3646139</w>
      <t>1768</t>
    </point>
    <point>
      <x>0.33333334</x>
      <y>0.465</y>
      <w>0.3646139</w>
      <t>1768</t>
    </point>
    <point>
      <x>0.33666667</x>
      <y>0.46666667</y>
      <w>0.3646139</w>
      <t>1768</t>
    </point>
    <point>
      <x>0.34166667</x>
      <y>0.46666667</y>
      <w>0.3646139</w>
      <t>1768</t>
    </point>
    <point>
      <x>0.345</x>
      <y>0.46833333</y>
      <w>0.38709676</w>
      <t>1801</t>
    </point>
    <point>
      <x>0.35</x>
      <y>0.47</y>
      <w>0.38709676</w>
      <t>1801</t>
    </point>
    <point>
      <x>0.35333332</x>
      <y>0.47</y>
      <w>0.38709676</w>
      <t>1801</t>
    </point>
    <point>
      <x>0.35833332</x>
      <y>0.47166666</y>
      <w>0.38709676</w>
      <t>1801</t>
    </point>
    <point>
      <x>0.36333334</x>
      <y>0.47166666</y>
      <w>0.398827</w>
      <t>1834</t>
    </point>
    <point>
      <x>0.36833334</x>
      <y>0.47166666</y>
      <w>0.398827</w>
      <t>1834</t>
    </point>
    <point>
      <x>0.37333333</x>
      <y>0.47333333</y>
      <w>0.398827</w>
      <t>1834</t>
    </point>
    <point>
      <x>0.38</x>
      <y>0.47333333</y>
      <w>0.398827</w>
      <t>1834</t>
    </point>
    <point>
      <x>0.38666666</x>
      <y>0.47333333</y>
      <w>0.398827</w>
      <t>1834</t>
    </point>
    <point>
      <x>0.39333335</x>
      <y>0.475</y>
      <w>0.40371457</w>
      <t>1868</t>
    </point>
    <point>
      <x>0.4</x>
      <y>0.475</y>
      <w>0.40371457</w>
      <t>1868</t>
    </point>
    <point>
      <x>0.405</x>
      <y>0.475</y>
      <w>0.40371457</w>
      <t>1868</t>
    </point>
    <point>
      <x>0.41166666</x>
      <y>0.475</y>
      <w>0.40371457</w>
      <t>1868</t>
    </point>
    <point>
      <x>0.41833332</x>
      <y>0.47666666</y>
      <w>0.40957966</w>
      <t>1901</t>
    </point>
    <point>
      <x>0.425</x>
      <y>0.47666666</y>
      <w>0.40957966</w>
      <t>1901</t>
    </point>
    <point>
      <x>0.43166667</x>
      <y>0.47666666</y>
      <w>0.40957966</w>
      <t>1901</t>
    </point>
    <point>
      <x>0.43833333</x>
      <y>0.47666666</y>
      <w>0.40957966</w>
      <t>1901</t>
    </point>
    <point>
      <x>0.445</x>
      <y>0.47666666</y>
      <w>0.40957966</w>
      <t>1901</t>
    </point>
    <point>
      <x>0.45166665</x>
      <y>0.47833332</y>
      <w>0.41055718</w>
      <t>1934</t>
    </point>
    <point>
      <x>0.45833334</x>
      <y>0.47833332</y>
      <w>0.41055718</w>
      <t>1934</t>
    </point>
    <point>
      <x>0.465</x>
      <y>0.47833332</y>
      <w>0.41055718</w>
      <t>1934</t>
    </point>
    <point>
      <x>0.47166666</x>
      <y>0.47833332</y>
      <w>0.41055718</w>
      <t>1934</t>
    </point>
    <point>
      <x>0.47833332</x>
      <y>0.47833332</y>
      <w>0.4115347</w>
      <t>1968</t>
    </point>
    <point>
      <x>0.485</x>
      <y>0.48</y>
      <w>0.4115347</w>
      <t>1968</t>
    </point>
    <point>
      <x>0.49166667</x>
      <y>0.48</y>
      <w>0.4115347</w>
      <t>1968</t>
    </point>
    <point>
      <x>0.49833333</x>
      <y>0.48</y>
      <w>0.4115347</w>
      <t>1968</t>
    </point>
    <point>
      <x>0.505</x>
      <y>0.48</y>
      <w>0.4115347</w>
      <t>1968</t>
    </point>
    <point>
      <x>0.51166666</x>
      <y>0.48</y>
      <w>0.4115347</w>
      <t>2001</t>
    </point>
    <point>
      <x>0.5183333</x>
      <y>0.48166665</y>
      <w>0.4115347</w>
      <t>2001</t>
    </point>
    <point>
      <x>0.5233333</x>
      <y>0.48166665</y>
      <w>0.4115347</w>
      <t>2001</t>
    </point>
    <point>
      <x>0.53</x>
      <y>0.48166665</y>
      <w>0.4115347</w>
      <t>2001</t>
    </point>
    <point>
      <x>0.5366667</x>
      <y>0.48333332</y>
      <w>0.41348973</w>
      <t>2034</t>
    </point>
    <point>
      <x>0.54333335</x>
      <y>0.48333332</y>
      <w>0.41348973</w>
      <t>2034</t>
    </point>
    <point>
      <x>0.55</x>
      <y>0.485</y>
      <w>0.41348973</w>
      <t>2034</t>
    </point>
    <point>
      <x>0.555</x>
      <y>0.485</y>
      <w>0.41348973</w>
      <t>2034</t>
    </point>
    <point>
      <x>0.56166667</x>
      <y>0.48666668</y>
      <w>0.4115347</w>
      <t>2068</t>
    </point>
    <point>
      <x>0.56666666</x>
      <y>0.48666668</y>
      <w>0.4115347</w>
      <t>2068</t>
    </point>
    <point>
      <x>0.5733333</x>
      <y>0.48833334</y>
      <w>0.4115347</w>
      <t>2068</t>
    </point>
    <point>
      <x>0.5783333</x>
      <y>0.49</y>
      <w>0.4115347</w>
      <t>2068</t>
    </point>
    <point>
      <x>0.5833333</x>
      <y>0.49</y>
      <w>0.4115347</w>
      <t>2068</t>
    </point>
    <point>
      <x>0.59</x>
      <y>0.49166667</y>
      <w>0.4115347</w>
      <t>2101</t>
    </point>
    <point>
      <x>0.595</x>
      <y>0.49166667</y>
      <w>0.4115347</w>
      <t>2101</t>
    </point>
    <point>
      <x>0.6</x>
      <y>0.49333334</y>
      <w>0.4115347</w>
      <t>2101</t>
    </point>
    <point>
      <x>0.605</x>
      <y>0.49333334</y>
      <w>0.4115347</w>
      <t>2101</t>
    </point>
    <point>
      <x>0.60833335</x>
      <y>0.495</y>
      <w>0.4115347</w>
      <t>2135</t>
    </point>
    <point>
      <x>0.61333334</x>
      <y>0.49666667</y>
      <w>0.4115347</w>
      <t>2135</t>
    </point>
    <point>
      <x>0.6166667</x>
      <y>0.49833333</y>
      <w>0.4115347</w>
      <t>2135</t>
    </point>
    <point>
      <x>0.62</x>
      <y>0.5</y>
      <w>0.4115347</w>
      <t>2135</t>
    </point>
    <point>
      <x>0.62333333</x>
      <y>0.50166667</y>
      <w>0.4115347</w>
      <t>2135</t>
    </point>
    <point>
      <x>0.62666667</x>
      <y>0.50333333</y>
      <w>0.41055718</w>
      <t>2168</t>
    </point>
    <point>
      <x>0.63</x>
      <y>0.50666666</y>
      <w>0.41055718</w>
      <t>2168</t>
    </point>
    <point>
      <x>0.6333333</x>
      <y>0.5083333</y>
      <w>0.41055718</w>
      <t>2168</t>
    </point>
    <point>
      <x>0.635</x>
      <y>0.51166666</y>
      <w>0.41055718</w>
      <t>2168</t>
    </point>
    <point>
      <x>0.6383333</x>
      <y>0.5133333</y>
      <w>0.41055718</w>
      <t>2201</t>
    </point>
    <point>
      <x>0.64</x>
      <y>0.515</y>
      <w>0.41055718</w>
      <t>2201</t>
    </point>
    <point>
      <x>0.64166665</x>
      <y>0.5183333</y>
      <w>0.41055718</w>
      <t>2201</t>
    </point>
    <point>
      <x>0.645</x>
      <y>0.52</y>
      <w>0.41055718</w>
      <t>2201</t>
    </point>
    <point>
      <x>0.64666665</x>
      <y>0.5233333</y>
      <w>0.41055718</w>
      <t>2201</t>
    </point>
    <point>
      <x>0.6483333</x>
      <y>0.525</y>
      <w>0.4115347</w>
      <t>2234</t>
    </point>
    <point>
      <x>0.65</x>
      <y>0.5283333</y>
      <w>0.4115347</w>
      <t>2234</t>
    </point>
    <point>
      <x>0.65166664</x>
      <y>0.53</y>
      <w>0.4115347</w>
      <t>2234</t>
    </point>
    <point>
      <x>0.6533333</x>
      <y>0.53333336</y>
      <w>0.4115347</w>
      <t>2234</t>
    </point>
    <point>
      <x>0.655</x>
      <y>0.535</y>
      <w>0.42130986</w>
      <t>2268</t>
    </point>
    <point>
      <x>0.6566667</x>
      <y>0.53833336</y>
      <w>0.42130986</w>
      <t>2268</t>
    </point>
    <point>
      <x>0.6566667</x>
      <y>0.5416667</y>
      <w>0.42130986</w>
      <t>2268</t>
    </point>
    <point>
      <x>0.65833336</x>
      <y>0.545</y>
      <w>0.42130986</w>
      <t>2268</t>
    </point>
    <point>
      <x>0.66</x>
      <y>0.5466667</y>
      <w>0.42130986</w>
      <t>2268</t>
    </point>
    <point>
      <x>0.66</x>
      <y>0.55</y>
      <w>0.44477028</w>
      <t>2301</t>
    </point>
    <point>
      <x>0.66</x>
      <y>0.55333334</y>
      <w>0.44477028</w>
      <t>2301</t>
    </point>
    <point>
      <x>0.6616667</x>
      <y>0.555</y>
      <w>0.44477028</w>
      <t>2301</t>
    </point>
    <point>
      <x>0.6616667</x>
      <y>0.55833334</y>
      <w>0.44477028</w>
      <t>2301</t>
    </point>
    <point>
      <x>0.6616667</x>
      <y>0.56</y>
      <w>0.48191592</w>
      <t>2335</t>
    </point>
    <point>
      <x>0.66333336</x>
      <y>0.56333333</y>
      <w>0.48191592</w>
      <t>2335</t>
    </point>
    <point>
      <x>0.66333336</x>
      <y>0.56666666</y>
      <w>0.48191592</w>
      <t>2335</t>
    </point>
    <point>
      <x>0.66333336</x>
      <y>0.5683333</y>
      <w>0.48191592</w>
      <t>2335</t>
    </point>
    <point>
      <x>0.66333336</x>
      <y>0.57166666</y>
      <w>0.48191592</w>
      <t>2335</t>
    </point>
    <point>
      <x>0.66333336</x>
      <y>0.575</y>
      <w>0.52492666</w>
      <t>2368</t>
    </point>
    <point>
      <x>0.66333336</x>
      <y>0.5783333</y>
      <w>0.52492666</w>
      <t>2368</t>
    </point>
    <point>
      <x>0.66333336</x>
      <y>0.5833333</y>
      <w>0.52492666</w>
      <t>2368</t>
    </point>
    <point>
      <x>0.66333336</x>
      <y>0.58666664</y>
      <w>0.52492666</w>
      <t>2368</t>
    </point>
    <point>
      <x>0.66333336</x>
      <y>0.59</y>
      <w>0.56304985</w>
      <t>2401</t>
    </point>
    <point>
      <x>0.66333336</x>
      <y>0.5933333</y>
      <w>0.56304985</w>
      <t>2401</t>
    </point>
    <point>
      <x>0.66333336</x>
      <y>0.5966667</y>
      <w>0.56304985</w>
      <t>2401</t>
    </point>
    <point>
      <x>0.6616667</x>
      <y>0.6016667</y>
      <w>0.56304985</w>
      <t>2401</t>
    </point>
    <point>
      <x>0.6616667</x>
      <y>0.605</y>
      <w>0.5835777</w>
      <t>2434</t>
    </point>
    <point>
      <x>0.66</x>
      <y>0.61</y>
      <w>0.5835777</w>
      <t>2434</t>
    </point>
    <point>
      <x>0.65833336</x>
      <y>0.615</y>
      <w>0.5835777</w>
      <t>2434</t>
    </point>
    <point>
      <x>0.6566667</x>
      <y>0.61833334</y>
      <w>0.5835777</w>
      <t>2434</t>
    </point>
    <point>
      <x>0.655</x>
      <y>0.62333333</y>
      <w>0.5835777</w>
      <t>2434</t>
    </point>
    <point>
      <x>0.6533333</x>
      <y>0.62666667</y>
      <w>0.58651024</w>
      <t>2468</t>
    </point>
    <point>
      <x>0.65166664</x>
      <y>0.63166666</y>
      <w>0.58651024</w>
      <t>2468</t>
    </point>
    <point>
      <x>0.65</x>
      <y>0.635</y>
      <w>0.58651024</w>
      <t>2468</t>
    </point>
    <point>
      <x>0.6483333</x>
      <y>0.64</y>
      <w>0.58651024</w>
      <t>2468</t>
    </point>
    <point>
      <x>0.64666665</x>
      <y>0.6433333</y>
      <w>0.5904203</w>
      <t>2501</t>
    </point>
    <point>
      <x>0.6433333</x>
      <y>0.6483333</y>
      <w>0.5904203</w>
      <t>2501</t>
    </point>
    <point>
      <x>0.64166665</x>
      <y>0.6533333</y>
      <w>0.5904203</w>
      <t>2501</t>
    </point>
    <point>
      <x>0.6383333</x>
      <y>0.6566667</y>
      <w>0.5904203</w>
      <t>2501</t>
    </point>
    <point>
      <x>0.63666666</x>
      <y>0.6616667</y>
      <w>0.5904203</w>
      <t>2501</t>
    </point>
    <point>
      <x>0.6333333</x>
      <y>0.665</y>
      <w>0.5913978</w>
      <t>2534</t>
    </point>
    <point>
      <x>0.63</x>
      <y>0.67</y>
      <w>0.5913978</w>
      <t>2534</t>
    </point>
    <point>
      <x>0.62833333</x>
      <y>0.67333335</y>
      <w>0.5913978</w>
      <t>2534</t>
    </point>
    <point>
      <x>0.625</x>
      <y>0.67833334</y>
      <w>0.5913978</w>
      <t>2534</t>
    </point>
    <point>
      <x>0.62166667</x>
      <y>0.6816667</y>
      <w>0.5542522</w>
      <t>2568</t>
    </point>
    <point>
      <x>0.61833334</x>
      <y>0.68666667</y>
      <w>0.5542522</w>
      <t>2568</t>
    </point>
    <point>
      <x>0.61333334</x>
      <y>0.69</y>
      <w>0.5542522</w>
      <t>2568</t>
    </point>
    <point>
      <x>0.60833335</x>
      <y>0.6933333</y>
      <w>0.5542522</w>
      <t>2568</t>
    </point>
    <point>
      <x>0.60333335</x>
      <y>0.6983333</y>
      <w>0.5542522</w>
      <t>2568</t>
    </point>
    <point>
      <x>0.59833336</x>
      <y>0.70166665</y>
      <w>0.024437929</w>
      <t>2601</t>
    </point>
    <point>
      <x>0.5933333</x>
      <y>0.7033333</y>
      <w>0.024437929</w>
      <t>2601</t>
    </point>
  </stroke>
</character>
