<?xml version="1.0" encoding="UTF-8"?>
<character>
  <stroke time="0">
    <point>
      <x>0.17833333</x>
      <y>0.35</y>
      <w>0.56989247</w>
      <t>203</t>
    </point>
    <point>
      <x>0.17833333</x>
      <y>0.35166666</y>
      <w>0.56989247</w>
      <t>203</t>
    </point>
    <point>
      <x>0.18</x>
      <y>0.355</y>
      <w>0.56989247</w>
      <t>203</t>
    </point>
    <point>
      <x>0.18166667</x>
      <y>0.35666665</y>
      <w>0.56989247</w>
      <t>204</t>
    </point>
    <point>
      <x>0.18333334</x>
      <y>0.36</y>
      <w>0.56989247</w>
      <t>204</t>
    </point>
    <point>
      <x>0.185</x>
      <y>0.36166668</y>
      <w>0.6001955</w>
      <t>233</t>
    </point>
    <point>
      <x>0.18666667</x>
      <y>0.365</y>
      <w>0.6001955</w>
      <t>233</t>
    </point>
    <point>
      <x>0.19</x>
      <y>0.36666667</y>
      <w>0.6001955</w>
      <t>233</t>
    </point>
    <point>
      <x>0.19166666</x>
      <y>0.37</y>
      <w>0.6001955</w>
      <t>234</t>
    </point>
    <point>
      <x>0.195</x>
      <y>0.37166667</y>
      <w>0.61485827</w>
      <t>267</t>
    </point>
    <point>
      <x>0.19833334</x>
      <y>0.37333333</y>
      <w>0.61485827</w>
      <t>267</t>
    </point>
    <point>
      <x>0.2</x>
      <y>0.375</y>
      <w>0.61485827</w>
      <t>267</t>
    </point>
    <point>
      <x>0.20166667</x>
      <y>0.375</y>
      <w>0.61485827</w>
      <t>268</t>
    </point>
    <point>
      <x>0.20333333</x>
      <y>0.375</y>
      <w>0.63147604</w>
      <t>300</t>
    </point>
    <point>
      <x>0.205</x>
      <y>0.37666667</y>
      <w>0.63147604</w>
      <t>300</t>
    </point>
    <point>
      <x>0.20666666</x>
      <y>0.37666667</y>
      <w>0.63147604</w>
      <t>300</t>
    </point>
    <point>
      <x>0.20833333</x>
      <y>0.37666667</y>
      <w>0.6529814</w>
      <t>333</t>
    </point>
    <point>
      <x>0.21166667</x>
      <y>0.37666667</y>
      <w>0.6529814</w>
      <t>333</t>
    </point>
    <point>
      <x>0.21333334</x>
      <y>0.375</y>
      <w>0.6529814</w>
      <t>333</t>
    </point>
    <point>
      <x>0.215</x>
      <y>0.375</y>
      <w>0.6529814</w>
      <t>334</t>
    </point>
    <point>
      <x>0.21833333</x>
      <y>0.37333333</y>
      <w>0.67057675</w>
      <t>367</t>
    </point>
    <point>
      <x>0.22166666</x>
      <y>0.37</y>
      <w>0.67057675</w>
      <t>367</t>
    </point>
    <point>
      <x>0.225</x>
      <y>0.36833334</y>
      <w>0.67057675</w>
      <t>367</t>
    </point>
    <point>
      <x>0.23</x>
      <y>0.365</y>
      <w>0.67057675</w>
      <t>367</t>
    </point>
    <point>
      <x>0.23333333</x>
      <y>0.36166668</y>
      <w>0.67057675</w>
      <t>368</t>
    </point>
    <point>
      <x>0.23666666</x>
      <y>0.35666665</y>
      <w>0.67546433</w>
      <t>400</t>
    </point>
    <point>
      <x>0.24166666</x>
      <y>0.35333332</y>
      <w>0.67546433</w>
      <t>400</t>
    </point>
    <point>
      <x>0.245</x>
      <y>0.35</y>
      <w>0.67546433</w>
      <t>400</t>
    </point>
    <point>
      <x>0.25</x>
      <y>0.345</y>
      <w>0.67546433</w>
      <t>401</t>
    </point>
    <point>
      <x>0.25333333</x>
      <y>0.34333333</y>
      <w>0.67155427</w>
      <t>433</t>
    </point>
    <point>
      <x>0.255</x>
      <y>0.34</y>
      <w>0.67155427</w>
      <t>433</t>
    </point>
    <point>
      <x>0.25833333</x>
      <y>0.33666667</y>
      <w>0.67155427</w>
      <t>433</t>
    </point>
    <point>
      <x>0.26</x>
      <y>0.335</y>
      <w>0.67155427</w>
      <t>434</t>
    </point>
    <point>
      <x>0.26166666</x>
      <y>0.33166668</y>
      <w>0.6226784</w>
      <t>466</t>
    </point>
    <point>
      <x>0.265</x>
      <y>0.32833335</y>
      <w>0.6226784</w>
      <t>466</t>
    </point>
    <point>
      <x>0.26833335</x>
      <y>0.325</y>
      <w>0.6226784</w>
      <t>466</t>
    </point>
    <point>
      <x>0.27</x>
      <y>0.32166666</y>
      <w>0.6226784</w>
      <t>466</t>
    </point>
    <point>
      <x>0.27333334</x>
      <y>0.31666666</y>
      <w>0.6226784</w>
      <t>467</t>
    </point>
    <point>
      <x>0.27833334</x>
      <y>0.31</y>
      <w>0.49853373</w>
      <t>499</t>
    </point>
    <point>
      <x>0.28166667</x>
      <y>0.305</y>
      <w>0.49853373</w>
      <t>499</t>
    </point>
    <point>
      <x>0.28666666</x>
      <y>0.3</y>
      <w>0.49853373</w>
      <t>499</t>
    </point>
    <point>
      <x>0.29166666</x>
      <y>0.29333332</y>
      <w>0.49853373</w>
      <t>500</t>
    </point>
    <point>
      <x>0.29666665</x>
      <y>0.28666666</y>
      <w>0.19843598</w>
      <t>533</t>
    </point>
    <point>
      <x>0.30166668</x>
      <y>0.27833334</y>
      <w>0.19843598</w>
      <t>533</t>
    </point>
    <point>
      <x>0.30833334</x>
      <y>0.27166668</y>
      <w>0.19843598</w>
      <t>533</t>
    </point>
    <point>
      <x>0.31333333</x>
      <y>0.265</y>
      <w>0.19843598</w>
      <t>533</t>
    </point>
    <point>
      <x>0.31666666</x>
      <y>0.25833333</y>
      <w>0.19843598</w>
      <t>534</t>
    </point>
    <point>
      <x>0.32166666</x>
      <y>0.25333333</y>
      <w>0.09188661</w>
      <t>566</t>
    </point>
    <point>
      <x>0.32666665</x>
      <y>0.24833333</y>
      <w>0.09188661</w>
      <t>566</t>
    </point>
    <point>
      <x>0.33166668</x>
      <y>0.24333334</y>
      <w>0.09188661</w>
      <t>566</t>
    </point>
    <point>
      <x>0.33833334</x>
      <y>0.23833333</y>
      <w>0.09188661</w>
      <t>566</t>
    </point>
    <point>
      <x>0.34333333</x>
      <y>0.23333333</y>
      <w>0.09970675</w>
      <t>600</t>
    </point>
    <point>
      <x>0.34833333</x>
      <y>0.22833334</y>
      <w>0.09970675</w>
      <t>600</t>
    </point>
    <point>
      <x>0.35166666</x>
      <y>0.225</y>
      <w>0.09970675</w>
      <t>600</t>
    </point>
    <point>
      <x>0.355</x>
      <y>0.22166666</y>
      <w>0.09970675</w>
      <t>600</t>
    </point>
    <point>
      <x>0.35833332</x>
      <y>0.21833333</y>
      <w>0.09970675</w>
      <t>601</t>
    </point>
    <point>
      <x>0.36166668</x>
      <y>0.21666667</y>
      <w>0.12414467</w>
      <t>633</t>
    </point>
    <point>
      <x>0.36333334</x>
      <y>0.21333334</y>
      <w>0.12414467</w>
      <t>633</t>
    </point>
    <point>
      <x>0.36666667</x>
      <y>0.21166667</y>
      <w>0.12414467</w>
      <t>633</t>
    </point>
    <point>
      <x>0.36833334</x>
      <y>0.21</y>
      <w>0.12414467</w>
      <t>633</t>
    </point>
    <point>
      <x>0.37166667</x>
      <y>0.21</y>
      <w>0.1427175</w>
      <t>666</t>
    </point>
    <point>
      <x>0.375</x>
      <y>0.20833333</y>
      <w>0.1427175</w>
      <t>666</t>
    </point>
    <point>
      <x>0.37833333</x>
      <y>0.20666666</y>
      <w>0.1427175</w>
      <t>666</t>
    </point>
    <point>
      <x>0.38166666</x>
      <y>0.205</y>
      <w>0.1427175</w>
      <t>666</t>
    </point>
    <point>
      <x>0.38666666</x>
      <y>0.205</y>
      <w>0.1427175</w>
      <t>667</t>
    </point>
    <point>
      <x>0.39</x>
      <y>0.20333333</y>
      <w>0.16715543</w>
      <t>700</t>
    </point>
    <point>
      <x>0.395</x>
      <y>0.20333333</y>
      <w>0.16715543</w>
      <t>700</t>
    </point>
    <point>
      <x>0.39833334</x>
      <y>0.20333333</y>
      <w>0.16715543</w>
      <t>700</t>
    </point>
    <point>
      <x>0.40333334</x>
      <y>0.20333333</y>
      <w>0.16715543</w>
      <t>700</t>
    </point>
    <point>
      <x>0.40666667</x>
      <y>0.20333333</y>
      <w>0.19354838</w>
      <t>733</t>
    </point>
    <point>
      <x>0.41166666</x>
      <y>0.20333333</y>
      <w>0.19354838</w>
      <t>733</t>
    </point>
    <point>
      <x>0.415</x>
      <y>0.20333333</y>
      <w>0.19354838</w>
      <t>733</t>
    </point>
    <point>
      <x>0.41833332</x>
      <y>0.20333333</y>
      <w>0.19354838</w>
      <t>733</t>
    </point>
    <point>
      <x>0.42166665</x>
      <y>0.205</y>
      <w>0.22189638</w>
      <t>766</t>
    </point>
    <point>
      <x>0.425</x>
      <y>0.205</y>
      <w>0.22189638</w>
      <t>767</t>
    </point>
    <point>
      <x>0.42666668</x>
      <y>0.20666666</y>
      <w>0.22189638</w>
      <t>768</t>
    </point>
    <point>
      <x>0.42833334</x>
      <y>0.20666666</y>
      <w>0.22189638</w>
      <t>768</t>
    </point>
    <point>
      <x>0.43166667</x>
      <y>0.20833333</y>
      <w>0.22189638</w>
      <t>768</t>
    </point>
    <point>
      <x>0.43333334</x>
      <y>0.20833333</y>
      <w>0.2805474</w>
      <t>800</t>
    </point>
    <point>
      <x>0.43666667</x>
      <y>0.21</y>
      <w>0.2805474</w>
      <t>800</t>
    </point>
    <point>
      <x>0.43833333</x>
      <y>0.21166667</y>
      <w>0.2805474</w>
      <t>800</t>
    </point>
    <point>
      <x>0.44166666</x>
      <y>0.21333334</y>
      <w>0.2805474</w>
      <t>800</t>
    </point>
    <point>
      <x>0.44333333</x>
      <y>0.21333334</y>
      <w>0.35581622</w>
      <t>833</t>
    </point>
    <point>
      <x>0.445</x>
      <y>0.215</y>
      <w>0.35581622</w>
      <t>833</t>
    </point>
    <point>
      <x>0.44666666</x>
      <y>0.21666667</y>
      <w>0.35581622</w>
      <t>835</t>
    </point>
    <point>
      <x>0.44833332</x>
      <y>0.21833333</y>
      <w>0.35581622</w>
      <t>835</t>
    </point>
    <point>
      <x>0.45166665</x>
      <y>0.21833333</y>
      <w>0.35581622</w>
      <t>835</t>
    </point>
    <point>
      <x>0.45333335</x>
      <y>0.22</y>
      <w>0.40762463</w>
      <t>867</t>
    </point>
    <point>
      <x>0.455</x>
      <y>0.22166666</y>
      <w>0.40762463</w>
      <t>867</t>
    </point>
    <point>
      <x>0.45666668</x>
      <y>0.22166666</y>
      <w>0.40762463</w>
      <t>867</t>
    </point>
    <point>
      <x>0.45833334</x>
      <y>0.22333333</y>
      <w>0.43597263</w>
      <t>900</t>
    </point>
    <point>
      <x>0.46</x>
      <y>0.22333333</y>
      <w>0.43597263</w>
      <t>900</t>
    </point>
    <point>
      <x>0.46166667</x>
      <y>0.225</y>
      <w>0.43597263</w>
      <t>900</t>
    </point>
    <point>
      <x>0.46333334</x>
      <y>0.22666667</y>
      <w>0.43597263</w>
      <t>900</t>
    </point>
    <point>
      <x>0.465</x>
      <y>0.22833334</y>
      <w>0.48778105</w>
      <t>933</t>
    </point>
    <point>
      <x>0.46666667</x>
      <y>0.22833334</y>
      <w>0.48778105</w>
      <t>933</t>
    </point>
    <point>
      <x>0.46666667</x>
      <y>0.23</y>
      <w>0.48778105</w>
      <t>933</t>
    </point>
    <point>
      <x>0.46833333</x>
      <y>0.23</y>
      <w>0.48778105</w>
      <t>933</t>
    </point>
    <point>
      <x>0.46833333</x>
      <y>0.23166667</y>
      <w>0.5278592</w>
      <t>966</t>
    </point>
    <point>
      <x>0.47</x>
      <y>0.23166667</y>
      <w>0.5278592</w>
      <t>966</t>
    </point>
    <point>
      <x>0.47166666</x>
      <y>0.23333333</y>
      <w>0.56207234</w>
      <t>1000</t>
    </point>
    <point>
      <x>0.47333333</x>
      <y>0.23333333</y>
      <w>0.56207234</w>
      <t>1000</t>
    </point>
    <point>
      <x>0.475</x>
      <y>0.235</y>
      <w>0.56207234</w>
      <t>1000</t>
    </point>
    <point>
      <x>0.47666666</x>
      <y>0.235</y>
      <w>0.56207234</w>
      <t>1000</t>
    </point>
    <point>
      <x>0.47833332</x>
      <y>0.23666666</y>
      <w>0.58162266</w>
      <t>1033</t>
    </point>
    <point>
      <x>0.48</x>
      <y>0.23666666</y>
      <w>0.58162266</w>
      <t>1033</t>
    </point>
    <point>
      <x>0.48166665</x>
      <y>0.23833333</y>
      <w>0.58162266</w>
      <t>1033</t>
    </point>
    <point>
      <x>0.48333332</x>
      <y>0.23833333</y>
      <w>0.58162266</w>
      <t>1033</t>
    </point>
    <point>
      <x>0.485</x>
      <y>0.24</y>
      <w>0.5855327</w>
      <t>1066</t>
    </point>
    <point>
      <x>0.48833334</x>
      <y>0.24</y>
      <w>0.5855327</w>
      <t>1066</t>
    </point>
    <point>
      <x>0.49</x>
      <y>0.24166666</y>
      <w>0.5855327</w>
      <t>1066</t>
    </point>
    <point>
      <x>0.49333334</x>
      <y>0.24166666</y>
      <w>0.5855327</w>
      <t>1066</t>
    </point>
    <point>
      <x>0.495</x>
      <y>0.24166666</y>
      <w>0.5855327</w>
      <t>1066</t>
    </point>
    <point>
      <x>0.49833333</x>
      <y>0.24166666</y>
      <w>0.5884653</w>
      <t>1100</t>
    </point>
    <point>
      <x>0.5</x>
      <y>0.24333334</y>
      <w>0.5884653</w>
      <t>1100</t>
    </point>
    <point>
      <x>0.50333333</x>
      <y>0.24333334</y>
      <w>0.5884653</w>
      <t>1100</t>
    </point>
    <point>
      <x>0.50666666</x>
      <y>0.24333334</y>
      <w>0.5884653</w>
      <t>1100</t>
    </point>
    <point>
      <x>0.51</x>
      <y>0.245</y>
      <w>0.5904203</w>
      <t>1133</t>
    </point>
    <point>
      <x>0.5133333</x>
      <y>0.245</y>
      <w>0.5904203</w>
      <t>1133</t>
    </point>
    <point>
      <x>0.51666665</x>
      <y>0.245</y>
      <w>0.5904203</w>
      <t>1133</t>
    </point>
    <point>
      <x>0.52</x>
      <y>0.24666667</y>
      <w>0.5904203</w>
      <t>1133</t>
    </point>
    <point>
      <x>0.52166665</x>
      <y>0.24666667</y>
      <w>0.5904203</w>
      <t>1133</t>
    </point>
    <point>
      <x>0.5233333</x>
      <y>0.24666667</y>
      <w>0.59237534</w>
      <t>1167</t>
    </point>
    <point>
      <x>0.52666664</x>
      <y>0.24666667</y>
      <w>0.59237534</w>
      <t>1167</t>
    </point>
    <point>
      <x>0.5283333</x>
      <y>0.24666667</y>
      <w>0.59237534</w>
      <t>1167</t>
    </point>
    <point>
      <x>0.53</x>
      <y>0.24666667</y>
      <w>0.59237534</w>
      <t>1168</t>
    </point>
    <point>
      <x>0.5316667</x>
      <y>0.24833333</y>
      <w>0.59433043</w>
      <t>1200</t>
    </point>
    <point>
      <x>0.53333336</x>
      <y>0.24833333</y>
      <w>0.59433043</w>
      <t>1200</t>
    </point>
    <point>
      <x>0.535</x>
      <y>0.24833333</y>
      <w>0.59433043</w>
      <t>1200</t>
    </point>
    <point>
      <x>0.5366667</x>
      <y>0.25</y>
      <w>0.6001955</w>
      <t>1233</t>
    </point>
    <point>
      <x>0.53833336</x>
      <y>0.25166667</y>
      <w>0.6001955</w>
      <t>1233</t>
    </point>
    <point>
      <x>0.53833336</x>
      <y>0.25333333</y>
      <w>0.6001955</w>
      <t>1233</t>
    </point>
    <point>
      <x>0.54</x>
      <y>0.25333333</y>
      <w>0.61485827</w>
      <t>1267</t>
    </point>
    <point>
      <x>0.54</x>
      <y>0.255</y>
      <w>0.61485827</w>
      <t>1267</t>
    </point>
    <point>
      <x>0.54</x>
      <y>0.25666666</y>
      <w>0.61485827</w>
      <t>1267</t>
    </point>
    <point>
      <x>0.5416667</x>
      <y>0.25833333</y>
      <w>0.61485827</w>
      <t>1267</t>
    </point>
    <point>
      <x>0.5416667</x>
      <y>0.26</y>
      <w>0.61485827</w>
      <t>1267</t>
    </point>
    <point>
      <x>0.54333335</x>
      <y>0.26333332</y>
      <w>0.62561095</w>
      <t>1300</t>
    </point>
    <point>
      <x>0.54333335</x>
      <y>0.265</y>
      <w>0.62561095</w>
      <t>1300</t>
    </point>
    <point>
      <x>0.54333335</x>
      <y>0.26833335</y>
      <w>0.62561095</w>
      <t>1300</t>
    </point>
    <point>
      <x>0.54333335</x>
      <y>0.27</y>
      <w>0.62561095</w>
      <t>1300</t>
    </point>
    <point>
      <x>0.54333335</x>
      <y>0.27333334</y>
      <w>0.64907134</w>
      <t>1333</t>
    </point>
    <point>
      <x>0.54333335</x>
      <y>0.27666667</y>
      <w>0.64907134</w>
      <t>1333</t>
    </point>
    <point>
      <x>0.54333335</x>
      <y>0.28</y>
      <w>0.64907134</w>
      <t>1333</t>
    </point>
    <point>
      <x>0.54333335</x>
      <y>0.28333333</y>
      <w>0.64907134</w>
      <t>1333</t>
    </point>
    <point>
      <x>0.54333335</x>
      <y>0.28666666</y>
      <w>0.6627566</w>
      <t>1370</t>
    </point>
    <point>
      <x>0.54333335</x>
      <y>0.29</y>
      <w>0.6627566</w>
      <t>1370</t>
    </point>
    <point>
      <x>0.5416667</x>
      <y>0.29333332</y>
      <w>0.6627566</w>
      <t>1370</t>
    </point>
    <point>
      <x>0.54</x>
      <y>0.29666665</y>
      <w>0.6627566</w>
      <t>1370</t>
    </point>
    <point>
      <x>0.53833336</x>
      <y>0.3</y>
      <w>0.6627566</w>
      <t>1370</t>
    </point>
    <point>
      <x>0.5366667</x>
      <y>0.30333334</y>
      <w>0.6686217</w>
      <t>1400</t>
    </point>
    <point>
      <x>0.535</x>
      <y>0.30833334</y>
      <w>0.6686217</w>
      <t>1400</t>
    </point>
    <point>
      <x>0.5316667</x>
      <y>0.31166667</y>
      <w>0.6686217</w>
      <t>1400</t>
    </point>
    <point>
      <x>0.5283333</x>
      <y>0.31666666</y>
      <w>0.6686217</w>
      <t>1400</t>
    </point>
    <point>
      <x>0.525</x>
      <y>0.32</y>
      <w>0.6783969</w>
      <t>1432</t>
    </point>
    <point>
      <x>0.52166665</x>
      <y>0.32333332</y>
      <w>0.6783969</w>
      <t>1432</t>
    </point>
    <point>
      <x>0.5183333</x>
      <y>0.32833335</y>
      <w>0.6783969</w>
      <t>1432</t>
    </point>
    <point>
      <x>0.515</x>
      <y>0.33166668</y>
      <w>0.6783969</w>
      <t>1432</t>
    </point>
    <point>
      <x>0.51</x>
      <y>0.33666667</y>
      <w>0.6783969</w>
      <t>1432</t>
    </point>
    <point>
      <x>0.50666666</x>
      <y>0.34</y>
      <w>0.67741936</w>
      <t>1466</t>
    </point>
    <point>
      <x>0.50166667</x>
      <y>0.34333333</y>
      <w>0.67741936</w>
      <t>1466</t>
    </point>
    <point>
      <x>0.49666667</x>
      <y>0.34833333</y>
      <w>0.67741936</w>
      <t>1466</t>
    </point>
    <point>
      <x>0.49166667</x>
      <y>0.35333332</y>
      <w>0.67741936</w>
      <t>1466</t>
    </point>
    <point>
      <x>0.48666668</x>
      <y>0.35833332</y>
      <w>0.6461388</w>
      <t>1499</t>
    </point>
    <point>
      <x>0.48333332</x>
      <y>0.36333334</y>
      <w>0.6461388</w>
      <t>1499</t>
    </point>
    <point>
      <x>0.47833332</x>
      <y>0.36833334</y>
      <w>0.6461388</w>
      <t>1499</t>
    </point>
    <point>
      <x>0.47333333</x>
      <y>0.37333333</y>
      <w>0.6461388</w>
      <t>1499</t>
    </point>
    <point>
      <x>0.46833333</x>
      <y>0.37833333</y>
      <w>0.59335285</w>
      <t>1533</t>
    </point>
    <point>
      <x>0.465</x>
      <y>0.38333333</y>
      <w>0.59335285</w>
      <t>1533</t>
    </point>
    <point>
      <x>0.46</x>
      <y>0.38666666</y>
      <w>0.59335285</w>
      <t>1533</t>
    </point>
    <point>
      <x>0.455</x>
      <y>0.39166668</y>
      <w>0.59335285</w>
      <t>1533</t>
    </point>
    <point>
      <x>0.45</x>
      <y>0.39833334</y>
      <w>0.59335285</w>
      <t>1533</t>
    </point>
    <point>
      <x>0.445</x>
      <y>0.40333334</y>
      <w>0.4907136</w>
      <t>1566</t>
    </point>
    <point>
      <x>0.43833333</x>
      <y>0.41</y>
      <w>0.4907136</w>
      <t>1566</t>
    </point>
    <point>
      <x>0.43333334</x>
      <y>0.41666666</y>
      <w>0.4907136</w>
      <t>1566</t>
    </point>
    <point>
      <x>0.42833334</x>
      <y>0.42333335</y>
      <w>0.4907136</w>
      <t>1566</t>
    </point>
    <point>
      <x>0.42166665</x>
      <y>0.43</y>
      <w>0.4907136</w>
      <t>1566</t>
    </point>
    <point>
      <x>0.41833332</x>
      <y>0.43666667</y>
      <w>0.42913002</w>
      <t>1599</t>
    </point>
    <point>
      <x>0.41333333</x>
      <y>0.44333333</y>
      <w>0.42913002</w>
      <t>1599</t>
    </point>
    <point>
      <x>0.40833333</x>
      <y>0.45</y>
      <w>0.42913002</w>
      <t>1599</t>
    </point>
    <point>
      <x>0.405</x>
      <y>0.45666668</y>
      <w>0.42913002</w>
      <t>1599</t>
    </point>
    <point>
      <x>0.4</x>
      <y>0.46333334</y>
      <w>0.37829912</w>
      <t>1632</t>
    </point>
    <point>
      <x>0.39666668</x>
      <y>0.47166666</y>
      <w>0.37829912</w>
      <t>1632</t>
    </point>
    <point>
      <x>0.39166668</x>
      <y>0.47833332</y>
      <w>0.37829912</w>
      <t>1632</t>
    </point>
    <point>
      <x>0.38833332</x>
      <y>0.485</y>
      <w>0.37829912</w>
      <t>1632</t>
    </point>
    <point>
      <x>0.38333333</x>
      <y>0.49166667</y>
      <w>0.35581622</w>
      <t>1666</t>
    </point>
    <point>
      <x>0.37833333</x>
      <y>0.49833333</y>
      <w>0.35581622</w>
      <t>1666</t>
    </point>
    <point>
      <x>0.375</x>
      <y>0.50333333</y>
      <w>0.35581622</w>
      <t>1666</t>
    </point>
    <point>
      <x>0.37166667</x>
      <y>0.51</y>
      <w>0.35581622</w>
      <t>1666</t>
    </point>
    <point>
      <x>0.36666667</x>
      <y>0.51666665</y>
      <w>0.35581622</w>
      <t>1666</t>
    </point>
    <point>
      <x>0.365</x>
      <y>0.52166665</y>
      <w>0.35679373</w>
      <t>1699</t>
    </point>
    <point>
      <x>0.36166668</x>
      <y>0.52666664</y>
      <w>0.35679373</w>
      <t>1699</t>
    </point>
    <point>
      <x>0.36</x>
      <y>0.53</y>
      <w>0.35679373</w>
      <t>1699</t>
    </point>
    <point>
      <x>0.35833332</x>
      <y>0.535</y>
      <w>0.35679373</w>
      <t>1699</t>
    </point>
    <point>
      <x>0.35666665</x>
      <y>0.5366667</y>
      <w>0.36950147</w>
      <t>1733</t>
    </point>
    <point>
      <x>0.35666665</x>
      <y>0.53833336</y>
      <w>0.36950147</w>
      <t>1733</t>
    </point>
    <point>
      <x>0.35666665</x>
      <y>0.54</y>
      <w>0.36950147</w>
      <t>1733</t>
    </point>
    <point>
      <x>0.35833332</x>
      <y>0.53833336</y>
      <w>0.43010753</w>
      <t>1832</t>
    </point>
    <point>
      <x>0.36166668</x>
      <y>0.5366667</y>
      <w>0.43010753</w>
      <t>1832</t>
    </point>
    <point>
      <x>0.365</x>
      <y>0.535</y>
      <w>0.43010753</w>
      <t>1832</t>
    </point>
    <point>
      <x>0.36666667</x>
      <y>0.5316667</y>
      <w>0.43010753</w>
      <t>1832</t>
    </point>
    <point>
      <x>0.37</x>
      <y>0.53</y>
      <w>0.43010753</w>
      <t>1832</t>
    </point>
    <point>
      <x>0.37333333</x>
      <y>0.5283333</y>
      <w>0.4398827</w>
      <t>1866</t>
    </point>
    <point>
      <x>0.37666667</x>
      <y>0.525</y>
      <w>0.4398827</w>
      <t>1866</t>
    </point>
    <point>
      <x>0.38</x>
      <y>0.5233333</y>
      <w>0.4398827</w>
      <t>1866</t>
    </point>
    <point>
      <x>0.38333333</x>
      <y>0.52166665</y>
      <w>0.4398827</w>
      <t>1866</t>
    </point>
    <point>
      <x>0.38666666</x>
      <y>0.52</y>
      <w>0.4398827</w>
      <t>1866</t>
    </point>
    <point>
      <x>0.39166668</x>
      <y>0.51666665</y>
      <w>0.45356795</w>
      <t>1899</t>
    </point>
    <point>
      <x>0.395</x>
      <y>0.515</y>
      <w>0.45356795</w>
      <t>1899</t>
    </point>
    <point>
      <x>0.40166667</x>
      <y>0.5133333</y>
      <w>0.45356795</w>
      <t>1899</t>
    </point>
    <point>
      <x>0.40666667</x>
      <y>0.51</y>
      <w>0.45356795</w>
      <t>1899</t>
    </point>
    <point>
      <x>0.41333333</x>
      <y>0.5083333</y>
      <w>0.4848485</w>
      <t>1932</t>
    </point>
    <point>
      <x>0.41833332</x>
      <y>0.505</y>
      <w>0.4848485</w>
      <t>1932</t>
    </point>
    <point>
      <x>0.42333335</x>
      <y>0.505</y>
      <w>0.4848485</w>
      <t>1932</t>
    </point>
    <point>
      <x>0.42666668</x>
      <y>0.50333333</y>
      <w>0.4848485</w>
      <t>1932</t>
    </point>
    <point>
      <x>0.43</x>
      <y>0.50333333</y>
      <w>0.52492666</w>
      <t>1966</t>
    </point>
    <point>
      <x>0.43333334</x>
      <y>0.50166667</y>
      <w>0.5464321</w>
      <t>1966</t>
    </point>
    <point>
      <x>0.435</x>
      <y>0.50166667</y>
      <w>0.5464321</w>
      <t>1966</t>
    </point>
    <point>
      <x>0.43666667</x>
      <y>0.50166667</y>
      <w>0.5464321</w>
      <t>1966</t>
    </point>
    <point>
      <x>0.43833333</x>
      <y>0.50166667</y>
      <w>0.5464321</w>
      <t>1966</t>
    </point>
    <point>
      <x>0.44</x>
      <y>0.50166667</y>
      <w>0.57087</w>
      <t>1999</t>
    </point>
    <point>
      <x>0.44166666</x>
      <y>0.50166667</y>
      <w>0.57087</w>
      <t>1999</t>
    </point>
    <point>
      <x>0.44333333</x>
      <y>0.50166667</y>
      <w>0.57087</w>
      <t>1999</t>
    </point>
    <point>
      <x>0.445</x>
      <y>0.50166667</y>
      <w>0.5904203</w>
      <t>2033</t>
    </point>
    <point>
      <x>0.44666666</x>
      <y>0.50166667</y>
      <w>0.5904203</w>
      <t>2033</t>
    </point>
    <point>
      <x>0.44666666</x>
      <y>0.50333333</y>
      <w>0.5904203</w>
      <t>2033</t>
    </point>
    <point>
      <x>0.44833332</x>
      <y>0.505</y>
      <w>0.63147604</w>
      <t>2066</t>
    </point>
    <point>
      <x>0.45</x>
      <y>0.50666666</y>
      <w>0.63147604</w>
      <t>2066</t>
    </point>
    <point>
      <x>0.45166665</x>
      <y>0.50666666</y>
      <w>0.63147604</w>
      <t>2066</t>
    </point>
    <point>
      <x>0.45166665</x>
      <y>0.5083333</y>
      <w>0.63147604</w>
      <t>2066</t>
    </point>
    <point>
      <x>0.45333335</x>
      <y>0.51</y>
      <w>0.6471163</w>
      <t>2099</t>
    </point>
    <point>
      <x>0.455</x>
      <y>0.51166666</y>
      <w>0.6471163</w>
      <t>2099</t>
    </point>
    <point>
      <x>0.455</x>
      <y>0.5133333</y>
      <w>0.6471163</w>
      <t>2099</t>
    </point>
    <point>
      <x>0.455</x>
      <y>0.51666665</y>
      <w>0.686217</w>
      <t>2133</t>
    </point>
    <point>
      <x>0.455</x>
      <y>0.5183333</y>
      <w>0.686217</w>
      <t>2133</t>
    </point>
    <point>
      <x>0.455</x>
      <y>0.52166665</y>
      <w>0.686217</w>
      <t>2133</t>
    </point>
    <point>
      <x>0.455</x>
      <y>0.525</y>
      <w>0.686217</w>
      <t>2133</t>
    </point>
    <point>
      <x>0.455</x>
      <y>0.53</y>
      <w>0.686217</w>
      <t>2133</t>
    </point>
    <point>
      <x>0.455</x>
      <y>0.53333336</y>
      <w>0.72727275</w>
      <t>2166</t>
    </point>
    <point>
      <x>0.45333335</x>
      <y>0.53833336</y>
      <w>0.72727275</w>
      <t>2166</t>
    </point>
    <point>
      <x>0.45166665</x>
      <y>0.5416667</y>
      <w>0.72727275</w>
      <t>2166</t>
    </point>
    <point>
      <x>0.45</x>
      <y>0.5466667</y>
      <w>0.72727275</w>
      <t>2166</t>
    </point>
    <point>
      <x>0.44833332</x>
      <y>0.55</y>
      <w>0.72727275</w>
      <t>2166</t>
    </point>
    <point>
      <x>0.445</x>
      <y>0.555</y>
      <w>0.7478006</w>
      <t>2199</t>
    </point>
    <point>
      <x>0.44333333</x>
      <y>0.56</y>
      <w>0.7478006</w>
      <t>2199</t>
    </point>
    <point>
      <x>0.44</x>
      <y>0.56666666</y>
      <w>0.7478006</w>
      <t>2199</t>
    </point>
    <point>
      <x>0.43666667</x>
      <y>0.57166666</y>
      <w>0.7478006</w>
      <t>2199</t>
    </point>
    <point>
      <x>0.43333334</x>
      <y>0.5783333</y>
      <w>0.76246333</w>
      <t>2233</t>
    </point>
    <point>
      <x>0.43</x>
      <y>0.585</y>
      <w>0.76246333</w>
      <t>2233</t>
    </point>
    <point>
      <x>0.42666668</x>
      <y>0.59</y>
      <w>0.76246333</w>
      <t>2233</t>
    </point>
    <point>
      <x>0.42333335</x>
      <y>0.5966667</y>
      <w>0.76246333</w>
      <t>2233</t>
    </point>
    <point>
      <x>0.42</x>
      <y>0.60333335</y>
      <w>0.7653959</w>
      <t>2266</t>
    </point>
    <point>
      <x>0.41666666</x>
      <y>0.6116667</y>
      <w>0.7653959</w>
      <t>2266</t>
    </point>
    <point>
      <x>0.41333333</x>
      <y>0.61833334</y>
      <w>0.7653959</w>
      <t>2266</t>
    </point>
    <point>
      <x>0.41</x>
      <y>0.625</y>
      <w>0.7653959</w>
      <t>2266</t>
    </point>
    <point>
      <x>0.405</x>
      <y>0.6333333</y>
      <w>0.7653959</w>
      <t>2266</t>
    </point>
    <point>
      <x>0.40166667</x>
      <y>0.64166665</y>
      <w>0.7663734</w>
      <t>2299</t>
    </point>
    <point>
      <x>0.39833334</x>
      <y>0.6483333</y>
      <w>0.7663734</w>
      <t>2299</t>
    </point>
    <point>
      <x>0.395</x>
      <y>0.6566667</y>
      <w>0.7663734</w>
      <t>2299</t>
    </point>
    <point>
      <x>0.39166668</x>
      <y>0.665</y>
      <w>0.7663734</w>
      <t>2299</t>
    </point>
    <point>
      <x>0.38833332</x>
      <y>0.675</y>
      <w>0.76930594</w>
      <t>2333</t>
    </point>
    <point>
      <x>0.385</x>
      <y>0.68333334</y>
      <w>0.76930594</w>
      <t>2333</t>
    </point>
    <point>
      <x>0.38166666</x>
      <y>0.6933333</y>
      <w>0.76930594</w>
      <t>2333</t>
    </point>
    <point>
      <x>0.37833333</x>
      <y>0.7033333</y>
      <w>0.76930594</w>
      <t>2333</t>
    </point>
    <point>
      <x>0.37666667</x>
      <y>0.7133333</y>
      <w>0.76930594</w>
      <t>2333</t>
    </point>
    <point>
      <x>0.37333333</x>
      <y>0.72333336</y>
      <w>0.7741935</w>
      <t>2366</t>
    </point>
    <point>
      <x>0.37</x>
      <y>0.73333335</y>
      <w>0.7741935</w>
      <t>2366</t>
    </point>
    <point>
      <x>0.36833334</x>
      <y>0.7416667</y>
      <w>0.7741935</w>
      <t>2366</t>
    </point>
    <point>
      <x>0.365</x>
      <y>0.75166667</y>
      <w>0.7741935</w>
      <t>2366</t>
    </point>
    <point>
      <x>0.36166668</x>
      <y>0.76</y>
      <w>0.77517104</w>
      <t>2399</t>
    </point>
    <point>
      <x>0.36</x>
      <y>0.7683333</y>
      <w>0.77517104</w>
      <t>2399</t>
    </point>
    <point>
      <x>0.35666665</x>
      <y>0.77666664</y>
      <w>0.77517104</w>
      <t>2399</t>
    </point>
    <point>
      <x>0.355</x>
      <y>0.78333336</y>
      <w>0.77517104</w>
      <t>2399</t>
    </point>
    <point>
      <x>0.35166666</x>
      <y>0.79</y>
      <w>0.77614856</w>
      <t>2433</t>
    </point>
    <point>
      <x>0.35</x>
      <y>0.795</y>
      <w>0.77614856</w>
      <t>2433</t>
    </point>
    <point>
      <x>0.34833333</x>
      <y>0.8</y>
      <w>0.77614856</w>
      <t>2433</t>
    </point>
    <point>
      <x>0.34833333</x>
      <y>0.80333334</y>
      <w>0.77614856</w>
      <t>2433</t>
    </point>
    <point>
      <x>0.34833333</x>
      <y>0.805</y>
      <w>0.77614856</w>
      <t>2433</t>
    </point>
    <point>
      <x>0.34666666</x>
      <y>0.80833334</y>
      <w>0.7741935</w>
      <t>2466</t>
    </point>
    <point>
      <x>0.34666666</x>
      <y>0.81</y>
      <w>0.7741935</w>
      <t>2466</t>
    </point>
    <point>
      <x>0.34666666</x>
      <y>0.80833334</y>
      <w>0.67057675</w>
      <t>2532</t>
    </point>
    <point>
      <x>0.34666666</x>
      <y>0.805</y>
      <w>0.6344086</w>
      <t>2566</t>
    </point>
    <point>
      <x>0.34833333</x>
      <y>0.80333334</y>
      <w>0.6344086</w>
      <t>2566</t>
    </point>
    <point>
      <x>0.34833333</x>
      <y>0.79833335</y>
      <w>0.6344086</w>
      <t>2566</t>
    </point>
    <point>
      <x>0.35</x>
      <y>0.795</y>
      <w>0.6344086</w>
      <t>2566</t>
    </point>
    <point>
      <x>0.35166666</x>
      <y>0.79</y>
      <w>0.6344086</w>
      <t>2566</t>
    </point>
    <point>
      <x>0.355</x>
      <y>0.785</y>
      <w>0.60703814</w>
      <t>2599</t>
    </point>
    <point>
      <x>0.35833332</x>
      <y>0.78</y>
      <w>0.60703814</w>
      <t>2599</t>
    </point>
    <point>
      <x>0.36</x>
      <y>0.7733333</y>
      <w>0.60703814</w>
      <t>2599</t>
    </point>
    <point>
      <x>0.36333334</x>
      <y>0.76666665</y>
      <w>0.60703814</w>
      <t>2599</t>
    </point>
    <point>
      <x>0.36833334</x>
      <y>0.76</y>
      <w>0.5522972</w>
      <t>2634</t>
    </point>
    <point>
      <x>0.37166667</x>
      <y>0.75333333</y>
      <w>0.5522972</w>
      <t>2634</t>
    </point>
    <point>
      <x>0.37666667</x>
      <y>0.745</y>
      <w>0.5522972</w>
      <t>2634</t>
    </point>
    <point>
      <x>0.38166666</x>
      <y>0.7366667</y>
      <w>0.5522972</w>
      <t>2634</t>
    </point>
    <point>
      <x>0.385</x>
      <y>0.73</y>
      <w>0.5522972</w>
      <t>2634</t>
    </point>
    <point>
      <x>0.39</x>
      <y>0.7216667</y>
      <w>0.52394915</w>
      <t>2667</t>
    </point>
    <point>
      <x>0.39333335</x>
      <y>0.71166664</y>
      <w>0.52394915</w>
      <t>2667</t>
    </point>
    <point>
      <x>0.39833334</x>
      <y>0.7033333</y>
      <w>0.52394915</w>
      <t>2667</t>
    </point>
    <point>
      <x>0.40166667</x>
      <y>0.6933333</y>
      <w>0.52394915</w>
      <t>2667</t>
    </point>
    <point>
      <x>0.405</x>
      <y>0.685</y>
      <w>0.4516129</w>
      <t>2699</t>
    </point>
    <point>
      <x>0.41</x>
      <y>0.6766667</y>
      <w>0.4516129</w>
      <t>2699</t>
    </point>
    <point>
      <x>0.415</x>
      <y>0.6666667</y>
      <w>0.4516129</w>
      <t>2699</t>
    </point>
    <point>
      <x>0.42</x>
      <y>0.65833336</y>
      <w>0.4516129</w>
      <t>2699</t>
    </point>
    <point>
      <x>0.425</x>
      <y>0.65</y>
      <w>0.38807428</w>
      <t>2733</t>
    </point>
    <point>
      <x>0.43166667</x>
      <y>0.64166665</y>
      <w>0.38807428</w>
      <t>2733</t>
    </point>
    <point>
      <x>0.43833333</x>
      <y>0.6333333</y>
      <w>0.38807428</w>
      <t>2733</t>
    </point>
    <point>
      <x>0.445</x>
      <y>0.62333333</y>
      <w>0.38807428</w>
      <t>2733</t>
    </point>
    <point>
      <x>0.45333335</x>
      <y>0.61333334</y>
      <w>0.38807428</w>
      <t>2733</t>
    </point>
    <point>
      <x>0.46166667</x>
      <y>0.60333335</y>
      <w>0.36265886</w>
      <t>2767</t>
    </point>
    <point>
      <x>0.47</x>
      <y>0.5933333</y>
      <w>0.36265886</w>
      <t>2767</t>
    </point>
    <point>
      <x>0.48</x>
      <y>0.5833333</y>
      <w>0.36265886</w>
      <t>2767</t>
    </point>
    <point>
      <x>0.48833334</x>
      <y>0.5733333</y>
      <w>0.36265886</w>
      <t>2767</t>
    </point>
    <point>
      <x>0.49666667</x>
      <y>0.56333333</y>
      <w>0.36265886</w>
      <t>2767</t>
    </point>
    <point>
      <x>0.50666666</x>
      <y>0.555</y>
      <w>0.3020528</w>
      <t>2800</t>
    </point>
    <point>
      <x>0.515</x>
      <y>0.5466667</y>
      <w>0.3020528</w>
      <t>2800</t>
    </point>
    <point>
      <x>0.525</x>
      <y>0.53833336</y>
      <w>0.3020528</w>
      <t>2800</t>
    </point>
    <point>
      <x>0.535</x>
      <y>0.5316667</y>
      <w>0.3020528</w>
      <t>2800</t>
    </point>
    <point>
      <x>0.54333335</x>
      <y>0.5233333</y>
      <w>0.2512219</w>
      <t>2834</t>
    </point>
    <point>
      <x>0.555</x>
      <y>0.515</y>
      <w>0.2512219</w>
      <t>2834</t>
    </point>
    <point>
      <x>0.565</x>
      <y>0.5083333</y>
      <w>0.2512219</w>
      <t>2834</t>
    </point>
    <point>
      <x>0.57666665</x>
      <y>0.50166667</y>
      <w>0.2512219</w>
      <t>2834</t>
    </point>
    <point>
      <x>0.58666664</x>
      <y>0.495</y>
      <w>0.2062561</w>
      <t>2867</t>
    </point>
    <point>
      <x>0.59833336</x>
      <y>0.49</y>
      <w>0.2062561</w>
      <t>2867</t>
    </point>
    <point>
      <x>0.60833335</x>
      <y>0.485</y>
      <w>0.2062561</w>
      <t>2867</t>
    </point>
    <point>
      <x>0.61833334</x>
      <y>0.48166665</y>
      <w>0.2062561</w>
      <t>2867</t>
    </point>
    <point>
      <x>0.62666667</x>
      <y>0.47833332</y>
      <w>0.2062561</w>
      <t>2867</t>
    </point>
    <point>
      <x>0.635</x>
      <y>0.47666666</y>
      <w>0.22385141</w>
      <t>2900</t>
    </point>
    <point>
      <x>0.6433333</x>
      <y>0.475</y>
      <w>0.22385141</w>
      <t>2900</t>
    </point>
    <point>
      <x>0.65</x>
      <y>0.47333333</y>
      <w>0.22385141</w>
      <t>2900</t>
    </point>
    <point>
      <x>0.65833336</x>
      <y>0.47166666</y>
      <w>0.22385141</w>
      <t>2900</t>
    </point>
    <point>
      <x>0.665</x>
      <y>0.47</y>
      <w>0.23558162</w>
      <t>2933</t>
    </point>
    <point>
      <x>0.6716667</x>
      <y>0.46833333</y>
      <w>0.23558162</w>
      <t>2933</t>
    </point>
    <point>
      <x>0.6766667</x>
      <y>0.46666667</y>
      <w>0.23558162</w>
      <t>2933</t>
    </point>
    <point>
      <x>0.68333334</x>
      <y>0.465</y>
      <w>0.23558162</w>
      <t>2933</t>
    </point>
    <point>
      <x>0.68833333</x>
      <y>0.465</y>
      <w>0.23558162</w>
      <t>2933</t>
    </point>
    <point>
      <x>0.695</x>
      <y>0.465</y>
      <w>0.2580645</w>
      <t>2967</t>
    </point>
    <point>
      <x>0.7</x>
      <y>0.465</y>
      <w>0.2580645</w>
      <t>2967</t>
    </point>
    <point>
      <x>0.705</x>
      <y>0.465</y>
      <w>0.2580645</w>
      <t>2967</t>
    </point>
    <point>
      <x>0.71</x>
      <y>0.465</y>
      <w>0.2580645</w>
      <t>2967</t>
    </point>
    <point>
      <x>0.7133333</x>
      <y>0.46666667</y>
      <w>0.29814273</w>
      <t>3000</t>
    </point>
    <point>
      <x>0.7183333</x>
      <y>0.46666667</y>
      <w>0.29814273</w>
      <t>3000</t>
    </point>
    <point>
      <x>0.72333336</x>
      <y>0.46833333</y>
      <w>0.29814273</w>
      <t>3000</t>
    </point>
    <point>
      <x>0.7266667</x>
      <y>0.46833333</y>
      <w>0.29814273</w>
      <t>3000</t>
    </point>
    <point>
      <x>0.73</x>
      <y>0.47</y>
      <w>0.370479</w>
      <t>3034</t>
    </point>
    <point>
      <x>0.735</x>
      <y>0.47166666</y>
      <w>0.370479</w>
      <t>3034</t>
    </point>
    <point>
      <x>0.73833334</x>
      <y>0.47333333</y>
      <w>0.370479</w>
      <t>3034</t>
    </point>
    <point>
      <x>0.7416667</x>
      <y>0.475</y>
      <w>0.370479</w>
      <t>3034</t>
    </point>
    <point>
      <x>0.745</x>
      <y>0.47833332</y>
      <w>0.370479</w>
      <t>3034</t>
    </point>
    <point>
      <x>0.74833333</x>
      <y>0.48166665</y>
      <w>0.44379276</w>
      <t>3067</t>
    </point>
    <point>
      <x>0.75166667</x>
      <y>0.48333332</y>
      <w>0.44379276</w>
      <t>3067</t>
    </point>
    <point>
      <x>0.75333333</x>
      <y>0.48666668</y>
      <w>0.44379276</w>
      <t>3067</t>
    </point>
    <point>
      <x>0.755</x>
      <y>0.49166667</y>
      <w>0.44379276</w>
      <t>3067</t>
    </point>
    <point>
      <x>0.7583333</x>
      <y>0.495</y>
      <w>0.44379276</w>
      <t>3067</t>
    </point>
    <point>
      <x>0.76</x>
      <y>0.49833333</y>
      <w>0.4848485</w>
      <t>3100</t>
    </point>
    <point>
      <x>0.76166666</x>
      <y>0.50333333</y>
      <w>0.4848485</w>
      <t>3100</t>
    </point>
    <point>
      <x>0.76166666</x>
      <y>0.50666666</y>
      <w>0.4848485</w>
      <t>3100</t>
    </point>
    <point>
      <x>0.7633333</x>
      <y>0.51</y>
      <w>0.4848485</w>
      <t>3100</t>
    </point>
    <point>
      <x>0.7633333</x>
      <y>0.515</y>
      <w>0.5034213</w>
      <t>3134</t>
    </point>
    <point>
      <x>0.765</x>
      <y>0.5183333</y>
      <w>0.5034213</w>
      <t>3134</t>
    </point>
    <point>
      <x>0.765</x>
      <y>0.52166665</y>
      <w>0.5034213</w>
      <t>3134</t>
    </point>
    <point>
      <x>0.765</x>
      <y>0.52666664</y>
      <w>0.5034213</w>
      <t>3134</t>
    </point>
    <point>
      <x>0.765</x>
      <y>0.5316667</y>
      <w>0.5434995</w>
      <t>3167</t>
    </point>
    <point>
      <x>0.765</x>
      <y>0.5366667</y>
      <w>0.5434995</w>
      <t>3167</t>
    </point>
    <point>
      <x>0.7633333</x>
      <y>0.5416667</y>
      <w>0.5434995</w>
      <t>3167</t>
    </point>
    <point>
      <x>0.76166666</x>
      <y>0.5466667</y>
      <w>0.5434995</w>
      <t>3167</t>
    </point>
    <point>
      <x>0.7583333</x>
      <y>0.55333334</y>
      <w>0.5434995</w>
      <t>3167</t>
    </point>
    <point>
      <x>0.75666666</x>
      <y>0.56</y>
      <w>0.5532747</w>
      <t>3200</t>
    </point>
    <point>
      <x>0.755</x>
      <y>0.56666666</y>
      <w>0.5532747</w>
      <t>3200</t>
    </point>
    <point>
      <x>0.75166667</x>
      <y>0.5733333</y>
      <w>0.5532747</w>
      <t>3200</t>
    </point>
    <point>
      <x>0.74833333</x>
      <y>0.58</y>
      <w>0.5532747</w>
      <t>3200</t>
    </point>
    <point>
      <x>0.745</x>
      <y>0.58666664</y>
      <w>0.56304985</w>
      <t>3234</t>
    </point>
    <point>
      <x>0.7416667</x>
      <y>0.5933333</y>
      <w>0.56304985</w>
      <t>3234</t>
    </point>
    <point>
      <x>0.73833334</x>
      <y>0.59833336</y>
      <w>0.56304985</w>
      <t>3234</t>
    </point>
    <point>
      <x>0.73333335</x>
      <y>0.605</y>
      <w>0.56304985</w>
      <t>3234</t>
    </point>
    <point>
      <x>0.73</x>
      <y>0.6116667</y>
      <w>0.56304985</w>
      <t>3234</t>
    </point>
    <point>
      <x>0.725</x>
      <y>0.61833334</y>
      <w>0.56989247</w>
      <t>3267</t>
    </point>
    <point>
      <x>0.72</x>
      <y>0.62333333</y>
      <w>0.56989247</w>
      <t>3267</t>
    </point>
    <point>
      <x>0.715</x>
      <y>0.63</y>
      <w>0.56989247</w>
      <t>3267</t>
    </point>
    <point>
      <x>0.71</x>
      <y>0.63666666</y>
      <w>0.56989247</w>
      <t>3267</t>
    </point>
    <point>
      <x>0.70666665</x>
      <y>0.6433333</y>
      <w>0.57087</w>
      <t>3300</t>
    </point>
    <point>
      <x>0.70166665</x>
      <y>0.6483333</y>
      <w>0.57087</w>
      <t>3300</t>
    </point>
    <point>
      <x>0.69666666</x>
      <y>0.655</y>
      <w>0.57087</w>
      <t>3300</t>
    </point>
    <point>
      <x>0.69166666</x>
      <y>0.66</y>
      <w>0.57087</w>
      <t>3300</t>
    </point>
    <point>
      <x>0.68666667</x>
      <y>0.6666667</y>
      <w>0.57380253</w>
      <t>3334</t>
    </point>
    <point>
      <x>0.6816667</x>
      <y>0.6716667</y>
      <w>0.57380253</w>
      <t>3334</t>
    </point>
    <point>
      <x>0.6766667</x>
      <y>0.6766667</y>
      <w>0.57380253</w>
      <t>3334</t>
    </point>
    <point>
      <x>0.67</x>
      <y>0.6816667</y>
      <w>0.57380253</w>
      <t>3334</t>
    </point>
    <point>
      <x>0.665</x>
      <y>0.68666667</y>
      <w>0.57380253</w>
      <t>3334</t>
    </point>
    <point>
      <x>0.65833336</x>
      <y>0.69166666</y>
      <w>0.57478005</w>
      <t>3367</t>
    </point>
    <point>
      <x>0.65166664</x>
      <y>0.69666666</y>
      <w>0.57478005</w>
      <t>3367</t>
    </point>
    <point>
      <x>0.64666665</x>
      <y>0.7</y>
      <w>0.57478005</w>
      <t>3367</t>
    </point>
    <point>
      <x>0.64166665</x>
      <y>0.705</y>
      <w>0.57478005</w>
      <t>3367</t>
    </point>
    <point>
      <x>0.63666666</x>
      <y>0.7083333</y>
      <w>0.57478005</w>
      <t>3367</t>
    </point>
    <point>
      <x>0.63166666</x>
      <y>0.71166664</y>
      <w>0.57087</w>
      <t>3400</t>
    </point>
    <point>
      <x>0.62833333</x>
      <y>0.7133333</y>
      <w>0.57087</w>
      <t>3400</t>
    </point>
    <point>
      <x>0.62333333</x>
      <y>0.715</y>
      <w>0.57087</w>
      <t>3400</t>
    </point>
    <point>
      <x>0.62</x>
      <y>0.71666664</y>
      <w>0.57087</w>
      <t>3400</t>
    </point>
    <point>
      <x>0.615</x>
      <y>0.7183333</y>
      <w>0.4916911</w>
      <t>3434</t>
    </point>
    <point>
      <x>0.6116667</x>
      <y>0.72</y>
      <w>0.4916911</w>
      <t>3434</t>
    </point>
    <point>
      <x>0.60833335</x>
      <y>0.72</y>
      <w>0.4916911</w>
      <t>3434</t>
    </point>
    <point>
      <x>0.605</x>
      <y>0.7216667</y>
      <w>0.4916911</w>
      <t>3434</t>
    </point>
    <point>
      <x>0.6016667</x>
      <y>0.7216667</y>
      <w>0.45356795</w>
      <t>3467</t>
    </point>
    <point>
      <x>0.5966667</x>
      <y>0.7216667</y>
      <w>0.45356795</w>
      <t>3467</t>
    </point>
    <point>
      <x>0.5933333</x>
      <y>0.7216667</y>
      <w>0.45356795</w>
      <t>3467</t>
    </point>
    <point>
      <x>0.5883333</x>
      <y>0.7216667</y>
      <w>0.45356795</w>
      <t>3467</t>
    </point>
    <point>
      <x>0.585</x>
      <y>0.7216667</y>
      <w>0.45356795</w>
      <t>3467</t>
    </point>
    <point>
      <x>0.58166665</x>
      <y>0.72</y>
      <w>0.44281524</w>
      <t>3500</t>
    </point>
    <point>
      <x>0.58</x>
      <y>0.7183333</y>
      <w>0.44281524</w>
      <t>3500</t>
    </point>
    <point>
      <x>0.5783333</x>
      <y>0.71666664</y>
      <w>0.44281524</w>
      <t>3500</t>
    </point>
    <point>
      <x>0.57666665</x>
      <y>0.715</y>
      <w>0.44281524</w>
      <t>3500</t>
    </point>
    <point>
      <x>0.575</x>
      <y>0.71166664</y>
      <w>0.3841642</w>
      <t>3534</t>
    </point>
    <point>
      <x>0.5733333</x>
      <y>0.7083333</y>
      <w>0.3841642</w>
      <t>3534</t>
    </point>
    <point>
      <x>0.5733333</x>
      <y>0.705</y>
      <w>0.3841642</w>
      <t>3534</t>
    </point>
    <point>
      <x>0.5733333</x>
      <y>0.70166665</y>
      <w>0.3841642</w>
      <t>3534</t>
    </point>
    <point>
      <x>0.5733333</x>
      <y>0.6983333</y>
      <w>0.3841642</w>
      <t>3534</t>
    </point>
    <point>
      <x>0.5733333</x>
      <y>0.695</y>
      <w>0.29814273</w>
      <t>3567</t>
    </point>
    <point>
      <x>0.5733333</x>
      <y>0.69166666</y>
      <w>0.29814273</w>
      <t>3567</t>
    </point>
    <point>
      <x>0.5733333</x>
      <y>0.68666667</y>
      <w>0.29814273</w>
      <t>3567</t>
    </point>
    <point>
      <x>0.575</x>
      <y>0.68333334</y>
      <w>0.29814273</w>
      <t>3567</t>
    </point>
    <point>
      <x>0.57666665</x>
      <y>0.68</y>
      <w>0.26490712</w>
      <t>3599</t>
    </point>
    <point>
      <x>0.58</x>
      <y>0.6766667</y>
      <w>0.26490712</w>
      <t>3599</t>
    </point>
    <point>
      <x>0.58166665</x>
      <y>0.675</y>
      <w>0.26490712</w>
      <t>3599</t>
    </point>
    <point>
      <x>0.5833333</x>
      <y>0.6716667</y>
      <w>0.26490712</w>
      <t>3599</t>
    </point>
    <point>
      <x>0.58666664</x>
      <y>0.66833335</y>
      <w>0.2737048</w>
      <t>3634</t>
    </point>
    <point>
      <x>0.59</x>
      <y>0.6666667</y>
      <w>0.2737048</w>
      <t>3634</t>
    </point>
    <point>
      <x>0.59166664</x>
      <y>0.665</y>
      <w>0.2737048</w>
      <t>3634</t>
    </point>
    <point>
      <x>0.595</x>
      <y>0.66333336</y>
      <w>0.2737048</w>
      <t>3634</t>
    </point>
    <point>
      <x>0.59833336</x>
      <y>0.66</y>
      <w>0.2737048</w>
      <t>3634</t>
    </point>
    <point>
      <x>0.6</x>
      <y>0.65833336</y>
      <w>0.31867057</w>
      <t>3667</t>
    </point>
    <point>
      <x>0.60333335</x>
      <y>0.6566667</y>
      <w>0.31867057</w>
      <t>3667</t>
    </point>
    <point>
      <x>0.6066667</x>
      <y>0.655</y>
      <w>0.31867057</w>
      <t>3667</t>
    </point>
    <point>
      <x>0.61</x>
      <y>0.655</y>
      <w>0.31867057</w>
      <t>3667</t>
    </point>
    <point>
      <x>0.615</x>
      <y>0.6533333</y>
      <w>0.31867057</w>
      <t>3667</t>
    </point>
    <point>
      <x>0.61833334</x>
      <y>0.6533333</y>
      <w>0.35679373</w>
      <t>3699</t>
    </point>
    <point>
      <x>0.62166667</x>
      <y>0.6533333</y>
      <w>0.35679373</w>
      <t>3699</t>
    </point>
    <point>
      <x>0.625</x>
      <y>0.6533333</y>
      <w>0.35679373</w>
      <t>3699</t>
    </point>
    <point>
      <x>0.63</x>
      <y>0.6533333</y>
      <w>0.35679373</w>
      <t>3699</t>
    </point>
    <point>
      <x>0.6333333</x>
      <y>0.6533333</y>
      <w>0.37634408</w>
      <t>3733</t>
    </point>
    <point>
      <x>0.6383333</x>
      <y>0.655</y>
      <w>0.37634408</w>
      <t>3733</t>
    </point>
    <point>
      <x>0.64166665</x>
      <y>0.655</y>
      <w>0.37634408</w>
      <t>3733</t>
    </point>
    <point>
      <x>0.64666665</x>
      <y>0.655</y>
      <w>0.37634408</w>
      <t>3733</t>
    </point>
    <point>
      <x>0.65166664</x>
      <y>0.6566667</y>
      <w>0.40957966</w>
      <t>3767</t>
    </point>
    <point>
      <x>0.655</x>
      <y>0.6566667</y>
      <w>0.40957966</w>
      <t>3767</t>
    </point>
    <point>
      <x>0.66</x>
      <y>0.65833336</y>
      <w>0.40957966</w>
      <t>3767</t>
    </point>
    <point>
      <x>0.665</x>
      <y>0.66</y>
      <w>0.40957966</w>
      <t>3767</t>
    </point>
    <point>
      <x>0.66833335</x>
      <y>0.66</y>
      <w>0.40957966</w>
      <t>3767</t>
    </point>
    <point>
      <x>0.67333335</x>
      <y>0.6616667</y>
      <w>0.43890518</w>
      <t>3799</t>
    </point>
    <point>
      <x>0.67833334</x>
      <y>0.66333336</y>
      <w>0.43890518</w>
      <t>3799</t>
    </point>
    <point>
      <x>0.68333334</x>
      <y>0.665</y>
      <w>0.43890518</w>
      <t>3799</t>
    </point>
    <point>
      <x>0.68833333</x>
      <y>0.6666667</y>
      <w>0.43890518</w>
      <t>3799</t>
    </point>
    <point>
      <x>0.69166666</x>
      <y>0.66833335</y>
      <w>0.47214076</w>
      <t>3834</t>
    </point>
    <point>
      <x>0.69666666</x>
      <y>0.67</y>
      <w>0.47214076</w>
      <t>3834</t>
    </point>
    <point>
      <x>0.70166665</x>
      <y>0.6716667</y>
      <w>0.47214076</w>
      <t>3834</t>
    </point>
    <point>
      <x>0.705</x>
      <y>0.67333335</y>
      <w>0.47214076</w>
      <t>3834</t>
    </point>
    <point>
      <x>0.71</x>
      <y>0.6766667</y>
      <w>0.47214076</w>
      <t>3834</t>
    </point>
    <point>
      <x>0.715</x>
      <y>0.67833334</y>
      <w>0.5034213</w>
      <t>3867</t>
    </point>
    <point>
      <x>0.7183333</x>
      <y>0.6816667</y>
      <w>0.5034213</w>
      <t>3867</t>
    </point>
    <point>
      <x>0.72333336</x>
      <y>0.685</y>
      <w>0.5034213</w>
      <t>3867</t>
    </point>
    <point>
      <x>0.72833335</x>
      <y>0.68833333</y>
      <w>0.5034213</w>
      <t>3867</t>
    </point>
    <point>
      <x>0.73333335</x>
      <y>0.69166666</y>
      <w>0.53274685</w>
      <t>3899</t>
    </point>
    <point>
      <x>0.74</x>
      <y>0.695</y>
      <w>0.53274685</w>
      <t>3899</t>
    </point>
    <point>
      <x>0.745</x>
      <y>0.7</y>
      <w>0.53274685</w>
      <t>3899</t>
    </point>
    <point>
      <x>0.75166667</x>
      <y>0.7033333</y>
      <w>0.53274685</w>
      <t>3899</t>
    </point>
    <point>
      <x>0.75666666</x>
      <y>0.7083333</y>
      <w>0.53958946</w>
      <t>3934</t>
    </point>
    <point>
      <x>0.76166666</x>
      <y>0.7133333</y>
      <w>0.53958946</w>
      <t>3934</t>
    </point>
    <point>
      <x>0.76666665</x>
      <y>0.71666664</y>
      <w>0.53958946</w>
      <t>3934</t>
    </point>
    <point>
      <x>0.77</x>
      <y>0.7216667</y>
      <w>0.53958946</w>
      <t>3934</t>
    </point>
    <point>
      <x>0.7733333</x>
      <y>0.725</y>
      <w>0.53958946</w>
      <t>3934</t>
    </point>
    <point>
      <x>0.77666664</x>
      <y>0.72833335</y>
      <w>0.54545456</w>
      <t>3967</t>
    </point>
    <point>
      <x>0.7783333</x>
      <y>0.73</y>
      <w>0.54545456</w>
      <t>3967</t>
    </point>
    <point>
      <x>0.7816667</x>
      <y>0.73333335</y>
      <w>0.54545456</w>
      <t>3967</t>
    </point>
    <point>
      <x>0.78333336</x>
      <y>0.735</y>
      <w>0.54545456</w>
      <t>3967</t>
    </point>
    <point>
      <x>0.785</x>
      <y>0.7366667</y>
      <w>0.54545456</w>
      <t>3967</t>
    </point>
    <point>
      <x>0.7866667</x>
      <y>0.73833334</y>
      <w>0.5591398</w>
      <t>4000</t>
    </point>
    <point>
      <x>0.7866667</x>
      <y>0.74</y>
      <w>0.5591398</w>
      <t>4000</t>
    </point>
    <point>
      <x>0.78833336</x>
      <y>0.74</y>
      <w>0.5591398</w>
      <t>4000</t>
    </point>
    <point>
      <x>0.78833336</x>
      <y>0.7416667</y>
      <w>0.5591398</w>
      <t>4000</t>
    </point>
    <point>
      <x>0.78833336</x>
      <y>0.74</y>
      <w>0.39784947</w>
      <t>4067</t>
    </point>
  </stroke>
</character>
