<?xml version="1.0" encoding="UTF-8"?>
<character>
  <stroke time="0">
    <point>
      <x>0.31333333</x>
      <y>0.24333334</y>
      <w>0.29618767</w>
      <t>69</t>
    </point>
    <point>
      <x>0.315</x>
      <y>0.245</y>
      <w>0.29618767</w>
      <t>69</t>
    </point>
    <point>
      <x>0.31666666</x>
      <y>0.24833333</y>
      <w>0.38220918</w>
      <t>99</t>
    </point>
    <point>
      <x>0.31833333</x>
      <y>0.25</y>
      <w>0.38220918</w>
      <t>99</t>
    </point>
    <point>
      <x>0.32166666</x>
      <y>0.25166667</y>
      <w>0.38220918</w>
      <t>99</t>
    </point>
    <point>
      <x>0.32333332</x>
      <y>0.255</y>
      <w>0.38220918</w>
      <t>100</t>
    </point>
    <point>
      <x>0.325</x>
      <y>0.25666666</y>
      <w>0.40762463</w>
      <t>133</t>
    </point>
    <point>
      <x>0.32666665</x>
      <y>0.25833333</y>
      <w>0.40762463</w>
      <t>133</t>
    </point>
    <point>
      <x>0.33</x>
      <y>0.26166666</y>
      <w>0.40762463</w>
      <t>133</t>
    </point>
    <point>
      <x>0.33333334</x>
      <y>0.265</y>
      <w>0.40762463</w>
      <t>134</t>
    </point>
    <point>
      <x>0.335</x>
      <y>0.26833335</y>
      <w>0.40762463</w>
      <t>134</t>
    </point>
    <point>
      <x>0.33833334</x>
      <y>0.27166668</y>
      <w>0.44770283</w>
      <t>167</t>
    </point>
    <point>
      <x>0.34</x>
      <y>0.275</y>
      <w>0.44770283</w>
      <t>167</t>
    </point>
    <point>
      <x>0.34166667</x>
      <y>0.27833334</y>
      <w>0.44770283</w>
      <t>167</t>
    </point>
    <point>
      <x>0.345</x>
      <y>0.28166667</y>
      <w>0.44770283</w>
      <t>168</t>
    </point>
    <point>
      <x>0.34666666</x>
      <y>0.28666666</y>
      <w>0.4848485</w>
      <t>200</t>
    </point>
    <point>
      <x>0.34833333</x>
      <y>0.29166666</y>
      <w>0.4848485</w>
      <t>200</t>
    </point>
    <point>
      <x>0.35166666</x>
      <y>0.29666665</y>
      <w>0.4848485</w>
      <t>200</t>
    </point>
    <point>
      <x>0.35333332</x>
      <y>0.3</y>
      <w>0.4848485</w>
      <t>201</t>
    </point>
    <point>
      <x>0.355</x>
      <y>0.305</y>
      <w>0.50537634</w>
      <t>201</t>
    </point>
    <point>
      <x>0.35666665</x>
      <y>0.31</y>
      <w>0.5210166</w>
      <t>233</t>
    </point>
    <point>
      <x>0.35833332</x>
      <y>0.31333333</y>
      <w>0.5210166</w>
      <t>233</t>
    </point>
    <point>
      <x>0.35833332</x>
      <y>0.31833333</y>
      <w>0.5210166</w>
      <t>233</t>
    </point>
    <point>
      <x>0.36</x>
      <y>0.32166666</y>
      <w>0.5210166</w>
      <t>233</t>
    </point>
    <point>
      <x>0.36166668</x>
      <y>0.32666665</y>
      <w>0.54447705</w>
      <t>266</t>
    </point>
    <point>
      <x>0.36333334</x>
      <y>0.33166668</y>
      <w>0.54447705</w>
      <t>266</t>
    </point>
    <point>
      <x>0.365</x>
      <y>0.33666667</y>
      <w>0.54447705</w>
      <t>266</t>
    </point>
    <point>
      <x>0.36666667</x>
      <y>0.34166667</y>
      <w>0.54447705</w>
      <t>267</t>
    </point>
    <point>
      <x>0.36666667</x>
      <y>0.34666666</y>
      <w>0.54447705</w>
      <t>267</t>
    </point>
    <point>
      <x>0.36833334</x>
      <y>0.35166666</y>
      <w>0.57478005</w>
      <t>299</t>
    </point>
    <point>
      <x>0.37</x>
      <y>0.35666665</y>
      <w>0.57478005</w>
      <t>299</t>
    </point>
    <point>
      <x>0.37</x>
      <y>0.36166668</y>
      <w>0.57478005</w>
      <t>299</t>
    </point>
    <point>
      <x>0.37166667</x>
      <y>0.36833334</y>
      <w>0.57478005</w>
      <t>299</t>
    </point>
    <point>
      <x>0.37333333</x>
      <y>0.37333333</y>
      <w>0.58748776</w>
      <t>333</t>
    </point>
    <point>
      <x>0.37333333</x>
      <y>0.38</y>
      <w>0.58748776</w>
      <t>333</t>
    </point>
    <point>
      <x>0.375</x>
      <y>0.38666666</y>
      <w>0.58748776</w>
      <t>333</t>
    </point>
    <point>
      <x>0.375</x>
      <y>0.39166668</y>
      <w>0.58748776</w>
      <t>334</t>
    </point>
    <point>
      <x>0.37666667</x>
      <y>0.39833334</y>
      <w>0.58748776</w>
      <t>334</t>
    </point>
    <point>
      <x>0.37666667</x>
      <y>0.405</y>
      <w>0.6089932</w>
      <t>366</t>
    </point>
    <point>
      <x>0.37833333</x>
      <y>0.41</y>
      <w>0.6089932</w>
      <t>366</t>
    </point>
    <point>
      <x>0.37833333</x>
      <y>0.415</y>
      <w>0.6089932</w>
      <t>366</t>
    </point>
    <point>
      <x>0.37833333</x>
      <y>0.42166665</y>
      <w>0.6089932</w>
      <t>367</t>
    </point>
    <point>
      <x>0.38</x>
      <y>0.42666668</y>
      <w>0.6236559</w>
      <t>399</t>
    </point>
    <point>
      <x>0.38</x>
      <y>0.43166667</y>
      <w>0.6236559</w>
      <t>399</t>
    </point>
    <point>
      <x>0.38166666</x>
      <y>0.43666667</y>
      <w>0.6236559</w>
      <t>399</t>
    </point>
    <point>
      <x>0.38166666</x>
      <y>0.44333333</y>
      <w>0.6236559</w>
      <t>400</t>
    </point>
    <point>
      <x>0.38333333</x>
      <y>0.44833332</y>
      <w>0.6304985</w>
      <t>432</t>
    </point>
    <point>
      <x>0.38333333</x>
      <y>0.45333335</y>
      <w>0.6304985</w>
      <t>432</t>
    </point>
    <point>
      <x>0.385</x>
      <y>0.45833334</y>
      <w>0.6304985</w>
      <t>432</t>
    </point>
    <point>
      <x>0.385</x>
      <y>0.46333334</y>
      <w>0.6304985</w>
      <t>433</t>
    </point>
    <point>
      <x>0.385</x>
      <y>0.46666667</y>
      <w>0.6304985</w>
      <t>433</t>
    </point>
    <point>
      <x>0.385</x>
      <y>0.47</y>
      <w>0.6353861</w>
      <t>466</t>
    </point>
    <point>
      <x>0.385</x>
      <y>0.475</y>
      <w>0.6353861</w>
      <t>466</t>
    </point>
    <point>
      <x>0.385</x>
      <y>0.47833332</y>
      <w>0.6353861</w>
      <t>466</t>
    </point>
    <point>
      <x>0.38666666</x>
      <y>0.48166665</y>
      <w>0.6353861</w>
      <t>467</t>
    </point>
    <point>
      <x>0.38666666</x>
      <y>0.485</y>
      <w>0.6392962</w>
      <t>499</t>
    </point>
    <point>
      <x>0.38666666</x>
      <y>0.48833334</y>
      <w>0.6392962</w>
      <t>499</t>
    </point>
    <point>
      <x>0.38666666</x>
      <y>0.49</y>
      <w>0.6392962</w>
      <t>499</t>
    </point>
    <point>
      <x>0.38666666</x>
      <y>0.49333334</y>
      <w>0.6392962</w>
      <t>499</t>
    </point>
    <point>
      <x>0.38666666</x>
      <y>0.495</y>
      <w>0.6392962</w>
      <t>500</t>
    </point>
    <point>
      <x>0.38666666</x>
      <y>0.49666667</y>
      <w>0.6402737</w>
      <t>533</t>
    </point>
    <point>
      <x>0.38666666</x>
      <y>0.49833333</y>
      <w>0.6402737</w>
      <t>533</t>
    </point>
    <point>
      <x>0.38833332</x>
      <y>0.49833333</y>
      <w>0.6402737</w>
      <t>533</t>
    </point>
    <point>
      <x>0.38666666</x>
      <y>0.49666667</y>
      <w>0.5904203</w>
      <t>633</t>
    </point>
    <point>
      <x>0.38333333</x>
      <y>0.495</y>
      <w>0.5904203</w>
      <t>633</t>
    </point>
    <point>
      <x>0.38166666</x>
      <y>0.49166667</y>
      <w>0.5259042</w>
      <t>666</t>
    </point>
    <point>
      <x>0.37833333</x>
      <y>0.48833334</y>
      <w>0.5259042</w>
      <t>666</t>
    </point>
    <point>
      <x>0.375</x>
      <y>0.48666668</y>
      <w>0.5259042</w>
      <t>666</t>
    </point>
    <point>
      <x>0.37166667</x>
      <y>0.48333332</y>
      <w>0.5259042</w>
      <t>666</t>
    </point>
    <point>
      <x>0.36833334</x>
      <y>0.48</y>
      <w>0.5259042</w>
      <t>667</t>
    </point>
    <point>
      <x>0.365</x>
      <y>0.47666666</y>
      <w>0.30400783</w>
      <t>699</t>
    </point>
    <point>
      <x>0.36166668</x>
      <y>0.47166666</y>
      <w>0.30400783</w>
      <t>699</t>
    </point>
    <point>
      <x>0.35833332</x>
      <y>0.46666667</y>
      <w>0.30400783</w>
      <t>699</t>
    </point>
    <point>
      <x>0.35333332</x>
      <y>0.46166667</y>
      <w>0.30400783</w>
      <t>699</t>
    </point>
    <point>
      <x>0.35</x>
      <y>0.45666668</y>
      <w>0.0</w>
      <t>733</t>
    </point>
    <point>
      <x>0.34666666</x>
      <y>0.45166665</y>
      <w>0.0</w>
      <t>733</t>
    </point>
  </stroke>
  <stroke time="1133">
    <point>
      <x>0.22333333</x>
      <y>0.36333334</y>
      <w>0.2922776</w>
      <t>1166</t>
    </point>
    <point>
      <x>0.225</x>
      <y>0.36333334</y>
      <w>0.43597263</w>
      <t>1200</t>
    </point>
    <point>
      <x>0.225</x>
      <y>0.365</y>
      <w>0.5464321</w>
      <t>1234</t>
    </point>
    <point>
      <x>0.225</x>
      <y>0.36666667</y>
      <w>0.5464321</w>
      <t>1235</t>
    </point>
    <point>
      <x>0.22666667</x>
      <y>0.36833334</y>
      <w>0.5464321</w>
      <t>1235</t>
    </point>
    <point>
      <x>0.22666667</x>
      <y>0.37166667</y>
      <w>0.5464321</w>
      <t>1235</t>
    </point>
    <point>
      <x>0.22833334</x>
      <y>0.375</y>
      <w>0.5464321</w>
      <t>1235</t>
    </point>
    <point>
      <x>0.22833334</x>
      <y>0.37833333</y>
      <w>0.6344086</w>
      <t>1266</t>
    </point>
    <point>
      <x>0.22833334</x>
      <y>0.38166666</y>
      <w>0.6344086</w>
      <t>1266</t>
    </point>
    <point>
      <x>0.23</x>
      <y>0.38666666</y>
      <w>0.6344086</w>
      <t>1266</t>
    </point>
    <point>
      <x>0.23</x>
      <y>0.39</y>
      <w>0.6344086</w>
      <t>1266</t>
    </point>
    <point>
      <x>0.23</x>
      <y>0.395</y>
      <w>0.68817204</w>
      <t>1300</t>
    </point>
    <point>
      <x>0.23</x>
      <y>0.39833334</y>
      <w>0.68817204</w>
      <t>1300</t>
    </point>
    <point>
      <x>0.23166667</x>
      <y>0.40333334</y>
      <w>0.68817204</w>
      <t>1300</t>
    </point>
    <point>
      <x>0.23166667</x>
      <y>0.40666667</y>
      <w>0.68817204</w>
      <t>1300</t>
    </point>
    <point>
      <x>0.23166667</x>
      <y>0.41166666</y>
      <w>0.7253177</w>
      <t>1332</t>
    </point>
    <point>
      <x>0.23166667</x>
      <y>0.415</y>
      <w>0.7253177</w>
      <t>1332</t>
    </point>
    <point>
      <x>0.23166667</x>
      <y>0.42</y>
      <w>0.7253177</w>
      <t>1332</t>
    </point>
    <point>
      <x>0.23333333</x>
      <y>0.42333335</y>
      <w>0.7253177</w>
      <t>1332</t>
    </point>
    <point>
      <x>0.23333333</x>
      <y>0.42666668</y>
      <w>0.7253177</w>
      <t>1332</t>
    </point>
    <point>
      <x>0.23333333</x>
      <y>0.43166667</y>
      <w>0.7487781</w>
      <t>1366</t>
    </point>
    <point>
      <x>0.23333333</x>
      <y>0.43833333</y>
      <w>0.7487781</w>
      <t>1366</t>
    </point>
    <point>
      <x>0.23333333</x>
      <y>0.44333333</y>
      <w>0.7487781</w>
      <t>1366</t>
    </point>
    <point>
      <x>0.235</x>
      <y>0.44833332</y>
      <w>0.7487781</w>
      <t>1366</t>
    </point>
    <point>
      <x>0.235</x>
      <y>0.45166665</y>
      <w>0.7546432</w>
      <t>1399</t>
    </point>
    <point>
      <x>0.235</x>
      <y>0.455</y>
      <w>0.7546432</w>
      <t>1399</t>
    </point>
    <point>
      <x>0.235</x>
      <y>0.45833334</y>
      <w>0.7546432</w>
      <t>1399</t>
    </point>
    <point>
      <x>0.23666666</x>
      <y>0.46</y>
      <w>0.7546432</w>
      <t>1399</t>
    </point>
    <point>
      <x>0.23666666</x>
      <y>0.46166667</y>
      <w>0.7546432</w>
      <t>1400</t>
    </point>
    <point>
      <x>0.23666666</x>
      <y>0.46333334</y>
      <w>0.75757575</w>
      <t>1433</t>
    </point>
    <point>
      <x>0.23666666</x>
      <y>0.465</y>
      <w>0.75757575</w>
      <t>1433</t>
    </point>
    <point>
      <x>0.23833333</x>
      <y>0.465</y>
      <w>0.75757575</w>
      <t>1433</t>
    </point>
    <point>
      <x>0.24</x>
      <y>0.465</y>
      <w>0.73900294</w>
      <t>1533</t>
    </point>
    <point>
      <x>0.24166666</x>
      <y>0.46333334</y>
      <w>0.73900294</w>
      <t>1533</t>
    </point>
    <point>
      <x>0.245</x>
      <y>0.46333334</y>
      <w>0.73900294</w>
      <t>1533</t>
    </point>
    <point>
      <x>0.24666667</x>
      <y>0.46166667</y>
      <w>0.73900294</w>
      <t>1533</t>
    </point>
    <point>
      <x>0.25</x>
      <y>0.46</y>
      <w>0.71260995</w>
      <t>1566</t>
    </point>
    <point>
      <x>0.25333333</x>
      <y>0.45833334</y>
      <w>0.71260995</w>
      <t>1566</t>
    </point>
    <point>
      <x>0.25666666</x>
      <y>0.455</y>
      <w>0.71260995</w>
      <t>1566</t>
    </point>
    <point>
      <x>0.26</x>
      <y>0.45333335</y>
      <w>0.71260995</w>
      <t>1566</t>
    </point>
    <point>
      <x>0.26333332</x>
      <y>0.45</y>
      <w>0.71260995</w>
      <t>1566</t>
    </point>
    <point>
      <x>0.26666668</x>
      <y>0.44833332</y>
      <w>0.6676442</w>
      <t>1599</t>
    </point>
    <point>
      <x>0.26833335</x>
      <y>0.445</y>
      <w>0.6676442</w>
      <t>1599</t>
    </point>
    <point>
      <x>0.27166668</x>
      <y>0.44333333</y>
      <w>0.6676442</w>
      <t>1599</t>
    </point>
    <point>
      <x>0.27333334</x>
      <y>0.44</y>
      <w>0.6676442</w>
      <t>1599</t>
    </point>
    <point>
      <x>0.27666667</x>
      <y>0.43833333</y>
      <w>0.63734114</w>
      <t>1633</t>
    </point>
    <point>
      <x>0.28</x>
      <y>0.435</y>
      <w>0.63734114</w>
      <t>1633</t>
    </point>
    <point>
      <x>0.28333333</x>
      <y>0.43166667</y>
      <w>0.63734114</w>
      <t>1633</t>
    </point>
    <point>
      <x>0.28833333</x>
      <y>0.42833334</y>
      <w>0.63734114</w>
      <t>1633</t>
    </point>
    <point>
      <x>0.29166666</x>
      <y>0.42333335</y>
      <w>0.63734114</w>
      <t>1634</t>
    </point>
    <point>
      <x>0.29666665</x>
      <y>0.42</y>
      <w>0.6031281</w>
      <t>1666</t>
    </point>
    <point>
      <x>0.30166668</x>
      <y>0.415</y>
      <w>0.6031281</w>
      <t>1668</t>
    </point>
    <point>
      <x>0.30666667</x>
      <y>0.41166666</y>
      <w>0.6031281</w>
      <t>1668</t>
    </point>
    <point>
      <x>0.31</x>
      <y>0.40833333</y>
      <w>0.6031281</w>
      <t>1668</t>
    </point>
    <point>
      <x>0.315</x>
      <y>0.40333334</y>
      <w>0.5650049</w>
      <t>1700</t>
    </point>
    <point>
      <x>0.32</x>
      <y>0.4</y>
      <w>0.5650049</w>
      <t>1700</t>
    </point>
    <point>
      <x>0.325</x>
      <y>0.395</y>
      <w>0.5650049</w>
      <t>1700</t>
    </point>
    <point>
      <x>0.33</x>
      <y>0.39</y>
      <w>0.5650049</w>
      <t>1700</t>
    </point>
    <point>
      <x>0.33666667</x>
      <y>0.38666666</y>
      <w>0.5650049</w>
      <t>1700</t>
    </point>
    <point>
      <x>0.34166667</x>
      <y>0.38166666</y>
      <w>0.540567</w>
      <t>1733</t>
    </point>
    <point>
      <x>0.34666666</x>
      <y>0.37833333</y>
      <w>0.540567</w>
      <t>1733</t>
    </point>
    <point>
      <x>0.35333332</x>
      <y>0.375</y>
      <w>0.540567</w>
      <t>1733</t>
    </point>
    <point>
      <x>0.35833332</x>
      <y>0.37</y>
      <w>0.540567</w>
      <t>1733</t>
    </point>
    <point>
      <x>0.36333334</x>
      <y>0.36666667</y>
      <w>0.4975562</w>
      <t>1766</t>
    </point>
    <point>
      <x>0.36833334</x>
      <y>0.36333334</y>
      <w>0.4975562</w>
      <t>1766</t>
    </point>
    <point>
      <x>0.375</x>
      <y>0.35833332</y>
      <w>0.4975562</w>
      <t>1766</t>
    </point>
    <point>
      <x>0.38</x>
      <y>0.355</y>
      <w>0.4975562</w>
      <t>1766</t>
    </point>
    <point>
      <x>0.385</x>
      <y>0.35</y>
      <w>0.4975562</w>
      <t>1766</t>
    </point>
    <point>
      <x>0.39166668</x>
      <y>0.345</y>
      <w>0.4340176</w>
      <t>1800</t>
    </point>
    <point>
      <x>0.39666668</x>
      <y>0.34</y>
      <w>0.4340176</w>
      <t>1800</t>
    </point>
    <point>
      <x>0.40333334</x>
      <y>0.33666667</y>
      <w>0.4340176</w>
      <t>1800</t>
    </point>
    <point>
      <x>0.40833333</x>
      <y>0.33166668</y>
      <w>0.4340176</w>
      <t>1800</t>
    </point>
    <point>
      <x>0.41333333</x>
      <y>0.32666665</y>
      <w>0.28836754</w>
      <t>1833</t>
    </point>
    <point>
      <x>0.42</x>
      <y>0.32166666</y>
      <w>0.28836754</w>
      <t>1833</t>
    </point>
    <point>
      <x>0.425</x>
      <y>0.31833333</y>
      <w>0.28836754</w>
      <t>1833</t>
    </point>
    <point>
      <x>0.43166667</x>
      <y>0.31333333</y>
      <w>0.28836754</w>
      <t>1833</t>
    </point>
    <point>
      <x>0.43666667</x>
      <y>0.31</y>
      <w>0.16813295</w>
      <t>1866</t>
    </point>
    <point>
      <x>0.44333333</x>
      <y>0.305</y>
      <w>0.16813295</w>
      <t>1866</t>
    </point>
    <point>
      <x>0.44833332</x>
      <y>0.30166668</y>
      <w>0.16813295</w>
      <t>1866</t>
    </point>
    <point>
      <x>0.45333335</x>
      <y>0.29666665</y>
      <w>0.16813295</w>
      <t>1866</t>
    </point>
    <point>
      <x>0.45833334</x>
      <y>0.29333332</y>
      <w>0.16813295</w>
      <t>1866</t>
    </point>
    <point>
      <x>0.46333334</x>
      <y>0.29</y>
      <w>0.14956012</w>
      <t>1900</t>
    </point>
    <point>
      <x>0.46833333</x>
      <y>0.285</y>
      <w>0.14956012</w>
      <t>1900</t>
    </point>
    <point>
      <x>0.47333333</x>
      <y>0.28166667</y>
      <w>0.14956012</w>
      <t>1900</t>
    </point>
    <point>
      <x>0.47833332</x>
      <y>0.27833334</y>
      <w>0.14956012</w>
      <t>1900</t>
    </point>
    <point>
      <x>0.48333332</x>
      <y>0.27666667</y>
      <w>0.13978495</w>
      <t>1933</t>
    </point>
    <point>
      <x>0.48833334</x>
      <y>0.27333334</y>
      <w>0.13978495</w>
      <t>1933</t>
    </point>
    <point>
      <x>0.495</x>
      <y>0.27</y>
      <w>0.13978495</w>
      <t>1933</t>
    </point>
    <point>
      <x>0.5</x>
      <y>0.26833335</y>
      <w>0.13978495</w>
      <t>1933</t>
    </point>
    <point>
      <x>0.505</x>
      <y>0.26666668</y>
      <w>0.13978495</w>
      <t>1933</t>
    </point>
    <point>
      <x>0.51</x>
      <y>0.26333332</y>
      <w>0.13978495</w>
      <t>1967</t>
    </point>
    <point>
      <x>0.5133333</x>
      <y>0.26166666</y>
      <w>0.13978495</w>
      <t>1967</t>
    </point>
    <point>
      <x>0.51666665</x>
      <y>0.26</y>
      <w>0.13978495</w>
      <t>1967</t>
    </point>
    <point>
      <x>0.52166665</x>
      <y>0.25833333</y>
      <w>0.13978495</w>
      <t>1967</t>
    </point>
    <point>
      <x>0.525</x>
      <y>0.25666666</y>
      <w>0.1652004</w>
      <t>2000</t>
    </point>
    <point>
      <x>0.5283333</x>
      <y>0.255</y>
      <w>0.1652004</w>
      <t>2000</t>
    </point>
    <point>
      <x>0.5316667</x>
      <y>0.25333333</y>
      <w>0.1652004</w>
      <t>2000</t>
    </point>
    <point>
      <x>0.535</x>
      <y>0.25333333</y>
      <w>0.1652004</w>
      <t>2000</t>
    </point>
    <point>
      <x>0.54</x>
      <y>0.25166667</y>
      <w>0.1652004</w>
      <t>2000</t>
    </point>
    <point>
      <x>0.54333335</x>
      <y>0.25</y>
      <w>0.19843598</w>
      <t>2033</t>
    </point>
    <point>
      <x>0.5466667</x>
      <y>0.24833333</y>
      <w>0.19843598</w>
      <t>2033</t>
    </point>
    <point>
      <x>0.5516667</x>
      <y>0.24666667</y>
      <w>0.19843598</w>
      <t>2033</t>
    </point>
    <point>
      <x>0.555</x>
      <y>0.245</y>
      <w>0.19843598</w>
      <t>2033</t>
    </point>
    <point>
      <x>0.56</x>
      <y>0.24333334</y>
      <w>0.20234604</w>
      <t>2067</t>
    </point>
    <point>
      <x>0.56333333</x>
      <y>0.24166666</y>
      <w>0.20234604</w>
      <t>2067</t>
    </point>
    <point>
      <x>0.56666666</x>
      <y>0.24166666</y>
      <w>0.20234604</w>
      <t>2067</t>
    </point>
    <point>
      <x>0.57</x>
      <y>0.24</y>
      <w>0.20234604</w>
      <t>2067</t>
    </point>
    <point>
      <x>0.5733333</x>
      <y>0.24</y>
      <w>0.20234604</w>
      <t>2067</t>
    </point>
    <point>
      <x>0.575</x>
      <y>0.24</y>
      <w>0.2062561</w>
      <t>2100</t>
    </point>
    <point>
      <x>0.57666665</x>
      <y>0.24</y>
      <w>0.2062561</w>
      <t>2100</t>
    </point>
    <point>
      <x>0.58</x>
      <y>0.24</y>
      <w>0.2062561</w>
      <t>2100</t>
    </point>
    <point>
      <x>0.58166665</x>
      <y>0.24</y>
      <w>0.2062561</w>
      <t>2100</t>
    </point>
    <point>
      <x>0.5833333</x>
      <y>0.24</y>
      <w>0.25610948</w>
      <t>2133</t>
    </point>
    <point>
      <x>0.585</x>
      <y>0.24</y>
      <w>0.25610948</w>
      <t>2133</t>
    </point>
    <point>
      <x>0.58666664</x>
      <y>0.24166666</y>
      <w>0.25610948</w>
      <t>2133</t>
    </point>
    <point>
      <x>0.5883333</x>
      <y>0.24166666</y>
      <w>0.32942328</w>
      <t>2166</t>
    </point>
    <point>
      <x>0.59</x>
      <y>0.24333334</y>
      <w>0.32942328</w>
      <t>2166</t>
    </point>
    <point>
      <x>0.59166664</x>
      <y>0.245</y>
      <w>0.32942328</w>
      <t>2166</t>
    </point>
    <point>
      <x>0.5933333</x>
      <y>0.24666667</y>
      <w>0.32942328</w>
      <t>2166</t>
    </point>
    <point>
      <x>0.595</x>
      <y>0.24666667</y>
      <w>0.32942328</w>
      <t>2166</t>
    </point>
    <point>
      <x>0.595</x>
      <y>0.24833333</y>
      <w>0.35874876</w>
      <t>2200</t>
    </point>
    <point>
      <x>0.5966667</x>
      <y>0.25</y>
      <w>0.35874876</w>
      <t>2200</t>
    </point>
    <point>
      <x>0.59833336</x>
      <y>0.25166667</y>
      <w>0.35874876</w>
      <t>2200</t>
    </point>
    <point>
      <x>0.6</x>
      <y>0.25333333</y>
      <w>0.35874876</w>
      <t>2200</t>
    </point>
    <point>
      <x>0.6</x>
      <y>0.255</y>
      <w>0.4115347</w>
      <t>2233</t>
    </point>
    <point>
      <x>0.6016667</x>
      <y>0.25833333</y>
      <w>0.4115347</w>
      <t>2233</t>
    </point>
    <point>
      <x>0.6016667</x>
      <y>0.26</y>
      <w>0.4115347</w>
      <t>2233</t>
    </point>
    <point>
      <x>0.6016667</x>
      <y>0.26333332</y>
      <w>0.4115347</w>
      <t>2233</t>
    </point>
    <point>
      <x>0.60333335</x>
      <y>0.26666668</y>
      <w>0.4115347</w>
      <t>2233</t>
    </point>
    <point>
      <x>0.60333335</x>
      <y>0.27</y>
      <w>0.45356795</w>
      <t>2266</t>
    </point>
    <point>
      <x>0.605</x>
      <y>0.27166668</y>
      <w>0.45356795</w>
      <t>2266</t>
    </point>
    <point>
      <x>0.605</x>
      <y>0.275</y>
      <w>0.45356795</w>
      <t>2266</t>
    </point>
    <point>
      <x>0.6066667</x>
      <y>0.27833334</y>
      <w>0.45356795</w>
      <t>2266</t>
    </point>
    <point>
      <x>0.6066667</x>
      <y>0.28166667</y>
      <w>0.5034213</w>
      <t>2300</t>
    </point>
    <point>
      <x>0.60833335</x>
      <y>0.285</y>
      <w>0.5034213</w>
      <t>2300</t>
    </point>
    <point>
      <x>0.60833335</x>
      <y>0.28833333</y>
      <w>0.5034213</w>
      <t>2300</t>
    </point>
    <point>
      <x>0.61</x>
      <y>0.29</y>
      <w>0.5034213</w>
      <t>2300</t>
    </point>
    <point>
      <x>0.61</x>
      <y>0.29333332</y>
      <w>0.5034213</w>
      <t>2300</t>
    </point>
    <point>
      <x>0.6116667</x>
      <y>0.295</y>
      <w>0.5268817</w>
      <t>2333</t>
    </point>
    <point>
      <x>0.6116667</x>
      <y>0.29833335</y>
      <w>0.5268817</w>
      <t>2333</t>
    </point>
    <point>
      <x>0.61333334</x>
      <y>0.30166668</y>
      <w>0.5268817</w>
      <t>2333</t>
    </point>
    <point>
      <x>0.61333334</x>
      <y>0.305</y>
      <w>0.5268817</w>
      <t>2333</t>
    </point>
    <point>
      <x>0.615</x>
      <y>0.30666667</y>
      <w>0.5581623</w>
      <t>2367</t>
    </point>
    <point>
      <x>0.6166667</x>
      <y>0.31</y>
      <w>0.5581623</w>
      <t>2367</t>
    </point>
    <point>
      <x>0.61833334</x>
      <y>0.31333333</y>
      <w>0.5581623</w>
      <t>2367</t>
    </point>
    <point>
      <x>0.62</x>
      <y>0.31666666</y>
      <w>0.5581623</w>
      <t>2367</t>
    </point>
    <point>
      <x>0.62166667</x>
      <y>0.32166666</y>
      <w>0.5581623</w>
      <t>2367</t>
    </point>
    <point>
      <x>0.62333333</x>
      <y>0.325</y>
      <w>0.60215056</w>
      <t>2400</t>
    </point>
    <point>
      <x>0.625</x>
      <y>0.32666665</y>
      <w>0.60215056</w>
      <t>2400</t>
    </point>
    <point>
      <x>0.62666667</x>
      <y>0.33</y>
      <w>0.60215056</w>
      <t>2400</t>
    </point>
    <point>
      <x>0.62833333</x>
      <y>0.33166668</y>
      <w>0.60215056</w>
      <t>2400</t>
    </point>
    <point>
      <x>0.63</x>
      <y>0.33333334</y>
      <w>0.6363636</w>
      <t>2433</t>
    </point>
    <point>
      <x>0.63166666</x>
      <y>0.335</y>
      <w>0.6363636</w>
      <t>2433</t>
    </point>
    <point>
      <x>0.6333333</x>
      <y>0.33666667</y>
      <w>0.6363636</w>
      <t>2433</t>
    </point>
    <point>
      <x>0.635</x>
      <y>0.33666667</y>
      <w>0.6363636</w>
      <t>2433</t>
    </point>
    <point>
      <x>0.63666666</x>
      <y>0.33833334</y>
      <w>0.69990224</w>
      <t>2466</t>
    </point>
    <point>
      <x>0.6383333</x>
      <y>0.33833334</y>
      <w>0.69990224</w>
      <t>2466</t>
    </point>
    <point>
      <x>0.64</x>
      <y>0.34</y>
      <w>0.69990224</w>
      <t>2466</t>
    </point>
    <point>
      <x>0.64166665</x>
      <y>0.34</y>
      <w>0.69990224</w>
      <t>2466</t>
    </point>
    <point>
      <x>0.6433333</x>
      <y>0.34166667</y>
      <w>0.72629523</w>
      <t>2500</t>
    </point>
    <point>
      <x>0.64666665</x>
      <y>0.34166667</y>
      <w>0.72629523</w>
      <t>2500</t>
    </point>
    <point>
      <x>0.6483333</x>
      <y>0.34166667</y>
      <w>0.72629523</w>
      <t>2500</t>
    </point>
    <point>
      <x>0.65166664</x>
      <y>0.34166667</y>
      <w>0.72629523</w>
      <t>2500</t>
    </point>
    <point>
      <x>0.655</x>
      <y>0.34166667</y>
      <w>0.7546432</w>
      <t>2533</t>
    </point>
    <point>
      <x>0.65833336</x>
      <y>0.34166667</y>
      <w>0.7546432</w>
      <t>2533</t>
    </point>
    <point>
      <x>0.6616667</x>
      <y>0.34166667</y>
      <w>0.7546432</w>
      <t>2533</t>
    </point>
    <point>
      <x>0.665</x>
      <y>0.34166667</y>
      <w>0.7546432</w>
      <t>2533</t>
    </point>
    <point>
      <x>0.67</x>
      <y>0.34166667</y>
      <w>0.7546432</w>
      <t>2533</t>
    </point>
    <point>
      <x>0.67333335</x>
      <y>0.34166667</y>
      <w>0.7820137</w>
      <t>2566</t>
    </point>
    <point>
      <x>0.6766667</x>
      <y>0.34166667</y>
      <w>0.7820137</w>
      <t>2566</t>
    </point>
    <point>
      <x>0.68</x>
      <y>0.34166667</y>
      <w>0.7820137</w>
      <t>2566</t>
    </point>
    <point>
      <x>0.68333334</x>
      <y>0.34166667</y>
      <w>0.7820137</w>
      <t>2566</t>
    </point>
    <point>
      <x>0.68666667</x>
      <y>0.34166667</y>
      <w>0.7947214</w>
      <t>2600</t>
    </point>
    <point>
      <x>0.69</x>
      <y>0.34166667</y>
      <w>0.7947214</w>
      <t>2600</t>
    </point>
    <point>
      <x>0.6933333</x>
      <y>0.34166667</y>
      <w>0.7947214</w>
      <t>2600</t>
    </point>
    <point>
      <x>0.69666666</x>
      <y>0.34</y>
      <w>0.7947214</w>
      <t>2600</t>
    </point>
    <point>
      <x>0.70166665</x>
      <y>0.34</y>
      <w>0.7947214</w>
      <t>2600</t>
    </point>
    <point>
      <x>0.705</x>
      <y>0.33833334</y>
      <w>0.8103617</w>
      <t>2633</t>
    </point>
    <point>
      <x>0.71</x>
      <y>0.33666667</y>
      <w>0.8103617</w>
      <t>2633</t>
    </point>
    <point>
      <x>0.715</x>
      <y>0.33666667</y>
      <w>0.8103617</w>
      <t>2633</t>
    </point>
    <point>
      <x>0.7183333</x>
      <y>0.335</y>
      <w>0.8103617</w>
      <t>2633</t>
    </point>
    <point>
      <x>0.7216667</x>
      <y>0.335</y>
      <w>0.81524926</w>
      <t>2666</t>
    </point>
    <point>
      <x>0.7266667</x>
      <y>0.33333334</y>
      <w>0.81524926</w>
      <t>2666</t>
    </point>
    <point>
      <x>0.73</x>
      <y>0.33333334</y>
      <w>0.81524926</w>
      <t>2666</t>
    </point>
    <point>
      <x>0.73333335</x>
      <y>0.33333334</y>
      <w>0.81524926</w>
      <t>2666</t>
    </point>
    <point>
      <x>0.73833334</x>
      <y>0.33333334</y>
      <w>0.81524926</w>
      <t>2666</t>
    </point>
    <point>
      <x>0.7416667</x>
      <y>0.33333334</y>
      <w>0.8191593</w>
      <t>2700</t>
    </point>
    <point>
      <x>0.745</x>
      <y>0.33333334</y>
      <w>0.8191593</w>
      <t>2700</t>
    </point>
    <point>
      <x>0.74833333</x>
      <y>0.33333334</y>
      <w>0.8191593</w>
      <t>2700</t>
    </point>
    <point>
      <x>0.75166667</x>
      <y>0.33333334</y>
      <w>0.8191593</w>
      <t>2700</t>
    </point>
    <point>
      <x>0.755</x>
      <y>0.335</y>
      <w>0.8191593</w>
      <t>2733</t>
    </point>
    <point>
      <x>0.7583333</x>
      <y>0.335</y>
      <w>0.8191593</w>
      <t>2733</t>
    </point>
    <point>
      <x>0.76166666</x>
      <y>0.33666667</y>
      <w>0.8191593</w>
      <t>2733</t>
    </point>
    <point>
      <x>0.7633333</x>
      <y>0.33833334</y>
      <w>0.8191593</w>
      <t>2733</t>
    </point>
    <point>
      <x>0.76666665</x>
      <y>0.33833334</y>
      <w>0.8230694</w>
      <t>2766</t>
    </point>
    <point>
      <x>0.77</x>
      <y>0.34</y>
      <w>0.8230694</w>
      <t>2766</t>
    </point>
    <point>
      <x>0.77166665</x>
      <y>0.34166667</y>
      <w>0.8230694</w>
      <t>2766</t>
    </point>
    <point>
      <x>0.775</x>
      <y>0.34333333</y>
      <w>0.8230694</w>
      <t>2766</t>
    </point>
    <point>
      <x>0.7783333</x>
      <y>0.345</y>
      <w>0.8230694</w>
      <t>2766</t>
    </point>
    <point>
      <x>0.78</x>
      <y>0.34666666</y>
      <w>0.8230694</w>
      <t>2800</t>
    </point>
    <point>
      <x>0.7816667</x>
      <y>0.34833333</y>
      <w>0.8230694</w>
      <t>2800</t>
    </point>
    <point>
      <x>0.785</x>
      <y>0.35</y>
      <w>0.8230694</w>
      <t>2800</t>
    </point>
    <point>
      <x>0.7866667</x>
      <y>0.35166666</y>
      <w>0.8230694</w>
      <t>2800</t>
    </point>
    <point>
      <x>0.78833336</x>
      <y>0.35333332</y>
      <w>0.82600194</w>
      <t>2833</t>
    </point>
    <point>
      <x>0.79</x>
      <y>0.35333332</y>
      <w>0.82600194</w>
      <t>2833</t>
    </point>
    <point>
      <x>0.79</x>
      <y>0.355</y>
      <w>0.82600194</w>
      <t>2833</t>
    </point>
    <point>
      <x>0.7916667</x>
      <y>0.35666665</y>
      <w>0.82600194</w>
      <t>2833</t>
    </point>
    <point>
      <x>0.79333335</x>
      <y>0.35833332</y>
      <w>0.8230694</w>
      <t>2867</t>
    </point>
    <point>
      <x>0.79333335</x>
      <y>0.36</y>
      <w>0.8230694</w>
      <t>2867</t>
    </point>
    <point>
      <x>0.79333335</x>
      <y>0.36166668</y>
      <w>0.82013685</w>
      <t>2899</t>
    </point>
    <point>
      <x>0.79333335</x>
      <y>0.36333334</y>
      <w>0.82013685</w>
      <t>2899</t>
    </point>
    <point>
      <x>0.79333335</x>
      <y>0.365</y>
      <w>0.8064516</w>
      <t>2932</t>
    </point>
    <point>
      <x>0.79333335</x>
      <y>0.36666667</y>
      <w>0.8064516</w>
      <t>2932</t>
    </point>
    <point>
      <x>0.7916667</x>
      <y>0.36833334</y>
      <w>0.8064516</w>
      <t>2932</t>
    </point>
    <point>
      <x>0.79</x>
      <y>0.37</y>
      <w>0.8064516</w>
      <t>2932</t>
    </point>
    <point>
      <x>0.7866667</x>
      <y>0.37166667</y>
      <w>0.8064516</w>
      <t>2932</t>
    </point>
    <point>
      <x>0.785</x>
      <y>0.37333333</y>
      <w>0.7947214</w>
      <t>2966</t>
    </point>
    <point>
      <x>0.7816667</x>
      <y>0.37666667</y>
      <w>0.7947214</w>
      <t>2966</t>
    </point>
    <point>
      <x>0.78</x>
      <y>0.37833333</y>
      <w>0.7947214</w>
      <t>2966</t>
    </point>
    <point>
      <x>0.77666664</x>
      <y>0.38</y>
      <w>0.7947214</w>
      <t>2966</t>
    </point>
    <point>
      <x>0.7733333</x>
      <y>0.38166666</y>
      <w>0.7947214</w>
      <t>2966</t>
    </point>
    <point>
      <x>0.77</x>
      <y>0.385</y>
      <w>0.78103614</w>
      <t>3000</t>
    </point>
    <point>
      <x>0.76666665</x>
      <y>0.38666666</y>
      <w>0.78103614</w>
      <t>3000</t>
    </point>
    <point>
      <x>0.76166666</x>
      <y>0.38833332</y>
      <w>0.78103614</w>
      <t>3000</t>
    </point>
    <point>
      <x>0.7583333</x>
      <y>0.39</y>
      <w>0.78103614</w>
      <t>3000</t>
    </point>
    <point>
      <x>0.755</x>
      <y>0.39</y>
      <w>0.7419355</w>
      <t>3033</t>
    </point>
    <point>
      <x>0.75</x>
      <y>0.39166668</y>
      <w>0.7419355</w>
      <t>3033</t>
    </point>
    <point>
      <x>0.74666667</x>
      <y>0.39333335</y>
      <w>0.7419355</w>
      <t>3033</t>
    </point>
    <point>
      <x>0.7416667</x>
      <y>0.395</y>
      <w>0.7419355</w>
      <t>3033</t>
    </point>
    <point>
      <x>0.73833334</x>
      <y>0.39666668</y>
      <w>0.7419355</w>
      <t>3033</t>
    </point>
    <point>
      <x>0.73333335</x>
      <y>0.39833334</y>
      <w>0.6871945</w>
      <t>3066</t>
    </point>
    <point>
      <x>0.72833335</x>
      <y>0.4</y>
      <w>0.6871945</w>
      <t>3066</t>
    </point>
    <point>
      <x>0.72333336</x>
      <y>0.40166667</y>
      <w>0.6871945</w>
      <t>3066</t>
    </point>
    <point>
      <x>0.72</x>
      <y>0.40333334</y>
      <w>0.6871945</w>
      <t>3066</t>
    </point>
    <point>
      <x>0.715</x>
      <y>0.40666667</y>
      <w>0.62463343</w>
      <t>3100</t>
    </point>
    <point>
      <x>0.71</x>
      <y>0.40833333</y>
      <w>0.62463343</w>
      <t>3100</t>
    </point>
    <point>
      <x>0.7033333</x>
      <y>0.41166666</y>
      <w>0.62463343</w>
      <t>3100</t>
    </point>
    <point>
      <x>0.6983333</x>
      <y>0.41333333</y>
      <w>0.62463343</w>
      <t>3100</t>
    </point>
    <point>
      <x>0.6933333</x>
      <y>0.41666666</y>
      <w>0.5610948</w>
      <t>3133</t>
    </point>
    <point>
      <x>0.68833333</x>
      <y>0.41833332</y>
      <w>0.5610948</w>
      <t>3133</t>
    </point>
    <point>
      <x>0.68333334</x>
      <y>0.42</y>
      <w>0.5610948</w>
      <t>3133</t>
    </point>
    <point>
      <x>0.67833334</x>
      <y>0.42333335</y>
      <w>0.5610948</w>
      <t>3133</t>
    </point>
    <point>
      <x>0.67333335</x>
      <y>0.425</y>
      <w>0.5610948</w>
      <t>3133</t>
    </point>
    <point>
      <x>0.66833335</x>
      <y>0.42833334</y>
      <w>0.46725318</w>
      <t>3167</t>
    </point>
    <point>
      <x>0.6616667</x>
      <y>0.43166667</y>
      <w>0.46725318</w>
      <t>3167</t>
    </point>
    <point>
      <x>0.6566667</x>
      <y>0.43333334</y>
      <w>0.46725318</w>
      <t>3167</t>
    </point>
    <point>
      <x>0.65</x>
      <y>0.43666667</y>
      <w>0.46725318</w>
      <t>3167</t>
    </point>
    <point>
      <x>0.645</x>
      <y>0.44</y>
      <w>0.21603128</w>
      <t>3200</t>
    </point>
    <point>
      <x>0.6383333</x>
      <y>0.445</y>
      <w>0.21603128</w>
      <t>3200</t>
    </point>
    <point>
      <x>0.63166666</x>
      <y>0.44833332</y>
      <w>0.21603128</w>
      <t>3200</t>
    </point>
    <point>
      <x>0.625</x>
      <y>0.45333335</y>
      <w>0.21603128</w>
      <t>3200</t>
    </point>
    <point>
      <x>0.6166667</x>
      <y>0.45833334</y>
      <w>0.21603128</w>
      <t>3200</t>
    </point>
    <point>
      <x>0.60833335</x>
      <y>0.46333334</y>
      <w>0.074291304</w>
      <t>3233</t>
    </point>
    <point>
      <x>0.6</x>
      <y>0.46833333</y>
      <w>0.074291304</w>
      <t>3233</t>
    </point>
  </stroke>
  <stroke time="3766">
    <point>
      <x>0.32666665</x>
      <y>0.6383333</y>
      <w>0.15640274</w>
      <t>3766</t>
    </point>
    <point>
      <x>0.325</x>
      <y>0.6383333</y>
      <w>0.29912025</w>
      <t>3800</t>
    </point>
    <point>
      <x>0.32333332</x>
      <y>0.64</y>
      <w>0.29912025</w>
      <t>3800</t>
    </point>
    <point>
      <x>0.32166666</x>
      <y>0.64166665</y>
      <w>0.48973608</w>
      <t>3833</t>
    </point>
    <point>
      <x>0.32166666</x>
      <y>0.6433333</y>
      <w>0.48973608</w>
      <t>3833</t>
    </point>
    <point>
      <x>0.32</x>
      <y>0.645</y>
      <w>0.48973608</w>
      <t>3833</t>
    </point>
    <point>
      <x>0.31833333</x>
      <y>0.64666665</y>
      <w>0.48973608</w>
      <t>3833</t>
    </point>
    <point>
      <x>0.315</x>
      <y>0.65</y>
      <w>0.5591398</w>
      <t>3867</t>
    </point>
    <point>
      <x>0.31333333</x>
      <y>0.6533333</y>
      <w>0.5591398</w>
      <t>3867</t>
    </point>
    <point>
      <x>0.31</x>
      <y>0.6566667</y>
      <w>0.5591398</w>
      <t>3867</t>
    </point>
    <point>
      <x>0.30666667</x>
      <y>0.66</y>
      <w>0.5591398</w>
      <t>3867</t>
    </point>
    <point>
      <x>0.30333334</x>
      <y>0.665</y>
      <w>0.5591398</w>
      <t>3867</t>
    </point>
    <point>
      <x>0.3</x>
      <y>0.66833335</y>
      <w>0.6344086</w>
      <t>3900</t>
    </point>
    <point>
      <x>0.29833335</x>
      <y>0.6716667</y>
      <w>0.6344086</w>
      <t>3900</t>
    </point>
    <point>
      <x>0.295</x>
      <y>0.67333335</y>
      <w>0.6344086</w>
      <t>3900</t>
    </point>
    <point>
      <x>0.29333332</x>
      <y>0.6766667</y>
      <w>0.6344086</w>
      <t>3900</t>
    </point>
    <point>
      <x>0.29166666</x>
      <y>0.67833334</y>
      <w>0.67741936</w>
      <t>3933</t>
    </point>
    <point>
      <x>0.29166666</x>
      <y>0.68</y>
      <w>0.67741936</w>
      <t>3933</t>
    </point>
    <point>
      <x>0.29</x>
      <y>0.68333334</y>
      <w>0.67741936</w>
      <t>3933</t>
    </point>
    <point>
      <x>0.28833333</x>
      <y>0.68666667</y>
      <w>0.67741936</w>
      <t>3933</t>
    </point>
    <point>
      <x>0.28666666</x>
      <y>0.69</y>
      <w>0.7047898</w>
      <t>3966</t>
    </point>
    <point>
      <x>0.28666666</x>
      <y>0.69166666</y>
      <w>0.7047898</w>
      <t>3966</t>
    </point>
    <point>
      <x>0.285</x>
      <y>0.695</y>
      <w>0.7047898</w>
      <t>3966</t>
    </point>
    <point>
      <x>0.285</x>
      <y>0.6983333</y>
      <w>0.7047898</w>
      <t>3966</t>
    </point>
    <point>
      <x>0.28333333</x>
      <y>0.70166665</y>
      <w>0.7047898</w>
      <t>3966</t>
    </point>
    <point>
      <x>0.28166667</x>
      <y>0.705</y>
      <w>0.73216033</w>
      <t>4000</t>
    </point>
    <point>
      <x>0.28166667</x>
      <y>0.7083333</y>
      <w>0.73216033</w>
      <t>4000</t>
    </point>
    <point>
      <x>0.28166667</x>
      <y>0.71166664</y>
      <w>0.73216033</w>
      <t>4000</t>
    </point>
    <point>
      <x>0.28</x>
      <y>0.715</y>
      <w>0.73216033</w>
      <t>4000</t>
    </point>
    <point>
      <x>0.28</x>
      <y>0.71666664</y>
      <w>0.7497556</w>
      <t>4033</t>
    </point>
    <point>
      <x>0.28</x>
      <y>0.7183333</y>
      <w>0.7497556</w>
      <t>4033</t>
    </point>
    <point>
      <x>0.28</x>
      <y>0.72</y>
      <w>0.7497556</w>
      <t>4033</t>
    </point>
    <point>
      <x>0.28</x>
      <y>0.7216667</y>
      <w>0.7497556</w>
      <t>4033</t>
    </point>
    <point>
      <x>0.28</x>
      <y>0.72333336</y>
      <w>0.7497556</w>
      <t>4033</t>
    </point>
    <point>
      <x>0.28166667</x>
      <y>0.72333336</y>
      <w>0.7487781</w>
      <t>4100</t>
    </point>
    <point>
      <x>0.28333333</x>
      <y>0.72333336</y>
      <w>0.7487781</w>
      <t>4100</t>
    </point>
    <point>
      <x>0.285</x>
      <y>0.72333336</y>
      <w>0.7438905</w>
      <t>4133</t>
    </point>
    <point>
      <x>0.28666666</x>
      <y>0.72333336</y>
      <w>0.7438905</w>
      <t>4133</t>
    </point>
    <point>
      <x>0.29</x>
      <y>0.72333336</y>
      <w>0.7438905</w>
      <t>4133</t>
    </point>
    <point>
      <x>0.295</x>
      <y>0.7216667</y>
      <w>0.7438905</w>
      <t>4133</t>
    </point>
    <point>
      <x>0.29833335</x>
      <y>0.72</y>
      <w>0.7194526</w>
      <t>4166</t>
    </point>
    <point>
      <x>0.30333334</x>
      <y>0.7183333</y>
      <w>0.7194526</w>
      <t>4166</t>
    </point>
    <point>
      <x>0.30833334</x>
      <y>0.715</y>
      <w>0.7194526</w>
      <t>4166</t>
    </point>
    <point>
      <x>0.31333333</x>
      <y>0.71166664</y>
      <w>0.7194526</w>
      <t>4166</t>
    </point>
    <point>
      <x>0.31833333</x>
      <y>0.7083333</y>
      <w>0.7194526</w>
      <t>4166</t>
    </point>
    <point>
      <x>0.32333332</x>
      <y>0.705</y>
      <w>0.6686217</w>
      <t>4200</t>
    </point>
    <point>
      <x>0.33</x>
      <y>0.7</y>
      <w>0.6686217</w>
      <t>4200</t>
    </point>
    <point>
      <x>0.335</x>
      <y>0.69666666</y>
      <w>0.6686217</w>
      <t>4200</t>
    </point>
    <point>
      <x>0.34166667</x>
      <y>0.69166666</y>
      <w>0.6686217</w>
      <t>4200</t>
    </point>
    <point>
      <x>0.34666666</x>
      <y>0.68833333</y>
      <w>0.627566</w>
      <t>4233</t>
    </point>
    <point>
      <x>0.35333332</x>
      <y>0.685</y>
      <w>0.627566</w>
      <t>4233</t>
    </point>
    <point>
      <x>0.36</x>
      <y>0.6816667</y>
      <w>0.627566</w>
      <t>4233</t>
    </point>
    <point>
      <x>0.365</x>
      <y>0.68</y>
      <w>0.627566</w>
      <t>4233</t>
    </point>
    <point>
      <x>0.37166667</x>
      <y>0.6766667</y>
      <w>0.5581623</w>
      <t>4266</t>
    </point>
    <point>
      <x>0.37666667</x>
      <y>0.67333335</y>
      <w>0.5581623</w>
      <t>4266</t>
    </point>
    <point>
      <x>0.38333333</x>
      <y>0.67</y>
      <w>0.5581623</w>
      <t>4266</t>
    </point>
    <point>
      <x>0.39</x>
      <y>0.6666667</y>
      <w>0.5581623</w>
      <t>4266</t>
    </point>
    <point>
      <x>0.39666668</x>
      <y>0.66333336</y>
      <w>0.5581623</w>
      <t>4266</t>
    </point>
    <point>
      <x>0.40333334</x>
      <y>0.66</y>
      <w>0.4916911</w>
      <t>4300</t>
    </point>
    <point>
      <x>0.41</x>
      <y>0.65833336</y>
      <w>0.4916911</w>
      <t>4300</t>
    </point>
    <point>
      <x>0.415</x>
      <y>0.655</y>
      <w>0.4916911</w>
      <t>4300</t>
    </point>
    <point>
      <x>0.42</x>
      <y>0.6533333</y>
      <w>0.4916911</w>
      <t>4300</t>
    </point>
    <point>
      <x>0.425</x>
      <y>0.65166664</y>
      <w>0.46529815</w>
      <t>4333</t>
    </point>
    <point>
      <x>0.43</x>
      <y>0.65</y>
      <w>0.46529815</w>
      <t>4333</t>
    </point>
    <point>
      <x>0.435</x>
      <y>0.6483333</y>
      <w>0.46529815</w>
      <t>4333</t>
    </point>
    <point>
      <x>0.44</x>
      <y>0.6483333</y>
      <w>0.46529815</w>
      <t>4333</t>
    </point>
    <point>
      <x>0.445</x>
      <y>0.64666665</y>
      <w>0.46529815</w>
      <t>4333</t>
    </point>
    <point>
      <x>0.45166665</x>
      <y>0.64666665</y>
      <w>0.4467253</w>
      <t>4367</t>
    </point>
    <point>
      <x>0.45666668</x>
      <y>0.645</y>
      <w>0.4467253</w>
      <t>4367</t>
    </point>
    <point>
      <x>0.46166667</x>
      <y>0.645</y>
      <w>0.4467253</w>
      <t>4367</t>
    </point>
    <point>
      <x>0.46666667</x>
      <y>0.645</y>
      <w>0.4467253</w>
      <t>4367</t>
    </point>
    <point>
      <x>0.47166666</x>
      <y>0.645</y>
      <w>0.4457478</w>
      <t>4400</t>
    </point>
    <point>
      <x>0.47666666</x>
      <y>0.645</y>
      <w>0.4457478</w>
      <t>4400</t>
    </point>
    <point>
      <x>0.48</x>
      <y>0.645</y>
      <w>0.4457478</w>
      <t>4400</t>
    </point>
    <point>
      <x>0.485</x>
      <y>0.645</y>
      <w>0.4457478</w>
      <t>4400</t>
    </point>
    <point>
      <x>0.48833334</x>
      <y>0.645</y>
      <w>0.4457478</w>
      <t>4400</t>
    </point>
    <point>
      <x>0.49333334</x>
      <y>0.645</y>
      <w>0.4457478</w>
      <t>4433</t>
    </point>
    <point>
      <x>0.49666667</x>
      <y>0.645</y>
      <w>0.4457478</w>
      <t>4433</t>
    </point>
    <point>
      <x>0.5</x>
      <y>0.645</y>
      <w>0.4457478</w>
      <t>4433</t>
    </point>
    <point>
      <x>0.505</x>
      <y>0.645</y>
      <w>0.4457478</w>
      <t>4433</t>
    </point>
    <point>
      <x>0.5083333</x>
      <y>0.64666665</y>
      <w>0.45845553</w>
      <t>4467</t>
    </point>
    <point>
      <x>0.51166666</x>
      <y>0.6483333</y>
      <w>0.45845553</w>
      <t>4467</t>
    </point>
    <point>
      <x>0.5133333</x>
      <y>0.6483333</y>
      <w>0.45845553</w>
      <t>4467</t>
    </point>
    <point>
      <x>0.51666665</x>
      <y>0.65</y>
      <w>0.45845553</w>
      <t>4467</t>
    </point>
    <point>
      <x>0.5183333</x>
      <y>0.65166664</y>
      <w>0.45845553</w>
      <t>4467</t>
    </point>
    <point>
      <x>0.52166665</x>
      <y>0.6533333</y>
      <w>0.4975562</w>
      <t>4500</t>
    </point>
    <point>
      <x>0.5233333</x>
      <y>0.655</y>
      <w>0.4975562</w>
      <t>4500</t>
    </point>
    <point>
      <x>0.52666664</x>
      <y>0.6566667</y>
      <w>0.4975562</w>
      <t>4500</t>
    </point>
    <point>
      <x>0.5283333</x>
      <y>0.65833336</y>
      <w>0.4975562</w>
      <t>4500</t>
    </point>
    <point>
      <x>0.5316667</x>
      <y>0.6616667</y>
      <w>0.514174</w>
      <t>4533</t>
    </point>
    <point>
      <x>0.53333336</x>
      <y>0.66333336</y>
      <w>0.514174</w>
      <t>4533</t>
    </point>
    <point>
      <x>0.5366667</x>
      <y>0.665</y>
      <w>0.514174</w>
      <t>4533</t>
    </point>
    <point>
      <x>0.54</x>
      <y>0.66833335</y>
      <w>0.514174</w>
      <t>4533</t>
    </point>
    <point>
      <x>0.54333335</x>
      <y>0.67</y>
      <w>0.5366569</w>
      <t>4567</t>
    </point>
    <point>
      <x>0.545</x>
      <y>0.6716667</y>
      <w>0.5366569</w>
      <t>4567</t>
    </point>
    <point>
      <x>0.54833335</x>
      <y>0.675</y>
      <w>0.5366569</w>
      <t>4567</t>
    </point>
    <point>
      <x>0.5516667</x>
      <y>0.6766667</y>
      <w>0.5366569</w>
      <t>4567</t>
    </point>
    <point>
      <x>0.55333334</x>
      <y>0.67833334</y>
      <w>0.5366569</w>
      <t>4567</t>
    </point>
    <point>
      <x>0.5566667</x>
      <y>0.68</y>
      <w>0.5581623</w>
      <t>4600</t>
    </point>
    <point>
      <x>0.55833334</x>
      <y>0.6816667</y>
      <w>0.5581623</w>
      <t>4600</t>
    </point>
    <point>
      <x>0.56166667</x>
      <y>0.68333334</y>
      <w>0.5581623</w>
      <t>4600</t>
    </point>
    <point>
      <x>0.56333333</x>
      <y>0.685</y>
      <w>0.5581623</w>
      <t>4600</t>
    </point>
    <point>
      <x>0.56666666</x>
      <y>0.68666667</y>
      <w>0.5913978</w>
      <t>4633</t>
    </point>
    <point>
      <x>0.5683333</x>
      <y>0.68833333</y>
      <w>0.5913978</w>
      <t>4633</t>
    </point>
    <point>
      <x>0.57</x>
      <y>0.69</y>
      <w>0.5913978</w>
      <t>4633</t>
    </point>
    <point>
      <x>0.57166666</x>
      <y>0.69166666</y>
      <w>0.5913978</w>
      <t>4633</t>
    </point>
    <point>
      <x>0.5733333</x>
      <y>0.69166666</y>
      <w>0.5913978</w>
      <t>4633</t>
    </point>
    <point>
      <x>0.57666665</x>
      <y>0.6933333</y>
      <w>0.60117304</w>
      <t>4666</t>
    </point>
    <point>
      <x>0.5783333</x>
      <y>0.6933333</y>
      <w>0.60117304</w>
      <t>4666</t>
    </point>
    <point>
      <x>0.58</x>
      <y>0.695</y>
      <w>0.60117304</w>
      <t>4666</t>
    </point>
    <point>
      <x>0.58166665</x>
      <y>0.695</y>
      <w>0.60117304</w>
      <t>4666</t>
    </point>
    <point>
      <x>0.5833333</x>
      <y>0.69666666</y>
      <w>0.6050831</w>
      <t>4700</t>
    </point>
    <point>
      <x>0.585</x>
      <y>0.69666666</y>
      <w>0.6050831</w>
      <t>4700</t>
    </point>
    <point>
      <x>0.58666664</x>
      <y>0.69666666</y>
      <w>0.6050831</w>
      <t>4700</t>
    </point>
    <point>
      <x>0.5883333</x>
      <y>0.6983333</y>
      <w>0.6050831</w>
      <t>4700</t>
    </point>
    <point>
      <x>0.59166664</x>
      <y>0.6983333</y>
      <w>0.6050831</w>
      <t>4700</t>
    </point>
    <point>
      <x>0.5933333</x>
      <y>0.6983333</y>
      <w>0.61290324</w>
      <t>4733</t>
    </point>
    <point>
      <x>0.595</x>
      <y>0.6983333</y>
      <w>0.61290324</w>
      <t>4733</t>
    </point>
    <point>
      <x>0.59833336</x>
      <y>0.6983333</y>
      <w>0.61290324</w>
      <t>4733</t>
    </point>
    <point>
      <x>0.6</x>
      <y>0.6983333</y>
      <w>0.61290324</w>
      <t>4733</t>
    </point>
    <point>
      <x>0.60333335</x>
      <y>0.6983333</y>
      <w>0.6031281</w>
      <t>4767</t>
    </point>
    <point>
      <x>0.6066667</x>
      <y>0.6983333</y>
      <w>0.6031281</w>
      <t>4767</t>
    </point>
    <point>
      <x>0.6116667</x>
      <y>0.69666666</y>
      <w>0.6031281</w>
      <t>4767</t>
    </point>
    <point>
      <x>0.615</x>
      <y>0.6933333</y>
      <w>0.6031281</w>
      <t>4767</t>
    </point>
    <point>
      <x>0.62</x>
      <y>0.69166666</y>
      <w>0.6031281</w>
      <t>4767</t>
    </point>
    <point>
      <x>0.62333333</x>
      <y>0.68833333</y>
      <w>0.5855327</w>
      <t>4800</t>
    </point>
    <point>
      <x>0.62833333</x>
      <y>0.68666667</y>
      <w>0.5855327</w>
      <t>4800</t>
    </point>
    <point>
      <x>0.63166666</x>
      <y>0.68333334</y>
      <w>0.5855327</w>
      <t>4800</t>
    </point>
    <point>
      <x>0.635</x>
      <y>0.6816667</y>
      <w>0.5855327</w>
      <t>4800</t>
    </point>
    <point>
      <x>0.64</x>
      <y>0.68</y>
      <w>0.5845552</w>
      <t>4833</t>
    </point>
    <point>
      <x>0.6433333</x>
      <y>0.67833334</y>
      <w>0.5845552</w>
      <t>4833</t>
    </point>
    <point>
      <x>0.6483333</x>
      <y>0.6766667</y>
      <w>0.5845552</w>
      <t>4833</t>
    </point>
    <point>
      <x>0.65166664</x>
      <y>0.675</y>
      <w>0.5845552</w>
      <t>4833</t>
    </point>
    <point>
      <x>0.6566667</x>
      <y>0.67333335</y>
      <w>0.5845552</w>
      <t>4867</t>
    </point>
    <point>
      <x>0.6616667</x>
      <y>0.6716667</y>
      <w>0.5845552</w>
      <t>4867</t>
    </point>
    <point>
      <x>0.6666667</x>
      <y>0.67</y>
      <w>0.5845552</w>
      <t>4867</t>
    </point>
    <point>
      <x>0.67</x>
      <y>0.66833335</y>
      <w>0.5845552</w>
      <t>4867</t>
    </point>
    <point>
      <x>0.675</x>
      <y>0.6666667</y>
      <w>0.5845552</w>
      <t>4867</t>
    </point>
    <point>
      <x>0.67833334</x>
      <y>0.6666667</y>
      <w>0.5855327</w>
      <t>4900</t>
    </point>
    <point>
      <x>0.6816667</x>
      <y>0.6666667</y>
      <w>0.5855327</w>
      <t>4900</t>
    </point>
    <point>
      <x>0.68666667</x>
      <y>0.665</y>
      <w>0.5855327</w>
      <t>4900</t>
    </point>
    <point>
      <x>0.69</x>
      <y>0.665</y>
      <w>0.5855327</w>
      <t>4900</t>
    </point>
    <point>
      <x>0.6933333</x>
      <y>0.665</y>
      <w>0.5884653</w>
      <t>4933</t>
    </point>
    <point>
      <x>0.69666666</x>
      <y>0.665</y>
      <w>0.5884653</w>
      <t>4933</t>
    </point>
    <point>
      <x>0.70166665</x>
      <y>0.66333336</y>
      <w>0.5884653</w>
      <t>4933</t>
    </point>
    <point>
      <x>0.705</x>
      <y>0.66333336</y>
      <w>0.5884653</w>
      <t>4933</t>
    </point>
    <point>
      <x>0.7083333</x>
      <y>0.66333336</y>
      <w>0.5884653</w>
      <t>4933</t>
    </point>
    <point>
      <x>0.7133333</x>
      <y>0.66333336</y>
      <w>0.5884653</w>
      <t>4967</t>
    </point>
    <point>
      <x>0.71666664</x>
      <y>0.66333336</y>
      <w>0.5884653</w>
      <t>4967</t>
    </point>
    <point>
      <x>0.72</x>
      <y>0.66333336</y>
      <w>0.5884653</w>
      <t>4967</t>
    </point>
    <point>
      <x>0.7216667</x>
      <y>0.66333336</y>
      <w>0.5884653</w>
      <t>4967</t>
    </point>
    <point>
      <x>0.725</x>
      <y>0.66333336</y>
      <w>0.5982405</w>
      <t>5000</t>
    </point>
    <point>
      <x>0.72833335</x>
      <y>0.66333336</y>
      <w>0.5982405</w>
      <t>5000</t>
    </point>
    <point>
      <x>0.73333335</x>
      <y>0.665</y>
      <w>0.5982405</w>
      <t>5000</t>
    </point>
    <point>
      <x>0.7366667</x>
      <y>0.6666667</y>
      <w>0.5982405</w>
      <t>5000</t>
    </point>
    <point>
      <x>0.7416667</x>
      <y>0.66833335</y>
      <w>0.5982405</w>
      <t>5000</t>
    </point>
    <point>
      <x>0.745</x>
      <y>0.67</y>
      <w>0.6344086</w>
      <t>5033</t>
    </point>
    <point>
      <x>0.75</x>
      <y>0.6716667</y>
      <w>0.6344086</w>
      <t>5033</t>
    </point>
    <point>
      <x>0.755</x>
      <y>0.67333335</y>
      <w>0.6344086</w>
      <t>5033</t>
    </point>
    <point>
      <x>0.7583333</x>
      <y>0.675</y>
      <w>0.6344086</w>
      <t>5033</t>
    </point>
    <point>
      <x>0.76166666</x>
      <y>0.6766667</y>
      <w>0.6392962</w>
      <t>5066</t>
    </point>
    <point>
      <x>0.765</x>
      <y>0.67833334</y>
      <w>0.6392962</w>
      <t>5066</t>
    </point>
    <point>
      <x>0.7683333</x>
      <y>0.67833334</y>
      <w>0.6392962</w>
      <t>5066</t>
    </point>
    <point>
      <x>0.77</x>
      <y>0.68</y>
      <w>0.6392962</w>
      <t>5066</t>
    </point>
    <point>
      <x>0.77166665</x>
      <y>0.68</y>
      <w>0.6392962</w>
      <t>5066</t>
    </point>
    <point>
      <x>0.775</x>
      <y>0.6816667</y>
      <w>0.6402737</w>
      <t>5100</t>
    </point>
    <point>
      <x>0.77666664</x>
      <y>0.68333334</y>
      <w>0.6402737</w>
      <t>5100</t>
    </point>
    <point>
      <x>0.7783333</x>
      <y>0.685</y>
      <w>0.6402737</w>
      <t>5100</t>
    </point>
    <point>
      <x>0.7816667</x>
      <y>0.685</y>
      <w>0.6402737</w>
      <t>5100</t>
    </point>
    <point>
      <x>0.785</x>
      <y>0.68666667</y>
      <w>0.6402737</w>
      <t>5133</t>
    </point>
    <point>
      <x>0.7866667</x>
      <y>0.68833333</y>
      <w>0.6402737</w>
      <t>5133</t>
    </point>
    <point>
      <x>0.79</x>
      <y>0.69</y>
      <w>0.6402737</w>
      <t>5133</t>
    </point>
    <point>
      <x>0.79333335</x>
      <y>0.69166666</y>
      <w>0.6402737</w>
      <t>5133</t>
    </point>
    <point>
      <x>0.795</x>
      <y>0.69166666</y>
      <w>0.6402737</w>
      <t>5167</t>
    </point>
    <point>
      <x>0.79833335</x>
      <y>0.6933333</y>
      <w>0.6402737</w>
      <t>5167</t>
    </point>
    <point>
      <x>0.8016667</x>
      <y>0.695</y>
      <w>0.6402737</w>
      <t>5167</t>
    </point>
    <point>
      <x>0.80333334</x>
      <y>0.69666666</y>
      <w>0.6402737</w>
      <t>5167</t>
    </point>
    <point>
      <x>0.805</x>
      <y>0.69666666</y>
      <w>0.6402737</w>
      <t>5167</t>
    </point>
    <point>
      <x>0.805</x>
      <y>0.6983333</y>
      <w>0.6412512</w>
      <t>5200</t>
    </point>
    <point>
      <x>0.8066667</x>
      <y>0.6983333</y>
      <w>0.63147604</w>
      <t>5233</t>
    </point>
    <point>
      <x>0.8066667</x>
      <y>0.69666666</y>
      <w>0.2170088</w>
      <t>5300</t>
    </point>
    <point>
      <x>0.805</x>
      <y>0.695</y>
      <w>0.2170088</w>
      <t>5300</t>
    </point>
  </stroke>
</character>
