<?xml version="1.0" encoding="UTF-8"?>
<character>
  <stroke time="0">
    <point>
      <x>0.23833333</x>
      <y>0.29</y>
      <w>0.28836754</w>
      <t>70</t>
    </point>
    <point>
      <x>0.24</x>
      <y>0.29</y>
      <w>0.45454547</w>
      <t>167</t>
    </point>
    <point>
      <x>0.24166666</x>
      <y>0.29166666</y>
      <w>0.45454547</w>
      <t>167</t>
    </point>
    <point>
      <x>0.24333334</x>
      <y>0.29166666</y>
      <w>0.4623656</w>
      <t>200</t>
    </point>
    <point>
      <x>0.24666667</x>
      <y>0.29166666</y>
      <w>0.4623656</w>
      <t>200</t>
    </point>
    <point>
      <x>0.24833333</x>
      <y>0.29333332</y>
      <w>0.4623656</w>
      <t>200</t>
    </point>
    <point>
      <x>0.25166667</x>
      <y>0.29333332</y>
      <w>0.4623656</w>
      <t>201</t>
    </point>
    <point>
      <x>0.255</x>
      <y>0.295</y>
      <w>0.4623656</w>
      <t>201</t>
    </point>
    <point>
      <x>0.25833333</x>
      <y>0.295</y>
      <w>0.46725318</w>
      <t>233</t>
    </point>
    <point>
      <x>0.26166666</x>
      <y>0.29666665</y>
      <w>0.46725318</w>
      <t>233</t>
    </point>
    <point>
      <x>0.265</x>
      <y>0.29666665</y>
      <w>0.46725318</w>
      <t>233</t>
    </point>
    <point>
      <x>0.26666668</x>
      <y>0.29833335</y>
      <w>0.46725318</w>
      <t>233</t>
    </point>
    <point>
      <x>0.26833335</x>
      <y>0.29833335</y>
      <w>0.4692082</w>
      <t>267</t>
    </point>
    <point>
      <x>0.27</x>
      <y>0.3</y>
      <w>0.4692082</w>
      <t>267</t>
    </point>
    <point>
      <x>0.27</x>
      <y>0.30166668</y>
      <w>0.49364614</w>
      <t>300</t>
    </point>
    <point>
      <x>0.27</x>
      <y>0.30333334</y>
      <w>0.49364614</w>
      <t>300</t>
    </point>
    <point>
      <x>0.27166668</x>
      <y>0.305</y>
      <w>0.49364614</w>
      <t>300</t>
    </point>
    <point>
      <x>0.27166668</x>
      <y>0.30666667</y>
      <w>0.5083089</w>
      <t>333</t>
    </point>
    <point>
      <x>0.27333334</x>
      <y>0.30833334</y>
      <w>0.5083089</w>
      <t>333</t>
    </point>
    <point>
      <x>0.27333334</x>
      <y>0.31</y>
      <w>0.5102639</w>
      <t>367</t>
    </point>
    <point>
      <x>0.27333334</x>
      <y>0.31166667</y>
      <w>0.5102639</w>
      <t>367</t>
    </point>
    <point>
      <x>0.27333334</x>
      <y>0.31333333</y>
      <w>0.5102639</w>
      <t>367</t>
    </point>
    <point>
      <x>0.27333334</x>
      <y>0.315</y>
      <w>0.51124144</w>
      <t>400</t>
    </point>
    <point>
      <x>0.27333334</x>
      <y>0.31666666</y>
      <w>0.51124144</w>
      <t>400</t>
    </point>
    <point>
      <x>0.27333334</x>
      <y>0.31833333</y>
      <w>0.51124144</w>
      <t>400</t>
    </point>
    <point>
      <x>0.27333334</x>
      <y>0.32</y>
      <w>0.51124144</w>
      <t>401</t>
    </point>
    <point>
      <x>0.27333334</x>
      <y>0.32166666</y>
      <w>0.5083089</w>
      <t>433</t>
    </point>
    <point>
      <x>0.27333334</x>
      <y>0.32333332</y>
      <w>0.5083089</w>
      <t>433</t>
    </point>
    <point>
      <x>0.27</x>
      <y>0.32666665</y>
      <w>0.5083089</w>
      <t>433</t>
    </point>
    <point>
      <x>0.26833335</x>
      <y>0.33166668</y>
      <w>0.5083089</w>
      <t>433</t>
    </point>
    <point>
      <x>0.265</x>
      <y>0.33666667</y>
      <w>0.5083089</w>
      <t>434</t>
    </point>
    <point>
      <x>0.26166666</x>
      <y>0.34166667</y>
      <w>0.0</w>
      <t>468</t>
    </point>
    <point>
      <x>0.25833333</x>
      <y>0.34833333</y>
      <w>0.0</w>
      <t>469</t>
    </point>
    <point>
      <x>0.255</x>
      <y>0.35333332</y>
      <w>0.0</w>
      <t>469</t>
    </point>
  </stroke>
  <stroke time="1034">
    <point>
      <x>0.22833334</x>
      <y>0.45333335</y>
      <w>0.11730205</w>
      <t>1067</t>
    </point>
    <point>
      <x>0.23</x>
      <y>0.45333335</y>
      <w>0.23753665</w>
      <t>1100</t>
    </point>
    <point>
      <x>0.23166667</x>
      <y>0.455</y>
      <w>0.23753665</w>
      <t>1100</t>
    </point>
    <point>
      <x>0.23333333</x>
      <y>0.45666668</y>
      <w>0.35092863</w>
      <t>1134</t>
    </point>
    <point>
      <x>0.235</x>
      <y>0.46</y>
      <w>0.35092863</w>
      <t>1134</t>
    </point>
    <point>
      <x>0.23833333</x>
      <y>0.46333334</y>
      <w>0.35092863</w>
      <t>1134</t>
    </point>
    <point>
      <x>0.24</x>
      <y>0.465</y>
      <w>0.35092863</w>
      <t>1134</t>
    </point>
    <point>
      <x>0.24166666</x>
      <y>0.46833333</y>
      <w>0.35092863</w>
      <t>1135</t>
    </point>
    <point>
      <x>0.24333334</x>
      <y>0.47166666</y>
      <w>0.42424244</w>
      <t>1167</t>
    </point>
    <point>
      <x>0.245</x>
      <y>0.47333333</y>
      <w>0.42424244</w>
      <t>1167</t>
    </point>
    <point>
      <x>0.24666667</x>
      <y>0.47666666</y>
      <w>0.42424244</w>
      <t>1167</t>
    </point>
    <point>
      <x>0.24833333</x>
      <y>0.47833332</y>
      <w>0.42424244</w>
      <t>1168</t>
    </point>
    <point>
      <x>0.24833333</x>
      <y>0.48166665</y>
      <w>0.42424244</w>
      <t>1168</t>
    </point>
    <point>
      <x>0.24833333</x>
      <y>0.485</y>
      <w>0.47311828</w>
      <t>1200</t>
    </point>
    <point>
      <x>0.25</x>
      <y>0.49</y>
      <w>0.47311828</w>
      <t>1200</t>
    </point>
    <point>
      <x>0.25</x>
      <y>0.495</y>
      <w>0.47311828</w>
      <t>1200</t>
    </point>
    <point>
      <x>0.25</x>
      <y>0.5</y>
      <w>0.47311828</w>
      <t>1200</t>
    </point>
    <point>
      <x>0.25166667</x>
      <y>0.505</y>
      <w>0.52492666</w>
      <t>1235</t>
    </point>
    <point>
      <x>0.25166667</x>
      <y>0.51166666</y>
      <w>0.53176934</w>
      <t>1235</t>
    </point>
    <point>
      <x>0.25166667</x>
      <y>0.5183333</y>
      <w>0.53176934</w>
      <t>1235</t>
    </point>
    <point>
      <x>0.25166667</x>
      <y>0.525</y>
      <w>0.53176934</w>
      <t>1236</t>
    </point>
    <point>
      <x>0.25166667</x>
      <y>0.5316667</y>
      <w>0.53176934</w>
      <t>1236</t>
    </point>
    <point>
      <x>0.25166667</x>
      <y>0.53833336</y>
      <w>0.5552297</w>
      <t>1267</t>
    </point>
    <point>
      <x>0.25166667</x>
      <y>0.5466667</y>
      <w>0.5552297</w>
      <t>1267</t>
    </point>
    <point>
      <x>0.25166667</x>
      <y>0.55333334</y>
      <w>0.5552297</w>
      <t>1267</t>
    </point>
    <point>
      <x>0.25166667</x>
      <y>0.56166667</y>
      <w>0.5552297</w>
      <t>1267</t>
    </point>
    <point>
      <x>0.25166667</x>
      <y>0.57</y>
      <w>0.5826002</w>
      <t>1301</t>
    </point>
    <point>
      <x>0.25166667</x>
      <y>0.5783333</y>
      <w>0.5826002</w>
      <t>1301</t>
    </point>
    <point>
      <x>0.25166667</x>
      <y>0.5883333</y>
      <w>0.5826002</w>
      <t>1301</t>
    </point>
    <point>
      <x>0.25166667</x>
      <y>0.5966667</y>
      <w>0.5826002</w>
      <t>1301</t>
    </point>
    <point>
      <x>0.25166667</x>
      <y>0.6066667</y>
      <w>0.59433043</w>
      <t>1335</t>
    </point>
    <point>
      <x>0.25166667</x>
      <y>0.615</y>
      <w>0.59433043</w>
      <t>1335</t>
    </point>
    <point>
      <x>0.25166667</x>
      <y>0.625</y>
      <w>0.59433043</w>
      <t>1335</t>
    </point>
    <point>
      <x>0.25166667</x>
      <y>0.6333333</y>
      <w>0.59433043</w>
      <t>1335</t>
    </point>
    <point>
      <x>0.25166667</x>
      <y>0.64166665</y>
      <w>0.59433043</w>
      <t>1335</t>
    </point>
    <point>
      <x>0.25166667</x>
      <y>0.65</y>
      <w>0.61290324</w>
      <t>1368</t>
    </point>
    <point>
      <x>0.25166667</x>
      <y>0.65833336</y>
      <w>0.61290324</w>
      <t>1368</t>
    </point>
    <point>
      <x>0.25</x>
      <y>0.6666667</y>
      <w>0.61290324</w>
      <t>1368</t>
    </point>
    <point>
      <x>0.25</x>
      <y>0.675</y>
      <w>0.61290324</w>
      <t>1368</t>
    </point>
    <point>
      <x>0.25</x>
      <y>0.6816667</y>
      <w>0.6304985</w>
      <t>1401</t>
    </point>
    <point>
      <x>0.25</x>
      <y>0.69</y>
      <w>0.6304985</w>
      <t>1401</t>
    </point>
    <point>
      <x>0.25</x>
      <y>0.6983333</y>
      <w>0.6304985</w>
      <t>1401</t>
    </point>
    <point>
      <x>0.25</x>
      <y>0.705</y>
      <w>0.6304985</w>
      <t>1401</t>
    </point>
    <point>
      <x>0.25166667</x>
      <y>0.7133333</y>
      <w>0.6334311</w>
      <t>1434</t>
    </point>
    <point>
      <x>0.25166667</x>
      <y>0.72</y>
      <w>0.6334311</w>
      <t>1436</t>
    </point>
    <point>
      <x>0.25333333</x>
      <y>0.7266667</y>
      <w>0.6334311</w>
      <t>1436</t>
    </point>
    <point>
      <x>0.255</x>
      <y>0.7316667</y>
      <w>0.6334311</w>
      <t>1436</t>
    </point>
    <point>
      <x>0.255</x>
      <y>0.73833334</y>
      <w>0.6334311</w>
      <t>1436</t>
    </point>
    <point>
      <x>0.25666666</x>
      <y>0.7416667</y>
      <w>0.6363636</w>
      <t>1468</t>
    </point>
    <point>
      <x>0.25833333</x>
      <y>0.74666667</y>
      <w>0.6363636</w>
      <t>1468</t>
    </point>
    <point>
      <x>0.25833333</x>
      <y>0.75</y>
      <w>0.6363636</w>
      <t>1470</t>
    </point>
    <point>
      <x>0.26</x>
      <y>0.75166667</y>
      <w>0.6363636</w>
      <t>1470</t>
    </point>
    <point>
      <x>0.26166666</x>
      <y>0.755</y>
      <w>0.6363636</w>
      <t>1470</t>
    </point>
    <point>
      <x>0.26166666</x>
      <y>0.75666666</y>
      <w>0.6392962</w>
      <t>1501</t>
    </point>
    <point>
      <x>0.26333332</x>
      <y>0.7583333</y>
      <w>0.6392962</w>
      <t>1501</t>
    </point>
    <point>
      <x>0.26333332</x>
      <y>0.76</y>
      <w>0.6392962</w>
      <t>1501</t>
    </point>
    <point>
      <x>0.265</x>
      <y>0.76</y>
      <w>0.6392962</w>
      <t>1501</t>
    </point>
    <point>
      <x>0.265</x>
      <y>0.76166666</y>
      <w>0.63831866</w>
      <t>1534</t>
    </point>
    <point>
      <x>0.265</x>
      <y>0.7633333</y>
      <w>0.63831866</w>
      <t>1534</t>
    </point>
    <point>
      <x>0.26666668</x>
      <y>0.7633333</y>
      <w>0.63831866</w>
      <t>1534</t>
    </point>
    <point>
      <x>0.26666668</x>
      <y>0.765</y>
      <w>0.63734114</w>
      <t>1568</t>
    </point>
    <point>
      <x>0.26833335</x>
      <y>0.765</y>
      <w>0.63734114</w>
      <t>1568</t>
    </point>
    <point>
      <x>0.27</x>
      <y>0.765</y>
      <w>0.59530795</w>
      <t>1634</t>
    </point>
    <point>
      <x>0.27166668</x>
      <y>0.7633333</y>
      <w>0.59530795</w>
      <t>1634</t>
    </point>
    <point>
      <x>0.27333334</x>
      <y>0.76166666</y>
      <w>0.516129</w>
      <t>1668</t>
    </point>
    <point>
      <x>0.275</x>
      <y>0.76</y>
      <w>0.516129</w>
      <t>1668</t>
    </point>
    <point>
      <x>0.275</x>
      <y>0.75666666</y>
      <w>0.516129</w>
      <t>1668</t>
    </point>
    <point>
      <x>0.27833334</x>
      <y>0.75333333</y>
      <w>0.516129</w>
      <t>1668</t>
    </point>
    <point>
      <x>0.28</x>
      <y>0.74833333</y>
      <w>0.49266863</w>
      <t>1701</t>
    </point>
    <point>
      <x>0.28166667</x>
      <y>0.74333334</y>
      <w>0.49266863</w>
      <t>1701</t>
    </point>
    <point>
      <x>0.285</x>
      <y>0.7366667</y>
      <w>0.49266863</w>
      <t>1701</t>
    </point>
    <point>
      <x>0.28666666</x>
      <y>0.7316667</y>
      <w>0.49266863</w>
      <t>1701</t>
    </point>
    <point>
      <x>0.28833333</x>
      <y>0.725</y>
      <w>0.49266863</w>
      <t>1702</t>
    </point>
    <point>
      <x>0.29</x>
      <y>0.7183333</y>
      <w>0.45747802</w>
      <t>1734</t>
    </point>
    <point>
      <x>0.29333332</x>
      <y>0.7083333</y>
      <w>0.45747802</w>
      <t>1734</t>
    </point>
    <point>
      <x>0.295</x>
      <y>0.6983333</y>
      <w>0.45747802</w>
      <t>1734</t>
    </point>
    <point>
      <x>0.29833335</x>
      <y>0.68666667</y>
      <w>0.45747802</w>
      <t>1734</t>
    </point>
    <point>
      <x>0.30166668</x>
      <y>0.675</y>
      <w>0.3929619</w>
      <t>1768</t>
    </point>
    <point>
      <x>0.305</x>
      <y>0.6616667</y>
      <w>0.3929619</w>
      <t>1768</t>
    </point>
    <point>
      <x>0.30833334</x>
      <y>0.65</y>
      <w>0.3929619</w>
      <t>1768</t>
    </point>
    <point>
      <x>0.31166667</x>
      <y>0.6383333</y>
      <w>0.3929619</w>
      <t>1768</t>
    </point>
    <point>
      <x>0.31666666</x>
      <y>0.62833333</y>
      <w>0.3929619</w>
      <t>1768</t>
    </point>
    <point>
      <x>0.32</x>
      <y>0.61833334</y>
      <w>0.24242425</w>
      <t>1801</t>
    </point>
    <point>
      <x>0.325</x>
      <y>0.6066667</y>
      <w>0.24242425</w>
      <t>1801</t>
    </point>
    <point>
      <x>0.33166668</x>
      <y>0.595</y>
      <w>0.24242425</w>
      <t>1801</t>
    </point>
    <point>
      <x>0.33833334</x>
      <y>0.58166665</y>
      <w>0.24242425</w>
      <t>1801</t>
    </point>
  </stroke>
  <stroke time="2901">
    <point>
      <x>0.7</x>
      <y>0.25333333</y>
      <w>0.2922776</w>
      <t>2934</t>
    </point>
    <point>
      <x>0.7</x>
      <y>0.255</y>
      <w>0.34017596</w>
      <t>2968</t>
    </point>
    <point>
      <x>0.7</x>
      <y>0.25666666</y>
      <w>0.34017596</w>
      <t>2968</t>
    </point>
    <point>
      <x>0.6983333</x>
      <y>0.25833333</y>
      <w>0.34017596</w>
      <t>2968</t>
    </point>
    <point>
      <x>0.69666666</x>
      <y>0.26166666</y>
      <w>0.34017596</w>
      <t>2968</t>
    </point>
    <point>
      <x>0.69666666</x>
      <y>0.26333332</y>
      <w>0.34017596</w>
      <t>2969</t>
    </point>
    <point>
      <x>0.6933333</x>
      <y>0.26666668</y>
      <w>0.40175954</w>
      <t>3001</t>
    </point>
    <point>
      <x>0.69166666</x>
      <y>0.27</y>
      <w>0.40175954</w>
      <t>3001</t>
    </point>
    <point>
      <x>0.68833333</x>
      <y>0.27333334</y>
      <w>0.40175954</w>
      <t>3001</t>
    </point>
    <point>
      <x>0.685</x>
      <y>0.27666667</y>
      <w>0.40175954</w>
      <t>3001</t>
    </point>
    <point>
      <x>0.68333334</x>
      <y>0.28</y>
      <w>0.43792766</w>
      <t>3035</t>
    </point>
    <point>
      <x>0.68</x>
      <y>0.28333333</y>
      <w>0.43792766</w>
      <t>3035</t>
    </point>
    <point>
      <x>0.675</x>
      <y>0.285</y>
      <w>0.43792766</w>
      <t>3035</t>
    </point>
    <point>
      <x>0.6716667</x>
      <y>0.28833333</y>
      <w>0.43792766</w>
      <t>3035</t>
    </point>
    <point>
      <x>0.66833335</x>
      <y>0.29</y>
      <w>0.43792766</w>
      <t>3035</t>
    </point>
    <point>
      <x>0.665</x>
      <y>0.295</y>
      <w>0.45845553</w>
      <t>3068</t>
    </point>
    <point>
      <x>0.66</x>
      <y>0.29833335</y>
      <w>0.45845553</w>
      <t>3068</t>
    </point>
    <point>
      <x>0.655</x>
      <y>0.30166668</y>
      <w>0.45845553</w>
      <t>3068</t>
    </point>
    <point>
      <x>0.6483333</x>
      <y>0.30666667</y>
      <w>0.45845553</w>
      <t>3068</t>
    </point>
    <point>
      <x>0.6433333</x>
      <y>0.31</y>
      <w>0.46529815</w>
      <t>3101</t>
    </point>
    <point>
      <x>0.63666666</x>
      <y>0.315</y>
      <w>0.46529815</w>
      <t>3101</t>
    </point>
    <point>
      <x>0.63</x>
      <y>0.32</y>
      <w>0.46529815</w>
      <t>3101</t>
    </point>
    <point>
      <x>0.62333333</x>
      <y>0.32333332</y>
      <w>0.46529815</w>
      <t>3101</t>
    </point>
    <point>
      <x>0.615</x>
      <y>0.32833335</y>
      <w>0.4682307</w>
      <t>3135</t>
    </point>
    <point>
      <x>0.6066667</x>
      <y>0.33166668</y>
      <w>0.4682307</w>
      <t>3135</t>
    </point>
    <point>
      <x>0.59833336</x>
      <y>0.33666667</y>
      <w>0.4682307</w>
      <t>3135</t>
    </point>
    <point>
      <x>0.59</x>
      <y>0.34</y>
      <w>0.4682307</w>
      <t>3135</t>
    </point>
    <point>
      <x>0.5833333</x>
      <y>0.34333333</y>
      <w>0.4682307</w>
      <t>3135</t>
    </point>
    <point>
      <x>0.575</x>
      <y>0.34666666</y>
      <w>0.47018573</w>
      <t>3168</t>
    </point>
    <point>
      <x>0.5683333</x>
      <y>0.34833333</y>
      <w>0.47018573</w>
      <t>3168</t>
    </point>
    <point>
      <x>0.56166667</x>
      <y>0.35166666</y>
      <w>0.47018573</w>
      <t>3168</t>
    </point>
    <point>
      <x>0.555</x>
      <y>0.35166666</y>
      <w>0.47018573</w>
      <t>3168</t>
    </point>
    <point>
      <x>0.55</x>
      <y>0.35333332</y>
      <w>0.47018573</w>
      <t>3202</t>
    </point>
    <point>
      <x>0.54333335</x>
      <y>0.35333332</y>
      <w>0.47018573</w>
      <t>3202</t>
    </point>
    <point>
      <x>0.53833336</x>
      <y>0.35333332</y>
      <w>0.47018573</w>
      <t>3202</t>
    </point>
    <point>
      <x>0.53333336</x>
      <y>0.35333332</y>
      <w>0.47018573</w>
      <t>3202</t>
    </point>
    <point>
      <x>0.53</x>
      <y>0.35333332</y>
      <w>0.47018573</w>
      <t>3202</t>
    </point>
    <point>
      <x>0.52666664</x>
      <y>0.35333332</y>
      <w>0.4457478</w>
      <t>3235</t>
    </point>
    <point>
      <x>0.5233333</x>
      <y>0.35166666</y>
      <w>0.4457478</w>
      <t>3235</t>
    </point>
    <point>
      <x>0.52</x>
      <y>0.35166666</y>
      <w>0.4457478</w>
      <t>3235</t>
    </point>
    <point>
      <x>0.5183333</x>
      <y>0.35</y>
      <w>0.4457478</w>
      <t>3235</t>
    </point>
    <point>
      <x>0.515</x>
      <y>0.34833333</y>
      <w>0.39784947</w>
      <t>3268</t>
    </point>
    <point>
      <x>0.5133333</x>
      <y>0.345</y>
      <w>0.39784947</w>
      <t>3268</t>
    </point>
    <point>
      <x>0.51166666</x>
      <y>0.34333333</y>
      <w>0.39784947</w>
      <t>3268</t>
    </point>
    <point>
      <x>0.51</x>
      <y>0.34166667</y>
      <w>0.39784947</w>
      <t>3268</t>
    </point>
    <point>
      <x>0.5083333</x>
      <y>0.33833334</y>
      <w>0.39784947</w>
      <t>3268</t>
    </point>
    <point>
      <x>0.50666666</x>
      <y>0.33666667</y>
      <w>0.3597263</w>
      <t>3301</t>
    </point>
    <point>
      <x>0.50666666</x>
      <y>0.33333334</y>
      <w>0.3597263</w>
      <t>3301</t>
    </point>
    <point>
      <x>0.50666666</x>
      <y>0.33166668</y>
      <w>0.3597263</w>
      <t>3301</t>
    </point>
    <point>
      <x>0.50666666</x>
      <y>0.32833335</y>
      <w>0.3597263</w>
      <t>3301</t>
    </point>
    <point>
      <x>0.50666666</x>
      <y>0.32333332</y>
      <w>0.36168134</w>
      <t>3335</t>
    </point>
    <point>
      <x>0.50666666</x>
      <y>0.32</y>
      <w>0.36168134</w>
      <t>3335</t>
    </point>
    <point>
      <x>0.50666666</x>
      <y>0.315</y>
      <w>0.36168134</w>
      <t>3335</t>
    </point>
    <point>
      <x>0.5083333</x>
      <y>0.31</y>
      <w>0.36168134</w>
      <t>3335</t>
    </point>
    <point>
      <x>0.5083333</x>
      <y>0.30666667</y>
      <w>0.36168134</w>
      <t>3335</t>
    </point>
    <point>
      <x>0.51</x>
      <y>0.30166668</y>
      <w>0.36070383</w>
      <t>3368</t>
    </point>
    <point>
      <x>0.51166666</x>
      <y>0.29833335</y>
      <w>0.36070383</w>
      <t>3368</t>
    </point>
    <point>
      <x>0.5133333</x>
      <y>0.29333332</y>
      <w>0.36070383</w>
      <t>3368</t>
    </point>
    <point>
      <x>0.51666665</x>
      <y>0.29</y>
      <w>0.36070383</w>
      <t>3368</t>
    </point>
    <point>
      <x>0.5183333</x>
      <y>0.285</y>
      <w>0.3597263</w>
      <t>3401</t>
    </point>
    <point>
      <x>0.52166665</x>
      <y>0.28166667</y>
      <w>0.3597263</w>
      <t>3401</t>
    </point>
    <point>
      <x>0.5233333</x>
      <y>0.27833334</y>
      <w>0.3597263</w>
      <t>3401</t>
    </point>
    <point>
      <x>0.52666664</x>
      <y>0.275</y>
      <w>0.3597263</w>
      <t>3401</t>
    </point>
    <point>
      <x>0.5283333</x>
      <y>0.27166668</y>
      <w>0.36168134</w>
      <t>3435</t>
    </point>
    <point>
      <x>0.5316667</x>
      <y>0.26833335</y>
      <w>0.36168134</w>
      <t>3435</t>
    </point>
    <point>
      <x>0.535</x>
      <y>0.265</y>
      <w>0.36168134</w>
      <t>3435</t>
    </point>
    <point>
      <x>0.53833336</x>
      <y>0.26166666</y>
      <w>0.36168134</w>
      <t>3435</t>
    </point>
    <point>
      <x>0.5416667</x>
      <y>0.25833333</y>
      <w>0.36168134</w>
      <t>3435</t>
    </point>
    <point>
      <x>0.54333335</x>
      <y>0.255</y>
      <w>0.36168134</w>
      <t>3468</t>
    </point>
    <point>
      <x>0.5466667</x>
      <y>0.25333333</y>
      <w>0.36168134</w>
      <t>3468</t>
    </point>
    <point>
      <x>0.54833335</x>
      <y>0.25166667</y>
      <w>0.36168134</w>
      <t>3468</t>
    </point>
    <point>
      <x>0.5516667</x>
      <y>0.25</y>
      <w>0.36168134</w>
      <t>3468</t>
    </point>
    <point>
      <x>0.555</x>
      <y>0.24833333</y>
      <w>0.36265886</w>
      <t>3501</t>
    </point>
    <point>
      <x>0.55833334</x>
      <y>0.24666667</y>
      <w>0.36265886</w>
      <t>3501</t>
    </point>
    <point>
      <x>0.56</x>
      <y>0.245</y>
      <w>0.36265886</w>
      <t>3501</t>
    </point>
    <point>
      <x>0.56333333</x>
      <y>0.245</y>
      <w>0.36265886</w>
      <t>3501</t>
    </point>
    <point>
      <x>0.56666666</x>
      <y>0.24333334</y>
      <w>0.36363637</w>
      <t>3535</t>
    </point>
    <point>
      <x>0.57166666</x>
      <y>0.24166666</y>
      <w>0.36363637</w>
      <t>3535</t>
    </point>
    <point>
      <x>0.575</x>
      <y>0.24166666</y>
      <w>0.36363637</w>
      <t>3535</t>
    </point>
    <point>
      <x>0.5783333</x>
      <y>0.24166666</y>
      <w>0.36363637</w>
      <t>3535</t>
    </point>
    <point>
      <x>0.58166665</x>
      <y>0.24</y>
      <w>0.36363637</w>
      <t>3535</t>
    </point>
    <point>
      <x>0.5833333</x>
      <y>0.24</y>
      <w>0.36168134</w>
      <t>3568</t>
    </point>
    <point>
      <x>0.58666664</x>
      <y>0.24</y>
      <w>0.36168134</w>
      <t>3568</t>
    </point>
    <point>
      <x>0.5883333</x>
      <y>0.24</y>
      <w>0.36168134</w>
      <t>3568</t>
    </point>
    <point>
      <x>0.59</x>
      <y>0.24</y>
      <w>0.36168134</w>
      <t>3568</t>
    </point>
    <point>
      <x>0.59166664</x>
      <y>0.24</y>
      <w>0.36168134</w>
      <t>3568</t>
    </point>
    <point>
      <x>0.5933333</x>
      <y>0.24166666</y>
      <w>0.36656892</w>
      <t>3601</t>
    </point>
    <point>
      <x>0.595</x>
      <y>0.24166666</y>
      <w>0.36656892</w>
      <t>3601</t>
    </point>
    <point>
      <x>0.5966667</x>
      <y>0.24333334</y>
      <w>0.36656892</w>
      <t>3601</t>
    </point>
    <point>
      <x>0.59833336</x>
      <y>0.245</y>
      <w>0.37829912</w>
      <t>3635</t>
    </point>
    <point>
      <x>0.6</x>
      <y>0.24833333</y>
      <w>0.37829912</w>
      <t>3635</t>
    </point>
    <point>
      <x>0.6016667</x>
      <y>0.25</y>
      <w>0.37829912</w>
      <t>3635</t>
    </point>
    <point>
      <x>0.60333335</x>
      <y>0.25333333</y>
      <w>0.37829912</w>
      <t>3635</t>
    </point>
    <point>
      <x>0.605</x>
      <y>0.255</y>
      <w>0.38514173</w>
      <t>3668</t>
    </point>
    <point>
      <x>0.6066667</x>
      <y>0.25833333</y>
      <w>0.38514173</w>
      <t>3668</t>
    </point>
    <point>
      <x>0.60833335</x>
      <y>0.26</y>
      <w>0.38514173</w>
      <t>3668</t>
    </point>
    <point>
      <x>0.60833335</x>
      <y>0.26333332</y>
      <w>0.38514173</w>
      <t>3668</t>
    </point>
    <point>
      <x>0.61</x>
      <y>0.26666668</y>
      <w>0.38514173</w>
      <t>3668</t>
    </point>
    <point>
      <x>0.61</x>
      <y>0.27</y>
      <w>0.42619747</w>
      <t>3701</t>
    </point>
    <point>
      <x>0.61</x>
      <y>0.275</y>
      <w>0.42619747</w>
      <t>3701</t>
    </point>
    <point>
      <x>0.61</x>
      <y>0.28</y>
      <w>0.42619747</w>
      <t>3701</t>
    </point>
    <point>
      <x>0.61</x>
      <y>0.28666666</y>
      <w>0.42619747</w>
      <t>3701</t>
    </point>
    <point>
      <x>0.61</x>
      <y>0.29166666</y>
      <w>0.43890518</w>
      <t>3735</t>
    </point>
    <point>
      <x>0.61</x>
      <y>0.29833335</y>
      <w>0.43890518</w>
      <t>3735</t>
    </point>
    <point>
      <x>0.61</x>
      <y>0.30333334</y>
      <w>0.43890518</w>
      <t>3735</t>
    </point>
    <point>
      <x>0.61</x>
      <y>0.31</y>
      <w>0.43890518</w>
      <t>3735</t>
    </point>
    <point>
      <x>0.61</x>
      <y>0.315</y>
      <w>0.43890518</w>
      <t>3735</t>
    </point>
    <point>
      <x>0.61</x>
      <y>0.32166666</y>
      <w>0.44281524</w>
      <t>3768</t>
    </point>
    <point>
      <x>0.60833335</x>
      <y>0.32666665</y>
      <w>0.44281524</w>
      <t>3768</t>
    </point>
    <point>
      <x>0.60833335</x>
      <y>0.33333334</y>
      <w>0.44281524</w>
      <t>3768</t>
    </point>
    <point>
      <x>0.6066667</x>
      <y>0.34</y>
      <w>0.44281524</w>
      <t>3768</t>
    </point>
    <point>
      <x>0.605</x>
      <y>0.34833333</y>
      <w>0.4516129</w>
      <t>3802</t>
    </point>
    <point>
      <x>0.60333335</x>
      <y>0.355</y>
      <w>0.4516129</w>
      <t>3802</t>
    </point>
    <point>
      <x>0.6016667</x>
      <y>0.36166668</y>
      <w>0.4516129</w>
      <t>3802</t>
    </point>
    <point>
      <x>0.6016667</x>
      <y>0.36833334</y>
      <w>0.4516129</w>
      <t>3802</t>
    </point>
    <point>
      <x>0.6</x>
      <y>0.375</y>
      <w>0.4516129</w>
      <t>3802</t>
    </point>
    <point>
      <x>0.59833336</x>
      <y>0.38166666</y>
      <w>0.45454547</w>
      <t>3835</t>
    </point>
    <point>
      <x>0.59833336</x>
      <y>0.38666666</y>
      <w>0.45454547</w>
      <t>3835</t>
    </point>
    <point>
      <x>0.59833336</x>
      <y>0.39333335</y>
      <w>0.45454547</w>
      <t>3835</t>
    </point>
    <point>
      <x>0.59833336</x>
      <y>0.39833334</y>
      <w>0.45454547</w>
      <t>3835</t>
    </point>
    <point>
      <x>0.59833336</x>
      <y>0.405</y>
      <w>0.45552298</w>
      <t>3868</t>
    </point>
    <point>
      <x>0.59833336</x>
      <y>0.41</y>
      <w>0.45552298</w>
      <t>3868</t>
    </point>
    <point>
      <x>0.59833336</x>
      <y>0.415</y>
      <w>0.45552298</w>
      <t>3868</t>
    </point>
    <point>
      <x>0.59833336</x>
      <y>0.42</y>
      <w>0.45552298</w>
      <t>3868</t>
    </point>
    <point>
      <x>0.59833336</x>
      <y>0.425</y>
      <w>0.45552298</w>
      <t>3868</t>
    </point>
    <point>
      <x>0.6</x>
      <y>0.43</y>
      <w>0.4565005</w>
      <t>3901</t>
    </point>
    <point>
      <x>0.6016667</x>
      <y>0.435</y>
      <w>0.4565005</w>
      <t>3901</t>
    </point>
    <point>
      <x>0.60333335</x>
      <y>0.43833333</y>
      <w>0.4565005</w>
      <t>3901</t>
    </point>
    <point>
      <x>0.605</x>
      <y>0.44333333</y>
      <w>0.4565005</w>
      <t>3901</t>
    </point>
    <point>
      <x>0.6066667</x>
      <y>0.44666666</y>
      <w>0.45356795</w>
      <t>3935</t>
    </point>
    <point>
      <x>0.60833335</x>
      <y>0.45</y>
      <w>0.45356795</w>
      <t>3935</t>
    </point>
    <point>
      <x>0.6116667</x>
      <y>0.455</y>
      <w>0.45356795</w>
      <t>3935</t>
    </point>
    <point>
      <x>0.61333334</x>
      <y>0.45833334</y>
      <w>0.45356795</w>
      <t>3935</t>
    </point>
    <point>
      <x>0.6166667</x>
      <y>0.46166667</y>
      <w>0.45356795</w>
      <t>3935</t>
    </point>
    <point>
      <x>0.61833334</x>
      <y>0.465</y>
      <w>0.45356795</w>
      <t>3968</t>
    </point>
    <point>
      <x>0.62166667</x>
      <y>0.46833333</y>
      <w>0.45356795</w>
      <t>3968</t>
    </point>
    <point>
      <x>0.625</x>
      <y>0.47166666</y>
      <w>0.45356795</w>
      <t>3968</t>
    </point>
    <point>
      <x>0.62833333</x>
      <y>0.475</y>
      <w>0.45356795</w>
      <t>3968</t>
    </point>
    <point>
      <x>0.63166666</x>
      <y>0.47833332</y>
      <w>0.4525904</w>
      <t>4001</t>
    </point>
    <point>
      <x>0.635</x>
      <y>0.48166665</y>
      <w>0.4525904</w>
      <t>4001</t>
    </point>
    <point>
      <x>0.6383333</x>
      <y>0.48666668</y>
      <w>0.4525904</w>
      <t>4001</t>
    </point>
    <point>
      <x>0.64166665</x>
      <y>0.49</y>
      <w>0.4525904</w>
      <t>4001</t>
    </point>
    <point>
      <x>0.64666665</x>
      <y>0.495</y>
      <w>0.45356795</w>
      <t>4035</t>
    </point>
    <point>
      <x>0.65</x>
      <y>0.5</y>
      <w>0.45356795</w>
      <t>4035</t>
    </point>
    <point>
      <x>0.6533333</x>
      <y>0.50333333</y>
      <w>0.45356795</w>
      <t>4035</t>
    </point>
    <point>
      <x>0.6566667</x>
      <y>0.5083333</y>
      <w>0.45356795</w>
      <t>4035</t>
    </point>
    <point>
      <x>0.66</x>
      <y>0.5133333</y>
      <w>0.45356795</w>
      <t>4035</t>
    </point>
    <point>
      <x>0.66333336</x>
      <y>0.5183333</y>
      <w>0.4525904</w>
      <t>4068</t>
    </point>
    <point>
      <x>0.66833335</x>
      <y>0.5233333</y>
      <w>0.4525904</w>
      <t>4068</t>
    </point>
    <point>
      <x>0.6716667</x>
      <y>0.5283333</y>
      <w>0.4525904</w>
      <t>4068</t>
    </point>
    <point>
      <x>0.675</x>
      <y>0.5316667</y>
      <w>0.4525904</w>
      <t>4068</t>
    </point>
    <point>
      <x>0.67833334</x>
      <y>0.5366667</y>
      <w>0.4516129</w>
      <t>4101</t>
    </point>
    <point>
      <x>0.68333334</x>
      <y>0.54</y>
      <w>0.4516129</w>
      <t>4101</t>
    </point>
    <point>
      <x>0.68666667</x>
      <y>0.545</y>
      <w>0.4516129</w>
      <t>4101</t>
    </point>
    <point>
      <x>0.69</x>
      <y>0.55</y>
      <w>0.4516129</w>
      <t>4101</t>
    </point>
    <point>
      <x>0.695</x>
      <y>0.555</y>
      <w>0.45356795</w>
      <t>4135</t>
    </point>
    <point>
      <x>0.6983333</x>
      <y>0.56166667</y>
      <w>0.45356795</w>
      <t>4135</t>
    </point>
    <point>
      <x>0.7033333</x>
      <y>0.56666666</y>
      <w>0.45356795</w>
      <t>4135</t>
    </point>
    <point>
      <x>0.70666665</x>
      <y>0.5733333</y>
      <w>0.45356795</w>
      <t>4135</t>
    </point>
    <point>
      <x>0.71</x>
      <y>0.5783333</y>
      <w>0.45356795</w>
      <t>4135</t>
    </point>
    <point>
      <x>0.7133333</x>
      <y>0.585</y>
      <w>0.45356795</w>
      <t>4168</t>
    </point>
    <point>
      <x>0.715</x>
      <y>0.59166664</y>
      <w>0.45356795</w>
      <t>4168</t>
    </point>
    <point>
      <x>0.7183333</x>
      <y>0.5966667</y>
      <w>0.45356795</w>
      <t>4168</t>
    </point>
    <point>
      <x>0.7216667</x>
      <y>0.60333335</y>
      <w>0.45356795</w>
      <t>4168</t>
    </point>
    <point>
      <x>0.725</x>
      <y>0.61</y>
      <w>0.45356795</w>
      <t>4168</t>
    </point>
    <point>
      <x>0.72833335</x>
      <y>0.6166667</y>
      <w>0.45552298</w>
      <t>4201</t>
    </point>
    <point>
      <x>0.73</x>
      <y>0.62333333</y>
      <w>0.45552298</w>
      <t>4201</t>
    </point>
    <point>
      <x>0.73333335</x>
      <y>0.63</y>
      <w>0.45552298</w>
      <t>4201</t>
    </point>
    <point>
      <x>0.735</x>
      <y>0.63666666</y>
      <w>0.45552298</w>
      <t>4201</t>
    </point>
    <point>
      <x>0.7366667</x>
      <y>0.645</y>
      <w>0.45454547</w>
      <t>4235</t>
    </point>
    <point>
      <x>0.7366667</x>
      <y>0.65166664</y>
      <w>0.45454547</w>
      <t>4235</t>
    </point>
    <point>
      <x>0.73833334</x>
      <y>0.65833336</y>
      <w>0.45454547</w>
      <t>4235</t>
    </point>
    <point>
      <x>0.73833334</x>
      <y>0.6666667</y>
      <w>0.45454547</w>
      <t>4235</t>
    </point>
    <point>
      <x>0.73833334</x>
      <y>0.67333335</y>
      <w>0.45552298</w>
      <t>4268</t>
    </point>
    <point>
      <x>0.73833334</x>
      <y>0.68</y>
      <w>0.45552298</w>
      <t>4268</t>
    </point>
    <point>
      <x>0.73833334</x>
      <y>0.68833333</y>
      <w>0.45552298</w>
      <t>4268</t>
    </point>
    <point>
      <x>0.73833334</x>
      <y>0.69666666</y>
      <w>0.45552298</w>
      <t>4268</t>
    </point>
    <point>
      <x>0.73833334</x>
      <y>0.7033333</y>
      <w>0.45552298</w>
      <t>4268</t>
    </point>
    <point>
      <x>0.73833334</x>
      <y>0.71166664</y>
      <w>0.4525904</w>
      <t>4301</t>
    </point>
    <point>
      <x>0.73833334</x>
      <y>0.7183333</y>
      <w>0.4525904</w>
      <t>4301</t>
    </point>
    <point>
      <x>0.7366667</x>
      <y>0.7266667</y>
      <w>0.4525904</w>
      <t>4301</t>
    </point>
    <point>
      <x>0.7366667</x>
      <y>0.73333335</y>
      <w>0.4525904</w>
      <t>4301</t>
    </point>
    <point>
      <x>0.735</x>
      <y>0.7416667</y>
      <w>0.44965786</w>
      <t>4335</t>
    </point>
    <point>
      <x>0.73333335</x>
      <y>0.75</y>
      <w>0.44965786</w>
      <t>4335</t>
    </point>
    <point>
      <x>0.7316667</x>
      <y>0.75666666</y>
      <w>0.44965786</w>
      <t>4335</t>
    </point>
    <point>
      <x>0.72833335</x>
      <y>0.765</y>
      <w>0.44965786</w>
      <t>4335</t>
    </point>
    <point>
      <x>0.7266667</x>
      <y>0.7733333</y>
      <w>0.44965786</w>
      <t>4335</t>
    </point>
    <point>
      <x>0.72333336</x>
      <y>0.78</y>
      <w>0.4457478</w>
      <t>4368</t>
    </point>
    <point>
      <x>0.72</x>
      <y>0.78833336</y>
      <w>0.4457478</w>
      <t>4368</t>
    </point>
    <point>
      <x>0.71666664</x>
      <y>0.795</y>
      <w>0.4457478</w>
      <t>4368</t>
    </point>
    <point>
      <x>0.71166664</x>
      <y>0.8016667</y>
      <w>0.4457478</w>
      <t>4368</t>
    </point>
    <point>
      <x>0.7083333</x>
      <y>0.80833334</y>
      <w>0.4281525</w>
      <t>4401</t>
    </point>
    <point>
      <x>0.7033333</x>
      <y>0.81333333</y>
      <w>0.4281525</w>
      <t>4401</t>
    </point>
    <point>
      <x>0.6983333</x>
      <y>0.8183333</y>
      <w>0.4281525</w>
      <t>4401</t>
    </point>
    <point>
      <x>0.6933333</x>
      <y>0.8233333</y>
      <w>0.4281525</w>
      <t>4401</t>
    </point>
    <point>
      <x>0.68833333</x>
      <y>0.8283333</y>
      <w>0.41544476</w>
      <t>4435</t>
    </point>
    <point>
      <x>0.68333334</x>
      <y>0.83166665</y>
      <w>0.41544476</w>
      <t>4435</t>
    </point>
    <point>
      <x>0.6766667</x>
      <y>0.835</y>
      <w>0.41544476</w>
      <t>4435</t>
    </point>
    <point>
      <x>0.67</x>
      <y>0.8383333</y>
      <w>0.41544476</w>
      <t>4435</t>
    </point>
    <point>
      <x>0.6616667</x>
      <y>0.84166664</y>
      <w>0.41544476</w>
      <t>4435</t>
    </point>
    <point>
      <x>0.655</x>
      <y>0.845</y>
      <w>0.3900293</w>
      <t>4468</t>
    </point>
    <point>
      <x>0.64666665</x>
      <y>0.8466667</y>
      <w>0.3900293</w>
      <t>4468</t>
    </point>
    <point>
      <x>0.63666666</x>
      <y>0.84833336</y>
      <w>0.3900293</w>
      <t>4468</t>
    </point>
    <point>
      <x>0.62833333</x>
      <y>0.85</y>
      <w>0.3900293</w>
      <t>4468</t>
    </point>
    <point>
      <x>0.62</x>
      <y>0.85</y>
      <w>0.3900293</w>
      <t>4468</t>
    </point>
    <point>
      <x>0.61</x>
      <y>0.85</y>
      <w>0.3548387</w>
      <t>4501</t>
    </point>
    <point>
      <x>0.6</x>
      <y>0.84833336</y>
      <w>0.3548387</w>
      <t>4501</t>
    </point>
    <point>
      <x>0.5883333</x>
      <y>0.8466667</y>
      <w>0.3548387</w>
      <t>4501</t>
    </point>
    <point>
      <x>0.5783333</x>
      <y>0.8433333</y>
      <w>0.3548387</w>
      <t>4501</t>
    </point>
    <point>
      <x>0.57</x>
      <y>0.84</y>
      <w>0.34506354</w>
      <t>4535</t>
    </point>
    <point>
      <x>0.56</x>
      <y>0.83666664</y>
      <w>0.34506354</w>
      <t>4535</t>
    </point>
    <point>
      <x>0.5516667</x>
      <y>0.83166665</y>
      <w>0.34506354</w>
      <t>4535</t>
    </point>
    <point>
      <x>0.5416667</x>
      <y>0.8283333</y>
      <w>0.34506354</w>
      <t>4535</t>
    </point>
    <point>
      <x>0.53333336</x>
      <y>0.8233333</y>
      <w>0.3313783</w>
      <t>4568</t>
    </point>
    <point>
      <x>0.52666664</x>
      <y>0.8183333</y>
      <w>0.3313783</w>
      <t>4568</t>
    </point>
    <point>
      <x>0.5183333</x>
      <y>0.81166667</y>
      <w>0.3313783</w>
      <t>4568</t>
    </point>
    <point>
      <x>0.5133333</x>
      <y>0.8066667</y>
      <w>0.3313783</w>
      <t>4568</t>
    </point>
    <point>
      <x>0.50666666</x>
      <y>0.8</y>
      <w>0.3313783</w>
      <t>4568</t>
    </point>
    <point>
      <x>0.50166667</x>
      <y>0.79333335</y>
      <w>0.31867057</w>
      <t>4601</t>
    </point>
    <point>
      <x>0.495</x>
      <y>0.785</y>
      <w>0.31867057</w>
      <t>4601</t>
    </point>
    <point>
      <x>0.49166667</x>
      <y>0.77666664</y>
      <w>0.31867057</w>
      <t>4601</t>
    </point>
    <point>
      <x>0.48666668</x>
      <y>0.77</y>
      <w>0.31867057</w>
      <t>4601</t>
    </point>
    <point>
      <x>0.48333332</x>
      <y>0.76166666</y>
      <w>0.31182796</w>
      <t>4635</t>
    </point>
    <point>
      <x>0.48</x>
      <y>0.75333333</y>
      <w>0.31182796</w>
      <t>4635</t>
    </point>
    <point>
      <x>0.47833332</x>
      <y>0.745</y>
      <w>0.31182796</w>
      <t>4635</t>
    </point>
    <point>
      <x>0.47666666</x>
      <y>0.7366667</y>
      <w>0.31182796</w>
      <t>4635</t>
    </point>
    <point>
      <x>0.475</x>
      <y>0.72833335</y>
      <w>0.31182796</w>
      <t>4635</t>
    </point>
    <point>
      <x>0.47333333</x>
      <y>0.7216667</y>
      <w>0.32453567</w>
      <t>4668</t>
    </point>
    <point>
      <x>0.47333333</x>
      <y>0.715</y>
      <w>0.32453567</w>
      <t>4668</t>
    </point>
    <point>
      <x>0.47333333</x>
      <y>0.7083333</y>
      <w>0.32453567</w>
      <t>4668</t>
    </point>
    <point>
      <x>0.47333333</x>
      <y>0.70166665</y>
      <w>0.32453567</w>
      <t>4668</t>
    </point>
    <point>
      <x>0.47333333</x>
      <y>0.69666666</y>
      <w>0.33822092</w>
      <t>4701</t>
    </point>
    <point>
      <x>0.475</x>
      <y>0.69</y>
      <w>0.33822092</w>
      <t>4701</t>
    </point>
    <point>
      <x>0.47666666</x>
      <y>0.6816667</y>
      <w>0.33822092</w>
      <t>4701</t>
    </point>
    <point>
      <x>0.47833332</x>
      <y>0.675</y>
      <w>0.33822092</w>
      <t>4701</t>
    </point>
    <point>
      <x>0.48</x>
      <y>0.66833335</y>
      <w>0.35288367</w>
      <t>4734</t>
    </point>
    <point>
      <x>0.48333332</x>
      <y>0.6616667</y>
      <w>0.35288367</w>
      <t>4734</t>
    </point>
    <point>
      <x>0.48666668</x>
      <y>0.6566667</y>
      <w>0.35288367</w>
      <t>4734</t>
    </point>
    <point>
      <x>0.49</x>
      <y>0.65</y>
      <w>0.35288367</w>
      <t>4734</t>
    </point>
    <point>
      <x>0.49333334</x>
      <y>0.6433333</y>
      <w>0.35288367</w>
      <t>4734</t>
    </point>
    <point>
      <x>0.49833333</x>
      <y>0.63666666</y>
      <w>0.37536657</w>
      <t>4768</t>
    </point>
    <point>
      <x>0.50333333</x>
      <y>0.63</y>
      <w>0.37536657</w>
      <t>4768</t>
    </point>
    <point>
      <x>0.51</x>
      <y>0.62333333</y>
      <w>0.37536657</w>
      <t>4768</t>
    </point>
    <point>
      <x>0.515</x>
      <y>0.615</y>
      <w>0.37536657</w>
      <t>4768</t>
    </point>
    <point>
      <x>0.52166665</x>
      <y>0.60833335</y>
      <w>0.37536657</w>
      <t>4768</t>
    </point>
    <point>
      <x>0.5283333</x>
      <y>0.6016667</y>
      <w>0.38514173</w>
      <t>4802</t>
    </point>
    <point>
      <x>0.535</x>
      <y>0.5933333</y>
      <w>0.38514173</w>
      <t>4802</t>
    </point>
    <point>
      <x>0.5416667</x>
      <y>0.58666664</y>
      <w>0.38514173</w>
      <t>4802</t>
    </point>
    <point>
      <x>0.54833335</x>
      <y>0.5783333</y>
      <w>0.38514173</w>
      <t>4802</t>
    </point>
    <point>
      <x>0.555</x>
      <y>0.5733333</y>
      <w>0.39100686</w>
      <t>4834</t>
    </point>
    <point>
      <x>0.56</x>
      <y>0.56666666</y>
      <w>0.39100686</w>
      <t>4834</t>
    </point>
    <point>
      <x>0.56666666</x>
      <y>0.56</y>
      <w>0.39100686</w>
      <t>4834</t>
    </point>
    <point>
      <x>0.5733333</x>
      <y>0.555</y>
      <w>0.39100686</w>
      <t>4834</t>
    </point>
    <point>
      <x>0.58</x>
      <y>0.55</y>
      <w>0.40175954</w>
      <t>4868</t>
    </point>
    <point>
      <x>0.58666664</x>
      <y>0.5466667</y>
      <w>0.40175954</w>
      <t>4868</t>
    </point>
    <point>
      <x>0.59166664</x>
      <y>0.54333335</y>
      <w>0.40175954</w>
      <t>4868</t>
    </point>
    <point>
      <x>0.59833336</x>
      <y>0.53833336</y>
      <w>0.40175954</w>
      <t>4868</t>
    </point>
    <point>
      <x>0.605</x>
      <y>0.535</y>
      <w>0.40175954</w>
      <t>4868</t>
    </point>
    <point>
      <x>0.61333334</x>
      <y>0.5316667</y>
      <w>0.41642228</w>
      <t>4901</t>
    </point>
    <point>
      <x>0.62</x>
      <y>0.5283333</y>
      <w>0.41642228</w>
      <t>4901</t>
    </point>
    <point>
      <x>0.62833333</x>
      <y>0.525</y>
      <w>0.41642228</w>
      <t>4901</t>
    </point>
    <point>
      <x>0.63666666</x>
      <y>0.52166665</y>
      <w>0.41642228</w>
      <t>4901</t>
    </point>
    <point>
      <x>0.64666665</x>
      <y>0.5183333</y>
      <w>0.4222874</w>
      <t>4935</t>
    </point>
    <point>
      <x>0.655</x>
      <y>0.515</y>
      <w>0.4222874</w>
      <t>4935</t>
    </point>
    <point>
      <x>0.66333336</x>
      <y>0.5133333</y>
      <w>0.4222874</w>
      <t>4935</t>
    </point>
    <point>
      <x>0.6716667</x>
      <y>0.51</y>
      <w>0.4222874</w>
      <t>4935</t>
    </point>
    <point>
      <x>0.67833334</x>
      <y>0.5083333</y>
      <w>0.4222874</w>
      <t>4936</t>
    </point>
    <point>
      <x>0.685</x>
      <y>0.50666666</y>
      <w>0.4222874</w>
      <t>4968</t>
    </point>
    <point>
      <x>0.69</x>
      <y>0.50666666</y>
      <w>0.4222874</w>
      <t>4968</t>
    </point>
    <point>
      <x>0.69666666</x>
      <y>0.505</y>
      <w>0.4222874</w>
      <t>4968</t>
    </point>
    <point>
      <x>0.70166665</x>
      <y>0.505</y>
      <w>0.4222874</w>
      <t>4968</t>
    </point>
    <point>
      <x>0.70666665</x>
      <y>0.505</y>
      <w>0.42521995</w>
      <t>5001</t>
    </point>
    <point>
      <x>0.71</x>
      <y>0.505</y>
      <w>0.42521995</w>
      <t>5001</t>
    </point>
    <point>
      <x>0.715</x>
      <y>0.505</y>
      <w>0.42521995</w>
      <t>5001</t>
    </point>
    <point>
      <x>0.72</x>
      <y>0.505</y>
      <w>0.42521995</w>
      <t>5001</t>
    </point>
    <point>
      <x>0.72333336</x>
      <y>0.505</y>
      <w>0.43304008</w>
      <t>5034</t>
    </point>
    <point>
      <x>0.72833335</x>
      <y>0.50666666</y>
      <w>0.43304008</w>
      <t>5034</t>
    </point>
    <point>
      <x>0.7316667</x>
      <y>0.5083333</y>
      <w>0.43304008</w>
      <t>5034</t>
    </point>
    <point>
      <x>0.735</x>
      <y>0.51</y>
      <w>0.43304008</w>
      <t>5034</t>
    </point>
    <point>
      <x>0.73833334</x>
      <y>0.51166666</y>
      <w>0.43304008</w>
      <t>5034</t>
    </point>
    <point>
      <x>0.74</x>
      <y>0.5133333</y>
      <w>0.44183773</w>
      <t>5068</t>
    </point>
    <point>
      <x>0.74333334</x>
      <y>0.515</y>
      <w>0.44183773</w>
      <t>5068</t>
    </point>
    <point>
      <x>0.74666667</x>
      <y>0.51666665</y>
      <w>0.44183773</w>
      <t>5068</t>
    </point>
    <point>
      <x>0.75</x>
      <y>0.5183333</y>
      <w>0.44183773</w>
      <t>5068</t>
    </point>
    <point>
      <x>0.75166667</x>
      <y>0.52</y>
      <w>0.44183773</w>
      <t>5068</t>
    </point>
    <point>
      <x>0.75333333</x>
      <y>0.52166665</y>
      <w>0.44477028</w>
      <t>5101</t>
    </point>
    <point>
      <x>0.755</x>
      <y>0.5233333</y>
      <w>0.44477028</w>
      <t>5101</t>
    </point>
    <point>
      <x>0.75666666</x>
      <y>0.525</y>
      <w>0.44477028</w>
      <t>5101</t>
    </point>
    <point>
      <x>0.75666666</x>
      <y>0.52666664</y>
      <w>0.44477028</w>
      <t>5101</t>
    </point>
    <point>
      <x>0.75666666</x>
      <y>0.53</y>
      <w>0.47214076</w>
      <t>5135</t>
    </point>
    <point>
      <x>0.75666666</x>
      <y>0.53333336</y>
      <w>0.47214076</w>
      <t>5135</t>
    </point>
    <point>
      <x>0.75666666</x>
      <y>0.5366667</y>
      <w>0.47214076</w>
      <t>5135</t>
    </point>
    <point>
      <x>0.755</x>
      <y>0.5416667</y>
      <w>0.47214076</w>
      <t>5135</t>
    </point>
    <point>
      <x>0.75333333</x>
      <y>0.545</y>
      <w>0.48875856</w>
      <t>5168</t>
    </point>
    <point>
      <x>0.75166667</x>
      <y>0.54833335</y>
      <w>0.48875856</w>
      <t>5168</t>
    </point>
    <point>
      <x>0.75</x>
      <y>0.5516667</y>
      <w>0.48875856</w>
      <t>5168</t>
    </point>
    <point>
      <x>0.74833333</x>
      <y>0.555</y>
      <w>0.48875856</w>
      <t>5168</t>
    </point>
    <point>
      <x>0.74666667</x>
      <y>0.55833334</y>
      <w>0.48875856</w>
      <t>5168</t>
    </point>
    <point>
      <x>0.745</x>
      <y>0.56166667</y>
      <w>0.4916911</w>
      <t>5202</t>
    </point>
    <point>
      <x>0.7416667</x>
      <y>0.56666666</y>
      <w>0.4916911</w>
      <t>5202</t>
    </point>
    <point>
      <x>0.74</x>
      <y>0.57166666</y>
      <w>0.4916911</w>
      <t>5202</t>
    </point>
    <point>
      <x>0.7366667</x>
      <y>0.575</y>
      <w>0.4916911</w>
      <t>5202</t>
    </point>
    <point>
      <x>0.73333335</x>
      <y>0.58</y>
      <w>0.5014663</w>
      <t>5235</t>
    </point>
    <point>
      <x>0.73</x>
      <y>0.5833333</y>
      <w>0.5014663</w>
      <t>5235</t>
    </point>
    <point>
      <x>0.7266667</x>
      <y>0.5883333</y>
      <w>0.5014663</w>
      <t>5235</t>
    </point>
    <point>
      <x>0.72333336</x>
      <y>0.5933333</y>
      <w>0.5014663</w>
      <t>5235</t>
    </point>
    <point>
      <x>0.72</x>
      <y>0.59833336</y>
      <w>0.5014663</w>
      <t>5235</t>
    </point>
    <point>
      <x>0.7183333</x>
      <y>0.60333335</y>
      <w>0.50635386</w>
      <t>5268</t>
    </point>
    <point>
      <x>0.715</x>
      <y>0.60833335</y>
      <w>0.50635386</w>
      <t>5268</t>
    </point>
    <point>
      <x>0.7133333</x>
      <y>0.61333334</y>
      <w>0.50635386</w>
      <t>5268</t>
    </point>
    <point>
      <x>0.71166664</x>
      <y>0.6166667</y>
      <w>0.50635386</w>
      <t>5268</t>
    </point>
    <point>
      <x>0.7083333</x>
      <y>0.62166667</y>
      <w>0.5083089</w>
      <t>5302</t>
    </point>
    <point>
      <x>0.70666665</x>
      <y>0.62666667</y>
      <w>0.5083089</w>
      <t>5302</t>
    </point>
    <point>
      <x>0.705</x>
      <y>0.63166666</y>
      <w>0.5083089</w>
      <t>5302</t>
    </point>
    <point>
      <x>0.7033333</x>
      <y>0.63666666</y>
      <w>0.5083089</w>
      <t>5302</t>
    </point>
    <point>
      <x>0.70166665</x>
      <y>0.64166665</y>
      <w>0.5083089</w>
      <t>5302</t>
    </point>
    <point>
      <x>0.7</x>
      <y>0.64666665</y>
      <w>0.5092864</w>
      <t>5335</t>
    </point>
    <point>
      <x>0.6983333</x>
      <y>0.65</y>
      <w>0.5092864</w>
      <t>5335</t>
    </point>
    <point>
      <x>0.69666666</x>
      <y>0.655</y>
      <w>0.5092864</w>
      <t>5335</t>
    </point>
    <point>
      <x>0.69666666</x>
      <y>0.66</y>
      <w>0.5092864</w>
      <t>5335</t>
    </point>
    <point>
      <x>0.695</x>
      <y>0.66333336</y>
      <w>0.5092864</w>
      <t>5368</t>
    </point>
    <point>
      <x>0.6933333</x>
      <y>0.66833335</y>
      <w>0.5092864</w>
      <t>5368</t>
    </point>
    <point>
      <x>0.6933333</x>
      <y>0.6716667</y>
      <w>0.5092864</w>
      <t>5368</t>
    </point>
    <point>
      <x>0.69166666</x>
      <y>0.6766667</y>
      <w>0.5092864</w>
      <t>5368</t>
    </point>
    <point>
      <x>0.69166666</x>
      <y>0.68</y>
      <w>0.5092864</w>
      <t>5368</t>
    </point>
    <point>
      <x>0.69</x>
      <y>0.685</y>
      <w>0.5092864</w>
      <t>5402</t>
    </point>
    <point>
      <x>0.69</x>
      <y>0.69</y>
      <w>0.5092864</w>
      <t>5402</t>
    </point>
    <point>
      <x>0.68833333</x>
      <y>0.6933333</y>
      <w>0.5092864</w>
      <t>5402</t>
    </point>
    <point>
      <x>0.68833333</x>
      <y>0.69666666</y>
      <w>0.5092864</w>
      <t>5402</t>
    </point>
    <point>
      <x>0.68833333</x>
      <y>0.7</y>
      <w>0.50635386</w>
      <t>5435</t>
    </point>
    <point>
      <x>0.68833333</x>
      <y>0.7033333</y>
      <w>0.50635386</w>
      <t>5435</t>
    </point>
    <point>
      <x>0.68833333</x>
      <y>0.705</y>
      <w>0.50635386</w>
      <t>5435</t>
    </point>
    <point>
      <x>0.68833333</x>
      <y>0.7083333</y>
      <w>0.50635386</w>
      <t>5435</t>
    </point>
    <point>
      <x>0.68833333</x>
      <y>0.71</y>
      <w>0.50635386</w>
      <t>5468</t>
    </point>
    <point>
      <x>0.68833333</x>
      <y>0.71166664</y>
      <w>0.50635386</w>
      <t>5468</t>
    </point>
    <point>
      <x>0.68833333</x>
      <y>0.715</y>
      <w>0.50635386</w>
      <t>5468</t>
    </point>
    <point>
      <x>0.69</x>
      <y>0.71666664</y>
      <w>0.50635386</w>
      <t>5468</t>
    </point>
    <point>
      <x>0.69</x>
      <y>0.7183333</y>
      <w>0.50635386</w>
      <t>5468</t>
    </point>
    <point>
      <x>0.6933333</x>
      <y>0.72</y>
      <w>0.49560118</w>
      <t>5501</t>
    </point>
    <point>
      <x>0.695</x>
      <y>0.7216667</y>
      <w>0.49560118</w>
      <t>5501</t>
    </point>
    <point>
      <x>0.69666666</x>
      <y>0.72333336</y>
      <w>0.49560118</w>
      <t>5501</t>
    </point>
    <point>
      <x>0.6983333</x>
      <y>0.72333336</y>
      <w>0.49560118</w>
      <t>5501</t>
    </point>
    <point>
      <x>0.70166665</x>
      <y>0.725</y>
      <w>0.48582602</w>
      <t>5535</t>
    </point>
    <point>
      <x>0.705</x>
      <y>0.7266667</y>
      <w>0.48582602</w>
      <t>5535</t>
    </point>
    <point>
      <x>0.7083333</x>
      <y>0.7266667</y>
      <w>0.48582602</w>
      <t>5535</t>
    </point>
    <point>
      <x>0.71166664</x>
      <y>0.7266667</y>
      <w>0.48582602</w>
      <t>5535</t>
    </point>
    <point>
      <x>0.71666664</x>
      <y>0.7266667</y>
      <w>0.48582602</w>
      <t>5535</t>
    </point>
    <point>
      <x>0.7216667</x>
      <y>0.7266667</y>
      <w>0.44868034</w>
      <t>5568</t>
    </point>
    <point>
      <x>0.7266667</x>
      <y>0.7266667</y>
      <w>0.44868034</w>
      <t>5568</t>
    </point>
    <point>
      <x>0.7316667</x>
      <y>0.7266667</y>
      <w>0.44868034</w>
      <t>5568</t>
    </point>
    <point>
      <x>0.73833334</x>
      <y>0.7266667</y>
      <w>0.44868034</w>
      <t>5568</t>
    </point>
    <point>
      <x>0.74333334</x>
      <y>0.7266667</y>
      <w>0.43597263</w>
      <t>5601</t>
    </point>
    <point>
      <x>0.74833333</x>
      <y>0.7266667</y>
      <w>0.43597263</w>
      <t>5601</t>
    </point>
    <point>
      <x>0.75166667</x>
      <y>0.7266667</y>
      <w>0.43597263</w>
      <t>5601</t>
    </point>
    <point>
      <x>0.75666666</x>
      <y>0.7266667</y>
      <w>0.43597263</w>
      <t>5601</t>
    </point>
    <point>
      <x>0.76166666</x>
      <y>0.7266667</y>
      <w>0.43304008</w>
      <t>5635</t>
    </point>
    <point>
      <x>0.765</x>
      <y>0.7266667</y>
      <w>0.43304008</w>
      <t>5635</t>
    </point>
    <point>
      <x>0.77</x>
      <y>0.7266667</y>
      <w>0.43304008</w>
      <t>5635</t>
    </point>
    <point>
      <x>0.7733333</x>
      <y>0.7266667</y>
      <w>0.43304008</w>
      <t>5635</t>
    </point>
    <point>
      <x>0.7783333</x>
      <y>0.7266667</y>
      <w>0.43304008</w>
      <t>5635</t>
    </point>
    <point>
      <x>0.7816667</x>
      <y>0.72833335</y>
      <w>0.43304008</w>
      <t>5668</t>
    </point>
    <point>
      <x>0.7866667</x>
      <y>0.72833335</y>
      <w>0.43304008</w>
      <t>5668</t>
    </point>
    <point>
      <x>0.7916667</x>
      <y>0.73</y>
      <w>0.43304008</w>
      <t>5668</t>
    </point>
    <point>
      <x>0.795</x>
      <y>0.73</y>
      <w>0.43304008</w>
      <t>5668</t>
    </point>
    <point>
      <x>0.8</x>
      <y>0.73</y>
      <w>0.43304008</w>
      <t>5668</t>
    </point>
    <point>
      <x>0.80333334</x>
      <y>0.7316667</y>
      <w>0.43304008</w>
      <t>5701</t>
    </point>
    <point>
      <x>0.8066667</x>
      <y>0.7316667</y>
      <w>0.43304008</w>
      <t>5701</t>
    </point>
    <point>
      <x>0.80833334</x>
      <y>0.7316667</y>
      <w>0.43304008</w>
      <t>5701</t>
    </point>
    <point>
      <x>0.81166667</x>
      <y>0.7316667</y>
      <w>0.43304008</w>
      <t>5701</t>
    </point>
    <point>
      <x>0.81333333</x>
      <y>0.73333335</y>
      <w>0.43304008</w>
      <t>5734</t>
    </point>
    <point>
      <x>0.815</x>
      <y>0.73333335</y>
      <w>0.43304008</w>
      <t>5734</t>
    </point>
  </stroke>
</character>
