<?xml version="1.0" encoding="UTF-8"?>
<character>
  <stroke time="0">
    <point>
      <x>0.24833333</x>
      <y>0.22666667</y>
      <w>0.3489736</w>
      <t>37</t>
    </point>
    <point>
      <x>0.24833333</x>
      <y>0.22833334</y>
      <w>0.44770283</w>
      <t>100</t>
    </point>
    <point>
      <x>0.24833333</x>
      <y>0.23</y>
      <w>0.44770283</w>
      <t>100</t>
    </point>
    <point>
      <x>0.25</x>
      <y>0.23166667</y>
      <w>0.44770283</w>
      <t>100</t>
    </point>
    <point>
      <x>0.25333333</x>
      <y>0.24</y>
      <w>0.48973608</w>
      <t>134</t>
    </point>
    <point>
      <x>0.25666666</x>
      <y>0.245</y>
      <w>0.48973608</w>
      <t>134</t>
    </point>
    <point>
      <x>0.25833333</x>
      <y>0.25</y>
      <w>0.48973608</w>
      <t>134</t>
    </point>
    <point>
      <x>0.25833333</x>
      <y>0.255</y>
      <w>0.48973608</w>
      <t>135</t>
    </point>
    <point>
      <x>0.26</x>
      <y>0.26166666</y>
      <w>0.5483871</w>
      <t>167</t>
    </point>
    <point>
      <x>0.26</x>
      <y>0.26833335</y>
      <w>0.5483871</w>
      <t>167</t>
    </point>
    <point>
      <x>0.26166666</x>
      <y>0.275</y>
      <w>0.5483871</w>
      <t>167</t>
    </point>
    <point>
      <x>0.26166666</x>
      <y>0.28166667</y>
      <w>0.5483871</w>
      <t>167</t>
    </point>
    <point>
      <x>0.26166666</x>
      <y>0.28833333</y>
      <w>0.5483871</w>
      <t>168</t>
    </point>
    <point>
      <x>0.26166666</x>
      <y>0.295</y>
      <w>0.5767351</w>
      <t>200</t>
    </point>
    <point>
      <x>0.26166666</x>
      <y>0.305</y>
      <w>0.5767351</w>
      <t>200</t>
    </point>
    <point>
      <x>0.26166666</x>
      <y>0.31333333</y>
      <w>0.5767351</w>
      <t>200</t>
    </point>
    <point>
      <x>0.26166666</x>
      <y>0.32333332</y>
      <w>0.5767351</w>
      <t>201</t>
    </point>
    <point>
      <x>0.26166666</x>
      <y>0.335</y>
      <w>0.61290324</w>
      <t>234</t>
    </point>
    <point>
      <x>0.26166666</x>
      <y>0.34666666</y>
      <w>0.61290324</w>
      <t>234</t>
    </point>
    <point>
      <x>0.26</x>
      <y>0.35833332</y>
      <w>0.61290324</w>
      <t>234</t>
    </point>
    <point>
      <x>0.26</x>
      <y>0.37</y>
      <w>0.61290324</w>
      <t>236</t>
    </point>
    <point>
      <x>0.25833333</x>
      <y>0.38166666</y>
      <w>0.61290324</w>
      <t>236</t>
    </point>
    <point>
      <x>0.25666666</x>
      <y>0.395</y>
      <w>0.65786904</w>
      <t>268</t>
    </point>
    <point>
      <x>0.255</x>
      <y>0.40666667</y>
      <w>0.65786904</w>
      <t>268</t>
    </point>
    <point>
      <x>0.255</x>
      <y>0.41833332</y>
      <w>0.65786904</w>
      <t>268</t>
    </point>
    <point>
      <x>0.25333333</x>
      <y>0.43166667</y>
      <w>0.65786904</w>
      <t>269</t>
    </point>
    <point>
      <x>0.25166667</x>
      <y>0.445</y>
      <w>0.6979472</w>
      <t>300</t>
    </point>
    <point>
      <x>0.25166667</x>
      <y>0.45666668</y>
      <w>0.6979472</w>
      <t>300</t>
    </point>
    <point>
      <x>0.25</x>
      <y>0.47</y>
      <w>0.6979472</w>
      <t>300</t>
    </point>
    <point>
      <x>0.25</x>
      <y>0.48166665</y>
      <w>0.6979472</w>
      <t>301</t>
    </point>
    <point>
      <x>0.24833333</x>
      <y>0.49333334</y>
      <w>0.7302053</w>
      <t>333</t>
    </point>
    <point>
      <x>0.24833333</x>
      <y>0.505</y>
      <w>0.7302053</w>
      <t>333</t>
    </point>
    <point>
      <x>0.24833333</x>
      <y>0.51666665</y>
      <w>0.7302053</w>
      <t>333</t>
    </point>
    <point>
      <x>0.24666667</x>
      <y>0.52666664</y>
      <w>0.7302053</w>
      <t>334</t>
    </point>
    <point>
      <x>0.24666667</x>
      <y>0.5366667</y>
      <w>0.7302053</w>
      <t>334</t>
    </point>
    <point>
      <x>0.245</x>
      <y>0.54833335</y>
      <w>0.75268817</w>
      <t>368</t>
    </point>
    <point>
      <x>0.24333334</x>
      <y>0.55833334</y>
      <w>0.75268817</w>
      <t>368</t>
    </point>
    <point>
      <x>0.24333334</x>
      <y>0.57</y>
      <w>0.75268817</w>
      <t>368</t>
    </point>
    <point>
      <x>0.24166666</x>
      <y>0.58166665</y>
      <w>0.75268817</w>
      <t>369</t>
    </point>
    <point>
      <x>0.24166666</x>
      <y>0.5933333</y>
      <w>0.76344085</w>
      <t>401</t>
    </point>
    <point>
      <x>0.24166666</x>
      <y>0.605</y>
      <w>0.76344085</w>
      <t>401</t>
    </point>
    <point>
      <x>0.24166666</x>
      <y>0.6166667</y>
      <w>0.76344085</w>
      <t>401</t>
    </point>
    <point>
      <x>0.24166666</x>
      <y>0.62666667</y>
      <w>0.76344085</w>
      <t>402</t>
    </point>
    <point>
      <x>0.24166666</x>
      <y>0.635</y>
      <w>0.76344085</w>
      <t>402</t>
    </point>
    <point>
      <x>0.24333334</x>
      <y>0.64</y>
      <w>0.76930594</w>
      <t>434</t>
    </point>
    <point>
      <x>0.24333334</x>
      <y>0.6433333</y>
      <w>0.76930594</w>
      <t>434</t>
    </point>
    <point>
      <x>0.24333334</x>
      <y>0.64666665</y>
      <w>0.76930594</w>
      <t>434</t>
    </point>
    <point>
      <x>0.245</x>
      <y>0.64666665</y>
      <w>0.76930594</w>
      <t>434</t>
    </point>
    <point>
      <x>0.24666667</x>
      <y>0.645</y>
      <w>0.36265886</w>
      <t>534</t>
    </point>
    <point>
      <x>0.24833333</x>
      <y>0.64166665</y>
      <w>0.36265886</w>
      <t>534</t>
    </point>
  </stroke>
  <stroke time="1167">
    <point>
      <x>0.5366667</x>
      <y>0.19333333</y>
      <w>0.2228739</w>
      <t>1234</t>
    </point>
    <point>
      <x>0.53833336</x>
      <y>0.19333333</y>
      <w>0.38709676</w>
      <t>1268</t>
    </point>
    <point>
      <x>0.54</x>
      <y>0.19166666</y>
      <w>0.38709676</w>
      <t>1268</t>
    </point>
    <point>
      <x>0.5416667</x>
      <y>0.19166666</y>
      <w>0.38709676</w>
      <t>1268</t>
    </point>
    <point>
      <x>0.545</x>
      <y>0.19</y>
      <w>0.38709676</w>
      <t>1268</t>
    </point>
    <point>
      <x>0.5466667</x>
      <y>0.19</y>
      <w>0.43890518</w>
      <t>1301</t>
    </point>
    <point>
      <x>0.55</x>
      <y>0.19</y>
      <w>0.43890518</w>
      <t>1301</t>
    </point>
    <point>
      <x>0.5516667</x>
      <y>0.18833333</y>
      <w>0.43890518</w>
      <t>1301</t>
    </point>
    <point>
      <x>0.555</x>
      <y>0.18833333</y>
      <w>0.43890518</w>
      <t>1301</t>
    </point>
    <point>
      <x>0.5566667</x>
      <y>0.18833333</y>
      <w>0.43890518</w>
      <t>1302</t>
    </point>
    <point>
      <x>0.56</x>
      <y>0.18833333</y>
      <w>0.47311828</w>
      <t>1334</t>
    </point>
    <point>
      <x>0.56166667</x>
      <y>0.18833333</y>
      <w>0.47311828</w>
      <t>1334</t>
    </point>
    <point>
      <x>0.56333333</x>
      <y>0.18833333</y>
      <w>0.47311828</w>
      <t>1334</t>
    </point>
    <point>
      <x>0.565</x>
      <y>0.19</y>
      <w>0.5268817</w>
      <t>1368</t>
    </point>
    <point>
      <x>0.56666666</x>
      <y>0.19</y>
      <w>0.5268817</w>
      <t>1368</t>
    </point>
    <point>
      <x>0.5683333</x>
      <y>0.19166666</y>
      <w>0.5268817</w>
      <t>1368</t>
    </point>
    <point>
      <x>0.57</x>
      <y>0.19333333</y>
      <w>0.5268817</w>
      <t>1368</t>
    </point>
    <point>
      <x>0.57166666</x>
      <y>0.195</y>
      <w>0.5268817</w>
      <t>1369</t>
    </point>
    <point>
      <x>0.5733333</x>
      <y>0.19666667</y>
      <w>0.58162266</w>
      <t>1401</t>
    </point>
    <point>
      <x>0.575</x>
      <y>0.2</y>
      <w>0.58162266</w>
      <t>1401</t>
    </point>
    <point>
      <x>0.5783333</x>
      <y>0.20333333</y>
      <w>0.58162266</w>
      <t>1401</t>
    </point>
    <point>
      <x>0.58</x>
      <y>0.20666666</y>
      <w>0.58162266</w>
      <t>1401</t>
    </point>
    <point>
      <x>0.58166665</x>
      <y>0.21166667</y>
      <w>0.6217009</w>
      <t>1434</t>
    </point>
    <point>
      <x>0.585</x>
      <y>0.21666667</y>
      <w>0.6217009</w>
      <t>1434</t>
    </point>
    <point>
      <x>0.58666664</x>
      <y>0.22166666</y>
      <w>0.6217009</w>
      <t>1434</t>
    </point>
    <point>
      <x>0.59</x>
      <y>0.22833334</y>
      <w>0.6217009</w>
      <t>1434</t>
    </point>
    <point>
      <x>0.59166664</x>
      <y>0.23666666</y>
      <w>0.6520039</w>
      <t>1467</t>
    </point>
    <point>
      <x>0.595</x>
      <y>0.245</y>
      <w>0.6520039</w>
      <t>1467</t>
    </point>
    <point>
      <x>0.59833336</x>
      <y>0.255</y>
      <w>0.6520039</w>
      <t>1467</t>
    </point>
    <point>
      <x>0.6016667</x>
      <y>0.265</y>
      <w>0.6520039</w>
      <t>1467</t>
    </point>
    <point>
      <x>0.605</x>
      <y>0.27666667</y>
      <w>0.6520039</w>
      <t>1467</t>
    </point>
    <point>
      <x>0.6066667</x>
      <y>0.28666666</y>
      <w>0.6735093</w>
      <t>1502</t>
    </point>
    <point>
      <x>0.61</x>
      <y>0.29833335</y>
      <w>0.6735093</w>
      <t>1503</t>
    </point>
    <point>
      <x>0.6116667</x>
      <y>0.31</y>
      <w>0.6735093</w>
      <t>1503</t>
    </point>
    <point>
      <x>0.61333334</x>
      <y>0.32</y>
      <w>0.6735093</w>
      <t>1505</t>
    </point>
    <point>
      <x>0.615</x>
      <y>0.33166668</y>
      <w>0.6793744</w>
      <t>1505</t>
    </point>
    <point>
      <x>0.6166667</x>
      <y>0.34166667</y>
      <w>0.6803519</w>
      <t>1534</t>
    </point>
    <point>
      <x>0.61833334</x>
      <y>0.35333332</y>
      <w>0.6803519</w>
      <t>1534</t>
    </point>
    <point>
      <x>0.61833334</x>
      <y>0.36333334</y>
      <w>0.6803519</w>
      <t>1534</t>
    </point>
    <point>
      <x>0.62</x>
      <y>0.375</y>
      <w>0.6803519</w>
      <t>1534</t>
    </point>
    <point>
      <x>0.62</x>
      <y>0.38666666</y>
      <w>0.7038123</w>
      <t>1569</t>
    </point>
    <point>
      <x>0.62166667</x>
      <y>0.39833334</y>
      <w>0.7038123</w>
      <t>1569</t>
    </point>
    <point>
      <x>0.62333333</x>
      <y>0.41166666</y>
      <w>0.7038123</w>
      <t>1569</t>
    </point>
    <point>
      <x>0.62333333</x>
      <y>0.425</y>
      <w>0.7038123</w>
      <t>1569</t>
    </point>
    <point>
      <x>0.625</x>
      <y>0.43833333</y>
      <w>0.71163243</w>
      <t>1601</t>
    </point>
    <point>
      <x>0.62666667</x>
      <y>0.45166665</y>
      <w>0.71163243</w>
      <t>1601</t>
    </point>
    <point>
      <x>0.62666667</x>
      <y>0.465</y>
      <w>0.71163243</w>
      <t>1601</t>
    </point>
    <point>
      <x>0.62833333</x>
      <y>0.47833332</y>
      <w>0.71163243</w>
      <t>1601</t>
    </point>
    <point>
      <x>0.62833333</x>
      <y>0.49333334</y>
      <w>0.71163243</w>
      <t>1601</t>
    </point>
    <point>
      <x>0.63</x>
      <y>0.50666666</y>
      <w>0.7155425</w>
      <t>1634</t>
    </point>
    <point>
      <x>0.63</x>
      <y>0.5233333</y>
      <w>0.7155425</w>
      <t>1634</t>
    </point>
    <point>
      <x>0.63166666</x>
      <y>0.53833336</y>
      <w>0.7155425</w>
      <t>1634</t>
    </point>
    <point>
      <x>0.63166666</x>
      <y>0.55333334</y>
      <w>0.7155425</w>
      <t>1634</t>
    </point>
    <point>
      <x>0.63166666</x>
      <y>0.5683333</y>
      <w>0.7194526</w>
      <t>1668</t>
    </point>
    <point>
      <x>0.63166666</x>
      <y>0.58166665</y>
      <w>0.7194526</w>
      <t>1668</t>
    </point>
    <point>
      <x>0.63166666</x>
      <y>0.595</y>
      <w>0.7194526</w>
      <t>1668</t>
    </point>
    <point>
      <x>0.63166666</x>
      <y>0.60833335</y>
      <w>0.7194526</w>
      <t>1668</t>
    </point>
    <point>
      <x>0.63166666</x>
      <y>0.62166667</y>
      <w>0.7194526</w>
      <t>1668</t>
    </point>
    <point>
      <x>0.63166666</x>
      <y>0.635</y>
      <w>0.7194526</w>
      <t>1701</t>
    </point>
    <point>
      <x>0.63</x>
      <y>0.65</y>
      <w>0.7194526</w>
      <t>1701</t>
    </point>
    <point>
      <x>0.62666667</x>
      <y>0.665</y>
      <w>0.7194526</w>
      <t>1701</t>
    </point>
    <point>
      <x>0.625</x>
      <y>0.68</y>
      <w>0.7194526</w>
      <t>1701</t>
    </point>
    <point>
      <x>0.62166667</x>
      <y>0.69666666</y>
      <w>0.6969697</w>
      <t>1734</t>
    </point>
    <point>
      <x>0.61833334</x>
      <y>0.71166664</y>
      <w>0.6969697</w>
      <t>1734</t>
    </point>
    <point>
      <x>0.615</x>
      <y>0.7266667</y>
      <w>0.6969697</w>
      <t>1734</t>
    </point>
    <point>
      <x>0.61</x>
      <y>0.7416667</y>
      <w>0.6969697</w>
      <t>1734</t>
    </point>
    <point>
      <x>0.6066667</x>
      <y>0.755</y>
      <w>0.66373414</w>
      <t>1767</t>
    </point>
    <point>
      <x>0.60333335</x>
      <y>0.7683333</y>
      <w>0.66373414</w>
      <t>1767</t>
    </point>
    <point>
      <x>0.59833336</x>
      <y>0.7816667</y>
      <w>0.66373414</w>
      <t>1767</t>
    </point>
    <point>
      <x>0.5933333</x>
      <y>0.7966667</y>
      <w>0.66373414</w>
      <t>1767</t>
    </point>
    <point>
      <x>0.58666664</x>
      <y>0.81</y>
      <w>0.66373414</w>
      <t>1767</t>
    </point>
    <point>
      <x>0.58</x>
      <y>0.8233333</y>
      <w>0.60703814</w>
      <t>1801</t>
    </point>
    <point>
      <x>0.5733333</x>
      <y>0.835</y>
      <w>0.60703814</w>
      <t>1801</t>
    </point>
    <point>
      <x>0.5683333</x>
      <y>0.8433333</y>
      <w>0.60703814</w>
      <t>1801</t>
    </point>
    <point>
      <x>0.56166667</x>
      <y>0.8516667</y>
      <w>0.60703814</w>
      <t>1801</t>
    </point>
    <point>
      <x>0.5566667</x>
      <y>0.855</y>
      <w>0.2580645</w>
      <t>1834</t>
    </point>
    <point>
      <x>0.5516667</x>
      <y>0.85833335</y>
      <w>0.2580645</w>
      <t>1834</t>
    </point>
    <point>
      <x>0.545</x>
      <y>0.85833335</y>
      <w>0.2580645</w>
      <t>1834</t>
    </point>
  </stroke>
</character>
