<?xml version="1.0" encoding="UTF-8"?>
<character>
  <stroke time="0">
    <point>
      <x>0.35833332</x>
      <y>0.34833333</y>
      <w>0.13782991</w>
      <t>4</t>
    </point>
    <point>
      <x>0.36</x>
      <y>0.35</y>
      <w>0.13782991</w>
      <t>5</t>
    </point>
    <point>
      <x>0.36</x>
      <y>0.35166666</y>
      <w>0.13782991</w>
      <t>5</t>
    </point>
    <point>
      <x>0.36166668</x>
      <y>0.35166666</y>
      <w>0.2512219</w>
      <t>33</t>
    </point>
    <point>
      <x>0.36333334</x>
      <y>0.35333332</y>
      <w>0.2512219</w>
      <t>33</t>
    </point>
    <point>
      <x>0.365</x>
      <y>0.355</y>
      <w>0.33333334</w>
      <t>67</t>
    </point>
    <point>
      <x>0.36666667</x>
      <y>0.35666665</y>
      <w>0.33333334</w>
      <t>67</t>
    </point>
    <point>
      <x>0.36833334</x>
      <y>0.35666665</y>
      <w>0.33333334</w>
      <t>67</t>
    </point>
    <point>
      <x>0.36833334</x>
      <y>0.35833332</y>
      <w>0.33333334</w>
      <t>68</t>
    </point>
    <point>
      <x>0.37</x>
      <y>0.35833332</y>
      <w>0.33333334</w>
      <t>68</t>
    </point>
    <point>
      <x>0.37</x>
      <y>0.36</y>
      <w>0.4340176</w>
      <t>100</t>
    </point>
    <point>
      <x>0.37166667</x>
      <y>0.36166668</y>
      <w>0.4340176</w>
      <t>100</t>
    </point>
    <point>
      <x>0.37333333</x>
      <y>0.36166668</y>
      <w>0.4340176</w>
      <t>100</t>
    </point>
    <point>
      <x>0.37333333</x>
      <y>0.36333334</y>
      <w>0.4340176</w>
      <t>101</t>
    </point>
    <point>
      <x>0.375</x>
      <y>0.36333334</y>
      <w>0.4340176</w>
      <t>101</t>
    </point>
    <point>
      <x>0.375</x>
      <y>0.365</y>
      <w>0.516129</w>
      <t>133</t>
    </point>
    <point>
      <x>0.37666667</x>
      <y>0.365</y>
      <w>0.516129</w>
      <t>133</t>
    </point>
    <point>
      <x>0.37833333</x>
      <y>0.365</y>
      <w>0.516129</w>
      <t>133</t>
    </point>
    <point>
      <x>0.37833333</x>
      <y>0.36666667</y>
      <w>0.5777126</w>
      <t>166</t>
    </point>
    <point>
      <x>0.38</x>
      <y>0.36666667</y>
      <w>0.5777126</w>
      <t>166</t>
    </point>
    <point>
      <x>0.38166666</x>
      <y>0.36833334</y>
      <w>0.6285435</w>
      <t>199</t>
    </point>
    <point>
      <x>0.38333333</x>
      <y>0.36833334</y>
      <w>0.67155427</w>
      <t>233</t>
    </point>
    <point>
      <x>0.385</x>
      <y>0.36833334</y>
      <w>0.67155427</w>
      <t>233</t>
    </point>
    <point>
      <x>0.38666666</x>
      <y>0.36833334</y>
      <w>0.71163243</w>
      <t>267</t>
    </point>
    <point>
      <x>0.38833332</x>
      <y>0.36833334</y>
      <w>0.7605083</w>
      <t>300</t>
    </point>
    <point>
      <x>0.39</x>
      <y>0.36833334</y>
      <w>0.7605083</w>
      <t>300</t>
    </point>
    <point>
      <x>0.39166668</x>
      <y>0.36833334</y>
      <w>0.7878788</w>
      <t>333</t>
    </point>
    <point>
      <x>0.39333335</x>
      <y>0.36833334</y>
      <w>0.7878788</w>
      <t>333</t>
    </point>
    <point>
      <x>0.395</x>
      <y>0.36833334</y>
      <w>0.7878788</w>
      <t>333</t>
    </point>
    <point>
      <x>0.39666668</x>
      <y>0.36833334</y>
      <w>0.82013685</w>
      <t>366</t>
    </point>
    <point>
      <x>0.39833334</x>
      <y>0.36833334</y>
      <w>0.82013685</w>
      <t>366</t>
    </point>
    <point>
      <x>0.4</x>
      <y>0.36833334</y>
      <w>0.82013685</w>
      <t>366</t>
    </point>
    <point>
      <x>0.40166667</x>
      <y>0.36833334</y>
      <w>0.82013685</w>
      <t>367</t>
    </point>
    <point>
      <x>0.405</x>
      <y>0.36833334</y>
      <w>0.8357771</w>
      <t>400</t>
    </point>
    <point>
      <x>0.40666667</x>
      <y>0.36833334</y>
      <w>0.8357771</w>
      <t>400</t>
    </point>
    <point>
      <x>0.41</x>
      <y>0.36833334</y>
      <w>0.8357771</w>
      <t>400</t>
    </point>
    <point>
      <x>0.41166666</x>
      <y>0.36833334</y>
      <w>0.8357771</w>
      <t>401</t>
    </point>
    <point>
      <x>0.415</x>
      <y>0.36833334</y>
      <w>0.8357771</w>
      <t>401</t>
    </point>
    <point>
      <x>0.41833332</x>
      <y>0.36833334</y>
      <w>0.8416422</w>
      <t>433</t>
    </point>
    <point>
      <x>0.42166665</x>
      <y>0.36666667</y>
      <w>0.8416422</w>
      <t>433</t>
    </point>
    <point>
      <x>0.425</x>
      <y>0.36666667</y>
      <w>0.8416422</w>
      <t>433</t>
    </point>
    <point>
      <x>0.42833334</x>
      <y>0.36666667</y>
      <w>0.8416422</w>
      <t>434</t>
    </point>
    <point>
      <x>0.43</x>
      <y>0.365</y>
      <w>0.8445748</w>
      <t>467</t>
    </point>
    <point>
      <x>0.43333334</x>
      <y>0.365</y>
      <w>0.8445748</w>
      <t>467</t>
    </point>
    <point>
      <x>0.43666667</x>
      <y>0.36333334</y>
      <w>0.8445748</w>
      <t>467</t>
    </point>
    <point>
      <x>0.44</x>
      <y>0.36333334</y>
      <w>0.8445748</w>
      <t>468</t>
    </point>
    <point>
      <x>0.44166666</x>
      <y>0.36166668</y>
      <w>0.8514174</w>
      <t>500</t>
    </point>
    <point>
      <x>0.445</x>
      <y>0.36166668</y>
      <w>0.8514174</w>
      <t>500</t>
    </point>
    <point>
      <x>0.44833332</x>
      <y>0.36</y>
      <w>0.8514174</w>
      <t>500</t>
    </point>
    <point>
      <x>0.45166665</x>
      <y>0.36</y>
      <w>0.8514174</w>
      <t>501</t>
    </point>
    <point>
      <x>0.455</x>
      <y>0.35833332</y>
      <w>0.8514174</w>
      <t>501</t>
    </point>
    <point>
      <x>0.45833334</x>
      <y>0.35833332</y>
      <w>0.85337245</w>
      <t>533</t>
    </point>
    <point>
      <x>0.46166667</x>
      <y>0.35666665</y>
      <w>0.85337245</w>
      <t>533</t>
    </point>
    <point>
      <x>0.465</x>
      <y>0.35666665</y>
      <w>0.85337245</w>
      <t>533</t>
    </point>
    <point>
      <x>0.46833333</x>
      <y>0.355</y>
      <w>0.85337245</w>
      <t>534</t>
    </point>
    <point>
      <x>0.47333333</x>
      <y>0.35333332</y>
      <w>0.8553275</w>
      <t>566</t>
    </point>
    <point>
      <x>0.47666666</x>
      <y>0.35166666</y>
      <w>0.8553275</w>
      <t>566</t>
    </point>
    <point>
      <x>0.48166665</x>
      <y>0.35</y>
      <w>0.8553275</w>
      <t>566</t>
    </point>
    <point>
      <x>0.48666668</x>
      <y>0.34833333</y>
      <w>0.8553275</w>
      <t>567</t>
    </point>
    <point>
      <x>0.49166667</x>
      <y>0.34666666</y>
      <w>0.8553275</w>
      <t>567</t>
    </point>
    <point>
      <x>0.49833333</x>
      <y>0.345</y>
      <w>0.85826004</w>
      <t>600</t>
    </point>
    <point>
      <x>0.50333333</x>
      <y>0.34333333</y>
      <w>0.85826004</w>
      <t>600</t>
    </point>
    <point>
      <x>0.5083333</x>
      <y>0.34166667</y>
      <w>0.85826004</w>
      <t>600</t>
    </point>
    <point>
      <x>0.515</x>
      <y>0.34</y>
      <w>0.85826004</w>
      <t>601</t>
    </point>
    <point>
      <x>0.52</x>
      <y>0.33833334</y>
      <w>0.85826004</w>
      <t>633</t>
    </point>
    <point>
      <x>0.52666664</x>
      <y>0.33666667</y>
      <w>0.85826004</w>
      <t>633</t>
    </point>
    <point>
      <x>0.5316667</x>
      <y>0.335</y>
      <w>0.85826004</w>
      <t>633</t>
    </point>
    <point>
      <x>0.5366667</x>
      <y>0.33333334</y>
      <w>0.85826004</w>
      <t>633</t>
    </point>
    <point>
      <x>0.5416667</x>
      <y>0.33166668</y>
      <w>0.856305</w>
      <t>666</t>
    </point>
    <point>
      <x>0.5466667</x>
      <y>0.33</y>
      <w>0.856305</w>
      <t>666</t>
    </point>
    <point>
      <x>0.5516667</x>
      <y>0.32833335</y>
      <w>0.856305</w>
      <t>666</t>
    </point>
    <point>
      <x>0.555</x>
      <y>0.32666665</y>
      <w>0.856305</w>
      <t>666</t>
    </point>
    <point>
      <x>0.55833334</x>
      <y>0.325</y>
      <w>0.856305</w>
      <t>667</t>
    </point>
    <point>
      <x>0.56166667</x>
      <y>0.325</y>
      <w>0.85435</w>
      <t>700</t>
    </point>
    <point>
      <x>0.56333333</x>
      <y>0.32333332</y>
      <w>0.85435</w>
      <t>700</t>
    </point>
    <point>
      <x>0.56666666</x>
      <y>0.32333332</y>
      <w>0.85435</w>
      <t>702</t>
    </point>
    <point>
      <x>0.5683333</x>
      <y>0.32333332</y>
      <w>0.85435</w>
      <t>702</t>
    </point>
    <point>
      <x>0.5683333</x>
      <y>0.32166666</y>
      <w>0.85435</w>
      <t>702</t>
    </point>
    <point>
      <x>0.57</x>
      <y>0.32166666</y>
      <w>0.85435</w>
      <t>733</t>
    </point>
    <point>
      <x>0.57</x>
      <y>0.32</y>
      <w>0.7878788</w>
      <t>867</t>
    </point>
    <point>
      <x>0.57</x>
      <y>0.31666666</y>
      <w>0.7878788</w>
      <t>867</t>
    </point>
    <point>
      <x>0.5683333</x>
      <y>0.315</y>
      <w>0.7878788</w>
      <t>867</t>
    </point>
    <point>
      <x>0.5683333</x>
      <y>0.31166667</y>
      <w>0.72140765</w>
      <t>900</t>
    </point>
    <point>
      <x>0.56666666</x>
      <y>0.30833334</y>
      <w>0.72140765</w>
      <t>900</t>
    </point>
    <point>
      <x>0.56666666</x>
      <y>0.30333334</y>
      <w>0.72140765</w>
      <t>902</t>
    </point>
    <point>
      <x>0.565</x>
      <y>0.3</y>
      <w>0.72140765</w>
      <t>902</t>
    </point>
    <point>
      <x>0.56333333</x>
      <y>0.295</y>
      <w>0.599218</w>
      <t>933</t>
    </point>
    <point>
      <x>0.56166667</x>
      <y>0.29</y>
      <w>0.599218</w>
      <t>933</t>
    </point>
    <point>
      <x>0.56</x>
      <y>0.285</y>
      <w>0.599218</w>
      <t>933</t>
    </point>
    <point>
      <x>0.55833334</x>
      <y>0.28</y>
      <w>0.599218</w>
      <t>933</t>
    </point>
    <point>
      <x>0.55833334</x>
      <y>0.275</y>
      <w>0.5092864</w>
      <t>966</t>
    </point>
    <point>
      <x>0.5566667</x>
      <y>0.27</y>
      <w>0.5092864</w>
      <t>966</t>
    </point>
    <point>
      <x>0.555</x>
      <y>0.26333332</y>
      <w>0.5092864</w>
      <t>966</t>
    </point>
    <point>
      <x>0.55333334</x>
      <y>0.25833333</y>
      <w>0.5092864</w>
      <t>966</t>
    </point>
    <point>
      <x>0.5516667</x>
      <y>0.25333333</y>
      <w>0.5092864</w>
      <t>966</t>
    </point>
    <point>
      <x>0.55</x>
      <y>0.24833333</y>
      <w>0.4467253</w>
      <t>1000</t>
    </point>
    <point>
      <x>0.55</x>
      <y>0.245</y>
      <w>0.4467253</w>
      <t>1000</t>
    </point>
    <point>
      <x>0.54833335</x>
      <y>0.24166666</y>
      <w>0.4467253</w>
      <t>1000</t>
    </point>
    <point>
      <x>0.54833335</x>
      <y>0.23833333</y>
      <w>0.4467253</w>
      <t>1000</t>
    </point>
    <point>
      <x>0.5466667</x>
      <y>0.23666666</y>
      <w>0.4467253</w>
      <t>1001</t>
    </point>
    <point>
      <x>0.5466667</x>
      <y>0.235</y>
      <w>0.44379276</w>
      <t>1033</t>
    </point>
    <point>
      <x>0.545</x>
      <y>0.23333333</y>
      <w>0.44379276</w>
      <t>1033</t>
    </point>
    <point>
      <x>0.54333335</x>
      <y>0.23333333</y>
      <w>0.44477028</w>
      <t>1067</t>
    </point>
    <point>
      <x>0.5416667</x>
      <y>0.23333333</y>
      <w>0.4516129</w>
      <t>1100</t>
    </point>
    <point>
      <x>0.54</x>
      <y>0.23666666</y>
      <w>0.4516129</w>
      <t>1100</t>
    </point>
    <point>
      <x>0.53833336</x>
      <y>0.23833333</y>
      <w>0.4516129</w>
      <t>1100</t>
    </point>
    <point>
      <x>0.5366667</x>
      <y>0.24166666</y>
      <w>0.4516129</w>
      <t>1100</t>
    </point>
    <point>
      <x>0.535</x>
      <y>0.245</y>
      <w>0.4516129</w>
      <t>1100</t>
    </point>
    <point>
      <x>0.53333336</x>
      <y>0.24833333</y>
      <w>0.47898337</w>
      <t>1133</t>
    </point>
    <point>
      <x>0.5316667</x>
      <y>0.25333333</y>
      <w>0.47898337</w>
      <t>1133</t>
    </point>
    <point>
      <x>0.53</x>
      <y>0.25666666</y>
      <w>0.47898337</w>
      <t>1133</t>
    </point>
    <point>
      <x>0.52666664</x>
      <y>0.26166666</y>
      <w>0.47898337</w>
      <t>1133</t>
    </point>
    <point>
      <x>0.525</x>
      <y>0.26666668</y>
      <w>0.5210166</w>
      <t>1166</t>
    </point>
    <point>
      <x>0.5233333</x>
      <y>0.27166668</y>
      <w>0.5210166</w>
      <t>1166</t>
    </point>
    <point>
      <x>0.52</x>
      <y>0.27666667</y>
      <w>0.5210166</w>
      <t>1166</t>
    </point>
    <point>
      <x>0.5183333</x>
      <y>0.28166667</y>
      <w>0.5210166</w>
      <t>1166</t>
    </point>
    <point>
      <x>0.515</x>
      <y>0.28833333</y>
      <w>0.5210166</w>
      <t>1166</t>
    </point>
    <point>
      <x>0.5133333</x>
      <y>0.295</y>
      <w>0.5415445</w>
      <t>1200</t>
    </point>
    <point>
      <x>0.51</x>
      <y>0.30333334</y>
      <w>0.5415445</w>
      <t>1200</t>
    </point>
    <point>
      <x>0.50666666</x>
      <y>0.31166667</y>
      <w>0.5415445</w>
      <t>1200</t>
    </point>
    <point>
      <x>0.50333333</x>
      <y>0.32</y>
      <w>0.5415445</w>
      <t>1200</t>
    </point>
    <point>
      <x>0.5</x>
      <y>0.32833335</y>
      <w>0.6031281</w>
      <t>1233</t>
    </point>
    <point>
      <x>0.49666667</x>
      <y>0.33666667</y>
      <w>0.6031281</w>
      <t>1233</t>
    </point>
    <point>
      <x>0.49333334</x>
      <y>0.34666666</y>
      <w>0.6031281</w>
      <t>1233</t>
    </point>
    <point>
      <x>0.49</x>
      <y>0.35666665</y>
      <w>0.6031281</w>
      <t>1233</t>
    </point>
    <point>
      <x>0.48666668</x>
      <y>0.365</y>
      <w>0.65004885</w>
      <t>1266</t>
    </point>
    <point>
      <x>0.48333332</x>
      <y>0.375</y>
      <w>0.65004885</w>
      <t>1266</t>
    </point>
    <point>
      <x>0.48</x>
      <y>0.38333333</y>
      <w>0.65004885</w>
      <t>1266</t>
    </point>
    <point>
      <x>0.47666666</x>
      <y>0.39333335</y>
      <w>0.65004885</w>
      <t>1266</t>
    </point>
    <point>
      <x>0.475</x>
      <y>0.40166667</y>
      <w>0.65004885</w>
      <t>1267</t>
    </point>
    <point>
      <x>0.47166666</x>
      <y>0.41</y>
      <w>0.6901271</w>
      <t>1300</t>
    </point>
    <point>
      <x>0.47</x>
      <y>0.41833332</y>
      <w>0.6901271</w>
      <t>1300</t>
    </point>
    <point>
      <x>0.46833333</x>
      <y>0.425</y>
      <w>0.6901271</w>
      <t>1300</t>
    </point>
    <point>
      <x>0.46666667</x>
      <y>0.43166667</y>
      <w>0.6901271</w>
      <t>1300</t>
    </point>
    <point>
      <x>0.465</x>
      <y>0.43833333</y>
      <w>0.6901271</w>
      <t>1300</t>
    </point>
    <point>
      <x>0.465</x>
      <y>0.44333333</y>
      <w>0.7311828</w>
      <t>1333</t>
    </point>
    <point>
      <x>0.46333334</x>
      <y>0.45</y>
      <w>0.7311828</w>
      <t>1333</t>
    </point>
    <point>
      <x>0.46333334</x>
      <y>0.455</y>
      <w>0.7311828</w>
      <t>1333</t>
    </point>
    <point>
      <x>0.46166667</x>
      <y>0.46</y>
      <w>0.7311828</w>
      <t>1333</t>
    </point>
    <point>
      <x>0.46166667</x>
      <y>0.465</y>
      <w>0.7497556</w>
      <t>1367</t>
    </point>
    <point>
      <x>0.46166667</x>
      <y>0.46833333</y>
      <w>0.7497556</w>
      <t>1367</t>
    </point>
    <point>
      <x>0.46166667</x>
      <y>0.47166666</y>
      <w>0.7497556</w>
      <t>1367</t>
    </point>
    <point>
      <x>0.46166667</x>
      <y>0.47333333</y>
      <w>0.7497556</w>
      <t>1367</t>
    </point>
    <point>
      <x>0.46166667</x>
      <y>0.475</y>
      <w>0.7673509</w>
      <t>1400</t>
    </point>
    <point>
      <x>0.46166667</x>
      <y>0.47666666</y>
      <w>0.7673509</w>
      <t>1400</t>
    </point>
    <point>
      <x>0.46166667</x>
      <y>0.47833332</y>
      <w>0.7673509</w>
      <t>1400</t>
    </point>
    <point>
      <x>0.46333334</x>
      <y>0.47833332</y>
      <w>0.7986315</w>
      <t>1500</t>
    </point>
    <point>
      <x>0.465</x>
      <y>0.47833332</y>
      <w>0.7986315</w>
      <t>1500</t>
    </point>
    <point>
      <x>0.46666667</x>
      <y>0.47833332</y>
      <w>0.7986315</w>
      <t>1500</t>
    </point>
    <point>
      <x>0.46833333</x>
      <y>0.47833332</y>
      <w>0.7986315</w>
      <t>1500</t>
    </point>
    <point>
      <x>0.47166666</x>
      <y>0.47833332</y>
      <w>0.80742913</w>
      <t>1533</t>
    </point>
    <point>
      <x>0.47333333</x>
      <y>0.47833332</y>
      <w>0.80742913</w>
      <t>1533</t>
    </point>
    <point>
      <x>0.47666666</x>
      <y>0.47833332</y>
      <w>0.80742913</w>
      <t>1533</t>
    </point>
    <point>
      <x>0.48</x>
      <y>0.47666666</y>
      <w>0.80742913</w>
      <t>1533</t>
    </point>
    <point>
      <x>0.485</x>
      <y>0.475</y>
      <w>0.81427175</w>
      <t>1566</t>
    </point>
    <point>
      <x>0.49</x>
      <y>0.47333333</y>
      <w>0.81427175</w>
      <t>1566</t>
    </point>
    <point>
      <x>0.495</x>
      <y>0.47166666</y>
      <w>0.81427175</w>
      <t>1566</t>
    </point>
    <point>
      <x>0.5</x>
      <y>0.47</y>
      <w>0.81427175</w>
      <t>1566</t>
    </point>
    <point>
      <x>0.505</x>
      <y>0.46833333</y>
      <w>0.81427175</w>
      <t>1566</t>
    </point>
    <point>
      <x>0.51</x>
      <y>0.46666667</y>
      <w>0.8162268</w>
      <t>1600</t>
    </point>
    <point>
      <x>0.515</x>
      <y>0.465</y>
      <w>0.8162268</w>
      <t>1600</t>
    </point>
    <point>
      <x>0.52</x>
      <y>0.46333334</y>
      <w>0.8162268</w>
      <t>1600</t>
    </point>
    <point>
      <x>0.5233333</x>
      <y>0.46166667</y>
      <w>0.8162268</w>
      <t>1600</t>
    </point>
    <point>
      <x>0.5283333</x>
      <y>0.46166667</y>
      <w>0.8162268</w>
      <t>1600</t>
    </point>
    <point>
      <x>0.53333336</x>
      <y>0.46</y>
      <w>0.81524926</w>
      <t>1633</t>
    </point>
    <point>
      <x>0.5366667</x>
      <y>0.45833334</y>
      <w>0.81524926</w>
      <t>1633</t>
    </point>
    <point>
      <x>0.54</x>
      <y>0.45666668</y>
      <w>0.81524926</w>
      <t>1633</t>
    </point>
    <point>
      <x>0.545</x>
      <y>0.455</y>
      <w>0.81524926</w>
      <t>1633</t>
    </point>
    <point>
      <x>0.54833335</x>
      <y>0.455</y>
      <w>0.81427175</w>
      <t>1666</t>
    </point>
    <point>
      <x>0.55333334</x>
      <y>0.45333335</y>
      <w>0.81427175</w>
      <t>1666</t>
    </point>
    <point>
      <x>0.5566667</x>
      <y>0.45166665</y>
      <w>0.81427175</w>
      <t>1666</t>
    </point>
    <point>
      <x>0.56166667</x>
      <y>0.45166665</y>
      <w>0.81427175</w>
      <t>1666</t>
    </point>
    <point>
      <x>0.565</x>
      <y>0.45</y>
      <w>0.81329423</w>
      <t>1700</t>
    </point>
    <point>
      <x>0.57</x>
      <y>0.45</y>
      <w>0.81329423</w>
      <t>1700</t>
    </point>
    <point>
      <x>0.5733333</x>
      <y>0.44833332</y>
      <w>0.81329423</w>
      <t>1700</t>
    </point>
    <point>
      <x>0.57666665</x>
      <y>0.44833332</y>
      <w>0.81329423</w>
      <t>1700</t>
    </point>
    <point>
      <x>0.58</x>
      <y>0.44833332</y>
      <w>0.81329423</w>
      <t>1700</t>
    </point>
    <point>
      <x>0.5833333</x>
      <y>0.44833332</y>
      <w>0.81427175</w>
      <t>1733</t>
    </point>
    <point>
      <x>0.585</x>
      <y>0.44833332</y>
      <w>0.81427175</w>
      <t>1733</t>
    </point>
    <point>
      <x>0.58666664</x>
      <y>0.44833332</y>
      <w>0.81427175</w>
      <t>1733</t>
    </point>
    <point>
      <x>0.5883333</x>
      <y>0.44833332</y>
      <w>0.81427175</w>
      <t>1733</t>
    </point>
    <point>
      <x>0.59</x>
      <y>0.44833332</y>
      <w>0.81427175</w>
      <t>1767</t>
    </point>
    <point>
      <x>0.59166664</x>
      <y>0.44833332</y>
      <w>0.81427175</w>
      <t>1767</t>
    </point>
    <point>
      <x>0.5933333</x>
      <y>0.44833332</y>
      <w>0.81427175</w>
      <t>1767</t>
    </point>
    <point>
      <x>0.595</x>
      <y>0.45</y>
      <w>0.84359723</w>
      <t>1800</t>
    </point>
    <point>
      <x>0.5966667</x>
      <y>0.45</y>
      <w>0.84359723</w>
      <t>1800</t>
    </point>
    <point>
      <x>0.59833336</x>
      <y>0.45166665</y>
      <w>0.84359723</w>
      <t>1800</t>
    </point>
    <point>
      <x>0.6</x>
      <y>0.45333335</y>
      <w>0.84359723</w>
      <t>1800</t>
    </point>
    <point>
      <x>0.6016667</x>
      <y>0.45333335</y>
      <w>0.8729228</w>
      <t>1833</t>
    </point>
    <point>
      <x>0.6016667</x>
      <y>0.455</y>
      <w>0.8729228</w>
      <t>1833</t>
    </point>
    <point>
      <x>0.60333335</x>
      <y>0.45666668</y>
      <w>0.8729228</w>
      <t>1833</t>
    </point>
    <point>
      <x>0.6066667</x>
      <y>0.45833334</y>
      <w>0.8729228</w>
      <t>1833</t>
    </point>
    <point>
      <x>0.60833335</x>
      <y>0.46</y>
      <w>0.9051808</w>
      <t>1867</t>
    </point>
    <point>
      <x>0.61</x>
      <y>0.46166667</y>
      <w>0.9051808</w>
      <t>1867</t>
    </point>
    <point>
      <x>0.61</x>
      <y>0.465</y>
      <w>0.9051808</w>
      <t>1867</t>
    </point>
    <point>
      <x>0.61333334</x>
      <y>0.46666667</y>
      <w>0.9051808</w>
      <t>1867</t>
    </point>
    <point>
      <x>0.61333334</x>
      <y>0.46833333</y>
      <w>0.9051808</w>
      <t>1867</t>
    </point>
    <point>
      <x>0.615</x>
      <y>0.46833333</y>
      <w>0.9296188</w>
      <t>1900</t>
    </point>
    <point>
      <x>0.6166667</x>
      <y>0.47</y>
      <w>0.9296188</w>
      <t>1900</t>
    </point>
    <point>
      <x>0.61833334</x>
      <y>0.47166666</y>
      <w>0.9296188</w>
      <t>1900</t>
    </point>
    <point>
      <x>0.61833334</x>
      <y>0.47333333</y>
      <w>0.9296188</w>
      <t>1900</t>
    </point>
    <point>
      <x>0.62</x>
      <y>0.47333333</y>
      <w>0.9296188</w>
      <t>1900</t>
    </point>
    <point>
      <x>0.62</x>
      <y>0.475</y>
      <w>0.9354839</w>
      <t>1933</t>
    </point>
    <point>
      <x>0.62166667</x>
      <y>0.475</y>
      <w>0.9354839</w>
      <t>1933</t>
    </point>
    <point>
      <x>0.62166667</x>
      <y>0.47666666</y>
      <w>0.9354839</w>
      <t>1933</t>
    </point>
    <point>
      <x>0.62166667</x>
      <y>0.47833332</y>
      <w>0.9374389</w>
      <t>2033</t>
    </point>
    <point>
      <x>0.62</x>
      <y>0.48</y>
      <w>0.9374389</w>
      <t>2066</t>
    </point>
    <point>
      <x>0.62</x>
      <y>0.48166665</y>
      <w>0.9374389</w>
      <t>2066</t>
    </point>
    <point>
      <x>0.61833334</x>
      <y>0.48333332</y>
      <w>0.9374389</w>
      <t>2066</t>
    </point>
    <point>
      <x>0.6166667</x>
      <y>0.48333332</y>
      <w>0.88954055</w>
      <t>2100</t>
    </point>
    <point>
      <x>0.6166667</x>
      <y>0.485</y>
      <w>0.88954055</w>
      <t>2100</t>
    </point>
    <point>
      <x>0.615</x>
      <y>0.48666668</y>
      <w>0.88954055</w>
      <t>2100</t>
    </point>
    <point>
      <x>0.61333334</x>
      <y>0.48833334</y>
      <w>0.88954055</w>
      <t>2100</t>
    </point>
    <point>
      <x>0.6116667</x>
      <y>0.49</y>
      <w>0.85337245</w>
      <t>2133</t>
    </point>
    <point>
      <x>0.61</x>
      <y>0.49166667</y>
      <w>0.85337245</w>
      <t>2133</t>
    </point>
    <point>
      <x>0.60833335</x>
      <y>0.495</y>
      <w>0.85337245</w>
      <t>2133</t>
    </point>
    <point>
      <x>0.605</x>
      <y>0.49666667</y>
      <w>0.85337245</w>
      <t>2133</t>
    </point>
    <point>
      <x>0.60333335</x>
      <y>0.49833333</y>
      <w>0.79569894</w>
      <t>2166</t>
    </point>
    <point>
      <x>0.6</x>
      <y>0.5</y>
      <w>0.79569894</w>
      <t>2166</t>
    </point>
    <point>
      <x>0.59833336</x>
      <y>0.50333333</y>
      <w>0.79569894</w>
      <t>2166</t>
    </point>
    <point>
      <x>0.595</x>
      <y>0.505</y>
      <w>0.79569894</w>
      <t>2166</t>
    </point>
    <point>
      <x>0.59166664</x>
      <y>0.50666666</y>
      <w>0.79569894</w>
      <t>2166</t>
    </point>
    <point>
      <x>0.59</x>
      <y>0.5083333</y>
      <w>0.74584556</w>
      <t>2200</t>
    </point>
    <point>
      <x>0.58666664</x>
      <y>0.51</y>
      <w>0.74584556</w>
      <t>2200</t>
    </point>
    <point>
      <x>0.5833333</x>
      <y>0.51166666</y>
      <w>0.74584556</w>
      <t>2200</t>
    </point>
    <point>
      <x>0.58166665</x>
      <y>0.515</y>
      <w>0.74584556</w>
      <t>2200</t>
    </point>
    <point>
      <x>0.5783333</x>
      <y>0.51666665</y>
      <w>0.74584556</w>
      <t>2200</t>
    </point>
    <point>
      <x>0.575</x>
      <y>0.5183333</y>
      <w>0.7047898</w>
      <t>2233</t>
    </point>
    <point>
      <x>0.57166666</x>
      <y>0.52</y>
      <w>0.7047898</w>
      <t>2233</t>
    </point>
    <point>
      <x>0.57</x>
      <y>0.52166665</y>
      <w>0.7047898</w>
      <t>2233</t>
    </point>
    <point>
      <x>0.56666666</x>
      <y>0.525</y>
      <w>0.7047898</w>
      <t>2233</t>
    </point>
    <point>
      <x>0.56333333</x>
      <y>0.52666664</y>
      <w>0.6177908</w>
      <t>2267</t>
    </point>
    <point>
      <x>0.56</x>
      <y>0.5283333</y>
      <w>0.6177908</w>
      <t>2267</t>
    </point>
    <point>
      <x>0.5566667</x>
      <y>0.5316667</y>
      <w>0.6177908</w>
      <t>2267</t>
    </point>
    <point>
      <x>0.555</x>
      <y>0.53333336</y>
      <w>0.6177908</w>
      <t>2267</t>
    </point>
    <point>
      <x>0.5516667</x>
      <y>0.535</y>
      <w>0.56304985</w>
      <t>2300</t>
    </point>
    <point>
      <x>0.54833335</x>
      <y>0.53833336</y>
      <w>0.56304985</w>
      <t>2300</t>
    </point>
    <point>
      <x>0.545</x>
      <y>0.54</y>
      <w>0.56304985</w>
      <t>2300</t>
    </point>
    <point>
      <x>0.5416667</x>
      <y>0.5416667</y>
      <w>0.56304985</w>
      <t>2300</t>
    </point>
    <point>
      <x>0.54</x>
      <y>0.54333335</y>
      <w>0.56304985</w>
      <t>2300</t>
    </point>
    <point>
      <x>0.5366667</x>
      <y>0.5466667</y>
      <w>0.4340176</w>
      <t>2333</t>
    </point>
    <point>
      <x>0.53333336</x>
      <y>0.54833335</y>
      <w>0.4340176</w>
      <t>2333</t>
    </point>
    <point>
      <x>0.5316667</x>
      <y>0.55</y>
      <w>0.4340176</w>
      <t>2333</t>
    </point>
    <point>
      <x>0.5283333</x>
      <y>0.55333334</y>
      <w>0.4340176</w>
      <t>2333</t>
    </point>
    <point>
      <x>0.525</x>
      <y>0.555</y>
      <w>0.3372434</w>
      <t>2367</t>
    </point>
    <point>
      <x>0.52166665</x>
      <y>0.5566667</y>
      <w>0.3372434</w>
      <t>2367</t>
    </point>
    <point>
      <x>0.5183333</x>
      <y>0.56</y>
      <w>0.3372434</w>
      <t>2367</t>
    </point>
    <point>
      <x>0.515</x>
      <y>0.56166667</y>
      <w>0.3372434</w>
      <t>2367</t>
    </point>
    <point>
      <x>0.51166666</x>
      <y>0.56333333</y>
      <w>0.3372434</w>
      <t>2367</t>
    </point>
    <point>
      <x>0.5083333</x>
      <y>0.565</y>
      <w>0.1710655</w>
      <t>2400</t>
    </point>
    <point>
      <x>0.50333333</x>
      <y>0.5683333</y>
      <w>0.1710655</w>
      <t>2400</t>
    </point>
    <point>
      <x>0.5</x>
      <y>0.57</y>
      <w>0.1710655</w>
      <t>2400</t>
    </point>
    <point>
      <x>0.49666667</x>
      <y>0.57166666</y>
      <w>0.1710655</w>
      <t>2400</t>
    </point>
    <point>
      <x>0.49166667</x>
      <y>0.575</y>
      <w>0.0</w>
      <t>2433</t>
    </point>
  </stroke>
  <stroke time="3700">
    <point>
      <x>0.27</x>
      <y>0.7</y>
      <w>0.1994135</w>
      <t>3733</t>
    </point>
    <point>
      <x>0.27166668</x>
      <y>0.70166665</y>
      <w>0.1994135</w>
      <t>3733</t>
    </point>
    <point>
      <x>0.27333334</x>
      <y>0.7033333</y>
      <w>0.1994135</w>
      <t>3733</t>
    </point>
    <point>
      <x>0.275</x>
      <y>0.705</y>
      <w>0.1994135</w>
      <t>3733</t>
    </point>
    <point>
      <x>0.27666667</x>
      <y>0.705</y>
      <w>0.4115347</w>
      <t>3767</t>
    </point>
    <point>
      <x>0.27833334</x>
      <y>0.70666665</y>
      <w>0.4115347</w>
      <t>3767</t>
    </point>
    <point>
      <x>0.28</x>
      <y>0.70666665</y>
      <w>0.4115347</w>
      <t>3767</t>
    </point>
    <point>
      <x>0.28166667</x>
      <y>0.7083333</y>
      <w>0.4115347</w>
      <t>3767</t>
    </point>
    <point>
      <x>0.28333333</x>
      <y>0.71</y>
      <w>0.5464321</w>
      <t>3800</t>
    </point>
    <point>
      <x>0.285</x>
      <y>0.71</y>
      <w>0.5464321</w>
      <t>3800</t>
    </point>
    <point>
      <x>0.28666666</x>
      <y>0.71166664</y>
      <w>0.5464321</w>
      <t>3800</t>
    </point>
    <point>
      <x>0.28833333</x>
      <y>0.7133333</y>
      <w>0.5464321</w>
      <t>3800</t>
    </point>
    <point>
      <x>0.29</x>
      <y>0.7133333</y>
      <w>0.5464321</w>
      <t>3800</t>
    </point>
    <point>
      <x>0.29166666</x>
      <y>0.715</y>
      <w>0.65493643</w>
      <t>3833</t>
    </point>
    <point>
      <x>0.29333332</x>
      <y>0.71666664</y>
      <w>0.65493643</w>
      <t>3833</t>
    </point>
    <point>
      <x>0.295</x>
      <y>0.71666664</y>
      <w>0.65493643</w>
      <t>3833</t>
    </point>
    <point>
      <x>0.29666665</x>
      <y>0.7183333</y>
      <w>0.65493643</w>
      <t>3833</t>
    </point>
    <point>
      <x>0.29833335</x>
      <y>0.7183333</y>
      <w>0.7722385</w>
      <t>3867</t>
    </point>
    <point>
      <x>0.29833335</x>
      <y>0.72</y>
      <w>0.7722385</w>
      <t>3867</t>
    </point>
    <point>
      <x>0.3</x>
      <y>0.72</y>
      <w>0.7722385</w>
      <t>3867</t>
    </point>
    <point>
      <x>0.30166668</x>
      <y>0.72</y>
      <w>0.7722385</w>
      <t>3867</t>
    </point>
    <point>
      <x>0.30333334</x>
      <y>0.7216667</y>
      <w>0.8250244</w>
      <t>3900</t>
    </point>
    <point>
      <x>0.305</x>
      <y>0.7216667</y>
      <w>0.8250244</w>
      <t>3900</t>
    </point>
    <point>
      <x>0.30666667</x>
      <y>0.7216667</y>
      <w>0.8914956</w>
      <t>3934</t>
    </point>
    <point>
      <x>0.30666667</x>
      <y>0.72333336</y>
      <w>0.8914956</w>
      <t>3934</t>
    </point>
    <point>
      <x>0.30833334</x>
      <y>0.72333336</y>
      <w>0.9178886</w>
      <t>3967</t>
    </point>
    <point>
      <x>0.31</x>
      <y>0.72333336</y>
      <w>0.9178886</w>
      <t>3967</t>
    </point>
    <point>
      <x>0.31166667</x>
      <y>0.72333336</y>
      <w>0.9178886</w>
      <t>3967</t>
    </point>
    <point>
      <x>0.31333333</x>
      <y>0.72333336</y>
      <w>0.92766374</w>
      <t>4000</t>
    </point>
    <point>
      <x>0.315</x>
      <y>0.72333336</y>
      <w>0.92766374</w>
      <t>4000</t>
    </point>
    <point>
      <x>0.31666666</x>
      <y>0.72333336</y>
      <w>0.92766374</w>
      <t>4000</t>
    </point>
    <point>
      <x>0.31833333</x>
      <y>0.72333336</y>
      <w>0.92766374</w>
      <t>4000</t>
    </point>
    <point>
      <x>0.32</x>
      <y>0.72333336</y>
      <w>0.9315738</w>
      <t>4033</t>
    </point>
    <point>
      <x>0.32166666</x>
      <y>0.72333336</y>
      <w>0.9315738</w>
      <t>4033</t>
    </point>
    <point>
      <x>0.32333332</x>
      <y>0.72333336</y>
      <w>0.9315738</w>
      <t>4033</t>
    </point>
    <point>
      <x>0.325</x>
      <y>0.72333336</y>
      <w>0.9354839</w>
      <t>4067</t>
    </point>
    <point>
      <x>0.32666665</x>
      <y>0.72333336</y>
      <w>0.9354839</w>
      <t>4067</t>
    </point>
    <point>
      <x>0.32833335</x>
      <y>0.72333336</y>
      <w>0.9354839</w>
      <t>4067</t>
    </point>
    <point>
      <x>0.33</x>
      <y>0.72333336</y>
      <w>0.9384164</w>
      <t>4100</t>
    </point>
    <point>
      <x>0.33166668</x>
      <y>0.7216667</y>
      <w>0.9384164</w>
      <t>4100</t>
    </point>
    <point>
      <x>0.33333334</x>
      <y>0.7216667</y>
      <w>0.9384164</w>
      <t>4100</t>
    </point>
    <point>
      <x>0.33666667</x>
      <y>0.7216667</y>
      <w>0.9384164</w>
      <t>4100</t>
    </point>
    <point>
      <x>0.33833334</x>
      <y>0.72</y>
      <w>0.9384164</w>
      <t>4100</t>
    </point>
    <point>
      <x>0.34</x>
      <y>0.72</y>
      <w>0.93939394</w>
      <t>4133</t>
    </point>
    <point>
      <x>0.34166667</x>
      <y>0.72</y>
      <w>0.93939394</w>
      <t>4133</t>
    </point>
    <point>
      <x>0.34333333</x>
      <y>0.72</y>
      <w>0.93939394</w>
      <t>4133</t>
    </point>
    <point>
      <x>0.345</x>
      <y>0.7183333</y>
      <w>0.93939394</w>
      <t>4133</t>
    </point>
    <point>
      <x>0.34666666</x>
      <y>0.7183333</y>
      <w>0.94037145</w>
      <t>4167</t>
    </point>
    <point>
      <x>0.34833333</x>
      <y>0.7183333</y>
      <w>0.94037145</w>
      <t>4167</t>
    </point>
    <point>
      <x>0.35166666</x>
      <y>0.71666664</y>
      <w>0.94037145</w>
      <t>4167</t>
    </point>
    <point>
      <x>0.35333332</x>
      <y>0.71666664</y>
      <w>0.94037145</w>
      <t>4167</t>
    </point>
    <point>
      <x>0.35666665</x>
      <y>0.715</y>
      <w>0.94037145</w>
      <t>4167</t>
    </point>
    <point>
      <x>0.36</x>
      <y>0.715</y>
      <w>0.94134897</w>
      <t>4200</t>
    </point>
    <point>
      <x>0.36333334</x>
      <y>0.7133333</y>
      <w>0.94134897</w>
      <t>4200</t>
    </point>
    <point>
      <x>0.365</x>
      <y>0.71166664</y>
      <w>0.94134897</w>
      <t>4200</t>
    </point>
    <point>
      <x>0.36833334</x>
      <y>0.71166664</y>
      <w>0.94134897</w>
      <t>4200</t>
    </point>
    <point>
      <x>0.37166667</x>
      <y>0.71</y>
      <w>0.9384164</w>
      <t>4233</t>
    </point>
    <point>
      <x>0.375</x>
      <y>0.71</y>
      <w>0.9384164</w>
      <t>4233</t>
    </point>
    <point>
      <x>0.38</x>
      <y>0.7083333</y>
      <w>0.9384164</w>
      <t>4233</t>
    </point>
    <point>
      <x>0.38333333</x>
      <y>0.70666665</y>
      <w>0.9384164</w>
      <t>4233</t>
    </point>
    <point>
      <x>0.38666666</x>
      <y>0.70666665</y>
      <w>0.9257087</w>
      <t>4266</t>
    </point>
    <point>
      <x>0.39166668</x>
      <y>0.705</y>
      <w>0.9257087</w>
      <t>4266</t>
    </point>
    <point>
      <x>0.395</x>
      <y>0.705</y>
      <w>0.9257087</w>
      <t>4266</t>
    </point>
    <point>
      <x>0.39833334</x>
      <y>0.7033333</y>
      <w>0.9257087</w>
      <t>4266</t>
    </point>
    <point>
      <x>0.40333334</x>
      <y>0.70166665</y>
      <w>0.9257087</w>
      <t>4266</t>
    </point>
    <point>
      <x>0.40833333</x>
      <y>0.70166665</y>
      <w>0.8993157</w>
      <t>4300</t>
    </point>
    <point>
      <x>0.41166666</x>
      <y>0.7</y>
      <w>0.8993157</w>
      <t>4300</t>
    </point>
    <point>
      <x>0.41666666</x>
      <y>0.6983333</y>
      <w>0.8993157</w>
      <t>4300</t>
    </point>
    <point>
      <x>0.42166665</x>
      <y>0.6983333</y>
      <w>0.8993157</w>
      <t>4300</t>
    </point>
    <point>
      <x>0.425</x>
      <y>0.69666666</y>
      <w>0.8993157</w>
      <t>4300</t>
    </point>
    <point>
      <x>0.43</x>
      <y>0.695</y>
      <w>0.83870965</w>
      <t>4333</t>
    </point>
    <point>
      <x>0.435</x>
      <y>0.6933333</y>
      <w>0.83870965</w>
      <t>4333</t>
    </point>
    <point>
      <x>0.43833333</x>
      <y>0.6933333</y>
      <w>0.83870965</w>
      <t>4333</t>
    </point>
    <point>
      <x>0.44333333</x>
      <y>0.69166666</y>
      <w>0.83870965</w>
      <t>4333</t>
    </point>
    <point>
      <x>0.44833332</x>
      <y>0.69</y>
      <w>0.80254155</w>
      <t>4367</t>
    </point>
    <point>
      <x>0.45166665</x>
      <y>0.68833333</y>
      <w>0.80254155</w>
      <t>4367</t>
    </point>
    <point>
      <x>0.45666668</x>
      <y>0.68666667</y>
      <w>0.80254155</w>
      <t>4367</t>
    </point>
    <point>
      <x>0.46166667</x>
      <y>0.685</y>
      <w>0.80254155</w>
      <t>4367</t>
    </point>
    <point>
      <x>0.46666667</x>
      <y>0.68333334</y>
      <w>0.7663734</w>
      <t>4400</t>
    </point>
    <point>
      <x>0.47166666</x>
      <y>0.6816667</y>
      <w>0.7663734</w>
      <t>4400</t>
    </point>
    <point>
      <x>0.47666666</x>
      <y>0.68</y>
      <w>0.7663734</w>
      <t>4400</t>
    </point>
    <point>
      <x>0.48166665</x>
      <y>0.67833334</y>
      <w>0.7663734</w>
      <t>4400</t>
    </point>
    <point>
      <x>0.48666668</x>
      <y>0.6766667</y>
      <w>0.7663734</w>
      <t>4400</t>
    </point>
    <point>
      <x>0.49166667</x>
      <y>0.675</y>
      <w>0.72043014</w>
      <t>4433</t>
    </point>
    <point>
      <x>0.49833333</x>
      <y>0.67333335</y>
      <w>0.72043014</w>
      <t>4433</t>
    </point>
    <point>
      <x>0.50333333</x>
      <y>0.6716667</y>
      <w>0.72043014</w>
      <t>4433</t>
    </point>
    <point>
      <x>0.51</x>
      <y>0.67</y>
      <w>0.72043014</w>
      <t>4433</t>
    </point>
    <point>
      <x>0.51666665</x>
      <y>0.66833335</y>
      <w>0.64320624</w>
      <t>4467</t>
    </point>
    <point>
      <x>0.52166665</x>
      <y>0.6666667</y>
      <w>0.64320624</w>
      <t>4467</t>
    </point>
    <point>
      <x>0.5283333</x>
      <y>0.665</y>
      <w>0.64320624</w>
      <t>4467</t>
    </point>
    <point>
      <x>0.535</x>
      <y>0.66333336</y>
      <w>0.64320624</w>
      <t>4467</t>
    </point>
    <point>
      <x>0.5416667</x>
      <y>0.66333336</y>
      <w>0.64320624</w>
      <t>4467</t>
    </point>
    <point>
      <x>0.54833335</x>
      <y>0.6616667</y>
      <w>0.5826002</w>
      <t>4500</t>
    </point>
    <point>
      <x>0.555</x>
      <y>0.66</y>
      <w>0.5826002</w>
      <t>4500</t>
    </point>
    <point>
      <x>0.56166667</x>
      <y>0.6566667</y>
      <w>0.5826002</w>
      <t>4500</t>
    </point>
    <point>
      <x>0.5683333</x>
      <y>0.655</y>
      <w>0.5826002</w>
      <t>4500</t>
    </point>
    <point>
      <x>0.575</x>
      <y>0.6533333</y>
      <w>0.56207234</w>
      <t>4533</t>
    </point>
    <point>
      <x>0.58166665</x>
      <y>0.6533333</y>
      <w>0.56207234</w>
      <t>4533</t>
    </point>
    <point>
      <x>0.58666664</x>
      <y>0.65166664</y>
      <w>0.56207234</w>
      <t>4533</t>
    </point>
    <point>
      <x>0.5933333</x>
      <y>0.65</y>
      <w>0.56207234</w>
      <t>4533</t>
    </point>
    <point>
      <x>0.59833336</x>
      <y>0.6483333</y>
      <w>0.55718476</w>
      <t>4567</t>
    </point>
    <point>
      <x>0.605</x>
      <y>0.6483333</y>
      <w>0.55718476</w>
      <t>4567</t>
    </point>
    <point>
      <x>0.61</x>
      <y>0.64666665</y>
      <w>0.55718476</w>
      <t>4567</t>
    </point>
    <point>
      <x>0.615</x>
      <y>0.64666665</y>
      <w>0.55718476</w>
      <t>4567</t>
    </point>
    <point>
      <x>0.62</x>
      <y>0.645</y>
      <w>0.55718476</w>
      <t>4567</t>
    </point>
    <point>
      <x>0.625</x>
      <y>0.645</y>
      <w>0.55718476</w>
      <t>4600</t>
    </point>
    <point>
      <x>0.63</x>
      <y>0.6433333</y>
      <w>0.55718476</w>
      <t>4600</t>
    </point>
    <point>
      <x>0.635</x>
      <y>0.64166665</y>
      <w>0.55718476</w>
      <t>4600</t>
    </point>
    <point>
      <x>0.64</x>
      <y>0.64166665</y>
      <w>0.55718476</w>
      <t>4600</t>
    </point>
    <point>
      <x>0.645</x>
      <y>0.64</y>
      <w>0.55718476</w>
      <t>4600</t>
    </point>
    <point>
      <x>0.65</x>
      <y>0.64</y>
      <w>0.5288367</w>
      <t>4633</t>
    </point>
    <point>
      <x>0.655</x>
      <y>0.64</y>
      <w>0.5288367</w>
      <t>4633</t>
    </point>
    <point>
      <x>0.66</x>
      <y>0.64</y>
      <w>0.5288367</w>
      <t>4633</t>
    </point>
    <point>
      <x>0.665</x>
      <y>0.64</y>
      <w>0.5288367</w>
      <t>4633</t>
    </point>
    <point>
      <x>0.66833335</x>
      <y>0.64</y>
      <w>0.52981424</w>
      <t>4667</t>
    </point>
    <point>
      <x>0.6716667</x>
      <y>0.64</y>
      <w>0.52981424</w>
      <t>4667</t>
    </point>
    <point>
      <x>0.675</x>
      <y>0.64</y>
      <w>0.52981424</w>
      <t>4667</t>
    </point>
    <point>
      <x>0.67833334</x>
      <y>0.64</y>
      <w>0.52981424</w>
      <t>4667</t>
    </point>
    <point>
      <x>0.68</x>
      <y>0.64</y>
      <w>0.53079176</w>
      <t>4700</t>
    </point>
    <point>
      <x>0.68333334</x>
      <y>0.64</y>
      <w>0.53079176</w>
      <t>4700</t>
    </point>
    <point>
      <x>0.68666667</x>
      <y>0.64</y>
      <w>0.53079176</w>
      <t>4700</t>
    </point>
    <point>
      <x>0.68833333</x>
      <y>0.64</y>
      <w>0.53079176</w>
      <t>4700</t>
    </point>
    <point>
      <x>0.69166666</x>
      <y>0.64</y>
      <w>0.53079176</w>
      <t>4700</t>
    </point>
    <point>
      <x>0.6933333</x>
      <y>0.64</y>
      <w>0.540567</w>
      <t>4733</t>
    </point>
    <point>
      <x>0.695</x>
      <y>0.64</y>
      <w>0.540567</w>
      <t>4733</t>
    </point>
    <point>
      <x>0.6983333</x>
      <y>0.64</y>
      <w>0.540567</w>
      <t>4733</t>
    </point>
    <point>
      <x>0.7</x>
      <y>0.64</y>
      <w>0.540567</w>
      <t>4733</t>
    </point>
    <point>
      <x>0.70166665</x>
      <y>0.64166665</y>
      <w>0.5493646</w>
      <t>4767</t>
    </point>
    <point>
      <x>0.7033333</x>
      <y>0.64166665</y>
      <w>0.5493646</w>
      <t>4767</t>
    </point>
    <point>
      <x>0.7033333</x>
      <y>0.6433333</y>
      <w>0.53372437</w>
      <t>4867</t>
    </point>
  </stroke>
</character>
