<?xml version="1.0" encoding="UTF-8"?>
<character>
  <stroke time="0">
    <point>
      <x>0.27333334</x>
      <y>0.29166666</y>
      <w>0.086021505</w>
      <t>36</t>
    </point>
    <point>
      <x>0.275</x>
      <y>0.29333332</y>
      <w>0.20039101</w>
      <t>66</t>
    </point>
    <point>
      <x>0.275</x>
      <y>0.295</y>
      <w>0.20039101</w>
      <t>66</t>
    </point>
    <point>
      <x>0.27666667</x>
      <y>0.29666665</y>
      <w>0.2678397</w>
      <t>99</t>
    </point>
    <point>
      <x>0.27666667</x>
      <y>0.29833335</y>
      <w>0.2678397</w>
      <t>99</t>
    </point>
    <point>
      <x>0.27833334</x>
      <y>0.29833335</y>
      <w>0.2678397</w>
      <t>99</t>
    </point>
    <point>
      <x>0.28</x>
      <y>0.3</y>
      <w>0.2678397</w>
      <t>100</t>
    </point>
    <point>
      <x>0.28166667</x>
      <y>0.30166668</y>
      <w>0.33333334</w>
      <t>133</t>
    </point>
    <point>
      <x>0.28333333</x>
      <y>0.30166668</y>
      <w>0.33333334</w>
      <t>133</t>
    </point>
    <point>
      <x>0.285</x>
      <y>0.30166668</y>
      <w>0.42619747</w>
      <t>166</t>
    </point>
    <point>
      <x>0.285</x>
      <y>0.30333334</y>
      <w>0.42619747</w>
      <t>166</t>
    </point>
    <point>
      <x>0.28666666</x>
      <y>0.30333334</y>
      <w>0.42619747</w>
      <t>166</t>
    </point>
    <point>
      <x>0.28833333</x>
      <y>0.30333334</y>
      <w>0.5102639</w>
      <t>200</t>
    </point>
    <point>
      <x>0.29</x>
      <y>0.30333334</y>
      <w>0.5767351</w>
      <t>233</t>
    </point>
    <point>
      <x>0.29166666</x>
      <y>0.30333334</y>
      <w>0.5767351</w>
      <t>233</t>
    </point>
    <point>
      <x>0.29333332</x>
      <y>0.30333334</y>
      <w>0.61290324</w>
      <t>267</t>
    </point>
    <point>
      <x>0.295</x>
      <y>0.30333334</y>
      <w>0.61290324</w>
      <t>267</t>
    </point>
    <point>
      <x>0.29666665</x>
      <y>0.30333334</y>
      <w>0.61290324</w>
      <t>267</t>
    </point>
    <point>
      <x>0.29833335</x>
      <y>0.30333334</y>
      <w>0.64320624</w>
      <t>300</t>
    </point>
    <point>
      <x>0.30166668</x>
      <y>0.30333334</y>
      <w>0.64320624</w>
      <t>300</t>
    </point>
    <point>
      <x>0.30333334</x>
      <y>0.30333334</y>
      <w>0.64320624</w>
      <t>302</t>
    </point>
    <point>
      <x>0.305</x>
      <y>0.30333334</y>
      <w>0.64320624</w>
      <t>302</t>
    </point>
    <point>
      <x>0.30666667</x>
      <y>0.30333334</y>
      <w>0.64320624</w>
      <t>302</t>
    </point>
    <point>
      <x>0.30833334</x>
      <y>0.30166668</y>
      <w>0.6676442</w>
      <t>333</t>
    </point>
    <point>
      <x>0.31</x>
      <y>0.30166668</y>
      <w>0.6676442</w>
      <t>333</t>
    </point>
    <point>
      <x>0.31333333</x>
      <y>0.3</y>
      <w>0.6676442</w>
      <t>333</t>
    </point>
    <point>
      <x>0.315</x>
      <y>0.3</y>
      <w>0.6676442</w>
      <t>334</t>
    </point>
    <point>
      <x>0.31833333</x>
      <y>0.29833335</y>
      <w>0.6911046</w>
      <t>366</t>
    </point>
    <point>
      <x>0.32166666</x>
      <y>0.29666665</y>
      <w>0.6911046</w>
      <t>366</t>
    </point>
    <point>
      <x>0.325</x>
      <y>0.295</y>
      <w>0.6911046</w>
      <t>366</t>
    </point>
    <point>
      <x>0.32666665</x>
      <y>0.29333332</y>
      <w>0.6911046</w>
      <t>367</t>
    </point>
    <point>
      <x>0.33166668</x>
      <y>0.29166666</y>
      <w>0.714565</w>
      <t>399</t>
    </point>
    <point>
      <x>0.335</x>
      <y>0.28833333</y>
      <w>0.714565</w>
      <t>399</t>
    </point>
    <point>
      <x>0.33833334</x>
      <y>0.28666666</y>
      <w>0.714565</w>
      <t>399</t>
    </point>
    <point>
      <x>0.34333333</x>
      <y>0.28333333</y>
      <w>0.714565</w>
      <t>400</t>
    </point>
    <point>
      <x>0.34833333</x>
      <y>0.28</y>
      <w>0.714565</w>
      <t>400</t>
    </point>
    <point>
      <x>0.35166666</x>
      <y>0.27833334</y>
      <w>0.7253177</w>
      <t>433</t>
    </point>
    <point>
      <x>0.35666665</x>
      <y>0.275</y>
      <w>0.7253177</w>
      <t>433</t>
    </point>
    <point>
      <x>0.36166668</x>
      <y>0.27166668</y>
      <w>0.7253177</w>
      <t>433</t>
    </point>
    <point>
      <x>0.36666667</x>
      <y>0.26833335</y>
      <w>0.7253177</w>
      <t>434</t>
    </point>
    <point>
      <x>0.37166667</x>
      <y>0.265</y>
      <w>0.7243402</w>
      <t>467</t>
    </point>
    <point>
      <x>0.37666667</x>
      <y>0.26</y>
      <w>0.7243402</w>
      <t>467</t>
    </point>
    <point>
      <x>0.38166666</x>
      <y>0.25666666</y>
      <w>0.7243402</w>
      <t>467</t>
    </point>
    <point>
      <x>0.38833332</x>
      <y>0.25333333</y>
      <w>0.7243402</w>
      <t>468</t>
    </point>
    <point>
      <x>0.39333335</x>
      <y>0.24833333</y>
      <w>0.7243402</w>
      <t>468</t>
    </point>
    <point>
      <x>0.4</x>
      <y>0.245</y>
      <w>0.72238517</w>
      <t>500</t>
    </point>
    <point>
      <x>0.405</x>
      <y>0.24166666</y>
      <w>0.72238517</w>
      <t>500</t>
    </point>
    <point>
      <x>0.41166666</x>
      <y>0.23833333</y>
      <w>0.72238517</w>
      <t>500</t>
    </point>
    <point>
      <x>0.41666666</x>
      <y>0.235</y>
      <w>0.72238517</w>
      <t>501</t>
    </point>
    <point>
      <x>0.42</x>
      <y>0.23166667</y>
      <w>0.72140765</w>
      <t>533</t>
    </point>
    <point>
      <x>0.425</x>
      <y>0.23</y>
      <w>0.72140765</w>
      <t>533</t>
    </point>
    <point>
      <x>0.42833334</x>
      <y>0.22833334</y>
      <w>0.72140765</w>
      <t>533</t>
    </point>
    <point>
      <x>0.43166667</x>
      <y>0.22666667</y>
      <w>0.72140765</w>
      <t>534</t>
    </point>
    <point>
      <x>0.43333334</x>
      <y>0.22666667</y>
      <w>0.72140765</w>
      <t>534</t>
    </point>
    <point>
      <x>0.435</x>
      <y>0.225</y>
      <w>0.72238517</w>
      <t>567</t>
    </point>
    <point>
      <x>0.43666667</x>
      <y>0.225</y>
      <w>0.72238517</w>
      <t>567</t>
    </point>
    <point>
      <x>0.43833333</x>
      <y>0.225</y>
      <w>0.72238517</w>
      <t>567</t>
    </point>
    <point>
      <x>0.43833333</x>
      <y>0.22333333</y>
      <w>0.72238517</w>
      <t>568</t>
    </point>
    <point>
      <x>0.44</x>
      <y>0.22333333</y>
      <w>0.72238517</w>
      <t>599</t>
    </point>
    <point>
      <x>0.44166666</x>
      <y>0.22333333</y>
      <w>0.72825027</w>
      <t>633</t>
    </point>
    <point>
      <x>0.44333333</x>
      <y>0.225</y>
      <w>0.75073314</w>
      <t>666</t>
    </point>
    <point>
      <x>0.445</x>
      <y>0.225</y>
      <w>0.75073314</w>
      <t>666</t>
    </point>
    <point>
      <x>0.445</x>
      <y>0.22666667</y>
      <w>0.7663734</w>
      <t>700</t>
    </point>
    <point>
      <x>0.44666666</x>
      <y>0.22666667</y>
      <w>0.7663734</w>
      <t>700</t>
    </point>
    <point>
      <x>0.44666666</x>
      <y>0.22833334</y>
      <w>0.7663734</w>
      <t>700</t>
    </point>
    <point>
      <x>0.44833332</x>
      <y>0.23</y>
      <w>0.7663734</w>
      <t>700</t>
    </point>
    <point>
      <x>0.44833332</x>
      <y>0.23166667</y>
      <w>0.78299123</w>
      <t>733</t>
    </point>
    <point>
      <x>0.45</x>
      <y>0.23333333</y>
      <w>0.78299123</w>
      <t>733</t>
    </point>
    <point>
      <x>0.45</x>
      <y>0.235</y>
      <w>0.7937439</w>
      <t>766</t>
    </point>
    <point>
      <x>0.45</x>
      <y>0.23666666</y>
      <w>0.80742913</w>
      <t>799</t>
    </point>
    <point>
      <x>0.45</x>
      <y>0.23833333</y>
      <w>0.80742913</w>
      <t>799</t>
    </point>
    <point>
      <x>0.44833332</x>
      <y>0.24</y>
      <w>0.8113392</w>
      <t>833</t>
    </point>
    <point>
      <x>0.44833332</x>
      <y>0.24166666</y>
      <w>0.8113392</w>
      <t>833</t>
    </point>
    <point>
      <x>0.44666666</x>
      <y>0.24333334</y>
      <w>0.8113392</w>
      <t>833</t>
    </point>
    <point>
      <x>0.44666666</x>
      <y>0.245</y>
      <w>0.8113392</w>
      <t>833</t>
    </point>
    <point>
      <x>0.445</x>
      <y>0.24666667</y>
      <w>0.81329423</w>
      <t>867</t>
    </point>
    <point>
      <x>0.445</x>
      <y>0.24833333</y>
      <w>0.81329423</w>
      <t>868</t>
    </point>
    <point>
      <x>0.44333333</x>
      <y>0.25</y>
      <w>0.81329423</w>
      <t>868</t>
    </point>
    <point>
      <x>0.44166666</x>
      <y>0.25333333</y>
      <w>0.81329423</w>
      <t>868</t>
    </point>
    <point>
      <x>0.44</x>
      <y>0.25666666</y>
      <w>0.8123167</w>
      <t>900</t>
    </point>
    <point>
      <x>0.43833333</x>
      <y>0.25833333</y>
      <w>0.8123167</w>
      <t>900</t>
    </point>
    <point>
      <x>0.43833333</x>
      <y>0.26166666</y>
      <w>0.8123167</w>
      <t>900</t>
    </point>
    <point>
      <x>0.43666667</x>
      <y>0.26333332</y>
      <w>0.8123167</w>
      <t>900</t>
    </point>
    <point>
      <x>0.435</x>
      <y>0.26666668</y>
      <w>0.81329423</w>
      <t>933</t>
    </point>
    <point>
      <x>0.43333334</x>
      <y>0.27166668</y>
      <w>0.81329423</w>
      <t>935</t>
    </point>
    <point>
      <x>0.43166667</x>
      <y>0.275</y>
      <w>0.81329423</w>
      <t>935</t>
    </point>
    <point>
      <x>0.42833334</x>
      <y>0.28</y>
      <w>0.81329423</w>
      <t>935</t>
    </point>
    <point>
      <x>0.42666668</x>
      <y>0.285</y>
      <w>0.81329423</w>
      <t>935</t>
    </point>
    <point>
      <x>0.42333335</x>
      <y>0.29166666</y>
      <w>0.81329423</w>
      <t>966</t>
    </point>
    <point>
      <x>0.41833332</x>
      <y>0.29833335</y>
      <w>0.81329423</w>
      <t>966</t>
    </point>
    <point>
      <x>0.415</x>
      <y>0.305</y>
      <w>0.81329423</w>
      <t>966</t>
    </point>
    <point>
      <x>0.41166666</x>
      <y>0.31166667</y>
      <w>0.81329423</w>
      <t>966</t>
    </point>
    <point>
      <x>0.40833333</x>
      <y>0.31833333</y>
      <w>0.81427175</w>
      <t>1000</t>
    </point>
    <point>
      <x>0.40333334</x>
      <y>0.32666665</y>
      <w>0.81427175</w>
      <t>1000</t>
    </point>
    <point>
      <x>0.4</x>
      <y>0.33333334</y>
      <w>0.81427175</w>
      <t>1000</t>
    </point>
    <point>
      <x>0.39666668</x>
      <y>0.34166667</y>
      <w>0.81427175</w>
      <t>1000</t>
    </point>
    <point>
      <x>0.39166668</x>
      <y>0.35</y>
      <w>0.81427175</w>
      <t>1001</t>
    </point>
    <point>
      <x>0.38833332</x>
      <y>0.36</y>
      <w>0.81524926</w>
      <t>1033</t>
    </point>
    <point>
      <x>0.38333333</x>
      <y>0.37</y>
      <w>0.81524926</w>
      <t>1033</t>
    </point>
    <point>
      <x>0.38</x>
      <y>0.38</y>
      <w>0.81524926</w>
      <t>1033</t>
    </point>
    <point>
      <x>0.37666667</x>
      <y>0.39</y>
      <w>0.81524926</w>
      <t>1033</t>
    </point>
    <point>
      <x>0.37333333</x>
      <y>0.4</y>
      <w>0.8162268</w>
      <t>1066</t>
    </point>
    <point>
      <x>0.37166667</x>
      <y>0.41</y>
      <w>0.8162268</w>
      <t>1066</t>
    </point>
    <point>
      <x>0.36833334</x>
      <y>0.42166665</y>
      <w>0.8162268</w>
      <t>1066</t>
    </point>
    <point>
      <x>0.365</x>
      <y>0.43166667</y>
      <w>0.8162268</w>
      <t>1066</t>
    </point>
    <point>
      <x>0.36333334</x>
      <y>0.44333333</y>
      <w>0.8162268</w>
      <t>1067</t>
    </point>
    <point>
      <x>0.36</x>
      <y>0.45666668</y>
      <w>0.8172043</w>
      <t>1099</t>
    </point>
    <point>
      <x>0.35666665</x>
      <y>0.47</y>
      <w>0.8172043</w>
      <t>1099</t>
    </point>
    <point>
      <x>0.355</x>
      <y>0.485</y>
      <w>0.8172043</w>
      <t>1099</t>
    </point>
    <point>
      <x>0.35333332</x>
      <y>0.49833333</y>
      <w>0.8172043</w>
      <t>1099</t>
    </point>
    <point>
      <x>0.35166666</x>
      <y>0.51166666</y>
      <w>0.81524926</w>
      <t>1133</t>
    </point>
    <point>
      <x>0.35166666</x>
      <y>0.525</y>
      <w>0.81524926</w>
      <t>1133</t>
    </point>
    <point>
      <x>0.35166666</x>
      <y>0.53833336</y>
      <w>0.81524926</w>
      <t>1133</t>
    </point>
    <point>
      <x>0.35166666</x>
      <y>0.54833335</y>
      <w>0.81524926</w>
      <t>1133</t>
    </point>
    <point>
      <x>0.35166666</x>
      <y>0.55833334</y>
      <w>0.81524926</w>
      <t>1134</t>
    </point>
    <point>
      <x>0.35166666</x>
      <y>0.56666666</y>
      <w>0.81427175</w>
      <t>1166</t>
    </point>
    <point>
      <x>0.35333332</x>
      <y>0.575</y>
      <w>0.81427175</w>
      <t>1166</t>
    </point>
    <point>
      <x>0.355</x>
      <y>0.58166665</y>
      <w>0.81427175</w>
      <t>1166</t>
    </point>
    <point>
      <x>0.35666665</x>
      <y>0.5883333</y>
      <w>0.81427175</w>
      <t>1166</t>
    </point>
    <point>
      <x>0.35666665</x>
      <y>0.5933333</y>
      <w>0.8113392</w>
      <t>1200</t>
    </point>
    <point>
      <x>0.35833332</x>
      <y>0.59833336</y>
      <w>0.8113392</w>
      <t>1200</t>
    </point>
    <point>
      <x>0.35833332</x>
      <y>0.6016667</y>
      <w>0.8113392</w>
      <t>1200</t>
    </point>
    <point>
      <x>0.35833332</x>
      <y>0.60333335</y>
      <w>0.8113392</w>
      <t>1200</t>
    </point>
    <point>
      <x>0.35833332</x>
      <y>0.605</y>
      <w>0.7653959</w>
      <t>1233</t>
    </point>
    <point>
      <x>0.36</x>
      <y>0.6066667</y>
      <w>0.7653959</w>
      <t>1233</t>
    </point>
    <point>
      <x>0.36166668</x>
      <y>0.6066667</y>
      <w>0.5356794</w>
      <t>1266</t>
    </point>
    <point>
      <x>0.36166668</x>
      <y>0.605</y>
      <w>0.5356794</w>
      <t>1266</t>
    </point>
  </stroke>
  <stroke time="2167">
    <point>
      <x>0.47166666</x>
      <y>0.37833333</y>
      <w>0.32258064</w>
      <t>2200</t>
    </point>
    <point>
      <x>0.47333333</x>
      <y>0.38</y>
      <w>0.32258064</w>
      <t>2200</t>
    </point>
    <point>
      <x>0.47333333</x>
      <y>0.38166666</y>
      <w>0.41544476</w>
      <t>2233</t>
    </point>
    <point>
      <x>0.475</x>
      <y>0.38333333</y>
      <w>0.41544476</w>
      <t>2233</t>
    </point>
    <point>
      <x>0.475</x>
      <y>0.385</y>
      <w>0.41544476</w>
      <t>2233</t>
    </point>
    <point>
      <x>0.47666666</x>
      <y>0.38833332</y>
      <w>0.41544476</w>
      <t>2233</t>
    </point>
    <point>
      <x>0.47666666</x>
      <y>0.39</y>
      <w>0.49364614</w>
      <t>2266</t>
    </point>
    <point>
      <x>0.47833332</x>
      <y>0.39333335</y>
      <w>0.49364614</w>
      <t>2266</t>
    </point>
    <point>
      <x>0.48</x>
      <y>0.39666668</y>
      <w>0.49364614</w>
      <t>2266</t>
    </point>
    <point>
      <x>0.48</x>
      <y>0.39833334</y>
      <w>0.49364614</w>
      <t>2266</t>
    </point>
    <point>
      <x>0.48166665</x>
      <y>0.40166667</y>
      <w>0.49364614</w>
      <t>2266</t>
    </point>
    <point>
      <x>0.48333332</x>
      <y>0.405</y>
      <w>0.55718476</w>
      <t>2300</t>
    </point>
    <point>
      <x>0.48333332</x>
      <y>0.40833333</y>
      <w>0.55718476</w>
      <t>2300</t>
    </point>
    <point>
      <x>0.485</x>
      <y>0.41166666</y>
      <w>0.55718476</w>
      <t>2300</t>
    </point>
    <point>
      <x>0.485</x>
      <y>0.415</y>
      <w>0.55718476</w>
      <t>2300</t>
    </point>
    <point>
      <x>0.48666668</x>
      <y>0.41833332</y>
      <w>0.62561095</w>
      <t>2333</t>
    </point>
    <point>
      <x>0.48666668</x>
      <y>0.42166665</y>
      <w>0.62561095</w>
      <t>2333</t>
    </point>
    <point>
      <x>0.48666668</x>
      <y>0.425</y>
      <w>0.62561095</w>
      <t>2333</t>
    </point>
    <point>
      <x>0.48666668</x>
      <y>0.42833334</y>
      <w>0.62561095</w>
      <t>2333</t>
    </point>
    <point>
      <x>0.48833334</x>
      <y>0.43166667</y>
      <w>0.62561095</w>
      <t>2333</t>
    </point>
    <point>
      <x>0.48833334</x>
      <y>0.435</y>
      <w>0.6852395</w>
      <t>2366</t>
    </point>
    <point>
      <x>0.48833334</x>
      <y>0.43833333</y>
      <w>0.6852395</w>
      <t>2366</t>
    </point>
    <point>
      <x>0.48833334</x>
      <y>0.44333333</y>
      <w>0.6852395</w>
      <t>2366</t>
    </point>
    <point>
      <x>0.48833334</x>
      <y>0.44666666</y>
      <w>0.6852395</w>
      <t>2366</t>
    </point>
    <point>
      <x>0.48833334</x>
      <y>0.45</y>
      <w>0.73216033</w>
      <t>2400</t>
    </point>
    <point>
      <x>0.48833334</x>
      <y>0.455</y>
      <w>0.73216033</w>
      <t>2400</t>
    </point>
    <point>
      <x>0.48833334</x>
      <y>0.46</y>
      <w>0.73216033</w>
      <t>2400</t>
    </point>
    <point>
      <x>0.48833334</x>
      <y>0.465</y>
      <w>0.73216033</w>
      <t>2400</t>
    </point>
    <point>
      <x>0.48833334</x>
      <y>0.47</y>
      <w>0.76246333</w>
      <t>2433</t>
    </point>
    <point>
      <x>0.48666668</x>
      <y>0.475</y>
      <w>0.76246333</w>
      <t>2433</t>
    </point>
    <point>
      <x>0.485</x>
      <y>0.47833332</y>
      <w>0.76246333</w>
      <t>2433</t>
    </point>
    <point>
      <x>0.485</x>
      <y>0.485</y>
      <w>0.76246333</w>
      <t>2433</t>
    </point>
    <point>
      <x>0.48333332</x>
      <y>0.49</y>
      <w>0.76246333</w>
      <t>2433</t>
    </point>
    <point>
      <x>0.48166665</x>
      <y>0.49666667</y>
      <w>0.78494626</w>
      <t>2467</t>
    </point>
    <point>
      <x>0.47833332</x>
      <y>0.50333333</y>
      <w>0.78494626</w>
      <t>2467</t>
    </point>
    <point>
      <x>0.47666666</x>
      <y>0.5083333</y>
      <w>0.78494626</w>
      <t>2467</t>
    </point>
    <point>
      <x>0.475</x>
      <y>0.515</y>
      <w>0.78494626</w>
      <t>2467</t>
    </point>
    <point>
      <x>0.47166666</x>
      <y>0.52166665</y>
      <w>0.80840665</w>
      <t>2500</t>
    </point>
    <point>
      <x>0.47</x>
      <y>0.5283333</y>
      <w>0.80840665</w>
      <t>2500</t>
    </point>
    <point>
      <x>0.46833333</x>
      <y>0.535</y>
      <w>0.80840665</w>
      <t>2500</t>
    </point>
    <point>
      <x>0.465</x>
      <y>0.5416667</y>
      <w>0.80840665</w>
      <t>2500</t>
    </point>
    <point>
      <x>0.46333334</x>
      <y>0.54833335</y>
      <w>0.80840665</w>
      <t>2500</t>
    </point>
    <point>
      <x>0.46</x>
      <y>0.555</y>
      <w>0.8162268</w>
      <t>2533</t>
    </point>
    <point>
      <x>0.45666668</x>
      <y>0.56166667</y>
      <w>0.8162268</w>
      <t>2533</t>
    </point>
    <point>
      <x>0.45333335</x>
      <y>0.5683333</y>
      <w>0.8162268</w>
      <t>2533</t>
    </point>
    <point>
      <x>0.45</x>
      <y>0.575</y>
      <w>0.8162268</w>
      <t>2533</t>
    </point>
    <point>
      <x>0.44666666</x>
      <y>0.58166665</y>
      <w>0.8162268</w>
      <t>2566</t>
    </point>
    <point>
      <x>0.44166666</x>
      <y>0.59</y>
      <w>0.8162268</w>
      <t>2566</t>
    </point>
    <point>
      <x>0.43833333</x>
      <y>0.59833336</y>
      <w>0.8162268</w>
      <t>2566</t>
    </point>
    <point>
      <x>0.435</x>
      <y>0.605</y>
      <w>0.8162268</w>
      <t>2566</t>
    </point>
    <point>
      <x>0.43</x>
      <y>0.61333334</y>
      <w>0.8162268</w>
      <t>2566</t>
    </point>
    <point>
      <x>0.425</x>
      <y>0.62</y>
      <w>0.8172043</w>
      <t>2600</t>
    </point>
    <point>
      <x>0.42166665</x>
      <y>0.62666667</y>
      <w>0.8172043</w>
      <t>2600</t>
    </point>
    <point>
      <x>0.41666666</x>
      <y>0.6333333</y>
      <w>0.8172043</w>
      <t>2600</t>
    </point>
    <point>
      <x>0.41166666</x>
      <y>0.64</y>
      <w>0.8172043</w>
      <t>2600</t>
    </point>
    <point>
      <x>0.405</x>
      <y>0.64666665</y>
      <w>0.8172043</w>
      <t>2633</t>
    </point>
    <point>
      <x>0.4</x>
      <y>0.65166664</y>
      <w>0.8172043</w>
      <t>2633</t>
    </point>
    <point>
      <x>0.395</x>
      <y>0.65833336</y>
      <w>0.8172043</w>
      <t>2633</t>
    </point>
    <point>
      <x>0.39</x>
      <y>0.66333336</y>
      <w>0.8172043</w>
      <t>2633</t>
    </point>
    <point>
      <x>0.38666666</x>
      <y>0.66833335</y>
      <w>0.8172043</w>
      <t>2633</t>
    </point>
    <point>
      <x>0.38166666</x>
      <y>0.6716667</y>
      <w>0.8172043</w>
      <t>2666</t>
    </point>
    <point>
      <x>0.37666667</x>
      <y>0.675</y>
      <w>0.8172043</w>
      <t>2666</t>
    </point>
    <point>
      <x>0.37333333</x>
      <y>0.67833334</y>
      <w>0.8172043</w>
      <t>2666</t>
    </point>
    <point>
      <x>0.36833334</x>
      <y>0.6816667</y>
      <w>0.8172043</w>
      <t>2666</t>
    </point>
    <point>
      <x>0.36333334</x>
      <y>0.685</y>
      <w>0.7653959</w>
      <t>2700</t>
    </point>
    <point>
      <x>0.35833332</x>
      <y>0.68666667</y>
      <w>0.7653959</w>
      <t>2700</t>
    </point>
    <point>
      <x>0.35333332</x>
      <y>0.68833333</y>
      <w>0.7653959</w>
      <t>2700</t>
    </point>
    <point>
      <x>0.34833333</x>
      <y>0.69</y>
      <w>0.7653959</w>
      <t>2700</t>
    </point>
    <point>
      <x>0.345</x>
      <y>0.69166666</y>
      <w>0.68328446</w>
      <t>2733</t>
    </point>
    <point>
      <x>0.34</x>
      <y>0.69166666</y>
      <w>0.68328446</w>
      <t>2733</t>
    </point>
    <point>
      <x>0.33666667</x>
      <y>0.6933333</y>
      <w>0.68328446</w>
      <t>2733</t>
    </point>
    <point>
      <x>0.33166668</x>
      <y>0.695</y>
      <w>0.68328446</w>
      <t>2733</t>
    </point>
    <point>
      <x>0.32666665</x>
      <y>0.695</y>
      <w>0.68328446</w>
      <t>2733</t>
    </point>
    <point>
      <x>0.32333332</x>
      <y>0.69666666</y>
      <w>0.63245356</w>
      <t>2766</t>
    </point>
    <point>
      <x>0.31833333</x>
      <y>0.69666666</y>
      <w>0.63245356</w>
      <t>2766</t>
    </point>
    <point>
      <x>0.31333333</x>
      <y>0.6983333</y>
      <w>0.63245356</w>
      <t>2766</t>
    </point>
    <point>
      <x>0.31</x>
      <y>0.6983333</y>
      <w>0.63245356</w>
      <t>2766</t>
    </point>
    <point>
      <x>0.305</x>
      <y>0.6983333</y>
      <w>0.5434995</w>
      <t>2800</t>
    </point>
    <point>
      <x>0.30166668</x>
      <y>0.6983333</y>
      <w>0.5434995</w>
      <t>2800</t>
    </point>
    <point>
      <x>0.29666665</x>
      <y>0.6983333</y>
      <w>0.5434995</w>
      <t>2800</t>
    </point>
    <point>
      <x>0.29333332</x>
      <y>0.6983333</y>
      <w>0.5434995</w>
      <t>2800</t>
    </point>
    <point>
      <x>0.29</x>
      <y>0.69666666</y>
      <w>0.5434995</w>
      <t>2800</t>
    </point>
    <point>
      <x>0.285</x>
      <y>0.69666666</y>
      <w>0.46432063</w>
      <t>2833</t>
    </point>
    <point>
      <x>0.28166667</x>
      <y>0.695</y>
      <w>0.46432063</w>
      <t>2833</t>
    </point>
    <point>
      <x>0.27833334</x>
      <y>0.6933333</y>
      <w>0.46432063</w>
      <t>2833</t>
    </point>
    <point>
      <x>0.27666667</x>
      <y>0.69166666</y>
      <w>0.46432063</w>
      <t>2833</t>
    </point>
    <point>
      <x>0.27333334</x>
      <y>0.69</y>
      <w>0.43792766</w>
      <t>2867</t>
    </point>
    <point>
      <x>0.27</x>
      <y>0.68833333</y>
      <w>0.43792766</w>
      <t>2867</t>
    </point>
    <point>
      <x>0.26833335</x>
      <y>0.68666667</y>
      <w>0.43792766</w>
      <t>2867</t>
    </point>
    <point>
      <x>0.26666668</x>
      <y>0.685</y>
      <w>0.43792766</w>
      <t>2867</t>
    </point>
    <point>
      <x>0.265</x>
      <y>0.68333334</y>
      <w>0.43792766</w>
      <t>2867</t>
    </point>
    <point>
      <x>0.26333332</x>
      <y>0.68</y>
      <w>0.39784947</w>
      <t>2900</t>
    </point>
    <point>
      <x>0.26333332</x>
      <y>0.67833334</y>
      <w>0.39784947</w>
      <t>2900</t>
    </point>
    <point>
      <x>0.26166666</x>
      <y>0.6766667</y>
      <w>0.39784947</w>
      <t>2900</t>
    </point>
    <point>
      <x>0.26</x>
      <y>0.67333335</y>
      <w>0.39784947</w>
      <t>2900</t>
    </point>
    <point>
      <x>0.26</x>
      <y>0.6716667</y>
      <w>0.32453567</w>
      <t>2933</t>
    </point>
    <point>
      <x>0.25833333</x>
      <y>0.67</y>
      <w>0.32453567</w>
      <t>2933</t>
    </point>
    <point>
      <x>0.25833333</x>
      <y>0.66833335</y>
      <w>0.32453567</w>
      <t>2933</t>
    </point>
    <point>
      <x>0.25833333</x>
      <y>0.665</y>
      <w>0.32453567</w>
      <t>2933</t>
    </point>
    <point>
      <x>0.25833333</x>
      <y>0.66333336</y>
      <w>0.32453567</w>
      <t>2933</t>
    </point>
    <point>
      <x>0.25833333</x>
      <y>0.6616667</y>
      <w>0.32258064</w>
      <t>2967</t>
    </point>
    <point>
      <x>0.25833333</x>
      <y>0.66</y>
      <w>0.32258064</w>
      <t>2967</t>
    </point>
    <point>
      <x>0.25833333</x>
      <y>0.6566667</y>
      <w>0.32258064</w>
      <t>2967</t>
    </point>
    <point>
      <x>0.25833333</x>
      <y>0.6533333</y>
      <w>0.32258064</w>
      <t>2967</t>
    </point>
    <point>
      <x>0.25833333</x>
      <y>0.65166664</y>
      <w>0.32551318</w>
      <t>3000</t>
    </point>
    <point>
      <x>0.26</x>
      <y>0.6483333</y>
      <w>0.32551318</w>
      <t>3000</t>
    </point>
    <point>
      <x>0.26166666</x>
      <y>0.645</y>
      <w>0.32551318</w>
      <t>3000</t>
    </point>
    <point>
      <x>0.26333332</x>
      <y>0.64166665</y>
      <w>0.32551318</w>
      <t>3000</t>
    </point>
    <point>
      <x>0.26666668</x>
      <y>0.6383333</y>
      <w>0.3264907</w>
      <t>3033</t>
    </point>
    <point>
      <x>0.26833335</x>
      <y>0.635</y>
      <w>0.3264907</w>
      <t>3033</t>
    </point>
    <point>
      <x>0.27</x>
      <y>0.63166666</y>
      <w>0.3264907</w>
      <t>3033</t>
    </point>
    <point>
      <x>0.27333334</x>
      <y>0.62666667</y>
      <w>0.3264907</w>
      <t>3033</t>
    </point>
    <point>
      <x>0.27666667</x>
      <y>0.62333333</y>
      <w>0.3264907</w>
      <t>3033</t>
    </point>
    <point>
      <x>0.28</x>
      <y>0.62</y>
      <w>0.3304008</w>
      <t>3067</t>
    </point>
    <point>
      <x>0.28333333</x>
      <y>0.615</y>
      <w>0.3304008</w>
      <t>3067</t>
    </point>
    <point>
      <x>0.28666666</x>
      <y>0.61</y>
      <w>0.3304008</w>
      <t>3067</t>
    </point>
    <point>
      <x>0.29166666</x>
      <y>0.60333335</y>
      <w>0.3304008</w>
      <t>3067</t>
    </point>
    <point>
      <x>0.295</x>
      <y>0.59833336</y>
      <w>0.342131</w>
      <t>3100</t>
    </point>
    <point>
      <x>0.3</x>
      <y>0.59166664</y>
      <w>0.342131</w>
      <t>3100</t>
    </point>
    <point>
      <x>0.30333334</x>
      <y>0.58666664</y>
      <w>0.342131</w>
      <t>3100</t>
    </point>
    <point>
      <x>0.30833334</x>
      <y>0.58</y>
      <w>0.342131</w>
      <t>3100</t>
    </point>
    <point>
      <x>0.315</x>
      <y>0.575</y>
      <w>0.342131</w>
      <t>3100</t>
    </point>
    <point>
      <x>0.32</x>
      <y>0.5683333</y>
      <w>0.342131</w>
      <t>3133</t>
    </point>
    <point>
      <x>0.325</x>
      <y>0.56333333</y>
      <w>0.342131</w>
      <t>3133</t>
    </point>
    <point>
      <x>0.33166668</x>
      <y>0.5566667</y>
      <w>0.342131</w>
      <t>3133</t>
    </point>
    <point>
      <x>0.33833334</x>
      <y>0.55</y>
      <w>0.342131</w>
      <t>3133</t>
    </point>
    <point>
      <x>0.345</x>
      <y>0.54333335</y>
      <w>0.37634408</w>
      <t>3166</t>
    </point>
    <point>
      <x>0.35333332</x>
      <y>0.535</y>
      <w>0.37634408</w>
      <t>3166</t>
    </point>
    <point>
      <x>0.36</x>
      <y>0.5283333</y>
      <w>0.37634408</w>
      <t>3166</t>
    </point>
    <point>
      <x>0.36833334</x>
      <y>0.52166665</y>
      <w>0.37634408</w>
      <t>3166</t>
    </point>
    <point>
      <x>0.375</x>
      <y>0.515</y>
      <w>0.37634408</w>
      <t>3166</t>
    </point>
    <point>
      <x>0.38166666</x>
      <y>0.50666666</y>
      <w>0.38709676</w>
      <t>3200</t>
    </point>
    <point>
      <x>0.39</x>
      <y>0.5</y>
      <w>0.38709676</w>
      <t>3200</t>
    </point>
    <point>
      <x>0.39833334</x>
      <y>0.49333334</y>
      <w>0.38709676</w>
      <t>3200</t>
    </point>
    <point>
      <x>0.40666667</x>
      <y>0.485</y>
      <w>0.38709676</w>
      <t>3200</t>
    </point>
    <point>
      <x>0.41666666</x>
      <y>0.47833332</y>
      <w>0.38514173</w>
      <t>3233</t>
    </point>
    <point>
      <x>0.42666668</x>
      <y>0.47</y>
      <w>0.38514173</w>
      <t>3233</t>
    </point>
    <point>
      <x>0.435</x>
      <y>0.46</y>
      <w>0.38514173</w>
      <t>3233</t>
    </point>
    <point>
      <x>0.445</x>
      <y>0.45166665</y>
      <w>0.38514173</w>
      <t>3233</t>
    </point>
    <point>
      <x>0.455</x>
      <y>0.44333333</y>
      <w>0.38514173</w>
      <t>3233</t>
    </point>
    <point>
      <x>0.46333334</x>
      <y>0.435</y>
      <w>0.38709676</w>
      <t>3266</t>
    </point>
    <point>
      <x>0.47333333</x>
      <y>0.42666668</y>
      <w>0.38709676</w>
      <t>3266</t>
    </point>
    <point>
      <x>0.48333332</x>
      <y>0.42</y>
      <w>0.38709676</w>
      <t>3266</t>
    </point>
    <point>
      <x>0.495</x>
      <y>0.41166666</y>
      <w>0.38709676</w>
      <t>3266</t>
    </point>
    <point>
      <x>0.505</x>
      <y>0.405</y>
      <w>0.38807428</w>
      <t>3300</t>
    </point>
    <point>
      <x>0.515</x>
      <y>0.39666668</y>
      <w>0.38807428</w>
      <t>3300</t>
    </point>
    <point>
      <x>0.52666664</x>
      <y>0.39</y>
      <w>0.38807428</w>
      <t>3300</t>
    </point>
    <point>
      <x>0.53833336</x>
      <y>0.38166666</y>
      <w>0.38807428</w>
      <t>3300</t>
    </point>
    <point>
      <x>0.54833335</x>
      <y>0.37333333</y>
      <w>0.38709676</w>
      <t>3333</t>
    </point>
    <point>
      <x>0.56</x>
      <y>0.36666667</y>
      <w>0.38709676</w>
      <t>3333</t>
    </point>
    <point>
      <x>0.57</x>
      <y>0.36</y>
      <w>0.38709676</w>
      <t>3333</t>
    </point>
    <point>
      <x>0.5783333</x>
      <y>0.35333332</y>
      <w>0.38709676</w>
      <t>3333</t>
    </point>
    <point>
      <x>0.5883333</x>
      <y>0.34666666</y>
      <w>0.38709676</w>
      <t>3333</t>
    </point>
    <point>
      <x>0.5966667</x>
      <y>0.34</y>
      <w>0.38807428</w>
      <t>3367</t>
    </point>
    <point>
      <x>0.605</x>
      <y>0.335</y>
      <w>0.38807428</w>
      <t>3367</t>
    </point>
    <point>
      <x>0.61333334</x>
      <y>0.32833335</y>
      <w>0.38807428</w>
      <t>3367</t>
    </point>
    <point>
      <x>0.62</x>
      <y>0.32333332</y>
      <w>0.38807428</w>
      <t>3367</t>
    </point>
    <point>
      <x>0.62833333</x>
      <y>0.31833333</y>
      <w>0.40175954</w>
      <t>3400</t>
    </point>
    <point>
      <x>0.63666666</x>
      <y>0.315</y>
      <w>0.40175954</w>
      <t>3400</t>
    </point>
    <point>
      <x>0.6433333</x>
      <y>0.31</y>
      <w>0.40175954</w>
      <t>3400</t>
    </point>
    <point>
      <x>0.65</x>
      <y>0.30666667</y>
      <w>0.40175954</w>
      <t>3400</t>
    </point>
    <point>
      <x>0.6566667</x>
      <y>0.30333334</y>
      <w>0.40175954</w>
      <t>3400</t>
    </point>
    <point>
      <x>0.66333336</x>
      <y>0.3</y>
      <w>0.42424244</w>
      <t>3434</t>
    </point>
    <point>
      <x>0.66833335</x>
      <y>0.29833335</y>
      <w>0.42424244</w>
      <t>3434</t>
    </point>
    <point>
      <x>0.67333335</x>
      <y>0.29666665</y>
      <w>0.42424244</w>
      <t>3434</t>
    </point>
    <point>
      <x>0.67833334</x>
      <y>0.29666665</y>
      <w>0.42424244</w>
      <t>3434</t>
    </point>
    <point>
      <x>0.6816667</x>
      <y>0.295</y>
      <w>0.48875856</w>
      <t>3468</t>
    </point>
    <point>
      <x>0.68666667</x>
      <y>0.295</y>
      <w>0.48875856</w>
      <t>3468</t>
    </point>
    <point>
      <x>0.69</x>
      <y>0.29333332</y>
      <w>0.48875856</w>
      <t>3468</t>
    </point>
    <point>
      <x>0.6933333</x>
      <y>0.29333332</y>
      <w>0.48875856</w>
      <t>3468</t>
    </point>
    <point>
      <x>0.69666666</x>
      <y>0.29333332</y>
      <w>0.48875856</w>
      <t>3468</t>
    </point>
    <point>
      <x>0.6983333</x>
      <y>0.29333332</y>
      <w>0.5483871</w>
      <t>3501</t>
    </point>
    <point>
      <x>0.7</x>
      <y>0.29333332</y>
      <w>0.5483871</w>
      <t>3501</t>
    </point>
    <point>
      <x>0.70166665</x>
      <y>0.29333332</y>
      <w>0.5483871</w>
      <t>3501</t>
    </point>
    <point>
      <x>0.7033333</x>
      <y>0.29333332</y>
      <w>0.5483871</w>
      <t>3501</t>
    </point>
    <point>
      <x>0.705</x>
      <y>0.29333332</y>
      <w>0.5786901</w>
      <t>3534</t>
    </point>
    <point>
      <x>0.705</x>
      <y>0.295</y>
      <w>0.6402737</w>
      <t>3567</t>
    </point>
    <point>
      <x>0.70666665</x>
      <y>0.295</y>
      <w>0.6402737</w>
      <t>3567</t>
    </point>
    <point>
      <x>0.70666665</x>
      <y>0.29666665</y>
      <w>0.6402737</w>
      <t>3567</t>
    </point>
    <point>
      <x>0.70666665</x>
      <y>0.29833335</y>
      <w>0.686217</w>
      <t>3601</t>
    </point>
    <point>
      <x>0.70666665</x>
      <y>0.3</y>
      <w>0.686217</w>
      <t>3601</t>
    </point>
    <point>
      <x>0.7083333</x>
      <y>0.30166668</y>
      <w>0.686217</w>
      <t>3601</t>
    </point>
    <point>
      <x>0.7083333</x>
      <y>0.30333334</y>
      <w>0.72727275</w>
      <t>3634</t>
    </point>
    <point>
      <x>0.7083333</x>
      <y>0.305</y>
      <w>0.72727275</w>
      <t>3634</t>
    </point>
    <point>
      <x>0.7083333</x>
      <y>0.30833334</y>
      <w>0.72727275</w>
      <t>3634</t>
    </point>
    <point>
      <x>0.7083333</x>
      <y>0.31166667</y>
      <w>0.72727275</w>
      <t>3634</t>
    </point>
    <point>
      <x>0.7083333</x>
      <y>0.315</y>
      <w>0.72727275</w>
      <t>3634</t>
    </point>
    <point>
      <x>0.7083333</x>
      <y>0.31666666</y>
      <w>0.76441836</w>
      <t>3668</t>
    </point>
    <point>
      <x>0.7083333</x>
      <y>0.32</y>
      <w>0.76441836</w>
      <t>3668</t>
    </point>
    <point>
      <x>0.70666665</x>
      <y>0.32333332</y>
      <w>0.76441836</w>
      <t>3668</t>
    </point>
    <point>
      <x>0.70666665</x>
      <y>0.32833335</y>
      <w>0.76441836</w>
      <t>3668</t>
    </point>
    <point>
      <x>0.705</x>
      <y>0.33166668</y>
      <w>0.7917889</w>
      <t>3701</t>
    </point>
    <point>
      <x>0.7033333</x>
      <y>0.335</y>
      <w>0.7917889</w>
      <t>3701</t>
    </point>
    <point>
      <x>0.70166665</x>
      <y>0.34</y>
      <w>0.7917889</w>
      <t>3701</t>
    </point>
    <point>
      <x>0.70166665</x>
      <y>0.34333333</y>
      <w>0.7917889</w>
      <t>3701</t>
    </point>
    <point>
      <x>0.7</x>
      <y>0.34666666</y>
      <w>0.7917889</w>
      <t>3701</t>
    </point>
    <point>
      <x>0.6983333</x>
      <y>0.35166666</y>
      <w>0.8250244</w>
      <t>3734</t>
    </point>
    <point>
      <x>0.69666666</x>
      <y>0.35666665</y>
      <w>0.8250244</w>
      <t>3734</t>
    </point>
    <point>
      <x>0.695</x>
      <y>0.36166668</y>
      <w>0.8250244</w>
      <t>3734</t>
    </point>
    <point>
      <x>0.6933333</x>
      <y>0.36666667</y>
      <w>0.8250244</w>
      <t>3734</t>
    </point>
    <point>
      <x>0.69166666</x>
      <y>0.37166667</y>
      <w>0.8406647</w>
      <t>3768</t>
    </point>
    <point>
      <x>0.69</x>
      <y>0.37666667</y>
      <w>0.8406647</w>
      <t>3768</t>
    </point>
    <point>
      <x>0.68833333</x>
      <y>0.38166666</y>
      <w>0.8406647</w>
      <t>3768</t>
    </point>
    <point>
      <x>0.68666667</x>
      <y>0.38666666</y>
      <w>0.8406647</w>
      <t>3768</t>
    </point>
    <point>
      <x>0.685</x>
      <y>0.39166668</y>
      <w>0.8406647</w>
      <t>3768</t>
    </point>
    <point>
      <x>0.68333334</x>
      <y>0.39666668</y>
      <w>0.86608016</w>
      <t>3801</t>
    </point>
    <point>
      <x>0.6816667</x>
      <y>0.40333334</y>
      <w>0.86608016</w>
      <t>3801</t>
    </point>
    <point>
      <x>0.68</x>
      <y>0.41</y>
      <w>0.86608016</w>
      <t>3801</t>
    </point>
    <point>
      <x>0.67833334</x>
      <y>0.415</y>
      <w>0.86608016</w>
      <t>3801</t>
    </point>
    <point>
      <x>0.67833334</x>
      <y>0.42166665</y>
      <w>0.8787879</w>
      <t>3834</t>
    </point>
    <point>
      <x>0.6766667</x>
      <y>0.42833334</y>
      <w>0.8787879</w>
      <t>3834</t>
    </point>
    <point>
      <x>0.675</x>
      <y>0.43333334</y>
      <w>0.8787879</w>
      <t>3834</t>
    </point>
    <point>
      <x>0.675</x>
      <y>0.44</y>
      <w>0.8787879</w>
      <t>3834</t>
    </point>
    <point>
      <x>0.67333335</x>
      <y>0.44666666</y>
      <w>0.8787879</w>
      <t>3834</t>
    </point>
    <point>
      <x>0.6716667</x>
      <y>0.45333335</y>
      <w>0.88367546</w>
      <t>3868</t>
    </point>
    <point>
      <x>0.6716667</x>
      <y>0.46</y>
      <w>0.88367546</w>
      <t>3868</t>
    </point>
    <point>
      <x>0.67</x>
      <y>0.46666667</y>
      <w>0.88367546</w>
      <t>3868</t>
    </point>
    <point>
      <x>0.67</x>
      <y>0.47333333</y>
      <w>0.88367546</w>
      <t>3868</t>
    </point>
    <point>
      <x>0.66833335</x>
      <y>0.47833332</y>
      <w>0.886608</w>
      <t>3901</t>
    </point>
    <point>
      <x>0.66833335</x>
      <y>0.485</y>
      <w>0.886608</w>
      <t>3901</t>
    </point>
    <point>
      <x>0.6666667</x>
      <y>0.49166667</y>
      <w>0.886608</w>
      <t>3901</t>
    </point>
    <point>
      <x>0.6666667</x>
      <y>0.49666667</y>
      <w>0.886608</w>
      <t>3901</t>
    </point>
    <point>
      <x>0.6666667</x>
      <y>0.50333333</y>
      <w>0.88856304</w>
      <t>3934</t>
    </point>
    <point>
      <x>0.6666667</x>
      <y>0.51</y>
      <w>0.88856304</w>
      <t>3934</t>
    </point>
    <point>
      <x>0.665</x>
      <y>0.515</y>
      <w>0.88856304</w>
      <t>3934</t>
    </point>
    <point>
      <x>0.665</x>
      <y>0.52166665</y>
      <w>0.88856304</w>
      <t>3934</t>
    </point>
    <point>
      <x>0.665</x>
      <y>0.52666664</y>
      <w>0.88856304</w>
      <t>3934</t>
    </point>
    <point>
      <x>0.665</x>
      <y>0.53333336</y>
      <w>0.88954055</w>
      <t>3967</t>
    </point>
    <point>
      <x>0.665</x>
      <y>0.53833336</y>
      <w>0.88954055</w>
      <t>3967</t>
    </point>
    <point>
      <x>0.665</x>
      <y>0.54333335</y>
      <w>0.88954055</w>
      <t>3967</t>
    </point>
    <point>
      <x>0.665</x>
      <y>0.54833335</y>
      <w>0.88954055</w>
      <t>3967</t>
    </point>
    <point>
      <x>0.6666667</x>
      <y>0.5516667</y>
      <w>0.88856304</w>
      <t>4001</t>
    </point>
    <point>
      <x>0.6666667</x>
      <y>0.5566667</y>
      <w>0.88856304</w>
      <t>4001</t>
    </point>
    <point>
      <x>0.66833335</x>
      <y>0.56</y>
      <w>0.88856304</w>
      <t>4001</t>
    </point>
    <point>
      <x>0.67</x>
      <y>0.56333333</y>
      <w>0.88856304</w>
      <t>4001</t>
    </point>
    <point>
      <x>0.67</x>
      <y>0.56666666</y>
      <w>0.88856304</w>
      <t>4001</t>
    </point>
    <point>
      <x>0.6716667</x>
      <y>0.57</y>
      <w>0.886608</w>
      <t>4034</t>
    </point>
    <point>
      <x>0.6716667</x>
      <y>0.5733333</y>
      <w>0.886608</w>
      <t>4034</t>
    </point>
    <point>
      <x>0.67333335</x>
      <y>0.575</y>
      <w>0.886608</w>
      <t>4034</t>
    </point>
    <point>
      <x>0.675</x>
      <y>0.5783333</y>
      <w>0.886608</w>
      <t>4034</t>
    </point>
    <point>
      <x>0.6766667</x>
      <y>0.58</y>
      <w>0.88269794</w>
      <t>4067</t>
    </point>
    <point>
      <x>0.6766667</x>
      <y>0.58166665</y>
      <w>0.88269794</w>
      <t>4067</t>
    </point>
    <point>
      <x>0.67833334</x>
      <y>0.5833333</y>
      <w>0.88269794</w>
      <t>4067</t>
    </point>
    <point>
      <x>0.68</x>
      <y>0.585</y>
      <w>0.88269794</w>
      <t>4067</t>
    </point>
    <point>
      <x>0.6816667</x>
      <y>0.5883333</y>
      <w>0.88269794</w>
      <t>4067</t>
    </point>
    <point>
      <x>0.685</x>
      <y>0.59</y>
      <w>0.8670577</w>
      <t>4101</t>
    </point>
    <point>
      <x>0.68666667</x>
      <y>0.59166664</y>
      <w>0.8670577</w>
      <t>4101</t>
    </point>
    <point>
      <x>0.68833333</x>
      <y>0.5933333</y>
      <w>0.8670577</w>
      <t>4101</t>
    </point>
    <point>
      <x>0.69166666</x>
      <y>0.595</y>
      <w>0.8670577</w>
      <t>4101</t>
    </point>
    <point>
      <x>0.6933333</x>
      <y>0.5966667</y>
      <w>0.83284456</w>
      <t>4134</t>
    </point>
    <point>
      <x>0.695</x>
      <y>0.59833336</y>
      <w>0.83284456</w>
      <t>4134</t>
    </point>
    <point>
      <x>0.6983333</x>
      <y>0.6</y>
      <w>0.83284456</w>
      <t>4134</t>
    </point>
    <point>
      <x>0.7</x>
      <y>0.60333335</y>
      <w>0.83284456</w>
      <t>4134</t>
    </point>
    <point>
      <x>0.7033333</x>
      <y>0.605</y>
      <w>0.83284456</w>
      <t>4134</t>
    </point>
    <point>
      <x>0.705</x>
      <y>0.6066667</y>
      <w>0.8123167</w>
      <t>4167</t>
    </point>
    <point>
      <x>0.7083333</x>
      <y>0.61</y>
      <w>0.8123167</w>
      <t>4167</t>
    </point>
    <point>
      <x>0.71166664</x>
      <y>0.61333334</y>
      <w>0.8123167</w>
      <t>4167</t>
    </point>
    <point>
      <x>0.715</x>
      <y>0.615</y>
      <w>0.8123167</w>
      <t>4167</t>
    </point>
    <point>
      <x>0.7183333</x>
      <y>0.6166667</y>
      <w>0.7800586</w>
      <t>4201</t>
    </point>
    <point>
      <x>0.72</x>
      <y>0.62</y>
      <w>0.7800586</w>
      <t>4201</t>
    </point>
    <point>
      <x>0.72333336</x>
      <y>0.62166667</y>
      <w>0.7800586</w>
      <t>4201</t>
    </point>
    <point>
      <x>0.725</x>
      <y>0.62333333</y>
      <w>0.7800586</w>
      <t>4201</t>
    </point>
    <point>
      <x>0.72833335</x>
      <y>0.62666667</y>
      <w>0.76246333</w>
      <t>4234</t>
    </point>
    <point>
      <x>0.7316667</x>
      <y>0.62833333</y>
      <w>0.76246333</w>
      <t>4234</t>
    </point>
    <point>
      <x>0.73333335</x>
      <y>0.63</y>
      <w>0.76246333</w>
      <t>4234</t>
    </point>
    <point>
      <x>0.7366667</x>
      <y>0.6333333</y>
      <w>0.76246333</w>
      <t>4234</t>
    </point>
    <point>
      <x>0.73833334</x>
      <y>0.635</y>
      <w>0.76246333</w>
      <t>4234</t>
    </point>
    <point>
      <x>0.7416667</x>
      <y>0.63666666</y>
      <w>0.7419355</w>
      <t>4268</t>
    </point>
    <point>
      <x>0.74333334</x>
      <y>0.6383333</y>
      <w>0.7419355</w>
      <t>4268</t>
    </point>
    <point>
      <x>0.74666667</x>
      <y>0.64166665</y>
      <w>0.7419355</w>
      <t>4268</t>
    </point>
    <point>
      <x>0.74833333</x>
      <y>0.6433333</y>
      <w>0.7419355</w>
      <t>4268</t>
    </point>
    <point>
      <x>0.75166667</x>
      <y>0.645</y>
      <w>0.7096774</w>
      <t>4300</t>
    </point>
    <point>
      <x>0.755</x>
      <y>0.64666665</y>
      <w>0.7096774</w>
      <t>4300</t>
    </point>
    <point>
      <x>0.75666666</x>
      <y>0.65</y>
      <w>0.7096774</w>
      <t>4300</t>
    </point>
    <point>
      <x>0.76</x>
      <y>0.65166664</y>
      <w>0.7096774</w>
      <t>4300</t>
    </point>
    <point>
      <x>0.7633333</x>
      <y>0.655</y>
      <w>0.7096774</w>
      <t>4300</t>
    </point>
    <point>
      <x>0.765</x>
      <y>0.6566667</y>
      <w>0.67741936</w>
      <t>4334</t>
    </point>
    <point>
      <x>0.76666665</x>
      <y>0.66</y>
      <w>0.67741936</w>
      <t>4334</t>
    </point>
    <point>
      <x>0.77</x>
      <y>0.6616667</y>
      <w>0.67741936</w>
      <t>4334</t>
    </point>
    <point>
      <x>0.77166665</x>
      <y>0.665</y>
      <w>0.67741936</w>
      <t>4334</t>
    </point>
    <point>
      <x>0.7733333</x>
      <y>0.66833335</y>
      <w>0.6461388</w>
      <t>4368</t>
    </point>
    <point>
      <x>0.775</x>
      <y>0.67</y>
      <w>0.6461388</w>
      <t>4368</t>
    </point>
    <point>
      <x>0.775</x>
      <y>0.67333335</y>
      <w>0.6461388</w>
      <t>4368</t>
    </point>
    <point>
      <x>0.77666664</x>
      <y>0.6766667</y>
      <w>0.6461388</w>
      <t>4368</t>
    </point>
    <point>
      <x>0.7783333</x>
      <y>0.67833334</y>
      <w>0.6461388</w>
      <t>4368</t>
    </point>
    <point>
      <x>0.7783333</x>
      <y>0.6816667</y>
      <w>0.6363636</w>
      <t>4401</t>
    </point>
    <point>
      <x>0.78</x>
      <y>0.68333334</y>
      <w>0.6363636</w>
      <t>4401</t>
    </point>
    <point>
      <x>0.78</x>
      <y>0.68666667</y>
      <w>0.6363636</w>
      <t>4401</t>
    </point>
    <point>
      <x>0.7816667</x>
      <y>0.68833333</y>
      <w>0.6109482</w>
      <t>4434</t>
    </point>
    <point>
      <x>0.7816667</x>
      <y>0.69</y>
      <w>0.6109482</w>
      <t>4434</t>
    </point>
    <point>
      <x>0.7816667</x>
      <y>0.69166666</y>
      <w>0.6109482</w>
      <t>4434</t>
    </point>
    <point>
      <x>0.7816667</x>
      <y>0.6933333</y>
      <w>0.6109482</w>
      <t>4434</t>
    </point>
    <point>
      <x>0.78333336</x>
      <y>0.695</y>
      <w>0.6109482</w>
      <t>4434</t>
    </point>
    <point>
      <x>0.78333336</x>
      <y>0.69666666</y>
      <w>0.59530795</w>
      <t>4468</t>
    </point>
    <point>
      <x>0.78333336</x>
      <y>0.6983333</y>
      <w>0.59530795</w>
      <t>4468</t>
    </point>
    <point>
      <x>0.78333336</x>
      <y>0.7</y>
      <w>0.59530795</w>
      <t>4468</t>
    </point>
    <point>
      <x>0.78333336</x>
      <y>0.70166665</y>
      <w>0.5268817</w>
      <t>4534</t>
    </point>
    <point>
      <x>0.7816667</x>
      <y>0.70166665</y>
      <w>0.5268817</w>
      <t>4534</t>
    </point>
    <point>
      <x>0.7816667</x>
      <y>0.7033333</y>
      <w>0.4916911</w>
      <t>4568</t>
    </point>
    <point>
      <x>0.78</x>
      <y>0.7033333</y>
      <w>0.4916911</w>
      <t>4568</t>
    </point>
    <point>
      <x>0.7783333</x>
      <y>0.7033333</y>
      <w>0.4516129</w>
      <t>4600</t>
    </point>
    <point>
      <x>0.77666664</x>
      <y>0.705</y>
      <w>0.4516129</w>
      <t>4600</t>
    </point>
    <point>
      <x>0.775</x>
      <y>0.705</y>
      <w>0.38807428</w>
      <t>4635</t>
    </point>
    <point>
      <x>0.7733333</x>
      <y>0.705</y>
      <w>0.38807428</w>
      <t>4635</t>
    </point>
    <point>
      <x>0.77166665</x>
      <y>0.705</y>
      <w>0.29716522</w>
      <t>4668</t>
    </point>
    <point>
      <x>0.77</x>
      <y>0.705</y>
      <w>0.29716522</w>
      <t>4668</t>
    </point>
    <point>
      <x>0.7683333</x>
      <y>0.70666665</y>
      <w>0.29716522</w>
      <t>4668</t>
    </point>
    <point>
      <x>0.76666665</x>
      <y>0.70666665</y>
      <w>0.29716522</w>
      <t>4668</t>
    </point>
    <point>
      <x>0.765</x>
      <y>0.70666665</y>
      <w>0.29716522</w>
      <t>4668</t>
    </point>
    <point>
      <x>0.7633333</x>
      <y>0.7083333</y>
      <w>0.26881722</w>
      <t>4701</t>
    </point>
    <point>
      <x>0.76166666</x>
      <y>0.7083333</y>
      <w>0.26881722</w>
      <t>4701</t>
    </point>
    <point>
      <x>0.7583333</x>
      <y>0.71</y>
      <w>0.26881722</w>
      <t>4701</t>
    </point>
    <point>
      <x>0.75666666</x>
      <y>0.71</y>
      <w>0.26881722</w>
      <t>4701</t>
    </point>
    <point>
      <x>0.75333333</x>
      <y>0.71</y>
      <w>0.24144672</w>
      <t>4735</t>
    </point>
    <point>
      <x>0.75166667</x>
      <y>0.71166664</y>
      <w>0.24144672</w>
      <t>4735</t>
    </point>
    <point>
      <x>0.74833333</x>
      <y>0.71166664</y>
      <w>0.24144672</w>
      <t>4735</t>
    </point>
    <point>
      <x>0.745</x>
      <y>0.7133333</y>
      <w>0.24144672</w>
      <t>4735</t>
    </point>
    <point>
      <x>0.7416667</x>
      <y>0.7133333</y>
      <w>0.24144672</w>
      <t>4735</t>
    </point>
    <point>
      <x>0.73833334</x>
      <y>0.715</y>
      <w>0.16617791</w>
      <t>4768</t>
    </point>
    <point>
      <x>0.735</x>
      <y>0.71666664</y>
      <w>0.16617791</w>
      <t>4768</t>
    </point>
    <point>
      <x>0.7316667</x>
      <y>0.71666664</y>
      <w>0.16617791</w>
      <t>4768</t>
    </point>
    <point>
      <x>0.7266667</x>
      <y>0.7183333</y>
      <w>0.16617791</w>
      <t>4768</t>
    </point>
    <point>
      <x>0.72333336</x>
      <y>0.72</y>
      <w>0.055718474</w>
      <t>4800</t>
    </point>
    <point>
      <x>0.72</x>
      <y>0.72</y>
      <w>0.055718474</w>
      <t>4800</t>
    </point>
    <point>
      <x>0.71666664</x>
      <y>0.7216667</y>
      <w>0.055718474</w>
      <t>4800</t>
    </point>
    <point>
      <x>0.71166664</x>
      <y>0.725</y>
      <w>0.055718474</w>
      <t>4800</t>
    </point>
    <point>
      <x>0.7083333</x>
      <y>0.7266667</y>
      <w>0.0</w>
      <t>4834</t>
    </point>
  </stroke>
</character>
