<?xml version="1.0" encoding="UTF-8"?>
<character>
  <stroke time="0">
    <point>
      <x>0.32166666</x>
      <y>0.23833333</y>
      <w>0.40664712</w>
      <t>170</t>
    </point>
    <point>
      <x>0.32333332</x>
      <y>0.24</y>
      <w>0.40664712</w>
      <t>170</t>
    </point>
    <point>
      <x>0.32333332</x>
      <y>0.24166666</y>
      <w>0.45747802</w>
      <t>200</t>
    </point>
    <point>
      <x>0.325</x>
      <y>0.24333334</y>
      <w>0.45747802</w>
      <t>200</t>
    </point>
    <point>
      <x>0.32666665</x>
      <y>0.24333334</y>
      <w>0.45747802</w>
      <t>200</t>
    </point>
    <point>
      <x>0.32833335</x>
      <y>0.245</y>
      <w>0.45747802</w>
      <t>201</t>
    </point>
    <point>
      <x>0.33</x>
      <y>0.24666667</y>
      <w>0.48387095</w>
      <t>233</t>
    </point>
    <point>
      <x>0.33166668</x>
      <y>0.24666667</y>
      <w>0.48387095</w>
      <t>233</t>
    </point>
    <point>
      <x>0.33333334</x>
      <y>0.24833333</y>
      <w>0.48387095</w>
      <t>233</t>
    </point>
    <point>
      <x>0.335</x>
      <y>0.24833333</y>
      <w>0.48387095</w>
      <t>234</t>
    </point>
    <point>
      <x>0.335</x>
      <y>0.25</y>
      <w>0.5024438</w>
      <t>267</t>
    </point>
    <point>
      <x>0.33666667</x>
      <y>0.25</y>
      <w>0.5024438</w>
      <t>267</t>
    </point>
    <point>
      <x>0.33833334</x>
      <y>0.25</y>
      <w>0.5024438</w>
      <t>267</t>
    </point>
    <point>
      <x>0.34</x>
      <y>0.25166667</y>
      <w>0.5024438</w>
      <t>268</t>
    </point>
    <point>
      <x>0.34166667</x>
      <y>0.25166667</y>
      <w>0.5219941</w>
      <t>300</t>
    </point>
    <point>
      <x>0.34333333</x>
      <y>0.25166667</y>
      <w>0.5219941</w>
      <t>300</t>
    </point>
    <point>
      <x>0.34666666</x>
      <y>0.25166667</y>
      <w>0.5219941</w>
      <t>300</t>
    </point>
    <point>
      <x>0.34833333</x>
      <y>0.25166667</y>
      <w>0.53176934</w>
      <t>335</t>
    </point>
    <point>
      <x>0.35333332</x>
      <y>0.25166667</y>
      <w>0.53176934</w>
      <t>335</t>
    </point>
    <point>
      <x>0.35666665</x>
      <y>0.25166667</y>
      <w>0.53176934</w>
      <t>335</t>
    </point>
    <point>
      <x>0.36166668</x>
      <y>0.25166667</y>
      <w>0.53176934</w>
      <t>337</t>
    </point>
    <point>
      <x>0.36666667</x>
      <y>0.25166667</y>
      <w>0.53176934</w>
      <t>337</t>
    </point>
    <point>
      <x>0.37166667</x>
      <y>0.25</y>
      <w>0.5434995</w>
      <t>367</t>
    </point>
    <point>
      <x>0.37666667</x>
      <y>0.25</y>
      <w>0.5434995</w>
      <t>367</t>
    </point>
    <point>
      <x>0.38166666</x>
      <y>0.24833333</y>
      <w>0.5434995</w>
      <t>367</t>
    </point>
    <point>
      <x>0.38833332</x>
      <y>0.24833333</y>
      <w>0.5434995</w>
      <t>368</t>
    </point>
    <point>
      <x>0.39333335</x>
      <y>0.24666667</y>
      <w>0.5464321</w>
      <t>400</t>
    </point>
    <point>
      <x>0.39833334</x>
      <y>0.245</y>
      <w>0.5464321</w>
      <t>400</t>
    </point>
    <point>
      <x>0.40333334</x>
      <y>0.24333334</y>
      <w>0.5464321</w>
      <t>400</t>
    </point>
    <point>
      <x>0.41</x>
      <y>0.24333334</y>
      <w>0.5464321</w>
      <t>401</t>
    </point>
    <point>
      <x>0.415</x>
      <y>0.24166666</y>
      <w>0.5493646</w>
      <t>433</t>
    </point>
    <point>
      <x>0.42</x>
      <y>0.24</y>
      <w>0.5493646</w>
      <t>433</t>
    </point>
    <point>
      <x>0.42666668</x>
      <y>0.23833333</y>
      <w>0.5493646</w>
      <t>433</t>
    </point>
    <point>
      <x>0.43166667</x>
      <y>0.23833333</y>
      <w>0.5493646</w>
      <t>434</t>
    </point>
    <point>
      <x>0.43666667</x>
      <y>0.23666666</y>
      <w>0.5493646</w>
      <t>434</t>
    </point>
    <point>
      <x>0.44166666</x>
      <y>0.235</y>
      <w>0.55131966</w>
      <t>466</t>
    </point>
    <point>
      <x>0.44833332</x>
      <y>0.23333333</y>
      <w>0.55131966</w>
      <t>466</t>
    </point>
    <point>
      <x>0.45333335</x>
      <y>0.23333333</y>
      <w>0.55131966</w>
      <t>466</t>
    </point>
    <point>
      <x>0.45833334</x>
      <y>0.23166667</y>
      <w>0.55131966</w>
      <t>467</t>
    </point>
    <point>
      <x>0.465</x>
      <y>0.23</y>
      <w>0.5522972</w>
      <t>500</t>
    </point>
    <point>
      <x>0.47</x>
      <y>0.22833334</y>
      <w>0.5522972</w>
      <t>500</t>
    </point>
    <point>
      <x>0.475</x>
      <y>0.22833334</y>
      <w>0.5522972</w>
      <t>500</t>
    </point>
    <point>
      <x>0.48</x>
      <y>0.22666667</y>
      <w>0.5522972</w>
      <t>501</t>
    </point>
    <point>
      <x>0.485</x>
      <y>0.225</y>
      <w>0.5522972</w>
      <t>501</t>
    </point>
    <point>
      <x>0.49166667</x>
      <y>0.22333333</y>
      <w>0.5522972</w>
      <t>533</t>
    </point>
    <point>
      <x>0.49833333</x>
      <y>0.22166666</y>
      <w>0.5522972</w>
      <t>533</t>
    </point>
    <point>
      <x>0.505</x>
      <y>0.22</y>
      <w>0.5522972</w>
      <t>533</t>
    </point>
    <point>
      <x>0.51166666</x>
      <y>0.21833333</y>
      <w>0.5522972</w>
      <t>533</t>
    </point>
    <point>
      <x>0.5183333</x>
      <y>0.21666667</y>
      <w>0.5493646</w>
      <t>566</t>
    </point>
    <point>
      <x>0.5233333</x>
      <y>0.21333334</y>
      <w>0.5493646</w>
      <t>566</t>
    </point>
    <point>
      <x>0.53</x>
      <y>0.21166667</y>
      <w>0.5493646</w>
      <t>566</t>
    </point>
    <point>
      <x>0.5366667</x>
      <y>0.21</y>
      <w>0.5493646</w>
      <t>566</t>
    </point>
    <point>
      <x>0.5416667</x>
      <y>0.20833333</y>
      <w>0.5493646</w>
      <t>567</t>
    </point>
    <point>
      <x>0.5466667</x>
      <y>0.20666666</y>
      <w>0.5483871</w>
      <t>599</t>
    </point>
    <point>
      <x>0.5516667</x>
      <y>0.205</y>
      <w>0.5483871</w>
      <t>599</t>
    </point>
    <point>
      <x>0.5566667</x>
      <y>0.20333333</y>
      <w>0.5483871</w>
      <t>599</t>
    </point>
    <point>
      <x>0.56</x>
      <y>0.20333333</y>
      <w>0.5483871</w>
      <t>599</t>
    </point>
    <point>
      <x>0.56333333</x>
      <y>0.20166667</y>
      <w>0.54545456</w>
      <t>633</t>
    </point>
    <point>
      <x>0.565</x>
      <y>0.2</y>
      <w>0.54545456</w>
      <t>633</t>
    </point>
    <point>
      <x>0.56666666</x>
      <y>0.2</y>
      <w>0.54545456</w>
      <t>633</t>
    </point>
    <point>
      <x>0.5683333</x>
      <y>0.2</y>
      <w>0.54545456</w>
      <t>634</t>
    </point>
    <point>
      <x>0.5683333</x>
      <y>0.19833334</y>
      <w>0.54545456</w>
      <t>634</t>
    </point>
    <point>
      <x>0.57</x>
      <y>0.19833334</y>
      <w>0.516129</w>
      <t>667</t>
    </point>
    <point>
      <x>0.57</x>
      <y>0.19666667</y>
      <w>0.516129</w>
      <t>667</t>
    </point>
    <point>
      <x>0.57166666</x>
      <y>0.19666667</y>
      <w>0.5043988</w>
      <t>700</t>
    </point>
    <point>
      <x>0.57166666</x>
      <y>0.195</y>
      <w>0.4799609</w>
      <t>733</t>
    </point>
    <point>
      <x>0.57166666</x>
      <y>0.19333333</y>
      <w>0.4799609</w>
      <t>733</t>
    </point>
    <point>
      <x>0.57166666</x>
      <y>0.19166666</y>
      <w>0.4467253</w>
      <t>766</t>
    </point>
    <point>
      <x>0.57166666</x>
      <y>0.19</y>
      <w>0.4467253</w>
      <t>766</t>
    </point>
    <point>
      <x>0.57166666</x>
      <y>0.18833333</y>
      <w>0.4467253</w>
      <t>766</t>
    </point>
    <point>
      <x>0.57166666</x>
      <y>0.18666667</y>
      <w>0.4467253</w>
      <t>766</t>
    </point>
    <point>
      <x>0.57166666</x>
      <y>0.185</y>
      <w>0.3929619</w>
      <t>800</t>
    </point>
    <point>
      <x>0.57166666</x>
      <y>0.18166667</y>
      <w>0.3929619</w>
      <t>800</t>
    </point>
    <point>
      <x>0.57</x>
      <y>0.18</y>
      <w>0.3929619</w>
      <t>800</t>
    </point>
    <point>
      <x>0.57</x>
      <y>0.17833333</y>
      <w>0.3929619</w>
      <t>800</t>
    </point>
    <point>
      <x>0.57</x>
      <y>0.175</y>
      <w>0.3929619</w>
      <t>801</t>
    </point>
    <point>
      <x>0.5683333</x>
      <y>0.17333333</y>
      <w>0.36070383</w>
      <t>833</t>
    </point>
    <point>
      <x>0.5683333</x>
      <y>0.17166667</y>
      <w>0.36070383</w>
      <t>833</t>
    </point>
    <point>
      <x>0.56666666</x>
      <y>0.17</y>
      <w>0.36070383</w>
      <t>833</t>
    </point>
    <point>
      <x>0.565</x>
      <y>0.16666667</y>
      <w>0.36070383</w>
      <t>833</t>
    </point>
    <point>
      <x>0.565</x>
      <y>0.165</y>
      <w>0.28347996</w>
      <t>867</t>
    </point>
    <point>
      <x>0.56333333</x>
      <y>0.16333333</y>
      <w>0.28347996</w>
      <t>867</t>
    </point>
    <point>
      <x>0.56333333</x>
      <y>0.16166666</y>
      <w>0.28347996</w>
      <t>867</t>
    </point>
    <point>
      <x>0.56166667</x>
      <y>0.16</y>
      <w>0.28347996</w>
      <t>867</t>
    </point>
    <point>
      <x>0.56</x>
      <y>0.15833333</y>
      <w>0.28347996</w>
      <t>869</t>
    </point>
    <point>
      <x>0.55833334</x>
      <y>0.15666667</y>
      <w>0.24340177</w>
      <t>900</t>
    </point>
    <point>
      <x>0.5566667</x>
      <y>0.155</y>
      <w>0.24340177</w>
      <t>900</t>
    </point>
    <point>
      <x>0.555</x>
      <y>0.15333334</y>
      <w>0.24340177</w>
      <t>900</t>
    </point>
    <point>
      <x>0.5516667</x>
      <y>0.15166667</y>
      <w>0.24340177</w>
      <t>900</t>
    </point>
    <point>
      <x>0.54833335</x>
      <y>0.15</y>
      <w>0.1544477</w>
      <t>933</t>
    </point>
    <point>
      <x>0.545</x>
      <y>0.14833333</y>
      <w>0.1544477</w>
      <t>933</t>
    </point>
    <point>
      <x>0.5416667</x>
      <y>0.14666666</y>
      <w>0.1544477</w>
      <t>933</t>
    </point>
    <point>
      <x>0.53833336</x>
      <y>0.145</y>
      <w>0.1544477</w>
      <t>933</t>
    </point>
    <point>
      <x>0.5366667</x>
      <y>0.14333333</y>
      <w>0.02346041</w>
      <t>966</t>
    </point>
    <point>
      <x>0.535</x>
      <y>0.14</y>
      <w>0.02346041</w>
      <t>966</t>
    </point>
    <point>
      <x>0.5316667</x>
      <y>0.13833334</y>
      <w>0.02346041</w>
      <t>966</t>
    </point>
    <point>
      <x>0.53</x>
      <y>0.135</y>
      <w>0.02346041</w>
      <t>966</t>
    </point>
    <point>
      <x>0.5283333</x>
      <y>0.13166666</y>
      <w>0.02346041</w>
      <t>966</t>
    </point>
    <point>
      <x>0.52666664</x>
      <y>0.12833333</y>
      <w>0.0</w>
      <t>1000</t>
    </point>
    <point>
      <x>0.525</x>
      <y>0.125</y>
      <w>0.0</w>
      <t>1000</t>
    </point>
  </stroke>
  <stroke time="1133">
    <point>
      <x>0.49666667</x>
      <y>0.1</y>
      <w>0.060606062</w>
      <t>1133</t>
    </point>
    <point>
      <x>0.495</x>
      <y>0.10166667</y>
      <w>0.24828935</w>
      <t>1200</t>
    </point>
    <point>
      <x>0.495</x>
      <y>0.10333333</y>
      <w>0.24828935</w>
      <t>1200</t>
    </point>
    <point>
      <x>0.49333334</x>
      <y>0.10666667</y>
      <w>0.24828935</w>
      <t>1200</t>
    </point>
    <point>
      <x>0.49166667</x>
      <y>0.11</y>
      <w>0.24828935</w>
      <t>1200</t>
    </point>
    <point>
      <x>0.49</x>
      <y>0.11333334</y>
      <w>0.37634408</w>
      <t>1233</t>
    </point>
    <point>
      <x>0.49</x>
      <y>0.115</y>
      <w>0.37634408</w>
      <t>1233</t>
    </point>
    <point>
      <x>0.48833334</x>
      <y>0.11666667</y>
      <w>0.37634408</w>
      <t>1233</t>
    </point>
    <point>
      <x>0.48833334</x>
      <y>0.11833333</y>
      <w>0.37634408</w>
      <t>1233</t>
    </point>
    <point>
      <x>0.48666668</x>
      <y>0.12</y>
      <w>0.47702834</w>
      <t>1267</t>
    </point>
    <point>
      <x>0.48666668</x>
      <y>0.12166667</y>
      <w>0.47702834</w>
      <t>1267</t>
    </point>
    <point>
      <x>0.485</x>
      <y>0.125</y>
      <w>0.47702834</w>
      <t>1267</t>
    </point>
    <point>
      <x>0.485</x>
      <y>0.12666667</y>
      <w>0.47702834</w>
      <t>1267</t>
    </point>
    <point>
      <x>0.48333332</x>
      <y>0.13</y>
      <w>0.47702834</w>
      <t>1267</t>
    </point>
    <point>
      <x>0.48166665</x>
      <y>0.135</y>
      <w>0.5464321</w>
      <t>1300</t>
    </point>
    <point>
      <x>0.48</x>
      <y>0.14</y>
      <w>0.5464321</w>
      <t>1300</t>
    </point>
    <point>
      <x>0.47833332</x>
      <y>0.145</y>
      <w>0.5464321</w>
      <t>1300</t>
    </point>
    <point>
      <x>0.47666666</x>
      <y>0.15</y>
      <w>0.5464321</w>
      <t>1300</t>
    </point>
    <point>
      <x>0.475</x>
      <y>0.15666667</y>
      <w>0.58651024</w>
      <t>1333</t>
    </point>
    <point>
      <x>0.475</x>
      <y>0.16166666</y>
      <w>0.58651024</w>
      <t>1333</t>
    </point>
    <point>
      <x>0.47333333</x>
      <y>0.16666667</y>
      <w>0.58651024</w>
      <t>1333</t>
    </point>
    <point>
      <x>0.47333333</x>
      <y>0.17166667</y>
      <w>0.58651024</w>
      <t>1333</t>
    </point>
    <point>
      <x>0.47166666</x>
      <y>0.17666666</y>
      <w>0.58651024</w>
      <t>1333</t>
    </point>
    <point>
      <x>0.47166666</x>
      <y>0.18166667</y>
      <w>0.61290324</w>
      <t>1367</t>
    </point>
    <point>
      <x>0.47166666</x>
      <y>0.18833333</y>
      <w>0.61290324</w>
      <t>1368</t>
    </point>
    <point>
      <x>0.47</x>
      <y>0.19666667</y>
      <w>0.61290324</w>
      <t>1368</t>
    </point>
    <point>
      <x>0.47</x>
      <y>0.205</y>
      <w>0.61290324</w>
      <t>1368</t>
    </point>
    <point>
      <x>0.47</x>
      <y>0.21333334</y>
      <w>0.61290324</w>
      <t>1368</t>
    </point>
    <point>
      <x>0.46833333</x>
      <y>0.22333333</y>
      <w>0.64907134</w>
      <t>1400</t>
    </point>
    <point>
      <x>0.46833333</x>
      <y>0.23333333</y>
      <w>0.64907134</w>
      <t>1400</t>
    </point>
    <point>
      <x>0.46833333</x>
      <y>0.24333334</y>
      <w>0.64907134</w>
      <t>1400</t>
    </point>
    <point>
      <x>0.46833333</x>
      <y>0.25333333</y>
      <w>0.64907134</w>
      <t>1400</t>
    </point>
    <point>
      <x>0.46833333</x>
      <y>0.26166666</y>
      <w>0.67155427</w>
      <t>1433</t>
    </point>
    <point>
      <x>0.46666667</x>
      <y>0.27</y>
      <w>0.67155427</w>
      <t>1433</t>
    </point>
    <point>
      <x>0.46666667</x>
      <y>0.28</y>
      <w>0.67155427</w>
      <t>1433</t>
    </point>
    <point>
      <x>0.46666667</x>
      <y>0.28666666</y>
      <w>0.67155427</w>
      <t>1433</t>
    </point>
    <point>
      <x>0.465</x>
      <y>0.295</y>
      <w>0.6930596</w>
      <t>1467</t>
    </point>
    <point>
      <x>0.465</x>
      <y>0.30166668</y>
      <w>0.6930596</w>
      <t>1467</t>
    </point>
    <point>
      <x>0.465</x>
      <y>0.31</y>
      <w>0.6930596</w>
      <t>1467</t>
    </point>
    <point>
      <x>0.46333334</x>
      <y>0.31666666</y>
      <w>0.6930596</w>
      <t>1467</t>
    </point>
    <point>
      <x>0.46166667</x>
      <y>0.325</y>
      <w>0.6930596</w>
      <t>1467</t>
    </point>
    <point>
      <x>0.46166667</x>
      <y>0.33166668</y>
      <w>0.70576733</w>
      <t>1500</t>
    </point>
    <point>
      <x>0.46166667</x>
      <y>0.34</y>
      <w>0.70576733</w>
      <t>1500</t>
    </point>
    <point>
      <x>0.46</x>
      <y>0.34666666</y>
      <w>0.70576733</w>
      <t>1500</t>
    </point>
    <point>
      <x>0.46</x>
      <y>0.35333332</y>
      <w>0.70576733</w>
      <t>1500</t>
    </point>
    <point>
      <x>0.46</x>
      <y>0.35833332</y>
      <w>0.7096774</w>
      <t>1533</t>
    </point>
    <point>
      <x>0.46</x>
      <y>0.365</y>
      <w>0.7096774</w>
      <t>1533</t>
    </point>
    <point>
      <x>0.46</x>
      <y>0.37</y>
      <w>0.7096774</w>
      <t>1533</t>
    </point>
    <point>
      <x>0.46</x>
      <y>0.37666667</y>
      <w>0.7096774</w>
      <t>1533</t>
    </point>
    <point>
      <x>0.46</x>
      <y>0.38166666</y>
      <w>0.71358746</w>
      <t>1567</t>
    </point>
    <point>
      <x>0.46</x>
      <y>0.38666666</y>
      <w>0.71358746</w>
      <t>1567</t>
    </point>
    <point>
      <x>0.46</x>
      <y>0.39333335</y>
      <w>0.71358746</w>
      <t>1567</t>
    </point>
    <point>
      <x>0.46</x>
      <y>0.39833334</y>
      <w>0.71358746</w>
      <t>1567</t>
    </point>
    <point>
      <x>0.46</x>
      <y>0.40333334</y>
      <w>0.71358746</w>
      <t>1567</t>
    </point>
    <point>
      <x>0.46</x>
      <y>0.40833333</y>
      <w>0.7174975</w>
      <t>1600</t>
    </point>
    <point>
      <x>0.46</x>
      <y>0.41166666</y>
      <w>0.7174975</w>
      <t>1600</t>
    </point>
    <point>
      <x>0.46</x>
      <y>0.41666666</y>
      <w>0.7174975</w>
      <t>1600</t>
    </point>
    <point>
      <x>0.46</x>
      <y>0.42</y>
      <w>0.7174975</w>
      <t>1600</t>
    </point>
    <point>
      <x>0.46</x>
      <y>0.42333335</y>
      <w>0.7243402</w>
      <t>1633</t>
    </point>
    <point>
      <x>0.46</x>
      <y>0.42666668</y>
      <w>0.7243402</w>
      <t>1633</t>
    </point>
    <point>
      <x>0.46</x>
      <y>0.42833334</y>
      <w>0.7243402</w>
      <t>1633</t>
    </point>
    <point>
      <x>0.46</x>
      <y>0.43</y>
      <w>0.7243402</w>
      <t>1633</t>
    </point>
    <point>
      <x>0.46</x>
      <y>0.43166667</y>
      <w>0.7243402</w>
      <t>1633</t>
    </point>
    <point>
      <x>0.46</x>
      <y>0.43333334</y>
      <w>0.72727275</w>
      <t>1667</t>
    </point>
    <point>
      <x>0.46</x>
      <y>0.435</y>
      <w>0.72727275</w>
      <t>1667</t>
    </point>
    <point>
      <x>0.46</x>
      <y>0.43666667</y>
      <w>0.72727275</w>
      <t>1667</t>
    </point>
    <point>
      <x>0.46</x>
      <y>0.43833333</y>
      <w>0.72727275</w>
      <t>1667</t>
    </point>
    <point>
      <x>0.46</x>
      <y>0.44</y>
      <w>0.72727275</w>
      <t>1700</t>
    </point>
    <point>
      <x>0.46</x>
      <y>0.44166666</y>
      <w>0.72727275</w>
      <t>1700</t>
    </point>
    <point>
      <x>0.46</x>
      <y>0.44333333</y>
      <w>0.72727275</w>
      <t>1700</t>
    </point>
    <point>
      <x>0.46</x>
      <y>0.445</y>
      <w>0.72825027</w>
      <t>1733</t>
    </point>
    <point>
      <x>0.46</x>
      <y>0.44666666</y>
      <w>0.72825027</w>
      <t>1733</t>
    </point>
    <point>
      <x>0.46</x>
      <y>0.44833332</y>
      <w>0.72825027</w>
      <t>1733</t>
    </point>
    <point>
      <x>0.46</x>
      <y>0.45</y>
      <w>0.72727275</w>
      <t>1766</t>
    </point>
    <point>
      <x>0.46</x>
      <y>0.45333335</y>
      <w>0.72727275</w>
      <t>1766</t>
    </point>
    <point>
      <x>0.46</x>
      <y>0.455</y>
      <w>0.72727275</w>
      <t>1766</t>
    </point>
    <point>
      <x>0.46</x>
      <y>0.45833334</y>
      <w>0.72727275</w>
      <t>1766</t>
    </point>
    <point>
      <x>0.46</x>
      <y>0.46</y>
      <w>0.72727275</w>
      <t>1766</t>
    </point>
    <point>
      <x>0.46</x>
      <y>0.46166667</y>
      <w>0.72727275</w>
      <t>1800</t>
    </point>
    <point>
      <x>0.46</x>
      <y>0.46333334</y>
      <w>0.72727275</w>
      <t>1800</t>
    </point>
    <point>
      <x>0.46</x>
      <y>0.465</y>
      <w>0.72727275</w>
      <t>1800</t>
    </point>
    <point>
      <x>0.45833334</x>
      <y>0.465</y>
      <w>0.72140765</w>
      <t>1834</t>
    </point>
    <point>
      <x>0.45833334</x>
      <y>0.46666667</y>
      <w>0.72140765</w>
      <t>1834</t>
    </point>
    <point>
      <x>0.45666668</x>
      <y>0.46666667</y>
      <w>0.5777126</w>
      <t>1967</t>
    </point>
    <point>
      <x>0.455</x>
      <y>0.46666667</y>
      <w>0.5777126</w>
      <t>1967</t>
    </point>
    <point>
      <x>0.45333335</x>
      <y>0.46666667</y>
      <w>0.5777126</w>
      <t>1967</t>
    </point>
    <point>
      <x>0.45166665</x>
      <y>0.465</y>
      <w>0.5777126</w>
      <t>1967</t>
    </point>
    <point>
      <x>0.45</x>
      <y>0.46333334</y>
      <w>0.45845553</w>
      <t>2000</t>
    </point>
    <point>
      <x>0.44666666</x>
      <y>0.46166667</y>
      <w>0.45845553</w>
      <t>2000</t>
    </point>
    <point>
      <x>0.44333333</x>
      <y>0.46</y>
      <w>0.45845553</w>
      <t>2000</t>
    </point>
    <point>
      <x>0.44166666</x>
      <y>0.45666668</y>
      <w>0.45845553</w>
      <t>2000</t>
    </point>
    <point>
      <x>0.43833333</x>
      <y>0.45333335</y>
      <w>0.45845553</w>
      <t>2000</t>
    </point>
    <point>
      <x>0.435</x>
      <y>0.45</y>
      <w>0.31867057</w>
      <t>2033</t>
    </point>
    <point>
      <x>0.43166667</x>
      <y>0.44833332</y>
      <w>0.31867057</w>
      <t>2033</t>
    </point>
    <point>
      <x>0.43</x>
      <y>0.445</y>
      <w>0.31867057</w>
      <t>2033</t>
    </point>
    <point>
      <x>0.42666668</x>
      <y>0.445</y>
      <w>0.31867057</w>
      <t>2033</t>
    </point>
    <point>
      <x>0.42333335</x>
      <y>0.44333333</y>
      <w>0.22971652</w>
      <t>2066</t>
    </point>
    <point>
      <x>0.42166665</x>
      <y>0.44166666</y>
      <w>0.22971652</w>
      <t>2066</t>
    </point>
    <point>
      <x>0.41833332</x>
      <y>0.44</y>
      <w>0.22971652</w>
      <t>2066</t>
    </point>
    <point>
      <x>0.41666666</x>
      <y>0.43833333</y>
      <w>0.22971652</w>
      <t>2066</t>
    </point>
    <point>
      <x>0.41333333</x>
      <y>0.43666667</y>
      <w>0.22971652</w>
      <t>2066</t>
    </point>
    <point>
      <x>0.41166666</x>
      <y>0.435</y>
      <w>0.08308896</w>
      <t>2100</t>
    </point>
    <point>
      <x>0.41</x>
      <y>0.43166667</y>
      <w>0.08308896</w>
      <t>2100</t>
    </point>
    <point>
      <x>0.40833333</x>
      <y>0.42833334</y>
      <w>0.08308896</w>
      <t>2100</t>
    </point>
    <point>
      <x>0.40833333</x>
      <y>0.425</y>
      <w>0.08308896</w>
      <t>2100</t>
    </point>
    <point>
      <x>0.40666667</x>
      <y>0.42</y>
      <w>0.011730205</w>
      <t>2134</t>
    </point>
    <point>
      <x>0.405</x>
      <y>0.415</y>
      <w>0.011730205</w>
      <t>2134</t>
    </point>
    <point>
      <x>0.405</x>
      <y>0.41</y>
      <w>0.011730205</w>
      <t>2134</t>
    </point>
    <point>
      <x>0.40333334</x>
      <y>0.405</y>
      <w>0.011730205</w>
      <t>2134</t>
    </point>
    <point>
      <x>0.40166667</x>
      <y>0.4</y>
      <w>0.011730205</w>
      <t>2134</t>
    </point>
  </stroke>
  <stroke time="2267">
    <point>
      <x>0.42166665</x>
      <y>0.345</y>
      <w>0.047898337</w>
      <t>2300</t>
    </point>
    <point>
      <x>0.425</x>
      <y>0.34166667</y>
      <w>0.047898337</w>
      <t>2300</t>
    </point>
    <point>
      <x>0.42833334</x>
      <y>0.34</y>
      <w>0.047898337</w>
      <t>2300</t>
    </point>
    <point>
      <x>0.43166667</x>
      <y>0.33833334</y>
      <w>0.047898337</w>
      <t>2300</t>
    </point>
    <point>
      <x>0.43333334</x>
      <y>0.33666667</y>
      <w>0.047898337</w>
      <t>2300</t>
    </point>
    <point>
      <x>0.43666667</x>
      <y>0.335</y>
      <w>0.092864126</w>
      <t>2333</t>
    </point>
    <point>
      <x>0.43833333</x>
      <y>0.335</y>
      <w>0.092864126</w>
      <t>2333</t>
    </point>
    <point>
      <x>0.44166666</x>
      <y>0.33333334</y>
      <w>0.092864126</w>
      <t>2333</t>
    </point>
    <point>
      <x>0.445</x>
      <y>0.33166668</y>
      <w>0.092864126</w>
      <t>2333</t>
    </point>
    <point>
      <x>0.44833332</x>
      <y>0.33</y>
      <w>0.121212125</w>
      <t>2367</t>
    </point>
    <point>
      <x>0.45166665</x>
      <y>0.33</y>
      <w>0.121212125</w>
      <t>2367</t>
    </point>
    <point>
      <x>0.455</x>
      <y>0.32833335</y>
      <w>0.121212125</w>
      <t>2367</t>
    </point>
    <point>
      <x>0.45833334</x>
      <y>0.32833335</y>
      <w>0.121212125</w>
      <t>2367</t>
    </point>
    <point>
      <x>0.46166667</x>
      <y>0.32833335</y>
      <w>0.121212125</w>
      <t>2367</t>
    </point>
    <point>
      <x>0.465</x>
      <y>0.32833335</y>
      <w>0.14858261</w>
      <t>2400</t>
    </point>
    <point>
      <x>0.46666667</x>
      <y>0.32833335</y>
      <w>0.14858261</w>
      <t>2400</t>
    </point>
    <point>
      <x>0.47</x>
      <y>0.32833335</y>
      <w>0.14858261</w>
      <t>2400</t>
    </point>
    <point>
      <x>0.47166666</x>
      <y>0.32833335</y>
      <w>0.14858261</w>
      <t>2400</t>
    </point>
    <point>
      <x>0.47333333</x>
      <y>0.32833335</y>
      <w>0.21994135</w>
      <t>2434</t>
    </point>
    <point>
      <x>0.475</x>
      <y>0.32833335</y>
      <w>0.21994135</w>
      <t>2434</t>
    </point>
    <point>
      <x>0.47666666</x>
      <y>0.32833335</y>
      <w>0.21994135</w>
      <t>2434</t>
    </point>
    <point>
      <x>0.47833332</x>
      <y>0.32833335</y>
      <w>0.21994135</w>
      <t>2434</t>
    </point>
    <point>
      <x>0.48</x>
      <y>0.32833335</y>
      <w>0.21994135</w>
      <t>2434</t>
    </point>
    <point>
      <x>0.48166665</x>
      <y>0.33</y>
      <w>0.2639296</w>
      <t>2467</t>
    </point>
    <point>
      <x>0.48333332</x>
      <y>0.33</y>
      <w>0.2639296</w>
      <t>2467</t>
    </point>
    <point>
      <x>0.48666668</x>
      <y>0.33166668</y>
      <w>0.2639296</w>
      <t>2467</t>
    </point>
    <point>
      <x>0.49</x>
      <y>0.33333334</y>
      <w>0.2639296</w>
      <t>2467</t>
    </point>
    <point>
      <x>0.49166667</x>
      <y>0.33333334</y>
      <w>0.33431086</w>
      <t>2500</t>
    </point>
    <point>
      <x>0.495</x>
      <y>0.335</y>
      <w>0.33431086</w>
      <t>2500</t>
    </point>
    <point>
      <x>0.49666667</x>
      <y>0.33666667</y>
      <w>0.33431086</w>
      <t>2500</t>
    </point>
    <point>
      <x>0.49833333</x>
      <y>0.33666667</y>
      <w>0.33431086</w>
      <t>2500</t>
    </point>
    <point>
      <x>0.5</x>
      <y>0.33833334</y>
      <w>0.35679373</w>
      <t>2533</t>
    </point>
    <point>
      <x>0.50166667</x>
      <y>0.33833334</y>
      <w>0.35679373</w>
      <t>2533</t>
    </point>
    <point>
      <x>0.50333333</x>
      <y>0.33833334</y>
      <w>0.35679373</w>
      <t>2533</t>
    </point>
    <point>
      <x>0.50333333</x>
      <y>0.34</y>
      <w>0.35679373</w>
      <t>2533</t>
    </point>
    <point>
      <x>0.505</x>
      <y>0.34</y>
      <w>0.35679373</w>
      <t>2533</t>
    </point>
    <point>
      <x>0.505</x>
      <y>0.34166667</y>
      <w>0.38514173</w>
      <t>2567</t>
    </point>
    <point>
      <x>0.50666666</x>
      <y>0.34166667</y>
      <w>0.38514173</w>
      <t>2567</t>
    </point>
    <point>
      <x>0.50666666</x>
      <y>0.34333333</y>
      <w>0.38514173</w>
      <t>2567</t>
    </point>
    <point>
      <x>0.5083333</x>
      <y>0.34333333</y>
      <w>0.42619747</w>
      <t>2600</t>
    </point>
    <point>
      <x>0.51</x>
      <y>0.345</y>
      <w>0.42619747</w>
      <t>2600</t>
    </point>
    <point>
      <x>0.51</x>
      <y>0.34666666</y>
      <w>0.42619747</w>
      <t>2600</t>
    </point>
    <point>
      <x>0.51166666</x>
      <y>0.34833333</y>
      <w>0.42619747</w>
      <t>2600</t>
    </point>
    <point>
      <x>0.51166666</x>
      <y>0.35</y>
      <w>0.42619747</w>
      <t>2600</t>
    </point>
    <point>
      <x>0.51166666</x>
      <y>0.35166666</y>
      <w>0.45454547</w>
      <t>2633</t>
    </point>
    <point>
      <x>0.5133333</x>
      <y>0.35333332</y>
      <w>0.45454547</w>
      <t>2633</t>
    </point>
    <point>
      <x>0.5133333</x>
      <y>0.355</y>
      <w>0.45454547</w>
      <t>2633</t>
    </point>
    <point>
      <x>0.515</x>
      <y>0.35833332</y>
      <w>0.45454547</w>
      <t>2633</t>
    </point>
    <point>
      <x>0.515</x>
      <y>0.36</y>
      <w>0.49951124</w>
      <t>2667</t>
    </point>
    <point>
      <x>0.515</x>
      <y>0.36166668</y>
      <w>0.49951124</w>
      <t>2667</t>
    </point>
    <point>
      <x>0.515</x>
      <y>0.36333334</y>
      <w>0.49951124</w>
      <t>2667</t>
    </point>
    <point>
      <x>0.515</x>
      <y>0.36666667</y>
      <w>0.49951124</w>
      <t>2667</t>
    </point>
    <point>
      <x>0.515</x>
      <y>0.36833334</y>
      <w>0.49951124</w>
      <t>2667</t>
    </point>
    <point>
      <x>0.515</x>
      <y>0.37166667</y>
      <w>0.5483871</w>
      <t>2700</t>
    </point>
    <point>
      <x>0.515</x>
      <y>0.37333333</y>
      <w>0.5483871</w>
      <t>2700</t>
    </point>
    <point>
      <x>0.5133333</x>
      <y>0.37666667</y>
      <w>0.5483871</w>
      <t>2700</t>
    </point>
    <point>
      <x>0.5133333</x>
      <y>0.38</y>
      <w>0.5483871</w>
      <t>2700</t>
    </point>
    <point>
      <x>0.51166666</x>
      <y>0.38333333</y>
      <w>0.5826002</w>
      <t>2733</t>
    </point>
    <point>
      <x>0.51</x>
      <y>0.385</y>
      <w>0.5826002</w>
      <t>2733</t>
    </point>
    <point>
      <x>0.5083333</x>
      <y>0.38833332</y>
      <w>0.5826002</w>
      <t>2733</t>
    </point>
    <point>
      <x>0.50666666</x>
      <y>0.39</y>
      <w>0.5826002</w>
      <t>2733</t>
    </point>
    <point>
      <x>0.505</x>
      <y>0.39333335</y>
      <w>0.61876833</w>
      <t>2767</t>
    </point>
    <point>
      <x>0.50333333</x>
      <y>0.39666668</y>
      <w>0.61876833</w>
      <t>2767</t>
    </point>
    <point>
      <x>0.50166667</x>
      <y>0.39833334</y>
      <w>0.61876833</w>
      <t>2767</t>
    </point>
    <point>
      <x>0.5</x>
      <y>0.40166667</y>
      <w>0.61876833</w>
      <t>2767</t>
    </point>
    <point>
      <x>0.49833333</x>
      <y>0.405</y>
      <w>0.61876833</w>
      <t>2767</t>
    </point>
    <point>
      <x>0.49666667</x>
      <y>0.40833333</y>
      <w>0.6451613</w>
      <t>2800</t>
    </point>
    <point>
      <x>0.49333334</x>
      <y>0.41166666</y>
      <w>0.6451613</w>
      <t>2800</t>
    </point>
    <point>
      <x>0.49166667</x>
      <y>0.41333333</y>
      <w>0.6451613</w>
      <t>2800</t>
    </point>
    <point>
      <x>0.48833334</x>
      <y>0.41666666</y>
      <w>0.6451613</w>
      <t>2800</t>
    </point>
    <point>
      <x>0.48666668</x>
      <y>0.42</y>
      <w>0.7038123</w>
      <t>2834</t>
    </point>
    <point>
      <x>0.485</x>
      <y>0.42333335</y>
      <w>0.7038123</w>
      <t>2834</t>
    </point>
    <point>
      <x>0.48166665</x>
      <y>0.42666668</y>
      <w>0.7038123</w>
      <t>2834</t>
    </point>
    <point>
      <x>0.47833332</x>
      <y>0.43</y>
      <w>0.7038123</w>
      <t>2834</t>
    </point>
    <point>
      <x>0.47666666</x>
      <y>0.43333334</y>
      <w>0.7038123</w>
      <t>2834</t>
    </point>
    <point>
      <x>0.47333333</x>
      <y>0.43833333</y>
      <w>0.72629523</w>
      <t>2867</t>
    </point>
    <point>
      <x>0.47</x>
      <y>0.44166666</y>
      <w>0.72629523</w>
      <t>2867</t>
    </point>
    <point>
      <x>0.46666667</x>
      <y>0.44666666</y>
      <w>0.72629523</w>
      <t>2867</t>
    </point>
    <point>
      <x>0.46333334</x>
      <y>0.45</y>
      <w>0.72629523</w>
      <t>2867</t>
    </point>
    <point>
      <x>0.46166667</x>
      <y>0.455</y>
      <w>0.74584556</w>
      <t>2900</t>
    </point>
    <point>
      <x>0.45833334</x>
      <y>0.45833334</y>
      <w>0.74584556</w>
      <t>2900</t>
    </point>
    <point>
      <x>0.455</x>
      <y>0.46166667</y>
      <w>0.74584556</w>
      <t>2900</t>
    </point>
    <point>
      <x>0.45166665</x>
      <y>0.465</y>
      <w>0.74584556</w>
      <t>2900</t>
    </point>
    <point>
      <x>0.45</x>
      <y>0.46833333</y>
      <w>0.74584556</w>
      <t>2900</t>
    </point>
    <point>
      <x>0.44833332</x>
      <y>0.47333333</y>
      <w>0.7595308</w>
      <t>2933</t>
    </point>
    <point>
      <x>0.445</x>
      <y>0.47666666</y>
      <w>0.7595308</w>
      <t>2933</t>
    </point>
    <point>
      <x>0.44333333</x>
      <y>0.47833332</y>
      <w>0.7595308</w>
      <t>2933</t>
    </point>
    <point>
      <x>0.44166666</x>
      <y>0.48166665</y>
      <w>0.7595308</w>
      <t>2933</t>
    </point>
    <point>
      <x>0.43833333</x>
      <y>0.48666668</y>
      <w>0.7653959</w>
      <t>2967</t>
    </point>
    <point>
      <x>0.43666667</x>
      <y>0.49</y>
      <w>0.7653959</w>
      <t>2967</t>
    </point>
    <point>
      <x>0.435</x>
      <y>0.49333334</y>
      <w>0.7653959</w>
      <t>2967</t>
    </point>
    <point>
      <x>0.43166667</x>
      <y>0.49666667</y>
      <w>0.7653959</w>
      <t>2967</t>
    </point>
    <point>
      <x>0.43</x>
      <y>0.50166667</y>
      <w>0.7653959</w>
      <t>2967</t>
    </point>
    <point>
      <x>0.42833334</x>
      <y>0.505</y>
      <w>0.7673509</w>
      <t>3000</t>
    </point>
    <point>
      <x>0.42666668</x>
      <y>0.5083333</y>
      <w>0.7673509</w>
      <t>3000</t>
    </point>
    <point>
      <x>0.425</x>
      <y>0.51166666</y>
      <w>0.7673509</w>
      <t>3000</t>
    </point>
    <point>
      <x>0.42333335</x>
      <y>0.51666665</y>
      <w>0.7673509</w>
      <t>3000</t>
    </point>
    <point>
      <x>0.42166665</x>
      <y>0.52</y>
      <w>0.76930594</w>
      <t>3034</t>
    </point>
    <point>
      <x>0.42</x>
      <y>0.5233333</y>
      <w>0.76930594</w>
      <t>3034</t>
    </point>
    <point>
      <x>0.41833332</x>
      <y>0.52666664</y>
      <w>0.76930594</w>
      <t>3034</t>
    </point>
    <point>
      <x>0.41666666</x>
      <y>0.5283333</y>
      <w>0.76930594</w>
      <t>3034</t>
    </point>
    <point>
      <x>0.41666666</x>
      <y>0.5316667</y>
      <w>0.76930594</w>
      <t>3034</t>
    </point>
    <point>
      <x>0.415</x>
      <y>0.53333336</y>
      <w>0.76930594</w>
      <t>3067</t>
    </point>
    <point>
      <x>0.415</x>
      <y>0.535</y>
      <w>0.76930594</w>
      <t>3067</t>
    </point>
    <point>
      <x>0.415</x>
      <y>0.53833336</y>
      <w>0.76930594</w>
      <t>3067</t>
    </point>
    <point>
      <x>0.415</x>
      <y>0.54</y>
      <w>0.76930594</w>
      <t>3067</t>
    </point>
    <point>
      <x>0.415</x>
      <y>0.5416667</y>
      <w>0.7673509</w>
      <t>3100</t>
    </point>
    <point>
      <x>0.415</x>
      <y>0.54333335</y>
      <w>0.7673509</w>
      <t>3100</t>
    </point>
    <point>
      <x>0.415</x>
      <y>0.545</y>
      <w>0.7673509</w>
      <t>3100</t>
    </point>
    <point>
      <x>0.415</x>
      <y>0.5466667</y>
      <w>0.7497556</w>
      <t>3133</t>
    </point>
    <point>
      <x>0.41666666</x>
      <y>0.54833335</y>
      <w>0.7497556</w>
      <t>3133</t>
    </point>
    <point>
      <x>0.41833332</x>
      <y>0.54833335</y>
      <w>0.72238517</w>
      <t>3167</t>
    </point>
    <point>
      <x>0.42</x>
      <y>0.54833335</y>
      <w>0.72238517</w>
      <t>3167</t>
    </point>
    <point>
      <x>0.42333335</x>
      <y>0.54833335</y>
      <w>0.72238517</w>
      <t>3167</t>
    </point>
    <point>
      <x>0.42666668</x>
      <y>0.54833335</y>
      <w>0.72238517</w>
      <t>3167</t>
    </point>
    <point>
      <x>0.42833334</x>
      <y>0.54833335</y>
      <w>0.6735093</w>
      <t>3200</t>
    </point>
    <point>
      <x>0.43333334</x>
      <y>0.545</y>
      <w>0.6735093</w>
      <t>3200</t>
    </point>
    <point>
      <x>0.43666667</x>
      <y>0.54333335</y>
      <w>0.6735093</w>
      <t>3200</t>
    </point>
    <point>
      <x>0.44</x>
      <y>0.5416667</y>
      <w>0.6735093</w>
      <t>3200</t>
    </point>
    <point>
      <x>0.44333333</x>
      <y>0.53833336</y>
      <w>0.6735093</w>
      <t>3200</t>
    </point>
    <point>
      <x>0.44666666</x>
      <y>0.5366667</y>
      <w>0.5845552</w>
      <t>3234</t>
    </point>
    <point>
      <x>0.45166665</x>
      <y>0.53333336</y>
      <w>0.5845552</w>
      <t>3234</t>
    </point>
    <point>
      <x>0.455</x>
      <y>0.53</y>
      <w>0.5845552</w>
      <t>3234</t>
    </point>
    <point>
      <x>0.45833334</x>
      <y>0.5283333</y>
      <w>0.5845552</w>
      <t>3234</t>
    </point>
    <point>
      <x>0.46166667</x>
      <y>0.525</y>
      <w>0.52492666</w>
      <t>3267</t>
    </point>
    <point>
      <x>0.46333334</x>
      <y>0.52166665</y>
      <w>0.52492666</w>
      <t>3267</t>
    </point>
    <point>
      <x>0.46666667</x>
      <y>0.52</y>
      <w>0.52492666</w>
      <t>3267</t>
    </point>
    <point>
      <x>0.46833333</x>
      <y>0.5183333</y>
      <w>0.52492666</w>
      <t>3267</t>
    </point>
    <point>
      <x>0.47166666</x>
      <y>0.51666665</y>
      <w>0.52492666</w>
      <t>3267</t>
    </point>
    <point>
      <x>0.47333333</x>
      <y>0.515</y>
      <w>0.4965787</w>
      <t>3300</t>
    </point>
    <point>
      <x>0.475</x>
      <y>0.515</y>
      <w>0.4965787</w>
      <t>3300</t>
    </point>
    <point>
      <x>0.47666666</x>
      <y>0.515</y>
      <w>0.4965787</w>
      <t>3300</t>
    </point>
    <point>
      <x>0.47833332</x>
      <y>0.515</y>
      <w>0.49560118</w>
      <t>3334</t>
    </point>
    <point>
      <x>0.48</x>
      <y>0.515</y>
      <w>0.49560118</w>
      <t>3334</t>
    </point>
    <point>
      <x>0.48166665</x>
      <y>0.515</y>
      <w>0.49560118</w>
      <t>3334</t>
    </point>
    <point>
      <x>0.48333332</x>
      <y>0.515</y>
      <w>0.4965787</w>
      <t>3367</t>
    </point>
    <point>
      <x>0.485</x>
      <y>0.515</y>
      <w>0.4965787</w>
      <t>3367</t>
    </point>
    <point>
      <x>0.48666668</x>
      <y>0.515</y>
      <w>0.4965787</w>
      <t>3367</t>
    </point>
    <point>
      <x>0.48833334</x>
      <y>0.51666665</y>
      <w>0.50048876</w>
      <t>3399</t>
    </point>
    <point>
      <x>0.49</x>
      <y>0.51666665</y>
      <w>0.50048876</w>
      <t>3399</t>
    </point>
    <point>
      <x>0.49</x>
      <y>0.5183333</y>
      <w>0.5102639</w>
      <t>3433</t>
    </point>
    <point>
      <x>0.49166667</x>
      <y>0.5183333</y>
      <w>0.5102639</w>
      <t>3433</t>
    </point>
    <point>
      <x>0.49166667</x>
      <y>0.52</y>
      <w>0.5102639</w>
      <t>3433</t>
    </point>
    <point>
      <x>0.49333334</x>
      <y>0.52</y>
      <w>0.5102639</w>
      <t>3433</t>
    </point>
    <point>
      <x>0.49333334</x>
      <y>0.52166665</y>
      <w>0.5366569</w>
      <t>3467</t>
    </point>
    <point>
      <x>0.495</x>
      <y>0.5233333</y>
      <w>0.5366569</w>
      <t>3467</t>
    </point>
    <point>
      <x>0.495</x>
      <y>0.525</y>
      <w>0.5366569</w>
      <t>3467</t>
    </point>
    <point>
      <x>0.495</x>
      <y>0.52666664</y>
      <w>0.55131966</w>
      <t>3500</t>
    </point>
    <point>
      <x>0.49666667</x>
      <y>0.5283333</y>
      <w>0.55131966</w>
      <t>3500</t>
    </point>
    <point>
      <x>0.49666667</x>
      <y>0.53</y>
      <w>0.55131966</w>
      <t>3500</t>
    </point>
    <point>
      <x>0.49666667</x>
      <y>0.5316667</y>
      <w>0.55131966</w>
      <t>3500</t>
    </point>
    <point>
      <x>0.49666667</x>
      <y>0.53333336</y>
      <w>0.55718476</w>
      <t>3533</t>
    </point>
    <point>
      <x>0.49666667</x>
      <y>0.535</y>
      <w>0.55718476</w>
      <t>3533</t>
    </point>
    <point>
      <x>0.49666667</x>
      <y>0.5366667</y>
      <w>0.55718476</w>
      <t>3533</t>
    </point>
    <point>
      <x>0.49666667</x>
      <y>0.53833336</y>
      <w>0.57575756</w>
      <t>3567</t>
    </point>
    <point>
      <x>0.49666667</x>
      <y>0.54</y>
      <w>0.57575756</w>
      <t>3567</t>
    </point>
    <point>
      <x>0.49666667</x>
      <y>0.5416667</y>
      <w>0.57575756</w>
      <t>3567</t>
    </point>
    <point>
      <x>0.49666667</x>
      <y>0.54333335</y>
      <w>0.57575756</w>
      <t>3567</t>
    </point>
    <point>
      <x>0.49666667</x>
      <y>0.545</y>
      <w>0.57575756</w>
      <t>3567</t>
    </point>
    <point>
      <x>0.495</x>
      <y>0.5466667</y>
      <w>0.5982405</w>
      <t>3600</t>
    </point>
    <point>
      <x>0.495</x>
      <y>0.54833335</y>
      <w>0.5982405</w>
      <t>3600</t>
    </point>
    <point>
      <x>0.49333334</x>
      <y>0.55</y>
      <w>0.5982405</w>
      <t>3600</t>
    </point>
    <point>
      <x>0.49333334</x>
      <y>0.5516667</y>
      <w>0.5982405</w>
      <t>3600</t>
    </point>
    <point>
      <x>0.49166667</x>
      <y>0.55333334</y>
      <w>0.6168133</w>
      <t>3633</t>
    </point>
    <point>
      <x>0.49166667</x>
      <y>0.555</y>
      <w>0.6168133</w>
      <t>3633</t>
    </point>
    <point>
      <x>0.49</x>
      <y>0.5566667</y>
      <w>0.6168133</w>
      <t>3633</t>
    </point>
    <point>
      <x>0.48833334</x>
      <y>0.56</y>
      <w>0.6168133</w>
      <t>3633</t>
    </point>
    <point>
      <x>0.48666668</x>
      <y>0.56166667</y>
      <w>0.6168133</w>
      <t>3633</t>
    </point>
    <point>
      <x>0.485</x>
      <y>0.565</y>
      <w>0.6304985</w>
      <t>3666</t>
    </point>
    <point>
      <x>0.48333332</x>
      <y>0.56666666</y>
      <w>0.6304985</w>
      <t>3666</t>
    </point>
    <point>
      <x>0.48166665</x>
      <y>0.57</y>
      <w>0.6304985</w>
      <t>3666</t>
    </point>
    <point>
      <x>0.48</x>
      <y>0.57166666</y>
      <w>0.6304985</w>
      <t>3666</t>
    </point>
    <point>
      <x>0.48</x>
      <y>0.5733333</y>
      <w>0.6353861</w>
      <t>3700</t>
    </point>
    <point>
      <x>0.47833332</x>
      <y>0.575</y>
      <w>0.6353861</w>
      <t>3700</t>
    </point>
    <point>
      <x>0.47666666</x>
      <y>0.57666665</y>
      <w>0.6353861</w>
      <t>3700</t>
    </point>
    <point>
      <x>0.47666666</x>
      <y>0.5783333</y>
      <w>0.6353861</w>
      <t>3700</t>
    </point>
    <point>
      <x>0.475</x>
      <y>0.58</y>
      <w>0.6353861</w>
      <t>3733</t>
    </point>
    <point>
      <x>0.47333333</x>
      <y>0.58166665</y>
      <w>0.6353861</w>
      <t>3733</t>
    </point>
    <point>
      <x>0.47333333</x>
      <y>0.585</y>
      <w>0.6353861</w>
      <t>3733</t>
    </point>
    <point>
      <x>0.47166666</x>
      <y>0.58666664</y>
      <w>0.6353861</w>
      <t>3733</t>
    </point>
    <point>
      <x>0.47</x>
      <y>0.59</y>
      <w>0.6353861</w>
      <t>3733</t>
    </point>
    <point>
      <x>0.46833333</x>
      <y>0.59166664</y>
      <w>0.63734114</w>
      <t>3767</t>
    </point>
    <point>
      <x>0.46666667</x>
      <y>0.595</y>
      <w>0.63734114</w>
      <t>3767</t>
    </point>
    <point>
      <x>0.46333334</x>
      <y>0.59833336</y>
      <w>0.63734114</w>
      <t>3767</t>
    </point>
    <point>
      <x>0.46166667</x>
      <y>0.6016667</y>
      <w>0.63734114</w>
      <t>3767</t>
    </point>
    <point>
      <x>0.46</x>
      <y>0.605</y>
      <w>0.63734114</w>
      <t>3800</t>
    </point>
    <point>
      <x>0.45666668</x>
      <y>0.61</y>
      <w>0.63734114</w>
      <t>3800</t>
    </point>
    <point>
      <x>0.45333335</x>
      <y>0.61333334</y>
      <w>0.63734114</w>
      <t>3800</t>
    </point>
    <point>
      <x>0.45166665</x>
      <y>0.61833334</y>
      <w>0.63734114</w>
      <t>3800</t>
    </point>
    <point>
      <x>0.44833332</x>
      <y>0.62166667</y>
      <w>0.63734114</w>
      <t>3800</t>
    </point>
    <point>
      <x>0.44666666</x>
      <y>0.625</y>
      <w>0.6412512</w>
      <t>3833</t>
    </point>
    <point>
      <x>0.445</x>
      <y>0.62833333</y>
      <w>0.6412512</w>
      <t>3833</t>
    </point>
    <point>
      <x>0.44166666</x>
      <y>0.6333333</y>
      <w>0.6412512</w>
      <t>3833</t>
    </point>
    <point>
      <x>0.43833333</x>
      <y>0.63666666</y>
      <w>0.6412512</w>
      <t>3833</t>
    </point>
    <point>
      <x>0.435</x>
      <y>0.64166665</y>
      <w>0.6422287</w>
      <t>3867</t>
    </point>
    <point>
      <x>0.43166667</x>
      <y>0.645</y>
      <w>0.6422287</w>
      <t>3867</t>
    </point>
    <point>
      <x>0.42833334</x>
      <y>0.65</y>
      <w>0.6422287</w>
      <t>3867</t>
    </point>
    <point>
      <x>0.425</x>
      <y>0.655</y>
      <w>0.6422287</w>
      <t>3867</t>
    </point>
    <point>
      <x>0.42166665</x>
      <y>0.66</y>
      <w>0.6422287</w>
      <t>3867</t>
    </point>
    <point>
      <x>0.41666666</x>
      <y>0.6666667</y>
      <w>0.6422287</w>
      <t>3900</t>
    </point>
    <point>
      <x>0.41333333</x>
      <y>0.6716667</y>
      <w>0.6422287</w>
      <t>3900</t>
    </point>
    <point>
      <x>0.40833333</x>
      <y>0.6766667</y>
      <w>0.6422287</w>
      <t>3900</t>
    </point>
    <point>
      <x>0.405</x>
      <y>0.68333334</y>
      <w>0.6422287</w>
      <t>3900</t>
    </point>
    <point>
      <x>0.4</x>
      <y>0.68833333</y>
      <w>0.6451613</w>
      <t>3933</t>
    </point>
    <point>
      <x>0.395</x>
      <y>0.695</y>
      <w>0.6451613</w>
      <t>3933</t>
    </point>
    <point>
      <x>0.39</x>
      <y>0.7</y>
      <w>0.6451613</w>
      <t>3933</t>
    </point>
    <point>
      <x>0.385</x>
      <y>0.70666665</y>
      <w>0.6451613</w>
      <t>3933</t>
    </point>
    <point>
      <x>0.38</x>
      <y>0.715</y>
      <w>0.6461388</w>
      <t>3966</t>
    </point>
    <point>
      <x>0.375</x>
      <y>0.7216667</y>
      <w>0.6461388</w>
      <t>3966</t>
    </point>
    <point>
      <x>0.37</x>
      <y>0.7266667</y>
      <w>0.6461388</w>
      <t>3966</t>
    </point>
    <point>
      <x>0.365</x>
      <y>0.73333335</y>
      <w>0.6461388</w>
      <t>3966</t>
    </point>
    <point>
      <x>0.36</x>
      <y>0.74</y>
      <w>0.6461388</w>
      <t>3966</t>
    </point>
    <point>
      <x>0.35333332</x>
      <y>0.745</y>
      <w>0.6461388</w>
      <t>4000</t>
    </point>
    <point>
      <x>0.34833333</x>
      <y>0.75166667</y>
      <w>0.6461388</w>
      <t>4000</t>
    </point>
    <point>
      <x>0.34166667</x>
      <y>0.7583333</y>
      <w>0.6461388</w>
      <t>4000</t>
    </point>
    <point>
      <x>0.33666667</x>
      <y>0.765</y>
      <w>0.6461388</w>
      <t>4000</t>
    </point>
    <point>
      <x>0.33</x>
      <y>0.7733333</y>
      <w>0.6451613</w>
      <t>4033</t>
    </point>
    <point>
      <x>0.32333332</x>
      <y>0.78</y>
      <w>0.6451613</w>
      <t>4033</t>
    </point>
    <point>
      <x>0.31666666</x>
      <y>0.7866667</y>
      <w>0.6451613</w>
      <t>4033</t>
    </point>
    <point>
      <x>0.31</x>
      <y>0.79333335</y>
      <w>0.6451613</w>
      <t>4033</t>
    </point>
    <point>
      <x>0.305</x>
      <y>0.8</y>
      <w>0.6451613</w>
      <t>4033</t>
    </point>
    <point>
      <x>0.29833335</x>
      <y>0.8066667</y>
      <w>0.6451613</w>
      <t>4067</t>
    </point>
    <point>
      <x>0.29333332</x>
      <y>0.81166667</y>
      <w>0.6451613</w>
      <t>4067</t>
    </point>
    <point>
      <x>0.29</x>
      <y>0.815</y>
      <w>0.6451613</w>
      <t>4067</t>
    </point>
    <point>
      <x>0.28666666</x>
      <y>0.8183333</y>
      <w>0.6451613</w>
      <t>4067</t>
    </point>
    <point>
      <x>0.285</x>
      <y>0.82166666</y>
      <w>0.6451613</w>
      <t>4067</t>
    </point>
    <point>
      <x>0.28166667</x>
      <y>0.8233333</y>
      <w>0.61290324</w>
      <t>4100</t>
    </point>
    <point>
      <x>0.28166667</x>
      <y>0.825</y>
      <w>0.61290324</w>
      <t>4100</t>
    </point>
    <point>
      <x>0.28</x>
      <y>0.825</y>
      <w>0.61290324</w>
      <t>4100</t>
    </point>
    <point>
      <x>0.28166667</x>
      <y>0.82166666</y>
      <w>0.3020528</w>
      <t>4166</t>
    </point>
    <point>
      <x>0.285</x>
      <y>0.82</y>
      <w>0.3020528</w>
      <t>4166</t>
    </point>
    <point>
      <x>0.28833333</x>
      <y>0.815</y>
      <w>0.3020528</w>
      <t>4166</t>
    </point>
    <point>
      <x>0.29333332</x>
      <y>0.80833334</y>
      <w>0.3020528</w>
      <t>4166</t>
    </point>
    <point>
      <x>0.29833335</x>
      <y>0.80333334</y>
      <w>0.3020528</w>
      <t>4166</t>
    </point>
    <point>
      <x>0.30333334</x>
      <y>0.7966667</y>
      <w>0.22873901</w>
      <t>4200</t>
    </point>
    <point>
      <x>0.31</x>
      <y>0.79</y>
      <w>0.22873901</w>
      <t>4200</t>
    </point>
    <point>
      <x>0.31833333</x>
      <y>0.7816667</y>
      <w>0.22873901</w>
      <t>4200</t>
    </point>
    <point>
      <x>0.325</x>
      <y>0.775</y>
      <w>0.22873901</w>
      <t>4200</t>
    </point>
    <point>
      <x>0.33333334</x>
      <y>0.7683333</y>
      <w>0.11730205</w>
      <t>4234</t>
    </point>
    <point>
      <x>0.34</x>
      <y>0.76</y>
      <w>0.11730205</w>
      <t>4234</t>
    </point>
    <point>
      <x>0.34833333</x>
      <y>0.75333333</y>
      <w>0.11730205</w>
      <t>4234</t>
    </point>
    <point>
      <x>0.35666665</x>
      <y>0.74666667</y>
      <w>0.11730205</w>
      <t>4234</t>
    </point>
    <point>
      <x>0.365</x>
      <y>0.74</y>
      <w>0.11730205</w>
      <t>4234</t>
    </point>
    <point>
      <x>0.37166667</x>
      <y>0.735</y>
      <w>0.0</w>
      <t>4266</t>
    </point>
  </stroke>
  <stroke time="4299">
    <point>
      <x>0.40166667</x>
      <y>0.71</y>
      <w>0.028347997</w>
      <t>4299</t>
    </point>
    <point>
      <x>0.405</x>
      <y>0.705</y>
      <w>0.028347997</w>
      <t>4299</t>
    </point>
    <point>
      <x>0.40833333</x>
      <y>0.70166665</y>
      <w>0.074291304</w>
      <t>4334</t>
    </point>
    <point>
      <x>0.41166666</x>
      <y>0.6983333</y>
      <w>0.074291304</w>
      <t>4334</t>
    </point>
    <point>
      <x>0.415</x>
      <y>0.695</y>
      <w>0.074291304</w>
      <t>4334</t>
    </point>
    <point>
      <x>0.41833332</x>
      <y>0.69166666</y>
      <w>0.074291304</w>
      <t>4334</t>
    </point>
    <point>
      <x>0.42</x>
      <y>0.69</y>
      <w>0.074291304</w>
      <t>4334</t>
    </point>
    <point>
      <x>0.42333335</x>
      <y>0.68666667</y>
      <w>0.07722385</w>
      <t>4367</t>
    </point>
    <point>
      <x>0.425</x>
      <y>0.685</y>
      <w>0.07722385</w>
      <t>4367</t>
    </point>
    <point>
      <x>0.42666668</x>
      <y>0.68333334</y>
      <w>0.07722385</w>
      <t>4367</t>
    </point>
    <point>
      <x>0.42833334</x>
      <y>0.6816667</y>
      <w>0.07722385</w>
      <t>4367</t>
    </point>
    <point>
      <x>0.43</x>
      <y>0.68</y>
      <w>0.07722385</w>
      <t>4367</t>
    </point>
    <point>
      <x>0.43166667</x>
      <y>0.67833334</y>
      <w>0.079178885</w>
      <t>4400</t>
    </point>
    <point>
      <x>0.43166667</x>
      <y>0.6766667</y>
      <w>0.079178885</w>
      <t>4400</t>
    </point>
    <point>
      <x>0.43333334</x>
      <y>0.6766667</y>
      <w>0.079178885</w>
      <t>4400</t>
    </point>
    <point>
      <x>0.435</x>
      <y>0.6766667</y>
      <w>0.38220918</w>
      <t>4500</t>
    </point>
    <point>
      <x>0.43666667</x>
      <y>0.6766667</y>
      <w>0.42619747</w>
      <t>4533</t>
    </point>
    <point>
      <x>0.43833333</x>
      <y>0.6766667</y>
      <w>0.42619747</w>
      <t>4533</t>
    </point>
    <point>
      <x>0.44</x>
      <y>0.67833334</y>
      <w>0.42619747</w>
      <t>4533</t>
    </point>
    <point>
      <x>0.44166666</x>
      <y>0.68</y>
      <w>0.48582602</w>
      <t>4567</t>
    </point>
    <point>
      <x>0.44333333</x>
      <y>0.6816667</y>
      <w>0.48582602</w>
      <t>4567</t>
    </point>
    <point>
      <x>0.44333333</x>
      <y>0.68333334</y>
      <w>0.52394915</w>
      <t>4600</t>
    </point>
    <point>
      <x>0.44333333</x>
      <y>0.685</y>
      <w>0.52394915</w>
      <t>4600</t>
    </point>
    <point>
      <x>0.445</x>
      <y>0.68666667</y>
      <w>0.52394915</w>
      <t>4600</t>
    </point>
    <point>
      <x>0.445</x>
      <y>0.68833333</y>
      <w>0.52394915</w>
      <t>4600</t>
    </point>
    <point>
      <x>0.445</x>
      <y>0.69</y>
      <w>0.5601173</w>
      <t>4633</t>
    </point>
    <point>
      <x>0.445</x>
      <y>0.6933333</y>
      <w>0.5601173</w>
      <t>4633</t>
    </point>
    <point>
      <x>0.445</x>
      <y>0.695</y>
      <w>0.5601173</w>
      <t>4633</t>
    </point>
    <point>
      <x>0.445</x>
      <y>0.6983333</y>
      <w>0.5601173</w>
      <t>4633</t>
    </point>
    <point>
      <x>0.445</x>
      <y>0.70166665</y>
      <w>0.5601173</w>
      <t>4633</t>
    </point>
    <point>
      <x>0.445</x>
      <y>0.7033333</y>
      <w>0.59433043</w>
      <t>4667</t>
    </point>
    <point>
      <x>0.445</x>
      <y>0.70666665</y>
      <w>0.59433043</w>
      <t>4667</t>
    </point>
    <point>
      <x>0.445</x>
      <y>0.71</y>
      <w>0.59433043</w>
      <t>4667</t>
    </point>
    <point>
      <x>0.445</x>
      <y>0.7133333</y>
      <w>0.59433043</w>
      <t>4667</t>
    </point>
    <point>
      <x>0.445</x>
      <y>0.71666664</y>
      <w>0.6089932</w>
      <t>4700</t>
    </point>
    <point>
      <x>0.445</x>
      <y>0.72</y>
      <w>0.6089932</w>
      <t>4700</t>
    </point>
    <point>
      <x>0.445</x>
      <y>0.72333336</y>
      <w>0.6089932</w>
      <t>4700</t>
    </point>
    <point>
      <x>0.445</x>
      <y>0.7266667</y>
      <w>0.6089932</w>
      <t>4700</t>
    </point>
    <point>
      <x>0.445</x>
      <y>0.73</y>
      <w>0.6089932</w>
      <t>4700</t>
    </point>
    <point>
      <x>0.445</x>
      <y>0.735</y>
      <w>0.6217009</w>
      <t>4733</t>
    </point>
    <point>
      <x>0.445</x>
      <y>0.73833334</y>
      <w>0.6217009</w>
      <t>4733</t>
    </point>
    <point>
      <x>0.445</x>
      <y>0.7416667</y>
      <w>0.6217009</w>
      <t>4733</t>
    </point>
    <point>
      <x>0.445</x>
      <y>0.745</y>
      <w>0.6217009</w>
      <t>4733</t>
    </point>
    <point>
      <x>0.445</x>
      <y>0.74833333</y>
      <w>0.63147604</w>
      <t>4767</t>
    </point>
    <point>
      <x>0.445</x>
      <y>0.75166667</y>
      <w>0.63147604</w>
      <t>4767</t>
    </point>
    <point>
      <x>0.445</x>
      <y>0.755</y>
      <w>0.63147604</w>
      <t>4767</t>
    </point>
    <point>
      <x>0.445</x>
      <y>0.7583333</y>
      <w>0.63147604</w>
      <t>4767</t>
    </point>
    <point>
      <x>0.445</x>
      <y>0.76166666</y>
      <w>0.63147604</w>
      <t>4767</t>
    </point>
    <point>
      <x>0.445</x>
      <y>0.765</y>
      <w>0.6344086</w>
      <t>4800</t>
    </point>
    <point>
      <x>0.445</x>
      <y>0.7683333</y>
      <w>0.6344086</w>
      <t>4800</t>
    </point>
    <point>
      <x>0.445</x>
      <y>0.7733333</y>
      <w>0.6344086</w>
      <t>4800</t>
    </point>
    <point>
      <x>0.445</x>
      <y>0.77666664</y>
      <w>0.6344086</w>
      <t>4800</t>
    </point>
    <point>
      <x>0.445</x>
      <y>0.7816667</y>
      <w>0.6344086</w>
      <t>4834</t>
    </point>
    <point>
      <x>0.445</x>
      <y>0.785</y>
      <w>0.6344086</w>
      <t>4834</t>
    </point>
    <point>
      <x>0.445</x>
      <y>0.78833336</y>
      <w>0.6344086</w>
      <t>4834</t>
    </point>
    <point>
      <x>0.445</x>
      <y>0.7916667</y>
      <w>0.6344086</w>
      <t>4834</t>
    </point>
    <point>
      <x>0.445</x>
      <y>0.795</y>
      <w>0.6344086</w>
      <t>4835</t>
    </point>
    <point>
      <x>0.445</x>
      <y>0.79833335</y>
      <w>0.6344086</w>
      <t>4866</t>
    </point>
    <point>
      <x>0.445</x>
      <y>0.8016667</y>
      <w>0.6344086</w>
      <t>4866</t>
    </point>
    <point>
      <x>0.445</x>
      <y>0.805</y>
      <w>0.6344086</w>
      <t>4866</t>
    </point>
    <point>
      <x>0.445</x>
      <y>0.80833334</y>
      <w>0.6344086</w>
      <t>4866</t>
    </point>
    <point>
      <x>0.44666666</x>
      <y>0.81166667</y>
      <w>0.6334311</w>
      <t>4900</t>
    </point>
    <point>
      <x>0.44666666</x>
      <y>0.81333333</y>
      <w>0.6334311</w>
      <t>4900</t>
    </point>
    <point>
      <x>0.44833332</x>
      <y>0.81666666</y>
      <w>0.6334311</w>
      <t>4900</t>
    </point>
    <point>
      <x>0.44833332</x>
      <y>0.8183333</y>
      <w>0.6334311</w>
      <t>4900</t>
    </point>
    <point>
      <x>0.45</x>
      <y>0.82</y>
      <w>0.6334311</w>
      <t>4900</t>
    </point>
    <point>
      <x>0.45</x>
      <y>0.82166666</y>
      <w>0.6285435</w>
      <t>4933</t>
    </point>
    <point>
      <x>0.45166665</x>
      <y>0.8233333</y>
      <w>0.6285435</w>
      <t>4933</t>
    </point>
    <point>
      <x>0.45333335</x>
      <y>0.825</y>
      <w>0.6285435</w>
      <t>4933</t>
    </point>
    <point>
      <x>0.455</x>
      <y>0.82666665</y>
      <w>0.5982405</w>
      <t>4967</t>
    </point>
    <point>
      <x>0.45666668</x>
      <y>0.8283333</y>
      <w>0.5982405</w>
      <t>4967</t>
    </point>
    <point>
      <x>0.45833334</x>
      <y>0.8283333</y>
      <w>0.58064514</w>
      <t>5000</t>
    </point>
    <point>
      <x>0.45833334</x>
      <y>0.83</y>
      <w>0.58064514</w>
      <t>5000</t>
    </point>
    <point>
      <x>0.46</x>
      <y>0.83</y>
      <w>0.58064514</w>
      <t>5000</t>
    </point>
    <point>
      <x>0.46166667</x>
      <y>0.83</y>
      <w>0.5493646</w>
      <t>5033</t>
    </point>
    <point>
      <x>0.46333334</x>
      <y>0.83</y>
      <w>0.5493646</w>
      <t>5033</t>
    </point>
    <point>
      <x>0.465</x>
      <y>0.83</y>
      <w>0.5493646</w>
      <t>5033</t>
    </point>
    <point>
      <x>0.46666667</x>
      <y>0.83</y>
      <w>0.5034213</w>
      <t>5067</t>
    </point>
    <point>
      <x>0.46833333</x>
      <y>0.83</y>
      <w>0.5034213</w>
      <t>5067</t>
    </point>
    <point>
      <x>0.47</x>
      <y>0.83</y>
      <w>0.5034213</w>
      <t>5067</t>
    </point>
    <point>
      <x>0.47166666</x>
      <y>0.83</y>
      <w>0.5034213</w>
      <t>5067</t>
    </point>
    <point>
      <x>0.475</x>
      <y>0.8283333</y>
      <w>0.47702834</w>
      <t>5100</t>
    </point>
    <point>
      <x>0.47666666</x>
      <y>0.82666665</y>
      <w>0.47702834</w>
      <t>5100</t>
    </point>
    <point>
      <x>0.47833332</x>
      <y>0.825</y>
      <w>0.47702834</w>
      <t>5100</t>
    </point>
    <point>
      <x>0.48166665</x>
      <y>0.8233333</y>
      <w>0.47702834</w>
      <t>5100</t>
    </point>
    <point>
      <x>0.48333332</x>
      <y>0.82166666</y>
      <w>0.4222874</w>
      <t>5134</t>
    </point>
    <point>
      <x>0.48666668</x>
      <y>0.8183333</y>
      <w>0.4222874</w>
      <t>5134</t>
    </point>
    <point>
      <x>0.48833334</x>
      <y>0.815</y>
      <w>0.4222874</w>
      <t>5134</t>
    </point>
    <point>
      <x>0.49166667</x>
      <y>0.81333333</y>
      <w>0.4222874</w>
      <t>5134</t>
    </point>
    <point>
      <x>0.49333334</x>
      <y>0.81</y>
      <w>0.4222874</w>
      <t>5134</t>
    </point>
    <point>
      <x>0.49666667</x>
      <y>0.8066667</y>
      <w>0.3900293</w>
      <t>5167</t>
    </point>
    <point>
      <x>0.49833333</x>
      <y>0.80333334</y>
      <w>0.3900293</w>
      <t>5167</t>
    </point>
    <point>
      <x>0.50166667</x>
      <y>0.8</y>
      <w>0.3900293</w>
      <t>5167</t>
    </point>
    <point>
      <x>0.505</x>
      <y>0.7966667</y>
      <w>0.3900293</w>
      <t>5167</t>
    </point>
    <point>
      <x>0.5083333</x>
      <y>0.79333335</y>
      <w>0.34506354</w>
      <t>5200</t>
    </point>
    <point>
      <x>0.51166666</x>
      <y>0.79</y>
      <w>0.34506354</w>
      <t>5200</t>
    </point>
    <point>
      <x>0.515</x>
      <y>0.7866667</y>
      <w>0.34506354</w>
      <t>5200</t>
    </point>
    <point>
      <x>0.5183333</x>
      <y>0.78333336</y>
      <w>0.34506354</w>
      <t>5200</t>
    </point>
    <point>
      <x>0.52</x>
      <y>0.78</y>
      <w>0.34506354</w>
      <t>5200</t>
    </point>
    <point>
      <x>0.5233333</x>
      <y>0.775</y>
      <w>0.31867057</w>
      <t>5233</t>
    </point>
    <point>
      <x>0.52666664</x>
      <y>0.77166665</y>
      <w>0.31867057</w>
      <t>5233</t>
    </point>
    <point>
      <x>0.53</x>
      <y>0.7683333</y>
      <w>0.31867057</w>
      <t>5233</t>
    </point>
    <point>
      <x>0.53333336</x>
      <y>0.7633333</y>
      <w>0.31867057</w>
      <t>5233</t>
    </point>
    <point>
      <x>0.5366667</x>
      <y>0.76</y>
      <w>0.2913001</w>
      <t>5267</t>
    </point>
    <point>
      <x>0.54</x>
      <y>0.75666666</y>
      <w>0.2913001</w>
      <t>5267</t>
    </point>
    <point>
      <x>0.5416667</x>
      <y>0.75166667</y>
      <w>0.2913001</w>
      <t>5267</t>
    </point>
    <point>
      <x>0.545</x>
      <y>0.74833333</y>
      <w>0.2913001</w>
      <t>5267</t>
    </point>
    <point>
      <x>0.54833335</x>
      <y>0.745</y>
      <w>0.2170088</w>
      <t>5299</t>
    </point>
    <point>
      <x>0.55333334</x>
      <y>0.74</y>
      <w>0.2170088</w>
      <t>5299</t>
    </point>
    <point>
      <x>0.555</x>
      <y>0.7366667</y>
      <w>0.2170088</w>
      <t>5299</t>
    </point>
    <point>
      <x>0.55833334</x>
      <y>0.7316667</y>
      <w>0.2170088</w>
      <t>5299</t>
    </point>
    <point>
      <x>0.56166667</x>
      <y>0.72833335</y>
      <w>0.2170088</w>
      <t>5299</t>
    </point>
    <point>
      <x>0.565</x>
      <y>0.72333336</y>
      <w>0.15835777</w>
      <t>5334</t>
    </point>
    <point>
      <x>0.5683333</x>
      <y>0.7183333</y>
      <w>0.15835777</w>
      <t>5334</t>
    </point>
    <point>
      <x>0.57166666</x>
      <y>0.7133333</y>
      <w>0.15835777</w>
      <t>5334</t>
    </point>
    <point>
      <x>0.575</x>
      <y>0.71</y>
      <w>0.15835777</w>
      <t>5334</t>
    </point>
    <point>
      <x>0.5783333</x>
      <y>0.705</y>
      <w>0.15640274</w>
      <t>5367</t>
    </point>
    <point>
      <x>0.58</x>
      <y>0.70166665</y>
      <w>0.15640274</w>
      <t>5367</t>
    </point>
    <point>
      <x>0.5833333</x>
      <y>0.6983333</y>
      <w>0.15640274</w>
      <t>5367</t>
    </point>
    <point>
      <x>0.585</x>
      <y>0.6933333</y>
      <w>0.15640274</w>
      <t>5367</t>
    </point>
    <point>
      <x>0.5883333</x>
      <y>0.69</y>
      <w>0.15640274</w>
      <t>5367</t>
    </point>
    <point>
      <x>0.59166664</x>
      <y>0.68666667</y>
      <w>0.15640274</w>
      <t>5400</t>
    </point>
    <point>
      <x>0.595</x>
      <y>0.6816667</y>
      <w>0.15640274</w>
      <t>5400</t>
    </point>
    <point>
      <x>0.59833336</x>
      <y>0.67833334</y>
      <w>0.15640274</w>
      <t>5400</t>
    </point>
    <point>
      <x>0.6016667</x>
      <y>0.675</y>
      <w>0.15640274</w>
      <t>5400</t>
    </point>
    <point>
      <x>0.605</x>
      <y>0.6716667</y>
      <w>0.09677419</w>
      <t>5433</t>
    </point>
    <point>
      <x>0.61</x>
      <y>0.66833335</y>
      <w>0.09677419</w>
      <t>5433</t>
    </point>
    <point>
      <x>0.61333334</x>
      <y>0.665</y>
      <w>0.09677419</w>
      <t>5433</t>
    </point>
    <point>
      <x>0.6166667</x>
      <y>0.6616667</y>
      <w>0.09677419</w>
      <t>5433</t>
    </point>
    <point>
      <x>0.62</x>
      <y>0.66</y>
      <w>0.09677419</w>
      <t>5433</t>
    </point>
    <point>
      <x>0.62333333</x>
      <y>0.65833336</y>
      <w>0.037145652</w>
      <t>5467</t>
    </point>
    <point>
      <x>0.62666667</x>
      <y>0.6566667</y>
      <w>0.037145652</w>
      <t>5467</t>
    </point>
    <point>
      <x>0.63</x>
      <y>0.655</y>
      <w>0.037145652</w>
      <t>5467</t>
    </point>
    <point>
      <x>0.6333333</x>
      <y>0.6533333</y>
      <w>0.037145652</w>
      <t>5467</t>
    </point>
    <point>
      <x>0.63666666</x>
      <y>0.65166664</y>
      <w>0.0068426197</w>
      <t>5500</t>
    </point>
    <point>
      <x>0.64</x>
      <y>0.65</y>
      <w>0.0068426197</w>
      <t>5500</t>
    </point>
    <point>
      <x>0.6433333</x>
      <y>0.6483333</y>
      <w>0.0068426197</w>
      <t>5500</t>
    </point>
    <point>
      <x>0.64666665</x>
      <y>0.64666665</y>
      <w>0.0068426197</w>
      <t>5500</t>
    </point>
    <point>
      <x>0.65</x>
      <y>0.645</y>
      <w>0.0068426197</w>
      <t>5500</t>
    </point>
    <point>
      <x>0.6533333</x>
      <y>0.645</y>
      <w>0.056695994</w>
      <t>5533</t>
    </point>
    <point>
      <x>0.65833336</x>
      <y>0.6433333</y>
      <w>0.056695994</w>
      <t>5533</t>
    </point>
    <point>
      <x>0.6616667</x>
      <y>0.6433333</y>
      <w>0.056695994</w>
      <t>5533</t>
    </point>
    <point>
      <x>0.665</x>
      <y>0.6433333</y>
      <w>0.056695994</w>
      <t>5533</t>
    </point>
    <point>
      <x>0.66833335</x>
      <y>0.6433333</y>
      <w>0.14369501</w>
      <t>5567</t>
    </point>
    <point>
      <x>0.67</x>
      <y>0.6433333</y>
      <w>0.14369501</w>
      <t>5567</t>
    </point>
    <point>
      <x>0.67333335</x>
      <y>0.6433333</y>
      <w>0.14369501</w>
      <t>5567</t>
    </point>
    <point>
      <x>0.675</x>
      <y>0.6433333</y>
      <w>0.14369501</w>
      <t>5567</t>
    </point>
    <point>
      <x>0.6766667</x>
      <y>0.645</y>
      <w>0.2805474</w>
      <t>5600</t>
    </point>
    <point>
      <x>0.68</x>
      <y>0.64666665</y>
      <w>0.2805474</w>
      <t>5600</t>
    </point>
    <point>
      <x>0.6816667</x>
      <y>0.64666665</y>
      <w>0.2805474</w>
      <t>5600</t>
    </point>
    <point>
      <x>0.685</x>
      <y>0.6483333</y>
      <w>0.2805474</w>
      <t>5600</t>
    </point>
    <point>
      <x>0.68666667</x>
      <y>0.65</y>
      <w>0.2805474</w>
      <t>5600</t>
    </point>
    <point>
      <x>0.69</x>
      <y>0.65166664</y>
      <w>0.40371457</w>
      <t>5634</t>
    </point>
    <point>
      <x>0.695</x>
      <y>0.655</y>
      <w>0.40371457</w>
      <t>5634</t>
    </point>
    <point>
      <x>0.6983333</x>
      <y>0.6566667</y>
      <w>0.40371457</w>
      <t>5634</t>
    </point>
    <point>
      <x>0.70166665</x>
      <y>0.65833336</y>
      <w>0.40371457</w>
      <t>5634</t>
    </point>
    <point>
      <x>0.70666665</x>
      <y>0.6616667</y>
      <w>0.4525904</w>
      <t>5666</t>
    </point>
    <point>
      <x>0.71</x>
      <y>0.66333336</y>
      <w>0.4525904</w>
      <t>5666</t>
    </point>
    <point>
      <x>0.715</x>
      <y>0.665</y>
      <w>0.4525904</w>
      <t>5666</t>
    </point>
    <point>
      <x>0.7183333</x>
      <y>0.66833335</y>
      <w>0.4525904</w>
      <t>5666</t>
    </point>
    <point>
      <x>0.7216667</x>
      <y>0.67</y>
      <w>0.4525904</w>
      <t>5666</t>
    </point>
    <point>
      <x>0.7266667</x>
      <y>0.6716667</y>
      <w>0.4975562</w>
      <t>5700</t>
    </point>
    <point>
      <x>0.73</x>
      <y>0.67333335</y>
      <w>0.4975562</w>
      <t>5700</t>
    </point>
    <point>
      <x>0.73333335</x>
      <y>0.6766667</y>
      <w>0.4975562</w>
      <t>5700</t>
    </point>
    <point>
      <x>0.73833334</x>
      <y>0.67833334</y>
      <w>0.4975562</w>
      <t>5700</t>
    </point>
    <point>
      <x>0.7416667</x>
      <y>0.68</y>
      <w>0.5288367</w>
      <t>5734</t>
    </point>
    <point>
      <x>0.74666667</x>
      <y>0.68333334</y>
      <w>0.5288367</w>
      <t>5734</t>
    </point>
    <point>
      <x>0.75</x>
      <y>0.685</y>
      <w>0.5288367</w>
      <t>5734</t>
    </point>
    <point>
      <x>0.75333333</x>
      <y>0.68833333</y>
      <w>0.5288367</w>
      <t>5734</t>
    </point>
    <point>
      <x>0.75666666</x>
      <y>0.69</y>
      <w>0.5288367</w>
      <t>5734</t>
    </point>
    <point>
      <x>0.76</x>
      <y>0.6933333</y>
      <w>0.53861195</w>
      <t>5766</t>
    </point>
    <point>
      <x>0.7633333</x>
      <y>0.695</y>
      <w>0.53861195</w>
      <t>5766</t>
    </point>
    <point>
      <x>0.765</x>
      <y>0.6983333</y>
      <w>0.53861195</w>
      <t>5766</t>
    </point>
    <point>
      <x>0.76666665</x>
      <y>0.7</y>
      <w>0.53861195</w>
      <t>5766</t>
    </point>
    <point>
      <x>0.7683333</x>
      <y>0.7033333</y>
      <w>0.5483871</w>
      <t>5800</t>
    </point>
    <point>
      <x>0.77</x>
      <y>0.705</y>
      <w>0.5483871</w>
      <t>5800</t>
    </point>
    <point>
      <x>0.77166665</x>
      <y>0.7083333</y>
      <w>0.5483871</w>
      <t>5800</t>
    </point>
    <point>
      <x>0.7733333</x>
      <y>0.71</y>
      <w>0.5483871</w>
      <t>5800</t>
    </point>
    <point>
      <x>0.775</x>
      <y>0.7133333</y>
      <w>0.55620724</w>
      <t>5834</t>
    </point>
    <point>
      <x>0.77666664</x>
      <y>0.71666664</y>
      <w>0.55620724</w>
      <t>5834</t>
    </point>
    <point>
      <x>0.7783333</x>
      <y>0.7183333</y>
      <w>0.55620724</w>
      <t>5834</t>
    </point>
    <point>
      <x>0.7783333</x>
      <y>0.7216667</y>
      <w>0.55620724</w>
      <t>5834</t>
    </point>
    <point>
      <x>0.78</x>
      <y>0.725</y>
      <w>0.55620724</w>
      <t>5834</t>
    </point>
    <point>
      <x>0.7816667</x>
      <y>0.7266667</y>
      <w>0.57087</w>
      <t>5867</t>
    </point>
    <point>
      <x>0.78333336</x>
      <y>0.72833335</y>
      <w>0.57087</w>
      <t>5867</t>
    </point>
    <point>
      <x>0.78333336</x>
      <y>0.73</y>
      <w>0.57087</w>
      <t>5867</t>
    </point>
    <point>
      <x>0.785</x>
      <y>0.7316667</y>
      <w>0.57087</w>
      <t>5867</t>
    </point>
    <point>
      <x>0.785</x>
      <y>0.73333335</y>
      <w>0.57087</w>
      <t>5868</t>
    </point>
    <point>
      <x>0.785</x>
      <y>0.735</y>
      <w>0.57087</w>
      <t>5900</t>
    </point>
    <point>
      <x>0.7866667</x>
      <y>0.7366667</y>
      <w>0.57087</w>
      <t>5900</t>
    </point>
    <point>
      <x>0.7866667</x>
      <y>0.73833334</y>
      <w>0.57087</w>
      <t>5900</t>
    </point>
    <point>
      <x>0.78833336</x>
      <y>0.74</y>
      <w>0.57380253</w>
      <t>5933</t>
    </point>
    <point>
      <x>0.78833336</x>
      <y>0.7416667</y>
      <w>0.57380253</w>
      <t>5933</t>
    </point>
    <point>
      <x>0.78833336</x>
      <y>0.74333334</y>
      <w>0.572825</w>
      <t>5967</t>
    </point>
    <point>
      <x>0.78833336</x>
      <y>0.745</y>
      <w>0.57380253</w>
      <t>6000</t>
    </point>
    <point>
      <x>0.7866667</x>
      <y>0.745</y>
      <w>0.45552298</w>
      <t>6200</t>
    </point>
    <point>
      <x>0.785</x>
      <y>0.74333334</y>
      <w>0.45552298</w>
      <t>6200</t>
    </point>
    <point>
      <x>0.7816667</x>
      <y>0.74333334</y>
      <w>0.45552298</w>
      <t>6200</t>
    </point>
    <point>
      <x>0.7783333</x>
      <y>0.7416667</y>
      <w>0.45552298</w>
      <t>6200</t>
    </point>
    <point>
      <x>0.7733333</x>
      <y>0.74</y>
      <w>0.18768328</w>
      <t>6234</t>
    </point>
    <point>
      <x>0.76666665</x>
      <y>0.7366667</y>
      <w>0.18768328</w>
      <t>6234</t>
    </point>
    <point>
      <x>0.76166666</x>
      <y>0.73333335</y>
      <w>0.18768328</w>
      <t>6234</t>
    </point>
  </stroke>
</character>
