<?xml version="1.0" encoding="UTF-8"?>
<character>
  <stroke time="0">
    <point>
      <x>0.31666666</x>
      <y>0.25666666</y>
      <w>0.5845552</w>
      <t>203</t>
    </point>
    <point>
      <x>0.31833333</x>
      <y>0.25833333</y>
      <w>0.61290324</w>
      <t>233</t>
    </point>
    <point>
      <x>0.32</x>
      <y>0.25833333</y>
      <w>0.61290324</w>
      <t>233</t>
    </point>
    <point>
      <x>0.32166666</x>
      <y>0.25833333</y>
      <w>0.61290324</w>
      <t>233</t>
    </point>
    <point>
      <x>0.32333332</x>
      <y>0.25833333</y>
      <w>0.61290324</w>
      <t>234</t>
    </point>
    <point>
      <x>0.325</x>
      <y>0.25833333</y>
      <w>0.62561095</w>
      <t>267</t>
    </point>
    <point>
      <x>0.32666665</x>
      <y>0.25833333</y>
      <w>0.62561095</w>
      <t>267</t>
    </point>
    <point>
      <x>0.33</x>
      <y>0.25833333</y>
      <w>0.62561095</w>
      <t>267</t>
    </point>
    <point>
      <x>0.33166668</x>
      <y>0.25833333</y>
      <w>0.62561095</w>
      <t>268</t>
    </point>
    <point>
      <x>0.335</x>
      <y>0.25833333</y>
      <w>0.6334311</w>
      <t>300</t>
    </point>
    <point>
      <x>0.33833334</x>
      <y>0.25833333</y>
      <w>0.6334311</w>
      <t>300</t>
    </point>
    <point>
      <x>0.34</x>
      <y>0.25833333</y>
      <w>0.6334311</w>
      <t>300</t>
    </point>
    <point>
      <x>0.34333333</x>
      <y>0.25833333</y>
      <w>0.6334311</w>
      <t>301</t>
    </point>
    <point>
      <x>0.345</x>
      <y>0.25666666</y>
      <w>0.6334311</w>
      <t>301</t>
    </point>
    <point>
      <x>0.34833333</x>
      <y>0.25666666</y>
      <w>0.6451613</w>
      <t>334</t>
    </point>
    <point>
      <x>0.35</x>
      <y>0.25666666</y>
      <w>0.6451613</w>
      <t>334</t>
    </point>
    <point>
      <x>0.35333332</x>
      <y>0.255</y>
      <w>0.6451613</w>
      <t>334</t>
    </point>
    <point>
      <x>0.35666665</x>
      <y>0.255</y>
      <w>0.6451613</w>
      <t>335</t>
    </point>
    <point>
      <x>0.36</x>
      <y>0.255</y>
      <w>0.6520039</w>
      <t>366</t>
    </point>
    <point>
      <x>0.365</x>
      <y>0.25333333</y>
      <w>0.6520039</w>
      <t>366</t>
    </point>
    <point>
      <x>0.37</x>
      <y>0.25166667</y>
      <w>0.6520039</w>
      <t>367</t>
    </point>
    <point>
      <x>0.375</x>
      <y>0.25166667</y>
      <w>0.6520039</w>
      <t>367</t>
    </point>
    <point>
      <x>0.38166666</x>
      <y>0.25</y>
      <w>0.65786904</w>
      <t>400</t>
    </point>
    <point>
      <x>0.38833332</x>
      <y>0.24833333</y>
      <w>0.65786904</w>
      <t>400</t>
    </point>
    <point>
      <x>0.39333335</x>
      <y>0.24666667</y>
      <w>0.65786904</w>
      <t>400</t>
    </point>
    <point>
      <x>0.4</x>
      <y>0.245</y>
      <w>0.65786904</w>
      <t>401</t>
    </point>
    <point>
      <x>0.405</x>
      <y>0.24333334</y>
      <w>0.65786904</w>
      <t>401</t>
    </point>
    <point>
      <x>0.41166666</x>
      <y>0.24166666</y>
      <w>0.6617791</w>
      <t>433</t>
    </point>
    <point>
      <x>0.41833332</x>
      <y>0.24</y>
      <w>0.6617791</w>
      <t>433</t>
    </point>
    <point>
      <x>0.42666668</x>
      <y>0.23833333</y>
      <w>0.6617791</w>
      <t>433</t>
    </point>
    <point>
      <x>0.43333334</x>
      <y>0.23666666</y>
      <w>0.6617791</w>
      <t>434</t>
    </point>
    <point>
      <x>0.44166666</x>
      <y>0.23333333</y>
      <w>0.66471165</w>
      <t>466</t>
    </point>
    <point>
      <x>0.44833332</x>
      <y>0.23166667</y>
      <w>0.66471165</w>
      <t>466</t>
    </point>
    <point>
      <x>0.455</x>
      <y>0.23</y>
      <w>0.66471165</w>
      <t>466</t>
    </point>
    <point>
      <x>0.46166667</x>
      <y>0.22666667</y>
      <w>0.66471165</w>
      <t>467</t>
    </point>
    <point>
      <x>0.46833333</x>
      <y>0.225</y>
      <w>0.66471165</w>
      <t>467</t>
    </point>
    <point>
      <x>0.47333333</x>
      <y>0.22333333</y>
      <w>0.6656892</w>
      <t>499</t>
    </point>
    <point>
      <x>0.48</x>
      <y>0.22166666</y>
      <w>0.6656892</w>
      <t>499</t>
    </point>
    <point>
      <x>0.48666668</x>
      <y>0.21833333</y>
      <w>0.6656892</w>
      <t>499</t>
    </point>
    <point>
      <x>0.495</x>
      <y>0.21666667</y>
      <w>0.6656892</w>
      <t>500</t>
    </point>
    <point>
      <x>0.50166667</x>
      <y>0.21333334</y>
      <w>0.6676442</w>
      <t>533</t>
    </point>
    <point>
      <x>0.5083333</x>
      <y>0.21166667</y>
      <w>0.6676442</w>
      <t>533</t>
    </point>
    <point>
      <x>0.51666665</x>
      <y>0.20833333</y>
      <w>0.6676442</w>
      <t>533</t>
    </point>
    <point>
      <x>0.525</x>
      <y>0.20666666</y>
      <w>0.6676442</w>
      <t>534</t>
    </point>
    <point>
      <x>0.5316667</x>
      <y>0.20333333</y>
      <w>0.6676442</w>
      <t>534</t>
    </point>
    <point>
      <x>0.54</x>
      <y>0.20166667</y>
      <w>0.6686217</w>
      <t>567</t>
    </point>
    <point>
      <x>0.5466667</x>
      <y>0.19833334</y>
      <w>0.6686217</w>
      <t>567</t>
    </point>
    <point>
      <x>0.55333334</x>
      <y>0.19666667</y>
      <w>0.6686217</w>
      <t>567</t>
    </point>
    <point>
      <x>0.56</x>
      <y>0.195</y>
      <w>0.6686217</w>
      <t>567</t>
    </point>
    <point>
      <x>0.56666666</x>
      <y>0.19333333</y>
      <w>0.6666667</w>
      <t>600</t>
    </point>
    <point>
      <x>0.5733333</x>
      <y>0.19</y>
      <w>0.6666667</w>
      <t>600</t>
    </point>
    <point>
      <x>0.5783333</x>
      <y>0.18833333</y>
      <w>0.6666667</w>
      <t>600</t>
    </point>
    <point>
      <x>0.585</x>
      <y>0.18666667</y>
      <w>0.6666667</w>
      <t>600</t>
    </point>
    <point>
      <x>0.59</x>
      <y>0.185</y>
      <w>0.6666667</w>
      <t>601</t>
    </point>
    <point>
      <x>0.5933333</x>
      <y>0.18333334</y>
      <w>0.6676442</w>
      <t>633</t>
    </point>
    <point>
      <x>0.5966667</x>
      <y>0.18166667</y>
      <w>0.6676442</w>
      <t>633</t>
    </point>
    <point>
      <x>0.59833336</x>
      <y>0.18166667</y>
      <w>0.6676442</w>
      <t>633</t>
    </point>
    <point>
      <x>0.6</x>
      <y>0.18166667</y>
      <w>0.6676442</w>
      <t>634</t>
    </point>
    <point>
      <x>0.6</x>
      <y>0.18</y>
      <w>0.6041056</w>
      <t>867</t>
    </point>
    <point>
      <x>0.6</x>
      <y>0.17833333</y>
      <w>0.5014663</w>
      <t>900</t>
    </point>
    <point>
      <x>0.59833336</x>
      <y>0.17833333</y>
      <w>0.5014663</w>
      <t>900</t>
    </point>
    <point>
      <x>0.5966667</x>
      <y>0.17666666</y>
      <w>0.5014663</w>
      <t>900</t>
    </point>
    <point>
      <x>0.5966667</x>
      <y>0.175</y>
      <w>0.5014663</w>
      <t>900</t>
    </point>
    <point>
      <x>0.595</x>
      <y>0.175</y>
      <w>0.427175</w>
      <t>933</t>
    </point>
    <point>
      <x>0.5933333</x>
      <y>0.17333333</y>
      <w>0.427175</w>
      <t>933</t>
    </point>
    <point>
      <x>0.59166664</x>
      <y>0.17166667</y>
      <w>0.427175</w>
      <t>933</t>
    </point>
    <point>
      <x>0.59</x>
      <y>0.17166667</y>
      <w>0.427175</w>
      <t>933</t>
    </point>
    <point>
      <x>0.5883333</x>
      <y>0.17</y>
      <w>0.39491692</w>
      <t>967</t>
    </point>
    <point>
      <x>0.58666664</x>
      <y>0.16833334</y>
      <w>0.39491692</w>
      <t>967</t>
    </point>
    <point>
      <x>0.585</x>
      <y>0.16833334</y>
      <w>0.39491692</w>
      <t>967</t>
    </point>
    <point>
      <x>0.5833333</x>
      <y>0.16666667</y>
      <w>0.39491692</w>
      <t>967</t>
    </point>
    <point>
      <x>0.58166665</x>
      <y>0.165</y>
      <w>0.38709676</w>
      <t>1000</t>
    </point>
    <point>
      <x>0.58</x>
      <y>0.165</y>
      <w>0.38709676</w>
      <t>1000</t>
    </point>
    <point>
      <x>0.5783333</x>
      <y>0.16333333</y>
      <w>0.38709676</w>
      <t>1000</t>
    </point>
    <point>
      <x>0.57666665</x>
      <y>0.16166666</y>
      <w>0.38709676</w>
      <t>1000</t>
    </point>
    <point>
      <x>0.575</x>
      <y>0.15833333</y>
      <w>0.38709676</w>
      <t>1000</t>
    </point>
    <point>
      <x>0.5733333</x>
      <y>0.15666667</y>
      <w>0.29618767</w>
      <t>1033</t>
    </point>
    <point>
      <x>0.57</x>
      <y>0.15333334</y>
      <w>0.29618767</w>
      <t>1033</t>
    </point>
    <point>
      <x>0.5683333</x>
      <y>0.15166667</y>
      <w>0.29618767</w>
      <t>1033</t>
    </point>
    <point>
      <x>0.565</x>
      <y>0.14833333</y>
      <w>0.29618767</w>
      <t>1033</t>
    </point>
    <point>
      <x>0.56166667</x>
      <y>0.14666666</y>
      <w>0.18084067</w>
      <t>1068</t>
    </point>
    <point>
      <x>0.56</x>
      <y>0.14333333</y>
      <w>0.18084067</w>
      <t>1068</t>
    </point>
    <point>
      <x>0.5566667</x>
      <y>0.14166667</y>
      <w>0.18084067</w>
      <t>1068</t>
    </point>
    <point>
      <x>0.555</x>
      <y>0.13833334</y>
      <w>0.18084067</w>
      <t>1068</t>
    </point>
    <point>
      <x>0.5516667</x>
      <y>0.13666667</y>
      <w>0.18084067</w>
      <t>1070</t>
    </point>
    <point>
      <x>0.55</x>
      <y>0.135</y>
      <w>0.011730205</w>
      <t>1101</t>
    </point>
    <point>
      <x>0.5466667</x>
      <y>0.13166666</y>
      <w>0.011730205</w>
      <t>1101</t>
    </point>
    <point>
      <x>0.545</x>
      <y>0.13</y>
      <w>0.011730205</w>
      <t>1101</t>
    </point>
  </stroke>
  <stroke time="1200">
    <point>
      <x>0.5366667</x>
      <y>0.111666664</y>
      <w>0.06158358</w>
      <t>1234</t>
    </point>
    <point>
      <x>0.5366667</x>
      <y>0.11333334</y>
      <w>0.06158358</w>
      <t>1234</t>
    </point>
    <point>
      <x>0.535</x>
      <y>0.115</y>
      <w>0.11143695</w>
      <t>1267</t>
    </point>
    <point>
      <x>0.535</x>
      <y>0.11666667</y>
      <w>0.11143695</w>
      <t>1267</t>
    </point>
    <point>
      <x>0.535</x>
      <y>0.11833333</y>
      <w>0.11143695</w>
      <t>1267</t>
    </point>
    <point>
      <x>0.535</x>
      <y>0.12</y>
      <w>0.11143695</w>
      <t>1267</t>
    </point>
    <point>
      <x>0.53333336</x>
      <y>0.123333335</y>
      <w>0.1994135</w>
      <t>1300</t>
    </point>
    <point>
      <x>0.53333336</x>
      <y>0.125</y>
      <w>0.1994135</w>
      <t>1300</t>
    </point>
    <point>
      <x>0.5316667</x>
      <y>0.12833333</y>
      <w>0.1994135</w>
      <t>1300</t>
    </point>
    <point>
      <x>0.5316667</x>
      <y>0.13166666</y>
      <w>0.1994135</w>
      <t>1300</t>
    </point>
    <point>
      <x>0.5316667</x>
      <y>0.135</y>
      <w>0.1994135</w>
      <t>1300</t>
    </point>
    <point>
      <x>0.5316667</x>
      <y>0.13833334</y>
      <w>0.2922776</w>
      <t>1334</t>
    </point>
    <point>
      <x>0.53</x>
      <y>0.14166667</y>
      <w>0.2922776</w>
      <t>1334</t>
    </point>
    <point>
      <x>0.53</x>
      <y>0.14666666</y>
      <w>0.2922776</w>
      <t>1334</t>
    </point>
    <point>
      <x>0.53</x>
      <y>0.15</y>
      <w>0.2922776</w>
      <t>1334</t>
    </point>
    <point>
      <x>0.53</x>
      <y>0.155</y>
      <w>0.3489736</w>
      <t>1367</t>
    </point>
    <point>
      <x>0.53</x>
      <y>0.16</y>
      <w>0.3489736</w>
      <t>1367</t>
    </point>
    <point>
      <x>0.5316667</x>
      <y>0.165</y>
      <w>0.3489736</w>
      <t>1367</t>
    </point>
    <point>
      <x>0.5316667</x>
      <y>0.16833334</y>
      <w>0.3489736</w>
      <t>1367</t>
    </point>
    <point>
      <x>0.53333336</x>
      <y>0.17333333</y>
      <w>0.3489736</w>
      <t>1367</t>
    </point>
    <point>
      <x>0.53333336</x>
      <y>0.17666666</y>
      <w>0.3998045</w>
      <t>1400</t>
    </point>
    <point>
      <x>0.535</x>
      <y>0.18166667</y>
      <w>0.3998045</w>
      <t>1400</t>
    </point>
    <point>
      <x>0.5366667</x>
      <y>0.185</y>
      <w>0.3998045</w>
      <t>1400</t>
    </point>
    <point>
      <x>0.5366667</x>
      <y>0.19</y>
      <w>0.3998045</w>
      <t>1400</t>
    </point>
    <point>
      <x>0.53833336</x>
      <y>0.19333333</y>
      <w>0.4281525</w>
      <t>1434</t>
    </point>
    <point>
      <x>0.54</x>
      <y>0.19833334</y>
      <w>0.4281525</w>
      <t>1434</t>
    </point>
    <point>
      <x>0.5416667</x>
      <y>0.20166667</y>
      <w>0.4281525</w>
      <t>1434</t>
    </point>
    <point>
      <x>0.54333335</x>
      <y>0.20666666</y>
      <w>0.4281525</w>
      <t>1434</t>
    </point>
    <point>
      <x>0.545</x>
      <y>0.21166667</y>
      <w>0.4281525</w>
      <t>1434</t>
    </point>
    <point>
      <x>0.54833335</x>
      <y>0.21666667</y>
      <w>0.43792766</w>
      <t>1467</t>
    </point>
    <point>
      <x>0.55</x>
      <y>0.22333333</y>
      <w>0.43792766</w>
      <t>1467</t>
    </point>
    <point>
      <x>0.5516667</x>
      <y>0.22666667</y>
      <w>0.43792766</w>
      <t>1467</t>
    </point>
    <point>
      <x>0.55333334</x>
      <y>0.23166667</y>
      <w>0.43792766</w>
      <t>1469</t>
    </point>
    <point>
      <x>0.5566667</x>
      <y>0.23666666</y>
      <w>0.4398827</w>
      <t>1501</t>
    </point>
    <point>
      <x>0.55833334</x>
      <y>0.24</y>
      <w>0.4398827</w>
      <t>1501</t>
    </point>
    <point>
      <x>0.56166667</x>
      <y>0.245</y>
      <w>0.4398827</w>
      <t>1501</t>
    </point>
    <point>
      <x>0.565</x>
      <y>0.24833333</y>
      <w>0.4398827</w>
      <t>1502</t>
    </point>
    <point>
      <x>0.56666666</x>
      <y>0.25166667</y>
      <w>0.4398827</w>
      <t>1502</t>
    </point>
    <point>
      <x>0.57</x>
      <y>0.25666666</y>
      <w>0.4398827</w>
      <t>1534</t>
    </point>
    <point>
      <x>0.5733333</x>
      <y>0.25833333</y>
      <w>0.4398827</w>
      <t>1534</t>
    </point>
    <point>
      <x>0.57666665</x>
      <y>0.26166666</y>
      <w>0.4398827</w>
      <t>1534</t>
    </point>
    <point>
      <x>0.58</x>
      <y>0.265</y>
      <w>0.4398827</w>
      <t>1534</t>
    </point>
    <point>
      <x>0.5833333</x>
      <y>0.26833335</y>
      <w>0.4340176</w>
      <t>1567</t>
    </point>
    <point>
      <x>0.58666664</x>
      <y>0.27</y>
      <w>0.4340176</w>
      <t>1567</t>
    </point>
    <point>
      <x>0.59</x>
      <y>0.27333334</y>
      <w>0.4340176</w>
      <t>1567</t>
    </point>
    <point>
      <x>0.5933333</x>
      <y>0.275</y>
      <w>0.4340176</w>
      <t>1567</t>
    </point>
    <point>
      <x>0.5966667</x>
      <y>0.27666667</y>
      <w>0.43010753</w>
      <t>1600</t>
    </point>
    <point>
      <x>0.59833336</x>
      <y>0.28</y>
      <w>0.43010753</w>
      <t>1600</t>
    </point>
    <point>
      <x>0.6016667</x>
      <y>0.28166667</y>
      <w>0.43010753</w>
      <t>1600</t>
    </point>
    <point>
      <x>0.60333335</x>
      <y>0.28333333</y>
      <w>0.43010753</w>
      <t>1600</t>
    </point>
    <point>
      <x>0.605</x>
      <y>0.285</y>
      <w>0.43010753</w>
      <t>1600</t>
    </point>
    <point>
      <x>0.6066667</x>
      <y>0.285</y>
      <w>0.4222874</w>
      <t>1634</t>
    </point>
    <point>
      <x>0.6066667</x>
      <y>0.28666666</y>
      <w>0.4222874</w>
      <t>1634</t>
    </point>
    <point>
      <x>0.60833335</x>
      <y>0.28833333</y>
      <w>0.4222874</w>
      <t>1634</t>
    </point>
    <point>
      <x>0.61</x>
      <y>0.28833333</y>
      <w>0.4222874</w>
      <t>1634</t>
    </point>
    <point>
      <x>0.61</x>
      <y>0.29</y>
      <w>0.4173998</w>
      <t>1667</t>
    </point>
    <point>
      <x>0.6116667</x>
      <y>0.29</y>
      <w>0.4173998</w>
      <t>1667</t>
    </point>
    <point>
      <x>0.61333334</x>
      <y>0.29</y>
      <w>0.4173998</w>
      <t>1667</t>
    </point>
    <point>
      <x>0.61333334</x>
      <y>0.29166666</y>
      <w>0.4173998</w>
      <t>1667</t>
    </point>
    <point>
      <x>0.615</x>
      <y>0.29166666</y>
      <w>0.40860215</w>
      <t>1701</t>
    </point>
    <point>
      <x>0.61333334</x>
      <y>0.29166666</y>
      <w>0.43695015</w>
      <t>2000</t>
    </point>
    <point>
      <x>0.61333334</x>
      <y>0.29333332</y>
      <w>0.43695015</w>
      <t>2000</t>
    </point>
    <point>
      <x>0.6116667</x>
      <y>0.29333332</y>
      <w>0.43792766</w>
      <t>2034</t>
    </point>
    <point>
      <x>0.61</x>
      <y>0.295</y>
      <w>0.43792766</w>
      <t>2034</t>
    </point>
    <point>
      <x>0.60833335</x>
      <y>0.295</y>
      <w>0.43792766</w>
      <t>2067</t>
    </point>
    <point>
      <x>0.6066667</x>
      <y>0.29666665</y>
      <w>0.43792766</w>
      <t>2067</t>
    </point>
    <point>
      <x>0.605</x>
      <y>0.29666665</y>
      <w>0.43792766</w>
      <t>2067</t>
    </point>
    <point>
      <x>0.60333335</x>
      <y>0.29833335</y>
      <w>0.43695015</w>
      <t>2101</t>
    </point>
    <point>
      <x>0.6016667</x>
      <y>0.29833335</y>
      <w>0.43695015</w>
      <t>2101</t>
    </point>
    <point>
      <x>0.6016667</x>
      <y>0.3</y>
      <w>0.43695015</w>
      <t>2101</t>
    </point>
    <point>
      <x>0.6</x>
      <y>0.3</y>
      <w>0.43695015</w>
      <t>2101</t>
    </point>
    <point>
      <x>0.5966667</x>
      <y>0.30166668</y>
      <w>0.43695015</w>
      <t>2101</t>
    </point>
    <point>
      <x>0.595</x>
      <y>0.30166668</y>
      <w>0.4281525</w>
      <t>2134</t>
    </point>
    <point>
      <x>0.59166664</x>
      <y>0.30333334</y>
      <w>0.4281525</w>
      <t>2134</t>
    </point>
    <point>
      <x>0.59</x>
      <y>0.305</y>
      <w>0.4281525</w>
      <t>2134</t>
    </point>
    <point>
      <x>0.58666664</x>
      <y>0.30666667</y>
      <w>0.4281525</w>
      <t>2134</t>
    </point>
    <point>
      <x>0.5833333</x>
      <y>0.30833334</y>
      <w>0.40762463</w>
      <t>2167</t>
    </point>
    <point>
      <x>0.58</x>
      <y>0.31</y>
      <w>0.40762463</w>
      <t>2167</t>
    </point>
    <point>
      <x>0.57666665</x>
      <y>0.31166667</y>
      <w>0.40762463</w>
      <t>2167</t>
    </point>
    <point>
      <x>0.5733333</x>
      <y>0.31333333</y>
      <w>0.40762463</w>
      <t>2167</t>
    </point>
    <point>
      <x>0.57</x>
      <y>0.315</y>
      <w>0.39100686</w>
      <t>2201</t>
    </point>
    <point>
      <x>0.56666666</x>
      <y>0.31666666</y>
      <w>0.39100686</w>
      <t>2201</t>
    </point>
    <point>
      <x>0.56333333</x>
      <y>0.31833333</y>
      <w>0.39100686</w>
      <t>2201</t>
    </point>
    <point>
      <x>0.56</x>
      <y>0.32</y>
      <w>0.39100686</w>
      <t>2201</t>
    </point>
    <point>
      <x>0.5566667</x>
      <y>0.32166666</y>
      <w>0.39100686</w>
      <t>2201</t>
    </point>
    <point>
      <x>0.55333334</x>
      <y>0.325</y>
      <w>0.3548387</w>
      <t>2234</t>
    </point>
    <point>
      <x>0.55</x>
      <y>0.32666665</y>
      <w>0.3548387</w>
      <t>2234</t>
    </point>
    <point>
      <x>0.5466667</x>
      <y>0.32833335</y>
      <w>0.3548387</w>
      <t>2234</t>
    </point>
    <point>
      <x>0.54333335</x>
      <y>0.33</y>
      <w>0.3548387</w>
      <t>2234</t>
    </point>
    <point>
      <x>0.5416667</x>
      <y>0.33333334</y>
      <w>0.27565983</w>
      <t>2267</t>
    </point>
    <point>
      <x>0.53833336</x>
      <y>0.335</y>
      <w>0.27565983</w>
      <t>2267</t>
    </point>
    <point>
      <x>0.535</x>
      <y>0.33833334</y>
      <w>0.27565983</w>
      <t>2267</t>
    </point>
    <point>
      <x>0.5316667</x>
      <y>0.34</y>
      <w>0.27565983</w>
      <t>2267</t>
    </point>
    <point>
      <x>0.52666664</x>
      <y>0.34333333</y>
      <w>0.27565983</w>
      <t>2267</t>
    </point>
    <point>
      <x>0.5233333</x>
      <y>0.34666666</y>
      <w>0.26099706</w>
      <t>2301</t>
    </point>
    <point>
      <x>0.5183333</x>
      <y>0.35</y>
      <w>0.26099706</w>
      <t>2301</t>
    </point>
    <point>
      <x>0.515</x>
      <y>0.355</y>
      <w>0.26099706</w>
      <t>2301</t>
    </point>
    <point>
      <x>0.51166666</x>
      <y>0.35833332</y>
      <w>0.26099706</w>
      <t>2301</t>
    </point>
    <point>
      <x>0.5083333</x>
      <y>0.36166668</y>
      <w>0.24340177</w>
      <t>2334</t>
    </point>
    <point>
      <x>0.50333333</x>
      <y>0.36666667</y>
      <w>0.24340177</w>
      <t>2334</t>
    </point>
    <point>
      <x>0.5</x>
      <y>0.37166667</y>
      <w>0.24340177</w>
      <t>2334</t>
    </point>
    <point>
      <x>0.49666667</x>
      <y>0.37666667</y>
      <w>0.24340177</w>
      <t>2334</t>
    </point>
    <point>
      <x>0.49166667</x>
      <y>0.38166666</y>
      <w>0.24340177</w>
      <t>2334</t>
    </point>
    <point>
      <x>0.48833334</x>
      <y>0.38666666</y>
      <w>0.22873901</w>
      <t>2367</t>
    </point>
    <point>
      <x>0.48333332</x>
      <y>0.39166668</y>
      <w>0.22873901</w>
      <t>2367</t>
    </point>
    <point>
      <x>0.48</x>
      <y>0.39666668</y>
      <w>0.22873901</w>
      <t>2367</t>
    </point>
    <point>
      <x>0.475</x>
      <y>0.40333334</y>
      <w>0.22873901</w>
      <t>2367</t>
    </point>
    <point>
      <x>0.47166666</x>
      <y>0.40833333</y>
      <w>0.22776149</w>
      <t>2401</t>
    </point>
    <point>
      <x>0.46833333</x>
      <y>0.41333333</y>
      <w>0.22776149</w>
      <t>2401</t>
    </point>
    <point>
      <x>0.465</x>
      <y>0.41833332</y>
      <w>0.22776149</w>
      <t>2401</t>
    </point>
    <point>
      <x>0.46166667</x>
      <y>0.425</y>
      <w>0.22776149</w>
      <t>2401</t>
    </point>
    <point>
      <x>0.45833334</x>
      <y>0.43</y>
      <w>0.22776149</w>
      <t>2401</t>
    </point>
    <point>
      <x>0.45666668</x>
      <y>0.43333334</y>
      <w>0.22776149</w>
      <t>2434</t>
    </point>
    <point>
      <x>0.455</x>
      <y>0.43833333</y>
      <w>0.22776149</w>
      <t>2434</t>
    </point>
    <point>
      <x>0.45333335</x>
      <y>0.44166666</y>
      <w>0.22776149</w>
      <t>2434</t>
    </point>
    <point>
      <x>0.45166665</x>
      <y>0.445</y>
      <w>0.22776149</w>
      <t>2434</t>
    </point>
    <point>
      <x>0.45</x>
      <y>0.44833332</y>
      <w>0.21896383</w>
      <t>2467</t>
    </point>
    <point>
      <x>0.44833332</x>
      <y>0.45166665</y>
      <w>0.21896383</w>
      <t>2467</t>
    </point>
    <point>
      <x>0.44833332</x>
      <y>0.45333335</y>
      <w>0.21896383</w>
      <t>2467</t>
    </point>
    <point>
      <x>0.44833332</x>
      <y>0.45666668</y>
      <w>0.21896383</w>
      <t>2467</t>
    </point>
    <point>
      <x>0.44833332</x>
      <y>0.45833334</y>
      <w>0.2111437</w>
      <t>2501</t>
    </point>
    <point>
      <x>0.44833332</x>
      <y>0.46</y>
      <w>0.2111437</w>
      <t>2501</t>
    </point>
    <point>
      <x>0.44666666</x>
      <y>0.46166667</y>
      <w>0.2111437</w>
      <t>2501</t>
    </point>
    <point>
      <x>0.44833332</x>
      <y>0.46166667</y>
      <w>0.20430107</w>
      <t>2600</t>
    </point>
    <point>
      <x>0.45</x>
      <y>0.46</y>
      <w>0.20430107</w>
      <t>2600</t>
    </point>
    <point>
      <x>0.45166665</x>
      <y>0.45666668</y>
      <w>0.20430107</w>
      <t>2600</t>
    </point>
    <point>
      <x>0.45333335</x>
      <y>0.455</y>
      <w>0.20430107</w>
      <t>2600</t>
    </point>
    <point>
      <x>0.455</x>
      <y>0.45333335</y>
      <w>0.20430107</w>
      <t>2600</t>
    </point>
    <point>
      <x>0.45833334</x>
      <y>0.45166665</y>
      <w>0.20527859</w>
      <t>2634</t>
    </point>
    <point>
      <x>0.46</x>
      <y>0.44833332</y>
      <w>0.20527859</w>
      <t>2634</t>
    </point>
    <point>
      <x>0.46333334</x>
      <y>0.44666666</y>
      <w>0.20527859</w>
      <t>2634</t>
    </point>
    <point>
      <x>0.46666667</x>
      <y>0.445</y>
      <w>0.20527859</w>
      <t>2634</t>
    </point>
    <point>
      <x>0.47</x>
      <y>0.44166666</y>
      <w>0.20527859</w>
      <t>2634</t>
    </point>
    <point>
      <x>0.47333333</x>
      <y>0.44</y>
      <w>0.21016617</w>
      <t>2667</t>
    </point>
    <point>
      <x>0.47666666</x>
      <y>0.43833333</y>
      <w>0.21016617</w>
      <t>2667</t>
    </point>
    <point>
      <x>0.48</x>
      <y>0.43666667</y>
      <w>0.21016617</w>
      <t>2667</t>
    </point>
    <point>
      <x>0.485</x>
      <y>0.435</y>
      <w>0.21016617</w>
      <t>2667</t>
    </point>
    <point>
      <x>0.48833334</x>
      <y>0.435</y>
      <w>0.2111437</w>
      <t>2701</t>
    </point>
    <point>
      <x>0.49166667</x>
      <y>0.43333334</y>
      <w>0.2111437</w>
      <t>2701</t>
    </point>
    <point>
      <x>0.495</x>
      <y>0.43166667</y>
      <w>0.2111437</w>
      <t>2701</t>
    </point>
    <point>
      <x>0.49833333</x>
      <y>0.43166667</y>
      <w>0.2111437</w>
      <t>2701</t>
    </point>
    <point>
      <x>0.5</x>
      <y>0.43166667</y>
      <w>0.2111437</w>
      <t>2701</t>
    </point>
    <point>
      <x>0.50333333</x>
      <y>0.43</y>
      <w>0.26490712</w>
      <t>2734</t>
    </point>
    <point>
      <x>0.50666666</x>
      <y>0.43</y>
      <w>0.26490712</w>
      <t>2734</t>
    </point>
    <point>
      <x>0.51</x>
      <y>0.43</y>
      <w>0.26490712</w>
      <t>2734</t>
    </point>
    <point>
      <x>0.51166666</x>
      <y>0.43</y>
      <w>0.26490712</w>
      <t>2734</t>
    </point>
    <point>
      <x>0.5133333</x>
      <y>0.43</y>
      <w>0.33333334</w>
      <t>2767</t>
    </point>
    <point>
      <x>0.515</x>
      <y>0.43</y>
      <w>0.33333334</w>
      <t>2767</t>
    </point>
    <point>
      <x>0.51666665</x>
      <y>0.43</y>
      <w>0.33333334</w>
      <t>2767</t>
    </point>
    <point>
      <x>0.5183333</x>
      <y>0.43</y>
      <w>0.33333334</w>
      <t>2767</t>
    </point>
    <point>
      <x>0.52</x>
      <y>0.43</y>
      <w>0.39198437</w>
      <t>2800</t>
    </point>
    <point>
      <x>0.52166665</x>
      <y>0.43</y>
      <w>0.39198437</w>
      <t>2800</t>
    </point>
    <point>
      <x>0.52166665</x>
      <y>0.43166667</y>
      <w>0.39198437</w>
      <t>2800</t>
    </point>
    <point>
      <x>0.5233333</x>
      <y>0.43166667</y>
      <w>0.39198437</w>
      <t>2800</t>
    </point>
    <point>
      <x>0.525</x>
      <y>0.43166667</y>
      <w>0.44868034</w>
      <t>2834</t>
    </point>
    <point>
      <x>0.525</x>
      <y>0.43333334</y>
      <w>0.44868034</w>
      <t>2834</t>
    </point>
    <point>
      <x>0.52666664</x>
      <y>0.435</y>
      <w>0.51808405</w>
      <t>2867</t>
    </point>
    <point>
      <x>0.52666664</x>
      <y>0.43666667</y>
      <w>0.51808405</w>
      <t>2867</t>
    </point>
    <point>
      <x>0.5283333</x>
      <y>0.43666667</y>
      <w>0.51808405</w>
      <t>2867</t>
    </point>
    <point>
      <x>0.5283333</x>
      <y>0.43833333</y>
      <w>0.51808405</w>
      <t>2867</t>
    </point>
    <point>
      <x>0.53</x>
      <y>0.44</y>
      <w>0.57575756</w>
      <t>2901</t>
    </point>
    <point>
      <x>0.53</x>
      <y>0.44166666</y>
      <w>0.57575756</w>
      <t>2901</t>
    </point>
    <point>
      <x>0.5316667</x>
      <y>0.44333333</y>
      <w>0.57575756</w>
      <t>2901</t>
    </point>
    <point>
      <x>0.53333336</x>
      <y>0.445</y>
      <w>0.57575756</w>
      <t>2901</t>
    </point>
    <point>
      <x>0.53333336</x>
      <y>0.44666666</y>
      <w>0.61290324</w>
      <t>2934</t>
    </point>
    <point>
      <x>0.535</x>
      <y>0.44666666</y>
      <w>0.61290324</w>
      <t>2934</t>
    </point>
    <point>
      <x>0.535</x>
      <y>0.44833332</y>
      <w>0.61290324</w>
      <t>2934</t>
    </point>
    <point>
      <x>0.535</x>
      <y>0.45</y>
      <w>0.61290324</w>
      <t>2934</t>
    </point>
    <point>
      <x>0.535</x>
      <y>0.45166665</y>
      <w>0.61290324</w>
      <t>2934</t>
    </point>
    <point>
      <x>0.5366667</x>
      <y>0.45333335</y>
      <w>0.6412512</w>
      <t>2967</t>
    </point>
    <point>
      <x>0.5366667</x>
      <y>0.455</y>
      <w>0.6412512</w>
      <t>2967</t>
    </point>
    <point>
      <x>0.5366667</x>
      <y>0.45833334</y>
      <w>0.6412512</w>
      <t>2967</t>
    </point>
    <point>
      <x>0.5366667</x>
      <y>0.46</y>
      <w>0.6412512</w>
      <t>2967</t>
    </point>
    <point>
      <x>0.53833336</x>
      <y>0.46166667</y>
      <w>0.6627566</w>
      <t>3001</t>
    </point>
    <point>
      <x>0.53833336</x>
      <y>0.46333334</y>
      <w>0.6627566</w>
      <t>3001</t>
    </point>
    <point>
      <x>0.53833336</x>
      <y>0.46666667</y>
      <w>0.6627566</w>
      <t>3001</t>
    </point>
    <point>
      <x>0.54</x>
      <y>0.46833333</y>
      <w>0.6627566</w>
      <t>3001</t>
    </point>
    <point>
      <x>0.54</x>
      <y>0.47</y>
      <w>0.6627566</w>
      <t>3001</t>
    </point>
    <point>
      <x>0.54</x>
      <y>0.47333333</y>
      <w>0.67155427</w>
      <t>3034</t>
    </point>
    <point>
      <x>0.54</x>
      <y>0.47666666</y>
      <w>0.67155427</w>
      <t>3034</t>
    </point>
    <point>
      <x>0.54</x>
      <y>0.48</y>
      <w>0.67155427</w>
      <t>3034</t>
    </point>
    <point>
      <x>0.5416667</x>
      <y>0.48166665</y>
      <w>0.67155427</w>
      <t>3034</t>
    </point>
    <point>
      <x>0.5416667</x>
      <y>0.485</y>
      <w>0.6793744</w>
      <t>3067</t>
    </point>
    <point>
      <x>0.54333335</x>
      <y>0.48833334</y>
      <w>0.6793744</w>
      <t>3067</t>
    </point>
    <point>
      <x>0.54333335</x>
      <y>0.49166667</y>
      <w>0.6793744</w>
      <t>3067</t>
    </point>
    <point>
      <x>0.54333335</x>
      <y>0.495</y>
      <w>0.6793744</w>
      <t>3067</t>
    </point>
    <point>
      <x>0.54333335</x>
      <y>0.49833333</y>
      <w>0.68230695</w>
      <t>3101</t>
    </point>
    <point>
      <x>0.54333335</x>
      <y>0.50166667</y>
      <w>0.68230695</w>
      <t>3101</t>
    </point>
    <point>
      <x>0.54333335</x>
      <y>0.505</y>
      <w>0.68230695</w>
      <t>3101</t>
    </point>
    <point>
      <x>0.54333335</x>
      <y>0.5083333</y>
      <w>0.68230695</w>
      <t>3101</t>
    </point>
    <point>
      <x>0.54333335</x>
      <y>0.51166666</y>
      <w>0.68230695</w>
      <t>3101</t>
    </point>
    <point>
      <x>0.54333335</x>
      <y>0.515</y>
      <w>0.684262</w>
      <t>3134</t>
    </point>
    <point>
      <x>0.54333335</x>
      <y>0.52</y>
      <w>0.684262</w>
      <t>3134</t>
    </point>
    <point>
      <x>0.545</x>
      <y>0.5233333</y>
      <w>0.684262</w>
      <t>3134</t>
    </point>
    <point>
      <x>0.545</x>
      <y>0.5283333</y>
      <w>0.684262</w>
      <t>3134</t>
    </point>
    <point>
      <x>0.545</x>
      <y>0.5316667</y>
      <w>0.684262</w>
      <t>3167</t>
    </point>
    <point>
      <x>0.545</x>
      <y>0.535</y>
      <w>0.684262</w>
      <t>3167</t>
    </point>
    <point>
      <x>0.545</x>
      <y>0.53833336</y>
      <w>0.684262</w>
      <t>3167</t>
    </point>
    <point>
      <x>0.545</x>
      <y>0.54333335</y>
      <w>0.684262</w>
      <t>3167</t>
    </point>
    <point>
      <x>0.545</x>
      <y>0.5466667</y>
      <w>0.684262</w>
      <t>3167</t>
    </point>
    <point>
      <x>0.545</x>
      <y>0.55</y>
      <w>0.6852395</w>
      <t>3201</t>
    </point>
    <point>
      <x>0.545</x>
      <y>0.55333334</y>
      <w>0.6852395</w>
      <t>3201</t>
    </point>
    <point>
      <x>0.545</x>
      <y>0.55833334</y>
      <w>0.6852395</w>
      <t>3201</t>
    </point>
    <point>
      <x>0.545</x>
      <y>0.56166667</y>
      <w>0.6852395</w>
      <t>3201</t>
    </point>
    <point>
      <x>0.5466667</x>
      <y>0.565</y>
      <w>0.6852395</w>
      <t>3234</t>
    </point>
    <point>
      <x>0.5466667</x>
      <y>0.5683333</y>
      <w>0.6852395</w>
      <t>3234</t>
    </point>
    <point>
      <x>0.5466667</x>
      <y>0.57166666</y>
      <w>0.6852395</w>
      <t>3234</t>
    </point>
    <point>
      <x>0.5466667</x>
      <y>0.57666665</y>
      <w>0.6852395</w>
      <t>3234</t>
    </point>
    <point>
      <x>0.5466667</x>
      <y>0.58</y>
      <w>0.6852395</w>
      <t>3234</t>
    </point>
    <point>
      <x>0.54833335</x>
      <y>0.585</y>
      <w>0.6852395</w>
      <t>3267</t>
    </point>
    <point>
      <x>0.54833335</x>
      <y>0.5883333</y>
      <w>0.6852395</w>
      <t>3267</t>
    </point>
    <point>
      <x>0.54833335</x>
      <y>0.5933333</y>
      <w>0.6852395</w>
      <t>3267</t>
    </point>
    <point>
      <x>0.54833335</x>
      <y>0.5966667</y>
      <w>0.6852395</w>
      <t>3267</t>
    </point>
    <point>
      <x>0.54833335</x>
      <y>0.6</y>
      <w>0.6813294</w>
      <t>3301</t>
    </point>
    <point>
      <x>0.54833335</x>
      <y>0.605</y>
      <w>0.6813294</w>
      <t>3301</t>
    </point>
    <point>
      <x>0.54833335</x>
      <y>0.60833335</y>
      <w>0.6813294</w>
      <t>3301</t>
    </point>
    <point>
      <x>0.54833335</x>
      <y>0.61333334</y>
      <w>0.6813294</w>
      <t>3301</t>
    </point>
    <point>
      <x>0.54833335</x>
      <y>0.61833334</y>
      <w>0.6813294</w>
      <t>3301</t>
    </point>
    <point>
      <x>0.54833335</x>
      <y>0.62333333</y>
      <w>0.67741936</w>
      <t>3334</t>
    </point>
    <point>
      <x>0.54833335</x>
      <y>0.62833333</y>
      <w>0.67741936</w>
      <t>3334</t>
    </point>
    <point>
      <x>0.54833335</x>
      <y>0.6333333</y>
      <w>0.67741936</w>
      <t>3334</t>
    </point>
    <point>
      <x>0.54833335</x>
      <y>0.63666666</y>
      <w>0.67741936</w>
      <t>3334</t>
    </point>
    <point>
      <x>0.54833335</x>
      <y>0.64166665</y>
      <w>0.6676442</w>
      <t>3367</t>
    </point>
    <point>
      <x>0.54833335</x>
      <y>0.645</y>
      <w>0.6676442</w>
      <t>3367</t>
    </point>
    <point>
      <x>0.54833335</x>
      <y>0.65</y>
      <w>0.6676442</w>
      <t>3367</t>
    </point>
    <point>
      <x>0.54833335</x>
      <y>0.6533333</y>
      <w>0.6676442</w>
      <t>3367</t>
    </point>
    <point>
      <x>0.54833335</x>
      <y>0.65833336</y>
      <w>0.65884656</w>
      <t>3401</t>
    </point>
    <point>
      <x>0.55</x>
      <y>0.66333336</y>
      <w>0.65884656</w>
      <t>3401</t>
    </point>
    <point>
      <x>0.55</x>
      <y>0.66833335</y>
      <w>0.65884656</w>
      <t>3401</t>
    </point>
    <point>
      <x>0.55</x>
      <y>0.67333335</y>
      <w>0.65884656</w>
      <t>3401</t>
    </point>
    <point>
      <x>0.55</x>
      <y>0.67833334</y>
      <w>0.65884656</w>
      <t>3401</t>
    </point>
    <point>
      <x>0.55</x>
      <y>0.68333334</y>
      <w>0.6480938</w>
      <t>3434</t>
    </point>
    <point>
      <x>0.55</x>
      <y>0.68666667</y>
      <w>0.6480938</w>
      <t>3434</t>
    </point>
    <point>
      <x>0.55</x>
      <y>0.69166666</y>
      <w>0.6480938</w>
      <t>3434</t>
    </point>
    <point>
      <x>0.55</x>
      <y>0.69666666</y>
      <w>0.6480938</w>
      <t>3434</t>
    </point>
    <point>
      <x>0.55</x>
      <y>0.7</y>
      <w>0.627566</w>
      <t>3467</t>
    </point>
    <point>
      <x>0.55</x>
      <y>0.705</y>
      <w>0.627566</w>
      <t>3467</t>
    </point>
    <point>
      <x>0.55</x>
      <y>0.7083333</y>
      <w>0.627566</w>
      <t>3467</t>
    </point>
    <point>
      <x>0.5516667</x>
      <y>0.7133333</y>
      <w>0.627566</w>
      <t>3467</t>
    </point>
    <point>
      <x>0.5516667</x>
      <y>0.71666664</y>
      <w>0.627566</w>
      <t>3467</t>
    </point>
    <point>
      <x>0.5516667</x>
      <y>0.72</y>
      <w>0.597263</w>
      <t>3501</t>
    </point>
    <point>
      <x>0.5516667</x>
      <y>0.725</y>
      <w>0.597263</w>
      <t>3501</t>
    </point>
    <point>
      <x>0.5516667</x>
      <y>0.72833335</y>
      <w>0.597263</w>
      <t>3501</t>
    </point>
    <point>
      <x>0.5516667</x>
      <y>0.73333335</y>
      <w>0.597263</w>
      <t>3501</t>
    </point>
    <point>
      <x>0.5516667</x>
      <y>0.7366667</y>
      <w>0.56989247</w>
      <t>3534</t>
    </point>
    <point>
      <x>0.5516667</x>
      <y>0.7416667</y>
      <w>0.56989247</w>
      <t>3534</t>
    </point>
    <point>
      <x>0.5516667</x>
      <y>0.745</y>
      <w>0.56989247</w>
      <t>3534</t>
    </point>
    <point>
      <x>0.5516667</x>
      <y>0.75</y>
      <w>0.56989247</w>
      <t>3534</t>
    </point>
    <point>
      <x>0.5516667</x>
      <y>0.755</y>
      <w>0.56989247</w>
      <t>3534</t>
    </point>
    <point>
      <x>0.5516667</x>
      <y>0.76</y>
      <w>0.54447705</w>
      <t>3567</t>
    </point>
    <point>
      <x>0.5516667</x>
      <y>0.765</y>
      <w>0.54447705</w>
      <t>3567</t>
    </point>
    <point>
      <x>0.5516667</x>
      <y>0.77</y>
      <w>0.54447705</w>
      <t>3567</t>
    </point>
    <point>
      <x>0.5516667</x>
      <y>0.775</y>
      <w>0.54447705</w>
      <t>3567</t>
    </point>
    <point>
      <x>0.5516667</x>
      <y>0.7816667</y>
      <w>0.50537634</w>
      <t>3600</t>
    </point>
    <point>
      <x>0.5516667</x>
      <y>0.7866667</y>
      <w>0.50537634</w>
      <t>3600</t>
    </point>
    <point>
      <x>0.5516667</x>
      <y>0.79333335</y>
      <w>0.50537634</w>
      <t>3600</t>
    </point>
    <point>
      <x>0.5516667</x>
      <y>0.79833335</y>
      <w>0.50537634</w>
      <t>3600</t>
    </point>
    <point>
      <x>0.5516667</x>
      <y>0.80333334</y>
      <w>0.4907136</w>
      <t>3634</t>
    </point>
    <point>
      <x>0.5516667</x>
      <y>0.81</y>
      <w>0.4907136</w>
      <t>3634</t>
    </point>
    <point>
      <x>0.5516667</x>
      <y>0.81666666</y>
      <w>0.4907136</w>
      <t>3634</t>
    </point>
    <point>
      <x>0.5516667</x>
      <y>0.8233333</y>
      <w>0.4907136</w>
      <t>3634</t>
    </point>
    <point>
      <x>0.5516667</x>
      <y>0.83</y>
      <w>0.4907136</w>
      <t>3634</t>
    </point>
    <point>
      <x>0.55</x>
      <y>0.835</y>
      <w>0.45356795</w>
      <t>3667</t>
    </point>
    <point>
      <x>0.55</x>
      <y>0.84166664</y>
      <w>0.45356795</w>
      <t>3667</t>
    </point>
    <point>
      <x>0.55</x>
      <y>0.8466667</y>
      <w>0.45356795</w>
      <t>3667</t>
    </point>
    <point>
      <x>0.54833335</x>
      <y>0.85333335</y>
      <w>0.45356795</w>
      <t>3667</t>
    </point>
    <point>
      <x>0.54833335</x>
      <y>0.85833335</y>
      <w>0.29423264</w>
      <t>3700</t>
    </point>
    <point>
      <x>0.54833335</x>
      <y>0.86333334</y>
      <w>0.29423264</w>
      <t>3700</t>
    </point>
    <point>
      <x>0.54833335</x>
      <y>0.87</y>
      <w>0.29423264</w>
      <t>3700</t>
    </point>
    <point>
      <x>0.54833335</x>
      <y>0.875</y>
      <w>0.29423264</w>
      <t>3700</t>
    </point>
    <point>
      <x>0.54833335</x>
      <y>0.87833333</y>
      <w>0.29423264</w>
      <t>3700</t>
    </point>
    <point>
      <x>0.5466667</x>
      <y>0.8833333</y>
      <w>0.109481916</w>
      <t>3734</t>
    </point>
    <point>
      <x>0.5466667</x>
      <y>0.885</y>
      <w>0.109481916</w>
      <t>3734</t>
    </point>
    <point>
      <x>0.5466667</x>
      <y>0.8883333</y>
      <w>0.109481916</w>
      <t>3734</t>
    </point>
    <point>
      <x>0.5466667</x>
      <y>0.89166665</y>
      <w>0.109481916</w>
      <t>3734</t>
    </point>
    <point>
      <x>0.5466667</x>
      <y>0.8933333</y>
      <w>0.0</w>
      <t>3767</t>
    </point>
  </stroke>
</character>
