<?xml version="1.0" encoding="UTF-8"?>
<character>
  <stroke time="0">
    <point>
      <x>0.43833333</x>
      <y>0.14833333</y>
      <w>0.37829912</w>
      <t>70</t>
    </point>
    <point>
      <x>0.44</x>
      <y>0.15</y>
      <w>0.44477028</w>
      <t>101</t>
    </point>
    <point>
      <x>0.44</x>
      <y>0.15166667</y>
      <w>0.44477028</w>
      <t>101</t>
    </point>
    <point>
      <x>0.44166666</x>
      <y>0.15333334</y>
      <w>0.44477028</w>
      <t>101</t>
    </point>
    <point>
      <x>0.44333333</x>
      <y>0.155</y>
      <w>0.44477028</w>
      <t>102</t>
    </point>
    <point>
      <x>0.445</x>
      <y>0.15833333</y>
      <w>0.51124144</w>
      <t>133</t>
    </point>
    <point>
      <x>0.44666666</x>
      <y>0.16</y>
      <w>0.51124144</w>
      <t>133</t>
    </point>
    <point>
      <x>0.44833332</x>
      <y>0.16166666</y>
      <w>0.51124144</w>
      <t>133</t>
    </point>
    <point>
      <x>0.45</x>
      <y>0.16333333</y>
      <w>0.51124144</w>
      <t>133</t>
    </point>
    <point>
      <x>0.45166665</x>
      <y>0.165</y>
      <w>0.5483871</w>
      <t>167</t>
    </point>
    <point>
      <x>0.45333335</x>
      <y>0.16666667</y>
      <w>0.5659824</w>
      <t>167</t>
    </point>
    <point>
      <x>0.45666668</x>
      <y>0.16833334</y>
      <w>0.5659824</w>
      <t>167</t>
    </point>
    <point>
      <x>0.45833334</x>
      <y>0.17</y>
      <w>0.5659824</w>
      <t>168</t>
    </point>
    <point>
      <x>0.46166667</x>
      <y>0.17166667</y>
      <w>0.5659824</w>
      <t>168</t>
    </point>
    <point>
      <x>0.465</x>
      <y>0.17166667</y>
      <w>0.58064514</w>
      <t>200</t>
    </point>
    <point>
      <x>0.46833333</x>
      <y>0.17333333</y>
      <w>0.58064514</w>
      <t>200</t>
    </point>
    <point>
      <x>0.47166666</x>
      <y>0.175</y>
      <w>0.58064514</w>
      <t>200</t>
    </point>
    <point>
      <x>0.47333333</x>
      <y>0.175</y>
      <w>0.58064514</w>
      <t>200</t>
    </point>
    <point>
      <x>0.47833332</x>
      <y>0.17666666</y>
      <w>0.59335285</w>
      <t>234</t>
    </point>
    <point>
      <x>0.48166665</x>
      <y>0.17666666</y>
      <w>0.59335285</w>
      <t>234</t>
    </point>
    <point>
      <x>0.485</x>
      <y>0.17666666</y>
      <w>0.59335285</w>
      <t>236</t>
    </point>
    <point>
      <x>0.49</x>
      <y>0.17833333</y>
      <w>0.59335285</w>
      <t>236</t>
    </point>
    <point>
      <x>0.495</x>
      <y>0.17833333</y>
      <w>0.59335285</w>
      <t>236</t>
    </point>
    <point>
      <x>0.5</x>
      <y>0.17833333</y>
      <w>0.6001955</w>
      <t>267</t>
    </point>
    <point>
      <x>0.505</x>
      <y>0.17833333</y>
      <w>0.6001955</w>
      <t>267</t>
    </point>
    <point>
      <x>0.51166666</x>
      <y>0.17833333</y>
      <w>0.6001955</w>
      <t>267</t>
    </point>
    <point>
      <x>0.52</x>
      <y>0.17833333</y>
      <w>0.6001955</w>
      <t>267</t>
    </point>
    <point>
      <x>0.52666664</x>
      <y>0.17833333</y>
      <w>0.60703814</w>
      <t>300</t>
    </point>
    <point>
      <x>0.535</x>
      <y>0.17833333</y>
      <w>0.60703814</w>
      <t>300</t>
    </point>
    <point>
      <x>0.5416667</x>
      <y>0.17833333</y>
      <w>0.60703814</w>
      <t>300</t>
    </point>
    <point>
      <x>0.54833335</x>
      <y>0.17833333</y>
      <w>0.60703814</w>
      <t>300</t>
    </point>
    <point>
      <x>0.55333334</x>
      <y>0.17833333</y>
      <w>0.60703814</w>
      <t>333</t>
    </point>
    <point>
      <x>0.5566667</x>
      <y>0.17833333</y>
      <w>0.60703814</w>
      <t>334</t>
    </point>
    <point>
      <x>0.55833334</x>
      <y>0.17833333</y>
      <w>0.60703814</w>
      <t>335</t>
    </point>
    <point>
      <x>0.56</x>
      <y>0.17833333</y>
      <w>0.60703814</w>
      <t>335</t>
    </point>
    <point>
      <x>0.56166667</x>
      <y>0.17833333</y>
      <w>0.60801566</w>
      <t>368</t>
    </point>
    <point>
      <x>0.56166667</x>
      <y>0.18</y>
      <w>0.61485827</w>
      <t>401</t>
    </point>
    <point>
      <x>0.56333333</x>
      <y>0.18166667</y>
      <w>0.6168133</w>
      <t>434</t>
    </point>
    <point>
      <x>0.56333333</x>
      <y>0.18333334</y>
      <w>0.6168133</w>
      <t>434</t>
    </point>
    <point>
      <x>0.565</x>
      <y>0.185</y>
      <w>0.6168133</w>
      <t>434</t>
    </point>
    <point>
      <x>0.56666666</x>
      <y>0.18666667</y>
      <w>0.6168133</w>
      <t>434</t>
    </point>
    <point>
      <x>0.56666666</x>
      <y>0.18833333</y>
      <w>0.6168133</w>
      <t>434</t>
    </point>
    <point>
      <x>0.56666666</x>
      <y>0.19</y>
      <w>0.62463343</w>
      <t>467</t>
    </point>
    <point>
      <x>0.56666666</x>
      <y>0.19333333</y>
      <w>0.62463343</w>
      <t>467</t>
    </point>
    <point>
      <x>0.5683333</x>
      <y>0.195</y>
      <w>0.62463343</w>
      <t>467</t>
    </point>
    <point>
      <x>0.5683333</x>
      <y>0.19833334</y>
      <w>0.62463343</w>
      <t>467</t>
    </point>
    <point>
      <x>0.5683333</x>
      <y>0.20166667</y>
      <w>0.62463343</w>
      <t>467</t>
    </point>
    <point>
      <x>0.5683333</x>
      <y>0.205</y>
      <w>0.62658846</w>
      <t>500</t>
    </point>
    <point>
      <x>0.5683333</x>
      <y>0.21</y>
      <w>0.62658846</w>
      <t>500</t>
    </point>
    <point>
      <x>0.5683333</x>
      <y>0.215</y>
      <w>0.62658846</w>
      <t>500</t>
    </point>
    <point>
      <x>0.56666666</x>
      <y>0.21833333</y>
      <w>0.62658846</w>
      <t>501</t>
    </point>
    <point>
      <x>0.56666666</x>
      <y>0.22333333</y>
      <w>0.63245356</w>
      <t>534</t>
    </point>
    <point>
      <x>0.565</x>
      <y>0.22666667</y>
      <w>0.63245356</w>
      <t>534</t>
    </point>
    <point>
      <x>0.56333333</x>
      <y>0.23166667</y>
      <w>0.63245356</w>
      <t>534</t>
    </point>
    <point>
      <x>0.56333333</x>
      <y>0.235</y>
      <w>0.63245356</w>
      <t>535</t>
    </point>
    <point>
      <x>0.56166667</x>
      <y>0.23833333</y>
      <w>0.6353861</w>
      <t>567</t>
    </point>
    <point>
      <x>0.56</x>
      <y>0.24166666</y>
      <w>0.6353861</w>
      <t>567</t>
    </point>
    <point>
      <x>0.55833334</x>
      <y>0.245</y>
      <w>0.6353861</w>
      <t>567</t>
    </point>
    <point>
      <x>0.55833334</x>
      <y>0.24833333</y>
      <w>0.6353861</w>
      <t>567</t>
    </point>
    <point>
      <x>0.5566667</x>
      <y>0.25333333</y>
      <w>0.6353861</w>
      <t>568</t>
    </point>
    <point>
      <x>0.555</x>
      <y>0.25666666</y>
      <w>0.6353861</w>
      <t>601</t>
    </point>
    <point>
      <x>0.55333334</x>
      <y>0.26</y>
      <w>0.6353861</w>
      <t>601</t>
    </point>
    <point>
      <x>0.55333334</x>
      <y>0.265</y>
      <w>0.6353861</w>
      <t>601</t>
    </point>
    <point>
      <x>0.5516667</x>
      <y>0.26833335</y>
      <w>0.6353861</w>
      <t>601</t>
    </point>
    <point>
      <x>0.55</x>
      <y>0.27333334</y>
      <w>0.6353861</w>
      <t>633</t>
    </point>
    <point>
      <x>0.54833335</x>
      <y>0.27833334</y>
      <w>0.6353861</w>
      <t>633</t>
    </point>
    <point>
      <x>0.54833335</x>
      <y>0.28166667</y>
      <w>0.6353861</w>
      <t>633</t>
    </point>
    <point>
      <x>0.5466667</x>
      <y>0.285</y>
      <w>0.6353861</w>
      <t>634</t>
    </point>
    <point>
      <x>0.5466667</x>
      <y>0.28833333</y>
      <w>0.6353861</w>
      <t>634</t>
    </point>
    <point>
      <x>0.5466667</x>
      <y>0.29166666</y>
      <w>0.63245356</w>
      <t>667</t>
    </point>
    <point>
      <x>0.5466667</x>
      <y>0.295</y>
      <w>0.63245356</w>
      <t>667</t>
    </point>
    <point>
      <x>0.5466667</x>
      <y>0.29833335</y>
      <w>0.63245356</w>
      <t>667</t>
    </point>
    <point>
      <x>0.5466667</x>
      <y>0.3</y>
      <w>0.63245356</w>
      <t>667</t>
    </point>
    <point>
      <x>0.5466667</x>
      <y>0.30333334</y>
      <w>0.60801566</w>
      <t>700</t>
    </point>
    <point>
      <x>0.5466667</x>
      <y>0.30666667</y>
      <w>0.60801566</w>
      <t>700</t>
    </point>
    <point>
      <x>0.5466667</x>
      <y>0.30833334</y>
      <w>0.60801566</w>
      <t>700</t>
    </point>
    <point>
      <x>0.5466667</x>
      <y>0.31</y>
      <w>0.60801566</w>
      <t>700</t>
    </point>
    <point>
      <x>0.5466667</x>
      <y>0.31333333</y>
      <w>0.58651024</w>
      <t>733</t>
    </point>
    <point>
      <x>0.5466667</x>
      <y>0.315</y>
      <w>0.58651024</w>
      <t>733</t>
    </point>
    <point>
      <x>0.54833335</x>
      <y>0.31833333</y>
      <w>0.58651024</w>
      <t>734</t>
    </point>
    <point>
      <x>0.54833335</x>
      <y>0.32</y>
      <w>0.58651024</w>
      <t>734</t>
    </point>
    <point>
      <x>0.55</x>
      <y>0.32333332</y>
      <w>0.58651024</w>
      <t>734</t>
    </point>
    <point>
      <x>0.55</x>
      <y>0.32666665</y>
      <w>0.56402737</w>
      <t>767</t>
    </point>
    <point>
      <x>0.55</x>
      <y>0.33</y>
      <w>0.56402737</w>
      <t>767</t>
    </point>
    <point>
      <x>0.5516667</x>
      <y>0.33333334</y>
      <w>0.56402737</w>
      <t>769</t>
    </point>
    <point>
      <x>0.55333334</x>
      <y>0.33833334</y>
      <w>0.56402737</w>
      <t>769</t>
    </point>
    <point>
      <x>0.55333334</x>
      <y>0.34166667</y>
      <w>0.56402737</w>
      <t>769</t>
    </point>
    <point>
      <x>0.555</x>
      <y>0.34666666</y>
      <w>0.53372437</w>
      <t>801</t>
    </point>
    <point>
      <x>0.5566667</x>
      <y>0.35</y>
      <w>0.53372437</w>
      <t>801</t>
    </point>
    <point>
      <x>0.5566667</x>
      <y>0.355</y>
      <w>0.53372437</w>
      <t>801</t>
    </point>
    <point>
      <x>0.55833334</x>
      <y>0.36</y>
      <w>0.53372437</w>
      <t>801</t>
    </point>
    <point>
      <x>0.56</x>
      <y>0.365</y>
      <w>0.5259042</w>
      <t>834</t>
    </point>
    <point>
      <x>0.56</x>
      <y>0.36833334</y>
      <w>0.5259042</w>
      <t>834</t>
    </point>
    <point>
      <x>0.56</x>
      <y>0.37333333</y>
      <w>0.5259042</w>
      <t>834</t>
    </point>
    <point>
      <x>0.56166667</x>
      <y>0.37833333</y>
      <w>0.5259042</w>
      <t>834</t>
    </point>
    <point>
      <x>0.56166667</x>
      <y>0.38333333</y>
      <w>0.5034213</w>
      <t>867</t>
    </point>
    <point>
      <x>0.56166667</x>
      <y>0.38833332</y>
      <w>0.5034213</w>
      <t>867</t>
    </point>
    <point>
      <x>0.56166667</x>
      <y>0.39166668</y>
      <w>0.5034213</w>
      <t>867</t>
    </point>
    <point>
      <x>0.56166667</x>
      <y>0.39666668</y>
      <w>0.5034213</w>
      <t>867</t>
    </point>
    <point>
      <x>0.56166667</x>
      <y>0.40166667</y>
      <w>0.5034213</w>
      <t>867</t>
    </point>
    <point>
      <x>0.56</x>
      <y>0.40666667</y>
      <w>0.47702834</w>
      <t>900</t>
    </point>
    <point>
      <x>0.55833334</x>
      <y>0.41333333</y>
      <w>0.47702834</w>
      <t>900</t>
    </point>
    <point>
      <x>0.5566667</x>
      <y>0.41833332</y>
      <w>0.47702834</w>
      <t>900</t>
    </point>
    <point>
      <x>0.555</x>
      <y>0.42333335</y>
      <w>0.47702834</w>
      <t>900</t>
    </point>
    <point>
      <x>0.55333334</x>
      <y>0.42833334</y>
      <w>0.47605082</w>
      <t>934</t>
    </point>
    <point>
      <x>0.5516667</x>
      <y>0.43333334</y>
      <w>0.47605082</w>
      <t>934</t>
    </point>
    <point>
      <x>0.54833335</x>
      <y>0.43833333</y>
      <w>0.47605082</w>
      <t>934</t>
    </point>
    <point>
      <x>0.5466667</x>
      <y>0.44333333</y>
      <w>0.47605082</w>
      <t>934</t>
    </point>
    <point>
      <x>0.54333335</x>
      <y>0.44833332</y>
      <w>0.47605082</w>
      <t>934</t>
    </point>
    <point>
      <x>0.54</x>
      <y>0.45333335</y>
      <w>0.4623656</w>
      <t>967</t>
    </point>
    <point>
      <x>0.5366667</x>
      <y>0.45833334</y>
      <w>0.4623656</w>
      <t>967</t>
    </point>
    <point>
      <x>0.53333336</x>
      <y>0.46333334</y>
      <w>0.4623656</w>
      <t>967</t>
    </point>
    <point>
      <x>0.53</x>
      <y>0.46833333</y>
      <w>0.4623656</w>
      <t>967</t>
    </point>
    <point>
      <x>0.525</x>
      <y>0.47333333</y>
      <w>0.44477028</w>
      <t>1000</t>
    </point>
    <point>
      <x>0.52</x>
      <y>0.47833332</y>
      <w>0.44477028</w>
      <t>1000</t>
    </point>
    <point>
      <x>0.515</x>
      <y>0.48333332</y>
      <w>0.44477028</w>
      <t>1000</t>
    </point>
    <point>
      <x>0.51</x>
      <y>0.48833334</y>
      <w>0.44477028</w>
      <t>1000</t>
    </point>
    <point>
      <x>0.505</x>
      <y>0.49333334</y>
      <w>0.43304008</w>
      <t>1041</t>
    </point>
    <point>
      <x>0.49833333</x>
      <y>0.49833333</y>
      <w>0.43304008</w>
      <t>1041</t>
    </point>
    <point>
      <x>0.49333334</x>
      <y>0.50166667</y>
      <w>0.43304008</w>
      <t>1041</t>
    </point>
    <point>
      <x>0.48833334</x>
      <y>0.50666666</y>
      <w>0.43304008</w>
      <t>1041</t>
    </point>
    <point>
      <x>0.48333332</x>
      <y>0.51166666</y>
      <w>0.43304008</w>
      <t>1041</t>
    </point>
    <point>
      <x>0.47666666</x>
      <y>0.515</y>
      <w>0.43304008</w>
      <t>1041</t>
    </point>
    <point>
      <x>0.47166666</x>
      <y>0.52</y>
      <w>0.41935483</w>
      <t>1068</t>
    </point>
    <point>
      <x>0.465</x>
      <y>0.5233333</y>
      <w>0.41935483</w>
      <t>1068</t>
    </point>
    <point>
      <x>0.45833334</x>
      <y>0.5283333</y>
      <w>0.41935483</w>
      <t>1068</t>
    </point>
    <point>
      <x>0.45333335</x>
      <y>0.5316667</y>
      <w>0.41935483</w>
      <t>1068</t>
    </point>
    <point>
      <x>0.44666666</x>
      <y>0.535</y>
      <w>0.41642228</w>
      <t>1100</t>
    </point>
    <point>
      <x>0.44</x>
      <y>0.5366667</y>
      <w>0.41642228</w>
      <t>1100</t>
    </point>
    <point>
      <x>0.435</x>
      <y>0.54</y>
      <w>0.41642228</w>
      <t>1100</t>
    </point>
    <point>
      <x>0.42833334</x>
      <y>0.5416667</y>
      <w>0.41642228</w>
      <t>1100</t>
    </point>
    <point>
      <x>0.42</x>
      <y>0.54333335</y>
      <w>0.40957966</w>
      <t>1134</t>
    </point>
    <point>
      <x>0.41333333</x>
      <y>0.54333335</y>
      <w>0.40957966</w>
      <t>1134</t>
    </point>
    <point>
      <x>0.40666667</x>
      <y>0.545</y>
      <w>0.40957966</w>
      <t>1134</t>
    </point>
    <point>
      <x>0.4</x>
      <y>0.545</y>
      <w>0.40957966</w>
      <t>1134</t>
    </point>
    <point>
      <x>0.39166668</x>
      <y>0.545</y>
      <w>0.3939394</w>
      <t>1166</t>
    </point>
    <point>
      <x>0.385</x>
      <y>0.545</y>
      <w>0.3939394</w>
      <t>1166</t>
    </point>
    <point>
      <x>0.37833333</x>
      <y>0.545</y>
      <w>0.3939394</w>
      <t>1166</t>
    </point>
    <point>
      <x>0.37166667</x>
      <y>0.54333335</y>
      <w>0.3939394</w>
      <t>1166</t>
    </point>
    <point>
      <x>0.365</x>
      <y>0.54333335</y>
      <w>0.3939394</w>
      <t>1166</t>
    </point>
    <point>
      <x>0.36</x>
      <y>0.5416667</y>
      <w>0.3929619</w>
      <t>1200</t>
    </point>
    <point>
      <x>0.355</x>
      <y>0.54</y>
      <w>0.3929619</w>
      <t>1200</t>
    </point>
    <point>
      <x>0.35166666</x>
      <y>0.54</y>
      <w>0.3929619</w>
      <t>1200</t>
    </point>
    <point>
      <x>0.34833333</x>
      <y>0.5366667</y>
      <w>0.3929619</w>
      <t>1200</t>
    </point>
    <point>
      <x>0.345</x>
      <y>0.535</y>
      <w>0.39198437</w>
      <t>1234</t>
    </point>
    <point>
      <x>0.34166667</x>
      <y>0.5316667</y>
      <w>0.39198437</w>
      <t>1234</t>
    </point>
    <point>
      <x>0.34</x>
      <y>0.5283333</y>
      <w>0.39198437</w>
      <t>1234</t>
    </point>
    <point>
      <x>0.33833334</x>
      <y>0.5233333</y>
      <w>0.39198437</w>
      <t>1234</t>
    </point>
    <point>
      <x>0.33666667</x>
      <y>0.5183333</y>
      <w>0.39198437</w>
      <t>1234</t>
    </point>
    <point>
      <x>0.33666667</x>
      <y>0.5133333</y>
      <w>0.38220918</w>
      <t>1267</t>
    </point>
    <point>
      <x>0.33666667</x>
      <y>0.51</y>
      <w>0.38220918</w>
      <t>1267</t>
    </point>
    <point>
      <x>0.33666667</x>
      <y>0.50666666</y>
      <w>0.38220918</w>
      <t>1267</t>
    </point>
    <point>
      <x>0.33666667</x>
      <y>0.50333333</y>
      <w>0.38220918</w>
      <t>1267</t>
    </point>
    <point>
      <x>0.33666667</x>
      <y>0.5</y>
      <w>0.3841642</w>
      <t>1300</t>
    </point>
    <point>
      <x>0.33833334</x>
      <y>0.49666667</y>
      <w>0.3841642</w>
      <t>1300</t>
    </point>
    <point>
      <x>0.34</x>
      <y>0.49333334</y>
      <w>0.3841642</w>
      <t>1300</t>
    </point>
    <point>
      <x>0.34166667</x>
      <y>0.49</y>
      <w>0.3841642</w>
      <t>1300</t>
    </point>
    <point>
      <x>0.34166667</x>
      <y>0.48666668</y>
      <w>0.3841642</w>
      <t>1300</t>
    </point>
    <point>
      <x>0.345</x>
      <y>0.48333332</y>
      <w>0.38709676</w>
      <t>1334</t>
    </point>
    <point>
      <x>0.34666666</x>
      <y>0.48</y>
      <w>0.38709676</w>
      <t>1334</t>
    </point>
    <point>
      <x>0.34833333</x>
      <y>0.47666666</y>
      <w>0.38709676</w>
      <t>1334</t>
    </point>
    <point>
      <x>0.35</x>
      <y>0.47333333</y>
      <w>0.38709676</w>
      <t>1334</t>
    </point>
    <point>
      <x>0.35333332</x>
      <y>0.47166666</y>
      <w>0.40371457</w>
      <t>1366</t>
    </point>
    <point>
      <x>0.355</x>
      <y>0.46833333</y>
      <w>0.40371457</w>
      <t>1366</t>
    </point>
    <point>
      <x>0.35833332</x>
      <y>0.465</y>
      <w>0.40371457</w>
      <t>1366</t>
    </point>
    <point>
      <x>0.36166668</x>
      <y>0.46166667</y>
      <w>0.40371457</w>
      <t>1366</t>
    </point>
    <point>
      <x>0.365</x>
      <y>0.45833334</y>
      <w>0.43695015</w>
      <t>1400</t>
    </point>
    <point>
      <x>0.36833334</x>
      <y>0.45666668</y>
      <w>0.43695015</w>
      <t>1400</t>
    </point>
    <point>
      <x>0.37166667</x>
      <y>0.45333335</y>
      <w>0.43695015</w>
      <t>1400</t>
    </point>
    <point>
      <x>0.375</x>
      <y>0.45166665</y>
      <w>0.43695015</w>
      <t>1400</t>
    </point>
    <point>
      <x>0.37833333</x>
      <y>0.45</y>
      <w>0.43695015</w>
      <t>1400</t>
    </point>
    <point>
      <x>0.38166666</x>
      <y>0.44666666</y>
      <w>0.47018573</w>
      <t>1434</t>
    </point>
    <point>
      <x>0.38333333</x>
      <y>0.445</y>
      <w>0.47018573</w>
      <t>1434</t>
    </point>
    <point>
      <x>0.38666666</x>
      <y>0.44166666</y>
      <w>0.47018573</w>
      <t>1434</t>
    </point>
    <point>
      <x>0.39</x>
      <y>0.44</y>
      <w>0.47018573</w>
      <t>1434</t>
    </point>
    <point>
      <x>0.39333335</x>
      <y>0.43833333</y>
      <w>0.48875856</w>
      <t>1467</t>
    </point>
    <point>
      <x>0.39666668</x>
      <y>0.43666667</y>
      <w>0.48875856</w>
      <t>1467</t>
    </point>
    <point>
      <x>0.4</x>
      <y>0.435</y>
      <w>0.48875856</w>
      <t>1467</t>
    </point>
    <point>
      <x>0.405</x>
      <y>0.43333334</y>
      <w>0.48875856</w>
      <t>1467</t>
    </point>
    <point>
      <x>0.40833333</x>
      <y>0.43166667</y>
      <w>0.48875856</w>
      <t>1467</t>
    </point>
    <point>
      <x>0.41</x>
      <y>0.43166667</y>
      <w>0.51906157</w>
      <t>1500</t>
    </point>
    <point>
      <x>0.41333333</x>
      <y>0.43</y>
      <w>0.51906157</w>
      <t>1500</t>
    </point>
    <point>
      <x>0.41666666</x>
      <y>0.43</y>
      <w>0.51906157</w>
      <t>1500</t>
    </point>
    <point>
      <x>0.42</x>
      <y>0.42833334</y>
      <w>0.51906157</w>
      <t>1500</t>
    </point>
    <point>
      <x>0.42166665</x>
      <y>0.42833334</y>
      <w>0.54447705</w>
      <t>1534</t>
    </point>
    <point>
      <x>0.425</x>
      <y>0.42833334</y>
      <w>0.54447705</w>
      <t>1534</t>
    </point>
    <point>
      <x>0.42833334</x>
      <y>0.42833334</y>
      <w>0.54447705</w>
      <t>1534</t>
    </point>
    <point>
      <x>0.43</x>
      <y>0.42833334</y>
      <w>0.54447705</w>
      <t>1534</t>
    </point>
    <point>
      <x>0.43333334</x>
      <y>0.42833334</y>
      <w>0.54447705</w>
      <t>1534</t>
    </point>
    <point>
      <x>0.435</x>
      <y>0.42833334</y>
      <w>0.58064514</w>
      <t>1567</t>
    </point>
    <point>
      <x>0.43666667</x>
      <y>0.42833334</y>
      <w>0.58064514</w>
      <t>1567</t>
    </point>
    <point>
      <x>0.43833333</x>
      <y>0.43</y>
      <w>0.58064514</w>
      <t>1567</t>
    </point>
    <point>
      <x>0.44</x>
      <y>0.43</y>
      <w>0.6060606</w>
      <t>1601</t>
    </point>
    <point>
      <x>0.44166666</x>
      <y>0.43166667</y>
      <w>0.6060606</w>
      <t>1601</t>
    </point>
    <point>
      <x>0.44333333</x>
      <y>0.43333334</y>
      <w>0.6060606</w>
      <t>1601</t>
    </point>
    <point>
      <x>0.445</x>
      <y>0.43333334</y>
      <w>0.6060606</w>
      <t>1601</t>
    </point>
    <point>
      <x>0.44666666</x>
      <y>0.435</y>
      <w>0.6060606</w>
      <t>1601</t>
    </point>
    <point>
      <x>0.44833332</x>
      <y>0.43666667</y>
      <w>0.6304985</w>
      <t>1634</t>
    </point>
    <point>
      <x>0.45166665</x>
      <y>0.43833333</y>
      <w>0.6304985</w>
      <t>1634</t>
    </point>
    <point>
      <x>0.45333335</x>
      <y>0.44166666</y>
      <w>0.6304985</w>
      <t>1634</t>
    </point>
    <point>
      <x>0.455</x>
      <y>0.44333333</y>
      <w>0.6304985</w>
      <t>1634</t>
    </point>
    <point>
      <x>0.45666668</x>
      <y>0.445</y>
      <w>0.64320624</w>
      <t>1667</t>
    </point>
    <point>
      <x>0.45833334</x>
      <y>0.44833332</y>
      <w>0.64320624</w>
      <t>1667</t>
    </point>
    <point>
      <x>0.46166667</x>
      <y>0.45166665</y>
      <w>0.64320624</w>
      <t>1667</t>
    </point>
    <point>
      <x>0.46166667</x>
      <y>0.45333335</y>
      <w>0.64320624</w>
      <t>1667</t>
    </point>
    <point>
      <x>0.46333334</x>
      <y>0.45666668</y>
      <w>0.64320624</w>
      <t>1667</t>
    </point>
    <point>
      <x>0.465</x>
      <y>0.46</y>
      <w>0.67741936</w>
      <t>1700</t>
    </point>
    <point>
      <x>0.46666667</x>
      <y>0.46333334</y>
      <w>0.67741936</w>
      <t>1700</t>
    </point>
    <point>
      <x>0.46833333</x>
      <y>0.46666667</y>
      <w>0.67741936</w>
      <t>1700</t>
    </point>
    <point>
      <x>0.46833333</x>
      <y>0.47</y>
      <w>0.67741936</w>
      <t>1700</t>
    </point>
    <point>
      <x>0.47</x>
      <y>0.47333333</y>
      <w>0.68817204</w>
      <t>1734</t>
    </point>
    <point>
      <x>0.47</x>
      <y>0.47666666</y>
      <w>0.68817204</w>
      <t>1734</t>
    </point>
    <point>
      <x>0.47166666</x>
      <y>0.48</y>
      <w>0.68817204</w>
      <t>1734</t>
    </point>
    <point>
      <x>0.47166666</x>
      <y>0.485</y>
      <w>0.68817204</w>
      <t>1734</t>
    </point>
    <point>
      <x>0.47166666</x>
      <y>0.48833334</y>
      <w>0.6969697</w>
      <t>1767</t>
    </point>
    <point>
      <x>0.47166666</x>
      <y>0.49166667</y>
      <w>0.6969697</w>
      <t>1767</t>
    </point>
    <point>
      <x>0.47333333</x>
      <y>0.495</y>
      <w>0.6969697</w>
      <t>1767</t>
    </point>
    <point>
      <x>0.47333333</x>
      <y>0.49833333</y>
      <w>0.6969697</w>
      <t>1767</t>
    </point>
    <point>
      <x>0.47333333</x>
      <y>0.50333333</y>
      <w>0.6969697</w>
      <t>1767</t>
    </point>
    <point>
      <x>0.47333333</x>
      <y>0.5083333</y>
      <w>0.70185727</w>
      <t>1800</t>
    </point>
    <point>
      <x>0.47333333</x>
      <y>0.5133333</y>
      <w>0.70185727</w>
      <t>1800</t>
    </point>
    <point>
      <x>0.47333333</x>
      <y>0.5183333</y>
      <w>0.70185727</w>
      <t>1800</t>
    </point>
    <point>
      <x>0.47333333</x>
      <y>0.525</y>
      <w>0.70185727</w>
      <t>1800</t>
    </point>
    <point>
      <x>0.47333333</x>
      <y>0.53</y>
      <w>0.7028348</w>
      <t>1834</t>
    </point>
    <point>
      <x>0.47333333</x>
      <y>0.5366667</y>
      <w>0.7028348</w>
      <t>1834</t>
    </point>
    <point>
      <x>0.47333333</x>
      <y>0.5416667</y>
      <w>0.7028348</w>
      <t>1834</t>
    </point>
    <point>
      <x>0.47333333</x>
      <y>0.5466667</y>
      <w>0.7028348</w>
      <t>1834</t>
    </point>
    <point>
      <x>0.47333333</x>
      <y>0.55333334</y>
      <w>0.7028348</w>
      <t>1834</t>
    </point>
    <point>
      <x>0.47333333</x>
      <y>0.56</y>
      <w>0.7028348</w>
      <t>1867</t>
    </point>
    <point>
      <x>0.47333333</x>
      <y>0.56666666</y>
      <w>0.7028348</w>
      <t>1867</t>
    </point>
    <point>
      <x>0.47333333</x>
      <y>0.5733333</y>
      <w>0.7028348</w>
      <t>1867</t>
    </point>
    <point>
      <x>0.47333333</x>
      <y>0.58</y>
      <w>0.7028348</w>
      <t>1867</t>
    </point>
    <point>
      <x>0.47166666</x>
      <y>0.5883333</y>
      <w>0.7028348</w>
      <t>1901</t>
    </point>
    <point>
      <x>0.47166666</x>
      <y>0.595</y>
      <w>0.7028348</w>
      <t>1901</t>
    </point>
    <point>
      <x>0.47</x>
      <y>0.60333335</y>
      <w>0.7028348</w>
      <t>1901</t>
    </point>
    <point>
      <x>0.46833333</x>
      <y>0.6116667</y>
      <w>0.7028348</w>
      <t>1901</t>
    </point>
    <point>
      <x>0.46666667</x>
      <y>0.61833334</y>
      <w>0.69501466</w>
      <t>1934</t>
    </point>
    <point>
      <x>0.465</x>
      <y>0.62666667</y>
      <w>0.69501466</w>
      <t>1934</t>
    </point>
    <point>
      <x>0.46333334</x>
      <y>0.635</y>
      <w>0.69501466</w>
      <t>1934</t>
    </point>
    <point>
      <x>0.46166667</x>
      <y>0.6433333</y>
      <w>0.69501466</w>
      <t>1934</t>
    </point>
    <point>
      <x>0.45833334</x>
      <y>0.65166664</y>
      <w>0.69501466</w>
      <t>1934</t>
    </point>
    <point>
      <x>0.45666668</x>
      <y>0.6616667</y>
      <w>0.66959924</w>
      <t>1967</t>
    </point>
    <point>
      <x>0.45333335</x>
      <y>0.6716667</y>
      <w>0.66959924</w>
      <t>1967</t>
    </point>
    <point>
      <x>0.45166665</x>
      <y>0.68</y>
      <w>0.66959924</w>
      <t>1967</t>
    </point>
    <point>
      <x>0.44833332</x>
      <y>0.69</y>
      <w>0.66959924</w>
      <t>1967</t>
    </point>
    <point>
      <x>0.445</x>
      <y>0.7</y>
      <w>0.66959924</w>
      <t>1967</t>
    </point>
    <point>
      <x>0.44166666</x>
      <y>0.71</y>
      <w>0.6402737</w>
      <t>2001</t>
    </point>
    <point>
      <x>0.43833333</x>
      <y>0.7183333</y>
      <w>0.6402737</w>
      <t>2001</t>
    </point>
    <point>
      <x>0.435</x>
      <y>0.7266667</y>
      <w>0.6402737</w>
      <t>2001</t>
    </point>
    <point>
      <x>0.43166667</x>
      <y>0.7366667</y>
      <w>0.6402737</w>
      <t>2001</t>
    </point>
    <point>
      <x>0.42833334</x>
      <y>0.74333334</y>
      <w>0.6168133</w>
      <t>2034</t>
    </point>
    <point>
      <x>0.425</x>
      <y>0.75166667</y>
      <w>0.6168133</w>
      <t>2034</t>
    </point>
    <point>
      <x>0.42166665</x>
      <y>0.7583333</y>
      <w>0.6168133</w>
      <t>2034</t>
    </point>
    <point>
      <x>0.41666666</x>
      <y>0.765</y>
      <w>0.6168133</w>
      <t>2034</t>
    </point>
    <point>
      <x>0.41333333</x>
      <y>0.77166665</y>
      <w>0.58064514</w>
      <t>2067</t>
    </point>
    <point>
      <x>0.41</x>
      <y>0.77666664</y>
      <w>0.58064514</w>
      <t>2067</t>
    </point>
    <point>
      <x>0.405</x>
      <y>0.78333336</y>
      <w>0.58064514</w>
      <t>2067</t>
    </point>
    <point>
      <x>0.4</x>
      <y>0.78833336</y>
      <w>0.58064514</w>
      <t>2067</t>
    </point>
    <point>
      <x>0.395</x>
      <y>0.79333335</y>
      <w>0.58064514</w>
      <t>2067</t>
    </point>
    <point>
      <x>0.38833332</x>
      <y>0.79833335</y>
      <w>0.5014663</w>
      <t>2100</t>
    </point>
    <point>
      <x>0.38333333</x>
      <y>0.805</y>
      <w>0.5014663</w>
      <t>2100</t>
    </point>
    <point>
      <x>0.37666667</x>
      <y>0.81</y>
      <w>0.5014663</w>
      <t>2100</t>
    </point>
    <point>
      <x>0.37</x>
      <y>0.81333333</y>
      <w>0.5014663</w>
      <t>2100</t>
    </point>
    <point>
      <x>0.365</x>
      <y>0.8183333</y>
      <w>0.4565005</w>
      <t>2134</t>
    </point>
    <point>
      <x>0.36</x>
      <y>0.82166666</y>
      <w>0.4565005</w>
      <t>2134</t>
    </point>
    <point>
      <x>0.355</x>
      <y>0.825</y>
      <w>0.4565005</w>
      <t>2134</t>
    </point>
    <point>
      <x>0.35</x>
      <y>0.82666665</y>
      <w>0.4565005</w>
      <t>2134</t>
    </point>
    <point>
      <x>0.345</x>
      <y>0.8283333</y>
      <w>0.4565005</w>
      <t>2134</t>
    </point>
    <point>
      <x>0.34166667</x>
      <y>0.83</y>
      <w>0.40957966</w>
      <t>2167</t>
    </point>
    <point>
      <x>0.33833334</x>
      <y>0.83166665</y>
      <w>0.40957966</w>
      <t>2167</t>
    </point>
    <point>
      <x>0.335</x>
      <y>0.8333333</y>
      <w>0.40957966</w>
      <t>2167</t>
    </point>
    <point>
      <x>0.33166668</x>
      <y>0.8333333</y>
      <w>0.40957966</w>
      <t>2167</t>
    </point>
    <point>
      <x>0.33</x>
      <y>0.8333333</y>
      <w>0.17302053</w>
      <t>2201</t>
    </point>
    <point>
      <x>0.32833335</x>
      <y>0.8333333</y>
      <w>0.17302053</w>
      <t>2201</t>
    </point>
    <point>
      <x>0.32666665</x>
      <y>0.8333333</y>
      <w>0.17302053</w>
      <t>2201</t>
    </point>
    <point>
      <x>0.32333332</x>
      <y>0.83166665</y>
      <w>0.17302053</w>
      <t>2201</t>
    </point>
    <point>
      <x>0.32333332</x>
      <y>0.83</y>
      <w>0.17302053</w>
      <t>2201</t>
    </point>
    <point>
      <x>0.32166666</x>
      <y>0.82666665</y>
      <w>0.14858261</w>
      <t>2234</t>
    </point>
    <point>
      <x>0.32</x>
      <y>0.825</y>
      <w>0.14858261</w>
      <t>2234</t>
    </point>
    <point>
      <x>0.32</x>
      <y>0.82166666</y>
      <w>0.14858261</w>
      <t>2234</t>
    </point>
    <point>
      <x>0.31833333</x>
      <y>0.8183333</y>
      <w>0.14858261</w>
      <t>2234</t>
    </point>
    <point>
      <x>0.31833333</x>
      <y>0.815</y>
      <w>0.0</w>
      <t>2267</t>
    </point>
  </stroke>
  <stroke time="3134">
    <point>
      <x>0.6716667</x>
      <y>0.6533333</y>
      <w>0.0</w>
      <t>3134</t>
    </point>
    <point>
      <x>0.67333335</x>
      <y>0.655</y>
      <w>0.50048876</w>
      <t>3200</t>
    </point>
    <point>
      <x>0.675</x>
      <y>0.6566667</y>
      <w>0.50048876</w>
      <t>3200</t>
    </point>
    <point>
      <x>0.67833334</x>
      <y>0.65833336</y>
      <w>0.50048876</w>
      <t>3200</t>
    </point>
    <point>
      <x>0.68</x>
      <y>0.65833336</y>
      <w>0.50048876</w>
      <t>3200</t>
    </point>
    <point>
      <x>0.6816667</x>
      <y>0.66</y>
      <w>0.50048876</w>
      <t>3200</t>
    </point>
    <point>
      <x>0.68333334</x>
      <y>0.6616667</y>
      <w>0.5552297</w>
      <t>3234</t>
    </point>
    <point>
      <x>0.68666667</x>
      <y>0.66333336</y>
      <w>0.5552297</w>
      <t>3234</t>
    </point>
    <point>
      <x>0.68833333</x>
      <y>0.6666667</y>
      <w>0.5552297</w>
      <t>3234</t>
    </point>
    <point>
      <x>0.69166666</x>
      <y>0.66833335</y>
      <w>0.5552297</w>
      <t>3234</t>
    </point>
    <point>
      <x>0.6933333</x>
      <y>0.6716667</y>
      <w>0.58064514</w>
      <t>3267</t>
    </point>
    <point>
      <x>0.695</x>
      <y>0.67333335</y>
      <w>0.58064514</w>
      <t>3267</t>
    </point>
    <point>
      <x>0.6983333</x>
      <y>0.6766667</y>
      <w>0.58064514</w>
      <t>3267</t>
    </point>
    <point>
      <x>0.7</x>
      <y>0.67833334</y>
      <w>0.58064514</w>
      <t>3267</t>
    </point>
    <point>
      <x>0.70166665</x>
      <y>0.6816667</y>
      <w>0.58064514</w>
      <t>3267</t>
    </point>
    <point>
      <x>0.7033333</x>
      <y>0.68333334</y>
      <w>0.6089932</w>
      <t>3301</t>
    </point>
    <point>
      <x>0.7033333</x>
      <y>0.685</y>
      <w>0.6089932</w>
      <t>3301</t>
    </point>
    <point>
      <x>0.705</x>
      <y>0.68833333</y>
      <w>0.6089932</w>
      <t>3301</t>
    </point>
    <point>
      <x>0.705</x>
      <y>0.69</y>
      <w>0.6089932</w>
      <t>3301</t>
    </point>
    <point>
      <x>0.70666665</x>
      <y>0.6933333</y>
      <w>0.63734114</w>
      <t>3334</t>
    </point>
    <point>
      <x>0.70666665</x>
      <y>0.695</y>
      <w>0.63734114</w>
      <t>3334</t>
    </point>
    <point>
      <x>0.70666665</x>
      <y>0.7</y>
      <w>0.63734114</w>
      <t>3334</t>
    </point>
    <point>
      <x>0.70666665</x>
      <y>0.7033333</y>
      <w>0.63734114</w>
      <t>3334</t>
    </point>
    <point>
      <x>0.70666665</x>
      <y>0.7083333</y>
      <w>0.63734114</w>
      <t>3334</t>
    </point>
    <point>
      <x>0.70666665</x>
      <y>0.7133333</y>
      <w>0.6422287</w>
      <t>3367</t>
    </point>
    <point>
      <x>0.70666665</x>
      <y>0.7183333</y>
      <w>0.6422287</w>
      <t>3367</t>
    </point>
    <point>
      <x>0.70666665</x>
      <y>0.72333336</y>
      <w>0.6422287</w>
      <t>3367</t>
    </point>
    <point>
      <x>0.70666665</x>
      <y>0.72833335</y>
      <w>0.6422287</w>
      <t>3367</t>
    </point>
    <point>
      <x>0.705</x>
      <y>0.735</y>
      <w>0.62463343</w>
      <t>3400</t>
    </point>
    <point>
      <x>0.7033333</x>
      <y>0.74</y>
      <w>0.62463343</w>
      <t>3400</t>
    </point>
    <point>
      <x>0.70166665</x>
      <y>0.74666667</y>
      <w>0.62463343</w>
      <t>3400</t>
    </point>
    <point>
      <x>0.7</x>
      <y>0.75333333</y>
      <w>0.62463343</w>
      <t>3400</t>
    </point>
    <point>
      <x>0.6983333</x>
      <y>0.76</y>
      <w>0.62463343</w>
      <t>3400</t>
    </point>
    <point>
      <x>0.695</x>
      <y>0.76666665</y>
      <w>0.49853373</w>
      <t>3434</t>
    </point>
    <point>
      <x>0.69166666</x>
      <y>0.775</y>
      <w>0.49853373</w>
      <t>3434</t>
    </point>
    <point>
      <x>0.68833333</x>
      <y>0.7816667</y>
      <w>0.49853373</w>
      <t>3434</t>
    </point>
    <point>
      <x>0.68333334</x>
      <y>0.79</y>
      <w>0.49853373</w>
      <t>3434</t>
    </point>
    <point>
      <x>0.68</x>
      <y>0.7966667</y>
      <w>0.0</w>
      <t>3467</t>
    </point>
    <point>
      <x>0.675</x>
      <y>0.80333334</y>
      <w>0.0</w>
      <t>3467</t>
    </point>
  </stroke>
</character>
