<?xml version="1.0" encoding="UTF-8"?>
<character>
  <stroke time="0">
    <point>
      <x>0.28166667</x>
      <y>0.28833333</y>
      <w>0.4907136</w>
      <t>135</t>
    </point>
    <point>
      <x>0.28333333</x>
      <y>0.29</y>
      <w>0.53861195</w>
      <t>200</t>
    </point>
    <point>
      <x>0.28333333</x>
      <y>0.29166666</y>
      <w>0.53861195</w>
      <t>200</t>
    </point>
    <point>
      <x>0.285</x>
      <y>0.29166666</y>
      <w>0.53861195</w>
      <t>200</t>
    </point>
    <point>
      <x>0.285</x>
      <y>0.29333332</y>
      <w>0.53861195</w>
      <t>201</t>
    </point>
    <point>
      <x>0.28666666</x>
      <y>0.29333332</y>
      <w>0.5659824</w>
      <t>234</t>
    </point>
    <point>
      <x>0.28666666</x>
      <y>0.295</y>
      <w>0.5659824</w>
      <t>234</t>
    </point>
    <point>
      <x>0.28833333</x>
      <y>0.295</y>
      <w>0.6050831</w>
      <t>267</t>
    </point>
    <point>
      <x>0.28833333</x>
      <y>0.29666665</y>
      <w>0.6050831</w>
      <t>267</t>
    </point>
    <point>
      <x>0.29</x>
      <y>0.29833335</y>
      <w>0.6050831</w>
      <t>267</t>
    </point>
    <point>
      <x>0.29</x>
      <y>0.3</y>
      <w>0.6304985</w>
      <t>300</t>
    </point>
    <point>
      <x>0.29</x>
      <y>0.30166668</y>
      <w>0.64907134</w>
      <t>334</t>
    </point>
    <point>
      <x>0.29</x>
      <y>0.30333334</y>
      <w>0.65591395</w>
      <t>367</t>
    </point>
    <point>
      <x>0.29166666</x>
      <y>0.305</y>
      <w>0.6627566</w>
      <t>400</t>
    </point>
    <point>
      <x>0.29166666</x>
      <y>0.30666667</y>
      <w>0.6627566</w>
      <t>400</t>
    </point>
    <point>
      <x>0.29166666</x>
      <y>0.30833334</y>
      <w>0.6627566</w>
      <t>400</t>
    </point>
    <point>
      <x>0.29166666</x>
      <y>0.31</y>
      <w>0.66471165</w>
      <t>433</t>
    </point>
    <point>
      <x>0.29166666</x>
      <y>0.31166667</y>
      <w>0.66471165</w>
      <t>433</t>
    </point>
    <point>
      <x>0.29166666</x>
      <y>0.31333333</y>
      <w>0.66471165</w>
      <t>433</t>
    </point>
    <point>
      <x>0.29166666</x>
      <y>0.315</y>
      <w>0.66471165</w>
      <t>433</t>
    </point>
    <point>
      <x>0.29166666</x>
      <y>0.31833333</y>
      <w>0.6676442</w>
      <t>467</t>
    </point>
    <point>
      <x>0.29166666</x>
      <y>0.32</y>
      <w>0.6676442</w>
      <t>467</t>
    </point>
    <point>
      <x>0.29166666</x>
      <y>0.32166666</y>
      <w>0.6676442</w>
      <t>467</t>
    </point>
    <point>
      <x>0.29166666</x>
      <y>0.32333332</y>
      <w>0.6686217</w>
      <t>500</t>
    </point>
    <point>
      <x>0.29</x>
      <y>0.325</y>
      <w>0.6686217</w>
      <t>500</t>
    </point>
    <point>
      <x>0.29</x>
      <y>0.32666665</y>
      <w>0.6686217</w>
      <t>500</t>
    </point>
    <point>
      <x>0.28833333</x>
      <y>0.33</y>
      <w>0.6686217</w>
      <t>501</t>
    </point>
    <point>
      <x>0.28833333</x>
      <y>0.33166668</y>
      <w>0.65591395</w>
      <t>533</t>
    </point>
    <point>
      <x>0.28666666</x>
      <y>0.33333334</y>
      <w>0.65591395</w>
      <t>533</t>
    </point>
    <point>
      <x>0.28666666</x>
      <y>0.33666667</y>
      <w>0.65591395</w>
      <t>533</t>
    </point>
    <point>
      <x>0.285</x>
      <y>0.33833334</y>
      <w>0.65591395</w>
      <t>534</t>
    </point>
    <point>
      <x>0.28166667</x>
      <y>0.34166667</y>
      <w>0.54545456</w>
      <t>566</t>
    </point>
    <point>
      <x>0.28</x>
      <y>0.34666666</y>
      <w>0.50537634</w>
      <t>566</t>
    </point>
    <point>
      <x>0.27833334</x>
      <y>0.35</y>
      <w>0.50537634</w>
      <t>566</t>
    </point>
    <point>
      <x>0.275</x>
      <y>0.355</y>
      <w>0.50537634</w>
      <t>567</t>
    </point>
    <point>
      <x>0.27166668</x>
      <y>0.36166668</y>
      <w>0.50537634</w>
      <t>567</t>
    </point>
    <point>
      <x>0.26833335</x>
      <y>0.36666667</y>
      <w>0.0</w>
      <t>600</t>
    </point>
    <point>
      <x>0.26333332</x>
      <y>0.37333333</y>
      <w>0.0</w>
      <t>600</t>
    </point>
  </stroke>
  <stroke time="1267">
    <point>
      <x>0.25833333</x>
      <y>0.46166667</y>
      <w>0.16129032</w>
      <t>1333</t>
    </point>
    <point>
      <x>0.25833333</x>
      <y>0.46333334</y>
      <w>0.22971652</w>
      <t>1367</t>
    </point>
    <point>
      <x>0.25833333</x>
      <y>0.46666667</y>
      <w>0.22971652</w>
      <t>1367</t>
    </point>
    <point>
      <x>0.25833333</x>
      <y>0.46833333</y>
      <w>0.22971652</w>
      <t>1367</t>
    </point>
    <point>
      <x>0.25833333</x>
      <y>0.47166666</y>
      <w>0.22971652</w>
      <t>1368</t>
    </point>
    <point>
      <x>0.25833333</x>
      <y>0.475</y>
      <w>0.29814273</w>
      <t>1400</t>
    </point>
    <point>
      <x>0.25833333</x>
      <y>0.47833332</y>
      <w>0.29814273</w>
      <t>1400</t>
    </point>
    <point>
      <x>0.25833333</x>
      <y>0.48</y>
      <w>0.29814273</w>
      <t>1400</t>
    </point>
    <point>
      <x>0.25833333</x>
      <y>0.48333332</y>
      <w>0.29814273</w>
      <t>1400</t>
    </point>
    <point>
      <x>0.25833333</x>
      <y>0.48666668</y>
      <w>0.29814273</w>
      <t>1401</t>
    </point>
    <point>
      <x>0.25666666</x>
      <y>0.49</y>
      <w>0.3548387</w>
      <t>1433</t>
    </point>
    <point>
      <x>0.25666666</x>
      <y>0.49333334</y>
      <w>0.3548387</w>
      <t>1433</t>
    </point>
    <point>
      <x>0.255</x>
      <y>0.49666667</y>
      <w>0.3548387</w>
      <t>1433</t>
    </point>
    <point>
      <x>0.25333333</x>
      <y>0.5</y>
      <w>0.3548387</w>
      <t>1433</t>
    </point>
    <point>
      <x>0.25333333</x>
      <y>0.505</y>
      <w>0.37634408</w>
      <t>1467</t>
    </point>
    <point>
      <x>0.25166667</x>
      <y>0.5083333</y>
      <w>0.37634408</w>
      <t>1467</t>
    </point>
    <point>
      <x>0.25</x>
      <y>0.51166666</y>
      <w>0.37634408</w>
      <t>1467</t>
    </point>
    <point>
      <x>0.25</x>
      <y>0.515</y>
      <w>0.37634408</w>
      <t>1467</t>
    </point>
    <point>
      <x>0.24833333</x>
      <y>0.5183333</y>
      <w>0.37634408</w>
      <t>1468</t>
    </point>
    <point>
      <x>0.24666667</x>
      <y>0.52166665</y>
      <w>0.42033234</w>
      <t>1500</t>
    </point>
    <point>
      <x>0.245</x>
      <y>0.525</y>
      <w>0.42033234</w>
      <t>1500</t>
    </point>
    <point>
      <x>0.24333334</x>
      <y>0.5283333</y>
      <w>0.42033234</w>
      <t>1500</t>
    </point>
    <point>
      <x>0.24166666</x>
      <y>0.5316667</y>
      <w>0.42033234</w>
      <t>1500</t>
    </point>
    <point>
      <x>0.24</x>
      <y>0.535</y>
      <w>0.44281524</w>
      <t>1533</t>
    </point>
    <point>
      <x>0.23833333</x>
      <y>0.53833336</y>
      <w>0.44281524</w>
      <t>1533</t>
    </point>
    <point>
      <x>0.23666666</x>
      <y>0.5416667</y>
      <w>0.44281524</w>
      <t>1533</t>
    </point>
    <point>
      <x>0.235</x>
      <y>0.5466667</y>
      <w>0.44281524</w>
      <t>1533</t>
    </point>
    <point>
      <x>0.235</x>
      <y>0.55</y>
      <w>0.44281524</w>
      <t>1533</t>
    </point>
    <point>
      <x>0.23333333</x>
      <y>0.555</y>
      <w>0.45747802</w>
      <t>1566</t>
    </point>
    <point>
      <x>0.23333333</x>
      <y>0.55833334</y>
      <w>0.45747802</w>
      <t>1566</t>
    </point>
    <point>
      <x>0.23166667</x>
      <y>0.56333333</y>
      <w>0.45747802</w>
      <t>1566</t>
    </point>
    <point>
      <x>0.23166667</x>
      <y>0.5683333</y>
      <w>0.45747802</w>
      <t>1566</t>
    </point>
    <point>
      <x>0.23166667</x>
      <y>0.57166666</y>
      <w>0.46627566</w>
      <t>1600</t>
    </point>
    <point>
      <x>0.23</x>
      <y>0.57666665</y>
      <w>0.46627566</w>
      <t>1600</t>
    </point>
    <point>
      <x>0.23</x>
      <y>0.58</y>
      <w>0.46627566</w>
      <t>1600</t>
    </point>
    <point>
      <x>0.23</x>
      <y>0.585</y>
      <w>0.46627566</w>
      <t>1600</t>
    </point>
    <point>
      <x>0.22833334</x>
      <y>0.5883333</y>
      <w>0.46627566</w>
      <t>1600</t>
    </point>
    <point>
      <x>0.22833334</x>
      <y>0.5933333</y>
      <w>0.5210166</w>
      <t>1633</t>
    </point>
    <point>
      <x>0.22833334</x>
      <y>0.5966667</y>
      <w>0.5210166</w>
      <t>1633</t>
    </point>
    <point>
      <x>0.22833334</x>
      <y>0.6016667</y>
      <w>0.5210166</w>
      <t>1633</t>
    </point>
    <point>
      <x>0.22666667</x>
      <y>0.605</y>
      <w>0.5210166</w>
      <t>1633</t>
    </point>
    <point>
      <x>0.22666667</x>
      <y>0.61</y>
      <w>0.57478005</w>
      <t>1667</t>
    </point>
    <point>
      <x>0.22666667</x>
      <y>0.615</y>
      <w>0.57478005</w>
      <t>1669</t>
    </point>
    <point>
      <x>0.22666667</x>
      <y>0.62</y>
      <w>0.57478005</w>
      <t>1669</t>
    </point>
    <point>
      <x>0.22666667</x>
      <y>0.625</y>
      <w>0.57478005</w>
      <t>1669</t>
    </point>
    <point>
      <x>0.22666667</x>
      <y>0.63</y>
      <w>0.57478005</w>
      <t>1669</t>
    </point>
    <point>
      <x>0.22666667</x>
      <y>0.6333333</y>
      <w>0.6539589</w>
      <t>1701</t>
    </point>
    <point>
      <x>0.22833334</x>
      <y>0.63666666</y>
      <w>0.6539589</w>
      <t>1702</t>
    </point>
    <point>
      <x>0.22833334</x>
      <y>0.6383333</y>
      <w>0.6539589</w>
      <t>1702</t>
    </point>
    <point>
      <x>0.23</x>
      <y>0.64166665</y>
      <w>0.6539589</w>
      <t>1702</t>
    </point>
    <point>
      <x>0.23</x>
      <y>0.645</y>
      <w>0.70674485</w>
      <t>1734</t>
    </point>
    <point>
      <x>0.23166667</x>
      <y>0.6483333</y>
      <w>0.70674485</w>
      <t>1734</t>
    </point>
    <point>
      <x>0.23166667</x>
      <y>0.65166664</y>
      <w>0.70674485</w>
      <t>1734</t>
    </point>
    <point>
      <x>0.23333333</x>
      <y>0.655</y>
      <w>0.70674485</w>
      <t>1734</t>
    </point>
    <point>
      <x>0.23333333</x>
      <y>0.66</y>
      <w>0.75268817</w>
      <t>1766</t>
    </point>
    <point>
      <x>0.235</x>
      <y>0.66333336</y>
      <w>0.75268817</w>
      <t>1766</t>
    </point>
    <point>
      <x>0.23666666</x>
      <y>0.66833335</y>
      <w>0.75268817</w>
      <t>1766</t>
    </point>
    <point>
      <x>0.23666666</x>
      <y>0.67333335</y>
      <w>0.75268817</w>
      <t>1766</t>
    </point>
    <point>
      <x>0.23833333</x>
      <y>0.67833334</y>
      <w>0.7878788</w>
      <t>1767</t>
    </point>
    <point>
      <x>0.23833333</x>
      <y>0.68333334</y>
      <w>0.82600194</w>
      <t>1800</t>
    </point>
    <point>
      <x>0.23833333</x>
      <y>0.68666667</y>
      <w>0.82600194</w>
      <t>1800</t>
    </point>
    <point>
      <x>0.24</x>
      <y>0.69</y>
      <w>0.82600194</w>
      <t>1800</t>
    </point>
    <point>
      <x>0.24</x>
      <y>0.695</y>
      <w>0.82600194</w>
      <t>1800</t>
    </point>
    <point>
      <x>0.24166666</x>
      <y>0.6983333</y>
      <w>0.83870965</w>
      <t>1833</t>
    </point>
    <point>
      <x>0.24166666</x>
      <y>0.70166665</y>
      <w>0.83870965</w>
      <t>1833</t>
    </point>
    <point>
      <x>0.24333334</x>
      <y>0.705</y>
      <w>0.83870965</w>
      <t>1833</t>
    </point>
    <point>
      <x>0.24333334</x>
      <y>0.7083333</y>
      <w>0.83870965</w>
      <t>1833</t>
    </point>
    <point>
      <x>0.245</x>
      <y>0.71</y>
      <w>0.83870965</w>
      <t>1833</t>
    </point>
    <point>
      <x>0.245</x>
      <y>0.7133333</y>
      <w>0.8445748</w>
      <t>1866</t>
    </point>
    <point>
      <x>0.245</x>
      <y>0.715</y>
      <w>0.8445748</w>
      <t>1866</t>
    </point>
    <point>
      <x>0.245</x>
      <y>0.71666664</y>
      <w>0.8445748</w>
      <t>1866</t>
    </point>
    <point>
      <x>0.24666667</x>
      <y>0.7183333</y>
      <w>0.85435</w>
      <t>1900</t>
    </point>
    <point>
      <x>0.24666667</x>
      <y>0.72</y>
      <w>0.85435</w>
      <t>1900</t>
    </point>
    <point>
      <x>0.24666667</x>
      <y>0.7216667</y>
      <w>0.85435</w>
      <t>1900</t>
    </point>
    <point>
      <x>0.24833333</x>
      <y>0.72333336</y>
      <w>0.85435</w>
      <t>1900</t>
    </point>
    <point>
      <x>0.24833333</x>
      <y>0.725</y>
      <w>0.856305</w>
      <t>1933</t>
    </point>
    <point>
      <x>0.24833333</x>
      <y>0.7266667</y>
      <w>0.856305</w>
      <t>1933</t>
    </point>
    <point>
      <x>0.25</x>
      <y>0.7266667</y>
      <w>0.856305</w>
      <t>1933</t>
    </point>
    <point>
      <x>0.25</x>
      <y>0.725</y>
      <w>0.7820137</w>
      <t>2133</t>
    </point>
    <point>
      <x>0.25166667</x>
      <y>0.725</y>
      <w>0.7820137</w>
      <t>2133</t>
    </point>
    <point>
      <x>0.25166667</x>
      <y>0.72333336</y>
      <w>0.7820137</w>
      <t>2133</t>
    </point>
    <point>
      <x>0.255</x>
      <y>0.7216667</y>
      <w>0.7820137</w>
      <t>2133</t>
    </point>
    <point>
      <x>0.25666666</x>
      <y>0.7183333</y>
      <w>0.67546433</w>
      <t>2167</t>
    </point>
    <point>
      <x>0.25833333</x>
      <y>0.71666664</y>
      <w>0.67546433</w>
      <t>2167</t>
    </point>
    <point>
      <x>0.26166666</x>
      <y>0.7133333</y>
      <w>0.67546433</w>
      <t>2167</t>
    </point>
    <point>
      <x>0.26333332</x>
      <y>0.71</y>
      <w>0.67546433</w>
      <t>2167</t>
    </point>
    <point>
      <x>0.26666668</x>
      <y>0.70666665</y>
      <w>0.58162266</w>
      <t>2200</t>
    </point>
    <point>
      <x>0.26833335</x>
      <y>0.70166665</y>
      <w>0.58162266</w>
      <t>2200</t>
    </point>
    <point>
      <x>0.27166668</x>
      <y>0.6983333</y>
      <w>0.58162266</w>
      <t>2200</t>
    </point>
    <point>
      <x>0.27333334</x>
      <y>0.6933333</y>
      <w>0.58162266</w>
      <t>2200</t>
    </point>
    <point>
      <x>0.275</x>
      <y>0.69</y>
      <w>0.58162266</w>
      <t>2201</t>
    </point>
    <point>
      <x>0.27666667</x>
      <y>0.68666667</y>
      <w>0.5024438</w>
      <t>2233</t>
    </point>
    <point>
      <x>0.27833334</x>
      <y>0.68333334</y>
      <w>0.5024438</w>
      <t>2233</t>
    </point>
    <point>
      <x>0.28</x>
      <y>0.6816667</y>
      <w>0.5024438</w>
      <t>2233</t>
    </point>
    <point>
      <x>0.28166667</x>
      <y>0.67833334</y>
      <w>0.5024438</w>
      <t>2233</t>
    </point>
    <point>
      <x>0.28333333</x>
      <y>0.6766667</y>
      <w>0.48680353</w>
      <t>2267</t>
    </point>
    <point>
      <x>0.285</x>
      <y>0.67333335</y>
      <w>0.48680353</w>
      <t>2267</t>
    </point>
    <point>
      <x>0.28666666</x>
      <y>0.67</y>
      <w>0.48680353</w>
      <t>2267</t>
    </point>
    <point>
      <x>0.28833333</x>
      <y>0.6666667</y>
      <w>0.48680353</w>
      <t>2267</t>
    </point>
    <point>
      <x>0.29166666</x>
      <y>0.6616667</y>
      <w>0.40664712</w>
      <t>2300</t>
    </point>
    <point>
      <x>0.29333332</x>
      <y>0.65833336</y>
      <w>0.40664712</w>
      <t>2300</t>
    </point>
    <point>
      <x>0.29666665</x>
      <y>0.6533333</y>
      <w>0.40664712</w>
      <t>2300</t>
    </point>
    <point>
      <x>0.3</x>
      <y>0.65</y>
      <w>0.40664712</w>
      <t>2300</t>
    </point>
    <point>
      <x>0.30166668</x>
      <y>0.64666665</y>
      <w>0.40664712</w>
      <t>2300</t>
    </point>
    <point>
      <x>0.305</x>
      <y>0.6433333</y>
      <w>0.25415444</w>
      <t>2333</t>
    </point>
    <point>
      <x>0.30666667</x>
      <y>0.64</y>
      <w>0.25415444</w>
      <t>2333</t>
    </point>
    <point>
      <x>0.30833334</x>
      <y>0.63666666</y>
      <w>0.25415444</w>
      <t>2333</t>
    </point>
    <point>
      <x>0.31166667</x>
      <y>0.6333333</y>
      <w>0.25415444</w>
      <t>2333</t>
    </point>
    <point>
      <x>0.31333333</x>
      <y>0.63</y>
      <w>0.12903225</w>
      <t>2367</t>
    </point>
    <point>
      <x>0.315</x>
      <y>0.62666667</y>
      <w>0.12903225</w>
      <t>2367</t>
    </point>
    <point>
      <x>0.31833333</x>
      <y>0.62333333</y>
      <w>0.12903225</w>
      <t>2367</t>
    </point>
    <point>
      <x>0.32</x>
      <y>0.61833334</y>
      <w>0.12903225</w>
      <t>2367</t>
    </point>
    <point>
      <x>0.32333332</x>
      <y>0.61333334</y>
      <w>0.12903225</w>
      <t>2367</t>
    </point>
    <point>
      <x>0.325</x>
      <y>0.61</y>
      <w>0.11730205</w>
      <t>2400</t>
    </point>
    <point>
      <x>0.32833335</x>
      <y>0.605</y>
      <w>0.11730205</w>
      <t>2400</t>
    </point>
    <point>
      <x>0.33166668</x>
      <y>0.6</y>
      <w>0.11730205</w>
      <t>2400</t>
    </point>
    <point>
      <x>0.33333334</x>
      <y>0.595</y>
      <w>0.11730205</w>
      <t>2400</t>
    </point>
    <point>
      <x>0.33666667</x>
      <y>0.59</y>
      <w>0.047898337</w>
      <t>2434</t>
    </point>
    <point>
      <x>0.34</x>
      <y>0.585</y>
      <w>0.047898337</w>
      <t>2434</t>
    </point>
    <point>
      <x>0.34333333</x>
      <y>0.58</y>
      <w>0.047898337</w>
      <t>2434</t>
    </point>
    <point>
      <x>0.34666666</x>
      <y>0.575</y>
      <w>0.047898337</w>
      <t>2434</t>
    </point>
  </stroke>
  <stroke time="3067">
    <point>
      <x>0.6</x>
      <y>0.21</y>
      <w>0.43108505</w>
      <t>3167</t>
    </point>
    <point>
      <x>0.6</x>
      <y>0.21166667</y>
      <w>0.43108505</w>
      <t>3167</t>
    </point>
    <point>
      <x>0.6016667</x>
      <y>0.21333334</y>
      <w>0.43108505</w>
      <t>3167</t>
    </point>
    <point>
      <x>0.60333335</x>
      <y>0.215</y>
      <w>0.48680353</w>
      <t>3200</t>
    </point>
    <point>
      <x>0.60333335</x>
      <y>0.21666667</y>
      <w>0.48680353</w>
      <t>3200</t>
    </point>
    <point>
      <x>0.605</x>
      <y>0.21833333</y>
      <w>0.48680353</w>
      <t>3200</t>
    </point>
    <point>
      <x>0.605</x>
      <y>0.22166666</y>
      <w>0.48680353</w>
      <t>3200</t>
    </point>
    <point>
      <x>0.605</x>
      <y>0.22333333</y>
      <w>0.48680353</w>
      <t>3200</t>
    </point>
    <point>
      <x>0.605</x>
      <y>0.22666667</y>
      <w>0.5366569</w>
      <t>3233</t>
    </point>
    <point>
      <x>0.605</x>
      <y>0.23</y>
      <w>0.5366569</w>
      <t>3233</t>
    </point>
    <point>
      <x>0.605</x>
      <y>0.23333333</y>
      <w>0.5366569</w>
      <t>3233</t>
    </point>
    <point>
      <x>0.605</x>
      <y>0.23833333</y>
      <w>0.5366569</w>
      <t>3233</t>
    </point>
    <point>
      <x>0.605</x>
      <y>0.24166666</y>
      <w>0.5767351</w>
      <t>3267</t>
    </point>
    <point>
      <x>0.60333335</x>
      <y>0.24666667</y>
      <w>0.5767351</w>
      <t>3267</t>
    </point>
    <point>
      <x>0.6016667</x>
      <y>0.25</y>
      <w>0.5767351</w>
      <t>3267</t>
    </point>
    <point>
      <x>0.6</x>
      <y>0.255</y>
      <w>0.5767351</w>
      <t>3267</t>
    </point>
    <point>
      <x>0.5966667</x>
      <y>0.26166666</y>
      <w>0.5767351</w>
      <t>3267</t>
    </point>
    <point>
      <x>0.5933333</x>
      <y>0.26666668</y>
      <w>0.6089932</w>
      <t>3300</t>
    </point>
    <point>
      <x>0.59</x>
      <y>0.27166668</y>
      <w>0.6089932</w>
      <t>3300</t>
    </point>
    <point>
      <x>0.58666664</x>
      <y>0.27833334</y>
      <w>0.6089932</w>
      <t>3300</t>
    </point>
    <point>
      <x>0.5833333</x>
      <y>0.285</y>
      <w>0.6089932</w>
      <t>3300</t>
    </point>
    <point>
      <x>0.58</x>
      <y>0.29</y>
      <w>0.6217009</w>
      <t>3333</t>
    </point>
    <point>
      <x>0.575</x>
      <y>0.29666665</y>
      <w>0.6217009</w>
      <t>3333</t>
    </point>
    <point>
      <x>0.57166666</x>
      <y>0.30333334</y>
      <w>0.6217009</w>
      <t>3333</t>
    </point>
    <point>
      <x>0.5683333</x>
      <y>0.30833334</y>
      <w>0.6217009</w>
      <t>3333</t>
    </point>
    <point>
      <x>0.565</x>
      <y>0.31333333</y>
      <w>0.6217009</w>
      <t>3333</t>
    </point>
    <point>
      <x>0.56166667</x>
      <y>0.31833333</y>
      <w>0.6285435</w>
      <t>3367</t>
    </point>
    <point>
      <x>0.55833334</x>
      <y>0.32166666</y>
      <w>0.6285435</w>
      <t>3367</t>
    </point>
    <point>
      <x>0.5566667</x>
      <y>0.32666665</y>
      <w>0.6285435</w>
      <t>3367</t>
    </point>
    <point>
      <x>0.55333334</x>
      <y>0.33166668</y>
      <w>0.6285435</w>
      <t>3367</t>
    </point>
    <point>
      <x>0.55</x>
      <y>0.335</y>
      <w>0.627566</w>
      <t>3400</t>
    </point>
    <point>
      <x>0.5466667</x>
      <y>0.34</y>
      <w>0.627566</w>
      <t>3400</t>
    </point>
    <point>
      <x>0.54333335</x>
      <y>0.34666666</y>
      <w>0.627566</w>
      <t>3400</t>
    </point>
    <point>
      <x>0.5416667</x>
      <y>0.35166666</y>
      <w>0.627566</w>
      <t>3400</t>
    </point>
    <point>
      <x>0.53833336</x>
      <y>0.35666665</y>
      <w>0.627566</w>
      <t>3400</t>
    </point>
    <point>
      <x>0.5366667</x>
      <y>0.36</y>
      <w>0.627566</w>
      <t>3433</t>
    </point>
    <point>
      <x>0.535</x>
      <y>0.36166668</y>
      <w>0.627566</w>
      <t>3433</t>
    </point>
    <point>
      <x>0.535</x>
      <y>0.365</y>
      <w>0.627566</w>
      <t>3433</t>
    </point>
    <point>
      <x>0.535</x>
      <y>0.36666667</y>
      <w>0.62463343</w>
      <t>3467</t>
    </point>
    <point>
      <x>0.5366667</x>
      <y>0.36666667</y>
      <w>0.5767351</w>
      <t>3567</t>
    </point>
    <point>
      <x>0.53833336</x>
      <y>0.36666667</y>
      <w>0.5767351</w>
      <t>3567</t>
    </point>
    <point>
      <x>0.54</x>
      <y>0.36666667</y>
      <w>0.5767351</w>
      <t>3567</t>
    </point>
    <point>
      <x>0.54333335</x>
      <y>0.365</y>
      <w>0.5767351</w>
      <t>3567</t>
    </point>
    <point>
      <x>0.545</x>
      <y>0.365</y>
      <w>0.5767351</w>
      <t>3567</t>
    </point>
    <point>
      <x>0.54833335</x>
      <y>0.36333334</y>
      <w>0.56989247</w>
      <t>3600</t>
    </point>
    <point>
      <x>0.55333334</x>
      <y>0.36166668</y>
      <w>0.56989247</w>
      <t>3600</t>
    </point>
    <point>
      <x>0.5566667</x>
      <y>0.36</y>
      <w>0.56989247</w>
      <t>3600</t>
    </point>
    <point>
      <x>0.56</x>
      <y>0.35833332</y>
      <w>0.56989247</w>
      <t>3600</t>
    </point>
    <point>
      <x>0.565</x>
      <y>0.35666665</y>
      <w>0.5591398</w>
      <t>3633</t>
    </point>
    <point>
      <x>0.56666666</x>
      <y>0.355</y>
      <w>0.5591398</w>
      <t>3633</t>
    </point>
    <point>
      <x>0.57</x>
      <y>0.35333332</y>
      <w>0.5591398</w>
      <t>3633</t>
    </point>
    <point>
      <x>0.5733333</x>
      <y>0.35333332</y>
      <w>0.5591398</w>
      <t>3633</t>
    </point>
    <point>
      <x>0.575</x>
      <y>0.35166666</y>
      <w>0.5591398</w>
      <t>3633</t>
    </point>
    <point>
      <x>0.5783333</x>
      <y>0.35</y>
      <w>0.54545456</w>
      <t>3667</t>
    </point>
    <point>
      <x>0.58166665</x>
      <y>0.34833333</y>
      <w>0.54545456</w>
      <t>3667</t>
    </point>
    <point>
      <x>0.585</x>
      <y>0.34666666</y>
      <w>0.54545456</w>
      <t>3667</t>
    </point>
    <point>
      <x>0.59</x>
      <y>0.345</y>
      <w>0.54545456</w>
      <t>3667</t>
    </point>
    <point>
      <x>0.5933333</x>
      <y>0.34333333</y>
      <w>0.51906157</w>
      <t>3700</t>
    </point>
    <point>
      <x>0.59833336</x>
      <y>0.34333333</y>
      <w>0.51906157</w>
      <t>3700</t>
    </point>
    <point>
      <x>0.60333335</x>
      <y>0.34166667</y>
      <w>0.51906157</w>
      <t>3700</t>
    </point>
    <point>
      <x>0.6066667</x>
      <y>0.34166667</y>
      <w>0.51906157</w>
      <t>3700</t>
    </point>
    <point>
      <x>0.6116667</x>
      <y>0.34166667</y>
      <w>0.51906157</w>
      <t>3700</t>
    </point>
    <point>
      <x>0.6166667</x>
      <y>0.34</y>
      <w>0.516129</w>
      <t>3734</t>
    </point>
    <point>
      <x>0.62166667</x>
      <y>0.34</y>
      <w>0.516129</w>
      <t>3734</t>
    </point>
    <point>
      <x>0.62666667</x>
      <y>0.33833334</y>
      <w>0.516129</w>
      <t>3734</t>
    </point>
    <point>
      <x>0.63166666</x>
      <y>0.33833334</y>
      <w>0.516129</w>
      <t>3734</t>
    </point>
    <point>
      <x>0.63666666</x>
      <y>0.33666667</y>
      <w>0.4916911</w>
      <t>3767</t>
    </point>
    <point>
      <x>0.64</x>
      <y>0.33666667</y>
      <w>0.4916911</w>
      <t>3767</t>
    </point>
    <point>
      <x>0.645</x>
      <y>0.33666667</y>
      <w>0.4916911</w>
      <t>3767</t>
    </point>
    <point>
      <x>0.6483333</x>
      <y>0.33666667</y>
      <w>0.4916911</w>
      <t>3767</t>
    </point>
    <point>
      <x>0.65166664</x>
      <y>0.335</y>
      <w>0.48973608</w>
      <t>3800</t>
    </point>
    <point>
      <x>0.6566667</x>
      <y>0.335</y>
      <w>0.48973608</w>
      <t>3800</t>
    </point>
    <point>
      <x>0.66</x>
      <y>0.335</y>
      <w>0.48973608</w>
      <t>3800</t>
    </point>
    <point>
      <x>0.66333336</x>
      <y>0.335</y>
      <w>0.48973608</w>
      <t>3800</t>
    </point>
    <point>
      <x>0.6666667</x>
      <y>0.335</y>
      <w>0.48973608</w>
      <t>3800</t>
    </point>
    <point>
      <x>0.67</x>
      <y>0.335</y>
      <w>0.48973608</w>
      <t>3834</t>
    </point>
    <point>
      <x>0.6716667</x>
      <y>0.335</y>
      <w>0.48973608</w>
      <t>3834</t>
    </point>
    <point>
      <x>0.675</x>
      <y>0.335</y>
      <w>0.48973608</w>
      <t>3834</t>
    </point>
    <point>
      <x>0.67833334</x>
      <y>0.335</y>
      <w>0.48973608</w>
      <t>3834</t>
    </point>
    <point>
      <x>0.68</x>
      <y>0.335</y>
      <w>0.49853373</w>
      <t>3867</t>
    </point>
    <point>
      <x>0.6816667</x>
      <y>0.33666667</y>
      <w>0.49853373</w>
      <t>3867</t>
    </point>
    <point>
      <x>0.68333334</x>
      <y>0.33666667</y>
      <w>0.49853373</w>
      <t>3867</t>
    </point>
    <point>
      <x>0.685</x>
      <y>0.33666667</y>
      <w>0.49853373</w>
      <t>3867</t>
    </point>
    <point>
      <x>0.68666667</x>
      <y>0.33666667</y>
      <w>0.49853373</w>
      <t>3867</t>
    </point>
    <point>
      <x>0.68666667</x>
      <y>0.33833334</y>
      <w>0.5366569</w>
      <t>3900</t>
    </point>
    <point>
      <x>0.68833333</x>
      <y>0.33833334</y>
      <w>0.5366569</w>
      <t>3900</t>
    </point>
    <point>
      <x>0.68833333</x>
      <y>0.34</y>
      <w>0.5366569</w>
      <t>3900</t>
    </point>
    <point>
      <x>0.69</x>
      <y>0.34</y>
      <w>0.5366569</w>
      <t>3900</t>
    </point>
    <point>
      <x>0.6933333</x>
      <y>0.34166667</y>
      <w>0.59530795</w>
      <t>3934</t>
    </point>
    <point>
      <x>0.695</x>
      <y>0.34333333</y>
      <w>0.59530795</w>
      <t>3934</t>
    </point>
    <point>
      <x>0.6983333</x>
      <y>0.345</y>
      <w>0.59530795</w>
      <t>3934</t>
    </point>
    <point>
      <x>0.7</x>
      <y>0.34666666</y>
      <w>0.59530795</w>
      <t>3934</t>
    </point>
    <point>
      <x>0.7033333</x>
      <y>0.34833333</y>
      <w>0.59530795</w>
      <t>3934</t>
    </point>
    <point>
      <x>0.70666665</x>
      <y>0.35</y>
      <w>0.6304985</w>
      <t>3967</t>
    </point>
    <point>
      <x>0.7083333</x>
      <y>0.35166666</y>
      <w>0.6304985</w>
      <t>3967</t>
    </point>
    <point>
      <x>0.71166664</x>
      <y>0.35333332</y>
      <w>0.6304985</w>
      <t>3967</t>
    </point>
    <point>
      <x>0.715</x>
      <y>0.355</y>
      <w>0.6304985</w>
      <t>3967</t>
    </point>
    <point>
      <x>0.71666664</x>
      <y>0.35666665</y>
      <w>0.6568915</w>
      <t>4000</t>
    </point>
    <point>
      <x>0.7183333</x>
      <y>0.35833332</y>
      <w>0.6568915</w>
      <t>4000</t>
    </point>
    <point>
      <x>0.7216667</x>
      <y>0.36</y>
      <w>0.6568915</w>
      <t>4000</t>
    </point>
    <point>
      <x>0.72333336</x>
      <y>0.36166668</y>
      <w>0.6568915</w>
      <t>4000</t>
    </point>
    <point>
      <x>0.725</x>
      <y>0.36333334</y>
      <w>0.6568915</w>
      <t>4000</t>
    </point>
    <point>
      <x>0.7266667</x>
      <y>0.365</y>
      <w>0.6871945</w>
      <t>4034</t>
    </point>
    <point>
      <x>0.72833335</x>
      <y>0.36666667</y>
      <w>0.6871945</w>
      <t>4034</t>
    </point>
    <point>
      <x>0.73</x>
      <y>0.36833334</y>
      <w>0.6871945</w>
      <t>4034</t>
    </point>
    <point>
      <x>0.7316667</x>
      <y>0.37</y>
      <w>0.6871945</w>
      <t>4034</t>
    </point>
    <point>
      <x>0.73333335</x>
      <y>0.37166667</y>
      <w>0.71652</w>
      <t>4067</t>
    </point>
    <point>
      <x>0.735</x>
      <y>0.37333333</y>
      <w>0.71652</w>
      <t>4067</t>
    </point>
    <point>
      <x>0.7366667</x>
      <y>0.375</y>
      <w>0.71652</w>
      <t>4067</t>
    </point>
    <point>
      <x>0.7366667</x>
      <y>0.37666667</y>
      <w>0.71652</w>
      <t>4067</t>
    </point>
    <point>
      <x>0.73833334</x>
      <y>0.37833333</y>
      <w>0.75073314</w>
      <t>4100</t>
    </point>
    <point>
      <x>0.74</x>
      <y>0.38</y>
      <w>0.75073314</w>
      <t>4100</t>
    </point>
    <point>
      <x>0.7416667</x>
      <y>0.38166666</y>
      <w>0.75073314</w>
      <t>4100</t>
    </point>
    <point>
      <x>0.7416667</x>
      <y>0.385</y>
      <w>0.75073314</w>
      <t>4100</t>
    </point>
    <point>
      <x>0.74333334</x>
      <y>0.38666666</y>
      <w>0.75073314</w>
      <t>4100</t>
    </point>
    <point>
      <x>0.745</x>
      <y>0.39</y>
      <w>0.7741935</w>
      <t>4134</t>
    </point>
    <point>
      <x>0.74666667</x>
      <y>0.39166668</y>
      <w>0.7741935</w>
      <t>4134</t>
    </point>
    <point>
      <x>0.74833333</x>
      <y>0.39333335</y>
      <w>0.7741935</w>
      <t>4134</t>
    </point>
    <point>
      <x>0.74833333</x>
      <y>0.39666668</y>
      <w>0.7741935</w>
      <t>4134</t>
    </point>
    <point>
      <x>0.75</x>
      <y>0.39833334</y>
      <w>0.7917889</w>
      <t>4167</t>
    </point>
    <point>
      <x>0.75</x>
      <y>0.40166667</y>
      <w>0.7917889</w>
      <t>4167</t>
    </point>
    <point>
      <x>0.75166667</x>
      <y>0.40333334</y>
      <w>0.7917889</w>
      <t>4167</t>
    </point>
    <point>
      <x>0.75166667</x>
      <y>0.40666667</y>
      <w>0.7917889</w>
      <t>4167</t>
    </point>
    <point>
      <x>0.75166667</x>
      <y>0.40833333</y>
      <w>0.7917889</w>
      <t>4167</t>
    </point>
    <point>
      <x>0.75333333</x>
      <y>0.41</y>
      <w>0.80938417</w>
      <t>4200</t>
    </point>
    <point>
      <x>0.75333333</x>
      <y>0.41166666</y>
      <w>0.80938417</w>
      <t>4200</t>
    </point>
    <point>
      <x>0.75333333</x>
      <y>0.41333333</y>
      <w>0.80938417</w>
      <t>4200</t>
    </point>
    <point>
      <x>0.75333333</x>
      <y>0.41666666</y>
      <w>0.80938417</w>
      <t>4200</t>
    </point>
    <point>
      <x>0.75333333</x>
      <y>0.41833332</y>
      <w>0.82111436</w>
      <t>4234</t>
    </point>
    <point>
      <x>0.75333333</x>
      <y>0.42</y>
      <w>0.82111436</w>
      <t>4234</t>
    </point>
    <point>
      <x>0.75333333</x>
      <y>0.42166665</y>
      <w>0.82111436</w>
      <t>4234</t>
    </point>
    <point>
      <x>0.75333333</x>
      <y>0.42333335</y>
      <w>0.82111436</w>
      <t>4234</t>
    </point>
    <point>
      <x>0.75333333</x>
      <y>0.425</y>
      <w>0.82111436</w>
      <t>4234</t>
    </point>
    <point>
      <x>0.75333333</x>
      <y>0.42666668</y>
      <w>0.8289345</w>
      <t>4267</t>
    </point>
    <point>
      <x>0.75333333</x>
      <y>0.42833334</y>
      <w>0.8289345</w>
      <t>4267</t>
    </point>
    <point>
      <x>0.75166667</x>
      <y>0.43</y>
      <w>0.8357771</w>
      <t>4300</t>
    </point>
    <point>
      <x>0.75166667</x>
      <y>0.43166667</y>
      <w>0.8357771</w>
      <t>4300</t>
    </point>
    <point>
      <x>0.75166667</x>
      <y>0.43333334</y>
      <w>0.8357771</w>
      <t>4300</t>
    </point>
    <point>
      <x>0.75166667</x>
      <y>0.435</y>
      <w>0.8357771</w>
      <t>4300</t>
    </point>
    <point>
      <x>0.75</x>
      <y>0.43666667</y>
      <w>0.8357771</w>
      <t>4300</t>
    </point>
    <point>
      <x>0.75</x>
      <y>0.43833333</y>
      <w>0.83870965</w>
      <t>4334</t>
    </point>
    <point>
      <x>0.74833333</x>
      <y>0.43833333</y>
      <w>0.83870965</w>
      <t>4334</t>
    </point>
    <point>
      <x>0.74833333</x>
      <y>0.44</y>
      <w>0.83870965</w>
      <t>4334</t>
    </point>
    <point>
      <x>0.74833333</x>
      <y>0.44166666</y>
      <w>0.83870965</w>
      <t>4334</t>
    </point>
    <point>
      <x>0.74666667</x>
      <y>0.44166666</y>
      <w>0.83968717</w>
      <t>4367</t>
    </point>
    <point>
      <x>0.74666667</x>
      <y>0.44333333</y>
      <w>0.83968717</w>
      <t>4367</t>
    </point>
    <point>
      <x>0.745</x>
      <y>0.445</y>
      <w>0.83968717</w>
      <t>4367</t>
    </point>
    <point>
      <x>0.74333334</x>
      <y>0.44666666</y>
      <w>0.83968717</w>
      <t>4367</t>
    </point>
    <point>
      <x>0.7416667</x>
      <y>0.45</y>
      <w>0.84359723</w>
      <t>4400</t>
    </point>
    <point>
      <x>0.74</x>
      <y>0.45166665</y>
      <w>0.84359723</w>
      <t>4400</t>
    </point>
    <point>
      <x>0.73833334</x>
      <y>0.45333335</y>
      <w>0.84359723</w>
      <t>4400</t>
    </point>
    <point>
      <x>0.73833334</x>
      <y>0.455</y>
      <w>0.84359723</w>
      <t>4400</t>
    </point>
    <point>
      <x>0.7366667</x>
      <y>0.45666668</y>
      <w>0.84359723</w>
      <t>4400</t>
    </point>
    <point>
      <x>0.735</x>
      <y>0.45833334</y>
      <w>0.8426197</w>
      <t>4433</t>
    </point>
    <point>
      <x>0.73333335</x>
      <y>0.46</y>
      <w>0.8426197</w>
      <t>4433</t>
    </point>
    <point>
      <x>0.7316667</x>
      <y>0.46</y>
      <w>0.8367546</w>
      <t>4466</t>
    </point>
    <point>
      <x>0.73</x>
      <y>0.46166667</y>
      <w>0.8367546</w>
      <t>4466</t>
    </point>
    <point>
      <x>0.72833335</x>
      <y>0.46333334</y>
      <w>0.8367546</w>
      <t>4466</t>
    </point>
    <point>
      <x>0.7266667</x>
      <y>0.465</y>
      <w>0.8367546</w>
      <t>4466</t>
    </point>
    <point>
      <x>0.72333336</x>
      <y>0.46666667</y>
      <w>0.8367546</w>
      <t>4466</t>
    </point>
    <point>
      <x>0.7216667</x>
      <y>0.46666667</y>
      <w>0.8289345</w>
      <t>4500</t>
    </point>
    <point>
      <x>0.72</x>
      <y>0.46833333</y>
      <w>0.8289345</w>
      <t>4500</t>
    </point>
    <point>
      <x>0.7183333</x>
      <y>0.46833333</y>
      <w>0.8289345</w>
      <t>4500</t>
    </point>
    <point>
      <x>0.71666664</x>
      <y>0.47</y>
      <w>0.8289345</w>
      <t>4500</t>
    </point>
    <point>
      <x>0.715</x>
      <y>0.47</y>
      <w>0.7986315</w>
      <t>4534</t>
    </point>
    <point>
      <x>0.7133333</x>
      <y>0.47</y>
      <w>0.7986315</w>
      <t>4534</t>
    </point>
    <point>
      <x>0.71</x>
      <y>0.47166666</y>
      <w>0.7986315</w>
      <t>4534</t>
    </point>
    <point>
      <x>0.7083333</x>
      <y>0.47166666</y>
      <w>0.7986315</w>
      <t>4534</t>
    </point>
    <point>
      <x>0.705</x>
      <y>0.47166666</y>
      <w>0.7986315</w>
      <t>4534</t>
    </point>
    <point>
      <x>0.70166665</x>
      <y>0.47166666</y>
      <w>0.70576733</w>
      <t>4567</t>
    </point>
    <point>
      <x>0.6983333</x>
      <y>0.47166666</y>
      <w>0.70576733</w>
      <t>4567</t>
    </point>
    <point>
      <x>0.695</x>
      <y>0.47166666</y>
      <w>0.70576733</w>
      <t>4567</t>
    </point>
    <point>
      <x>0.69166666</x>
      <y>0.47333333</y>
      <w>0.70576733</w>
      <t>4567</t>
    </point>
    <point>
      <x>0.68833333</x>
      <y>0.47333333</y>
      <w>0.6334311</w>
      <t>4600</t>
    </point>
    <point>
      <x>0.685</x>
      <y>0.47333333</y>
      <w>0.6334311</w>
      <t>4600</t>
    </point>
    <point>
      <x>0.68</x>
      <y>0.47333333</y>
      <w>0.6334311</w>
      <t>4600</t>
    </point>
    <point>
      <x>0.6766667</x>
      <y>0.47333333</y>
      <w>0.6334311</w>
      <t>4600</t>
    </point>
    <point>
      <x>0.67333335</x>
      <y>0.475</y>
      <w>0.6334311</w>
      <t>4600</t>
    </point>
    <point>
      <x>0.67</x>
      <y>0.475</y>
      <w>0.5522972</w>
      <t>4634</t>
    </point>
    <point>
      <x>0.6666667</x>
      <y>0.475</y>
      <w>0.5522972</w>
      <t>4634</t>
    </point>
    <point>
      <x>0.6616667</x>
      <y>0.475</y>
      <w>0.5522972</w>
      <t>4634</t>
    </point>
    <point>
      <x>0.65833336</x>
      <y>0.475</y>
      <w>0.5522972</w>
      <t>4634</t>
    </point>
    <point>
      <x>0.655</x>
      <y>0.475</y>
      <w>0.48582602</w>
      <t>4667</t>
    </point>
    <point>
      <x>0.65166664</x>
      <y>0.47666666</y>
      <w>0.48582602</w>
      <t>4667</t>
    </point>
    <point>
      <x>0.65</x>
      <y>0.47666666</y>
      <w>0.48582602</w>
      <t>4667</t>
    </point>
    <point>
      <x>0.64666665</x>
      <y>0.47666666</y>
      <w>0.48582602</w>
      <t>4667</t>
    </point>
    <point>
      <x>0.6433333</x>
      <y>0.47666666</y>
      <w>0.43108505</w>
      <t>4700</t>
    </point>
    <point>
      <x>0.64166665</x>
      <y>0.47666666</y>
      <w>0.43108505</w>
      <t>4700</t>
    </point>
    <point>
      <x>0.6383333</x>
      <y>0.47666666</y>
      <w>0.43108505</w>
      <t>4700</t>
    </point>
    <point>
      <x>0.635</x>
      <y>0.47666666</y>
      <w>0.43108505</w>
      <t>4700</t>
    </point>
    <point>
      <x>0.6333333</x>
      <y>0.47666666</y>
      <w>0.43108505</w>
      <t>4700</t>
    </point>
    <point>
      <x>0.63</x>
      <y>0.47666666</y>
      <w>0.43010753</w>
      <t>4733</t>
    </point>
    <point>
      <x>0.625</x>
      <y>0.47666666</y>
      <w>0.43010753</w>
      <t>4733</t>
    </point>
    <point>
      <x>0.62166667</x>
      <y>0.47666666</y>
      <w>0.43010753</w>
      <t>4733</t>
    </point>
    <point>
      <x>0.61833334</x>
      <y>0.47666666</y>
      <w>0.43010753</w>
      <t>4733</t>
    </point>
    <point>
      <x>0.61333334</x>
      <y>0.47833332</y>
      <w>0.4516129</w>
      <t>4766</t>
    </point>
    <point>
      <x>0.61</x>
      <y>0.47833332</y>
      <w>0.4516129</w>
      <t>4766</t>
    </point>
    <point>
      <x>0.605</x>
      <y>0.47833332</y>
      <w>0.4516129</w>
      <t>4766</t>
    </point>
    <point>
      <x>0.6016667</x>
      <y>0.48</y>
      <w>0.4516129</w>
      <t>4766</t>
    </point>
    <point>
      <x>0.5966667</x>
      <y>0.48</y>
      <w>0.4516129</w>
      <t>4766</t>
    </point>
    <point>
      <x>0.5933333</x>
      <y>0.48</y>
      <w>0.45943305</w>
      <t>4800</t>
    </point>
    <point>
      <x>0.5883333</x>
      <y>0.48</y>
      <w>0.45943305</w>
      <t>4800</t>
    </point>
    <point>
      <x>0.585</x>
      <y>0.48</y>
      <w>0.45943305</w>
      <t>4800</t>
    </point>
    <point>
      <x>0.58</x>
      <y>0.48166665</y>
      <w>0.45943305</w>
      <t>4800</t>
    </point>
    <point>
      <x>0.575</x>
      <y>0.48166665</y>
      <w>0.4516129</w>
      <t>4834</t>
    </point>
    <point>
      <x>0.57</x>
      <y>0.48166665</y>
      <w>0.4516129</w>
      <t>4834</t>
    </point>
    <point>
      <x>0.565</x>
      <y>0.48333332</y>
      <w>0.4516129</w>
      <t>4834</t>
    </point>
    <point>
      <x>0.56166667</x>
      <y>0.48333332</y>
      <w>0.4516129</w>
      <t>4834</t>
    </point>
    <point>
      <x>0.5566667</x>
      <y>0.485</y>
      <w>0.4516129</w>
      <t>4834</t>
    </point>
    <point>
      <x>0.55333334</x>
      <y>0.485</y>
      <w>0.4457478</w>
      <t>4867</t>
    </point>
    <point>
      <x>0.55</x>
      <y>0.48666668</y>
      <w>0.4457478</w>
      <t>4867</t>
    </point>
    <point>
      <x>0.54833335</x>
      <y>0.48666668</y>
      <w>0.4457478</w>
      <t>4867</t>
    </point>
    <point>
      <x>0.545</x>
      <y>0.48666668</y>
      <w>0.4457478</w>
      <t>4867</t>
    </point>
    <point>
      <x>0.545</x>
      <y>0.48833334</y>
      <w>0.44183773</w>
      <t>4900</t>
    </point>
    <point>
      <x>0.54333335</x>
      <y>0.48833334</y>
      <w>0.44183773</w>
      <t>4900</t>
    </point>
    <point>
      <x>0.54333335</x>
      <y>0.49</y>
      <w>0.47898337</w>
      <t>4967</t>
    </point>
    <point>
      <x>0.54333335</x>
      <y>0.49166667</y>
      <w>0.49266863</w>
      <t>5000</t>
    </point>
    <point>
      <x>0.5416667</x>
      <y>0.49166667</y>
      <w>0.49266863</w>
      <t>5000</t>
    </point>
    <point>
      <x>0.5416667</x>
      <y>0.49333334</y>
      <w>0.49266863</w>
      <t>5000</t>
    </point>
    <point>
      <x>0.5416667</x>
      <y>0.495</y>
      <w>0.49266863</w>
      <t>5000</t>
    </point>
    <point>
      <x>0.5416667</x>
      <y>0.49666667</y>
      <w>0.49266863</w>
      <t>5000</t>
    </point>
    <point>
      <x>0.5416667</x>
      <y>0.49833333</y>
      <w>0.52492666</w>
      <t>5033</t>
    </point>
    <point>
      <x>0.5416667</x>
      <y>0.5</y>
      <w>0.52492666</w>
      <t>5033</t>
    </point>
    <point>
      <x>0.5416667</x>
      <y>0.50166667</y>
      <w>0.54545456</w>
      <t>5067</t>
    </point>
    <point>
      <x>0.5416667</x>
      <y>0.50333333</y>
      <w>0.56304985</w>
      <t>5100</t>
    </point>
    <point>
      <x>0.54333335</x>
      <y>0.505</y>
      <w>0.56304985</w>
      <t>5100</t>
    </point>
    <point>
      <x>0.545</x>
      <y>0.50666666</y>
      <w>0.58162266</w>
      <t>5134</t>
    </point>
    <point>
      <x>0.5466667</x>
      <y>0.5083333</y>
      <w>0.58162266</w>
      <t>5134</t>
    </point>
    <point>
      <x>0.54833335</x>
      <y>0.51</y>
      <w>0.58162266</w>
      <t>5134</t>
    </point>
    <point>
      <x>0.54833335</x>
      <y>0.51166666</y>
      <w>0.58162266</w>
      <t>5134</t>
    </point>
    <point>
      <x>0.55</x>
      <y>0.5133333</y>
      <w>0.5913978</w>
      <t>5167</t>
    </point>
    <point>
      <x>0.5516667</x>
      <y>0.515</y>
      <w>0.5913978</w>
      <t>5167</t>
    </point>
    <point>
      <x>0.55333334</x>
      <y>0.51666665</y>
      <w>0.5913978</w>
      <t>5167</t>
    </point>
    <point>
      <x>0.555</x>
      <y>0.5183333</y>
      <w>0.59530795</w>
      <t>5200</t>
    </point>
    <point>
      <x>0.5566667</x>
      <y>0.5183333</y>
      <w>0.59530795</w>
      <t>5200</t>
    </point>
    <point>
      <x>0.5566667</x>
      <y>0.52</y>
      <w>0.59530795</w>
      <t>5200</t>
    </point>
    <point>
      <x>0.55833334</x>
      <y>0.52166665</y>
      <w>0.59530795</w>
      <t>5200</t>
    </point>
    <point>
      <x>0.56</x>
      <y>0.5233333</y>
      <w>0.59530795</w>
      <t>5200</t>
    </point>
    <point>
      <x>0.56166667</x>
      <y>0.525</y>
      <w>0.59628546</w>
      <t>5233</t>
    </point>
    <point>
      <x>0.56333333</x>
      <y>0.52666664</y>
      <w>0.59628546</w>
      <t>5233</t>
    </point>
    <point>
      <x>0.56333333</x>
      <y>0.5283333</y>
      <w>0.59628546</w>
      <t>5233</t>
    </point>
    <point>
      <x>0.565</x>
      <y>0.53</y>
      <w>0.59628546</w>
      <t>5233</t>
    </point>
    <point>
      <x>0.56666666</x>
      <y>0.53</y>
      <w>0.5982405</w>
      <t>5267</t>
    </point>
    <point>
      <x>0.5683333</x>
      <y>0.5316667</y>
      <w>0.5982405</w>
      <t>5267</t>
    </point>
    <point>
      <x>0.57</x>
      <y>0.53333336</y>
      <w>0.5982405</w>
      <t>5267</t>
    </point>
    <point>
      <x>0.57</x>
      <y>0.535</y>
      <w>0.5982405</w>
      <t>5267</t>
    </point>
    <point>
      <x>0.57166666</x>
      <y>0.5366667</y>
      <w>0.59433043</w>
      <t>5300</t>
    </point>
    <point>
      <x>0.5733333</x>
      <y>0.53833336</y>
      <w>0.59433043</w>
      <t>5300</t>
    </point>
    <point>
      <x>0.575</x>
      <y>0.54</y>
      <w>0.59433043</w>
      <t>5300</t>
    </point>
    <point>
      <x>0.575</x>
      <y>0.5416667</y>
      <w>0.59433043</w>
      <t>5300</t>
    </point>
    <point>
      <x>0.57666665</x>
      <y>0.5416667</y>
      <w>0.59433043</w>
      <t>5300</t>
    </point>
    <point>
      <x>0.57666665</x>
      <y>0.54333335</y>
      <w>0.5855327</w>
      <t>5334</t>
    </point>
    <point>
      <x>0.5783333</x>
      <y>0.545</y>
      <w>0.5855327</w>
      <t>5334</t>
    </point>
    <point>
      <x>0.5783333</x>
      <y>0.5466667</y>
      <w>0.5855327</w>
      <t>5334</t>
    </point>
    <point>
      <x>0.58</x>
      <y>0.54833335</y>
      <w>0.55718476</w>
      <t>5367</t>
    </point>
    <point>
      <x>0.58</x>
      <y>0.55</y>
      <w>0.55718476</w>
      <t>5367</t>
    </point>
    <point>
      <x>0.58166665</x>
      <y>0.5516667</y>
      <w>0.55718476</w>
      <t>5367</t>
    </point>
    <point>
      <x>0.58166665</x>
      <y>0.55333334</y>
      <w>0.55718476</w>
      <t>5367</t>
    </point>
    <point>
      <x>0.5833333</x>
      <y>0.555</y>
      <w>0.55718476</w>
      <t>5367</t>
    </point>
    <point>
      <x>0.5833333</x>
      <y>0.5566667</y>
      <w>0.52297163</w>
      <t>5400</t>
    </point>
    <point>
      <x>0.5833333</x>
      <y>0.55833334</y>
      <w>0.52297163</w>
      <t>5400</t>
    </point>
    <point>
      <x>0.585</x>
      <y>0.56</y>
      <w>0.52297163</w>
      <t>5400</t>
    </point>
    <point>
      <x>0.585</x>
      <y>0.56166667</y>
      <w>0.52297163</w>
      <t>5400</t>
    </point>
    <point>
      <x>0.585</x>
      <y>0.56333333</y>
      <w>0.48973608</w>
      <t>5433</t>
    </point>
    <point>
      <x>0.585</x>
      <y>0.565</y>
      <w>0.48973608</w>
      <t>5433</t>
    </point>
    <point>
      <x>0.585</x>
      <y>0.56666666</y>
      <w>0.48973608</w>
      <t>5433</t>
    </point>
    <point>
      <x>0.585</x>
      <y>0.5683333</y>
      <w>0.48973608</w>
      <t>5433</t>
    </point>
    <point>
      <x>0.585</x>
      <y>0.57</y>
      <w>0.48973608</w>
      <t>5433</t>
    </point>
    <point>
      <x>0.58666664</x>
      <y>0.57166666</y>
      <w>0.4799609</w>
      <t>5467</t>
    </point>
    <point>
      <x>0.58666664</x>
      <y>0.5733333</y>
      <w>0.4799609</w>
      <t>5467</t>
    </point>
    <point>
      <x>0.58666664</x>
      <y>0.575</y>
      <w>0.4799609</w>
      <t>5467</t>
    </point>
    <point>
      <x>0.58666664</x>
      <y>0.57666665</y>
      <w>0.4565005</w>
      <t>5500</t>
    </point>
    <point>
      <x>0.58666664</x>
      <y>0.5783333</y>
      <w>0.4565005</w>
      <t>5500</t>
    </point>
    <point>
      <x>0.58666664</x>
      <y>0.58</y>
      <w>0.4565005</w>
      <t>5500</t>
    </point>
    <point>
      <x>0.58666664</x>
      <y>0.58166665</y>
      <w>0.4565005</w>
      <t>5500</t>
    </point>
    <point>
      <x>0.58666664</x>
      <y>0.5833333</y>
      <w>0.42913002</w>
      <t>5533</t>
    </point>
    <point>
      <x>0.58666664</x>
      <y>0.585</y>
      <w>0.42913002</w>
      <t>5533</t>
    </point>
    <point>
      <x>0.58666664</x>
      <y>0.58666664</y>
      <w>0.42913002</w>
      <t>5533</t>
    </point>
    <point>
      <x>0.58666664</x>
      <y>0.5883333</y>
      <w>0.42913002</w>
      <t>5533</t>
    </point>
    <point>
      <x>0.58666664</x>
      <y>0.59</y>
      <w>0.39589444</w>
      <t>5566</t>
    </point>
    <point>
      <x>0.585</x>
      <y>0.59166664</y>
      <w>0.39589444</w>
      <t>5566</t>
    </point>
    <point>
      <x>0.585</x>
      <y>0.5933333</y>
      <w>0.39589444</w>
      <t>5566</t>
    </point>
    <point>
      <x>0.585</x>
      <y>0.5966667</y>
      <w>0.39589444</w>
      <t>5566</t>
    </point>
    <point>
      <x>0.585</x>
      <y>0.59833336</y>
      <w>0.32746822</w>
      <t>5600</t>
    </point>
    <point>
      <x>0.5833333</x>
      <y>0.6</y>
      <w>0.32746822</w>
      <t>5600</t>
    </point>
    <point>
      <x>0.5833333</x>
      <y>0.60333335</y>
      <w>0.32746822</w>
      <t>5600</t>
    </point>
    <point>
      <x>0.58166665</x>
      <y>0.605</y>
      <w>0.32746822</w>
      <t>5600</t>
    </point>
    <point>
      <x>0.58166665</x>
      <y>0.6066667</y>
      <w>0.32746822</w>
      <t>5600</t>
    </point>
    <point>
      <x>0.58166665</x>
      <y>0.60833335</y>
      <w>0.31867057</w>
      <t>5634</t>
    </point>
    <point>
      <x>0.58</x>
      <y>0.6116667</y>
      <w>0.31867057</w>
      <t>5634</t>
    </point>
    <point>
      <x>0.5783333</x>
      <y>0.61333334</y>
      <w>0.31867057</w>
      <t>5634</t>
    </point>
    <point>
      <x>0.5783333</x>
      <y>0.615</y>
      <w>0.31867057</w>
      <t>5634</t>
    </point>
    <point>
      <x>0.57666665</x>
      <y>0.61833334</y>
      <w>0.30107528</w>
      <t>5667</t>
    </point>
    <point>
      <x>0.57666665</x>
      <y>0.62</y>
      <w>0.30107528</w>
      <t>5667</t>
    </point>
    <point>
      <x>0.575</x>
      <y>0.62166667</y>
      <w>0.30107528</w>
      <t>5667</t>
    </point>
    <point>
      <x>0.5733333</x>
      <y>0.625</y>
      <w>0.30107528</w>
      <t>5667</t>
    </point>
    <point>
      <x>0.57166666</x>
      <y>0.62666667</y>
      <w>0.30107528</w>
      <t>5667</t>
    </point>
    <point>
      <x>0.57166666</x>
      <y>0.63</y>
      <w>0.26979473</w>
      <t>5700</t>
    </point>
    <point>
      <x>0.57</x>
      <y>0.6333333</y>
      <w>0.26979473</w>
      <t>5700</t>
    </point>
    <point>
      <x>0.5683333</x>
      <y>0.635</y>
      <w>0.26979473</w>
      <t>5700</t>
    </point>
    <point>
      <x>0.56666666</x>
      <y>0.6383333</y>
      <w>0.26979473</w>
      <t>5700</t>
    </point>
    <point>
      <x>0.56666666</x>
      <y>0.64</y>
      <w>0.15249267</w>
      <t>5733</t>
    </point>
    <point>
      <x>0.565</x>
      <y>0.6433333</y>
      <w>0.15249267</w>
      <t>5733</t>
    </point>
    <point>
      <x>0.56333333</x>
      <y>0.64666665</y>
      <w>0.15249267</w>
      <t>5733</t>
    </point>
    <point>
      <x>0.56166667</x>
      <y>0.6483333</y>
      <w>0.15249267</w>
      <t>5733</t>
    </point>
    <point>
      <x>0.56</x>
      <y>0.65166664</y>
      <w>0.15249267</w>
      <t>5733</t>
    </point>
    <point>
      <x>0.55833334</x>
      <y>0.655</y>
      <w>0.07526882</w>
      <t>5767</t>
    </point>
    <point>
      <x>0.555</x>
      <y>0.65833336</y>
      <w>0.07526882</w>
      <t>5767</t>
    </point>
    <point>
      <x>0.5516667</x>
      <y>0.6616667</y>
      <w>0.07526882</w>
      <t>5767</t>
    </point>
    <point>
      <x>0.55</x>
      <y>0.665</y>
      <w>0.07526882</w>
      <t>5767</t>
    </point>
    <point>
      <x>0.5466667</x>
      <y>0.67</y>
      <w>0.0</w>
      <t>5800</t>
    </point>
  </stroke>
  <stroke time="6467">
    <point>
      <x>0.38</x>
      <y>0.6566667</y>
      <w>0.07526882</w>
      <t>6467</t>
    </point>
    <point>
      <x>0.38</x>
      <y>0.65833336</y>
      <w>0.32942328</w>
      <t>6499</t>
    </point>
    <point>
      <x>0.38</x>
      <y>0.66</y>
      <w>0.44183773</w>
      <t>6533</t>
    </point>
    <point>
      <x>0.38</x>
      <y>0.6616667</y>
      <w>0.44183773</w>
      <t>6533</t>
    </point>
    <point>
      <x>0.38166666</x>
      <y>0.66333336</y>
      <w>0.44183773</w>
      <t>6533</t>
    </point>
    <point>
      <x>0.38333333</x>
      <y>0.6666667</y>
      <w>0.51808405</w>
      <t>6567</t>
    </point>
    <point>
      <x>0.385</x>
      <y>0.67</y>
      <w>0.51808405</w>
      <t>6567</t>
    </point>
    <point>
      <x>0.38666666</x>
      <y>0.6716667</y>
      <w>0.51808405</w>
      <t>6567</t>
    </point>
    <point>
      <x>0.38666666</x>
      <y>0.675</y>
      <w>0.51808405</w>
      <t>6567</t>
    </point>
    <point>
      <x>0.38833332</x>
      <y>0.6766667</y>
      <w>0.51808405</w>
      <t>6567</t>
    </point>
    <point>
      <x>0.39</x>
      <y>0.67833334</y>
      <w>0.55620724</w>
      <t>6600</t>
    </point>
    <point>
      <x>0.39</x>
      <y>0.68</y>
      <w>0.55620724</w>
      <t>6600</t>
    </point>
    <point>
      <x>0.39166668</x>
      <y>0.6816667</y>
      <w>0.55620724</w>
      <t>6600</t>
    </point>
    <point>
      <x>0.39166668</x>
      <y>0.68333334</y>
      <w>0.55620724</w>
      <t>6600</t>
    </point>
    <point>
      <x>0.39333335</x>
      <y>0.685</y>
      <w>0.5610948</w>
      <t>6634</t>
    </point>
    <point>
      <x>0.39333335</x>
      <y>0.68666667</y>
      <w>0.5610948</w>
      <t>6634</t>
    </point>
    <point>
      <x>0.395</x>
      <y>0.68666667</y>
      <w>0.56304985</w>
      <t>6733</t>
    </point>
    <point>
      <x>0.39666668</x>
      <y>0.68666667</y>
      <w>0.56304985</w>
      <t>6733</t>
    </point>
    <point>
      <x>0.39833334</x>
      <y>0.68666667</y>
      <w>0.5659824</w>
      <t>6766</t>
    </point>
    <point>
      <x>0.4</x>
      <y>0.68666667</y>
      <w>0.5659824</w>
      <t>6766</t>
    </point>
    <point>
      <x>0.4</x>
      <y>0.68833333</y>
      <w>0.5659824</w>
      <t>6766</t>
    </point>
    <point>
      <x>0.40166667</x>
      <y>0.68833333</y>
      <w>0.56402737</w>
      <t>6800</t>
    </point>
    <point>
      <x>0.40333334</x>
      <y>0.68833333</y>
      <w>0.56402737</w>
      <t>6800</t>
    </point>
    <point>
      <x>0.405</x>
      <y>0.68833333</y>
      <w>0.56402737</w>
      <t>6800</t>
    </point>
    <point>
      <x>0.40666667</x>
      <y>0.68833333</y>
      <w>0.56402737</w>
      <t>6800</t>
    </point>
    <point>
      <x>0.40833333</x>
      <y>0.68833333</y>
      <w>0.56402737</w>
      <t>6800</t>
    </point>
    <point>
      <x>0.41</x>
      <y>0.68833333</y>
      <w>0.56304985</w>
      <t>6834</t>
    </point>
    <point>
      <x>0.41166666</x>
      <y>0.68833333</y>
      <w>0.56304985</w>
      <t>6834</t>
    </point>
    <point>
      <x>0.41333333</x>
      <y>0.68666667</y>
      <w>0.56304985</w>
      <t>6834</t>
    </point>
    <point>
      <x>0.41666666</x>
      <y>0.68666667</y>
      <w>0.56304985</w>
      <t>6834</t>
    </point>
    <point>
      <x>0.42</x>
      <y>0.685</y>
      <w>0.53372437</w>
      <t>6867</t>
    </point>
    <point>
      <x>0.42333335</x>
      <y>0.68333334</y>
      <w>0.53372437</w>
      <t>6867</t>
    </point>
    <point>
      <x>0.42666668</x>
      <y>0.6816667</y>
      <w>0.53372437</w>
      <t>6867</t>
    </point>
    <point>
      <x>0.43166667</x>
      <y>0.67833334</y>
      <w>0.53372437</w>
      <t>6867</t>
    </point>
    <point>
      <x>0.43666667</x>
      <y>0.675</y>
      <w>0.53372437</w>
      <t>6867</t>
    </point>
    <point>
      <x>0.44333333</x>
      <y>0.6716667</y>
      <w>0.18181819</w>
      <t>6900</t>
    </point>
    <point>
      <x>0.45</x>
      <y>0.66833335</y>
      <w>0.18181819</w>
      <t>6900</t>
    </point>
    <point>
      <x>0.45666668</x>
      <y>0.665</y>
      <w>0.18181819</w>
      <t>6900</t>
    </point>
  </stroke>
  <stroke time="7333">
    <point>
      <x>0.6816667</x>
      <y>0.615</y>
      <w>0.26197457</w>
      <t>7333</t>
    </point>
    <point>
      <x>0.68333334</x>
      <y>0.615</y>
      <w>0.26197457</w>
      <t>7333</t>
    </point>
    <point>
      <x>0.685</x>
      <y>0.615</y>
      <w>0.5219941</w>
      <t>7367</t>
    </point>
    <point>
      <x>0.68666667</x>
      <y>0.6166667</y>
      <w>0.5219941</w>
      <t>7367</t>
    </point>
    <point>
      <x>0.69</x>
      <y>0.61833334</y>
      <w>0.5219941</w>
      <t>7367</t>
    </point>
    <point>
      <x>0.6933333</x>
      <y>0.62</y>
      <w>0.5219941</w>
      <t>7367</t>
    </point>
    <point>
      <x>0.6983333</x>
      <y>0.62166667</y>
      <w>0.58064514</w>
      <t>7400</t>
    </point>
    <point>
      <x>0.70166665</x>
      <y>0.62333333</y>
      <w>0.58064514</w>
      <t>7400</t>
    </point>
    <point>
      <x>0.705</x>
      <y>0.625</y>
      <w>0.58064514</w>
      <t>7400</t>
    </point>
    <point>
      <x>0.7083333</x>
      <y>0.625</y>
      <w>0.58064514</w>
      <t>7400</t>
    </point>
    <point>
      <x>0.71166664</x>
      <y>0.62666667</y>
      <w>0.58064514</w>
      <t>7400</t>
    </point>
    <point>
      <x>0.7133333</x>
      <y>0.62833333</y>
      <w>0.63147604</w>
      <t>7434</t>
    </point>
    <point>
      <x>0.71666664</x>
      <y>0.63</y>
      <w>0.63147604</w>
      <t>7434</t>
    </point>
    <point>
      <x>0.72</x>
      <y>0.63166666</y>
      <w>0.63147604</w>
      <t>7434</t>
    </point>
    <point>
      <x>0.7216667</x>
      <y>0.6333333</y>
      <w>0.63147604</w>
      <t>7434</t>
    </point>
    <point>
      <x>0.72333336</x>
      <y>0.635</y>
      <w>0.6520039</w>
      <t>7466</t>
    </point>
    <point>
      <x>0.7266667</x>
      <y>0.63666666</y>
      <w>0.6520039</w>
      <t>7466</t>
    </point>
    <point>
      <x>0.73</x>
      <y>0.6383333</y>
      <w>0.6520039</w>
      <t>7466</t>
    </point>
    <point>
      <x>0.73</x>
      <y>0.64</y>
      <w>0.6520039</w>
      <t>7466</t>
    </point>
    <point>
      <x>0.7316667</x>
      <y>0.64</y>
      <w>0.7155425</w>
      <t>7500</t>
    </point>
    <point>
      <x>0.7316667</x>
      <y>0.64166665</y>
      <w>0.7155425</w>
      <t>7500</t>
    </point>
    <point>
      <x>0.73333335</x>
      <y>0.6433333</y>
      <w>0.7155425</w>
      <t>7500</t>
    </point>
    <point>
      <x>0.73333335</x>
      <y>0.645</y>
      <w>0.7155425</w>
      <t>7500</t>
    </point>
    <point>
      <x>0.735</x>
      <y>0.645</y>
      <w>0.75659823</w>
      <t>7533</t>
    </point>
    <point>
      <x>0.7366667</x>
      <y>0.64666665</y>
      <w>0.75659823</w>
      <t>7533</t>
    </point>
    <point>
      <x>0.7366667</x>
      <y>0.6483333</y>
      <w>0.75659823</w>
      <t>7533</t>
    </point>
    <point>
      <x>0.73833334</x>
      <y>0.65</y>
      <w>0.75659823</w>
      <t>7533</t>
    </point>
    <point>
      <x>0.73833334</x>
      <y>0.65166664</y>
      <w>0.75659823</w>
      <t>7533</t>
    </point>
    <point>
      <x>0.74</x>
      <y>0.65166664</y>
      <w>0.7722385</w>
      <t>7566</t>
    </point>
    <point>
      <x>0.74</x>
      <y>0.6533333</y>
      <w>0.7722385</w>
      <t>7566</t>
    </point>
    <point>
      <x>0.74</x>
      <y>0.655</y>
      <w>0.7722385</w>
      <t>7566</t>
    </point>
    <point>
      <x>0.7416667</x>
      <y>0.655</y>
      <w>0.7722385</w>
      <t>7566</t>
    </point>
    <point>
      <x>0.7416667</x>
      <y>0.6566667</y>
      <w>0.7878788</w>
      <t>7599</t>
    </point>
    <point>
      <x>0.7416667</x>
      <y>0.65833336</y>
      <w>0.7878788</w>
      <t>7599</t>
    </point>
    <point>
      <x>0.7416667</x>
      <y>0.66</y>
      <w>0.7878788</w>
      <t>7599</t>
    </point>
    <point>
      <x>0.74333334</x>
      <y>0.66</y>
      <w>0.7878788</w>
      <t>7599</t>
    </point>
    <point>
      <x>0.74333334</x>
      <y>0.6616667</y>
      <w>0.78983384</w>
      <t>7633</t>
    </point>
    <point>
      <x>0.74333334</x>
      <y>0.66333336</y>
      <w>0.78983384</w>
      <t>7633</t>
    </point>
    <point>
      <x>0.74333334</x>
      <y>0.665</y>
      <w>0.7927664</w>
      <t>7666</t>
    </point>
    <point>
      <x>0.74333334</x>
      <y>0.6666667</y>
      <w>0.7927664</w>
      <t>7666</t>
    </point>
    <point>
      <x>0.74333334</x>
      <y>0.66833335</y>
      <w>0.79667646</w>
      <t>7700</t>
    </point>
    <point>
      <x>0.74333334</x>
      <y>0.67</y>
      <w>0.79667646</w>
      <t>7700</t>
    </point>
    <point>
      <x>0.7416667</x>
      <y>0.6716667</y>
      <w>0.79667646</w>
      <t>7700</t>
    </point>
    <point>
      <x>0.74</x>
      <y>0.67333335</y>
      <w>0.78396875</w>
      <t>7733</t>
    </point>
    <point>
      <x>0.73833334</x>
      <y>0.675</y>
      <w>0.78396875</w>
      <t>7733</t>
    </point>
    <point>
      <x>0.7366667</x>
      <y>0.6766667</y>
      <w>0.78396875</w>
      <t>7733</t>
    </point>
    <point>
      <x>0.73333335</x>
      <y>0.67833334</y>
      <w>0.78396875</w>
      <t>7733</t>
    </point>
    <point>
      <x>0.7316667</x>
      <y>0.6816667</y>
      <w>0.7722385</w>
      <t>7767</t>
    </point>
    <point>
      <x>0.72833335</x>
      <y>0.68333334</y>
      <w>0.7722385</w>
      <t>7767</t>
    </point>
    <point>
      <x>0.725</x>
      <y>0.685</y>
      <w>0.7722385</w>
      <t>7767</t>
    </point>
    <point>
      <x>0.7216667</x>
      <y>0.68666667</y>
      <w>0.7722385</w>
      <t>7767</t>
    </point>
    <point>
      <x>0.7183333</x>
      <y>0.68833333</y>
      <w>0.7722385</w>
      <t>7767</t>
    </point>
    <point>
      <x>0.7133333</x>
      <y>0.69</y>
      <w>0.4965787</w>
      <t>7800</t>
    </point>
    <point>
      <x>0.70666665</x>
      <y>0.69166666</y>
      <w>0.4965787</w>
      <t>7800</t>
    </point>
    <point>
      <x>0.70166665</x>
      <y>0.6933333</y>
      <w>0.4965787</w>
      <t>7800</t>
    </point>
    <point>
      <x>0.695</x>
      <y>0.69666666</y>
      <w>0.4965787</w>
      <t>7800</t>
    </point>
    <point>
      <x>0.69</x>
      <y>0.6983333</y>
      <w>0.0</w>
      <t>7834</t>
    </point>
    <point>
      <x>0.685</x>
      <y>0.7</y>
      <w>0.0</w>
      <t>7834</t>
    </point>
  </stroke>
</character>
