<?xml version="1.0" encoding="UTF-8"?>
<character>
  <stroke time="0">
    <point>
      <x>0.30666667</x>
      <y>0.14666666</y>
      <w>0.09872923</w>
      <t>36</t>
    </point>
    <point>
      <x>0.30666667</x>
      <y>0.14833333</y>
      <w>0.63245356</w>
      <t>166</t>
    </point>
    <point>
      <x>0.30666667</x>
      <y>0.15</y>
      <w>0.63245356</w>
      <t>166</t>
    </point>
    <point>
      <x>0.30666667</x>
      <y>0.15333334</y>
      <w>0.63245356</w>
      <t>166</t>
    </point>
    <point>
      <x>0.30666667</x>
      <y>0.15666667</y>
      <w>0.63245356</w>
      <t>167</t>
    </point>
    <point>
      <x>0.30666667</x>
      <y>0.16166666</y>
      <w>0.67741936</w>
      <t>199</t>
    </point>
    <point>
      <x>0.30833334</x>
      <y>0.165</y>
      <w>0.67741936</w>
      <t>199</t>
    </point>
    <point>
      <x>0.30833334</x>
      <y>0.17</y>
      <w>0.67741936</w>
      <t>199</t>
    </point>
    <point>
      <x>0.31</x>
      <y>0.175</y>
      <w>0.67741936</w>
      <t>200</t>
    </point>
    <point>
      <x>0.31166667</x>
      <y>0.185</y>
      <w>0.73998046</w>
      <t>233</t>
    </point>
    <point>
      <x>0.31333333</x>
      <y>0.18833333</y>
      <w>0.73998046</w>
      <t>233</t>
    </point>
    <point>
      <x>0.31333333</x>
      <y>0.19166666</y>
      <w>0.73998046</w>
      <t>233</t>
    </point>
    <point>
      <x>0.315</x>
      <y>0.19333333</y>
      <w>0.73998046</w>
      <t>234</t>
    </point>
    <point>
      <x>0.315</x>
      <y>0.195</y>
      <w>0.76344085</w>
      <t>266</t>
    </point>
    <point>
      <x>0.31666666</x>
      <y>0.195</y>
      <w>0.76344085</w>
      <t>266</t>
    </point>
    <point>
      <x>0.31833333</x>
      <y>0.195</y>
      <w>0.79667646</w>
      <t>366</t>
    </point>
    <point>
      <x>0.32</x>
      <y>0.195</y>
      <w>0.78983384</w>
      <t>399</t>
    </point>
    <point>
      <x>0.32333332</x>
      <y>0.19333333</y>
      <w>0.78983384</w>
      <t>399</t>
    </point>
    <point>
      <x>0.32666665</x>
      <y>0.19</y>
      <w>0.78983384</w>
      <t>399</t>
    </point>
    <point>
      <x>0.33</x>
      <y>0.18833333</y>
      <w>0.78983384</w>
      <t>400</t>
    </point>
    <point>
      <x>0.33333334</x>
      <y>0.185</y>
      <w>0.7595308</w>
      <t>433</t>
    </point>
    <point>
      <x>0.33666667</x>
      <y>0.18166667</y>
      <w>0.7595308</w>
      <t>433</t>
    </point>
    <point>
      <x>0.34</x>
      <y>0.17666666</y>
      <w>0.7595308</w>
      <t>433</t>
    </point>
    <point>
      <x>0.34333333</x>
      <y>0.17333333</y>
      <w>0.7595308</w>
      <t>433</t>
    </point>
    <point>
      <x>0.34666666</x>
      <y>0.17166667</y>
      <w>0.7595308</w>
      <t>434</t>
    </point>
    <point>
      <x>0.34833333</x>
      <y>0.16833334</y>
      <w>0.59433043</w>
      <t>466</t>
    </point>
    <point>
      <x>0.35166666</x>
      <y>0.165</y>
      <w>0.59433043</w>
      <t>466</t>
    </point>
    <point>
      <x>0.35333332</x>
      <y>0.16333333</y>
      <w>0.59433043</w>
      <t>466</t>
    </point>
    <point>
      <x>0.35666665</x>
      <y>0.16</y>
      <w>0.59433043</w>
      <t>466</t>
    </point>
    <point>
      <x>0.35833332</x>
      <y>0.15833333</y>
      <w>0.0</w>
      <t>500</t>
    </point>
    <point>
      <x>0.36166668</x>
      <y>0.15666667</y>
      <w>0.0</w>
      <t>500</t>
    </point>
    <point>
      <x>0.36333334</x>
      <y>0.15666667</y>
      <w>0.0</w>
      <t>500</t>
    </point>
  </stroke>
  <stroke time="1100">
    <point>
      <x>0.6116667</x>
      <y>0.09</y>
      <w>0.29423264</w>
      <t>1133</t>
    </point>
    <point>
      <x>0.6116667</x>
      <y>0.09166667</y>
      <w>0.29423264</w>
      <t>1133</t>
    </point>
    <point>
      <x>0.61333334</x>
      <y>0.093333334</y>
      <w>0.53763443</w>
      <t>1200</t>
    </point>
    <point>
      <x>0.615</x>
      <y>0.093333334</y>
      <w>0.53763443</w>
      <t>1200</t>
    </point>
    <point>
      <x>0.615</x>
      <y>0.095</y>
      <w>0.53763443</w>
      <t>1200</t>
    </point>
    <point>
      <x>0.6166667</x>
      <y>0.096666664</y>
      <w>0.5835777</w>
      <t>1233</t>
    </point>
    <point>
      <x>0.61833334</x>
      <y>0.09833334</y>
      <w>0.5835777</w>
      <t>1233</t>
    </point>
    <point>
      <x>0.62</x>
      <y>0.1</y>
      <w>0.5835777</w>
      <t>1233</t>
    </point>
    <point>
      <x>0.62166667</x>
      <y>0.10166667</y>
      <w>0.5835777</w>
      <t>1233</t>
    </point>
    <point>
      <x>0.62333333</x>
      <y>0.10333333</y>
      <w>0.61974585</w>
      <t>1267</t>
    </point>
    <point>
      <x>0.625</x>
      <y>0.10333333</y>
      <w>0.61974585</w>
      <t>1267</t>
    </point>
    <point>
      <x>0.625</x>
      <y>0.105</y>
      <w>0.61974585</w>
      <t>1267</t>
    </point>
    <point>
      <x>0.625</x>
      <y>0.10666667</y>
      <w>0.61974585</w>
      <t>1268</t>
    </point>
    <point>
      <x>0.62666667</x>
      <y>0.108333334</y>
      <w>0.61974585</w>
      <t>1268</t>
    </point>
    <point>
      <x>0.62666667</x>
      <y>0.11</y>
      <w>0.62658846</w>
      <t>1300</t>
    </point>
    <point>
      <x>0.62833333</x>
      <y>0.11</y>
      <w>0.6363636</w>
      <t>1333</t>
    </point>
    <point>
      <x>0.62833333</x>
      <y>0.111666664</y>
      <w>0.6363636</w>
      <t>1333</t>
    </point>
    <point>
      <x>0.62833333</x>
      <y>0.11333334</y>
      <w>0.6363636</w>
      <t>1333</t>
    </point>
    <point>
      <x>0.62833333</x>
      <y>0.115</y>
      <w>0.6363636</w>
      <t>1333</t>
    </point>
    <point>
      <x>0.62833333</x>
      <y>0.11666667</y>
      <w>0.6471163</w>
      <t>1366</t>
    </point>
    <point>
      <x>0.62833333</x>
      <y>0.11833333</y>
      <w>0.6471163</w>
      <t>1366</t>
    </point>
    <point>
      <x>0.62833333</x>
      <y>0.12</y>
      <w>0.6471163</w>
      <t>1366</t>
    </point>
    <point>
      <x>0.62833333</x>
      <y>0.12166667</y>
      <w>0.6735093</w>
      <t>1400</t>
    </point>
    <point>
      <x>0.62833333</x>
      <y>0.123333335</y>
      <w>0.6735093</w>
      <t>1400</t>
    </point>
    <point>
      <x>0.62666667</x>
      <y>0.125</y>
      <w>0.6735093</w>
      <t>1400</t>
    </point>
    <point>
      <x>0.625</x>
      <y>0.12666667</y>
      <w>0.6735093</w>
      <t>1401</t>
    </point>
    <point>
      <x>0.625</x>
      <y>0.12833333</y>
      <w>0.6735093</w>
      <t>1401</t>
    </point>
    <point>
      <x>0.62333333</x>
      <y>0.13166666</y>
      <w>0.684262</w>
      <t>1433</t>
    </point>
    <point>
      <x>0.62166667</x>
      <y>0.13333334</y>
      <w>0.684262</w>
      <t>1433</t>
    </point>
    <point>
      <x>0.62</x>
      <y>0.13666667</y>
      <w>0.684262</w>
      <t>1433</t>
    </point>
    <point>
      <x>0.61833334</x>
      <y>0.14</y>
      <w>0.684262</w>
      <t>1433</t>
    </point>
    <point>
      <x>0.6166667</x>
      <y>0.14333333</y>
      <w>0.6871945</w>
      <t>1466</t>
    </point>
    <point>
      <x>0.61333334</x>
      <y>0.14666666</y>
      <w>0.6871945</w>
      <t>1466</t>
    </point>
    <point>
      <x>0.6116667</x>
      <y>0.15</y>
      <w>0.6871945</w>
      <t>1466</t>
    </point>
    <point>
      <x>0.60833335</x>
      <y>0.15333334</y>
      <w>0.6871945</w>
      <t>1466</t>
    </point>
    <point>
      <x>0.605</x>
      <y>0.15666667</y>
      <w>0.6803519</w>
      <t>1500</t>
    </point>
    <point>
      <x>0.6016667</x>
      <y>0.16</y>
      <w>0.6803519</w>
      <t>1500</t>
    </point>
    <point>
      <x>0.59833336</x>
      <y>0.16333333</y>
      <w>0.6803519</w>
      <t>1500</t>
    </point>
    <point>
      <x>0.595</x>
      <y>0.16666667</y>
      <w>0.6803519</w>
      <t>1500</t>
    </point>
    <point>
      <x>0.59166664</x>
      <y>0.17</y>
      <w>0.6803519</w>
      <t>1501</t>
    </point>
    <point>
      <x>0.58666664</x>
      <y>0.17333333</y>
      <w>0.6304985</w>
      <t>1533</t>
    </point>
    <point>
      <x>0.5833333</x>
      <y>0.17833333</y>
      <w>0.6304985</w>
      <t>1535</t>
    </point>
    <point>
      <x>0.5783333</x>
      <y>0.18333334</y>
      <w>0.6304985</w>
      <t>1535</t>
    </point>
    <point>
      <x>0.575</x>
      <y>0.18666667</y>
      <w>0.6304985</w>
      <t>1535</t>
    </point>
    <point>
      <x>0.57</x>
      <y>0.19166666</y>
      <w>0.6304985</w>
      <t>1535</t>
    </point>
    <point>
      <x>0.56666666</x>
      <y>0.19666667</y>
      <w>0.62561095</w>
      <t>1566</t>
    </point>
    <point>
      <x>0.56166667</x>
      <y>0.2</y>
      <w>0.62561095</w>
      <t>1566</t>
    </point>
    <point>
      <x>0.55833334</x>
      <y>0.205</y>
      <w>0.62561095</w>
      <t>1566</t>
    </point>
    <point>
      <x>0.555</x>
      <y>0.21</y>
      <w>0.62561095</w>
      <t>1566</t>
    </point>
    <point>
      <x>0.55</x>
      <y>0.215</y>
      <w>0.5786901</w>
      <t>1599</t>
    </point>
    <point>
      <x>0.5466667</x>
      <y>0.21833333</y>
      <w>0.5786901</w>
      <t>1599</t>
    </point>
    <point>
      <x>0.5416667</x>
      <y>0.22333333</y>
      <w>0.5786901</w>
      <t>1599</t>
    </point>
    <point>
      <x>0.5366667</x>
      <y>0.23</y>
      <w>0.5786901</w>
      <t>1601</t>
    </point>
    <point>
      <x>0.53333336</x>
      <y>0.235</y>
      <w>0.51710653</w>
      <t>1633</t>
    </point>
    <point>
      <x>0.5283333</x>
      <y>0.24</y>
      <w>0.51710653</w>
      <t>1633</t>
    </point>
    <point>
      <x>0.525</x>
      <y>0.24333334</y>
      <w>0.51710653</w>
      <t>1633</t>
    </point>
    <point>
      <x>0.52</x>
      <y>0.24833333</y>
      <w>0.51710653</w>
      <t>1633</t>
    </point>
    <point>
      <x>0.5133333</x>
      <y>0.25333333</y>
      <w>0.51710653</w>
      <t>1634</t>
    </point>
    <point>
      <x>0.5083333</x>
      <y>0.25833333</y>
      <w>0.29716522</w>
      <t>1666</t>
    </point>
    <point>
      <x>0.50166667</x>
      <y>0.265</y>
      <w>0.29716522</w>
      <t>1666</t>
    </point>
    <point>
      <x>0.495</x>
      <y>0.27</y>
      <w>0.29716522</w>
      <t>1666</t>
    </point>
    <point>
      <x>0.49</x>
      <y>0.27833334</y>
      <w>0.29716522</w>
      <t>1666</t>
    </point>
    <point>
      <x>0.48166665</x>
      <y>0.28666666</y>
      <w>0.0</w>
      <t>1699</t>
    </point>
  </stroke>
  <stroke time="2466">
    <point>
      <x>0.22833334</x>
      <y>0.48166665</y>
      <w>0.35092863</w>
      <t>2533</t>
    </point>
    <point>
      <x>0.23</x>
      <y>0.485</y>
      <w>0.45356795</w>
      <t>2566</t>
    </point>
    <point>
      <x>0.23166667</x>
      <y>0.48666668</y>
      <w>0.45356795</w>
      <t>2566</t>
    </point>
    <point>
      <x>0.23333333</x>
      <y>0.48833334</y>
      <w>0.45356795</w>
      <t>2566</t>
    </point>
    <point>
      <x>0.23333333</x>
      <y>0.49</y>
      <w>0.45356795</w>
      <t>2566</t>
    </point>
    <point>
      <x>0.235</x>
      <y>0.49166667</y>
      <w>0.4809384</w>
      <t>2599</t>
    </point>
    <point>
      <x>0.23666666</x>
      <y>0.49333334</y>
      <w>0.4809384</w>
      <t>2599</t>
    </point>
    <point>
      <x>0.23833333</x>
      <y>0.495</y>
      <w>0.51221895</w>
      <t>2633</t>
    </point>
    <point>
      <x>0.24</x>
      <y>0.495</y>
      <w>0.51221895</w>
      <t>2633</t>
    </point>
    <point>
      <x>0.24</x>
      <y>0.49666667</y>
      <w>0.51221895</w>
      <t>2633</t>
    </point>
    <point>
      <x>0.24166666</x>
      <y>0.49666667</y>
      <w>0.51221895</w>
      <t>2633</t>
    </point>
    <point>
      <x>0.24333334</x>
      <y>0.49666667</y>
      <w>0.5356794</w>
      <t>2666</t>
    </point>
    <point>
      <x>0.245</x>
      <y>0.49833333</y>
      <w>0.5356794</w>
      <t>2666</t>
    </point>
    <point>
      <x>0.24666667</x>
      <y>0.49833333</y>
      <w>0.5356794</w>
      <t>2666</t>
    </point>
    <point>
      <x>0.24833333</x>
      <y>0.49833333</y>
      <w>0.5493646</w>
      <t>2700</t>
    </point>
    <point>
      <x>0.25</x>
      <y>0.49833333</y>
      <w>0.5493646</w>
      <t>2700</t>
    </point>
    <point>
      <x>0.25166667</x>
      <y>0.5</y>
      <w>0.5493646</w>
      <t>2700</t>
    </point>
    <point>
      <x>0.25333333</x>
      <y>0.5</y>
      <w>0.5493646</w>
      <t>2700</t>
    </point>
    <point>
      <x>0.255</x>
      <y>0.5</y>
      <w>0.5581623</w>
      <t>2733</t>
    </point>
    <point>
      <x>0.25833333</x>
      <y>0.5</y>
      <w>0.5581623</w>
      <t>2733</t>
    </point>
    <point>
      <x>0.26</x>
      <y>0.5</y>
      <w>0.5581623</w>
      <t>2733</t>
    </point>
    <point>
      <x>0.26333332</x>
      <y>0.5</y>
      <w>0.5581623</w>
      <t>2733</t>
    </point>
    <point>
      <x>0.26666668</x>
      <y>0.49833333</y>
      <w>0.5659824</w>
      <t>2766</t>
    </point>
    <point>
      <x>0.27</x>
      <y>0.49833333</y>
      <w>0.5659824</w>
      <t>2766</t>
    </point>
    <point>
      <x>0.27333334</x>
      <y>0.49666667</y>
      <w>0.5659824</w>
      <t>2766</t>
    </point>
    <point>
      <x>0.27833334</x>
      <y>0.495</y>
      <w>0.5659824</w>
      <t>2766</t>
    </point>
    <point>
      <x>0.28333333</x>
      <y>0.49333334</y>
      <w>0.5659824</w>
      <t>2766</t>
    </point>
    <point>
      <x>0.28666666</x>
      <y>0.49166667</y>
      <w>0.5826002</w>
      <t>2800</t>
    </point>
    <point>
      <x>0.29166666</x>
      <y>0.48833334</y>
      <w>0.5826002</w>
      <t>2800</t>
    </point>
    <point>
      <x>0.29666665</x>
      <y>0.48666668</y>
      <w>0.5826002</w>
      <t>2800</t>
    </point>
    <point>
      <x>0.30333334</x>
      <y>0.48333332</y>
      <w>0.5826002</w>
      <t>2801</t>
    </point>
    <point>
      <x>0.30833334</x>
      <y>0.48</y>
      <w>0.5855327</w>
      <t>2833</t>
    </point>
    <point>
      <x>0.315</x>
      <y>0.47833332</y>
      <w>0.58651024</w>
      <t>2833</t>
    </point>
    <point>
      <x>0.32166666</x>
      <y>0.475</y>
      <w>0.58651024</w>
      <t>2833</t>
    </point>
    <point>
      <x>0.32833335</x>
      <y>0.47166666</y>
      <w>0.58651024</w>
      <t>2833</t>
    </point>
    <point>
      <x>0.335</x>
      <y>0.46666667</y>
      <w>0.58651024</w>
      <t>2834</t>
    </point>
    <point>
      <x>0.34333333</x>
      <y>0.46333334</y>
      <w>0.5845552</w>
      <t>2866</t>
    </point>
    <point>
      <x>0.35</x>
      <y>0.46</y>
      <w>0.5845552</w>
      <t>2866</t>
    </point>
    <point>
      <x>0.35666665</x>
      <y>0.45833334</y>
      <w>0.5845552</w>
      <t>2866</t>
    </point>
    <point>
      <x>0.365</x>
      <y>0.455</y>
      <w>0.5845552</w>
      <t>2866</t>
    </point>
    <point>
      <x>0.37166667</x>
      <y>0.45</y>
      <w>0.58651024</w>
      <t>2899</t>
    </point>
    <point>
      <x>0.38</x>
      <y>0.44666666</y>
      <w>0.58651024</w>
      <t>2899</t>
    </point>
    <point>
      <x>0.38833332</x>
      <y>0.44166666</y>
      <w>0.58651024</w>
      <t>2899</t>
    </point>
    <point>
      <x>0.39833334</x>
      <y>0.43666667</y>
      <w>0.58651024</w>
      <t>2899</t>
    </point>
    <point>
      <x>0.40666667</x>
      <y>0.43166667</y>
      <w>0.58162266</w>
      <t>2933</t>
    </point>
    <point>
      <x>0.41666666</x>
      <y>0.42666668</y>
      <w>0.58162266</w>
      <t>2933</t>
    </point>
    <point>
      <x>0.42666668</x>
      <y>0.42166665</y>
      <w>0.58162266</w>
      <t>2933</t>
    </point>
    <point>
      <x>0.435</x>
      <y>0.41666666</y>
      <w>0.58162266</w>
      <t>2933</t>
    </point>
    <point>
      <x>0.445</x>
      <y>0.41166666</y>
      <w>0.58162266</w>
      <t>2933</t>
    </point>
    <point>
      <x>0.455</x>
      <y>0.40666667</y>
      <w>0.5786901</w>
      <t>2966</t>
    </point>
    <point>
      <x>0.465</x>
      <y>0.40166667</y>
      <w>0.5786901</w>
      <t>2966</t>
    </point>
    <point>
      <x>0.475</x>
      <y>0.39833334</y>
      <w>0.5786901</w>
      <t>2966</t>
    </point>
    <point>
      <x>0.48333332</x>
      <y>0.39333335</y>
      <w>0.5786901</w>
      <t>2966</t>
    </point>
    <point>
      <x>0.49166667</x>
      <y>0.39</y>
      <w>0.5659824</w>
      <t>2999</t>
    </point>
    <point>
      <x>0.49833333</x>
      <y>0.38666666</y>
      <w>0.5659824</w>
      <t>2999</t>
    </point>
    <point>
      <x>0.505</x>
      <y>0.38333333</y>
      <w>0.5659824</w>
      <t>2999</t>
    </point>
    <point>
      <x>0.51</x>
      <y>0.38166666</y>
      <w>0.5659824</w>
      <t>2999</t>
    </point>
    <point>
      <x>0.51666665</x>
      <y>0.38</y>
      <w>0.5659824</w>
      <t>2999</t>
    </point>
    <point>
      <x>0.52166665</x>
      <y>0.37666667</y>
      <w>0.5650049</w>
      <t>3033</t>
    </point>
    <point>
      <x>0.52666664</x>
      <y>0.375</y>
      <w>0.5650049</w>
      <t>3033</t>
    </point>
    <point>
      <x>0.53</x>
      <y>0.37333333</y>
      <w>0.5650049</w>
      <t>3033</t>
    </point>
    <point>
      <x>0.53333336</x>
      <y>0.37166667</y>
      <w>0.5650049</w>
      <t>3033</t>
    </point>
    <point>
      <x>0.5366667</x>
      <y>0.37166667</y>
      <w>0.5650049</w>
      <t>3066</t>
    </point>
    <point>
      <x>0.53833336</x>
      <y>0.37</y>
      <w>0.5650049</w>
      <t>3066</t>
    </point>
    <point>
      <x>0.54</x>
      <y>0.37</y>
      <w>0.5650049</w>
      <t>3066</t>
    </point>
    <point>
      <x>0.5416667</x>
      <y>0.37</y>
      <w>0.5650049</w>
      <t>3066</t>
    </point>
    <point>
      <x>0.54333335</x>
      <y>0.37</y>
      <w>0.5650049</w>
      <t>3099</t>
    </point>
    <point>
      <x>0.5416667</x>
      <y>0.37166667</y>
      <w>0.61485827</w>
      <t>3232</t>
    </point>
    <point>
      <x>0.54</x>
      <y>0.37333333</y>
      <w>0.61485827</w>
      <t>3232</t>
    </point>
    <point>
      <x>0.5366667</x>
      <y>0.37666667</y>
      <w>0.61485827</w>
      <t>3232</t>
    </point>
    <point>
      <x>0.53333336</x>
      <y>0.38</y>
      <w>0.61485827</w>
      <t>3232</t>
    </point>
    <point>
      <x>0.53</x>
      <y>0.385</y>
      <w>0.61485827</w>
      <t>3232</t>
    </point>
    <point>
      <x>0.525</x>
      <y>0.39</y>
      <w>0.6158358</w>
      <t>3266</t>
    </point>
    <point>
      <x>0.52</x>
      <y>0.395</y>
      <w>0.6158358</w>
      <t>3266</t>
    </point>
    <point>
      <x>0.515</x>
      <y>0.40166667</y>
      <w>0.6158358</w>
      <t>3266</t>
    </point>
    <point>
      <x>0.5083333</x>
      <y>0.40666667</y>
      <w>0.6158358</w>
      <t>3266</t>
    </point>
    <point>
      <x>0.50333333</x>
      <y>0.41333333</y>
      <w>0.6177908</w>
      <t>3299</t>
    </point>
    <point>
      <x>0.49666667</x>
      <y>0.42</y>
      <w>0.6177908</w>
      <t>3299</t>
    </point>
    <point>
      <x>0.49</x>
      <y>0.42833334</y>
      <w>0.6177908</w>
      <t>3299</t>
    </point>
    <point>
      <x>0.48166665</x>
      <y>0.43666667</y>
      <w>0.6177908</w>
      <t>3299</t>
    </point>
    <point>
      <x>0.475</x>
      <y>0.445</y>
      <w>0.6177908</w>
      <t>3299</t>
    </point>
    <point>
      <x>0.46833333</x>
      <y>0.45333335</y>
      <w>0.6168133</w>
      <t>3332</t>
    </point>
    <point>
      <x>0.46166667</x>
      <y>0.46333334</y>
      <w>0.6168133</w>
      <t>3332</t>
    </point>
    <point>
      <x>0.45333335</x>
      <y>0.47333333</y>
      <w>0.6168133</w>
      <t>3332</t>
    </point>
    <point>
      <x>0.44666666</x>
      <y>0.48666668</y>
      <w>0.6168133</w>
      <t>3332</t>
    </point>
    <point>
      <x>0.43833333</x>
      <y>0.49833333</y>
      <w>0.6168133</w>
      <t>3366</t>
    </point>
    <point>
      <x>0.43</x>
      <y>0.51166666</y>
      <w>0.6168133</w>
      <t>3366</t>
    </point>
    <point>
      <x>0.42</x>
      <y>0.52666664</y>
      <w>0.6168133</w>
      <t>3366</t>
    </point>
    <point>
      <x>0.41166666</x>
      <y>0.54</y>
      <w>0.6168133</w>
      <t>3366</t>
    </point>
    <point>
      <x>0.40333334</x>
      <y>0.55333334</y>
      <w>0.6168133</w>
      <t>3366</t>
    </point>
    <point>
      <x>0.39666668</x>
      <y>0.5683333</y>
      <w>0.61485827</w>
      <t>3399</t>
    </point>
    <point>
      <x>0.38833332</x>
      <y>0.5833333</y>
      <w>0.61485827</w>
      <t>3399</t>
    </point>
    <point>
      <x>0.38166666</x>
      <y>0.59833336</y>
      <w>0.61485827</w>
      <t>3399</t>
    </point>
    <point>
      <x>0.375</x>
      <y>0.61333334</y>
      <w>0.61485827</w>
      <t>3399</t>
    </point>
    <point>
      <x>0.36833334</x>
      <y>0.62833333</y>
      <w>0.6168133</w>
      <t>3433</t>
    </point>
    <point>
      <x>0.36333334</x>
      <y>0.645</y>
      <w>0.6168133</w>
      <t>3433</t>
    </point>
    <point>
      <x>0.35666665</x>
      <y>0.66</y>
      <w>0.6168133</w>
      <t>3433</t>
    </point>
    <point>
      <x>0.35166666</x>
      <y>0.6766667</y>
      <w>0.6168133</w>
      <t>3433</t>
    </point>
    <point>
      <x>0.34666666</x>
      <y>0.69166666</y>
      <w>0.6168133</w>
      <t>3433</t>
    </point>
    <point>
      <x>0.34166667</x>
      <y>0.705</y>
      <w>0.6168133</w>
      <t>3466</t>
    </point>
    <point>
      <x>0.33833334</x>
      <y>0.71666664</y>
      <w>0.6168133</w>
      <t>3466</t>
    </point>
    <point>
      <x>0.33666667</x>
      <y>0.73</y>
      <w>0.6168133</w>
      <t>3466</t>
    </point>
    <point>
      <x>0.335</x>
      <y>0.74</y>
      <w>0.6168133</w>
      <t>3466</t>
    </point>
    <point>
      <x>0.33333334</x>
      <y>0.75166667</y>
      <w>0.6177908</w>
      <t>3499</t>
    </point>
    <point>
      <x>0.33166668</x>
      <y>0.76</y>
      <w>0.6177908</w>
      <t>3499</t>
    </point>
    <point>
      <x>0.33166668</x>
      <y>0.7683333</y>
      <w>0.6177908</w>
      <t>3499</t>
    </point>
    <point>
      <x>0.33</x>
      <y>0.77666664</y>
      <w>0.6177908</w>
      <t>3499</t>
    </point>
    <point>
      <x>0.32833335</x>
      <y>0.78333336</y>
      <w>0.6158358</w>
      <t>3533</t>
    </point>
    <point>
      <x>0.32833335</x>
      <y>0.78833336</y>
      <w>0.6158358</w>
      <t>3533</t>
    </point>
    <point>
      <x>0.32666665</x>
      <y>0.7916667</y>
      <w>0.6158358</w>
      <t>3533</t>
    </point>
    <point>
      <x>0.32666665</x>
      <y>0.79333335</y>
      <w>0.6158358</w>
      <t>3533</t>
    </point>
    <point>
      <x>0.325</x>
      <y>0.795</y>
      <w>0.6158358</w>
      <t>3533</t>
    </point>
    <point>
      <x>0.325</x>
      <y>0.79333335</y>
      <w>0.5083089</w>
      <t>3599</t>
    </point>
    <point>
      <x>0.325</x>
      <y>0.7916667</y>
      <w>0.5083089</w>
      <t>3599</t>
    </point>
    <point>
      <x>0.325</x>
      <y>0.78833336</y>
      <w>0.5083089</w>
      <t>3599</t>
    </point>
    <point>
      <x>0.32666665</x>
      <y>0.78333336</y>
      <w>0.5083089</w>
      <t>3599</t>
    </point>
    <point>
      <x>0.32833335</x>
      <y>0.7783333</y>
      <w>0.44183773</w>
      <t>3633</t>
    </point>
    <point>
      <x>0.33</x>
      <y>0.77166665</y>
      <w>0.44183773</w>
      <t>3633</t>
    </point>
    <point>
      <x>0.33333334</x>
      <y>0.7633333</y>
      <w>0.44183773</w>
      <t>3633</t>
    </point>
    <point>
      <x>0.335</x>
      <y>0.755</y>
      <w>0.44183773</w>
      <t>3633</t>
    </point>
    <point>
      <x>0.33833334</x>
      <y>0.74666667</y>
      <w>0.38025415</w>
      <t>3666</t>
    </point>
    <point>
      <x>0.34166667</x>
      <y>0.7366667</y>
      <w>0.38025415</w>
      <t>3666</t>
    </point>
    <point>
      <x>0.34333333</x>
      <y>0.7266667</y>
      <w>0.38025415</w>
      <t>3666</t>
    </point>
    <point>
      <x>0.34666666</x>
      <y>0.7183333</y>
      <w>0.38025415</w>
      <t>3666</t>
    </point>
    <point>
      <x>0.35</x>
      <y>0.7083333</y>
      <w>0.38025415</w>
      <t>3666</t>
    </point>
    <point>
      <x>0.35166666</x>
      <y>0.7</y>
      <w>0.33431086</w>
      <t>3699</t>
    </point>
    <point>
      <x>0.355</x>
      <y>0.69</y>
      <w>0.33431086</w>
      <t>3699</t>
    </point>
    <point>
      <x>0.35833332</x>
      <y>0.6816667</y>
      <w>0.33431086</w>
      <t>3699</t>
    </point>
    <point>
      <x>0.36</x>
      <y>0.67333335</y>
      <w>0.33431086</w>
      <t>3699</t>
    </point>
    <point>
      <x>0.36333334</x>
      <y>0.665</y>
      <w>0.32746822</w>
      <t>3733</t>
    </point>
    <point>
      <x>0.36666667</x>
      <y>0.6566667</y>
      <w>0.32746822</w>
      <t>3733</t>
    </point>
    <point>
      <x>0.37</x>
      <y>0.6483333</y>
      <w>0.32746822</w>
      <t>3733</t>
    </point>
    <point>
      <x>0.37333333</x>
      <y>0.64</y>
      <w>0.32746822</w>
      <t>3733</t>
    </point>
    <point>
      <x>0.375</x>
      <y>0.6333333</y>
      <w>0.32746822</w>
      <t>3733</t>
    </point>
    <point>
      <x>0.37833333</x>
      <y>0.62666667</y>
      <w>0.3196481</w>
      <t>3766</t>
    </point>
    <point>
      <x>0.38166666</x>
      <y>0.62</y>
      <w>0.3196481</w>
      <t>3766</t>
    </point>
    <point>
      <x>0.38666666</x>
      <y>0.61333334</y>
      <w>0.3196481</w>
      <t>3766</t>
    </point>
    <point>
      <x>0.39</x>
      <y>0.60833335</y>
      <w>0.3196481</w>
      <t>3766</t>
    </point>
    <point>
      <x>0.39333335</x>
      <y>0.6</y>
      <w>0.31671554</w>
      <t>3800</t>
    </point>
    <point>
      <x>0.39833334</x>
      <y>0.5933333</y>
      <w>0.31671554</w>
      <t>3800</t>
    </point>
    <point>
      <x>0.40166667</x>
      <y>0.58666664</y>
      <w>0.31671554</w>
      <t>3800</t>
    </point>
    <point>
      <x>0.40666667</x>
      <y>0.5783333</y>
      <w>0.31671554</w>
      <t>3800</t>
    </point>
    <point>
      <x>0.41166666</x>
      <y>0.5733333</y>
      <w>0.31671554</w>
      <t>3800</t>
    </point>
    <point>
      <x>0.41666666</x>
      <y>0.56666666</y>
      <w>0.3088954</w>
      <t>3833</t>
    </point>
    <point>
      <x>0.42</x>
      <y>0.56333333</y>
      <w>0.3088954</w>
      <t>3833</t>
    </point>
    <point>
      <x>0.425</x>
      <y>0.55833334</y>
      <w>0.3088954</w>
      <t>3833</t>
    </point>
    <point>
      <x>0.43</x>
      <y>0.555</y>
      <w>0.3088954</w>
      <t>3833</t>
    </point>
    <point>
      <x>0.435</x>
      <y>0.55</y>
      <w>0.32355815</w>
      <t>3866</t>
    </point>
    <point>
      <x>0.44166666</x>
      <y>0.545</y>
      <w>0.32355815</w>
      <t>3866</t>
    </point>
    <point>
      <x>0.44666666</x>
      <y>0.54</y>
      <w>0.32355815</w>
      <t>3866</t>
    </point>
    <point>
      <x>0.45333335</x>
      <y>0.535</y>
      <w>0.32355815</w>
      <t>3866</t>
    </point>
    <point>
      <x>0.46166667</x>
      <y>0.5316667</y>
      <w>0.35288367</w>
      <t>3899</t>
    </point>
    <point>
      <x>0.47</x>
      <y>0.525</y>
      <w>0.35288367</w>
      <t>3899</t>
    </point>
    <point>
      <x>0.47833332</x>
      <y>0.52166665</y>
      <w>0.35288367</w>
      <t>3899</t>
    </point>
    <point>
      <x>0.48666668</x>
      <y>0.51666665</y>
      <w>0.35288367</w>
      <t>3899</t>
    </point>
    <point>
      <x>0.495</x>
      <y>0.51166666</y>
      <w>0.35288367</w>
      <t>3899</t>
    </point>
    <point>
      <x>0.50333333</x>
      <y>0.5083333</y>
      <w>0.3773216</w>
      <t>3933</t>
    </point>
    <point>
      <x>0.51</x>
      <y>0.50333333</y>
      <w>0.3773216</w>
      <t>3933</t>
    </point>
    <point>
      <x>0.5183333</x>
      <y>0.5</y>
      <w>0.3773216</w>
      <t>3933</t>
    </point>
    <point>
      <x>0.52666664</x>
      <y>0.49833333</y>
      <w>0.3773216</w>
      <t>3933</t>
    </point>
    <point>
      <x>0.535</x>
      <y>0.495</y>
      <w>0.3939394</w>
      <t>3966</t>
    </point>
    <point>
      <x>0.5416667</x>
      <y>0.49166667</y>
      <w>0.3939394</w>
      <t>3966</t>
    </point>
    <point>
      <x>0.55</x>
      <y>0.49</y>
      <w>0.3939394</w>
      <t>3966</t>
    </point>
    <point>
      <x>0.5566667</x>
      <y>0.48833334</y>
      <w>0.3939394</w>
      <t>3966</t>
    </point>
    <point>
      <x>0.56333333</x>
      <y>0.48666668</y>
      <w>0.3939394</w>
      <t>3966</t>
    </point>
    <point>
      <x>0.57</x>
      <y>0.485</y>
      <w>0.40371457</w>
      <t>3999</t>
    </point>
    <point>
      <x>0.575</x>
      <y>0.485</y>
      <w>0.40371457</w>
      <t>3999</t>
    </point>
    <point>
      <x>0.58</x>
      <y>0.48333332</y>
      <w>0.40371457</w>
      <t>3999</t>
    </point>
    <point>
      <x>0.585</x>
      <y>0.48333332</y>
      <w>0.40371457</w>
      <t>3999</t>
    </point>
    <point>
      <x>0.5883333</x>
      <y>0.48333332</y>
      <w>0.4222874</w>
      <t>4032</t>
    </point>
    <point>
      <x>0.59166664</x>
      <y>0.48333332</y>
      <w>0.4222874</w>
      <t>4032</t>
    </point>
    <point>
      <x>0.595</x>
      <y>0.48333332</y>
      <w>0.4222874</w>
      <t>4032</t>
    </point>
    <point>
      <x>0.5966667</x>
      <y>0.485</y>
      <w>0.4222874</w>
      <t>4032</t>
    </point>
    <point>
      <x>0.6</x>
      <y>0.485</y>
      <w>0.4222874</w>
      <t>4032</t>
    </point>
    <point>
      <x>0.60333335</x>
      <y>0.48666668</y>
      <w>0.46432063</w>
      <t>4066</t>
    </point>
    <point>
      <x>0.605</x>
      <y>0.48833334</y>
      <w>0.46432063</w>
      <t>4066</t>
    </point>
    <point>
      <x>0.60833335</x>
      <y>0.48833334</y>
      <w>0.46432063</w>
      <t>4066</t>
    </point>
    <point>
      <x>0.61</x>
      <y>0.49</y>
      <w>0.46432063</w>
      <t>4066</t>
    </point>
    <point>
      <x>0.6116667</x>
      <y>0.49166667</y>
      <w>0.5014663</w>
      <t>4099</t>
    </point>
    <point>
      <x>0.61333334</x>
      <y>0.49333334</y>
      <w>0.5014663</w>
      <t>4099</t>
    </point>
    <point>
      <x>0.615</x>
      <y>0.49666667</y>
      <w>0.5014663</w>
      <t>4099</t>
    </point>
    <point>
      <x>0.6166667</x>
      <y>0.49833333</y>
      <w>0.5014663</w>
      <t>4099</t>
    </point>
    <point>
      <x>0.61833334</x>
      <y>0.5</y>
      <w>0.53079176</w>
      <t>4133</t>
    </point>
    <point>
      <x>0.61833334</x>
      <y>0.50166667</y>
      <w>0.53079176</w>
      <t>4133</t>
    </point>
    <point>
      <x>0.61833334</x>
      <y>0.50333333</y>
      <w>0.53079176</w>
      <t>4133</t>
    </point>
    <point>
      <x>0.61833334</x>
      <y>0.505</y>
      <w>0.53079176</w>
      <t>4133</t>
    </point>
    <point>
      <x>0.61833334</x>
      <y>0.50666666</y>
      <w>0.5483871</w>
      <t>4166</t>
    </point>
    <point>
      <x>0.61833334</x>
      <y>0.51</y>
      <w>0.5483871</w>
      <t>4166</t>
    </point>
    <point>
      <x>0.61833334</x>
      <y>0.5133333</y>
      <w>0.5483871</w>
      <t>4166</t>
    </point>
    <point>
      <x>0.61833334</x>
      <y>0.51666665</y>
      <w>0.5483871</w>
      <t>4166</t>
    </point>
    <point>
      <x>0.61833334</x>
      <y>0.52</y>
      <w>0.5650049</w>
      <t>4200</t>
    </point>
    <point>
      <x>0.6166667</x>
      <y>0.5233333</y>
      <w>0.5650049</w>
      <t>4200</t>
    </point>
    <point>
      <x>0.615</x>
      <y>0.52666664</y>
      <w>0.5650049</w>
      <t>4200</t>
    </point>
    <point>
      <x>0.61333334</x>
      <y>0.53</y>
      <w>0.5650049</w>
      <t>4200</t>
    </point>
    <point>
      <x>0.6116667</x>
      <y>0.53333336</y>
      <w>0.5650049</w>
      <t>4200</t>
    </point>
    <point>
      <x>0.61</x>
      <y>0.5366667</y>
      <w>0.5884653</w>
      <t>4233</t>
    </point>
    <point>
      <x>0.60833335</x>
      <y>0.5416667</y>
      <w>0.5884653</w>
      <t>4233</t>
    </point>
    <point>
      <x>0.6066667</x>
      <y>0.545</y>
      <w>0.5884653</w>
      <t>4233</t>
    </point>
    <point>
      <x>0.605</x>
      <y>0.55</y>
      <w>0.5884653</w>
      <t>4233</t>
    </point>
    <point>
      <x>0.60333335</x>
      <y>0.55333334</y>
      <w>0.60215056</w>
      <t>4266</t>
    </point>
    <point>
      <x>0.6016667</x>
      <y>0.5566667</y>
      <w>0.60215056</w>
      <t>4266</t>
    </point>
    <point>
      <x>0.6016667</x>
      <y>0.56</y>
      <w>0.60215056</w>
      <t>4266</t>
    </point>
    <point>
      <x>0.6016667</x>
      <y>0.56333333</y>
      <w>0.60215056</w>
      <t>4266</t>
    </point>
    <point>
      <x>0.6016667</x>
      <y>0.565</y>
      <w>0.60215056</w>
      <t>4266</t>
    </point>
    <point>
      <x>0.6016667</x>
      <y>0.56666666</y>
      <w>0.6158358</w>
      <t>4299</t>
    </point>
    <point>
      <x>0.6016667</x>
      <y>0.5683333</y>
      <w>0.6158358</w>
      <t>4299</t>
    </point>
    <point>
      <x>0.6016667</x>
      <y>0.57</y>
      <w>0.6158358</w>
      <t>4299</t>
    </point>
    <point>
      <x>0.6016667</x>
      <y>0.57166666</y>
      <w>0.6158358</w>
      <t>4299</t>
    </point>
    <point>
      <x>0.6016667</x>
      <y>0.5733333</y>
      <w>0.6158358</w>
      <t>4333</t>
    </point>
    <point>
      <x>0.6016667</x>
      <y>0.575</y>
      <w>0.6158358</w>
      <t>4333</t>
    </point>
    <point>
      <x>0.60333335</x>
      <y>0.57666665</y>
      <w>0.6158358</w>
      <t>4333</t>
    </point>
    <point>
      <x>0.605</x>
      <y>0.5783333</y>
      <w>0.6158358</w>
      <t>4333</t>
    </point>
    <point>
      <x>0.605</x>
      <y>0.58</y>
      <w>0.6158358</w>
      <t>4333</t>
    </point>
    <point>
      <x>0.6066667</x>
      <y>0.5833333</y>
      <w>0.61485827</w>
      <t>4366</t>
    </point>
    <point>
      <x>0.60833335</x>
      <y>0.585</y>
      <w>0.61485827</w>
      <t>4366</t>
    </point>
    <point>
      <x>0.61</x>
      <y>0.58666664</y>
      <w>0.61485827</w>
      <t>4366</t>
    </point>
    <point>
      <x>0.6116667</x>
      <y>0.59</y>
      <w>0.61485827</w>
      <t>4366</t>
    </point>
    <point>
      <x>0.61333334</x>
      <y>0.59166664</y>
      <w>0.61974585</w>
      <t>4400</t>
    </point>
    <point>
      <x>0.6166667</x>
      <y>0.5933333</y>
      <w>0.61974585</w>
      <t>4400</t>
    </point>
    <point>
      <x>0.61833334</x>
      <y>0.595</y>
      <w>0.61974585</w>
      <t>4400</t>
    </point>
    <point>
      <x>0.62</x>
      <y>0.5966667</y>
      <w>0.61974585</w>
      <t>4400</t>
    </point>
    <point>
      <x>0.62166667</x>
      <y>0.59833336</y>
      <w>0.61974585</w>
      <t>4400</t>
    </point>
    <point>
      <x>0.62333333</x>
      <y>0.6</y>
      <w>0.63245356</w>
      <t>4433</t>
    </point>
    <point>
      <x>0.625</x>
      <y>0.6016667</y>
      <w>0.63245356</w>
      <t>4433</t>
    </point>
    <point>
      <x>0.62833333</x>
      <y>0.60333335</y>
      <w>0.63245356</w>
      <t>4433</t>
    </point>
    <point>
      <x>0.63</x>
      <y>0.605</y>
      <w>0.63245356</w>
      <t>4433</t>
    </point>
    <point>
      <x>0.63166666</x>
      <y>0.6066667</y>
      <w>0.6363636</w>
      <t>4466</t>
    </point>
    <point>
      <x>0.635</x>
      <y>0.60833335</y>
      <w>0.6363636</w>
      <t>4466</t>
    </point>
    <point>
      <x>0.63666666</x>
      <y>0.6116667</y>
      <w>0.6363636</w>
      <t>4466</t>
    </point>
    <point>
      <x>0.6383333</x>
      <y>0.61333334</y>
      <w>0.6363636</w>
      <t>4466</t>
    </point>
    <point>
      <x>0.64166665</x>
      <y>0.615</y>
      <w>0.6392962</w>
      <t>4500</t>
    </point>
    <point>
      <x>0.645</x>
      <y>0.61833334</y>
      <w>0.6392962</w>
      <t>4500</t>
    </point>
    <point>
      <x>0.64666665</x>
      <y>0.62</y>
      <w>0.6392962</w>
      <t>4500</t>
    </point>
    <point>
      <x>0.65</x>
      <y>0.62166667</y>
      <w>0.6392962</w>
      <t>4500</t>
    </point>
    <point>
      <x>0.6533333</x>
      <y>0.625</y>
      <w>0.6392962</w>
      <t>4500</t>
    </point>
    <point>
      <x>0.6566667</x>
      <y>0.62666667</y>
      <w>0.6480938</w>
      <t>4533</t>
    </point>
    <point>
      <x>0.66</x>
      <y>0.63</y>
      <w>0.6480938</w>
      <t>4533</t>
    </point>
    <point>
      <x>0.6616667</x>
      <y>0.6333333</y>
      <w>0.6480938</w>
      <t>4533</t>
    </point>
    <point>
      <x>0.665</x>
      <y>0.63666666</y>
      <w>0.6480938</w>
      <t>4533</t>
    </point>
    <point>
      <x>0.6666667</x>
      <y>0.64</y>
      <w>0.65102637</w>
      <t>4566</t>
    </point>
    <point>
      <x>0.67</x>
      <y>0.6433333</y>
      <w>0.65102637</w>
      <t>4566</t>
    </point>
    <point>
      <x>0.6716667</x>
      <y>0.64666665</y>
      <w>0.65102637</w>
      <t>4566</t>
    </point>
    <point>
      <x>0.675</x>
      <y>0.65</y>
      <w>0.65102637</w>
      <t>4566</t>
    </point>
    <point>
      <x>0.6766667</x>
      <y>0.6533333</y>
      <w>0.65102637</w>
      <t>4566</t>
    </point>
    <point>
      <x>0.67833334</x>
      <y>0.6566667</y>
      <w>0.6539589</w>
      <t>4600</t>
    </point>
    <point>
      <x>0.68</x>
      <y>0.66</y>
      <w>0.6539589</w>
      <t>4600</t>
    </point>
    <point>
      <x>0.6816667</x>
      <y>0.66333336</y>
      <w>0.6539589</w>
      <t>4600</t>
    </point>
    <point>
      <x>0.6816667</x>
      <y>0.6666667</y>
      <w>0.6539589</w>
      <t>4600</t>
    </point>
    <point>
      <x>0.68333334</x>
      <y>0.6716667</y>
      <w>0.65786904</w>
      <t>4633</t>
    </point>
    <point>
      <x>0.68333334</x>
      <y>0.675</y>
      <w>0.65786904</w>
      <t>4633</t>
    </point>
    <point>
      <x>0.68333334</x>
      <y>0.68</y>
      <w>0.65786904</w>
      <t>4633</t>
    </point>
    <point>
      <x>0.68333334</x>
      <y>0.68333334</y>
      <w>0.65786904</w>
      <t>4633</t>
    </point>
    <point>
      <x>0.68333334</x>
      <y>0.68833333</y>
      <w>0.65786904</w>
      <t>4633</t>
    </point>
    <point>
      <x>0.68333334</x>
      <y>0.6933333</y>
      <w>0.6598241</w>
      <t>4666</t>
    </point>
    <point>
      <x>0.68333334</x>
      <y>0.6983333</y>
      <w>0.6598241</w>
      <t>4666</t>
    </point>
    <point>
      <x>0.68333334</x>
      <y>0.7033333</y>
      <w>0.6598241</w>
      <t>4666</t>
    </point>
    <point>
      <x>0.68333334</x>
      <y>0.7083333</y>
      <w>0.6598241</w>
      <t>4666</t>
    </point>
    <point>
      <x>0.6816667</x>
      <y>0.7133333</y>
      <w>0.66471165</w>
      <t>4699</t>
    </point>
    <point>
      <x>0.6816667</x>
      <y>0.72</y>
      <w>0.66471165</w>
      <t>4699</t>
    </point>
    <point>
      <x>0.68</x>
      <y>0.725</y>
      <w>0.66471165</w>
      <t>4699</t>
    </point>
    <point>
      <x>0.67833334</x>
      <y>0.7316667</y>
      <w>0.66471165</w>
      <t>4699</t>
    </point>
    <point>
      <x>0.675</x>
      <y>0.73833334</y>
      <w>0.6617791</w>
      <t>4733</t>
    </point>
    <point>
      <x>0.67333335</x>
      <y>0.74333334</y>
      <w>0.6617791</w>
      <t>4733</t>
    </point>
    <point>
      <x>0.6716667</x>
      <y>0.75</y>
      <w>0.6617791</w>
      <t>4733</t>
    </point>
    <point>
      <x>0.66833335</x>
      <y>0.755</y>
      <w>0.6617791</w>
      <t>4733</t>
    </point>
    <point>
      <x>0.6666667</x>
      <y>0.76</y>
      <w>0.6617791</w>
      <t>4733</t>
    </point>
    <point>
      <x>0.66333336</x>
      <y>0.765</y>
      <w>0.65493643</w>
      <t>4766</t>
    </point>
    <point>
      <x>0.66</x>
      <y>0.77</y>
      <w>0.65493643</w>
      <t>4766</t>
    </point>
    <point>
      <x>0.6566667</x>
      <y>0.775</y>
      <w>0.65493643</w>
      <t>4766</t>
    </point>
    <point>
      <x>0.655</x>
      <y>0.78</y>
      <w>0.65493643</w>
      <t>4766</t>
    </point>
    <point>
      <x>0.65166664</x>
      <y>0.785</y>
      <w>0.6480938</w>
      <t>4799</t>
    </point>
    <point>
      <x>0.6483333</x>
      <y>0.79</y>
      <w>0.6480938</w>
      <t>4799</t>
    </point>
    <point>
      <x>0.645</x>
      <y>0.795</y>
      <w>0.6480938</w>
      <t>4799</t>
    </point>
    <point>
      <x>0.64166665</x>
      <y>0.79833335</y>
      <w>0.6480938</w>
      <t>4799</t>
    </point>
    <point>
      <x>0.6383333</x>
      <y>0.80333334</y>
      <w>0.6480938</w>
      <t>4799</t>
    </point>
    <point>
      <x>0.635</x>
      <y>0.80833334</y>
      <w>0.6422287</w>
      <t>4833</t>
    </point>
    <point>
      <x>0.63</x>
      <y>0.81333333</y>
      <w>0.6422287</w>
      <t>4833</t>
    </point>
    <point>
      <x>0.625</x>
      <y>0.81666666</y>
      <w>0.6422287</w>
      <t>4833</t>
    </point>
    <point>
      <x>0.62</x>
      <y>0.82166666</y>
      <w>0.6422287</w>
      <t>4833</t>
    </point>
    <point>
      <x>0.615</x>
      <y>0.82666665</y>
      <w>0.6334311</w>
      <t>4865</t>
    </point>
    <point>
      <x>0.6116667</x>
      <y>0.83166665</y>
      <w>0.6334311</w>
      <t>4865</t>
    </point>
    <point>
      <x>0.6066667</x>
      <y>0.83666664</y>
      <w>0.6334311</w>
      <t>4865</t>
    </point>
    <point>
      <x>0.60333335</x>
      <y>0.84</y>
      <w>0.6334311</w>
      <t>4865</t>
    </point>
    <point>
      <x>0.59833336</x>
      <y>0.8433333</y>
      <w>0.6334311</w>
      <t>4865</t>
    </point>
    <point>
      <x>0.595</x>
      <y>0.8466667</y>
      <w>0.6177908</w>
      <t>4899</t>
    </point>
    <point>
      <x>0.59</x>
      <y>0.85</y>
      <w>0.6177908</w>
      <t>4899</t>
    </point>
    <point>
      <x>0.585</x>
      <y>0.85333335</y>
      <w>0.6177908</w>
      <t>4899</t>
    </point>
    <point>
      <x>0.58</x>
      <y>0.855</y>
      <w>0.6177908</w>
      <t>4899</t>
    </point>
    <point>
      <x>0.57666665</x>
      <y>0.85833335</y>
      <w>0.58064514</w>
      <t>4932</t>
    </point>
    <point>
      <x>0.57166666</x>
      <y>0.86</y>
      <w>0.58064514</w>
      <t>4932</t>
    </point>
    <point>
      <x>0.56666666</x>
      <y>0.8616667</y>
      <w>0.58064514</w>
      <t>4932</t>
    </point>
    <point>
      <x>0.56333333</x>
      <y>0.86333334</y>
      <w>0.58064514</w>
      <t>4932</t>
    </point>
    <point>
      <x>0.55833334</x>
      <y>0.865</y>
      <w>0.58064514</w>
      <t>4932</t>
    </point>
    <point>
      <x>0.555</x>
      <y>0.865</y>
      <w>0.5532747</w>
      <t>4966</t>
    </point>
    <point>
      <x>0.5516667</x>
      <y>0.8666667</y>
      <w>0.5532747</w>
      <t>4966</t>
    </point>
    <point>
      <x>0.5466667</x>
      <y>0.8666667</y>
      <w>0.5532747</w>
      <t>4966</t>
    </point>
    <point>
      <x>0.54333335</x>
      <y>0.8666667</y>
      <w>0.5532747</w>
      <t>4966</t>
    </point>
    <point>
      <x>0.54</x>
      <y>0.8666667</y>
      <w>0.51808405</w>
      <t>4999</t>
    </point>
    <point>
      <x>0.5366667</x>
      <y>0.8666667</y>
      <w>0.51808405</w>
      <t>4999</t>
    </point>
    <point>
      <x>0.53333336</x>
      <y>0.865</y>
      <w>0.51808405</w>
      <t>4999</t>
    </point>
    <point>
      <x>0.5316667</x>
      <y>0.86333334</y>
      <w>0.51808405</w>
      <t>4999</t>
    </point>
    <point>
      <x>0.5283333</x>
      <y>0.8616667</y>
      <w>0.50635386</w>
      <t>5032</t>
    </point>
    <point>
      <x>0.525</x>
      <y>0.86</y>
      <w>0.50635386</w>
      <t>5032</t>
    </point>
    <point>
      <x>0.5233333</x>
      <y>0.85833335</y>
      <w>0.50635386</w>
      <t>5032</t>
    </point>
    <point>
      <x>0.52</x>
      <y>0.855</y>
      <w>0.50635386</w>
      <t>5032</t>
    </point>
    <point>
      <x>0.5183333</x>
      <y>0.85333335</y>
      <w>0.50635386</w>
      <t>5032</t>
    </point>
    <point>
      <x>0.51666665</x>
      <y>0.85</y>
      <w>0.49266863</w>
      <t>5066</t>
    </point>
    <point>
      <x>0.515</x>
      <y>0.8466667</y>
      <w>0.49266863</w>
      <t>5066</t>
    </point>
    <point>
      <x>0.515</x>
      <y>0.8433333</y>
      <w>0.49266863</w>
      <t>5066</t>
    </point>
    <point>
      <x>0.5133333</x>
      <y>0.84166664</y>
      <w>0.49266863</w>
      <t>5066</t>
    </point>
    <point>
      <x>0.5133333</x>
      <y>0.8383333</y>
      <w>0.4916911</w>
      <t>5099</t>
    </point>
    <point>
      <x>0.5133333</x>
      <y>0.835</y>
      <w>0.4916911</w>
      <t>5099</t>
    </point>
    <point>
      <x>0.5133333</x>
      <y>0.8333333</y>
      <w>0.4916911</w>
      <t>5099</t>
    </point>
    <point>
      <x>0.51166666</x>
      <y>0.83</y>
      <w>0.4916911</w>
      <t>5099</t>
    </point>
    <point>
      <x>0.51166666</x>
      <y>0.82666665</y>
      <w>0.4916911</w>
      <t>5099</t>
    </point>
    <point>
      <x>0.51166666</x>
      <y>0.8233333</y>
      <w>0.4907136</w>
      <t>5132</t>
    </point>
    <point>
      <x>0.51166666</x>
      <y>0.82166666</y>
      <w>0.4907136</w>
      <t>5132</t>
    </point>
    <point>
      <x>0.51166666</x>
      <y>0.8183333</y>
      <w>0.4907136</w>
      <t>5132</t>
    </point>
    <point>
      <x>0.51166666</x>
      <y>0.815</y>
      <w>0.4907136</w>
      <t>5132</t>
    </point>
    <point>
      <x>0.51166666</x>
      <y>0.81333333</y>
      <w>0.48680353</w>
      <t>5166</t>
    </point>
    <point>
      <x>0.5133333</x>
      <y>0.81</y>
      <w>0.48680353</w>
      <t>5166</t>
    </point>
    <point>
      <x>0.5133333</x>
      <y>0.80833334</y>
      <w>0.48680353</w>
      <t>5166</t>
    </point>
    <point>
      <x>0.5133333</x>
      <y>0.805</y>
      <w>0.48680353</w>
      <t>5166</t>
    </point>
    <point>
      <x>0.515</x>
      <y>0.80333334</y>
      <w>0.48680353</w>
      <t>5166</t>
    </point>
    <point>
      <x>0.51666665</x>
      <y>0.8016667</y>
      <w>0.48582602</w>
      <t>5199</t>
    </point>
    <point>
      <x>0.51666665</x>
      <y>0.8</y>
      <w>0.48582602</w>
      <t>5199</t>
    </point>
    <point>
      <x>0.5183333</x>
      <y>0.79833335</y>
      <w>0.48582602</w>
      <t>5199</t>
    </point>
    <point>
      <x>0.5183333</x>
      <y>0.7966667</y>
      <w>0.48582602</w>
      <t>5199</t>
    </point>
    <point>
      <x>0.52</x>
      <y>0.7966667</y>
      <w>0.48582602</w>
      <t>5233</t>
    </point>
    <point>
      <x>0.52166665</x>
      <y>0.795</y>
      <w>0.48582602</w>
      <t>5233</t>
    </point>
    <point>
      <x>0.5233333</x>
      <y>0.79333335</y>
      <w>0.48582602</w>
      <t>5233</t>
    </point>
    <point>
      <x>0.525</x>
      <y>0.7916667</y>
      <w>0.48582602</w>
      <t>5233</t>
    </point>
    <point>
      <x>0.52666664</x>
      <y>0.79</y>
      <w>0.5024438</w>
      <t>5266</t>
    </point>
    <point>
      <x>0.5283333</x>
      <y>0.79</y>
      <w>0.5024438</w>
      <t>5266</t>
    </point>
    <point>
      <x>0.53</x>
      <y>0.79</y>
      <w>0.5024438</w>
      <t>5266</t>
    </point>
    <point>
      <x>0.5316667</x>
      <y>0.78833336</y>
      <w>0.52394915</w>
      <t>5299</t>
    </point>
    <point>
      <x>0.53333336</x>
      <y>0.78833336</y>
      <w>0.52394915</w>
      <t>5299</t>
    </point>
    <point>
      <x>0.535</x>
      <y>0.78833336</y>
      <w>0.52394915</w>
      <t>5299</t>
    </point>
    <point>
      <x>0.5366667</x>
      <y>0.78833336</y>
      <w>0.52394915</w>
      <t>5299</t>
    </point>
    <point>
      <x>0.53833336</x>
      <y>0.78833336</y>
      <w>0.5483871</w>
      <t>5333</t>
    </point>
    <point>
      <x>0.54</x>
      <y>0.78833336</y>
      <w>0.5483871</w>
      <t>5333</t>
    </point>
    <point>
      <x>0.5416667</x>
      <y>0.78833336</y>
      <w>0.5483871</w>
      <t>5333</t>
    </point>
    <point>
      <x>0.545</x>
      <y>0.79</y>
      <w>0.5483871</w>
      <t>5333</t>
    </point>
    <point>
      <x>0.5466667</x>
      <y>0.79</y>
      <w>0.5483871</w>
      <t>5333</t>
    </point>
    <point>
      <x>0.54833335</x>
      <y>0.7916667</y>
      <w>0.5522972</w>
      <t>5366</t>
    </point>
    <point>
      <x>0.5516667</x>
      <y>0.7916667</y>
      <w>0.5522972</w>
      <t>5366</t>
    </point>
    <point>
      <x>0.55333334</x>
      <y>0.79333335</y>
      <w>0.5522972</w>
      <t>5366</t>
    </point>
    <point>
      <x>0.555</x>
      <y>0.79333335</y>
      <w>0.5522972</w>
      <t>5366</t>
    </point>
    <point>
      <x>0.5566667</x>
      <y>0.795</y>
      <w>0.5610948</w>
      <t>5400</t>
    </point>
    <point>
      <x>0.55833334</x>
      <y>0.7966667</y>
      <w>0.5610948</w>
      <t>5400</t>
    </point>
    <point>
      <x>0.56</x>
      <y>0.7966667</y>
      <w>0.5610948</w>
      <t>5400</t>
    </point>
    <point>
      <x>0.56166667</x>
      <y>0.79833335</y>
      <w>0.5610948</w>
      <t>5400</t>
    </point>
    <point>
      <x>0.56166667</x>
      <y>0.8</y>
      <w>0.5610948</w>
      <t>5400</t>
    </point>
    <point>
      <x>0.56333333</x>
      <y>0.8</y>
      <w>0.572825</w>
      <t>5433</t>
    </point>
    <point>
      <x>0.56333333</x>
      <y>0.8016667</y>
      <w>0.572825</w>
      <t>5433</t>
    </point>
    <point>
      <x>0.565</x>
      <y>0.8016667</y>
      <w>0.572825</w>
      <t>5433</t>
    </point>
    <point>
      <x>0.56666666</x>
      <y>0.80333334</y>
      <w>0.572825</w>
      <t>5433</t>
    </point>
    <point>
      <x>0.56666666</x>
      <y>0.805</y>
      <w>0.58064514</w>
      <t>5466</t>
    </point>
    <point>
      <x>0.5683333</x>
      <y>0.8066667</y>
      <w>0.58064514</w>
      <t>5466</t>
    </point>
    <point>
      <x>0.5683333</x>
      <y>0.80833334</y>
      <w>0.58064514</w>
      <t>5466</t>
    </point>
    <point>
      <x>0.57</x>
      <y>0.81</y>
      <w>0.58064514</w>
      <t>5466</t>
    </point>
    <point>
      <x>0.57166666</x>
      <y>0.81166667</y>
      <w>0.5826002</w>
      <t>5500</t>
    </point>
    <point>
      <x>0.57166666</x>
      <y>0.81333333</y>
      <w>0.5826002</w>
      <t>5500</t>
    </point>
    <point>
      <x>0.57166666</x>
      <y>0.815</y>
      <w>0.5826002</w>
      <t>5500</t>
    </point>
    <point>
      <x>0.5733333</x>
      <y>0.81666666</y>
      <w>0.5826002</w>
      <t>5500</t>
    </point>
    <point>
      <x>0.5733333</x>
      <y>0.8183333</y>
      <w>0.5826002</w>
      <t>5533</t>
    </point>
    <point>
      <x>0.575</x>
      <y>0.82166666</y>
      <w>0.5826002</w>
      <t>5533</t>
    </point>
    <point>
      <x>0.575</x>
      <y>0.8233333</y>
      <w>0.5826002</w>
      <t>5533</t>
    </point>
    <point>
      <x>0.57666665</x>
      <y>0.825</y>
      <w>0.5826002</w>
      <t>5533</t>
    </point>
    <point>
      <x>0.57666665</x>
      <y>0.82666665</y>
      <w>0.56989247</w>
      <t>5566</t>
    </point>
    <point>
      <x>0.57666665</x>
      <y>0.8283333</y>
      <w>0.37829912</w>
      <t>5599</t>
    </point>
  </stroke>
</character>
