<?xml version="1.0" encoding="UTF-8"?>
<character>
  <stroke time="0">
    <point>
      <x>0.26833335</x>
      <y>0.32</y>
      <w>0.2922776</w>
      <t>36</t>
    </point>
    <point>
      <x>0.27</x>
      <y>0.32166666</y>
      <w>0.3900293</w>
      <t>100</t>
    </point>
    <point>
      <x>0.27</x>
      <y>0.325</y>
      <w>0.43010753</w>
      <t>134</t>
    </point>
    <point>
      <x>0.27166668</x>
      <y>0.32666665</y>
      <w>0.43010753</w>
      <t>134</t>
    </point>
    <point>
      <x>0.27166668</x>
      <y>0.33</y>
      <w>0.43010753</w>
      <t>134</t>
    </point>
    <point>
      <x>0.27333334</x>
      <y>0.33333334</y>
      <w>0.43010753</w>
      <t>135</t>
    </point>
    <point>
      <x>0.275</x>
      <y>0.33666667</y>
      <w>0.43010753</w>
      <t>135</t>
    </point>
    <point>
      <x>0.27666667</x>
      <y>0.34</y>
      <w>0.45943305</w>
      <t>167</t>
    </point>
    <point>
      <x>0.27833334</x>
      <y>0.34333333</y>
      <w>0.45943305</w>
      <t>167</t>
    </point>
    <point>
      <x>0.27833334</x>
      <y>0.345</y>
      <w>0.45943305</w>
      <t>167</t>
    </point>
    <point>
      <x>0.28</x>
      <y>0.34833333</y>
      <w>0.45943305</w>
      <t>168</t>
    </point>
    <point>
      <x>0.28166667</x>
      <y>0.35333332</y>
      <w>0.4907136</w>
      <t>200</t>
    </point>
    <point>
      <x>0.28333333</x>
      <y>0.35666665</y>
      <w>0.4907136</w>
      <t>200</t>
    </point>
    <point>
      <x>0.285</x>
      <y>0.36</y>
      <w>0.4907136</w>
      <t>200</t>
    </point>
    <point>
      <x>0.28666666</x>
      <y>0.36333334</y>
      <w>0.4907136</w>
      <t>201</t>
    </point>
    <point>
      <x>0.28833333</x>
      <y>0.36666667</y>
      <w>0.53176934</w>
      <t>234</t>
    </point>
    <point>
      <x>0.29</x>
      <y>0.37166667</y>
      <w>0.53176934</w>
      <t>234</t>
    </point>
    <point>
      <x>0.29166666</x>
      <y>0.375</y>
      <w>0.53176934</w>
      <t>234</t>
    </point>
    <point>
      <x>0.29333332</x>
      <y>0.37833333</y>
      <w>0.53176934</w>
      <t>235</t>
    </point>
    <point>
      <x>0.295</x>
      <y>0.38166666</y>
      <w>0.53176934</w>
      <t>235</t>
    </point>
    <point>
      <x>0.29666665</x>
      <y>0.385</y>
      <w>0.5552297</w>
      <t>266</t>
    </point>
    <point>
      <x>0.29833335</x>
      <y>0.39</y>
      <w>0.5552297</w>
      <t>266</t>
    </point>
    <point>
      <x>0.30166668</x>
      <y>0.39333335</y>
      <w>0.5552297</w>
      <t>266</t>
    </point>
    <point>
      <x>0.30333334</x>
      <y>0.39666668</y>
      <w>0.5552297</w>
      <t>266</t>
    </point>
    <point>
      <x>0.305</x>
      <y>0.4</y>
      <w>0.56207234</w>
      <t>300</t>
    </point>
    <point>
      <x>0.30666667</x>
      <y>0.40333334</y>
      <w>0.56207234</w>
      <t>300</t>
    </point>
    <point>
      <x>0.30833334</x>
      <y>0.40666667</y>
      <w>0.56207234</w>
      <t>300</t>
    </point>
    <point>
      <x>0.31</x>
      <y>0.41</y>
      <w>0.56207234</w>
      <t>301</t>
    </point>
    <point>
      <x>0.31166667</x>
      <y>0.41333333</y>
      <w>0.56989247</w>
      <t>334</t>
    </point>
    <point>
      <x>0.31333333</x>
      <y>0.41666666</y>
      <w>0.56989247</w>
      <t>334</t>
    </point>
    <point>
      <x>0.315</x>
      <y>0.42166665</y>
      <w>0.56989247</w>
      <t>334</t>
    </point>
    <point>
      <x>0.31666666</x>
      <y>0.425</y>
      <w>0.56989247</w>
      <t>336</t>
    </point>
    <point>
      <x>0.31833333</x>
      <y>0.42833334</y>
      <w>0.56989247</w>
      <t>337</t>
    </point>
    <point>
      <x>0.32</x>
      <y>0.43</y>
      <w>0.5767351</w>
      <t>366</t>
    </point>
    <point>
      <x>0.32166666</x>
      <y>0.43333334</y>
      <w>0.5767351</w>
      <t>366</t>
    </point>
    <point>
      <x>0.32333332</x>
      <y>0.435</y>
      <w>0.5767351</w>
      <t>366</t>
    </point>
    <point>
      <x>0.325</x>
      <y>0.43833333</y>
      <w>0.5767351</w>
      <t>367</t>
    </point>
    <point>
      <x>0.32666665</x>
      <y>0.44</y>
      <w>0.5777126</w>
      <t>400</t>
    </point>
    <point>
      <x>0.32666665</x>
      <y>0.44166666</y>
      <w>0.5777126</w>
      <t>400</t>
    </point>
    <point>
      <x>0.32833335</x>
      <y>0.44333333</y>
      <w>0.5777126</w>
      <t>401</t>
    </point>
    <point>
      <x>0.32833335</x>
      <y>0.445</y>
      <w>0.5777126</w>
      <t>401</t>
    </point>
    <point>
      <x>0.32833335</x>
      <y>0.44333333</y>
      <w>0.0</w>
      <t>500</t>
    </point>
    <point>
      <x>0.32833335</x>
      <y>0.44</y>
      <w>0.0</w>
      <t>500</t>
    </point>
  </stroke>
  <stroke time="867">
    <point>
      <x>0.37833333</x>
      <y>0.27833334</y>
      <w>0.102639295</w>
      <t>900</t>
    </point>
    <point>
      <x>0.37833333</x>
      <y>0.28</y>
      <w>0.3372434</w>
      <t>967</t>
    </point>
    <point>
      <x>0.37833333</x>
      <y>0.28166667</y>
      <w>0.3372434</w>
      <t>967</t>
    </point>
    <point>
      <x>0.37666667</x>
      <y>0.28333333</y>
      <w>0.3372434</w>
      <t>967</t>
    </point>
    <point>
      <x>0.37666667</x>
      <y>0.28666666</y>
      <w>0.37536657</w>
      <t>1000</t>
    </point>
    <point>
      <x>0.375</x>
      <y>0.28833333</y>
      <w>0.37536657</w>
      <t>1000</t>
    </point>
    <point>
      <x>0.375</x>
      <y>0.29166666</y>
      <w>0.37536657</w>
      <t>1000</t>
    </point>
    <point>
      <x>0.37333333</x>
      <y>0.295</y>
      <w>0.37536657</w>
      <t>1001</t>
    </point>
    <point>
      <x>0.37166667</x>
      <y>0.29833335</y>
      <w>0.37536657</w>
      <t>1001</t>
    </point>
    <point>
      <x>0.37166667</x>
      <y>0.3</y>
      <w>0.40957966</w>
      <t>1033</t>
    </point>
    <point>
      <x>0.37</x>
      <y>0.30333334</y>
      <w>0.40957966</w>
      <t>1033</t>
    </point>
    <point>
      <x>0.36833334</x>
      <y>0.30666667</y>
      <w>0.40957966</w>
      <t>1033</t>
    </point>
    <point>
      <x>0.36666667</x>
      <y>0.31</y>
      <w>0.40957966</w>
      <t>1033</t>
    </point>
    <point>
      <x>0.36666667</x>
      <y>0.31166667</y>
      <w>0.43890518</w>
      <t>1067</t>
    </point>
    <point>
      <x>0.365</x>
      <y>0.315</y>
      <w>0.43890518</w>
      <t>1067</t>
    </point>
    <point>
      <x>0.36333334</x>
      <y>0.31833333</y>
      <w>0.43890518</w>
      <t>1067</t>
    </point>
    <point>
      <x>0.36166668</x>
      <y>0.32166666</y>
      <w>0.43890518</w>
      <t>1068</t>
    </point>
    <point>
      <x>0.36</x>
      <y>0.325</y>
      <w>0.4525904</w>
      <t>1100</t>
    </point>
    <point>
      <x>0.36</x>
      <y>0.32833335</y>
      <w>0.4525904</w>
      <t>1100</t>
    </point>
    <point>
      <x>0.35833332</x>
      <y>0.33166668</y>
      <w>0.4525904</w>
      <t>1100</t>
    </point>
    <point>
      <x>0.35666665</x>
      <y>0.33333334</y>
      <w>0.4525904</w>
      <t>1100</t>
    </point>
    <point>
      <x>0.355</x>
      <y>0.33666667</y>
      <w>0.4525904</w>
      <t>1101</t>
    </point>
    <point>
      <x>0.355</x>
      <y>0.34</y>
      <w>0.4692082</w>
      <t>1133</t>
    </point>
    <point>
      <x>0.35333332</x>
      <y>0.34333333</y>
      <w>0.4692082</w>
      <t>1133</t>
    </point>
    <point>
      <x>0.35166666</x>
      <y>0.34666666</y>
      <w>0.4692082</w>
      <t>1133</t>
    </point>
    <point>
      <x>0.35</x>
      <y>0.35</y>
      <w>0.4692082</w>
      <t>1133</t>
    </point>
    <point>
      <x>0.34833333</x>
      <y>0.35333332</y>
      <w>0.47800586</w>
      <t>1166</t>
    </point>
    <point>
      <x>0.34666666</x>
      <y>0.35666665</y>
      <w>0.47800586</w>
      <t>1166</t>
    </point>
    <point>
      <x>0.345</x>
      <y>0.36</y>
      <w>0.47800586</w>
      <t>1166</t>
    </point>
    <point>
      <x>0.34333333</x>
      <y>0.36333334</y>
      <w>0.47800586</w>
      <t>1166</t>
    </point>
    <point>
      <x>0.34166667</x>
      <y>0.36666667</y>
      <w>0.47800586</w>
      <t>1166</t>
    </point>
    <point>
      <x>0.34</x>
      <y>0.37</y>
      <w>0.4799609</w>
      <t>1201</t>
    </point>
    <point>
      <x>0.33833334</x>
      <y>0.37166667</y>
      <w>0.4799609</w>
      <t>1202</t>
    </point>
    <point>
      <x>0.33666667</x>
      <y>0.375</y>
      <w>0.4799609</w>
      <t>1202</t>
    </point>
    <point>
      <x>0.33333334</x>
      <y>0.37833333</y>
      <w>0.4799609</w>
      <t>1202</t>
    </point>
    <point>
      <x>0.33166668</x>
      <y>0.38166666</y>
      <w>0.4799609</w>
      <t>1202</t>
    </point>
    <point>
      <x>0.33</x>
      <y>0.38666666</y>
      <w>0.48191592</w>
      <t>1233</t>
    </point>
    <point>
      <x>0.32833335</x>
      <y>0.39</y>
      <w>0.48191592</w>
      <t>1233</t>
    </point>
    <point>
      <x>0.325</x>
      <y>0.39333335</y>
      <w>0.48191592</w>
      <t>1233</t>
    </point>
    <point>
      <x>0.32333332</x>
      <y>0.39666668</y>
      <w>0.48191592</w>
      <t>1233</t>
    </point>
    <point>
      <x>0.32166666</x>
      <y>0.4</y>
      <w>0.48191592</w>
      <t>1267</t>
    </point>
    <point>
      <x>0.32</x>
      <y>0.40333334</y>
      <w>0.48191592</w>
      <t>1269</t>
    </point>
    <point>
      <x>0.31666666</x>
      <y>0.40833333</y>
      <w>0.48191592</w>
      <t>1269</t>
    </point>
    <point>
      <x>0.31333333</x>
      <y>0.41166666</y>
      <w>0.48191592</w>
      <t>1269</t>
    </point>
    <point>
      <x>0.31</x>
      <y>0.41666666</y>
      <w>0.4848485</w>
      <t>1300</t>
    </point>
    <point>
      <x>0.30666667</x>
      <y>0.42166665</y>
      <w>0.4848485</w>
      <t>1300</t>
    </point>
    <point>
      <x>0.30333334</x>
      <y>0.425</y>
      <w>0.4848485</w>
      <t>1300</t>
    </point>
    <point>
      <x>0.30166668</x>
      <y>0.42833334</y>
      <w>0.4848485</w>
      <t>1300</t>
    </point>
    <point>
      <x>0.29666665</x>
      <y>0.43166667</y>
      <w>0.4848485</w>
      <t>1301</t>
    </point>
    <point>
      <x>0.29333332</x>
      <y>0.435</y>
      <w>0.4848485</w>
      <t>1333</t>
    </point>
    <point>
      <x>0.29</x>
      <y>0.43833333</y>
      <w>0.4848485</w>
      <t>1333</t>
    </point>
    <point>
      <x>0.28666666</x>
      <y>0.44333333</y>
      <w>0.4848485</w>
      <t>1333</t>
    </point>
    <point>
      <x>0.28333333</x>
      <y>0.44666666</y>
      <w>0.4848485</w>
      <t>1333</t>
    </point>
    <point>
      <x>0.28</x>
      <y>0.45</y>
      <w>0.48680353</w>
      <t>1367</t>
    </point>
    <point>
      <x>0.27666667</x>
      <y>0.45333335</y>
      <w>0.48680353</w>
      <t>1367</t>
    </point>
    <point>
      <x>0.27166668</x>
      <y>0.45666668</y>
      <w>0.48680353</w>
      <t>1367</t>
    </point>
    <point>
      <x>0.26833335</x>
      <y>0.46</y>
      <w>0.48680353</w>
      <t>1367</t>
    </point>
    <point>
      <x>0.265</x>
      <y>0.46166667</y>
      <w>0.48680353</w>
      <t>1367</t>
    </point>
    <point>
      <x>0.26166666</x>
      <y>0.465</y>
      <w>0.48778105</w>
      <t>1400</t>
    </point>
    <point>
      <x>0.25833333</x>
      <y>0.46833333</y>
      <w>0.48778105</w>
      <t>1400</t>
    </point>
    <point>
      <x>0.255</x>
      <y>0.47166666</y>
      <w>0.48778105</w>
      <t>1400</t>
    </point>
    <point>
      <x>0.25</x>
      <y>0.47333333</y>
      <w>0.48778105</w>
      <t>1400</t>
    </point>
    <point>
      <x>0.24666667</x>
      <y>0.47666666</y>
      <w>0.48778105</w>
      <t>1433</t>
    </point>
    <point>
      <x>0.24333334</x>
      <y>0.48</y>
      <w>0.48778105</w>
      <t>1433</t>
    </point>
    <point>
      <x>0.23833333</x>
      <y>0.48166665</y>
      <w>0.48778105</w>
      <t>1433</t>
    </point>
    <point>
      <x>0.235</x>
      <y>0.485</y>
      <w>0.48778105</w>
      <t>1433</t>
    </point>
    <point>
      <x>0.23166667</x>
      <y>0.48666668</y>
      <w>0.4799609</w>
      <t>1467</t>
    </point>
    <point>
      <x>0.22666667</x>
      <y>0.48833334</y>
      <w>0.4799609</w>
      <t>1467</t>
    </point>
    <point>
      <x>0.22333333</x>
      <y>0.49166667</y>
      <w>0.4799609</w>
      <t>1467</t>
    </point>
    <point>
      <x>0.21833333</x>
      <y>0.49333334</y>
      <w>0.4799609</w>
      <t>1467</t>
    </point>
    <point>
      <x>0.215</x>
      <y>0.495</y>
      <w>0.4799609</w>
      <t>1467</t>
    </point>
    <point>
      <x>0.21166667</x>
      <y>0.495</y>
      <w>0.47311828</w>
      <t>1500</t>
    </point>
    <point>
      <x>0.20833333</x>
      <y>0.49666667</y>
      <w>0.47311828</w>
      <t>1500</t>
    </point>
    <point>
      <x>0.205</x>
      <y>0.49833333</y>
      <w>0.47311828</w>
      <t>1500</t>
    </point>
    <point>
      <x>0.20333333</x>
      <y>0.5</y>
      <w>0.47311828</w>
      <t>1500</t>
    </point>
    <point>
      <x>0.2</x>
      <y>0.5</y>
      <w>0.4692082</w>
      <t>1533</t>
    </point>
    <point>
      <x>0.19666667</x>
      <y>0.50166667</y>
      <w>0.4692082</w>
      <t>1533</t>
    </point>
    <point>
      <x>0.195</x>
      <y>0.50166667</y>
      <w>0.4692082</w>
      <t>1533</t>
    </point>
    <point>
      <x>0.19166666</x>
      <y>0.50166667</y>
      <w>0.4692082</w>
      <t>1533</t>
    </point>
    <point>
      <x>0.19</x>
      <y>0.50166667</y>
      <w>0.4692082</w>
      <t>1533</t>
    </point>
    <point>
      <x>0.18833333</x>
      <y>0.50166667</y>
      <w>0.4173998</w>
      <t>1567</t>
    </point>
    <point>
      <x>0.185</x>
      <y>0.50166667</y>
      <w>0.4173998</w>
      <t>1567</t>
    </point>
    <point>
      <x>0.18333334</x>
      <y>0.50166667</y>
      <w>0.4173998</w>
      <t>1568</t>
    </point>
    <point>
      <x>0.18</x>
      <y>0.50166667</y>
      <w>0.4173998</w>
      <t>1568</t>
    </point>
    <point>
      <x>0.17833333</x>
      <y>0.50166667</y>
      <w>0.40957966</w>
      <t>1600</t>
    </point>
    <point>
      <x>0.175</x>
      <y>0.50166667</y>
      <w>0.40957966</w>
      <t>1600</t>
    </point>
    <point>
      <x>0.17333333</x>
      <y>0.50166667</y>
      <w>0.40957966</w>
      <t>1600</t>
    </point>
    <point>
      <x>0.17166667</x>
      <y>0.50166667</y>
      <w>0.40957966</w>
      <t>1600</t>
    </point>
    <point>
      <x>0.17</x>
      <y>0.5</y>
      <w>0.40957966</w>
      <t>1601</t>
    </point>
    <point>
      <x>0.16833334</x>
      <y>0.5</y>
      <w>0.3841642</w>
      <t>1633</t>
    </point>
    <point>
      <x>0.16666667</x>
      <y>0.49833333</y>
      <w>0.3841642</w>
      <t>1633</t>
    </point>
    <point>
      <x>0.165</x>
      <y>0.49666667</y>
      <w>0.3841642</w>
      <t>1633</t>
    </point>
    <point>
      <x>0.16333333</x>
      <y>0.49666667</y>
      <w>0.3841642</w>
      <t>1633</t>
    </point>
    <point>
      <x>0.16166666</x>
      <y>0.495</y>
      <w>0.38220918</w>
      <t>1667</t>
    </point>
    <point>
      <x>0.16166666</x>
      <y>0.49333334</y>
      <w>0.38220918</w>
      <t>1667</t>
    </point>
    <point>
      <x>0.16</x>
      <y>0.49166667</y>
      <w>0.38220918</w>
      <t>1667</t>
    </point>
    <point>
      <x>0.15833333</x>
      <y>0.49</y>
      <w>0.38220918</w>
      <t>1667</t>
    </point>
    <point>
      <x>0.15666667</x>
      <y>0.48833334</y>
      <w>0.37927663</w>
      <t>1700</t>
    </point>
    <point>
      <x>0.15666667</x>
      <y>0.48666668</y>
      <w>0.37927663</w>
      <t>1700</t>
    </point>
    <point>
      <x>0.15666667</x>
      <y>0.485</y>
      <w>0.37927663</w>
      <t>1700</t>
    </point>
    <point>
      <x>0.15666667</x>
      <y>0.48333332</y>
      <w>0.37927663</w>
      <t>1700</t>
    </point>
    <point>
      <x>0.15666667</x>
      <y>0.48166665</y>
      <w>0.37634408</w>
      <t>1734</t>
    </point>
    <point>
      <x>0.15666667</x>
      <y>0.48</y>
      <w>0.37634408</w>
      <t>1734</t>
    </point>
    <point>
      <x>0.15666667</x>
      <y>0.47833332</y>
      <w>0.37634408</w>
      <t>1734</t>
    </point>
    <point>
      <x>0.15666667</x>
      <y>0.47666666</y>
      <w>0.37634408</w>
      <t>1734</t>
    </point>
    <point>
      <x>0.15666667</x>
      <y>0.475</y>
      <w>0.37438905</w>
      <t>1767</t>
    </point>
    <point>
      <x>0.15666667</x>
      <y>0.47333333</y>
      <w>0.37438905</w>
      <t>1767</t>
    </point>
    <point>
      <x>0.15666667</x>
      <y>0.47166666</y>
      <w>0.37438905</w>
      <t>1767</t>
    </point>
    <point>
      <x>0.15833333</x>
      <y>0.47</y>
      <w>0.37438905</w>
      <t>1767</t>
    </point>
    <point>
      <x>0.16</x>
      <y>0.46666667</y>
      <w>0.37438905</w>
      <t>1767</t>
    </point>
    <point>
      <x>0.16</x>
      <y>0.465</y>
      <w>0.37243402</w>
      <t>1802</t>
    </point>
    <point>
      <x>0.16166666</x>
      <y>0.46333334</y>
      <w>0.37243402</w>
      <t>1802</t>
    </point>
    <point>
      <x>0.16333333</x>
      <y>0.46</y>
      <w>0.37243402</w>
      <t>1802</t>
    </point>
    <point>
      <x>0.165</x>
      <y>0.45833334</y>
      <w>0.37243402</w>
      <t>1802</t>
    </point>
    <point>
      <x>0.16666667</x>
      <y>0.455</y>
      <w>0.37243402</w>
      <t>1802</t>
    </point>
    <point>
      <x>0.16833334</x>
      <y>0.45333335</y>
      <w>0.370479</w>
      <t>1833</t>
    </point>
    <point>
      <x>0.17</x>
      <y>0.45</y>
      <w>0.370479</w>
      <t>1833</t>
    </point>
    <point>
      <x>0.17166667</x>
      <y>0.44833332</y>
      <w>0.370479</w>
      <t>1833</t>
    </point>
    <point>
      <x>0.17333333</x>
      <y>0.445</y>
      <w>0.370479</w>
      <t>1833</t>
    </point>
    <point>
      <x>0.175</x>
      <y>0.44333333</y>
      <w>0.370479</w>
      <t>1867</t>
    </point>
    <point>
      <x>0.17833333</x>
      <y>0.44</y>
      <w>0.370479</w>
      <t>1867</t>
    </point>
    <point>
      <x>0.18</x>
      <y>0.43833333</y>
      <w>0.370479</w>
      <t>1867</t>
    </point>
    <point>
      <x>0.18166667</x>
      <y>0.43666667</y>
      <w>0.370479</w>
      <t>1867</t>
    </point>
    <point>
      <x>0.18333334</x>
      <y>0.43666667</y>
      <w>0.37438905</w>
      <t>1900</t>
    </point>
    <point>
      <x>0.185</x>
      <y>0.435</y>
      <w>0.37438905</w>
      <t>1900</t>
    </point>
    <point>
      <x>0.18666667</x>
      <y>0.43333334</y>
      <w>0.37438905</w>
      <t>1900</t>
    </point>
    <point>
      <x>0.18833333</x>
      <y>0.43166667</y>
      <w>0.37438905</w>
      <t>1900</t>
    </point>
    <point>
      <x>0.19166666</x>
      <y>0.42833334</y>
      <w>0.37438905</w>
      <t>1900</t>
    </point>
    <point>
      <x>0.195</x>
      <y>0.42666668</y>
      <w>0.3773216</w>
      <t>1933</t>
    </point>
    <point>
      <x>0.19833334</x>
      <y>0.425</y>
      <w>0.3773216</w>
      <t>1933</t>
    </point>
    <point>
      <x>0.20166667</x>
      <y>0.42166665</y>
      <w>0.3773216</w>
      <t>1933</t>
    </point>
    <point>
      <x>0.20666666</x>
      <y>0.41833332</y>
      <w>0.3773216</w>
      <t>1933</t>
    </point>
    <point>
      <x>0.21166667</x>
      <y>0.41666666</y>
      <w>0.38709676</w>
      <t>1967</t>
    </point>
    <point>
      <x>0.215</x>
      <y>0.41333333</y>
      <w>0.38709676</w>
      <t>1967</t>
    </point>
    <point>
      <x>0.22</x>
      <y>0.41</y>
      <w>0.38709676</w>
      <t>1967</t>
    </point>
    <point>
      <x>0.225</x>
      <y>0.40833333</y>
      <w>0.38709676</w>
      <t>1967</t>
    </point>
    <point>
      <x>0.23</x>
      <y>0.405</y>
      <w>0.40175954</w>
      <t>2000</t>
    </point>
    <point>
      <x>0.235</x>
      <y>0.40166667</y>
      <w>0.40175954</w>
      <t>2000</t>
    </point>
    <point>
      <x>0.24</x>
      <y>0.4</y>
      <w>0.40175954</w>
      <t>2000</t>
    </point>
    <point>
      <x>0.24333334</x>
      <y>0.39666668</y>
      <w>0.40175954</w>
      <t>2000</t>
    </point>
    <point>
      <x>0.24833333</x>
      <y>0.395</y>
      <w>0.40175954</w>
      <t>2000</t>
    </point>
    <point>
      <x>0.25166667</x>
      <y>0.39333335</y>
      <w>0.41055718</w>
      <t>2033</t>
    </point>
    <point>
      <x>0.25666666</x>
      <y>0.39166668</y>
      <w>0.41055718</w>
      <t>2033</t>
    </point>
    <point>
      <x>0.26</x>
      <y>0.39</y>
      <w>0.41055718</w>
      <t>2033</t>
    </point>
    <point>
      <x>0.265</x>
      <y>0.38833332</y>
      <w>0.41055718</w>
      <t>2033</t>
    </point>
    <point>
      <x>0.26833335</x>
      <y>0.38666666</y>
      <w>0.42424244</w>
      <t>2067</t>
    </point>
    <point>
      <x>0.27333334</x>
      <y>0.385</y>
      <w>0.42424244</w>
      <t>2067</t>
    </point>
    <point>
      <x>0.27666667</x>
      <y>0.385</y>
      <w>0.42424244</w>
      <t>2067</t>
    </point>
    <point>
      <x>0.28</x>
      <y>0.385</y>
      <w>0.42424244</w>
      <t>2067</t>
    </point>
    <point>
      <x>0.28333333</x>
      <y>0.38333333</y>
      <w>0.42424244</w>
      <t>2067</t>
    </point>
    <point>
      <x>0.28666666</x>
      <y>0.38333333</y>
      <w>0.44477028</w>
      <t>2100</t>
    </point>
    <point>
      <x>0.29</x>
      <y>0.38166666</y>
      <w>0.44477028</w>
      <t>2100</t>
    </point>
    <point>
      <x>0.29333332</x>
      <y>0.38166666</y>
      <w>0.44477028</w>
      <t>2100</t>
    </point>
    <point>
      <x>0.29666665</x>
      <y>0.38</y>
      <w>0.44477028</w>
      <t>2100</t>
    </point>
    <point>
      <x>0.30166668</x>
      <y>0.38</y>
      <w>0.45552298</w>
      <t>2133</t>
    </point>
    <point>
      <x>0.305</x>
      <y>0.37833333</y>
      <w>0.45552298</w>
      <t>2133</t>
    </point>
    <point>
      <x>0.30833334</x>
      <y>0.37833333</y>
      <w>0.45552298</w>
      <t>2133</t>
    </point>
    <point>
      <x>0.31333333</x>
      <y>0.37666667</y>
      <w>0.45552298</w>
      <t>2133</t>
    </point>
    <point>
      <x>0.31666666</x>
      <y>0.37666667</y>
      <w>0.45552298</w>
      <t>2133</t>
    </point>
    <point>
      <x>0.32166666</x>
      <y>0.375</y>
      <w>0.4682307</w>
      <t>2167</t>
    </point>
    <point>
      <x>0.325</x>
      <y>0.375</y>
      <w>0.4682307</w>
      <t>2167</t>
    </point>
    <point>
      <x>0.32833335</x>
      <y>0.375</y>
      <w>0.4682307</w>
      <t>2167</t>
    </point>
    <point>
      <x>0.33166668</x>
      <y>0.37333333</y>
      <w>0.4682307</w>
      <t>2167</t>
    </point>
    <point>
      <x>0.33333334</x>
      <y>0.37333333</y>
      <w>0.48973608</w>
      <t>2200</t>
    </point>
    <point>
      <x>0.33666667</x>
      <y>0.37333333</y>
      <w>0.48973608</w>
      <t>2200</t>
    </point>
    <point>
      <x>0.34</x>
      <y>0.37333333</y>
      <w>0.48973608</w>
      <t>2200</t>
    </point>
    <point>
      <x>0.34333333</x>
      <y>0.37333333</y>
      <w>0.48973608</w>
      <t>2200</t>
    </point>
    <point>
      <x>0.34666666</x>
      <y>0.37333333</y>
      <w>0.48973608</w>
      <t>2200</t>
    </point>
    <point>
      <x>0.35</x>
      <y>0.37333333</y>
      <w>0.5014663</w>
      <t>2233</t>
    </point>
    <point>
      <x>0.35333332</x>
      <y>0.37333333</y>
      <w>0.5014663</w>
      <t>2233</t>
    </point>
    <point>
      <x>0.35666665</x>
      <y>0.37333333</y>
      <w>0.5014663</w>
      <t>2233</t>
    </point>
    <point>
      <x>0.36</x>
      <y>0.37333333</y>
      <w>0.5014663</w>
      <t>2233</t>
    </point>
    <point>
      <x>0.36333334</x>
      <y>0.37333333</y>
      <w>0.51319647</w>
      <t>2267</t>
    </point>
    <point>
      <x>0.36666667</x>
      <y>0.37333333</y>
      <w>0.51319647</w>
      <t>2267</t>
    </point>
    <point>
      <x>0.37</x>
      <y>0.37333333</y>
      <w>0.51319647</w>
      <t>2267</t>
    </point>
    <point>
      <x>0.37333333</x>
      <y>0.37333333</y>
      <w>0.51319647</w>
      <t>2267</t>
    </point>
    <point>
      <x>0.37833333</x>
      <y>0.37333333</y>
      <w>0.52492666</w>
      <t>2300</t>
    </point>
    <point>
      <x>0.38</x>
      <y>0.37333333</y>
      <w>0.52492666</w>
      <t>2300</t>
    </point>
    <point>
      <x>0.38333333</x>
      <y>0.37333333</y>
      <w>0.52492666</w>
      <t>2300</t>
    </point>
    <point>
      <x>0.38666666</x>
      <y>0.37333333</y>
      <w>0.52492666</w>
      <t>2300</t>
    </point>
    <point>
      <x>0.39</x>
      <y>0.37333333</y>
      <w>0.52492666</w>
      <t>2300</t>
    </point>
    <point>
      <x>0.39333335</x>
      <y>0.37333333</y>
      <w>0.52981424</w>
      <t>2333</t>
    </point>
    <point>
      <x>0.395</x>
      <y>0.37333333</y>
      <w>0.52981424</w>
      <t>2333</t>
    </point>
    <point>
      <x>0.39833334</x>
      <y>0.37333333</y>
      <w>0.52981424</w>
      <t>2333</t>
    </point>
    <point>
      <x>0.4</x>
      <y>0.37333333</y>
      <w>0.52981424</w>
      <t>2333</t>
    </point>
    <point>
      <x>0.40166667</x>
      <y>0.37333333</y>
      <w>0.53958946</w>
      <t>2367</t>
    </point>
    <point>
      <x>0.40333334</x>
      <y>0.37333333</y>
      <w>0.53958946</w>
      <t>2367</t>
    </point>
    <point>
      <x>0.40666667</x>
      <y>0.37333333</y>
      <w>0.53958946</w>
      <t>2367</t>
    </point>
    <point>
      <x>0.40833333</x>
      <y>0.37333333</y>
      <w>0.53958946</w>
      <t>2367</t>
    </point>
    <point>
      <x>0.41</x>
      <y>0.37333333</y>
      <w>0.53958946</w>
      <t>2367</t>
    </point>
    <point>
      <x>0.41333333</x>
      <y>0.375</y>
      <w>0.54447705</w>
      <t>2400</t>
    </point>
    <point>
      <x>0.415</x>
      <y>0.375</y>
      <w>0.54447705</w>
      <t>2400</t>
    </point>
    <point>
      <x>0.41666666</x>
      <y>0.375</y>
      <w>0.54447705</w>
      <t>2400</t>
    </point>
    <point>
      <x>0.41833332</x>
      <y>0.37666667</y>
      <w>0.54447705</w>
      <t>2400</t>
    </point>
    <point>
      <x>0.42166665</x>
      <y>0.37666667</y>
      <w>0.55131966</w>
      <t>2433</t>
    </point>
    <point>
      <x>0.42333335</x>
      <y>0.37666667</y>
      <w>0.55131966</w>
      <t>2433</t>
    </point>
    <point>
      <x>0.425</x>
      <y>0.37833333</y>
      <w>0.55131966</w>
      <t>2433</t>
    </point>
    <point>
      <x>0.42833334</x>
      <y>0.37833333</y>
      <w>0.55131966</w>
      <t>2433</t>
    </point>
    <point>
      <x>0.43</x>
      <y>0.37833333</y>
      <w>0.55131966</w>
      <t>2433</t>
    </point>
    <point>
      <x>0.43333334</x>
      <y>0.38</y>
      <w>0.5542522</w>
      <t>2467</t>
    </point>
    <point>
      <x>0.435</x>
      <y>0.38</y>
      <w>0.5542522</w>
      <t>2467</t>
    </point>
    <point>
      <x>0.43666667</x>
      <y>0.38166666</y>
      <w>0.5542522</w>
      <t>2467</t>
    </point>
    <point>
      <x>0.44</x>
      <y>0.38166666</y>
      <w>0.5542522</w>
      <t>2467</t>
    </point>
    <point>
      <x>0.44333333</x>
      <y>0.38333333</y>
      <w>0.55718476</w>
      <t>2500</t>
    </point>
    <point>
      <x>0.445</x>
      <y>0.38333333</y>
      <w>0.55718476</w>
      <t>2500</t>
    </point>
    <point>
      <x>0.44833332</x>
      <y>0.385</y>
      <w>0.55718476</w>
      <t>2500</t>
    </point>
    <point>
      <x>0.45</x>
      <y>0.385</y>
      <w>0.55718476</w>
      <t>2500</t>
    </point>
    <point>
      <x>0.45166665</x>
      <y>0.38666666</y>
      <w>0.55718476</w>
      <t>2500</t>
    </point>
    <point>
      <x>0.455</x>
      <y>0.38666666</y>
      <w>0.5581623</w>
      <t>2533</t>
    </point>
    <point>
      <x>0.45666668</x>
      <y>0.38833332</y>
      <w>0.5581623</w>
      <t>2533</t>
    </point>
    <point>
      <x>0.45833334</x>
      <y>0.38833332</y>
      <w>0.5581623</w>
      <t>2533</t>
    </point>
    <point>
      <x>0.46166667</x>
      <y>0.39</y>
      <w>0.5581623</w>
      <t>2533</t>
    </point>
    <point>
      <x>0.46333334</x>
      <y>0.39</y>
      <w>0.5601173</w>
      <t>2567</t>
    </point>
    <point>
      <x>0.465</x>
      <y>0.39166668</y>
      <w>0.5601173</w>
      <t>2567</t>
    </point>
    <point>
      <x>0.46666667</x>
      <y>0.39166668</y>
      <w>0.5601173</w>
      <t>2567</t>
    </point>
    <point>
      <x>0.47</x>
      <y>0.39333335</y>
      <w>0.5601173</w>
      <t>2567</t>
    </point>
    <point>
      <x>0.47166666</x>
      <y>0.39333335</y>
      <w>0.5601173</w>
      <t>2567</t>
    </point>
    <point>
      <x>0.47333333</x>
      <y>0.39333335</y>
      <w>0.5601173</w>
      <t>2600</t>
    </point>
    <point>
      <x>0.475</x>
      <y>0.395</y>
      <w>0.5601173</w>
      <t>2600</t>
    </point>
    <point>
      <x>0.47666666</x>
      <y>0.395</y>
      <w>0.5601173</w>
      <t>2600</t>
    </point>
    <point>
      <x>0.47833332</x>
      <y>0.39666668</y>
      <w>0.5601173</w>
      <t>2600</t>
    </point>
    <point>
      <x>0.48166665</x>
      <y>0.39666668</y>
      <w>0.5601173</w>
      <t>2633</t>
    </point>
    <point>
      <x>0.48333332</x>
      <y>0.39833334</y>
      <w>0.5601173</w>
      <t>2633</t>
    </point>
    <point>
      <x>0.485</x>
      <y>0.39833334</y>
      <w>0.5601173</w>
      <t>2633</t>
    </point>
    <point>
      <x>0.48666668</x>
      <y>0.39833334</y>
      <w>0.5601173</w>
      <t>2633</t>
    </point>
    <point>
      <x>0.48833334</x>
      <y>0.4</y>
      <w>0.5601173</w>
      <t>2667</t>
    </point>
    <point>
      <x>0.49</x>
      <y>0.4</y>
      <w>0.5601173</w>
      <t>2667</t>
    </point>
    <point>
      <x>0.49166667</x>
      <y>0.4</y>
      <w>0.5601173</w>
      <t>2667</t>
    </point>
    <point>
      <x>0.49333334</x>
      <y>0.40166667</y>
      <w>0.5601173</w>
      <t>2667</t>
    </point>
    <point>
      <x>0.495</x>
      <y>0.40166667</y>
      <w>0.5601173</w>
      <t>2667</t>
    </point>
    <point>
      <x>0.49666667</x>
      <y>0.40333334</y>
      <w>0.56207234</w>
      <t>2700</t>
    </point>
    <point>
      <x>0.49833333</x>
      <y>0.40333334</y>
      <w>0.56207234</w>
      <t>2700</t>
    </point>
    <point>
      <x>0.50166667</x>
      <y>0.405</y>
      <w>0.56207234</w>
      <t>2700</t>
    </point>
    <point>
      <x>0.50333333</x>
      <y>0.405</y>
      <w>0.56207234</w>
      <t>2700</t>
    </point>
    <point>
      <x>0.505</x>
      <y>0.40666667</y>
      <w>0.56207234</w>
      <t>2734</t>
    </point>
    <point>
      <x>0.50666666</x>
      <y>0.40666667</y>
      <w>0.56207234</w>
      <t>2734</t>
    </point>
    <point>
      <x>0.51</x>
      <y>0.40833333</y>
      <w>0.56207234</w>
      <t>2734</t>
    </point>
    <point>
      <x>0.5133333</x>
      <y>0.40833333</y>
      <w>0.56207234</w>
      <t>2734</t>
    </point>
    <point>
      <x>0.515</x>
      <y>0.41</y>
      <w>0.56207234</w>
      <t>2734</t>
    </point>
    <point>
      <x>0.5183333</x>
      <y>0.41</y>
      <w>0.5601173</w>
      <t>2767</t>
    </point>
    <point>
      <x>0.52</x>
      <y>0.41</y>
      <w>0.5601173</w>
      <t>2767</t>
    </point>
    <point>
      <x>0.52166665</x>
      <y>0.41166666</y>
      <w>0.5601173</w>
      <t>2767</t>
    </point>
    <point>
      <x>0.525</x>
      <y>0.41166666</y>
      <w>0.5601173</w>
      <t>2767</t>
    </point>
    <point>
      <x>0.52666664</x>
      <y>0.41166666</y>
      <w>0.5591398</w>
      <t>2800</t>
    </point>
    <point>
      <x>0.5283333</x>
      <y>0.41166666</y>
      <w>0.5591398</w>
      <t>2800</t>
    </point>
    <point>
      <x>0.53</x>
      <y>0.41166666</y>
      <w>0.5591398</w>
      <t>2800</t>
    </point>
    <point>
      <x>0.53333336</x>
      <y>0.41166666</y>
      <w>0.5591398</w>
      <t>2800</t>
    </point>
    <point>
      <x>0.535</x>
      <y>0.41166666</y>
      <w>0.5591398</w>
      <t>2800</t>
    </point>
    <point>
      <x>0.53833336</x>
      <y>0.41166666</y>
      <w>0.5415445</w>
      <t>2834</t>
    </point>
    <point>
      <x>0.5416667</x>
      <y>0.41166666</y>
      <w>0.5415445</w>
      <t>2834</t>
    </point>
    <point>
      <x>0.54333335</x>
      <y>0.41166666</y>
      <w>0.5415445</w>
      <t>2834</t>
    </point>
    <point>
      <x>0.5466667</x>
      <y>0.41166666</y>
      <w>0.5415445</w>
      <t>2834</t>
    </point>
    <point>
      <x>0.54833335</x>
      <y>0.41166666</y>
      <w>0.53079176</w>
      <t>2867</t>
    </point>
    <point>
      <x>0.55</x>
      <y>0.41</y>
      <w>0.53079176</w>
      <t>2867</t>
    </point>
    <point>
      <x>0.55333334</x>
      <y>0.41</y>
      <w>0.53079176</w>
      <t>2867</t>
    </point>
    <point>
      <x>0.555</x>
      <y>0.40833333</y>
      <w>0.53079176</w>
      <t>2867</t>
    </point>
    <point>
      <x>0.55833334</x>
      <y>0.40833333</y>
      <w>0.53079176</w>
      <t>2867</t>
    </point>
    <point>
      <x>0.56</x>
      <y>0.40666667</y>
      <w>0.49951124</w>
      <t>2900</t>
    </point>
    <point>
      <x>0.56333333</x>
      <y>0.40666667</y>
      <w>0.49951124</w>
      <t>2900</t>
    </point>
    <point>
      <x>0.565</x>
      <y>0.405</y>
      <w>0.49951124</w>
      <t>2900</t>
    </point>
    <point>
      <x>0.5683333</x>
      <y>0.40333334</y>
      <w>0.49951124</w>
      <t>2900</t>
    </point>
    <point>
      <x>0.57166666</x>
      <y>0.40166667</y>
      <w>0.46432063</w>
      <t>2934</t>
    </point>
    <point>
      <x>0.5733333</x>
      <y>0.4</y>
      <w>0.46432063</w>
      <t>2934</t>
    </point>
    <point>
      <x>0.57666665</x>
      <y>0.39833334</y>
      <w>0.46432063</w>
      <t>2934</t>
    </point>
    <point>
      <x>0.5783333</x>
      <y>0.39833334</y>
      <w>0.46432063</w>
      <t>2934</t>
    </point>
    <point>
      <x>0.58</x>
      <y>0.39666668</y>
      <w>0.44281524</w>
      <t>2967</t>
    </point>
    <point>
      <x>0.5833333</x>
      <y>0.395</y>
      <w>0.44281524</w>
      <t>2967</t>
    </point>
    <point>
      <x>0.585</x>
      <y>0.39333335</y>
      <w>0.44281524</w>
      <t>2967</t>
    </point>
    <point>
      <x>0.5883333</x>
      <y>0.39166668</y>
      <w>0.44281524</w>
      <t>2967</t>
    </point>
    <point>
      <x>0.59166664</x>
      <y>0.39</y>
      <w>0.44281524</w>
      <t>2967</t>
    </point>
    <point>
      <x>0.5933333</x>
      <y>0.38833332</y>
      <w>0.370479</w>
      <t>3000</t>
    </point>
    <point>
      <x>0.5966667</x>
      <y>0.38666666</y>
      <w>0.370479</w>
      <t>3000</t>
    </point>
    <point>
      <x>0.6</x>
      <y>0.385</y>
      <w>0.370479</w>
      <t>3000</t>
    </point>
    <point>
      <x>0.6016667</x>
      <y>0.38333333</y>
      <w>0.370479</w>
      <t>3000</t>
    </point>
    <point>
      <x>0.605</x>
      <y>0.38166666</y>
      <w>0.35092863</w>
      <t>3034</t>
    </point>
    <point>
      <x>0.6066667</x>
      <y>0.38166666</y>
      <w>0.35092863</w>
      <t>3034</t>
    </point>
    <point>
      <x>0.61</x>
      <y>0.38</y>
      <w>0.35092863</w>
      <t>3034</t>
    </point>
    <point>
      <x>0.6116667</x>
      <y>0.37833333</y>
      <w>0.35092863</w>
      <t>3034</t>
    </point>
    <point>
      <x>0.615</x>
      <y>0.37833333</y>
      <w>0.35092863</w>
      <t>3034</t>
    </point>
    <point>
      <x>0.6166667</x>
      <y>0.37833333</y>
      <w>0.34017596</w>
      <t>3067</t>
    </point>
    <point>
      <x>0.61833334</x>
      <y>0.37666667</y>
      <w>0.34017596</w>
      <t>3067</t>
    </point>
    <point>
      <x>0.62</x>
      <y>0.37666667</y>
      <w>0.34017596</w>
      <t>3067</t>
    </point>
    <point>
      <x>0.62333333</x>
      <y>0.375</y>
      <w>0.34017596</w>
      <t>3067</t>
    </point>
    <point>
      <x>0.625</x>
      <y>0.375</y>
      <w>0.34017596</w>
      <t>3100</t>
    </point>
    <point>
      <x>0.62833333</x>
      <y>0.37333333</y>
      <w>0.34017596</w>
      <t>3100</t>
    </point>
    <point>
      <x>0.63</x>
      <y>0.37333333</y>
      <w>0.34017596</w>
      <t>3100</t>
    </point>
    <point>
      <x>0.6333333</x>
      <y>0.37333333</y>
      <w>0.34017596</w>
      <t>3100</t>
    </point>
    <point>
      <x>0.635</x>
      <y>0.37166667</y>
      <w>0.34017596</w>
      <t>3100</t>
    </point>
    <point>
      <x>0.63666666</x>
      <y>0.37166667</y>
      <w>0.36168134</w>
      <t>3134</t>
    </point>
    <point>
      <x>0.64</x>
      <y>0.37166667</y>
      <w>0.36168134</w>
      <t>3134</t>
    </point>
    <point>
      <x>0.64166665</x>
      <y>0.37</y>
      <w>0.36168134</w>
      <t>3134</t>
    </point>
    <point>
      <x>0.645</x>
      <y>0.37</y>
      <w>0.36168134</w>
      <t>3134</t>
    </point>
    <point>
      <x>0.64666665</x>
      <y>0.37</y>
      <w>0.40762463</w>
      <t>3167</t>
    </point>
    <point>
      <x>0.65</x>
      <y>0.37</y>
      <w>0.40762463</w>
      <t>3167</t>
    </point>
    <point>
      <x>0.6533333</x>
      <y>0.36833334</y>
      <w>0.40762463</w>
      <t>3167</t>
    </point>
    <point>
      <x>0.655</x>
      <y>0.36833334</y>
      <w>0.40762463</w>
      <t>3167</t>
    </point>
    <point>
      <x>0.65833336</x>
      <y>0.36833334</y>
      <w>0.43010753</w>
      <t>3200</t>
    </point>
    <point>
      <x>0.6616667</x>
      <y>0.36833334</y>
      <w>0.43010753</w>
      <t>3200</t>
    </point>
    <point>
      <x>0.665</x>
      <y>0.36833334</y>
      <w>0.43010753</w>
      <t>3200</t>
    </point>
    <point>
      <x>0.6666667</x>
      <y>0.36833334</y>
      <w>0.43010753</w>
      <t>3200</t>
    </point>
    <point>
      <x>0.67</x>
      <y>0.36833334</y>
      <w>0.43010753</w>
      <t>3200</t>
    </point>
    <point>
      <x>0.67333335</x>
      <y>0.36833334</y>
      <w>0.45845553</w>
      <t>3234</t>
    </point>
    <point>
      <x>0.6766667</x>
      <y>0.36833334</y>
      <w>0.45845553</w>
      <t>3234</t>
    </point>
    <point>
      <x>0.67833334</x>
      <y>0.36833334</y>
      <w>0.45845553</w>
      <t>3234</t>
    </point>
    <point>
      <x>0.6816667</x>
      <y>0.36833334</y>
      <w>0.45845553</w>
      <t>3234</t>
    </point>
    <point>
      <x>0.685</x>
      <y>0.36833334</y>
      <w>0.45845553</w>
      <t>3234</t>
    </point>
    <point>
      <x>0.68833333</x>
      <y>0.36833334</y>
      <w>0.50048876</w>
      <t>3268</t>
    </point>
    <point>
      <x>0.69166666</x>
      <y>0.36833334</y>
      <w>0.50048876</w>
      <t>3268</t>
    </point>
    <point>
      <x>0.695</x>
      <y>0.36833334</y>
      <w>0.50048876</w>
      <t>3268</t>
    </point>
    <point>
      <x>0.6983333</x>
      <y>0.37</y>
      <w>0.50048876</w>
      <t>3268</t>
    </point>
    <point>
      <x>0.70166665</x>
      <y>0.37</y>
      <w>0.52394915</w>
      <t>3300</t>
    </point>
    <point>
      <x>0.705</x>
      <y>0.37</y>
      <w>0.52394915</w>
      <t>3300</t>
    </point>
    <point>
      <x>0.7083333</x>
      <y>0.37166667</y>
      <w>0.52394915</w>
      <t>3300</t>
    </point>
    <point>
      <x>0.71</x>
      <y>0.37166667</y>
      <w>0.52394915</w>
      <t>3300</t>
    </point>
    <point>
      <x>0.7133333</x>
      <y>0.37333333</y>
      <w>0.56207234</w>
      <t>3334</t>
    </point>
    <point>
      <x>0.71666664</x>
      <y>0.37333333</y>
      <w>0.56207234</w>
      <t>3334</t>
    </point>
    <point>
      <x>0.72</x>
      <y>0.375</y>
      <w>0.56207234</w>
      <t>3334</t>
    </point>
    <point>
      <x>0.72333336</x>
      <y>0.375</y>
      <w>0.56207234</w>
      <t>3334</t>
    </point>
    <point>
      <x>0.725</x>
      <y>0.37666667</y>
      <w>0.56207234</w>
      <t>3334</t>
    </point>
    <point>
      <x>0.72833335</x>
      <y>0.37833333</y>
      <w>0.59433043</w>
      <t>3367</t>
    </point>
    <point>
      <x>0.7316667</x>
      <y>0.38</y>
      <w>0.59433043</w>
      <t>3367</t>
    </point>
    <point>
      <x>0.735</x>
      <y>0.38166666</y>
      <w>0.59433043</w>
      <t>3367</t>
    </point>
    <point>
      <x>0.74</x>
      <y>0.38166666</y>
      <w>0.59433043</w>
      <t>3367</t>
    </point>
    <point>
      <x>0.7416667</x>
      <y>0.38333333</y>
      <w>0.61290324</w>
      <t>3400</t>
    </point>
    <point>
      <x>0.745</x>
      <y>0.385</y>
      <w>0.61290324</w>
      <t>3400</t>
    </point>
    <point>
      <x>0.74666667</x>
      <y>0.385</y>
      <w>0.61290324</w>
      <t>3400</t>
    </point>
    <point>
      <x>0.75</x>
      <y>0.38666666</y>
      <w>0.61290324</w>
      <t>3400</t>
    </point>
    <point>
      <x>0.75166667</x>
      <y>0.38833332</y>
      <w>0.61290324</w>
      <t>3400</t>
    </point>
    <point>
      <x>0.75333333</x>
      <y>0.38833332</y>
      <w>0.627566</w>
      <t>3434</t>
    </point>
    <point>
      <x>0.75666666</x>
      <y>0.39</y>
      <w>0.627566</w>
      <t>3434</t>
    </point>
    <point>
      <x>0.7583333</x>
      <y>0.39</y>
      <w>0.627566</w>
      <t>3434</t>
    </point>
    <point>
      <x>0.76</x>
      <y>0.39166668</y>
      <w>0.627566</w>
      <t>3434</t>
    </point>
    <point>
      <x>0.76166666</x>
      <y>0.39166668</y>
      <w>0.6422287</w>
      <t>3467</t>
    </point>
    <point>
      <x>0.7633333</x>
      <y>0.39333335</y>
      <w>0.6422287</w>
      <t>3467</t>
    </point>
    <point>
      <x>0.76666665</x>
      <y>0.395</y>
      <w>0.6422287</w>
      <t>3467</t>
    </point>
    <point>
      <x>0.7683333</x>
      <y>0.395</y>
      <w>0.6422287</w>
      <t>3467</t>
    </point>
    <point>
      <x>0.77</x>
      <y>0.39666668</y>
      <w>0.6529814</w>
      <t>3500</t>
    </point>
    <point>
      <x>0.77166665</x>
      <y>0.39833334</y>
      <w>0.6529814</w>
      <t>3500</t>
    </point>
    <point>
      <x>0.7733333</x>
      <y>0.4</y>
      <w>0.6529814</w>
      <t>3500</t>
    </point>
    <point>
      <x>0.775</x>
      <y>0.4</y>
      <w>0.6529814</w>
      <t>3500</t>
    </point>
    <point>
      <x>0.77666664</x>
      <y>0.40166667</y>
      <w>0.6529814</w>
      <t>3501</t>
    </point>
    <point>
      <x>0.7783333</x>
      <y>0.40333334</y>
      <w>0.66373414</w>
      <t>3533</t>
    </point>
    <point>
      <x>0.78</x>
      <y>0.405</y>
      <w>0.66373414</w>
      <t>3533</t>
    </point>
    <point>
      <x>0.7816667</x>
      <y>0.40666667</y>
      <w>0.66373414</w>
      <t>3533</t>
    </point>
    <point>
      <x>0.7816667</x>
      <y>0.40833333</y>
      <w>0.66373414</w>
      <t>3533</t>
    </point>
    <point>
      <x>0.78333336</x>
      <y>0.41</y>
      <w>0.6793744</w>
      <t>3566</t>
    </point>
    <point>
      <x>0.785</x>
      <y>0.41166666</y>
      <w>0.6793744</w>
      <t>3566</t>
    </point>
    <point>
      <x>0.7866667</x>
      <y>0.41333333</y>
      <w>0.6793744</w>
      <t>3566</t>
    </point>
    <point>
      <x>0.7866667</x>
      <y>0.415</y>
      <w>0.6793744</w>
      <t>3566</t>
    </point>
    <point>
      <x>0.78833336</x>
      <y>0.41666666</y>
      <w>0.6793744</w>
      <t>3566</t>
    </point>
    <point>
      <x>0.79</x>
      <y>0.41833332</y>
      <w>0.6793744</w>
      <t>3600</t>
    </point>
    <point>
      <x>0.79</x>
      <y>0.42</y>
      <w>0.6793744</w>
      <t>3600</t>
    </point>
    <point>
      <x>0.7916667</x>
      <y>0.42166665</y>
      <w>0.6793744</w>
      <t>3600</t>
    </point>
    <point>
      <x>0.79333335</x>
      <y>0.42333335</y>
      <w>0.68230695</w>
      <t>3634</t>
    </point>
    <point>
      <x>0.79333335</x>
      <y>0.425</y>
      <w>0.68230695</w>
      <t>3634</t>
    </point>
    <point>
      <x>0.795</x>
      <y>0.42666668</y>
      <w>0.684262</w>
      <t>3666</t>
    </point>
    <point>
      <x>0.795</x>
      <y>0.42833334</y>
      <w>0.684262</w>
      <t>3666</t>
    </point>
    <point>
      <x>0.795</x>
      <y>0.43</y>
      <w>0.686217</w>
      <t>3734</t>
    </point>
    <point>
      <x>0.795</x>
      <y>0.43166667</y>
      <w>0.6901271</w>
      <t>3767</t>
    </point>
    <point>
      <x>0.795</x>
      <y>0.43333334</y>
      <w>0.6901271</w>
      <t>3767</t>
    </point>
    <point>
      <x>0.795</x>
      <y>0.435</y>
      <w>0.68817204</w>
      <t>3801</t>
    </point>
    <point>
      <x>0.795</x>
      <y>0.43666667</y>
      <w>0.68328446</w>
      <t>3833</t>
    </point>
    <point>
      <x>0.79333335</x>
      <y>0.43666667</y>
      <w>0.68328446</w>
      <t>3833</t>
    </point>
    <point>
      <x>0.7916667</x>
      <y>0.43666667</y>
      <w>0.68328446</w>
      <t>3833</t>
    </point>
    <point>
      <x>0.7916667</x>
      <y>0.43833333</y>
      <w>0.65884656</w>
      <t>3867</t>
    </point>
    <point>
      <x>0.79</x>
      <y>0.43833333</y>
      <w>0.65884656</w>
      <t>3867</t>
    </point>
    <point>
      <x>0.78833336</x>
      <y>0.43833333</y>
      <w>0.65884656</w>
      <t>3867</t>
    </point>
    <point>
      <x>0.7866667</x>
      <y>0.44</y>
      <w>0.65884656</w>
      <t>3867</t>
    </point>
    <point>
      <x>0.78333336</x>
      <y>0.44</y>
      <w>0.65884656</w>
      <t>3867</t>
    </point>
    <point>
      <x>0.7816667</x>
      <y>0.44166666</y>
      <w>0.6363636</w>
      <t>3900</t>
    </point>
    <point>
      <x>0.7783333</x>
      <y>0.44166666</y>
      <w>0.6363636</w>
      <t>3900</t>
    </point>
    <point>
      <x>0.77666664</x>
      <y>0.44333333</y>
      <w>0.6363636</w>
      <t>3900</t>
    </point>
    <point>
      <x>0.7733333</x>
      <y>0.44333333</y>
      <w>0.6363636</w>
      <t>3900</t>
    </point>
    <point>
      <x>0.77166665</x>
      <y>0.44333333</y>
      <w>0.6099707</w>
      <t>3934</t>
    </point>
    <point>
      <x>0.7683333</x>
      <y>0.445</y>
      <w>0.6099707</w>
      <t>3934</t>
    </point>
    <point>
      <x>0.76666665</x>
      <y>0.445</y>
      <w>0.6099707</w>
      <t>3934</t>
    </point>
    <point>
      <x>0.7633333</x>
      <y>0.44666666</y>
      <w>0.6099707</w>
      <t>3934</t>
    </point>
    <point>
      <x>0.76166666</x>
      <y>0.44666666</y>
      <w>0.6099707</w>
      <t>3934</t>
    </point>
    <point>
      <x>0.7583333</x>
      <y>0.44833332</y>
      <w>0.5581623</w>
      <t>3967</t>
    </point>
    <point>
      <x>0.755</x>
      <y>0.44833332</y>
      <w>0.5581623</w>
      <t>3967</t>
    </point>
    <point>
      <x>0.75</x>
      <y>0.45</y>
      <w>0.5581623</w>
      <t>3967</t>
    </point>
    <point>
      <x>0.74666667</x>
      <y>0.45166665</y>
      <w>0.5581623</w>
      <t>3967</t>
    </point>
    <point>
      <x>0.74333334</x>
      <y>0.45333335</y>
      <w>0.51124144</w>
      <t>4000</t>
    </point>
    <point>
      <x>0.73833334</x>
      <y>0.455</y>
      <w>0.51124144</w>
      <t>4000</t>
    </point>
    <point>
      <x>0.73333335</x>
      <y>0.45666668</y>
      <w>0.51124144</w>
      <t>4000</t>
    </point>
    <point>
      <x>0.72833335</x>
      <y>0.45833334</y>
      <w>0.51124144</w>
      <t>4000</t>
    </point>
    <point>
      <x>0.72333336</x>
      <y>0.46166667</y>
      <w>0.51124144</w>
      <t>4000</t>
    </point>
    <point>
      <x>0.7183333</x>
      <y>0.46333334</y>
      <w>0.4173998</w>
      <t>4033</t>
    </point>
    <point>
      <x>0.71166664</x>
      <y>0.465</y>
      <w>0.4173998</w>
      <t>4033</t>
    </point>
    <point>
      <x>0.705</x>
      <y>0.46833333</y>
      <w>0.4173998</w>
      <t>4033</t>
    </point>
    <point>
      <x>0.6983333</x>
      <y>0.47</y>
      <w>0.4173998</w>
      <t>4033</t>
    </point>
    <point>
      <x>0.69</x>
      <y>0.47333333</y>
      <w>0.27077225</w>
      <t>4067</t>
    </point>
    <point>
      <x>0.6816667</x>
      <y>0.47666666</y>
      <w>0.27077225</w>
      <t>4067</t>
    </point>
    <point>
      <x>0.67333335</x>
      <y>0.48166665</y>
      <w>0.27077225</w>
      <t>4067</t>
    </point>
    <point>
      <x>0.665</x>
      <y>0.485</y>
      <w>0.27077225</w>
      <t>4067</t>
    </point>
    <point>
      <x>0.6566667</x>
      <y>0.49</y>
      <w>0.27077225</w>
      <t>4067</t>
    </point>
    <point>
      <x>0.65</x>
      <y>0.495</y>
      <w>0.0</w>
      <t>4100</t>
    </point>
  </stroke>
</character>
