<?xml version="1.0" encoding="UTF-8"?>
<character>
  <stroke time="0">
    <point>
      <x>0.31166667</x>
      <y>0.19833334</y>
      <w>0.32258064</w>
      <t>103</t>
    </point>
    <point>
      <x>0.31333333</x>
      <y>0.19833334</y>
      <w>0.32258064</w>
      <t>103</t>
    </point>
    <point>
      <x>0.315</x>
      <y>0.19833334</y>
      <w>0.32258064</w>
      <t>103</t>
    </point>
    <point>
      <x>0.31666666</x>
      <y>0.2</y>
      <w>0.32258064</w>
      <t>104</t>
    </point>
    <point>
      <x>0.32</x>
      <y>0.2</y>
      <w>0.38709676</w>
      <t>133</t>
    </point>
    <point>
      <x>0.32166666</x>
      <y>0.20166667</y>
      <w>0.38709676</w>
      <t>133</t>
    </point>
    <point>
      <x>0.325</x>
      <y>0.20333333</y>
      <w>0.38709676</w>
      <t>133</t>
    </point>
    <point>
      <x>0.32833335</x>
      <y>0.205</y>
      <w>0.38709676</w>
      <t>134</t>
    </point>
    <point>
      <x>0.33166668</x>
      <y>0.20833333</y>
      <w>0.4457478</w>
      <t>166</t>
    </point>
    <point>
      <x>0.335</x>
      <y>0.21</y>
      <w>0.4457478</w>
      <t>166</t>
    </point>
    <point>
      <x>0.34</x>
      <y>0.21166667</y>
      <w>0.4457478</w>
      <t>166</t>
    </point>
    <point>
      <x>0.34333333</x>
      <y>0.215</y>
      <w>0.4457478</w>
      <t>167</t>
    </point>
    <point>
      <x>0.34666666</x>
      <y>0.21833333</y>
      <w>0.45747802</w>
      <t>200</t>
    </point>
    <point>
      <x>0.35</x>
      <y>0.22</y>
      <w>0.45747802</w>
      <t>200</t>
    </point>
    <point>
      <x>0.35333332</x>
      <y>0.22333333</y>
      <w>0.45747802</w>
      <t>200</t>
    </point>
    <point>
      <x>0.355</x>
      <y>0.22666667</y>
      <w>0.45747802</w>
      <t>201</t>
    </point>
    <point>
      <x>0.35833332</x>
      <y>0.22833334</y>
      <w>0.45747802</w>
      <t>201</t>
    </point>
    <point>
      <x>0.36</x>
      <y>0.23</y>
      <w>0.46432063</w>
      <t>233</t>
    </point>
    <point>
      <x>0.36166668</x>
      <y>0.23333333</y>
      <w>0.46432063</w>
      <t>233</t>
    </point>
    <point>
      <x>0.36333334</x>
      <y>0.235</y>
      <w>0.46432063</w>
      <t>233</t>
    </point>
    <point>
      <x>0.365</x>
      <y>0.23666666</y>
      <w>0.46432063</w>
      <t>234</t>
    </point>
    <point>
      <x>0.365</x>
      <y>0.23833333</y>
      <w>0.47800586</w>
      <t>266</t>
    </point>
    <point>
      <x>0.36666667</x>
      <y>0.24</y>
      <w>0.47800586</w>
      <t>266</t>
    </point>
    <point>
      <x>0.36666667</x>
      <y>0.24166666</y>
      <w>0.47800586</w>
      <t>266</t>
    </point>
    <point>
      <x>0.36833334</x>
      <y>0.24333334</y>
      <w>0.47800586</w>
      <t>267</t>
    </point>
    <point>
      <x>0.36833334</x>
      <y>0.245</y>
      <w>0.48973608</w>
      <t>300</t>
    </point>
    <point>
      <x>0.37</x>
      <y>0.245</y>
      <w>0.48973608</w>
      <t>300</t>
    </point>
    <point>
      <x>0.36833334</x>
      <y>0.24666667</y>
      <w>0.52297163</w>
      <t>467</t>
    </point>
    <point>
      <x>0.36666667</x>
      <y>0.24666667</y>
      <w>0.52297163</w>
      <t>467</t>
    </point>
    <point>
      <x>0.365</x>
      <y>0.24666667</y>
      <w>0.52297163</w>
      <t>467</t>
    </point>
    <point>
      <x>0.36333334</x>
      <y>0.24833333</y>
      <w>0.5219941</w>
      <t>500</t>
    </point>
    <point>
      <x>0.36166668</x>
      <y>0.24833333</y>
      <w>0.5219941</w>
      <t>500</t>
    </point>
    <point>
      <x>0.36</x>
      <y>0.24833333</y>
      <w>0.5219941</w>
      <t>500</t>
    </point>
    <point>
      <x>0.35666665</x>
      <y>0.25</y>
      <w>0.5219941</w>
      <t>500</t>
    </point>
    <point>
      <x>0.355</x>
      <y>0.25</y>
      <w>0.5219941</w>
      <t>501</t>
    </point>
    <point>
      <x>0.35166666</x>
      <y>0.25</y>
      <w>0.5014663</w>
      <t>533</t>
    </point>
    <point>
      <x>0.35</x>
      <y>0.25</y>
      <w>0.5014663</w>
      <t>533</t>
    </point>
    <point>
      <x>0.34666666</x>
      <y>0.25</y>
      <w>0.5014663</w>
      <t>533</t>
    </point>
    <point>
      <x>0.34333333</x>
      <y>0.25166667</y>
      <w>0.5014663</w>
      <t>534</t>
    </point>
    <point>
      <x>0.34</x>
      <y>0.25166667</y>
      <w>0.36168134</w>
      <t>566</t>
    </point>
    <point>
      <x>0.33833334</x>
      <y>0.25166667</y>
      <w>0.36168134</w>
      <t>566</t>
    </point>
    <point>
      <x>0.335</x>
      <y>0.25333333</y>
      <w>0.36168134</w>
      <t>566</t>
    </point>
    <point>
      <x>0.33166668</x>
      <y>0.25333333</y>
      <w>0.36168134</w>
      <t>567</t>
    </point>
    <point>
      <x>0.32833335</x>
      <y>0.255</y>
      <w>0.0</w>
      <t>600</t>
    </point>
    <point>
      <x>0.325</x>
      <y>0.25833333</y>
      <w>0.0</w>
      <t>600</t>
    </point>
  </stroke>
  <stroke time="900">
    <point>
      <x>0.255</x>
      <y>0.365</y>
      <w>0.09872923</w>
      <t>933</t>
    </point>
    <point>
      <x>0.25666666</x>
      <y>0.36666667</y>
      <w>0.11143695</w>
      <t>967</t>
    </point>
    <point>
      <x>0.25833333</x>
      <y>0.36666667</y>
      <w>0.11143695</w>
      <t>967</t>
    </point>
    <point>
      <x>0.26</x>
      <y>0.36666667</y>
      <w>0.11143695</w>
      <t>967</t>
    </point>
    <point>
      <x>0.26166666</x>
      <y>0.36666667</y>
      <w>0.18084067</w>
      <t>1000</t>
    </point>
    <point>
      <x>0.26333332</x>
      <y>0.36833334</y>
      <w>0.18084067</w>
      <t>1000</t>
    </point>
    <point>
      <x>0.265</x>
      <y>0.36833334</y>
      <w>0.18084067</w>
      <t>1000</t>
    </point>
    <point>
      <x>0.26666668</x>
      <y>0.36833334</y>
      <w>0.26099706</w>
      <t>1033</t>
    </point>
    <point>
      <x>0.26833335</x>
      <y>0.37</y>
      <w>0.26099706</w>
      <t>1033</t>
    </point>
    <point>
      <x>0.27</x>
      <y>0.37</y>
      <w>0.26099706</w>
      <t>1033</t>
    </point>
    <point>
      <x>0.27166668</x>
      <y>0.37166667</y>
      <w>0.26099706</w>
      <t>1033</t>
    </point>
    <point>
      <x>0.275</x>
      <y>0.37333333</y>
      <w>0.26099706</w>
      <t>1034</t>
    </point>
    <point>
      <x>0.27833334</x>
      <y>0.375</y>
      <w>0.29032257</w>
      <t>1066</t>
    </point>
    <point>
      <x>0.28</x>
      <y>0.375</y>
      <w>0.29032257</w>
      <t>1066</t>
    </point>
    <point>
      <x>0.28333333</x>
      <y>0.37666667</y>
      <w>0.29032257</w>
      <t>1066</t>
    </point>
    <point>
      <x>0.285</x>
      <y>0.37833333</y>
      <w>0.29032257</w>
      <t>1066</t>
    </point>
    <point>
      <x>0.28666666</x>
      <y>0.37833333</y>
      <w>0.3079179</w>
      <t>1100</t>
    </point>
    <point>
      <x>0.28833333</x>
      <y>0.38</y>
      <w>0.3079179</w>
      <t>1100</t>
    </point>
    <point>
      <x>0.29</x>
      <y>0.38</y>
      <w>0.3079179</w>
      <t>1100</t>
    </point>
    <point>
      <x>0.29</x>
      <y>0.38166666</y>
      <w>0.3079179</w>
      <t>1100</t>
    </point>
    <point>
      <x>0.29166666</x>
      <y>0.38166666</y>
      <w>0.3079179</w>
      <t>1101</t>
    </point>
    <point>
      <x>0.29166666</x>
      <y>0.38333333</y>
      <w>0.40957966</w>
      <t>1133</t>
    </point>
    <point>
      <x>0.29333332</x>
      <y>0.385</y>
      <w>0.40957966</w>
      <t>1133</t>
    </point>
    <point>
      <x>0.29333332</x>
      <y>0.38833332</y>
      <w>0.40957966</w>
      <t>1133</t>
    </point>
    <point>
      <x>0.295</x>
      <y>0.39</y>
      <w>0.40957966</w>
      <t>1133</t>
    </point>
    <point>
      <x>0.29666665</x>
      <y>0.39333335</y>
      <w>0.4467253</w>
      <t>1166</t>
    </point>
    <point>
      <x>0.29833335</x>
      <y>0.39666668</y>
      <w>0.4467253</w>
      <t>1166</t>
    </point>
    <point>
      <x>0.29833335</x>
      <y>0.4</y>
      <w>0.4467253</w>
      <t>1166</t>
    </point>
    <point>
      <x>0.3</x>
      <y>0.40333334</y>
      <w>0.4467253</w>
      <t>1166</t>
    </point>
    <point>
      <x>0.3</x>
      <y>0.405</y>
      <w>0.47214076</w>
      <t>1200</t>
    </point>
    <point>
      <x>0.30166668</x>
      <y>0.40833333</y>
      <w>0.47214076</w>
      <t>1200</t>
    </point>
    <point>
      <x>0.30166668</x>
      <y>0.41166666</y>
      <w>0.47214076</w>
      <t>1200</t>
    </point>
    <point>
      <x>0.30166668</x>
      <y>0.415</y>
      <w>0.47214076</w>
      <t>1200</t>
    </point>
    <point>
      <x>0.30166668</x>
      <y>0.42</y>
      <w>0.47214076</w>
      <t>1201</t>
    </point>
    <point>
      <x>0.30166668</x>
      <y>0.425</y>
      <w>0.5024438</w>
      <t>1234</t>
    </point>
    <point>
      <x>0.30166668</x>
      <y>0.42833334</y>
      <w>0.51710653</w>
      <t>1235</t>
    </point>
    <point>
      <x>0.30166668</x>
      <y>0.43333334</y>
      <w>0.51710653</w>
      <t>1235</t>
    </point>
    <point>
      <x>0.30166668</x>
      <y>0.43833333</y>
      <w>0.51710653</w>
      <t>1235</t>
    </point>
    <point>
      <x>0.30166668</x>
      <y>0.44333333</y>
      <w>0.51710653</w>
      <t>1235</t>
    </point>
    <point>
      <x>0.30166668</x>
      <y>0.44833332</y>
      <w>0.5268817</w>
      <t>1268</t>
    </point>
    <point>
      <x>0.30166668</x>
      <y>0.455</y>
      <w>0.5268817</w>
      <t>1269</t>
    </point>
    <point>
      <x>0.30166668</x>
      <y>0.46</y>
      <w>0.5268817</w>
      <t>1269</t>
    </point>
    <point>
      <x>0.3</x>
      <y>0.46666667</y>
      <w>0.5268817</w>
      <t>1269</t>
    </point>
    <point>
      <x>0.3</x>
      <y>0.47166666</y>
      <w>0.53176934</w>
      <t>1300</t>
    </point>
    <point>
      <x>0.3</x>
      <y>0.47833332</y>
      <w>0.53176934</w>
      <t>1300</t>
    </point>
    <point>
      <x>0.29833335</x>
      <y>0.485</y>
      <w>0.53176934</w>
      <t>1300</t>
    </point>
    <point>
      <x>0.29833335</x>
      <y>0.49166667</y>
      <w>0.53176934</w>
      <t>1300</t>
    </point>
    <point>
      <x>0.29666665</x>
      <y>0.49833333</y>
      <w>0.5366569</w>
      <t>1333</t>
    </point>
    <point>
      <x>0.29666665</x>
      <y>0.505</y>
      <w>0.5366569</w>
      <t>1333</t>
    </point>
    <point>
      <x>0.29666665</x>
      <y>0.5133333</y>
      <w>0.5366569</w>
      <t>1333</t>
    </point>
    <point>
      <x>0.295</x>
      <y>0.52</y>
      <w>0.5366569</w>
      <t>1333</t>
    </point>
    <point>
      <x>0.295</x>
      <y>0.5283333</y>
      <w>0.5366569</w>
      <t>1334</t>
    </point>
    <point>
      <x>0.295</x>
      <y>0.535</y>
      <w>0.53958946</w>
      <t>1366</t>
    </point>
    <point>
      <x>0.295</x>
      <y>0.5416667</y>
      <w>0.53958946</w>
      <t>1366</t>
    </point>
    <point>
      <x>0.295</x>
      <y>0.54833335</y>
      <w>0.53958946</w>
      <t>1366</t>
    </point>
    <point>
      <x>0.295</x>
      <y>0.555</y>
      <w>0.53958946</w>
      <t>1366</t>
    </point>
    <point>
      <x>0.295</x>
      <y>0.56166667</y>
      <w>0.53958946</w>
      <t>1400</t>
    </point>
    <point>
      <x>0.29666665</x>
      <y>0.5683333</y>
      <w>0.53958946</w>
      <t>1400</t>
    </point>
    <point>
      <x>0.29833335</x>
      <y>0.5733333</y>
      <w>0.53958946</w>
      <t>1400</t>
    </point>
    <point>
      <x>0.29833335</x>
      <y>0.58</y>
      <w>0.53958946</w>
      <t>1400</t>
    </point>
    <point>
      <x>0.3</x>
      <y>0.58666664</y>
      <w>0.53958946</w>
      <t>1400</t>
    </point>
    <point>
      <x>0.30166668</x>
      <y>0.59166664</y>
      <w>0.53958946</w>
      <t>1433</t>
    </point>
    <point>
      <x>0.30333334</x>
      <y>0.5966667</y>
      <w>0.53958946</w>
      <t>1433</t>
    </point>
    <point>
      <x>0.305</x>
      <y>0.6</y>
      <w>0.53958946</w>
      <t>1433</t>
    </point>
    <point>
      <x>0.305</x>
      <y>0.60333335</y>
      <w>0.53958946</w>
      <t>1433</t>
    </point>
    <point>
      <x>0.30666667</x>
      <y>0.6066667</y>
      <w>0.53861195</w>
      <t>1466</t>
    </point>
    <point>
      <x>0.30833334</x>
      <y>0.60833335</y>
      <w>0.53861195</w>
      <t>1466</t>
    </point>
    <point>
      <x>0.31</x>
      <y>0.61</y>
      <w>0.53861195</w>
      <t>1466</t>
    </point>
    <point>
      <x>0.31</x>
      <y>0.6116667</y>
      <w>0.53861195</w>
      <t>1466</t>
    </point>
    <point>
      <x>0.31166667</x>
      <y>0.61333334</y>
      <w>0.5356794</w>
      <t>1500</t>
    </point>
    <point>
      <x>0.31333333</x>
      <y>0.61333334</y>
      <w>0.5356794</w>
      <t>1500</t>
    </point>
    <point>
      <x>0.315</x>
      <y>0.615</y>
      <w>0.5356794</w>
      <t>1500</t>
    </point>
    <point>
      <x>0.31666666</x>
      <y>0.6166667</y>
      <w>0.5356794</w>
      <t>1500</t>
    </point>
    <point>
      <x>0.31833333</x>
      <y>0.6166667</y>
      <w>0.51221895</w>
      <t>1533</t>
    </point>
    <point>
      <x>0.32</x>
      <y>0.6166667</y>
      <w>0.51221895</w>
      <t>1533</t>
    </point>
    <point>
      <x>0.32166666</x>
      <y>0.6166667</y>
      <w>0.51221895</w>
      <t>1533</t>
    </point>
    <point>
      <x>0.32333332</x>
      <y>0.61833334</y>
      <w>0.51221895</w>
      <t>1533</t>
    </point>
    <point>
      <x>0.325</x>
      <y>0.61833334</y>
      <w>0.47898337</w>
      <t>1566</t>
    </point>
    <point>
      <x>0.32666665</x>
      <y>0.61833334</y>
      <w>0.47898337</w>
      <t>1566</t>
    </point>
    <point>
      <x>0.32833335</x>
      <y>0.61833334</y>
      <w>0.47898337</w>
      <t>1566</t>
    </point>
    <point>
      <x>0.33</x>
      <y>0.61833334</y>
      <w>0.47605082</w>
      <t>1600</t>
    </point>
    <point>
      <x>0.33166668</x>
      <y>0.61833334</y>
      <w>0.47605082</w>
      <t>1600</t>
    </point>
    <point>
      <x>0.33333334</x>
      <y>0.61833334</y>
      <w>0.47605082</w>
      <t>1600</t>
    </point>
    <point>
      <x>0.335</x>
      <y>0.6166667</y>
      <w>0.45552298</w>
      <t>1633</t>
    </point>
    <point>
      <x>0.33666667</x>
      <y>0.6166667</y>
      <w>0.45552298</w>
      <t>1633</t>
    </point>
    <point>
      <x>0.33833334</x>
      <y>0.615</y>
      <w>0.45552298</w>
      <t>1633</t>
    </point>
    <point>
      <x>0.34</x>
      <y>0.61333334</y>
      <w>0.45552298</w>
      <t>1633</t>
    </point>
    <point>
      <x>0.34</x>
      <y>0.61</y>
      <w>0.45552298</w>
      <t>1633</t>
    </point>
    <point>
      <x>0.34166667</x>
      <y>0.6066667</y>
      <w>0.40078202</w>
      <t>1666</t>
    </point>
    <point>
      <x>0.34333333</x>
      <y>0.60333335</y>
      <w>0.40078202</w>
      <t>1666</t>
    </point>
    <point>
      <x>0.345</x>
      <y>0.6</y>
      <w>0.40078202</w>
      <t>1666</t>
    </point>
    <point>
      <x>0.34666666</x>
      <y>0.595</y>
      <w>0.40078202</w>
      <t>1666</t>
    </point>
    <point>
      <x>0.34833333</x>
      <y>0.59</y>
      <w>0.38220918</w>
      <t>1700</t>
    </point>
    <point>
      <x>0.34833333</x>
      <y>0.585</y>
      <w>0.38220918</w>
      <t>1700</t>
    </point>
    <point>
      <x>0.35</x>
      <y>0.5783333</y>
      <w>0.38220918</w>
      <t>1700</t>
    </point>
    <point>
      <x>0.35166666</x>
      <y>0.57</y>
      <w>0.38220918</w>
      <t>1700</t>
    </point>
    <point>
      <x>0.355</x>
      <y>0.56333333</y>
      <w>0.38220918</w>
      <t>1700</t>
    </point>
    <point>
      <x>0.35666665</x>
      <y>0.555</y>
      <w>0.22873901</w>
      <t>1733</t>
    </point>
    <point>
      <x>0.36</x>
      <y>0.5466667</y>
      <w>0.22873901</w>
      <t>1733</t>
    </point>
    <point>
      <x>0.36166668</x>
      <y>0.53833336</y>
      <w>0.22873901</w>
      <t>1733</t>
    </point>
    <point>
      <x>0.365</x>
      <y>0.5283333</y>
      <w>0.22873901</w>
      <t>1733</t>
    </point>
    <point>
      <x>0.36833334</x>
      <y>0.5183333</y>
      <w>0.042033236</w>
      <t>1767</t>
    </point>
    <point>
      <x>0.37166667</x>
      <y>0.5083333</y>
      <w>0.042033236</w>
      <t>1767</t>
    </point>
    <point>
      <x>0.375</x>
      <y>0.49666667</y>
      <w>0.042033236</w>
      <t>1767</t>
    </point>
    <point>
      <x>0.37833333</x>
      <y>0.485</y>
      <w>0.042033236</w>
      <t>1767</t>
    </point>
    <point>
      <x>0.38333333</x>
      <y>0.475</y>
      <w>0.0</w>
      <t>1800</t>
    </point>
  </stroke>
  <stroke time="2467">
    <point>
      <x>0.50333333</x>
      <y>0.24</y>
      <w>0.2346041</w>
      <t>2533</t>
    </point>
    <point>
      <x>0.505</x>
      <y>0.24166666</y>
      <w>0.2346041</w>
      <t>2533</t>
    </point>
    <point>
      <x>0.50666666</x>
      <y>0.24333334</y>
      <w>0.32453567</w>
      <t>2567</t>
    </point>
    <point>
      <x>0.50666666</x>
      <y>0.245</y>
      <w>0.32453567</w>
      <t>2567</t>
    </point>
    <point>
      <x>0.5083333</x>
      <y>0.24666667</y>
      <w>0.32453567</w>
      <t>2567</t>
    </point>
    <point>
      <x>0.51</x>
      <y>0.25</y>
      <w>0.32453567</w>
      <t>2567</t>
    </point>
    <point>
      <x>0.51166666</x>
      <y>0.25333333</y>
      <w>0.3939394</w>
      <t>2600</t>
    </point>
    <point>
      <x>0.5133333</x>
      <y>0.25666666</y>
      <w>0.3939394</w>
      <t>2600</t>
    </point>
    <point>
      <x>0.515</x>
      <y>0.26</y>
      <w>0.3939394</w>
      <t>2600</t>
    </point>
    <point>
      <x>0.51666665</x>
      <y>0.265</y>
      <w>0.3939394</w>
      <t>2600</t>
    </point>
    <point>
      <x>0.52</x>
      <y>0.26833335</y>
      <w>0.3939394</w>
      <t>2600</t>
    </point>
    <point>
      <x>0.52166665</x>
      <y>0.27166668</y>
      <w>0.42619747</w>
      <t>2633</t>
    </point>
    <point>
      <x>0.5233333</x>
      <y>0.275</y>
      <w>0.42619747</w>
      <t>2633</t>
    </point>
    <point>
      <x>0.5233333</x>
      <y>0.27666667</y>
      <w>0.42619747</w>
      <t>2633</t>
    </point>
    <point>
      <x>0.525</x>
      <y>0.27833334</y>
      <w>0.42619747</w>
      <t>2633</t>
    </point>
    <point>
      <x>0.525</x>
      <y>0.28</y>
      <w>0.44965786</w>
      <t>2667</t>
    </point>
    <point>
      <x>0.52666664</x>
      <y>0.28166667</y>
      <w>0.44965786</w>
      <t>2667</t>
    </point>
    <point>
      <x>0.52666664</x>
      <y>0.28333333</y>
      <w>0.44965786</w>
      <t>2667</t>
    </point>
    <point>
      <x>0.5283333</x>
      <y>0.285</y>
      <w>0.44965786</w>
      <t>2667</t>
    </point>
    <point>
      <x>0.53</x>
      <y>0.28666666</y>
      <w>0.46627566</w>
      <t>2700</t>
    </point>
    <point>
      <x>0.5316667</x>
      <y>0.28666666</y>
      <w>0.46627566</w>
      <t>2700</t>
    </point>
    <point>
      <x>0.5316667</x>
      <y>0.28833333</y>
      <w>0.46627566</w>
      <t>2700</t>
    </point>
    <point>
      <x>0.53333336</x>
      <y>0.28833333</y>
      <w>0.4623656</w>
      <t>2734</t>
    </point>
    <point>
      <x>0.535</x>
      <y>0.28833333</y>
      <w>0.4623656</w>
      <t>2734</t>
    </point>
    <point>
      <x>0.5366667</x>
      <y>0.28833333</y>
      <w>0.4623656</w>
      <t>2734</t>
    </point>
    <point>
      <x>0.53833336</x>
      <y>0.28833333</y>
      <w>0.45454547</w>
      <t>2768</t>
    </point>
    <point>
      <x>0.5416667</x>
      <y>0.28833333</y>
      <w>0.45454547</w>
      <t>2768</t>
    </point>
    <point>
      <x>0.54333335</x>
      <y>0.28666666</y>
      <w>0.45454547</w>
      <t>2768</t>
    </point>
    <point>
      <x>0.5466667</x>
      <y>0.28333333</y>
      <w>0.45454547</w>
      <t>2768</t>
    </point>
    <point>
      <x>0.55</x>
      <y>0.28</y>
      <w>0.4398827</w>
      <t>2801</t>
    </point>
    <point>
      <x>0.55333334</x>
      <y>0.27666667</y>
      <w>0.4398827</w>
      <t>2801</t>
    </point>
    <point>
      <x>0.5566667</x>
      <y>0.27166668</y>
      <w>0.4398827</w>
      <t>2801</t>
    </point>
    <point>
      <x>0.56166667</x>
      <y>0.265</y>
      <w>0.4398827</w>
      <t>2801</t>
    </point>
    <point>
      <x>0.565</x>
      <y>0.26</y>
      <w>0.36852396</w>
      <t>2834</t>
    </point>
    <point>
      <x>0.57</x>
      <y>0.255</y>
      <w>0.36852396</w>
      <t>2834</t>
    </point>
    <point>
      <x>0.575</x>
      <y>0.25166667</y>
      <w>0.36852396</w>
      <t>2834</t>
    </point>
    <point>
      <x>0.58</x>
      <y>0.24666667</y>
      <w>0.36852396</w>
      <t>2834</t>
    </point>
    <point>
      <x>0.5833333</x>
      <y>0.24333334</y>
      <w>0.36852396</w>
      <t>2834</t>
    </point>
    <point>
      <x>0.5883333</x>
      <y>0.23833333</y>
      <w>0.19061583</w>
      <t>2868</t>
    </point>
    <point>
      <x>0.5933333</x>
      <y>0.23333333</y>
      <w>0.19061583</w>
      <t>2868</t>
    </point>
    <point>
      <x>0.6</x>
      <y>0.22833334</y>
      <w>0.19061583</w>
      <t>2868</t>
    </point>
    <point>
      <x>0.6066667</x>
      <y>0.22333333</y>
      <w>0.19061583</w>
      <t>2868</t>
    </point>
    <point>
      <x>0.61333334</x>
      <y>0.21833333</y>
      <w>0.07722385</w>
      <t>2901</t>
    </point>
    <point>
      <x>0.62</x>
      <y>0.21333334</y>
      <w>0.07722385</w>
      <t>2901</t>
    </point>
    <point>
      <x>0.62833333</x>
      <y>0.20833333</y>
      <w>0.07722385</w>
      <t>2901</t>
    </point>
    <point>
      <x>0.635</x>
      <y>0.205</y>
      <w>0.07722385</w>
      <t>2901</t>
    </point>
    <point>
      <x>0.6433333</x>
      <y>0.20166667</y>
      <w>0.07722385</w>
      <t>2901</t>
    </point>
    <point>
      <x>0.65</x>
      <y>0.19833334</y>
      <w>0.0</w>
      <t>2934</t>
    </point>
  </stroke>
  <stroke time="2934">
    <point>
      <x>0.66833335</x>
      <y>0.19333333</y>
      <w>0.15835777</w>
      <t>2967</t>
    </point>
    <point>
      <x>0.67</x>
      <y>0.19333333</y>
      <w>0.15835777</w>
      <t>2967</t>
    </point>
    <point>
      <x>0.6716667</x>
      <y>0.19333333</y>
      <w>0.15835777</w>
      <t>2967</t>
    </point>
    <point>
      <x>0.67333335</x>
      <y>0.19333333</y>
      <w>0.38025415</w>
      <t>3001</t>
    </point>
    <point>
      <x>0.67333335</x>
      <y>0.195</y>
      <w>0.38025415</w>
      <t>3001</t>
    </point>
    <point>
      <x>0.675</x>
      <y>0.19666667</y>
      <w>0.45943305</w>
      <t>3035</t>
    </point>
    <point>
      <x>0.6766667</x>
      <y>0.19833334</y>
      <w>0.45943305</w>
      <t>3035</t>
    </point>
    <point>
      <x>0.6766667</x>
      <y>0.2</y>
      <w>0.45943305</w>
      <t>3035</t>
    </point>
    <point>
      <x>0.67833334</x>
      <y>0.20166667</y>
      <w>0.45943305</w>
      <t>3035</t>
    </point>
    <point>
      <x>0.68</x>
      <y>0.20166667</y>
      <w>0.4809384</w>
      <t>3068</t>
    </point>
    <point>
      <x>0.68</x>
      <y>0.20333333</y>
      <w>0.4809384</w>
      <t>3068</t>
    </point>
    <point>
      <x>0.6816667</x>
      <y>0.205</y>
      <w>0.4809384</w>
      <t>3068</t>
    </point>
    <point>
      <x>0.6816667</x>
      <y>0.20666666</y>
      <w>0.4809384</w>
      <t>3068</t>
    </point>
    <point>
      <x>0.68333334</x>
      <y>0.20666666</y>
      <w>0.51710653</w>
      <t>3101</t>
    </point>
    <point>
      <x>0.68333334</x>
      <y>0.20833333</y>
      <w>0.51710653</w>
      <t>3101</t>
    </point>
    <point>
      <x>0.685</x>
      <y>0.21</y>
      <w>0.51710653</w>
      <t>3101</t>
    </point>
    <point>
      <x>0.685</x>
      <y>0.21166667</y>
      <w>0.53176934</w>
      <t>3134</t>
    </point>
    <point>
      <x>0.685</x>
      <y>0.21333334</y>
      <w>0.5366569</w>
      <t>3167</t>
    </point>
    <point>
      <x>0.685</x>
      <y>0.215</y>
      <w>0.542522</w>
      <t>3201</t>
    </point>
    <point>
      <x>0.685</x>
      <y>0.21666667</y>
      <w>0.542522</w>
      <t>3201</t>
    </point>
    <point>
      <x>0.685</x>
      <y>0.21833333</y>
      <w>0.542522</w>
      <t>3201</t>
    </point>
    <point>
      <x>0.685</x>
      <y>0.22166666</y>
      <w>0.542522</w>
      <t>3201</t>
    </point>
    <point>
      <x>0.68333334</x>
      <y>0.22333333</y>
      <w>0.542522</w>
      <t>3201</t>
    </point>
    <point>
      <x>0.68333334</x>
      <y>0.22666667</y>
      <w>0.5464321</w>
      <t>3234</t>
    </point>
    <point>
      <x>0.6816667</x>
      <y>0.22833334</y>
      <w>0.5464321</w>
      <t>3234</t>
    </point>
    <point>
      <x>0.6816667</x>
      <y>0.23</y>
      <w>0.5464321</w>
      <t>3234</t>
    </point>
    <point>
      <x>0.68</x>
      <y>0.23333333</y>
      <w>0.5464321</w>
      <t>3234</t>
    </point>
    <point>
      <x>0.67833334</x>
      <y>0.235</y>
      <w>0.5483871</w>
      <t>3268</t>
    </point>
    <point>
      <x>0.67833334</x>
      <y>0.23666666</y>
      <w>0.5483871</w>
      <t>3268</t>
    </point>
    <point>
      <x>0.6766667</x>
      <y>0.24</y>
      <w>0.5483871</w>
      <t>3268</t>
    </point>
    <point>
      <x>0.67333335</x>
      <y>0.24333334</y>
      <w>0.5483871</w>
      <t>3268</t>
    </point>
    <point>
      <x>0.6716667</x>
      <y>0.24666667</y>
      <w>0.5483871</w>
      <t>3301</t>
    </point>
    <point>
      <x>0.67</x>
      <y>0.25</y>
      <w>0.5483871</w>
      <t>3301</t>
    </point>
    <point>
      <x>0.66833335</x>
      <y>0.25333333</y>
      <w>0.5483871</w>
      <t>3301</t>
    </point>
    <point>
      <x>0.665</x>
      <y>0.25666666</y>
      <w>0.5483871</w>
      <t>3301</t>
    </point>
    <point>
      <x>0.66333336</x>
      <y>0.26166666</y>
      <w>0.5483871</w>
      <t>3301</t>
    </point>
    <point>
      <x>0.6616667</x>
      <y>0.265</y>
      <w>0.5483871</w>
      <t>3334</t>
    </point>
    <point>
      <x>0.65833336</x>
      <y>0.27</y>
      <w>0.5483871</w>
      <t>3334</t>
    </point>
    <point>
      <x>0.655</x>
      <y>0.275</y>
      <w>0.5483871</w>
      <t>3334</t>
    </point>
    <point>
      <x>0.6533333</x>
      <y>0.28</y>
      <w>0.5483871</w>
      <t>3334</t>
    </point>
    <point>
      <x>0.65</x>
      <y>0.285</y>
      <w>0.5493646</w>
      <t>3368</t>
    </point>
    <point>
      <x>0.645</x>
      <y>0.29</y>
      <w>0.5493646</w>
      <t>3368</t>
    </point>
    <point>
      <x>0.64166665</x>
      <y>0.29666665</y>
      <w>0.5493646</w>
      <t>3368</t>
    </point>
    <point>
      <x>0.6383333</x>
      <y>0.30333334</y>
      <w>0.5493646</w>
      <t>3368</t>
    </point>
    <point>
      <x>0.6333333</x>
      <y>0.30833334</y>
      <w>0.5493646</w>
      <t>3368</t>
    </point>
    <point>
      <x>0.63</x>
      <y>0.315</y>
      <w>0.5493646</w>
      <t>3401</t>
    </point>
    <point>
      <x>0.625</x>
      <y>0.32166666</y>
      <w>0.5493646</w>
      <t>3401</t>
    </point>
    <point>
      <x>0.62166667</x>
      <y>0.32666665</y>
      <w>0.5493646</w>
      <t>3401</t>
    </point>
    <point>
      <x>0.6166667</x>
      <y>0.33333334</y>
      <w>0.5493646</w>
      <t>3401</t>
    </point>
    <point>
      <x>0.6116667</x>
      <y>0.34</y>
      <w>0.5493646</w>
      <t>3434</t>
    </point>
    <point>
      <x>0.6066667</x>
      <y>0.34666666</y>
      <w>0.5493646</w>
      <t>3434</t>
    </point>
    <point>
      <x>0.6016667</x>
      <y>0.35333332</y>
      <w>0.5493646</w>
      <t>3434</t>
    </point>
    <point>
      <x>0.5966667</x>
      <y>0.36</y>
      <w>0.5493646</w>
      <t>3434</t>
    </point>
    <point>
      <x>0.59166664</x>
      <y>0.365</y>
      <w>0.5493646</w>
      <t>3434</t>
    </point>
    <point>
      <x>0.58666664</x>
      <y>0.37166667</y>
      <w>0.5483871</w>
      <t>3468</t>
    </point>
    <point>
      <x>0.5833333</x>
      <y>0.37666667</y>
      <w>0.5483871</w>
      <t>3468</t>
    </point>
    <point>
      <x>0.5783333</x>
      <y>0.38166666</y>
      <w>0.5483871</w>
      <t>3468</t>
    </point>
    <point>
      <x>0.575</x>
      <y>0.38666666</y>
      <w>0.5483871</w>
      <t>3468</t>
    </point>
    <point>
      <x>0.57166666</x>
      <y>0.39166668</y>
      <w>0.5464321</w>
      <t>3501</t>
    </point>
    <point>
      <x>0.5683333</x>
      <y>0.395</y>
      <w>0.5464321</w>
      <t>3501</t>
    </point>
    <point>
      <x>0.565</x>
      <y>0.4</y>
      <w>0.5464321</w>
      <t>3501</t>
    </point>
    <point>
      <x>0.56333333</x>
      <y>0.405</y>
      <w>0.5464321</w>
      <t>3501</t>
    </point>
    <point>
      <x>0.56</x>
      <y>0.41</y>
      <w>0.5464321</w>
      <t>3501</t>
    </point>
    <point>
      <x>0.5566667</x>
      <y>0.41333333</y>
      <w>0.54545456</w>
      <t>3534</t>
    </point>
    <point>
      <x>0.555</x>
      <y>0.41666666</y>
      <w>0.54545456</w>
      <t>3534</t>
    </point>
    <point>
      <x>0.5516667</x>
      <y>0.42</y>
      <w>0.54545456</w>
      <t>3534</t>
    </point>
    <point>
      <x>0.5516667</x>
      <y>0.42166665</y>
      <w>0.54545456</w>
      <t>3534</t>
    </point>
    <point>
      <x>0.55</x>
      <y>0.42333335</y>
      <w>0.54447705</w>
      <t>3568</t>
    </point>
    <point>
      <x>0.55</x>
      <y>0.425</y>
      <w>0.54447705</w>
      <t>3568</t>
    </point>
    <point>
      <x>0.54833335</x>
      <y>0.425</y>
      <w>0.54447705</w>
      <t>3568</t>
    </point>
    <point>
      <x>0.55</x>
      <y>0.425</y>
      <w>0.4340176</w>
      <t>3701</t>
    </point>
    <point>
      <x>0.5516667</x>
      <y>0.425</y>
      <w>0.4340176</w>
      <t>3701</t>
    </point>
    <point>
      <x>0.55333334</x>
      <y>0.425</y>
      <w>0.4340176</w>
      <t>3701</t>
    </point>
    <point>
      <x>0.555</x>
      <y>0.42333335</y>
      <w>0.41935483</w>
      <t>3734</t>
    </point>
    <point>
      <x>0.5566667</x>
      <y>0.42333335</y>
      <w>0.41935483</w>
      <t>3734</t>
    </point>
    <point>
      <x>0.56</x>
      <y>0.42166665</y>
      <w>0.41935483</w>
      <t>3734</t>
    </point>
    <point>
      <x>0.56166667</x>
      <y>0.42</y>
      <w>0.37243402</w>
      <t>3768</t>
    </point>
    <point>
      <x>0.56333333</x>
      <y>0.41833332</y>
      <w>0.37243402</w>
      <t>3768</t>
    </point>
    <point>
      <x>0.56666666</x>
      <y>0.41666666</y>
      <w>0.37243402</w>
      <t>3768</t>
    </point>
    <point>
      <x>0.57</x>
      <y>0.415</y>
      <w>0.37243402</w>
      <t>3768</t>
    </point>
    <point>
      <x>0.57166666</x>
      <y>0.41333333</y>
      <w>0.35092863</w>
      <t>3801</t>
    </point>
    <point>
      <x>0.575</x>
      <y>0.41166666</y>
      <w>0.35092863</w>
      <t>3801</t>
    </point>
    <point>
      <x>0.5783333</x>
      <y>0.41166666</y>
      <w>0.35092863</w>
      <t>3801</t>
    </point>
    <point>
      <x>0.58166665</x>
      <y>0.41</y>
      <w>0.35092863</w>
      <t>3801</t>
    </point>
    <point>
      <x>0.585</x>
      <y>0.40833333</y>
      <w>0.35092863</w>
      <t>3801</t>
    </point>
    <point>
      <x>0.5883333</x>
      <y>0.40666667</y>
      <w>0.34701857</w>
      <t>3834</t>
    </point>
    <point>
      <x>0.59166664</x>
      <y>0.405</y>
      <w>0.34701857</w>
      <t>3834</t>
    </point>
    <point>
      <x>0.5966667</x>
      <y>0.40166667</y>
      <w>0.34701857</w>
      <t>3834</t>
    </point>
    <point>
      <x>0.6</x>
      <y>0.4</y>
      <w>0.34701857</w>
      <t>3834</t>
    </point>
    <point>
      <x>0.605</x>
      <y>0.39833334</y>
      <w>0.34701857</w>
      <t>3868</t>
    </point>
    <point>
      <x>0.60833335</x>
      <y>0.39666668</y>
      <w>0.34701857</w>
      <t>3868</t>
    </point>
    <point>
      <x>0.61333334</x>
      <y>0.395</y>
      <w>0.34701857</w>
      <t>3868</t>
    </point>
    <point>
      <x>0.61833334</x>
      <y>0.39333335</y>
      <w>0.34701857</w>
      <t>3868</t>
    </point>
    <point>
      <x>0.62333333</x>
      <y>0.39166668</y>
      <w>0.34701857</w>
      <t>3901</t>
    </point>
    <point>
      <x>0.62666667</x>
      <y>0.39166668</y>
      <w>0.34701857</w>
      <t>3901</t>
    </point>
    <point>
      <x>0.63</x>
      <y>0.39</y>
      <w>0.34701857</w>
      <t>3901</t>
    </point>
    <point>
      <x>0.6333333</x>
      <y>0.39</y>
      <w>0.34701857</w>
      <t>3901</t>
    </point>
    <point>
      <x>0.63666666</x>
      <y>0.38833332</y>
      <w>0.34701857</w>
      <t>3901</t>
    </point>
    <point>
      <x>0.64</x>
      <y>0.38833332</y>
      <w>0.3489736</w>
      <t>3935</t>
    </point>
    <point>
      <x>0.64166665</x>
      <y>0.38833332</y>
      <w>0.3489736</w>
      <t>3935</t>
    </point>
    <point>
      <x>0.6433333</x>
      <y>0.38833332</y>
      <w>0.3489736</w>
      <t>3935</t>
    </point>
    <point>
      <x>0.645</x>
      <y>0.38833332</y>
      <w>0.35190615</w>
      <t>3968</t>
    </point>
    <point>
      <x>0.64666665</x>
      <y>0.38833332</y>
      <w>0.3597263</w>
      <t>4034</t>
    </point>
    <point>
      <x>0.6483333</x>
      <y>0.38833332</y>
      <w>0.36265886</w>
      <t>4068</t>
    </point>
    <point>
      <x>0.65</x>
      <y>0.39</y>
      <w>0.3646139</w>
      <t>4100</t>
    </point>
    <point>
      <x>0.65166664</x>
      <y>0.39166668</y>
      <w>0.3646139</w>
      <t>4100</t>
    </point>
    <point>
      <x>0.65166664</x>
      <y>0.39333335</y>
      <w>0.39589444</w>
      <t>4134</t>
    </point>
    <point>
      <x>0.65166664</x>
      <y>0.395</y>
      <w>0.39589444</w>
      <t>4134</t>
    </point>
    <point>
      <x>0.65166664</x>
      <y>0.39666668</y>
      <w>0.39589444</w>
      <t>4134</t>
    </point>
    <point>
      <x>0.65166664</x>
      <y>0.4</y>
      <w>0.40664712</w>
      <t>4167</t>
    </point>
    <point>
      <x>0.65166664</x>
      <y>0.40166667</y>
      <w>0.40664712</w>
      <t>4167</t>
    </point>
    <point>
      <x>0.65166664</x>
      <y>0.40333334</y>
      <w>0.40664712</w>
      <t>4167</t>
    </point>
    <point>
      <x>0.65</x>
      <y>0.40666667</y>
      <w>0.40664712</w>
      <t>4167</t>
    </point>
    <point>
      <x>0.65</x>
      <y>0.41</y>
      <w>0.42033234</w>
      <t>4201</t>
    </point>
    <point>
      <x>0.6483333</x>
      <y>0.41166666</y>
      <w>0.42033234</w>
      <t>4201</t>
    </point>
    <point>
      <x>0.64666665</x>
      <y>0.415</y>
      <w>0.42033234</w>
      <t>4201</t>
    </point>
    <point>
      <x>0.645</x>
      <y>0.42</y>
      <w>0.42033234</w>
      <t>4201</t>
    </point>
    <point>
      <x>0.6433333</x>
      <y>0.42333335</y>
      <w>0.42033234</w>
      <t>4201</t>
    </point>
    <point>
      <x>0.64166665</x>
      <y>0.42666668</y>
      <w>0.42619747</w>
      <t>4234</t>
    </point>
    <point>
      <x>0.64</x>
      <y>0.43166667</y>
      <w>0.42619747</w>
      <t>4234</t>
    </point>
    <point>
      <x>0.6383333</x>
      <y>0.435</y>
      <w>0.42619747</w>
      <t>4234</t>
    </point>
    <point>
      <x>0.63666666</x>
      <y>0.43833333</y>
      <w>0.42619747</w>
      <t>4234</t>
    </point>
    <point>
      <x>0.6333333</x>
      <y>0.44333333</y>
      <w>0.4281525</w>
      <t>4268</t>
    </point>
    <point>
      <x>0.63166666</x>
      <y>0.44666666</y>
      <w>0.4281525</w>
      <t>4268</t>
    </point>
    <point>
      <x>0.62833333</x>
      <y>0.45166665</y>
      <w>0.4281525</w>
      <t>4268</t>
    </point>
    <point>
      <x>0.625</x>
      <y>0.45666668</y>
      <w>0.4281525</w>
      <t>4268</t>
    </point>
    <point>
      <x>0.62</x>
      <y>0.46166667</y>
      <w>0.4281525</w>
      <t>4268</t>
    </point>
    <point>
      <x>0.6166667</x>
      <y>0.46666667</y>
      <w>0.43010753</w>
      <t>4301</t>
    </point>
    <point>
      <x>0.61333334</x>
      <y>0.47166666</y>
      <w>0.43010753</w>
      <t>4301</t>
    </point>
    <point>
      <x>0.60833335</x>
      <y>0.47666666</y>
      <w>0.43010753</w>
      <t>4301</t>
    </point>
    <point>
      <x>0.605</x>
      <y>0.48166665</y>
      <w>0.43010753</w>
      <t>4301</t>
    </point>
    <point>
      <x>0.6</x>
      <y>0.48666668</y>
      <w>0.43010753</w>
      <t>4334</t>
    </point>
    <point>
      <x>0.5966667</x>
      <y>0.49</y>
      <w>0.43010753</w>
      <t>4334</t>
    </point>
    <point>
      <x>0.5933333</x>
      <y>0.495</y>
      <w>0.43010753</w>
      <t>4334</t>
    </point>
    <point>
      <x>0.59166664</x>
      <y>0.49833333</y>
      <w>0.43010753</w>
      <t>4334</t>
    </point>
    <point>
      <x>0.5883333</x>
      <y>0.50166667</y>
      <w>0.43010753</w>
      <t>4334</t>
    </point>
    <point>
      <x>0.585</x>
      <y>0.505</y>
      <w>0.43010753</w>
      <t>4368</t>
    </point>
    <point>
      <x>0.5833333</x>
      <y>0.50666666</y>
      <w>0.43010753</w>
      <t>4368</t>
    </point>
    <point>
      <x>0.58166665</x>
      <y>0.5083333</y>
      <w>0.43010753</w>
      <t>4368</t>
    </point>
    <point>
      <x>0.58</x>
      <y>0.51</y>
      <w>0.43010753</w>
      <t>4368</t>
    </point>
    <point>
      <x>0.5783333</x>
      <y>0.51166666</y>
      <w>0.4281525</w>
      <t>4400</t>
    </point>
    <point>
      <x>0.58</x>
      <y>0.51</y>
      <w>0.342131</w>
      <t>4467</t>
    </point>
    <point>
      <x>0.5833333</x>
      <y>0.51</y>
      <w>0.3206256</w>
      <t>4501</t>
    </point>
    <point>
      <x>0.585</x>
      <y>0.5083333</y>
      <w>0.3206256</w>
      <t>4501</t>
    </point>
    <point>
      <x>0.5883333</x>
      <y>0.50666666</y>
      <w>0.3206256</w>
      <t>4501</t>
    </point>
    <point>
      <x>0.59166664</x>
      <y>0.50333333</y>
      <w>0.3206256</w>
      <t>4501</t>
    </point>
    <point>
      <x>0.595</x>
      <y>0.50166667</y>
      <w>0.3206256</w>
      <t>4501</t>
    </point>
    <point>
      <x>0.6</x>
      <y>0.5</y>
      <w>0.3196481</w>
      <t>4534</t>
    </point>
    <point>
      <x>0.60333335</x>
      <y>0.49833333</y>
      <w>0.3196481</w>
      <t>4534</t>
    </point>
    <point>
      <x>0.6066667</x>
      <y>0.495</y>
      <w>0.3196481</w>
      <t>4534</t>
    </point>
    <point>
      <x>0.6116667</x>
      <y>0.49333334</y>
      <w>0.3196481</w>
      <t>4534</t>
    </point>
    <point>
      <x>0.6166667</x>
      <y>0.49166667</y>
      <w>0.29423264</w>
      <t>4568</t>
    </point>
    <point>
      <x>0.62</x>
      <y>0.48833334</y>
      <w>0.29423264</w>
      <t>4568</t>
    </point>
    <point>
      <x>0.625</x>
      <y>0.48666668</y>
      <w>0.29423264</w>
      <t>4568</t>
    </point>
    <point>
      <x>0.63</x>
      <y>0.485</y>
      <w>0.29423264</w>
      <t>4568</t>
    </point>
    <point>
      <x>0.635</x>
      <y>0.48333332</y>
      <w>0.29423264</w>
      <t>4568</t>
    </point>
    <point>
      <x>0.64</x>
      <y>0.48333332</y>
      <w>0.29032257</w>
      <t>4601</t>
    </point>
    <point>
      <x>0.645</x>
      <y>0.48166665</y>
      <w>0.29032257</w>
      <t>4601</t>
    </point>
    <point>
      <x>0.6483333</x>
      <y>0.48166665</y>
      <w>0.29032257</w>
      <t>4601</t>
    </point>
    <point>
      <x>0.6533333</x>
      <y>0.48</y>
      <w>0.29032257</w>
      <t>4601</t>
    </point>
    <point>
      <x>0.65833336</x>
      <y>0.48</y>
      <w>0.2913001</w>
      <t>4634</t>
    </point>
    <point>
      <x>0.665</x>
      <y>0.47833332</y>
      <w>0.2913001</w>
      <t>4634</t>
    </point>
    <point>
      <x>0.67</x>
      <y>0.47666666</y>
      <w>0.2913001</w>
      <t>4634</t>
    </point>
    <point>
      <x>0.6766667</x>
      <y>0.47666666</y>
      <w>0.2913001</w>
      <t>4634</t>
    </point>
    <point>
      <x>0.68333334</x>
      <y>0.47666666</y>
      <w>0.2913001</w>
      <t>4634</t>
    </point>
    <point>
      <x>0.68833333</x>
      <y>0.475</y>
      <w>0.29814273</w>
      <t>4668</t>
    </point>
    <point>
      <x>0.695</x>
      <y>0.475</y>
      <w>0.29814273</w>
      <t>4668</t>
    </point>
    <point>
      <x>0.7</x>
      <y>0.475</y>
      <w>0.29814273</w>
      <t>4668</t>
    </point>
    <point>
      <x>0.705</x>
      <y>0.475</y>
      <w>0.29814273</w>
      <t>4668</t>
    </point>
    <point>
      <x>0.71166664</x>
      <y>0.475</y>
      <w>0.30400783</w>
      <t>4700</t>
    </point>
    <point>
      <x>0.71666664</x>
      <y>0.475</y>
      <w>0.30400783</w>
      <t>4700</t>
    </point>
    <point>
      <x>0.7216667</x>
      <y>0.475</y>
      <w>0.30400783</w>
      <t>4700</t>
    </point>
    <point>
      <x>0.7266667</x>
      <y>0.475</y>
      <w>0.30400783</w>
      <t>4700</t>
    </point>
    <point>
      <x>0.73333335</x>
      <y>0.47666666</y>
      <w>0.31280547</w>
      <t>4734</t>
    </point>
    <point>
      <x>0.73833334</x>
      <y>0.47666666</y>
      <w>0.31280547</w>
      <t>4734</t>
    </point>
    <point>
      <x>0.74333334</x>
      <y>0.47833332</y>
      <w>0.31280547</w>
      <t>4734</t>
    </point>
    <point>
      <x>0.74666667</x>
      <y>0.47833332</y>
      <w>0.31280547</w>
      <t>4734</t>
    </point>
    <point>
      <x>0.75</x>
      <y>0.48</y>
      <w>0.31280547</w>
      <t>4734</t>
    </point>
    <point>
      <x>0.75333333</x>
      <y>0.48</y>
      <w>0.32258064</w>
      <t>4768</t>
    </point>
    <point>
      <x>0.75666666</x>
      <y>0.48166665</y>
      <w>0.32258064</w>
      <t>4768</t>
    </point>
    <point>
      <x>0.76</x>
      <y>0.48333332</y>
      <w>0.32258064</w>
      <t>4768</t>
    </point>
    <point>
      <x>0.7633333</x>
      <y>0.485</y>
      <w>0.32258064</w>
      <t>4768</t>
    </point>
    <point>
      <x>0.76666665</x>
      <y>0.48666668</y>
      <w>0.32258064</w>
      <t>4768</t>
    </point>
    <point>
      <x>0.7683333</x>
      <y>0.48833334</y>
      <w>0.3362659</w>
      <t>4801</t>
    </point>
    <point>
      <x>0.77</x>
      <y>0.49</y>
      <w>0.3362659</w>
      <t>4801</t>
    </point>
    <point>
      <x>0.77166665</x>
      <y>0.49166667</y>
      <w>0.3362659</w>
      <t>4801</t>
    </point>
    <point>
      <x>0.775</x>
      <y>0.49333334</y>
      <w>0.3362659</w>
      <t>4801</t>
    </point>
    <point>
      <x>0.775</x>
      <y>0.495</y>
      <w>0.36168134</w>
      <t>4834</t>
    </point>
    <point>
      <x>0.7783333</x>
      <y>0.49666667</y>
      <w>0.36168134</w>
      <t>4834</t>
    </point>
    <point>
      <x>0.7783333</x>
      <y>0.49833333</y>
      <w>0.36168134</w>
      <t>4834</t>
    </point>
    <point>
      <x>0.78</x>
      <y>0.5</y>
      <w>0.36168134</w>
      <t>4834</t>
    </point>
    <point>
      <x>0.7816667</x>
      <y>0.50333333</y>
      <w>0.3998045</w>
      <t>4868</t>
    </point>
    <point>
      <x>0.7816667</x>
      <y>0.505</y>
      <w>0.3998045</w>
      <t>4868</t>
    </point>
    <point>
      <x>0.78333336</x>
      <y>0.50666666</y>
      <w>0.3998045</w>
      <t>4868</t>
    </point>
    <point>
      <x>0.785</x>
      <y>0.51</y>
      <w>0.3998045</w>
      <t>4868</t>
    </point>
    <point>
      <x>0.785</x>
      <y>0.51166666</y>
      <w>0.3998045</w>
      <t>4868</t>
    </point>
    <point>
      <x>0.7866667</x>
      <y>0.515</y>
      <w>0.41642228</w>
      <t>4901</t>
    </point>
    <point>
      <x>0.78833336</x>
      <y>0.5183333</y>
      <w>0.41642228</w>
      <t>4901</t>
    </point>
    <point>
      <x>0.78833336</x>
      <y>0.52166665</y>
      <w>0.41642228</w>
      <t>4901</t>
    </point>
    <point>
      <x>0.78833336</x>
      <y>0.525</y>
      <w>0.41642228</w>
      <t>4901</t>
    </point>
    <point>
      <x>0.79</x>
      <y>0.5283333</y>
      <w>0.42619747</w>
      <t>4934</t>
    </point>
    <point>
      <x>0.79</x>
      <y>0.5316667</y>
      <w>0.42619747</w>
      <t>4934</t>
    </point>
    <point>
      <x>0.79</x>
      <y>0.5366667</y>
      <w>0.42619747</w>
      <t>4934</t>
    </point>
    <point>
      <x>0.7916667</x>
      <y>0.54</y>
      <w>0.42619747</w>
      <t>4934</t>
    </point>
    <point>
      <x>0.7916667</x>
      <y>0.54333335</y>
      <w>0.42619747</w>
      <t>4934</t>
    </point>
    <point>
      <x>0.7916667</x>
      <y>0.54833335</y>
      <w>0.43304008</w>
      <t>4968</t>
    </point>
    <point>
      <x>0.7916667</x>
      <y>0.5516667</y>
      <w>0.43304008</w>
      <t>4968</t>
    </point>
    <point>
      <x>0.7916667</x>
      <y>0.5566667</y>
      <w>0.43304008</w>
      <t>4968</t>
    </point>
    <point>
      <x>0.7916667</x>
      <y>0.56</y>
      <w>0.43304008</w>
      <t>4968</t>
    </point>
    <point>
      <x>0.7916667</x>
      <y>0.565</y>
      <w>0.4340176</w>
      <t>5001</t>
    </point>
    <point>
      <x>0.7916667</x>
      <y>0.57</y>
      <w>0.4340176</w>
      <t>5001</t>
    </point>
    <point>
      <x>0.7916667</x>
      <y>0.575</y>
      <w>0.4340176</w>
      <t>5001</t>
    </point>
    <point>
      <x>0.79</x>
      <y>0.5783333</y>
      <w>0.4340176</w>
      <t>5001</t>
    </point>
    <point>
      <x>0.79</x>
      <y>0.5833333</y>
      <w>0.4340176</w>
      <t>5001</t>
    </point>
    <point>
      <x>0.78833336</x>
      <y>0.5883333</y>
      <w>0.4349951</w>
      <t>5034</t>
    </point>
    <point>
      <x>0.7866667</x>
      <y>0.5933333</y>
      <w>0.4349951</w>
      <t>5034</t>
    </point>
    <point>
      <x>0.785</x>
      <y>0.5966667</y>
      <w>0.4349951</w>
      <t>5034</t>
    </point>
    <point>
      <x>0.78333336</x>
      <y>0.6016667</y>
      <w>0.4349951</w>
      <t>5034</t>
    </point>
    <point>
      <x>0.7816667</x>
      <y>0.6066667</y>
      <w>0.43597263</w>
      <t>5068</t>
    </point>
    <point>
      <x>0.7783333</x>
      <y>0.6116667</y>
      <w>0.43597263</w>
      <t>5068</t>
    </point>
    <point>
      <x>0.775</x>
      <y>0.6166667</y>
      <w>0.43597263</w>
      <t>5068</t>
    </point>
    <point>
      <x>0.7733333</x>
      <y>0.62333333</y>
      <w>0.43597263</w>
      <t>5068</t>
    </point>
    <point>
      <x>0.77</x>
      <y>0.62833333</y>
      <w>0.43695015</w>
      <t>5101</t>
    </point>
    <point>
      <x>0.76666665</x>
      <y>0.6333333</y>
      <w>0.43695015</w>
      <t>5101</t>
    </point>
    <point>
      <x>0.7633333</x>
      <y>0.6383333</y>
      <w>0.43695015</w>
      <t>5101</t>
    </point>
    <point>
      <x>0.76</x>
      <y>0.6433333</y>
      <w>0.43695015</w>
      <t>5101</t>
    </point>
    <point>
      <x>0.75666666</x>
      <y>0.6483333</y>
      <w>0.43695015</w>
      <t>5101</t>
    </point>
    <point>
      <x>0.755</x>
      <y>0.6533333</y>
      <w>0.43792766</w>
      <t>5134</t>
    </point>
    <point>
      <x>0.75166667</x>
      <y>0.6566667</y>
      <w>0.43792766</w>
      <t>5134</t>
    </point>
    <point>
      <x>0.74833333</x>
      <y>0.6616667</y>
      <w>0.43792766</w>
      <t>5134</t>
    </point>
    <point>
      <x>0.745</x>
      <y>0.665</y>
      <w>0.43792766</w>
      <t>5134</t>
    </point>
    <point>
      <x>0.7416667</x>
      <y>0.67</y>
      <w>0.43792766</w>
      <t>5168</t>
    </point>
    <point>
      <x>0.73833334</x>
      <y>0.675</y>
      <w>0.43792766</w>
      <t>5168</t>
    </point>
    <point>
      <x>0.7366667</x>
      <y>0.67833334</y>
      <w>0.43792766</w>
      <t>5168</t>
    </point>
    <point>
      <x>0.73333335</x>
      <y>0.68333334</y>
      <w>0.43792766</w>
      <t>5168</t>
    </point>
    <point>
      <x>0.73</x>
      <y>0.68666667</y>
      <w>0.43792766</w>
      <t>5168</t>
    </point>
    <point>
      <x>0.7266667</x>
      <y>0.69166666</y>
      <w>0.43695015</w>
      <t>5201</t>
    </point>
    <point>
      <x>0.72333336</x>
      <y>0.695</y>
      <w>0.43695015</w>
      <t>5201</t>
    </point>
    <point>
      <x>0.7216667</x>
      <y>0.7</y>
      <w>0.43695015</w>
      <t>5201</t>
    </point>
    <point>
      <x>0.71666664</x>
      <y>0.7033333</y>
      <w>0.43695015</w>
      <t>5201</t>
    </point>
    <point>
      <x>0.7133333</x>
      <y>0.7083333</y>
      <w>0.42619747</w>
      <t>5234</t>
    </point>
    <point>
      <x>0.71</x>
      <y>0.7133333</y>
      <w>0.42619747</w>
      <t>5234</t>
    </point>
    <point>
      <x>0.70666665</x>
      <y>0.71666664</y>
      <w>0.42619747</w>
      <t>5234</t>
    </point>
    <point>
      <x>0.7033333</x>
      <y>0.7216667</y>
      <w>0.42619747</w>
      <t>5234</t>
    </point>
    <point>
      <x>0.7</x>
      <y>0.725</y>
      <w>0.42619747</w>
      <t>5234</t>
    </point>
    <point>
      <x>0.69666666</x>
      <y>0.73</y>
      <w>0.4115347</w>
      <t>5268</t>
    </point>
    <point>
      <x>0.6933333</x>
      <y>0.73333335</y>
      <w>0.4115347</w>
      <t>5268</t>
    </point>
    <point>
      <x>0.69</x>
      <y>0.7366667</y>
      <w>0.4115347</w>
      <t>5268</t>
    </point>
    <point>
      <x>0.68666667</x>
      <y>0.74</y>
      <w>0.4115347</w>
      <t>5268</t>
    </point>
    <point>
      <x>0.68333334</x>
      <y>0.74333334</y>
      <w>0.36754644</w>
      <t>5301</t>
    </point>
    <point>
      <x>0.68</x>
      <y>0.74666667</y>
      <w>0.36754644</w>
      <t>5301</t>
    </point>
    <point>
      <x>0.675</x>
      <y>0.74833333</y>
      <w>0.36754644</w>
      <t>5301</t>
    </point>
    <point>
      <x>0.67</x>
      <y>0.75166667</y>
      <w>0.36754644</w>
      <t>5301</t>
    </point>
    <point>
      <x>0.665</x>
      <y>0.755</y>
      <w>0.36754644</w>
      <t>5301</t>
    </point>
    <point>
      <x>0.66</x>
      <y>0.75666666</y>
      <w>0.32355815</w>
      <t>5334</t>
    </point>
    <point>
      <x>0.6533333</x>
      <y>0.76</y>
      <w>0.32355815</w>
      <t>5334</t>
    </point>
    <point>
      <x>0.6483333</x>
      <y>0.76166666</y>
      <w>0.32355815</w>
      <t>5334</t>
    </point>
    <point>
      <x>0.64166665</x>
      <y>0.7633333</y>
      <w>0.32355815</w>
      <t>5334</t>
    </point>
    <point>
      <x>0.63666666</x>
      <y>0.765</y>
      <w>0.19159335</w>
      <t>5368</t>
    </point>
    <point>
      <x>0.63166666</x>
      <y>0.76666665</y>
      <w>0.19159335</w>
      <t>5368</t>
    </point>
    <point>
      <x>0.62833333</x>
      <y>0.76666665</y>
      <w>0.19159335</w>
      <t>5368</t>
    </point>
    <point>
      <x>0.62333333</x>
      <y>0.76666665</y>
      <w>0.19159335</w>
      <t>5368</t>
    </point>
    <point>
      <x>0.62</x>
      <y>0.765</y>
      <w>0.0</w>
      <t>5401</t>
    </point>
    <point>
      <x>0.6166667</x>
      <y>0.76166666</y>
      <w>0.0</w>
      <t>5401</t>
    </point>
  </stroke>
  <stroke time="6034">
    <point>
      <x>0.81166667</x>
      <y>0.26166666</y>
      <w>0.36656892</w>
      <t>6101</t>
    </point>
    <point>
      <x>0.81333333</x>
      <y>0.26333332</y>
      <w>0.43010753</w>
      <t>6134</t>
    </point>
    <point>
      <x>0.815</x>
      <y>0.26333332</y>
      <w>0.43010753</w>
      <t>6134</t>
    </point>
    <point>
      <x>0.81666666</x>
      <y>0.265</y>
      <w>0.43010753</w>
      <t>6134</t>
    </point>
    <point>
      <x>0.82</x>
      <y>0.26666668</y>
      <w>0.43010753</w>
      <t>6134</t>
    </point>
    <point>
      <x>0.82166666</x>
      <y>0.26833335</y>
      <w>0.43010753</w>
      <t>6134</t>
    </point>
    <point>
      <x>0.825</x>
      <y>0.27</y>
      <w>0.45454547</w>
      <t>6168</t>
    </point>
    <point>
      <x>0.82666665</x>
      <y>0.27166668</y>
      <w>0.45454547</w>
      <t>6168</t>
    </point>
    <point>
      <x>0.83</x>
      <y>0.275</y>
      <w>0.45454547</w>
      <t>6168</t>
    </point>
    <point>
      <x>0.83166665</x>
      <y>0.27833334</y>
      <w>0.45454547</w>
      <t>6168</t>
    </point>
    <point>
      <x>0.835</x>
      <y>0.28</y>
      <w>0.47018573</w>
      <t>6201</t>
    </point>
    <point>
      <x>0.83666664</x>
      <y>0.28333333</y>
      <w>0.47018573</w>
      <t>6201</t>
    </point>
    <point>
      <x>0.8383333</x>
      <y>0.28666666</y>
      <w>0.47018573</w>
      <t>6201</t>
    </point>
    <point>
      <x>0.84</x>
      <y>0.29</y>
      <w>0.47018573</w>
      <t>6201</t>
    </point>
    <point>
      <x>0.84166664</x>
      <y>0.29333332</y>
      <w>0.47018573</w>
      <t>6201</t>
    </point>
    <point>
      <x>0.8433333</x>
      <y>0.29666665</y>
      <w>0.4975562</w>
      <t>6234</t>
    </point>
    <point>
      <x>0.8433333</x>
      <y>0.3</y>
      <w>0.4975562</w>
      <t>6234</t>
    </point>
    <point>
      <x>0.845</x>
      <y>0.30333334</y>
      <w>0.4975562</w>
      <t>6234</t>
    </point>
    <point>
      <x>0.845</x>
      <y>0.30666667</y>
      <w>0.4975562</w>
      <t>6234</t>
    </point>
    <point>
      <x>0.845</x>
      <y>0.31</y>
      <w>0.5083089</w>
      <t>6268</t>
    </point>
    <point>
      <x>0.8466667</x>
      <y>0.31333333</y>
      <w>0.5083089</w>
      <t>6268</t>
    </point>
    <point>
      <x>0.8466667</x>
      <y>0.315</y>
      <w>0.5083089</w>
      <t>6268</t>
    </point>
    <point>
      <x>0.8466667</x>
      <y>0.31833333</y>
      <w>0.5083089</w>
      <t>6268</t>
    </point>
    <point>
      <x>0.8466667</x>
      <y>0.32</y>
      <w>0.5092864</w>
      <t>6301</t>
    </point>
    <point>
      <x>0.8466667</x>
      <y>0.32166666</y>
      <w>0.5092864</w>
      <t>6301</t>
    </point>
    <point>
      <x>0.8466667</x>
      <y>0.32333332</y>
      <w>0.5092864</w>
      <t>6301</t>
    </point>
    <point>
      <x>0.845</x>
      <y>0.32333332</y>
      <w>0.514174</w>
      <t>6401</t>
    </point>
    <point>
      <x>0.8433333</x>
      <y>0.32333332</y>
      <w>0.4848485</w>
      <t>6434</t>
    </point>
    <point>
      <x>0.8383333</x>
      <y>0.32166666</y>
      <w>0.4848485</w>
      <t>6434</t>
    </point>
    <point>
      <x>0.835</x>
      <y>0.32</y>
      <w>0.4848485</w>
      <t>6434</t>
    </point>
    <point>
      <x>0.83</x>
      <y>0.31833333</y>
      <w>0.4848485</w>
      <t>6434</t>
    </point>
    <point>
      <x>0.825</x>
      <y>0.315</y>
      <w>0.4848485</w>
      <t>6434</t>
    </point>
    <point>
      <x>0.82</x>
      <y>0.31333333</y>
      <w>0.31867057</w>
      <t>6467</t>
    </point>
    <point>
      <x>0.81333333</x>
      <y>0.31166667</y>
      <w>0.31867057</w>
      <t>6467</t>
    </point>
    <point>
      <x>0.80833334</x>
      <y>0.30833334</y>
      <w>0.31867057</w>
      <t>6467</t>
    </point>
    <point>
      <x>0.8016667</x>
      <y>0.30666667</y>
      <w>0.31867057</w>
      <t>6467</t>
    </point>
  </stroke>
</character>
