<?xml version="1.0" encoding="UTF-8"?>
<character>
  <stroke time="0">
    <point>
      <x>0.45833334</x>
      <y>0.15166667</y>
      <w>0.28152493</w>
      <t>70</t>
    </point>
    <point>
      <x>0.45833334</x>
      <y>0.15333334</y>
      <w>0.28152493</w>
      <t>70</t>
    </point>
    <point>
      <x>0.45833334</x>
      <y>0.155</y>
      <w>0.28152493</w>
      <t>70</t>
    </point>
    <point>
      <x>0.46</x>
      <y>0.155</y>
      <w>0.42130986</w>
      <t>100</t>
    </point>
    <point>
      <x>0.46</x>
      <y>0.15666667</y>
      <w>0.42130986</w>
      <t>100</t>
    </point>
    <point>
      <x>0.46166667</x>
      <y>0.15833333</y>
      <w>0.42130986</w>
      <t>100</t>
    </point>
    <point>
      <x>0.46333334</x>
      <y>0.16</y>
      <w>0.48875856</w>
      <t>133</t>
    </point>
    <point>
      <x>0.465</x>
      <y>0.16166666</y>
      <w>0.48875856</w>
      <t>133</t>
    </point>
    <point>
      <x>0.46666667</x>
      <y>0.16333333</y>
      <w>0.5552297</w>
      <t>167</t>
    </point>
    <point>
      <x>0.46833333</x>
      <y>0.165</y>
      <w>0.5552297</w>
      <t>167</t>
    </point>
    <point>
      <x>0.47</x>
      <y>0.165</y>
      <w>0.6099707</w>
      <t>200</t>
    </point>
    <point>
      <x>0.47166666</x>
      <y>0.16666667</y>
      <w>0.6099707</w>
      <t>200</t>
    </point>
    <point>
      <x>0.47333333</x>
      <y>0.16666667</y>
      <w>0.6099707</w>
      <t>200</t>
    </point>
    <point>
      <x>0.47333333</x>
      <y>0.16833334</y>
      <w>0.65004885</w>
      <t>233</t>
    </point>
    <point>
      <x>0.475</x>
      <y>0.16833334</y>
      <w>0.65004885</w>
      <t>233</t>
    </point>
    <point>
      <x>0.47666666</x>
      <y>0.17</y>
      <w>0.65004885</w>
      <t>233</t>
    </point>
    <point>
      <x>0.47833332</x>
      <y>0.17</y>
      <w>0.65004885</w>
      <t>234</t>
    </point>
    <point>
      <x>0.48</x>
      <y>0.17166667</y>
      <w>0.686217</w>
      <t>267</t>
    </point>
    <point>
      <x>0.48166665</x>
      <y>0.17166667</y>
      <w>0.686217</w>
      <t>267</t>
    </point>
    <point>
      <x>0.48333332</x>
      <y>0.17166667</y>
      <w>0.70576733</w>
      <t>300</t>
    </point>
    <point>
      <x>0.48333332</x>
      <y>0.17333333</y>
      <w>0.70576733</w>
      <t>302</t>
    </point>
    <point>
      <x>0.485</x>
      <y>0.17333333</y>
      <w>0.70576733</w>
      <t>302</t>
    </point>
    <point>
      <x>0.48666668</x>
      <y>0.17333333</y>
      <w>0.73313785</w>
      <t>333</t>
    </point>
    <point>
      <x>0.48833334</x>
      <y>0.17333333</y>
      <w>0.73313785</w>
      <t>333</t>
    </point>
    <point>
      <x>0.49</x>
      <y>0.175</y>
      <w>0.7468231</w>
      <t>367</t>
    </point>
    <point>
      <x>0.49166667</x>
      <y>0.175</y>
      <w>0.7468231</w>
      <t>367</t>
    </point>
    <point>
      <x>0.49333334</x>
      <y>0.175</y>
      <w>0.75757575</w>
      <t>400</t>
    </point>
    <point>
      <x>0.495</x>
      <y>0.17666666</y>
      <w>0.75757575</w>
      <t>400</t>
    </point>
    <point>
      <x>0.49666667</x>
      <y>0.17666666</y>
      <w>0.75757575</w>
      <t>400</t>
    </point>
    <point>
      <x>0.49833333</x>
      <y>0.17666666</y>
      <w>0.76246333</w>
      <t>433</t>
    </point>
    <point>
      <x>0.5</x>
      <y>0.17666666</y>
      <w>0.76246333</w>
      <t>433</t>
    </point>
    <point>
      <x>0.50166667</x>
      <y>0.17833333</y>
      <w>0.76246333</w>
      <t>433</t>
    </point>
    <point>
      <x>0.50333333</x>
      <y>0.17833333</y>
      <w>0.76246333</w>
      <t>434</t>
    </point>
    <point>
      <x>0.505</x>
      <y>0.17833333</y>
      <w>0.76441836</w>
      <t>466</t>
    </point>
    <point>
      <x>0.50666666</x>
      <y>0.17833333</y>
      <w>0.76441836</w>
      <t>466</t>
    </point>
    <point>
      <x>0.5083333</x>
      <y>0.18</y>
      <w>0.76441836</w>
      <t>466</t>
    </point>
    <point>
      <x>0.51</x>
      <y>0.18</y>
      <w>0.76441836</w>
      <t>467</t>
    </point>
    <point>
      <x>0.51166666</x>
      <y>0.18</y>
      <w>0.7673509</w>
      <t>499</t>
    </point>
    <point>
      <x>0.5133333</x>
      <y>0.18166667</y>
      <w>0.7673509</w>
      <t>499</t>
    </point>
    <point>
      <x>0.515</x>
      <y>0.18166667</y>
      <w>0.76930594</w>
      <t>533</t>
    </point>
    <point>
      <x>0.51666665</x>
      <y>0.18166667</y>
      <w>0.76930594</w>
      <t>533</t>
    </point>
    <point>
      <x>0.5183333</x>
      <y>0.18333334</y>
      <w>0.76930594</w>
      <t>567</t>
    </point>
    <point>
      <x>0.52</x>
      <y>0.18333334</y>
      <w>0.76930594</w>
      <t>567</t>
    </point>
    <point>
      <x>0.52166665</x>
      <y>0.185</y>
      <w>0.76930594</w>
      <t>567</t>
    </point>
    <point>
      <x>0.5233333</x>
      <y>0.185</y>
      <w>0.76930594</w>
      <t>600</t>
    </point>
    <point>
      <x>0.5233333</x>
      <y>0.18666667</y>
      <w>0.76930594</w>
      <t>600</t>
    </point>
    <point>
      <x>0.525</x>
      <y>0.18666667</y>
      <w>0.76930594</w>
      <t>600</t>
    </point>
    <point>
      <x>0.525</x>
      <y>0.18833333</y>
      <w>0.76930594</w>
      <t>633</t>
    </point>
    <point>
      <x>0.52666664</x>
      <y>0.18833333</y>
      <w>0.76930594</w>
      <t>633</t>
    </point>
    <point>
      <x>0.52666664</x>
      <y>0.19</y>
      <w>0.76441836</w>
      <t>667</t>
    </point>
    <point>
      <x>0.52666664</x>
      <y>0.19166666</y>
      <w>0.75757575</w>
      <t>699</t>
    </point>
    <point>
      <x>0.5283333</x>
      <y>0.19166666</y>
      <w>0.75757575</w>
      <t>699</t>
    </point>
    <point>
      <x>0.5283333</x>
      <y>0.19333333</y>
      <w>0.75757575</w>
      <t>699</t>
    </point>
    <point>
      <x>0.5283333</x>
      <y>0.195</y>
      <w>0.7380254</w>
      <t>733</t>
    </point>
    <point>
      <x>0.53</x>
      <y>0.19666667</y>
      <w>0.7380254</w>
      <t>733</t>
    </point>
    <point>
      <x>0.53</x>
      <y>0.19833334</y>
      <w>0.6471163</w>
      <t>800</t>
    </point>
    <point>
      <x>0.53</x>
      <y>0.2</y>
      <w>0.627566</w>
      <t>833</t>
    </point>
    <point>
      <x>0.53</x>
      <y>0.20166667</y>
      <w>0.60117304</w>
      <t>867</t>
    </point>
    <point>
      <x>0.5283333</x>
      <y>0.20166667</y>
      <w>0.60117304</w>
      <t>867</t>
    </point>
    <point>
      <x>0.52666664</x>
      <y>0.20166667</y>
      <w>0.60117304</w>
      <t>867</t>
    </point>
    <point>
      <x>0.52666664</x>
      <y>0.20333333</y>
      <w>0.60117304</w>
      <t>868</t>
    </point>
    <point>
      <x>0.525</x>
      <y>0.20333333</y>
      <w>0.58748776</w>
      <t>900</t>
    </point>
    <point>
      <x>0.525</x>
      <y>0.205</y>
      <w>0.58748776</w>
      <t>900</t>
    </point>
    <point>
      <x>0.5233333</x>
      <y>0.205</y>
      <w>0.58748776</w>
      <t>900</t>
    </point>
    <point>
      <x>0.52166665</x>
      <y>0.205</y>
      <w>0.53861195</w>
      <t>933</t>
    </point>
    <point>
      <x>0.52166665</x>
      <y>0.20666666</y>
      <w>0.53861195</w>
      <t>933</t>
    </point>
    <point>
      <x>0.52</x>
      <y>0.20666666</y>
      <w>0.53861195</w>
      <t>933</t>
    </point>
    <point>
      <x>0.5183333</x>
      <y>0.20833333</y>
      <w>0.45454547</w>
      <t>966</t>
    </point>
    <point>
      <x>0.51666665</x>
      <y>0.20833333</y>
      <w>0.45454547</w>
      <t>966</t>
    </point>
    <point>
      <x>0.515</x>
      <y>0.21</y>
      <w>0.45454547</w>
      <t>966</t>
    </point>
    <point>
      <x>0.5133333</x>
      <y>0.21</y>
      <w>0.4115347</w>
      <t>1000</t>
    </point>
    <point>
      <x>0.5133333</x>
      <y>0.21166667</y>
      <w>0.4115347</w>
      <t>1000</t>
    </point>
    <point>
      <x>0.51166666</x>
      <y>0.21166667</y>
      <w>0.4115347</w>
      <t>1000</t>
    </point>
    <point>
      <x>0.51166666</x>
      <y>0.21333334</y>
      <w>0.4115347</w>
      <t>1000</t>
    </point>
    <point>
      <x>0.51</x>
      <y>0.21333334</y>
      <w>0.26099706</w>
      <t>1033</t>
    </point>
    <point>
      <x>0.5083333</x>
      <y>0.21333334</y>
      <w>0.26099706</w>
      <t>1033</t>
    </point>
    <point>
      <x>0.5083333</x>
      <y>0.215</y>
      <w>0.26099706</w>
      <t>1033</t>
    </point>
    <point>
      <x>0.50666666</x>
      <y>0.215</y>
      <w>0.26099706</w>
      <t>1033</t>
    </point>
    <point>
      <x>0.505</x>
      <y>0.21666667</y>
      <w>0.14956012</w>
      <t>1066</t>
    </point>
    <point>
      <x>0.50166667</x>
      <y>0.21833333</y>
      <w>0.14956012</w>
      <t>1066</t>
    </point>
    <point>
      <x>0.5</x>
      <y>0.21833333</y>
      <w>0.14956012</w>
      <t>1066</t>
    </point>
    <point>
      <x>0.49833333</x>
      <y>0.22</y>
      <w>0.14956012</w>
      <t>1066</t>
    </point>
    <point>
      <x>0.49666667</x>
      <y>0.22166666</y>
      <w>0.14956012</w>
      <t>1067</t>
    </point>
    <point>
      <x>0.49333334</x>
      <y>0.22333333</y>
      <w>0.07526882</w>
      <t>1100</t>
    </point>
    <point>
      <x>0.49166667</x>
      <y>0.225</y>
      <w>0.07526882</w>
      <t>1102</t>
    </point>
  </stroke>
  <stroke time="2466">
    <point>
      <x>0.35</x>
      <y>0.35333332</y>
      <w>0.09090909</w>
      <t>2466</t>
    </point>
    <point>
      <x>0.35166666</x>
      <y>0.35333332</y>
      <w>0.09090909</w>
      <t>2466</t>
    </point>
    <point>
      <x>0.35166666</x>
      <y>0.355</y>
      <w>0.2170088</w>
      <t>2500</t>
    </point>
    <point>
      <x>0.35333332</x>
      <y>0.35666665</y>
      <w>0.2170088</w>
      <t>2500</t>
    </point>
    <point>
      <x>0.355</x>
      <y>0.35833332</y>
      <w>0.2170088</w>
      <t>2500</t>
    </point>
    <point>
      <x>0.35666665</x>
      <y>0.36</y>
      <w>0.2170088</w>
      <t>2500</t>
    </point>
    <point>
      <x>0.35833332</x>
      <y>0.36</y>
      <w>0.34701857</w>
      <t>2533</t>
    </point>
    <point>
      <x>0.36</x>
      <y>0.36166668</y>
      <w>0.34701857</w>
      <t>2533</t>
    </point>
    <point>
      <x>0.36166668</x>
      <y>0.36166668</y>
      <w>0.34701857</w>
      <t>2533</t>
    </point>
    <point>
      <x>0.36333334</x>
      <y>0.36333334</y>
      <w>0.40664712</w>
      <t>2567</t>
    </point>
    <point>
      <x>0.365</x>
      <y>0.36333334</y>
      <w>0.40664712</w>
      <t>2567</t>
    </point>
    <point>
      <x>0.36666667</x>
      <y>0.36333334</y>
      <w>0.40664712</w>
      <t>2567</t>
    </point>
    <point>
      <x>0.36833334</x>
      <y>0.36333334</y>
      <w>0.4623656</w>
      <t>2600</t>
    </point>
    <point>
      <x>0.36833334</x>
      <y>0.365</y>
      <w>0.4623656</w>
      <t>2600</t>
    </point>
    <point>
      <x>0.37</x>
      <y>0.365</y>
      <w>0.4623656</w>
      <t>2600</t>
    </point>
    <point>
      <x>0.37166667</x>
      <y>0.365</y>
      <w>0.51124144</w>
      <t>2633</t>
    </point>
    <point>
      <x>0.37333333</x>
      <y>0.365</y>
      <w>0.5464321</w>
      <t>2666</t>
    </point>
    <point>
      <x>0.375</x>
      <y>0.365</y>
      <w>0.5464321</w>
      <t>2666</t>
    </point>
    <point>
      <x>0.37666667</x>
      <y>0.365</y>
      <w>0.5767351</w>
      <t>2700</t>
    </point>
    <point>
      <x>0.37666667</x>
      <y>0.36666667</y>
      <w>0.5767351</w>
      <t>2700</t>
    </point>
    <point>
      <x>0.37833333</x>
      <y>0.36666667</y>
      <w>0.5767351</w>
      <t>2700</t>
    </point>
    <point>
      <x>0.38</x>
      <y>0.36666667</y>
      <w>0.61290324</w>
      <t>2733</t>
    </point>
    <point>
      <x>0.38166666</x>
      <y>0.36666667</y>
      <w>0.61290324</w>
      <t>2733</t>
    </point>
    <point>
      <x>0.38333333</x>
      <y>0.36666667</y>
      <w>0.61290324</w>
      <t>2733</t>
    </point>
    <point>
      <x>0.385</x>
      <y>0.36666667</y>
      <w>0.62658846</w>
      <t>2767</t>
    </point>
    <point>
      <x>0.38666666</x>
      <y>0.36666667</y>
      <w>0.62658846</w>
      <t>2767</t>
    </point>
    <point>
      <x>0.38833332</x>
      <y>0.36666667</y>
      <w>0.6529814</w>
      <t>2800</t>
    </point>
    <point>
      <x>0.39</x>
      <y>0.36666667</y>
      <w>0.6529814</w>
      <t>2800</t>
    </point>
    <point>
      <x>0.39166668</x>
      <y>0.36666667</y>
      <w>0.6529814</w>
      <t>2800</t>
    </point>
    <point>
      <x>0.39333335</x>
      <y>0.36666667</y>
      <w>0.6735093</w>
      <t>2833</t>
    </point>
    <point>
      <x>0.395</x>
      <y>0.36666667</y>
      <w>0.6735093</w>
      <t>2833</t>
    </point>
    <point>
      <x>0.39666668</x>
      <y>0.36666667</y>
      <w>0.6735093</w>
      <t>2833</t>
    </point>
    <point>
      <x>0.39833334</x>
      <y>0.36666667</y>
      <w>0.6735093</w>
      <t>2835</t>
    </point>
    <point>
      <x>0.4</x>
      <y>0.36666667</y>
      <w>0.67741936</w>
      <t>2867</t>
    </point>
    <point>
      <x>0.40166667</x>
      <y>0.36666667</y>
      <w>0.67741936</w>
      <t>2867</t>
    </point>
    <point>
      <x>0.40333334</x>
      <y>0.36666667</y>
      <w>0.67741936</w>
      <t>2867</t>
    </point>
    <point>
      <x>0.405</x>
      <y>0.36666667</y>
      <w>0.6793744</w>
      <t>2900</t>
    </point>
    <point>
      <x>0.40666667</x>
      <y>0.36666667</y>
      <w>0.6793744</w>
      <t>2900</t>
    </point>
    <point>
      <x>0.40833333</x>
      <y>0.36666667</y>
      <w>0.6793744</w>
      <t>2900</t>
    </point>
    <point>
      <x>0.41</x>
      <y>0.365</y>
      <w>0.6793744</w>
      <t>2901</t>
    </point>
    <point>
      <x>0.41166666</x>
      <y>0.365</y>
      <w>0.6813294</w>
      <t>2933</t>
    </point>
    <point>
      <x>0.41333333</x>
      <y>0.365</y>
      <w>0.6813294</w>
      <t>2933</t>
    </point>
    <point>
      <x>0.415</x>
      <y>0.36333334</y>
      <w>0.6813294</w>
      <t>2933</t>
    </point>
    <point>
      <x>0.41833332</x>
      <y>0.36333334</y>
      <w>0.6813294</w>
      <t>2933</t>
    </point>
    <point>
      <x>0.42166665</x>
      <y>0.36166668</y>
      <w>0.6813294</w>
      <t>2966</t>
    </point>
    <point>
      <x>0.425</x>
      <y>0.36</y>
      <w>0.6813294</w>
      <t>2966</t>
    </point>
    <point>
      <x>0.42666668</x>
      <y>0.36</y>
      <w>0.6813294</w>
      <t>2966</t>
    </point>
    <point>
      <x>0.43</x>
      <y>0.35833332</y>
      <w>0.6813294</w>
      <t>2966</t>
    </point>
    <point>
      <x>0.43333334</x>
      <y>0.35666665</y>
      <w>0.6813294</w>
      <t>2966</t>
    </point>
    <point>
      <x>0.43666667</x>
      <y>0.35666665</y>
      <w>0.6803519</w>
      <t>3000</t>
    </point>
    <point>
      <x>0.44</x>
      <y>0.355</y>
      <w>0.6803519</w>
      <t>3000</t>
    </point>
    <point>
      <x>0.44333333</x>
      <y>0.35333332</y>
      <w>0.6803519</w>
      <t>3000</t>
    </point>
    <point>
      <x>0.44666666</x>
      <y>0.35166666</y>
      <w>0.6803519</w>
      <t>3000</t>
    </point>
    <point>
      <x>0.45</x>
      <y>0.35</y>
      <w>0.6783969</w>
      <t>3033</t>
    </point>
    <point>
      <x>0.455</x>
      <y>0.35</y>
      <w>0.6783969</w>
      <t>3033</t>
    </point>
    <point>
      <x>0.45833334</x>
      <y>0.34833333</y>
      <w>0.6783969</w>
      <t>3033</t>
    </point>
    <point>
      <x>0.46333334</x>
      <y>0.34666666</y>
      <w>0.6783969</w>
      <t>3033</t>
    </point>
    <point>
      <x>0.46833333</x>
      <y>0.345</y>
      <w>0.6783969</w>
      <t>3033</t>
    </point>
    <point>
      <x>0.47333333</x>
      <y>0.34166667</y>
      <w>0.67741936</w>
      <t>3066</t>
    </point>
    <point>
      <x>0.48</x>
      <y>0.34</y>
      <w>0.67741936</w>
      <t>3066</t>
    </point>
    <point>
      <x>0.485</x>
      <y>0.33833334</y>
      <w>0.67741936</w>
      <t>3066</t>
    </point>
    <point>
      <x>0.49</x>
      <y>0.33666667</y>
      <w>0.67741936</w>
      <t>3066</t>
    </point>
    <point>
      <x>0.49666667</x>
      <y>0.33333334</y>
      <w>0.67546433</w>
      <t>3100</t>
    </point>
    <point>
      <x>0.50333333</x>
      <y>0.33166668</y>
      <w>0.67546433</w>
      <t>3100</t>
    </point>
    <point>
      <x>0.5083333</x>
      <y>0.32833335</y>
      <w>0.67546433</w>
      <t>3100</t>
    </point>
    <point>
      <x>0.515</x>
      <y>0.32666665</y>
      <w>0.67546433</w>
      <t>3100</t>
    </point>
    <point>
      <x>0.52166665</x>
      <y>0.32333332</y>
      <w>0.67546433</w>
      <t>3100</t>
    </point>
    <point>
      <x>0.52666664</x>
      <y>0.32166666</y>
      <w>0.6744868</w>
      <t>3133</t>
    </point>
    <point>
      <x>0.53333336</x>
      <y>0.31833333</y>
      <w>0.6744868</w>
      <t>3133</t>
    </point>
    <point>
      <x>0.54</x>
      <y>0.31666666</y>
      <w>0.6744868</w>
      <t>3133</t>
    </point>
    <point>
      <x>0.545</x>
      <y>0.31333333</y>
      <w>0.6744868</w>
      <t>3133</t>
    </point>
    <point>
      <x>0.5516667</x>
      <y>0.31166667</y>
      <w>0.67741936</w>
      <t>3166</t>
    </point>
    <point>
      <x>0.55833334</x>
      <y>0.31</y>
      <w>0.67741936</w>
      <t>3166</t>
    </point>
    <point>
      <x>0.565</x>
      <y>0.30666667</y>
      <w>0.67741936</w>
      <t>3166</t>
    </point>
    <point>
      <x>0.57</x>
      <y>0.305</y>
      <w>0.67741936</w>
      <t>3166</t>
    </point>
    <point>
      <x>0.57666665</x>
      <y>0.30333334</y>
      <w>0.67741936</w>
      <t>3166</t>
    </point>
    <point>
      <x>0.58166665</x>
      <y>0.30166668</y>
      <w>0.67155427</w>
      <t>3200</t>
    </point>
    <point>
      <x>0.5883333</x>
      <y>0.3</y>
      <w>0.67155427</w>
      <t>3200</t>
    </point>
    <point>
      <x>0.5933333</x>
      <y>0.29833335</y>
      <w>0.67155427</w>
      <t>3200</t>
    </point>
    <point>
      <x>0.59833336</x>
      <y>0.29666665</y>
      <w>0.67155427</w>
      <t>3200</t>
    </point>
    <point>
      <x>0.605</x>
      <y>0.295</y>
      <w>0.65786904</w>
      <t>3233</t>
    </point>
    <point>
      <x>0.61</x>
      <y>0.295</y>
      <w>0.65786904</w>
      <t>3233</t>
    </point>
    <point>
      <x>0.6166667</x>
      <y>0.29333332</y>
      <w>0.65786904</w>
      <t>3233</t>
    </point>
    <point>
      <x>0.62166667</x>
      <y>0.29166666</y>
      <w>0.65786904</w>
      <t>3233</t>
    </point>
    <point>
      <x>0.62666667</x>
      <y>0.29166666</y>
      <w>0.6520039</w>
      <t>3266</t>
    </point>
    <point>
      <x>0.63166666</x>
      <y>0.29</y>
      <w>0.6520039</w>
      <t>3266</t>
    </point>
    <point>
      <x>0.635</x>
      <y>0.29</y>
      <w>0.6520039</w>
      <t>3266</t>
    </point>
    <point>
      <x>0.64</x>
      <y>0.29</y>
      <w>0.6520039</w>
      <t>3266</t>
    </point>
    <point>
      <x>0.64166665</x>
      <y>0.29</y>
      <w>0.6520039</w>
      <t>3266</t>
    </point>
    <point>
      <x>0.645</x>
      <y>0.29</y>
      <w>0.6520039</w>
      <t>3300</t>
    </point>
    <point>
      <x>0.64666665</x>
      <y>0.29</y>
      <w>0.6520039</w>
      <t>3300</t>
    </point>
    <point>
      <x>0.65</x>
      <y>0.29</y>
      <w>0.6520039</w>
      <t>3300</t>
    </point>
    <point>
      <x>0.65166664</x>
      <y>0.29</y>
      <w>0.6520039</w>
      <t>3300</t>
    </point>
    <point>
      <x>0.6533333</x>
      <y>0.29166666</y>
      <w>0.6529814</w>
      <t>3333</t>
    </point>
    <point>
      <x>0.655</x>
      <y>0.29166666</y>
      <w>0.6529814</w>
      <t>3333</t>
    </point>
    <point>
      <x>0.6566667</x>
      <y>0.29166666</y>
      <w>0.6529814</w>
      <t>3333</t>
    </point>
    <point>
      <x>0.66</x>
      <y>0.29333332</y>
      <w>0.6529814</w>
      <t>3333</t>
    </point>
    <point>
      <x>0.6616667</x>
      <y>0.29333332</y>
      <w>0.6529814</w>
      <t>3333</t>
    </point>
    <point>
      <x>0.66333336</x>
      <y>0.295</y>
      <w>0.65591395</w>
      <t>3366</t>
    </point>
    <point>
      <x>0.665</x>
      <y>0.29666665</y>
      <w>0.65591395</w>
      <t>3366</t>
    </point>
    <point>
      <x>0.6666667</x>
      <y>0.29666665</y>
      <w>0.65591395</w>
      <t>3366</t>
    </point>
    <point>
      <x>0.66833335</x>
      <y>0.29833335</y>
      <w>0.65591395</w>
      <t>3366</t>
    </point>
    <point>
      <x>0.67</x>
      <y>0.3</y>
      <w>0.6656892</w>
      <t>3400</t>
    </point>
    <point>
      <x>0.6716667</x>
      <y>0.30166668</y>
      <w>0.6656892</w>
      <t>3400</t>
    </point>
    <point>
      <x>0.67333335</x>
      <y>0.30333334</y>
      <w>0.6656892</w>
      <t>3400</t>
    </point>
    <point>
      <x>0.675</x>
      <y>0.305</y>
      <w>0.6656892</w>
      <t>3400</t>
    </point>
    <point>
      <x>0.6766667</x>
      <y>0.305</y>
      <w>0.6656892</w>
      <t>3400</t>
    </point>
    <point>
      <x>0.67833334</x>
      <y>0.30666667</y>
      <w>0.6744868</w>
      <t>3433</t>
    </point>
    <point>
      <x>0.68</x>
      <y>0.30833334</y>
      <w>0.6744868</w>
      <t>3433</t>
    </point>
    <point>
      <x>0.68</x>
      <y>0.31</y>
      <w>0.6744868</w>
      <t>3433</t>
    </point>
    <point>
      <x>0.6816667</x>
      <y>0.31</y>
      <w>0.6744868</w>
      <t>3433</t>
    </point>
    <point>
      <x>0.68333334</x>
      <y>0.31166667</y>
      <w>0.6959922</w>
      <t>3467</t>
    </point>
    <point>
      <x>0.68333334</x>
      <y>0.31333333</y>
      <w>0.6959922</w>
      <t>3467</t>
    </point>
    <point>
      <x>0.685</x>
      <y>0.315</y>
      <w>0.6959922</w>
      <t>3467</t>
    </point>
    <point>
      <x>0.68666667</x>
      <y>0.31666666</y>
      <w>0.6959922</w>
      <t>3467</t>
    </point>
    <point>
      <x>0.68666667</x>
      <y>0.31833333</y>
      <w>0.6959922</w>
      <t>3467</t>
    </point>
    <point>
      <x>0.68833333</x>
      <y>0.32</y>
      <w>0.72140765</w>
      <t>3500</t>
    </point>
    <point>
      <x>0.69</x>
      <y>0.32166666</y>
      <w>0.72140765</w>
      <t>3500</t>
    </point>
    <point>
      <x>0.69</x>
      <y>0.32333332</y>
      <w>0.72140765</w>
      <t>3500</t>
    </point>
    <point>
      <x>0.69166666</x>
      <y>0.325</y>
      <w>0.7380254</w>
      <t>3533</t>
    </point>
    <point>
      <x>0.69166666</x>
      <y>0.32666665</y>
      <w>0.7380254</w>
      <t>3533</t>
    </point>
    <point>
      <x>0.6933333</x>
      <y>0.32666665</y>
      <w>0.7380254</w>
      <t>3533</t>
    </point>
    <point>
      <x>0.6933333</x>
      <y>0.32833335</y>
      <w>0.7380254</w>
      <t>3533</t>
    </point>
    <point>
      <x>0.695</x>
      <y>0.33</y>
      <w>0.7438905</w>
      <t>3567</t>
    </point>
    <point>
      <x>0.695</x>
      <y>0.33166668</y>
      <w>0.7438905</w>
      <t>3567</t>
    </point>
    <point>
      <x>0.69666666</x>
      <y>0.33333334</y>
      <w>0.7438905</w>
      <t>3567</t>
    </point>
    <point>
      <x>0.69666666</x>
      <y>0.335</y>
      <w>0.7487781</w>
      <t>3600</t>
    </point>
    <point>
      <x>0.6983333</x>
      <y>0.33666667</y>
      <w>0.7487781</w>
      <t>3600</t>
    </point>
    <point>
      <x>0.6983333</x>
      <y>0.33833334</y>
      <w>0.7487781</w>
      <t>3600</t>
    </point>
    <point>
      <x>0.7</x>
      <y>0.33833334</y>
      <w>0.7487781</w>
      <t>3600</t>
    </point>
    <point>
      <x>0.7</x>
      <y>0.34</y>
      <w>0.7487781</w>
      <t>3633</t>
    </point>
    <point>
      <x>0.7</x>
      <y>0.34166667</y>
      <w>0.7487781</w>
      <t>3633</t>
    </point>
    <point>
      <x>0.70166665</x>
      <y>0.34333333</y>
      <w>0.7487781</w>
      <t>3633</t>
    </point>
    <point>
      <x>0.70166665</x>
      <y>0.345</y>
      <w>0.7497556</w>
      <t>3666</t>
    </point>
    <point>
      <x>0.70166665</x>
      <y>0.34666666</y>
      <w>0.7497556</w>
      <t>3666</t>
    </point>
    <point>
      <x>0.70166665</x>
      <y>0.34833333</y>
      <w>0.7497556</w>
      <t>3666</t>
    </point>
    <point>
      <x>0.70166665</x>
      <y>0.35</y>
      <w>0.7497556</w>
      <t>3700</t>
    </point>
    <point>
      <x>0.70166665</x>
      <y>0.35166666</y>
      <w>0.7497556</w>
      <t>3700</t>
    </point>
    <point>
      <x>0.70166665</x>
      <y>0.35333332</y>
      <w>0.7497556</w>
      <t>3700</t>
    </point>
    <point>
      <x>0.70166665</x>
      <y>0.355</y>
      <w>0.7478006</w>
      <t>3733</t>
    </point>
    <point>
      <x>0.70166665</x>
      <y>0.35666665</y>
      <w>0.7478006</w>
      <t>3733</t>
    </point>
    <point>
      <x>0.70166665</x>
      <y>0.35833332</y>
      <w>0.7478006</w>
      <t>3733</t>
    </point>
    <point>
      <x>0.70166665</x>
      <y>0.36</y>
      <w>0.7478006</w>
      <t>3733</t>
    </point>
    <point>
      <x>0.7</x>
      <y>0.36</y>
      <w>0.7478006</w>
      <t>3767</t>
    </point>
    <point>
      <x>0.7</x>
      <y>0.36166668</y>
      <w>0.7478006</w>
      <t>3767</t>
    </point>
    <point>
      <x>0.7</x>
      <y>0.36333334</y>
      <w>0.7478006</w>
      <t>3767</t>
    </point>
    <point>
      <x>0.7</x>
      <y>0.365</y>
      <w>0.7370479</w>
      <t>3800</t>
    </point>
    <point>
      <x>0.6983333</x>
      <y>0.365</y>
      <w>0.7370479</w>
      <t>3800</t>
    </point>
    <point>
      <x>0.6983333</x>
      <y>0.36666667</y>
      <w>0.7370479</w>
      <t>3800</t>
    </point>
    <point>
      <x>0.69666666</x>
      <y>0.36833334</y>
      <w>0.6803519</w>
      <t>3834</t>
    </point>
    <point>
      <x>0.695</x>
      <y>0.37</y>
      <w>0.6803519</w>
      <t>3834</t>
    </point>
    <point>
      <x>0.695</x>
      <y>0.37166667</y>
      <w>0.6803519</w>
      <t>3834</t>
    </point>
    <point>
      <x>0.6933333</x>
      <y>0.37333333</y>
      <w>0.6803519</w>
      <t>3834</t>
    </point>
    <point>
      <x>0.69166666</x>
      <y>0.375</y>
      <w>0.6803519</w>
      <t>3834</t>
    </point>
    <point>
      <x>0.69</x>
      <y>0.37666667</y>
      <w>0.6412512</w>
      <t>3867</t>
    </point>
    <point>
      <x>0.68833333</x>
      <y>0.37833333</y>
      <w>0.6412512</w>
      <t>3867</t>
    </point>
    <point>
      <x>0.68666667</x>
      <y>0.37833333</y>
      <w>0.6412512</w>
      <t>3867</t>
    </point>
    <point>
      <x>0.685</x>
      <y>0.38</y>
      <w>0.6412512</w>
      <t>3867</t>
    </point>
    <point>
      <x>0.68333334</x>
      <y>0.38166666</y>
      <w>0.59237534</w>
      <t>3900</t>
    </point>
    <point>
      <x>0.6816667</x>
      <y>0.38333333</y>
      <w>0.59237534</w>
      <t>3900</t>
    </point>
    <point>
      <x>0.68</x>
      <y>0.38333333</y>
      <w>0.59237534</w>
      <t>3900</t>
    </point>
    <point>
      <x>0.6766667</x>
      <y>0.385</y>
      <w>0.59237534</w>
      <t>3900</t>
    </point>
    <point>
      <x>0.675</x>
      <y>0.38666666</y>
      <w>0.4975562</w>
      <t>3933</t>
    </point>
    <point>
      <x>0.6716667</x>
      <y>0.38833332</y>
      <w>0.4975562</w>
      <t>3933</t>
    </point>
    <point>
      <x>0.66833335</x>
      <y>0.39</y>
      <w>0.4975562</w>
      <t>3933</t>
    </point>
    <point>
      <x>0.6666667</x>
      <y>0.39166668</y>
      <w>0.4975562</w>
      <t>3933</t>
    </point>
    <point>
      <x>0.66333336</x>
      <y>0.39333335</y>
      <w>0.4975562</w>
      <t>3933</t>
    </point>
    <point>
      <x>0.6616667</x>
      <y>0.395</y>
      <w>0.45845553</w>
      <t>3967</t>
    </point>
    <point>
      <x>0.65833336</x>
      <y>0.395</y>
      <w>0.45845553</w>
      <t>3967</t>
    </point>
    <point>
      <x>0.655</x>
      <y>0.39666668</y>
      <w>0.45845553</w>
      <t>3967</t>
    </point>
    <point>
      <x>0.65166664</x>
      <y>0.39833334</y>
      <w>0.45845553</w>
      <t>3967</t>
    </point>
    <point>
      <x>0.65</x>
      <y>0.39833334</y>
      <w>0.31280547</w>
      <t>4000</t>
    </point>
    <point>
      <x>0.64666665</x>
      <y>0.4</y>
      <w>0.31280547</w>
      <t>4000</t>
    </point>
    <point>
      <x>0.6433333</x>
      <y>0.40166667</y>
      <w>0.31280547</w>
      <t>4000</t>
    </point>
    <point>
      <x>0.64</x>
      <y>0.40166667</y>
      <w>0.31280547</w>
      <t>4000</t>
    </point>
    <point>
      <x>0.63666666</x>
      <y>0.40333334</y>
      <w>0.31280547</w>
      <t>4000</t>
    </point>
    <point>
      <x>0.6333333</x>
      <y>0.405</y>
      <w>0.16129032</w>
      <t>4033</t>
    </point>
    <point>
      <x>0.63</x>
      <y>0.40666667</y>
      <w>0.16129032</w>
      <t>4033</t>
    </point>
    <point>
      <x>0.62666667</x>
      <y>0.40666667</y>
      <w>0.16129032</w>
      <t>4033</t>
    </point>
    <point>
      <x>0.62333333</x>
      <y>0.40833333</y>
      <w>0.16129032</w>
      <t>4033</t>
    </point>
    <point>
      <x>0.62</x>
      <y>0.40833333</y>
      <w>0.0</w>
      <t>4067</t>
    </point>
  </stroke>
  <stroke time="5466">
    <point>
      <x>0.415</x>
      <y>0.44833332</y>
      <w>0.025415445</w>
      <t>5466</t>
    </point>
    <point>
      <x>0.41666666</x>
      <y>0.44833332</y>
      <w>0.025415445</w>
      <t>5466</t>
    </point>
    <point>
      <x>0.41833332</x>
      <y>0.44833332</y>
      <w>0.14858261</w>
      <t>5500</t>
    </point>
    <point>
      <x>0.41833332</x>
      <y>0.45</y>
      <w>0.14858261</w>
      <t>5500</t>
    </point>
    <point>
      <x>0.42</x>
      <y>0.45</y>
      <w>0.14858261</w>
      <t>5500</t>
    </point>
    <point>
      <x>0.42166665</x>
      <y>0.45166665</y>
      <w>0.14858261</w>
      <t>5500</t>
    </point>
    <point>
      <x>0.42333335</x>
      <y>0.45166665</y>
      <w>0.31280547</w>
      <t>5533</t>
    </point>
    <point>
      <x>0.425</x>
      <y>0.45333335</y>
      <w>0.31280547</w>
      <t>5533</t>
    </point>
    <point>
      <x>0.42666668</x>
      <y>0.45333335</y>
      <w>0.31280547</w>
      <t>5533</t>
    </point>
    <point>
      <x>0.42833334</x>
      <y>0.45333335</y>
      <w>0.40078202</w>
      <t>5567</t>
    </point>
    <point>
      <x>0.43</x>
      <y>0.455</y>
      <w>0.40078202</w>
      <t>5567</t>
    </point>
    <point>
      <x>0.43166667</x>
      <y>0.455</y>
      <w>0.40078202</w>
      <t>5567</t>
    </point>
    <point>
      <x>0.43333334</x>
      <y>0.45666668</y>
      <w>0.40078202</w>
      <t>5567</t>
    </point>
    <point>
      <x>0.435</x>
      <y>0.45666668</y>
      <w>0.40078202</w>
      <t>5567</t>
    </point>
    <point>
      <x>0.43666667</x>
      <y>0.45833334</y>
      <w>0.5278592</w>
      <t>5600</t>
    </point>
    <point>
      <x>0.44</x>
      <y>0.45833334</y>
      <w>0.5278592</w>
      <t>5600</t>
    </point>
    <point>
      <x>0.44166666</x>
      <y>0.46</y>
      <w>0.5278592</w>
      <t>5600</t>
    </point>
    <point>
      <x>0.44333333</x>
      <y>0.46166667</y>
      <w>0.5278592</w>
      <t>5600</t>
    </point>
    <point>
      <x>0.445</x>
      <y>0.46333334</y>
      <w>0.59237534</w>
      <t>5633</t>
    </point>
    <point>
      <x>0.44666666</x>
      <y>0.46333334</y>
      <w>0.59237534</w>
      <t>5633</t>
    </point>
    <point>
      <x>0.44833332</x>
      <y>0.465</y>
      <w>0.59237534</w>
      <t>5633</t>
    </point>
    <point>
      <x>0.45166665</x>
      <y>0.46666667</y>
      <w>0.59237534</w>
      <t>5633</t>
    </point>
    <point>
      <x>0.45333335</x>
      <y>0.46833333</y>
      <w>0.6285435</w>
      <t>5667</t>
    </point>
    <point>
      <x>0.45666668</x>
      <y>0.46833333</y>
      <w>0.6285435</w>
      <t>5667</t>
    </point>
    <point>
      <x>0.45833334</x>
      <y>0.47</y>
      <w>0.6285435</w>
      <t>5667</t>
    </point>
    <point>
      <x>0.46166667</x>
      <y>0.47166666</y>
      <w>0.6285435</w>
      <t>5667</t>
    </point>
    <point>
      <x>0.46333334</x>
      <y>0.47166666</y>
      <w>0.6285435</w>
      <t>5667</t>
    </point>
    <point>
      <x>0.465</x>
      <y>0.47333333</y>
      <w>0.66471165</w>
      <t>5700</t>
    </point>
    <point>
      <x>0.46666667</x>
      <y>0.47333333</y>
      <w>0.66471165</w>
      <t>5700</t>
    </point>
    <point>
      <x>0.46833333</x>
      <y>0.475</y>
      <w>0.66471165</w>
      <t>5700</t>
    </point>
    <point>
      <x>0.47</x>
      <y>0.475</y>
      <w>0.66471165</w>
      <t>5700</t>
    </point>
    <point>
      <x>0.47166666</x>
      <y>0.47666666</y>
      <w>0.6803519</w>
      <t>5733</t>
    </point>
    <point>
      <x>0.47333333</x>
      <y>0.47666666</y>
      <w>0.6803519</w>
      <t>5733</t>
    </point>
    <point>
      <x>0.47333333</x>
      <y>0.47833332</y>
      <w>0.6803519</w>
      <t>5733</t>
    </point>
    <point>
      <x>0.475</x>
      <y>0.47833332</y>
      <w>0.6803519</w>
      <t>5733</t>
    </point>
    <point>
      <x>0.475</x>
      <y>0.48</y>
      <w>0.6920821</w>
      <t>5767</t>
    </point>
    <point>
      <x>0.47666666</x>
      <y>0.48</y>
      <w>0.6920821</w>
      <t>5767</t>
    </point>
    <point>
      <x>0.47666666</x>
      <y>0.48166665</y>
      <w>0.6920821</w>
      <t>5767</t>
    </point>
    <point>
      <x>0.47666666</x>
      <y>0.48333332</y>
      <w>0.7028348</w>
      <t>5800</t>
    </point>
    <point>
      <x>0.47833332</x>
      <y>0.48333332</y>
      <w>0.7028348</w>
      <t>5800</t>
    </point>
    <point>
      <x>0.47833332</x>
      <y>0.485</y>
      <w>0.7028348</w>
      <t>5800</t>
    </point>
    <point>
      <x>0.47833332</x>
      <y>0.48666668</y>
      <w>0.70772237</w>
      <t>5833</t>
    </point>
    <point>
      <x>0.47833332</x>
      <y>0.48833334</y>
      <w>0.70772237</w>
      <t>5833</t>
    </point>
    <point>
      <x>0.47833332</x>
      <y>0.49</y>
      <w>0.70674485</w>
      <t>5866</t>
    </point>
    <point>
      <x>0.47666666</x>
      <y>0.49166667</y>
      <w>0.70674485</w>
      <t>5866</t>
    </point>
    <point>
      <x>0.47666666</x>
      <y>0.49333334</y>
      <w>0.70772237</w>
      <t>5899</t>
    </point>
    <point>
      <x>0.47666666</x>
      <y>0.495</y>
      <w>0.70772237</w>
      <t>5899</t>
    </point>
    <point>
      <x>0.475</x>
      <y>0.495</y>
      <w>0.70772237</w>
      <t>5899</t>
    </point>
    <point>
      <x>0.475</x>
      <y>0.49666667</y>
      <w>0.70772237</w>
      <t>5899</t>
    </point>
    <point>
      <x>0.475</x>
      <y>0.49833333</y>
      <w>0.6871945</w>
      <t>5933</t>
    </point>
    <point>
      <x>0.47333333</x>
      <y>0.5</y>
      <w>0.6871945</w>
      <t>5933</t>
    </point>
    <point>
      <x>0.47333333</x>
      <y>0.50166667</y>
      <w>0.65786904</w>
      <t>5967</t>
    </point>
    <point>
      <x>0.47166666</x>
      <y>0.50333333</y>
      <w>0.65786904</w>
      <t>5967</t>
    </point>
    <point>
      <x>0.47166666</x>
      <y>0.505</y>
      <w>0.65786904</w>
      <t>5967</t>
    </point>
    <point>
      <x>0.47</x>
      <y>0.505</y>
      <w>0.65786904</w>
      <t>5967</t>
    </point>
    <point>
      <x>0.47</x>
      <y>0.50666666</y>
      <w>0.65786904</w>
      <t>5967</t>
    </point>
    <point>
      <x>0.46833333</x>
      <y>0.5083333</y>
      <w>0.58064514</w>
      <t>6000</t>
    </point>
    <point>
      <x>0.46666667</x>
      <y>0.51</y>
      <w>0.58064514</w>
      <t>6000</t>
    </point>
    <point>
      <x>0.465</x>
      <y>0.51166666</y>
      <w>0.58064514</w>
      <t>6000</t>
    </point>
    <point>
      <x>0.46333334</x>
      <y>0.51166666</y>
      <w>0.5210166</w>
      <t>6033</t>
    </point>
    <point>
      <x>0.46166667</x>
      <y>0.5133333</y>
      <w>0.5210166</w>
      <t>6033</t>
    </point>
    <point>
      <x>0.46</x>
      <y>0.515</y>
      <w>0.5210166</w>
      <t>6033</t>
    </point>
    <point>
      <x>0.45833334</x>
      <y>0.51666665</y>
      <w>0.5210166</w>
      <t>6033</t>
    </point>
    <point>
      <x>0.45666668</x>
      <y>0.5183333</y>
      <w>0.5210166</w>
      <t>6033</t>
    </point>
    <point>
      <x>0.455</x>
      <y>0.52</y>
      <w>0.45552298</w>
      <t>6066</t>
    </point>
    <point>
      <x>0.45333335</x>
      <y>0.52166665</y>
      <w>0.45552298</w>
      <t>6066</t>
    </point>
    <point>
      <x>0.45166665</x>
      <y>0.5233333</y>
      <w>0.45552298</w>
      <t>6066</t>
    </point>
    <point>
      <x>0.44833332</x>
      <y>0.525</y>
      <w>0.45552298</w>
      <t>6066</t>
    </point>
    <point>
      <x>0.44666666</x>
      <y>0.52666664</y>
      <w>0.29521015</w>
      <t>6100</t>
    </point>
    <point>
      <x>0.44333333</x>
      <y>0.5283333</y>
      <w>0.29521015</w>
      <t>6100</t>
    </point>
    <point>
      <x>0.44</x>
      <y>0.5316667</y>
      <w>0.29521015</w>
      <t>6100</t>
    </point>
    <point>
      <x>0.43666667</x>
      <y>0.53333336</y>
      <w>0.29521015</w>
      <t>6100</t>
    </point>
    <point>
      <x>0.43333334</x>
      <y>0.5366667</y>
      <w>0.29521015</w>
      <t>6100</t>
    </point>
    <point>
      <x>0.43</x>
      <y>0.54</y>
      <w>0.04398827</w>
      <t>6133</t>
    </point>
    <point>
      <x>0.42666668</x>
      <y>0.54333335</y>
      <w>0.04398827</w>
      <t>6133</t>
    </point>
    <point>
      <x>0.42333335</x>
      <y>0.545</y>
      <w>0.04398827</w>
      <t>6133</t>
    </point>
  </stroke>
  <stroke time="7466">
    <point>
      <x>0.38166666</x>
      <y>0.625</y>
      <w>0.07331378</w>
      <t>7466</t>
    </point>
    <point>
      <x>0.38166666</x>
      <y>0.62666667</y>
      <w>0.07331378</w>
      <t>7466</t>
    </point>
    <point>
      <x>0.38166666</x>
      <y>0.62833333</y>
      <w>0.22873901</w>
      <t>7500</t>
    </point>
    <point>
      <x>0.38333333</x>
      <y>0.63</y>
      <w>0.22873901</w>
      <t>7500</t>
    </point>
    <point>
      <x>0.38333333</x>
      <y>0.63166666</y>
      <w>0.22873901</w>
      <t>7500</t>
    </point>
    <point>
      <x>0.385</x>
      <y>0.6333333</y>
      <w>0.35679373</w>
      <t>7533</t>
    </point>
    <point>
      <x>0.38666666</x>
      <y>0.635</y>
      <w>0.35679373</w>
      <t>7533</t>
    </point>
    <point>
      <x>0.38833332</x>
      <y>0.635</y>
      <w>0.35679373</w>
      <t>7533</t>
    </point>
    <point>
      <x>0.39</x>
      <y>0.63666666</y>
      <w>0.4398827</w>
      <t>7567</t>
    </point>
    <point>
      <x>0.39166668</x>
      <y>0.6383333</y>
      <w>0.4398827</w>
      <t>7567</t>
    </point>
    <point>
      <x>0.39333335</x>
      <y>0.6383333</y>
      <w>0.4398827</w>
      <t>7567</t>
    </point>
    <point>
      <x>0.395</x>
      <y>0.64</y>
      <w>0.52492666</w>
      <t>7600</t>
    </point>
    <point>
      <x>0.39666668</x>
      <y>0.64</y>
      <w>0.52492666</w>
      <t>7600</t>
    </point>
    <point>
      <x>0.39833334</x>
      <y>0.64166665</y>
      <w>0.52492666</w>
      <t>7600</t>
    </point>
    <point>
      <x>0.4</x>
      <y>0.64166665</y>
      <w>0.52492666</w>
      <t>7600</t>
    </point>
    <point>
      <x>0.40166667</x>
      <y>0.6433333</y>
      <w>0.5493646</w>
      <t>7633</t>
    </point>
    <point>
      <x>0.40333334</x>
      <y>0.6433333</y>
      <w>0.5493646</w>
      <t>7633</t>
    </point>
    <point>
      <x>0.405</x>
      <y>0.6433333</y>
      <w>0.5493646</w>
      <t>7633</t>
    </point>
    <point>
      <x>0.40666667</x>
      <y>0.6433333</y>
      <w>0.56989247</w>
      <t>7667</t>
    </point>
    <point>
      <x>0.40833333</x>
      <y>0.6433333</y>
      <w>0.56989247</w>
      <t>7667</t>
    </point>
    <point>
      <x>0.41</x>
      <y>0.645</y>
      <w>0.56989247</w>
      <t>7667</t>
    </point>
    <point>
      <x>0.41166666</x>
      <y>0.645</y>
      <w>0.58651024</w>
      <t>7700</t>
    </point>
    <point>
      <x>0.41333333</x>
      <y>0.645</y>
      <w>0.58651024</w>
      <t>7700</t>
    </point>
    <point>
      <x>0.41666666</x>
      <y>0.645</y>
      <w>0.58651024</w>
      <t>7700</t>
    </point>
    <point>
      <x>0.41833332</x>
      <y>0.645</y>
      <w>0.58651024</w>
      <t>7700</t>
    </point>
    <point>
      <x>0.42166665</x>
      <y>0.645</y>
      <w>0.6041056</w>
      <t>7733</t>
    </point>
    <point>
      <x>0.42333335</x>
      <y>0.645</y>
      <w>0.6041056</w>
      <t>7733</t>
    </point>
    <point>
      <x>0.42666668</x>
      <y>0.645</y>
      <w>0.6041056</w>
      <t>7733</t>
    </point>
    <point>
      <x>0.42833334</x>
      <y>0.64666665</y>
      <w>0.6041056</w>
      <t>7733</t>
    </point>
    <point>
      <x>0.43166667</x>
      <y>0.64666665</y>
      <w>0.6099707</w>
      <t>7767</t>
    </point>
    <point>
      <x>0.43333334</x>
      <y>0.64666665</y>
      <w>0.6099707</w>
      <t>7767</t>
    </point>
    <point>
      <x>0.435</x>
      <y>0.64666665</y>
      <w>0.6099707</w>
      <t>7767</t>
    </point>
    <point>
      <x>0.43833333</x>
      <y>0.64666665</y>
      <w>0.6099707</w>
      <t>7767</t>
    </point>
    <point>
      <x>0.44</x>
      <y>0.64666665</y>
      <w>0.6099707</w>
      <t>7767</t>
    </point>
    <point>
      <x>0.44333333</x>
      <y>0.6483333</y>
      <w>0.61485827</w>
      <t>7800</t>
    </point>
    <point>
      <x>0.445</x>
      <y>0.6483333</y>
      <w>0.61485827</w>
      <t>7800</t>
    </point>
    <point>
      <x>0.44833332</x>
      <y>0.6483333</y>
      <w>0.61485827</w>
      <t>7800</t>
    </point>
    <point>
      <x>0.45</x>
      <y>0.6483333</y>
      <w>0.61485827</w>
      <t>7800</t>
    </point>
    <point>
      <x>0.45166665</x>
      <y>0.65</y>
      <w>0.6285435</w>
      <t>7833</t>
    </point>
    <point>
      <x>0.45333335</x>
      <y>0.65</y>
      <w>0.6285435</w>
      <t>7833</t>
    </point>
    <point>
      <x>0.455</x>
      <y>0.65</y>
      <w>0.6285435</w>
      <t>7833</t>
    </point>
    <point>
      <x>0.45666668</x>
      <y>0.65166664</y>
      <w>0.6285435</w>
      <t>7833</t>
    </point>
    <point>
      <x>0.45833334</x>
      <y>0.65166664</y>
      <w>0.6402737</w>
      <t>7866</t>
    </point>
    <point>
      <x>0.46166667</x>
      <y>0.6533333</y>
      <w>0.6402737</w>
      <t>7866</t>
    </point>
    <point>
      <x>0.46333334</x>
      <y>0.655</y>
      <w>0.6402737</w>
      <t>7866</t>
    </point>
    <point>
      <x>0.465</x>
      <y>0.655</y>
      <w>0.6402737</w>
      <t>7866</t>
    </point>
    <point>
      <x>0.46833333</x>
      <y>0.6566667</y>
      <w>0.6451613</w>
      <t>7900</t>
    </point>
    <point>
      <x>0.47</x>
      <y>0.6566667</y>
      <w>0.6451613</w>
      <t>7900</t>
    </point>
    <point>
      <x>0.47166666</x>
      <y>0.6566667</y>
      <w>0.6451613</w>
      <t>7900</t>
    </point>
    <point>
      <x>0.47166666</x>
      <y>0.65833336</y>
      <w>0.6451613</w>
      <t>7900</t>
    </point>
    <point>
      <x>0.47333333</x>
      <y>0.65833336</y>
      <w>0.6451613</w>
      <t>7900</t>
    </point>
    <point>
      <x>0.475</x>
      <y>0.66</y>
      <w>0.64907134</w>
      <t>7933</t>
    </point>
    <point>
      <x>0.47666666</x>
      <y>0.6616667</y>
      <w>0.64907134</w>
      <t>7933</t>
    </point>
    <point>
      <x>0.47833332</x>
      <y>0.66333336</y>
      <w>0.64907134</w>
      <t>7933</t>
    </point>
    <point>
      <x>0.47833332</x>
      <y>0.665</y>
      <w>0.6793744</w>
      <t>7967</t>
    </point>
    <point>
      <x>0.48</x>
      <y>0.665</y>
      <w>0.6793744</w>
      <t>7967</t>
    </point>
    <point>
      <x>0.48166665</x>
      <y>0.6666667</y>
      <w>0.6793744</w>
      <t>7967</t>
    </point>
    <point>
      <x>0.48166665</x>
      <y>0.66833335</y>
      <w>0.6793744</w>
      <t>7967</t>
    </point>
    <point>
      <x>0.48333332</x>
      <y>0.67</y>
      <w>0.6793744</w>
      <t>7967</t>
    </point>
    <point>
      <x>0.48333332</x>
      <y>0.67333335</y>
      <w>0.70772237</w>
      <t>8000</t>
    </point>
    <point>
      <x>0.485</x>
      <y>0.67333335</y>
      <w>0.70772237</w>
      <t>8000</t>
    </point>
    <point>
      <x>0.485</x>
      <y>0.675</y>
      <w>0.70772237</w>
      <t>8000</t>
    </point>
    <point>
      <x>0.48666668</x>
      <y>0.6766667</y>
      <w>0.70772237</w>
      <t>8000</t>
    </point>
    <point>
      <x>0.48666668</x>
      <y>0.67833334</y>
      <w>0.71260995</w>
      <t>8034</t>
    </point>
    <point>
      <x>0.48666668</x>
      <y>0.6816667</y>
      <w>0.71260995</w>
      <t>8034</t>
    </point>
    <point>
      <x>0.48666668</x>
      <y>0.68333334</y>
      <w>0.71260995</w>
      <t>8034</t>
    </point>
    <point>
      <x>0.48833334</x>
      <y>0.685</y>
      <w>0.71260995</w>
      <t>8034</t>
    </point>
    <point>
      <x>0.48833334</x>
      <y>0.68666667</y>
      <w>0.71260995</w>
      <t>8034</t>
    </point>
    <point>
      <x>0.48833334</x>
      <y>0.69</y>
      <w>0.72043014</w>
      <t>8067</t>
    </point>
    <point>
      <x>0.48833334</x>
      <y>0.69166666</y>
      <w>0.72043014</w>
      <t>8067</t>
    </point>
    <point>
      <x>0.48833334</x>
      <y>0.695</y>
      <w>0.72043014</w>
      <t>8067</t>
    </point>
    <point>
      <x>0.48833334</x>
      <y>0.6983333</y>
      <w>0.72043014</w>
      <t>8067</t>
    </point>
    <point>
      <x>0.48833334</x>
      <y>0.7</y>
      <w>0.72825027</w>
      <t>8100</t>
    </point>
    <point>
      <x>0.48833334</x>
      <y>0.7033333</y>
      <w>0.72825027</w>
      <t>8100</t>
    </point>
    <point>
      <x>0.48833334</x>
      <y>0.70666665</y>
      <w>0.72825027</w>
      <t>8100</t>
    </point>
    <point>
      <x>0.48833334</x>
      <y>0.7083333</y>
      <w>0.72825027</w>
      <t>8100</t>
    </point>
    <point>
      <x>0.48833334</x>
      <y>0.71166664</y>
      <w>0.7380254</w>
      <t>8133</t>
    </point>
    <point>
      <x>0.48833334</x>
      <y>0.7133333</y>
      <w>0.7380254</w>
      <t>8133</t>
    </point>
    <point>
      <x>0.49</x>
      <y>0.71666664</y>
      <w>0.7380254</w>
      <t>8133</t>
    </point>
    <point>
      <x>0.49</x>
      <y>0.7183333</y>
      <w>0.7380254</w>
      <t>8133</t>
    </point>
    <point>
      <x>0.49</x>
      <y>0.72</y>
      <w>0.7380254</w>
      <t>8133</t>
    </point>
    <point>
      <x>0.49</x>
      <y>0.72333336</y>
      <w>0.74486804</w>
      <t>8167</t>
    </point>
    <point>
      <x>0.49</x>
      <y>0.725</y>
      <w>0.74486804</w>
      <t>8167</t>
    </point>
    <point>
      <x>0.49</x>
      <y>0.7266667</y>
      <w>0.74486804</w>
      <t>8167</t>
    </point>
    <point>
      <x>0.49</x>
      <y>0.72833335</y>
      <w>0.74486804</w>
      <t>8167</t>
    </point>
    <point>
      <x>0.49</x>
      <y>0.73</y>
      <w>0.7468231</w>
      <t>8200</t>
    </point>
    <point>
      <x>0.49</x>
      <y>0.73333335</y>
      <w>0.7468231</w>
      <t>8200</t>
    </point>
    <point>
      <x>0.49166667</x>
      <y>0.735</y>
      <w>0.7468231</w>
      <t>8200</t>
    </point>
    <point>
      <x>0.49166667</x>
      <y>0.7366667</y>
      <w>0.7468231</w>
      <t>8200</t>
    </point>
    <point>
      <x>0.49166667</x>
      <y>0.74</y>
      <w>0.7468231</w>
      <t>8200</t>
    </point>
    <point>
      <x>0.49166667</x>
      <y>0.7416667</y>
      <w>0.74584556</w>
      <t>8233</t>
    </point>
    <point>
      <x>0.49166667</x>
      <y>0.74333334</y>
      <w>0.74584556</w>
      <t>8233</t>
    </point>
    <point>
      <x>0.49333334</x>
      <y>0.745</y>
      <w>0.74584556</w>
      <t>8233</t>
    </point>
    <point>
      <x>0.49333334</x>
      <y>0.74666667</y>
      <w>0.74584556</w>
      <t>8233</t>
    </point>
    <point>
      <x>0.49333334</x>
      <y>0.74833333</y>
      <w>0.7468231</w>
      <t>8267</t>
    </point>
    <point>
      <x>0.495</x>
      <y>0.75</y>
      <w>0.7468231</w>
      <t>8267</t>
    </point>
    <point>
      <x>0.495</x>
      <y>0.75166667</y>
      <w>0.7468231</w>
      <t>8267</t>
    </point>
    <point>
      <x>0.495</x>
      <y>0.75333333</y>
      <w>0.7468231</w>
      <t>8267</t>
    </point>
    <point>
      <x>0.49666667</x>
      <y>0.75333333</y>
      <w>0.7468231</w>
      <t>8267</t>
    </point>
    <point>
      <x>0.49666667</x>
      <y>0.755</y>
      <w>0.74584556</w>
      <t>8300</t>
    </point>
    <point>
      <x>0.49833333</x>
      <y>0.75666666</y>
      <w>0.74584556</w>
      <t>8300</t>
    </point>
    <point>
      <x>0.49833333</x>
      <y>0.7583333</y>
      <w>0.74486804</w>
      <t>8333</t>
    </point>
    <point>
      <x>0.5</x>
      <y>0.7583333</y>
      <w>0.74486804</w>
      <t>8333</t>
    </point>
    <point>
      <x>0.5</x>
      <y>0.76</y>
      <w>0.74486804</w>
      <t>8333</t>
    </point>
    <point>
      <x>0.50166667</x>
      <y>0.76</y>
      <w>0.74486804</w>
      <t>8333</t>
    </point>
    <point>
      <x>0.50166667</x>
      <y>0.76166666</y>
      <w>0.7438905</w>
      <t>8367</t>
    </point>
    <point>
      <x>0.50333333</x>
      <y>0.76166666</y>
      <w>0.7438905</w>
      <t>8367</t>
    </point>
    <point>
      <x>0.505</x>
      <y>0.7633333</y>
      <w>0.7438905</w>
      <t>8367</t>
    </point>
    <point>
      <x>0.505</x>
      <y>0.765</y>
      <w>0.7438905</w>
      <t>8367</t>
    </point>
    <point>
      <x>0.50666666</x>
      <y>0.765</y>
      <w>0.7438905</w>
      <t>8367</t>
    </point>
    <point>
      <x>0.5083333</x>
      <y>0.76666665</y>
      <w>0.7419355</w>
      <t>8400</t>
    </point>
    <point>
      <x>0.51</x>
      <y>0.76666665</y>
      <w>0.7419355</w>
      <t>8400</t>
    </point>
    <point>
      <x>0.51166666</x>
      <y>0.7683333</y>
      <w>0.7419355</w>
      <t>8400</t>
    </point>
    <point>
      <x>0.5133333</x>
      <y>0.7683333</y>
      <w>0.742913</w>
      <t>8433</t>
    </point>
    <point>
      <x>0.515</x>
      <y>0.77</y>
      <w>0.742913</w>
      <t>8433</t>
    </point>
    <point>
      <x>0.51666665</x>
      <y>0.77</y>
      <w>0.742913</w>
      <t>8433</t>
    </point>
    <point>
      <x>0.5183333</x>
      <y>0.77166665</y>
      <w>0.7419355</w>
      <t>8467</t>
    </point>
    <point>
      <x>0.52</x>
      <y>0.77166665</y>
      <w>0.7419355</w>
      <t>8467</t>
    </point>
    <point>
      <x>0.52166665</x>
      <y>0.77166665</y>
      <w>0.7419355</w>
      <t>8467</t>
    </point>
    <point>
      <x>0.525</x>
      <y>0.77166665</y>
      <w>0.73998046</w>
      <t>8500</t>
    </point>
    <point>
      <x>0.52666664</x>
      <y>0.77166665</y>
      <w>0.73998046</w>
      <t>8500</t>
    </point>
    <point>
      <x>0.5283333</x>
      <y>0.7733333</y>
      <w>0.73998046</w>
      <t>8500</t>
    </point>
    <point>
      <x>0.5316667</x>
      <y>0.7733333</y>
      <w>0.73998046</w>
      <t>8500</t>
    </point>
    <point>
      <x>0.53333336</x>
      <y>0.7733333</y>
      <w>0.73998046</w>
      <t>8500</t>
    </point>
    <point>
      <x>0.5366667</x>
      <y>0.7733333</y>
      <w>0.73998046</w>
      <t>8533</t>
    </point>
    <point>
      <x>0.53833336</x>
      <y>0.7733333</y>
      <w>0.73998046</w>
      <t>8533</t>
    </point>
    <point>
      <x>0.5416667</x>
      <y>0.7733333</y>
      <w>0.73998046</w>
      <t>8533</t>
    </point>
    <point>
      <x>0.54333335</x>
      <y>0.7733333</y>
      <w>0.73998046</w>
      <t>8533</t>
    </point>
    <point>
      <x>0.5466667</x>
      <y>0.7733333</y>
      <w>0.7174975</w>
      <t>8566</t>
    </point>
    <point>
      <x>0.54833335</x>
      <y>0.7733333</y>
      <w>0.7174975</w>
      <t>8566</t>
    </point>
    <point>
      <x>0.5516667</x>
      <y>0.7733333</y>
      <w>0.7174975</w>
      <t>8566</t>
    </point>
    <point>
      <x>0.555</x>
      <y>0.7733333</y>
      <w>0.7174975</w>
      <t>8566</t>
    </point>
    <point>
      <x>0.55833334</x>
      <y>0.7733333</y>
      <w>0.7174975</w>
      <t>8566</t>
    </point>
    <point>
      <x>0.56166667</x>
      <y>0.7733333</y>
      <w>0.69990224</w>
      <t>8600</t>
    </point>
    <point>
      <x>0.565</x>
      <y>0.7733333</y>
      <w>0.69990224</w>
      <t>8600</t>
    </point>
    <point>
      <x>0.5683333</x>
      <y>0.77166665</y>
      <w>0.69990224</w>
      <t>8600</t>
    </point>
    <point>
      <x>0.57166666</x>
      <y>0.77166665</y>
      <w>0.69990224</w>
      <t>8600</t>
    </point>
    <point>
      <x>0.575</x>
      <y>0.77</y>
      <w>0.68817204</w>
      <t>8633</t>
    </point>
    <point>
      <x>0.58</x>
      <y>0.77</y>
      <w>0.68817204</w>
      <t>8633</t>
    </point>
    <point>
      <x>0.5833333</x>
      <y>0.7683333</y>
      <w>0.68817204</w>
      <t>8633</t>
    </point>
    <point>
      <x>0.5883333</x>
      <y>0.7683333</y>
      <w>0.68817204</w>
      <t>8633</t>
    </point>
    <point>
      <x>0.59166664</x>
      <y>0.76666665</y>
      <w>0.6666667</w>
      <t>8667</t>
    </point>
    <point>
      <x>0.5966667</x>
      <y>0.765</y>
      <w>0.6666667</w>
      <t>8667</t>
    </point>
    <point>
      <x>0.6</x>
      <y>0.7633333</y>
      <w>0.6666667</w>
      <t>8667</t>
    </point>
    <point>
      <x>0.605</x>
      <y>0.76166666</y>
      <w>0.6666667</w>
      <t>8667</t>
    </point>
    <point>
      <x>0.61</x>
      <y>0.76</y>
      <w>0.6666667</w>
      <t>8667</t>
    </point>
    <point>
      <x>0.61333334</x>
      <y>0.7583333</y>
      <w>0.61974585</w>
      <t>8700</t>
    </point>
    <point>
      <x>0.61833334</x>
      <y>0.7583333</y>
      <w>0.61974585</w>
      <t>8700</t>
    </point>
    <point>
      <x>0.62166667</x>
      <y>0.75666666</y>
      <w>0.61974585</w>
      <t>8700</t>
    </point>
    <point>
      <x>0.62666667</x>
      <y>0.755</y>
      <w>0.61974585</w>
      <t>8700</t>
    </point>
    <point>
      <x>0.63</x>
      <y>0.75333333</y>
      <w>0.60703814</w>
      <t>8733</t>
    </point>
    <point>
      <x>0.6333333</x>
      <y>0.75333333</y>
      <w>0.60703814</w>
      <t>8733</t>
    </point>
    <point>
      <x>0.63666666</x>
      <y>0.75166667</y>
      <w>0.60703814</w>
      <t>8733</t>
    </point>
    <point>
      <x>0.64</x>
      <y>0.75</y>
      <w>0.60703814</w>
      <t>8733</t>
    </point>
    <point>
      <x>0.64166665</x>
      <y>0.74833333</y>
      <w>0.60703814</w>
      <t>8733</t>
    </point>
    <point>
      <x>0.645</x>
      <y>0.74833333</y>
      <w>0.55620724</w>
      <t>8766</t>
    </point>
    <point>
      <x>0.64666665</x>
      <y>0.74666667</y>
      <w>0.55620724</w>
      <t>8766</t>
    </point>
    <point>
      <x>0.6483333</x>
      <y>0.745</y>
      <w>0.55620724</w>
      <t>8766</t>
    </point>
    <point>
      <x>0.65166664</x>
      <y>0.745</y>
      <w>0.55620724</w>
      <t>8766</t>
    </point>
    <point>
      <x>0.6533333</x>
      <y>0.74333334</y>
      <w>0.4750733</w>
      <t>8800</t>
    </point>
    <point>
      <x>0.655</x>
      <y>0.74333334</y>
      <w>0.4750733</w>
      <t>8800</t>
    </point>
  </stroke>
</character>
