<?xml version="1.0" encoding="UTF-8"?>
<character>
  <stroke time="0">
    <point>
      <x>0.27333334</x>
      <y>0.295</y>
      <w>0.18768328</w>
      <t>5</t>
    </point>
    <point>
      <x>0.275</x>
      <y>0.29666665</y>
      <w>0.45356795</w>
      <t>134</t>
    </point>
    <point>
      <x>0.27666667</x>
      <y>0.29833335</y>
      <w>0.45356795</w>
      <t>134</t>
    </point>
    <point>
      <x>0.27833334</x>
      <y>0.29833335</y>
      <w>0.45356795</w>
      <t>134</t>
    </point>
    <point>
      <x>0.28</x>
      <y>0.3</y>
      <w>0.48387095</w>
      <t>167</t>
    </point>
    <point>
      <x>0.28166667</x>
      <y>0.3</y>
      <w>0.48387095</w>
      <t>167</t>
    </point>
    <point>
      <x>0.28333333</x>
      <y>0.3</y>
      <w>0.48387095</w>
      <t>167</t>
    </point>
    <point>
      <x>0.285</x>
      <y>0.30166668</y>
      <w>0.48387095</w>
      <t>168</t>
    </point>
    <point>
      <x>0.28666666</x>
      <y>0.30166668</y>
      <w>0.48387095</w>
      <t>168</t>
    </point>
    <point>
      <x>0.28833333</x>
      <y>0.30166668</y>
      <w>0.49364614</w>
      <t>201</t>
    </point>
    <point>
      <x>0.29</x>
      <y>0.30166668</y>
      <w>0.49364614</w>
      <t>201</t>
    </point>
    <point>
      <x>0.29166666</x>
      <y>0.30166668</y>
      <w>0.49364614</w>
      <t>201</t>
    </point>
    <point>
      <x>0.29333332</x>
      <y>0.30166668</y>
      <w>0.49364614</w>
      <t>201</t>
    </point>
    <point>
      <x>0.295</x>
      <y>0.30166668</y>
      <w>0.50537634</w>
      <t>233</t>
    </point>
    <point>
      <x>0.29666665</x>
      <y>0.30166668</y>
      <w>0.50537634</w>
      <t>233</t>
    </point>
    <point>
      <x>0.29833335</x>
      <y>0.30166668</y>
      <w>0.50537634</w>
      <t>233</t>
    </point>
    <point>
      <x>0.3</x>
      <y>0.30166668</y>
      <w>0.51710653</w>
      <t>267</t>
    </point>
    <point>
      <x>0.30333334</x>
      <y>0.30166668</y>
      <w>0.51710653</w>
      <t>267</t>
    </point>
    <point>
      <x>0.30833334</x>
      <y>0.3</y>
      <w>0.51710653</w>
      <t>267</t>
    </point>
    <point>
      <x>0.31333333</x>
      <y>0.29833335</y>
      <w>0.51710653</w>
      <t>268</t>
    </point>
    <point>
      <x>0.32</x>
      <y>0.29666665</y>
      <w>0.51710653</w>
      <t>269</t>
    </point>
    <point>
      <x>0.32666665</x>
      <y>0.295</y>
      <w>0.52297163</w>
      <t>300</t>
    </point>
    <point>
      <x>0.33666667</x>
      <y>0.29333332</y>
      <w>0.52297163</w>
      <t>300</t>
    </point>
    <point>
      <x>0.345</x>
      <y>0.29166666</y>
      <w>0.52297163</w>
      <t>300</t>
    </point>
    <point>
      <x>0.355</x>
      <y>0.28833333</y>
      <w>0.52297163</w>
      <t>301</t>
    </point>
    <point>
      <x>0.365</x>
      <y>0.28666666</y>
      <w>0.52394915</w>
      <t>334</t>
    </point>
    <point>
      <x>0.37666667</x>
      <y>0.28333333</y>
      <w>0.52394915</w>
      <t>334</t>
    </point>
    <point>
      <x>0.38833332</x>
      <y>0.28166667</y>
      <w>0.52394915</w>
      <t>334</t>
    </point>
    <point>
      <x>0.40166667</x>
      <y>0.27833334</y>
      <w>0.52394915</w>
      <t>335</t>
    </point>
    <point>
      <x>0.415</x>
      <y>0.275</y>
      <w>0.52394915</w>
      <t>367</t>
    </point>
    <point>
      <x>0.42833334</x>
      <y>0.27333334</y>
      <w>0.52394915</w>
      <t>367</t>
    </point>
    <point>
      <x>0.445</x>
      <y>0.27</y>
      <w>0.52394915</w>
      <t>367</t>
    </point>
    <point>
      <x>0.46</x>
      <y>0.26833335</y>
      <w>0.52394915</w>
      <t>368</t>
    </point>
    <point>
      <x>0.47666666</x>
      <y>0.265</y>
      <w>0.52394915</w>
      <t>368</t>
    </point>
    <point>
      <x>0.49333334</x>
      <y>0.26333332</y>
      <w>0.52394915</w>
      <t>400</t>
    </point>
    <point>
      <x>0.51166666</x>
      <y>0.26</y>
      <w>0.52394915</w>
      <t>400</t>
    </point>
    <point>
      <x>0.5283333</x>
      <y>0.25833333</y>
      <w>0.52394915</w>
      <t>400</t>
    </point>
    <point>
      <x>0.5466667</x>
      <y>0.25666666</y>
      <w>0.52394915</w>
      <t>401</t>
    </point>
    <point>
      <x>0.56333333</x>
      <y>0.255</y>
      <w>0.52394915</w>
      <t>433</t>
    </point>
    <point>
      <x>0.58</x>
      <y>0.25333333</y>
      <w>0.52394915</w>
      <t>433</t>
    </point>
    <point>
      <x>0.5966667</x>
      <y>0.25166667</y>
      <w>0.52394915</w>
      <t>433</t>
    </point>
    <point>
      <x>0.6116667</x>
      <y>0.25166667</y>
      <w>0.52394915</w>
      <t>434</t>
    </point>
    <point>
      <x>0.62666667</x>
      <y>0.25</y>
      <w>0.52394915</w>
      <t>466</t>
    </point>
    <point>
      <x>0.64</x>
      <y>0.25</y>
      <w>0.52394915</w>
      <t>466</t>
    </point>
    <point>
      <x>0.65166664</x>
      <y>0.25</y>
      <w>0.52394915</w>
      <t>466</t>
    </point>
    <point>
      <x>0.66333336</x>
      <y>0.25</y>
      <w>0.52394915</w>
      <t>466</t>
    </point>
    <point>
      <x>0.6716667</x>
      <y>0.25</y>
      <w>0.52394915</w>
      <t>467</t>
    </point>
    <point>
      <x>0.67833334</x>
      <y>0.25</y>
      <w>0.52297163</w>
      <t>500</t>
    </point>
    <point>
      <x>0.68333334</x>
      <y>0.25</y>
      <w>0.52297163</w>
      <t>500</t>
    </point>
    <point>
      <x>0.68666667</x>
      <y>0.25</y>
      <w>0.52297163</w>
      <t>500</t>
    </point>
    <point>
      <x>0.69</x>
      <y>0.25</y>
      <w>0.52297163</w>
      <t>500</t>
    </point>
    <point>
      <x>0.69166666</x>
      <y>0.25166667</y>
      <w>0.52297163</w>
      <t>533</t>
    </point>
    <point>
      <x>0.6933333</x>
      <y>0.25166667</y>
      <w>0.52297163</w>
      <t>533</t>
    </point>
    <point>
      <x>0.69166666</x>
      <y>0.25166667</y>
      <w>0.26881722</w>
      <t>600</t>
    </point>
    <point>
      <x>0.68833333</x>
      <y>0.25</y>
      <w>0.26881722</w>
      <t>600</t>
    </point>
  </stroke>
  <stroke time="1134">
    <point>
      <x>0.395</x>
      <y>0.21666667</y>
      <w>0.13391985</w>
      <t>1134</t>
    </point>
    <point>
      <x>0.395</x>
      <y>0.21833333</y>
      <w>0.26881722</w>
      <t>1200</t>
    </point>
    <point>
      <x>0.395</x>
      <y>0.22</y>
      <w>0.26881722</w>
      <t>1200</t>
    </point>
    <point>
      <x>0.395</x>
      <y>0.22333333</y>
      <w>0.26881722</w>
      <t>1200</t>
    </point>
    <point>
      <x>0.395</x>
      <y>0.225</y>
      <w>0.26881722</w>
      <t>1200</t>
    </point>
    <point>
      <x>0.39666668</x>
      <y>0.22666667</y>
      <w>0.32453567</w>
      <t>1233</t>
    </point>
    <point>
      <x>0.39666668</x>
      <y>0.23</y>
      <w>0.32453567</w>
      <t>1233</t>
    </point>
    <point>
      <x>0.39833334</x>
      <y>0.235</y>
      <w>0.32453567</w>
      <t>1233</t>
    </point>
    <point>
      <x>0.4</x>
      <y>0.23833333</y>
      <w>0.32453567</w>
      <t>1233</t>
    </point>
    <point>
      <x>0.40166667</x>
      <y>0.24333334</y>
      <w>0.39589444</w>
      <t>1267</t>
    </point>
    <point>
      <x>0.40333334</x>
      <y>0.24666667</y>
      <w>0.39589444</w>
      <t>1267</t>
    </point>
    <point>
      <x>0.405</x>
      <y>0.25166667</y>
      <w>0.39589444</w>
      <t>1267</t>
    </point>
    <point>
      <x>0.405</x>
      <y>0.25666666</y>
      <w>0.39589444</w>
      <t>1267</t>
    </point>
    <point>
      <x>0.40833333</x>
      <y>0.26166666</y>
      <w>0.39589444</w>
      <t>1268</t>
    </point>
    <point>
      <x>0.41</x>
      <y>0.265</y>
      <w>0.4398827</w>
      <t>1300</t>
    </point>
    <point>
      <x>0.41166666</x>
      <y>0.27</y>
      <w>0.4398827</w>
      <t>1300</t>
    </point>
    <point>
      <x>0.41333333</x>
      <y>0.275</y>
      <w>0.4398827</w>
      <t>1300</t>
    </point>
    <point>
      <x>0.41666666</x>
      <y>0.27833334</y>
      <w>0.4398827</w>
      <t>1300</t>
    </point>
    <point>
      <x>0.41833332</x>
      <y>0.28333333</y>
      <w>0.4623656</w>
      <t>1334</t>
    </point>
    <point>
      <x>0.42166665</x>
      <y>0.28833333</y>
      <w>0.4623656</w>
      <t>1336</t>
    </point>
    <point>
      <x>0.42333335</x>
      <y>0.29166666</y>
      <w>0.4623656</w>
      <t>1336</t>
    </point>
    <point>
      <x>0.425</x>
      <y>0.295</y>
      <w>0.4623656</w>
      <t>1336</t>
    </point>
    <point>
      <x>0.42666668</x>
      <y>0.29666665</y>
      <w>0.4623656</w>
      <t>1336</t>
    </point>
    <point>
      <x>0.42833334</x>
      <y>0.3</y>
      <w>0.47898337</w>
      <t>1367</t>
    </point>
    <point>
      <x>0.43</x>
      <y>0.30166668</y>
      <w>0.47898337</w>
      <t>1367</t>
    </point>
    <point>
      <x>0.43333334</x>
      <y>0.30333334</y>
      <w>0.47898337</w>
      <t>1367</t>
    </point>
    <point>
      <x>0.435</x>
      <y>0.30666667</y>
      <w>0.47898337</w>
      <t>1367</t>
    </point>
    <point>
      <x>0.43666667</x>
      <y>0.30833334</y>
      <w>0.48582602</w>
      <t>1400</t>
    </point>
    <point>
      <x>0.43833333</x>
      <y>0.31</y>
      <w>0.48582602</w>
      <t>1400</t>
    </point>
    <point>
      <x>0.44166666</x>
      <y>0.31166667</y>
      <w>0.48582602</w>
      <t>1402</t>
    </point>
    <point>
      <x>0.44333333</x>
      <y>0.31166667</y>
      <w>0.48680353</w>
      <t>1402</t>
    </point>
    <point>
      <x>0.445</x>
      <y>0.31333333</y>
      <w>0.48680353</w>
      <t>1402</t>
    </point>
    <point>
      <x>0.44666666</x>
      <y>0.31333333</y>
      <w>0.4907136</w>
      <t>1434</t>
    </point>
    <point>
      <x>0.44833332</x>
      <y>0.31333333</y>
      <w>0.4907136</w>
      <t>1434</t>
    </point>
    <point>
      <x>0.45</x>
      <y>0.315</y>
      <w>0.4907136</w>
      <t>1434</t>
    </point>
    <point>
      <x>0.45166665</x>
      <y>0.315</y>
      <w>0.4907136</w>
      <t>1434</t>
    </point>
    <point>
      <x>0.45333335</x>
      <y>0.315</y>
      <w>0.48778105</w>
      <t>1467</t>
    </point>
    <point>
      <x>0.455</x>
      <y>0.315</y>
      <w>0.48778105</w>
      <t>1467</t>
    </point>
    <point>
      <x>0.45666668</x>
      <y>0.315</y>
      <w>0.48778105</w>
      <t>1467</t>
    </point>
    <point>
      <x>0.46</x>
      <y>0.315</y>
      <w>0.48778105</w>
      <t>1467</t>
    </point>
    <point>
      <x>0.46166667</x>
      <y>0.31333333</y>
      <w>0.44770283</w>
      <t>1500</t>
    </point>
    <point>
      <x>0.46666667</x>
      <y>0.31</y>
      <w>0.44770283</w>
      <t>1500</t>
    </point>
    <point>
      <x>0.47</x>
      <y>0.30666667</y>
      <w>0.44770283</w>
      <t>1500</t>
    </point>
    <point>
      <x>0.475</x>
      <y>0.3</y>
      <w>0.44770283</w>
      <t>1500</t>
    </point>
    <point>
      <x>0.48</x>
      <y>0.29166666</y>
      <w>0.44770283</w>
      <t>1500</t>
    </point>
    <point>
      <x>0.485</x>
      <y>0.28333333</y>
      <w>0.27663735</w>
      <t>1533</t>
    </point>
    <point>
      <x>0.49166667</x>
      <y>0.27333334</y>
      <w>0.27663735</w>
      <t>1533</t>
    </point>
    <point>
      <x>0.5</x>
      <y>0.26333332</y>
      <w>0.27663735</w>
      <t>1533</t>
    </point>
    <point>
      <x>0.5083333</x>
      <y>0.25166667</y>
      <w>0.27663735</w>
      <t>1533</t>
    </point>
    <point>
      <x>0.515</x>
      <y>0.24166666</y>
      <w>0.049853373</w>
      <t>1567</t>
    </point>
    <point>
      <x>0.5233333</x>
      <y>0.23166667</y>
      <w>0.049853373</w>
      <t>1567</t>
    </point>
    <point>
      <x>0.53</x>
      <y>0.22333333</y>
      <w>0.049853373</w>
      <t>1567</t>
    </point>
    <point>
      <x>0.5366667</x>
      <y>0.21666667</y>
      <w>0.049853373</w>
      <t>1567</t>
    </point>
    <point>
      <x>0.54333335</x>
      <y>0.21</y>
      <w>0.049853373</w>
      <t>1567</t>
    </point>
  </stroke>
  <stroke time="1667">
    <point>
      <x>0.6016667</x>
      <y>0.15166667</y>
      <w>0.06158358</w>
      <t>1700</t>
    </point>
    <point>
      <x>0.6016667</x>
      <y>0.15</y>
      <w>0.06158358</w>
      <t>1700</t>
    </point>
    <point>
      <x>0.60333335</x>
      <y>0.15</y>
      <w>0.06158358</w>
      <t>1700</t>
    </point>
    <point>
      <x>0.605</x>
      <y>0.15</y>
      <w>0.1368524</w>
      <t>1734</t>
    </point>
    <point>
      <x>0.6066667</x>
      <y>0.15</y>
      <w>0.1368524</w>
      <t>1734</t>
    </point>
    <point>
      <x>0.60833335</x>
      <y>0.15166667</y>
      <w>0.1368524</w>
      <t>1734</t>
    </point>
    <point>
      <x>0.61</x>
      <y>0.15333334</y>
      <w>0.1368524</w>
      <t>1734</t>
    </point>
    <point>
      <x>0.61</x>
      <y>0.155</y>
      <w>0.21896383</w>
      <t>1766</t>
    </point>
    <point>
      <x>0.6116667</x>
      <y>0.15666667</y>
      <w>0.21896383</w>
      <t>1766</t>
    </point>
    <point>
      <x>0.61333334</x>
      <y>0.15833333</y>
      <w>0.21896383</w>
      <t>1766</t>
    </point>
    <point>
      <x>0.61333334</x>
      <y>0.16</y>
      <w>0.21896383</w>
      <t>1766</t>
    </point>
    <point>
      <x>0.615</x>
      <y>0.16333333</y>
      <w>0.26197457</w>
      <t>1800</t>
    </point>
    <point>
      <x>0.615</x>
      <y>0.165</y>
      <w>0.26197457</w>
      <t>1800</t>
    </point>
    <point>
      <x>0.6166667</x>
      <y>0.16666667</y>
      <w>0.26197457</w>
      <t>1800</t>
    </point>
    <point>
      <x>0.6166667</x>
      <y>0.16833334</y>
      <w>0.26197457</w>
      <t>1800</t>
    </point>
    <point>
      <x>0.6166667</x>
      <y>0.17</y>
      <w>0.28739002</w>
      <t>1801</t>
    </point>
    <point>
      <x>0.6166667</x>
      <y>0.17166667</y>
      <w>0.33431086</w>
      <t>1833</t>
    </point>
    <point>
      <x>0.6166667</x>
      <y>0.17333333</y>
      <w>0.33431086</w>
      <t>1833</t>
    </point>
    <point>
      <x>0.6166667</x>
      <y>0.175</y>
      <w>0.33431086</w>
      <t>1833</t>
    </point>
    <point>
      <x>0.6166667</x>
      <y>0.17666666</y>
      <w>0.33431086</w>
      <t>1833</t>
    </point>
    <point>
      <x>0.6166667</x>
      <y>0.17833333</y>
      <w>0.35874876</w>
      <t>1867</t>
    </point>
    <point>
      <x>0.6166667</x>
      <y>0.18166667</y>
      <w>0.35874876</w>
      <t>1867</t>
    </point>
    <point>
      <x>0.6166667</x>
      <y>0.18333334</y>
      <w>0.35874876</w>
      <t>1867</t>
    </point>
    <point>
      <x>0.6166667</x>
      <y>0.185</y>
      <w>0.35874876</w>
      <t>1867</t>
    </point>
    <point>
      <x>0.615</x>
      <y>0.18666667</y>
      <w>0.35874876</w>
      <t>1867</t>
    </point>
    <point>
      <x>0.615</x>
      <y>0.18833333</y>
      <w>0.3900293</w>
      <t>1900</t>
    </point>
    <point>
      <x>0.61333334</x>
      <y>0.19</y>
      <w>0.3900293</w>
      <t>1900</t>
    </point>
    <point>
      <x>0.61333334</x>
      <y>0.19333333</y>
      <w>0.3900293</w>
      <t>1900</t>
    </point>
    <point>
      <x>0.6116667</x>
      <y>0.195</y>
      <w>0.3900293</w>
      <t>1900</t>
    </point>
    <point>
      <x>0.61</x>
      <y>0.19833334</y>
      <w>0.40860215</w>
      <t>1934</t>
    </point>
    <point>
      <x>0.61</x>
      <y>0.2</y>
      <w>0.40860215</w>
      <t>1934</t>
    </point>
    <point>
      <x>0.60833335</x>
      <y>0.20333333</y>
      <w>0.40860215</w>
      <t>1934</t>
    </point>
    <point>
      <x>0.6066667</x>
      <y>0.205</y>
      <w>0.40860215</w>
      <t>1934</t>
    </point>
    <point>
      <x>0.6066667</x>
      <y>0.20833333</y>
      <w>0.4125122</w>
      <t>1967</t>
    </point>
    <point>
      <x>0.605</x>
      <y>0.21166667</y>
      <w>0.4125122</w>
      <t>1967</t>
    </point>
    <point>
      <x>0.60333335</x>
      <y>0.215</y>
      <w>0.4125122</w>
      <t>1967</t>
    </point>
    <point>
      <x>0.6016667</x>
      <y>0.22</y>
      <w>0.4125122</w>
      <t>1967</t>
    </point>
    <point>
      <x>0.6</x>
      <y>0.22333333</y>
      <w>0.4125122</w>
      <t>1967</t>
    </point>
    <point>
      <x>0.5966667</x>
      <y>0.22666667</y>
      <w>0.42521995</w>
      <t>2000</t>
    </point>
    <point>
      <x>0.595</x>
      <y>0.23166667</y>
      <w>0.42521995</w>
      <t>2000</t>
    </point>
    <point>
      <x>0.59166664</x>
      <y>0.23666666</y>
      <w>0.42521995</w>
      <t>2000</t>
    </point>
    <point>
      <x>0.5883333</x>
      <y>0.24</y>
      <w>0.42521995</w>
      <t>2000</t>
    </point>
    <point>
      <x>0.585</x>
      <y>0.245</y>
      <w>0.4340176</w>
      <t>2033</t>
    </point>
    <point>
      <x>0.58166665</x>
      <y>0.25</y>
      <w>0.4340176</w>
      <t>2033</t>
    </point>
    <point>
      <x>0.5783333</x>
      <y>0.25333333</y>
      <w>0.4340176</w>
      <t>2033</t>
    </point>
    <point>
      <x>0.575</x>
      <y>0.25666666</y>
      <w>0.4340176</w>
      <t>2033</t>
    </point>
    <point>
      <x>0.5733333</x>
      <y>0.26166666</y>
      <w>0.4340176</w>
      <t>2033</t>
    </point>
    <point>
      <x>0.57</x>
      <y>0.265</y>
      <w>0.44379276</w>
      <t>2067</t>
    </point>
    <point>
      <x>0.56666666</x>
      <y>0.27</y>
      <w>0.44379276</w>
      <t>2067</t>
    </point>
    <point>
      <x>0.56333333</x>
      <y>0.275</y>
      <w>0.44379276</w>
      <t>2067</t>
    </point>
    <point>
      <x>0.55833334</x>
      <y>0.28</y>
      <w>0.44379276</w>
      <t>2067</t>
    </point>
    <point>
      <x>0.55333334</x>
      <y>0.28666666</y>
      <w>0.4525904</w>
      <t>2100</t>
    </point>
    <point>
      <x>0.54833335</x>
      <y>0.29333332</y>
      <w>0.4525904</w>
      <t>2100</t>
    </point>
    <point>
      <x>0.54333335</x>
      <y>0.3</y>
      <w>0.4525904</w>
      <t>2100</t>
    </point>
    <point>
      <x>0.5366667</x>
      <y>0.30666667</y>
      <w>0.4525904</w>
      <t>2100</t>
    </point>
    <point>
      <x>0.5316667</x>
      <y>0.31166667</y>
      <w>0.4525904</w>
      <t>2100</t>
    </point>
    <point>
      <x>0.52666664</x>
      <y>0.31666666</y>
      <w>0.45845553</w>
      <t>2133</t>
    </point>
    <point>
      <x>0.52166665</x>
      <y>0.32166666</y>
      <w>0.45845553</w>
      <t>2133</t>
    </point>
    <point>
      <x>0.51666665</x>
      <y>0.32666665</y>
      <w>0.45845553</w>
      <t>2133</t>
    </point>
    <point>
      <x>0.5133333</x>
      <y>0.33166668</y>
      <w>0.45845553</w>
      <t>2133</t>
    </point>
    <point>
      <x>0.5083333</x>
      <y>0.33833334</y>
      <w>0.45943305</w>
      <t>2167</t>
    </point>
    <point>
      <x>0.50333333</x>
      <y>0.34333333</y>
      <w>0.45943305</w>
      <t>2167</t>
    </point>
    <point>
      <x>0.49833333</x>
      <y>0.34833333</y>
      <w>0.45943305</w>
      <t>2167</t>
    </point>
    <point>
      <x>0.495</x>
      <y>0.355</y>
      <w>0.45943305</w>
      <t>2167</t>
    </point>
    <point>
      <x>0.49</x>
      <y>0.36</y>
      <w>0.45943305</w>
      <t>2167</t>
    </point>
    <point>
      <x>0.48666668</x>
      <y>0.365</y>
      <w>0.4623656</w>
      <t>2200</t>
    </point>
    <point>
      <x>0.48333332</x>
      <y>0.37</y>
      <w>0.4623656</w>
      <t>2200</t>
    </point>
    <point>
      <x>0.48</x>
      <y>0.375</y>
      <w>0.4623656</w>
      <t>2200</t>
    </point>
    <point>
      <x>0.47833332</x>
      <y>0.38</y>
      <w>0.4623656</w>
      <t>2200</t>
    </point>
    <point>
      <x>0.47666666</x>
      <y>0.38333333</y>
      <w>0.4633431</w>
      <t>2234</t>
    </point>
    <point>
      <x>0.47333333</x>
      <y>0.38833332</y>
      <w>0.4633431</w>
      <t>2234</t>
    </point>
    <point>
      <x>0.47166666</x>
      <y>0.39166668</y>
      <w>0.4633431</w>
      <t>2234</t>
    </point>
    <point>
      <x>0.47</x>
      <y>0.395</y>
      <w>0.4633431</w>
      <t>2234</t>
    </point>
    <point>
      <x>0.46833333</x>
      <y>0.39666668</y>
      <w>0.4633431</w>
      <t>2267</t>
    </point>
    <point>
      <x>0.46833333</x>
      <y>0.4</y>
      <w>0.4633431</w>
      <t>2267</t>
    </point>
    <point>
      <x>0.46666667</x>
      <y>0.40166667</y>
      <w>0.4633431</w>
      <t>2267</t>
    </point>
    <point>
      <x>0.46666667</x>
      <y>0.40333334</y>
      <w>0.4633431</w>
      <t>2267</t>
    </point>
    <point>
      <x>0.46666667</x>
      <y>0.405</y>
      <w>0.4633431</w>
      <t>2267</t>
    </point>
    <point>
      <x>0.46666667</x>
      <y>0.40666667</y>
      <w>0.45943305</w>
      <t>2300</t>
    </point>
    <point>
      <x>0.46666667</x>
      <y>0.40833333</y>
      <w>0.45943305</w>
      <t>2300</t>
    </point>
    <point>
      <x>0.46833333</x>
      <y>0.41</y>
      <w>0.4623656</w>
      <t>2334</t>
    </point>
    <point>
      <x>0.47</x>
      <y>0.41166666</y>
      <w>0.4623656</w>
      <t>2334</t>
    </point>
    <point>
      <x>0.47166666</x>
      <y>0.41166666</y>
      <w>0.4623656</w>
      <t>2334</t>
    </point>
    <point>
      <x>0.47166666</x>
      <y>0.41333333</y>
      <w>0.45845553</w>
      <t>2367</t>
    </point>
    <point>
      <x>0.47333333</x>
      <y>0.41333333</y>
      <w>0.45845553</w>
      <t>2367</t>
    </point>
    <point>
      <x>0.475</x>
      <y>0.415</y>
      <w>0.45845553</w>
      <t>2367</t>
    </point>
    <point>
      <x>0.47666666</x>
      <y>0.41666666</y>
      <w>0.45845553</w>
      <t>2367</t>
    </point>
    <point>
      <x>0.47833332</x>
      <y>0.41666666</y>
      <w>0.45356795</w>
      <t>2400</t>
    </point>
    <point>
      <x>0.48166665</x>
      <y>0.41666666</y>
      <w>0.45356795</w>
      <t>2400</t>
    </point>
    <point>
      <x>0.48333332</x>
      <y>0.41833332</y>
      <w>0.45356795</w>
      <t>2400</t>
    </point>
    <point>
      <x>0.48666668</x>
      <y>0.41833332</y>
      <w>0.45356795</w>
      <t>2400</t>
    </point>
    <point>
      <x>0.49</x>
      <y>0.41833332</y>
      <w>0.45356795</w>
      <t>2400</t>
    </point>
    <point>
      <x>0.49333334</x>
      <y>0.41833332</y>
      <w>0.4467253</w>
      <t>2434</t>
    </point>
    <point>
      <x>0.495</x>
      <y>0.41833332</y>
      <w>0.4467253</w>
      <t>2434</t>
    </point>
    <point>
      <x>0.49833333</x>
      <y>0.41833332</y>
      <w>0.4467253</w>
      <t>2434</t>
    </point>
    <point>
      <x>0.50166667</x>
      <y>0.42</y>
      <w>0.4467253</w>
      <t>2434</t>
    </point>
    <point>
      <x>0.505</x>
      <y>0.42</y>
      <w>0.44183773</w>
      <t>2467</t>
    </point>
    <point>
      <x>0.5083333</x>
      <y>0.42</y>
      <w>0.44183773</w>
      <t>2467</t>
    </point>
    <point>
      <x>0.51166666</x>
      <y>0.42</y>
      <w>0.44183773</w>
      <t>2467</t>
    </point>
    <point>
      <x>0.515</x>
      <y>0.42</y>
      <w>0.44183773</w>
      <t>2467</t>
    </point>
    <point>
      <x>0.51666665</x>
      <y>0.42</y>
      <w>0.44183773</w>
      <t>2467</t>
    </point>
    <point>
      <x>0.52</x>
      <y>0.42166665</y>
      <w>0.43597263</w>
      <t>2500</t>
    </point>
    <point>
      <x>0.5233333</x>
      <y>0.42166665</y>
      <w>0.43597263</w>
      <t>2500</t>
    </point>
    <point>
      <x>0.525</x>
      <y>0.42166665</y>
      <w>0.43597263</w>
      <t>2500</t>
    </point>
    <point>
      <x>0.5283333</x>
      <y>0.42166665</y>
      <w>0.43597263</w>
      <t>2500</t>
    </point>
    <point>
      <x>0.53</x>
      <y>0.42166665</y>
      <w>0.42619747</w>
      <t>2533</t>
    </point>
    <point>
      <x>0.53333336</x>
      <y>0.42333335</y>
      <w>0.42619747</w>
      <t>2533</t>
    </point>
    <point>
      <x>0.535</x>
      <y>0.42333335</y>
      <w>0.42619747</w>
      <t>2533</t>
    </point>
    <point>
      <x>0.5366667</x>
      <y>0.42333335</y>
      <w>0.42619747</w>
      <t>2533</t>
    </point>
    <point>
      <x>0.53833336</x>
      <y>0.425</y>
      <w>0.41348973</w>
      <t>2567</t>
    </point>
    <point>
      <x>0.54</x>
      <y>0.425</y>
      <w>0.41348973</w>
      <t>2567</t>
    </point>
    <point>
      <x>0.5416667</x>
      <y>0.42666668</y>
      <w>0.41348973</w>
      <t>2567</t>
    </point>
    <point>
      <x>0.54333335</x>
      <y>0.42666668</y>
      <w>0.41348973</w>
      <t>2567</t>
    </point>
    <point>
      <x>0.545</x>
      <y>0.42666668</y>
      <w>0.40078202</w>
      <t>2600</t>
    </point>
    <point>
      <x>0.545</x>
      <y>0.42833334</y>
      <w>0.40078202</w>
      <t>2600</t>
    </point>
    <point>
      <x>0.5466667</x>
      <y>0.42833334</y>
      <w>0.40078202</w>
      <t>2600</t>
    </point>
    <point>
      <x>0.5466667</x>
      <y>0.43</y>
      <w>0.3831867</w>
      <t>2634</t>
    </point>
    <point>
      <x>0.54833335</x>
      <y>0.43</y>
      <w>0.3831867</w>
      <t>2634</t>
    </point>
    <point>
      <x>0.54833335</x>
      <y>0.43166667</y>
      <w>0.3831867</w>
      <t>2634</t>
    </point>
    <point>
      <x>0.54833335</x>
      <y>0.43333334</y>
      <w>0.37634408</w>
      <t>2666</t>
    </point>
    <point>
      <x>0.54833335</x>
      <y>0.435</y>
      <w>0.36168134</w>
      <t>2700</t>
    </point>
    <point>
      <x>0.54833335</x>
      <y>0.43666667</y>
      <w>0.36168134</w>
      <t>2700</t>
    </point>
    <point>
      <x>0.54833335</x>
      <y>0.43833333</y>
      <w>0.36168134</w>
      <t>2700</t>
    </point>
    <point>
      <x>0.54833335</x>
      <y>0.44</y>
      <w>0.36168134</w>
      <t>2700</t>
    </point>
    <point>
      <x>0.54833335</x>
      <y>0.44166666</y>
      <w>0.36265886</w>
      <t>2734</t>
    </point>
    <point>
      <x>0.54833335</x>
      <y>0.44333333</y>
      <w>0.36265886</w>
      <t>2734</t>
    </point>
    <point>
      <x>0.5466667</x>
      <y>0.44666666</y>
      <w>0.36265886</w>
      <t>2734</t>
    </point>
    <point>
      <x>0.5466667</x>
      <y>0.44833332</y>
      <w>0.36265886</w>
      <t>2734</t>
    </point>
    <point>
      <x>0.545</x>
      <y>0.45</y>
      <w>0.36265886</w>
      <t>2767</t>
    </point>
    <point>
      <x>0.545</x>
      <y>0.45333335</y>
      <w>0.36265886</w>
      <t>2767</t>
    </point>
    <point>
      <x>0.54333335</x>
      <y>0.455</y>
      <w>0.36265886</w>
      <t>2767</t>
    </point>
    <point>
      <x>0.5416667</x>
      <y>0.45666668</y>
      <w>0.36265886</w>
      <t>2767</t>
    </point>
    <point>
      <x>0.54</x>
      <y>0.46</y>
      <w>0.36265886</w>
      <t>2767</t>
    </point>
    <point>
      <x>0.54</x>
      <y>0.46166667</y>
      <w>0.36363637</w>
      <t>2800</t>
    </point>
    <point>
      <x>0.53833336</x>
      <y>0.465</y>
      <w>0.36363637</w>
      <t>2800</t>
    </point>
    <point>
      <x>0.535</x>
      <y>0.46666667</y>
      <w>0.36363637</w>
      <t>2800</t>
    </point>
    <point>
      <x>0.53333336</x>
      <y>0.47</y>
      <w>0.36363637</w>
      <t>2800</t>
    </point>
    <point>
      <x>0.5316667</x>
      <y>0.47333333</y>
      <w>0.370479</w>
      <t>2834</t>
    </point>
    <point>
      <x>0.53</x>
      <y>0.475</y>
      <w>0.370479</w>
      <t>2834</t>
    </point>
    <point>
      <x>0.5283333</x>
      <y>0.47833332</y>
      <w>0.370479</w>
      <t>2834</t>
    </point>
    <point>
      <x>0.525</x>
      <y>0.48166665</y>
      <w>0.370479</w>
      <t>2834</t>
    </point>
    <point>
      <x>0.5233333</x>
      <y>0.485</y>
      <w>0.3773216</w>
      <t>2867</t>
    </point>
    <point>
      <x>0.52</x>
      <y>0.48666668</y>
      <w>0.3773216</w>
      <t>2867</t>
    </point>
    <point>
      <x>0.5183333</x>
      <y>0.49</y>
      <w>0.3773216</w>
      <t>2867</t>
    </point>
    <point>
      <x>0.51666665</x>
      <y>0.49333334</y>
      <w>0.3773216</w>
      <t>2867</t>
    </point>
    <point>
      <x>0.5133333</x>
      <y>0.49666667</y>
      <w>0.3773216</w>
      <t>2867</t>
    </point>
    <point>
      <x>0.51166666</x>
      <y>0.5</y>
      <w>0.3841642</w>
      <t>2900</t>
    </point>
    <point>
      <x>0.5083333</x>
      <y>0.50333333</y>
      <w>0.3841642</w>
      <t>2900</t>
    </point>
    <point>
      <x>0.50666666</x>
      <y>0.505</y>
      <w>0.3841642</w>
      <t>2900</t>
    </point>
    <point>
      <x>0.50333333</x>
      <y>0.5083333</y>
      <w>0.3841642</w>
      <t>2900</t>
    </point>
    <point>
      <x>0.50166667</x>
      <y>0.51166666</y>
      <w>0.3939394</w>
      <t>2934</t>
    </point>
    <point>
      <x>0.49833333</x>
      <y>0.515</y>
      <w>0.3939394</w>
      <t>2934</t>
    </point>
    <point>
      <x>0.49666667</x>
      <y>0.5183333</y>
      <w>0.3939394</w>
      <t>2934</t>
    </point>
    <point>
      <x>0.49333334</x>
      <y>0.52166665</y>
      <w>0.3939394</w>
      <t>2934</t>
    </point>
    <point>
      <x>0.49166667</x>
      <y>0.525</y>
      <w>0.3939394</w>
      <t>2934</t>
    </point>
    <point>
      <x>0.49</x>
      <y>0.5283333</y>
      <w>0.40078202</w>
      <t>2967</t>
    </point>
    <point>
      <x>0.48833334</x>
      <y>0.53</y>
      <w>0.40078202</w>
      <t>2967</t>
    </point>
    <point>
      <x>0.48666668</x>
      <y>0.53333336</y>
      <w>0.40078202</w>
      <t>2967</t>
    </point>
    <point>
      <x>0.485</x>
      <y>0.5366667</y>
      <w>0.40078202</w>
      <t>2967</t>
    </point>
    <point>
      <x>0.48333332</x>
      <y>0.53833336</y>
      <w>0.40762463</w>
      <t>3000</t>
    </point>
    <point>
      <x>0.48166665</x>
      <y>0.5416667</y>
      <w>0.40762463</w>
      <t>3000</t>
    </point>
    <point>
      <x>0.48</x>
      <y>0.545</y>
      <w>0.40762463</w>
      <t>3000</t>
    </point>
    <point>
      <x>0.48</x>
      <y>0.5466667</y>
      <w>0.40762463</w>
      <t>3000</t>
    </point>
    <point>
      <x>0.47833332</x>
      <y>0.55</y>
      <w>0.40762463</w>
      <t>3000</t>
    </point>
    <point>
      <x>0.47833332</x>
      <y>0.5516667</y>
      <w>0.40860215</w>
      <t>3034</t>
    </point>
    <point>
      <x>0.47833332</x>
      <y>0.55333334</y>
      <w>0.40860215</w>
      <t>3034</t>
    </point>
    <point>
      <x>0.47666666</x>
      <y>0.5566667</y>
      <w>0.40860215</w>
      <t>3034</t>
    </point>
    <point>
      <x>0.47666666</x>
      <y>0.55833334</y>
      <w>0.40860215</w>
      <t>3034</t>
    </point>
    <point>
      <x>0.47666666</x>
      <y>0.56</y>
      <w>0.40371457</w>
      <t>3067</t>
    </point>
    <point>
      <x>0.47666666</x>
      <y>0.56166667</y>
      <w>0.40371457</w>
      <t>3067</t>
    </point>
    <point>
      <x>0.47666666</x>
      <y>0.56333333</y>
      <w>0.40371457</w>
      <t>3067</t>
    </point>
    <point>
      <x>0.47833332</x>
      <y>0.56333333</y>
      <w>0.40175954</w>
      <t>3100</t>
    </point>
    <point>
      <x>0.47833332</x>
      <y>0.565</y>
      <w>0.40175954</w>
      <t>3100</t>
    </point>
    <point>
      <x>0.48</x>
      <y>0.565</y>
      <w>0.40175954</w>
      <t>3100</t>
    </point>
    <point>
      <x>0.48166665</x>
      <y>0.565</y>
      <w>0.40078202</w>
      <t>3133</t>
    </point>
    <point>
      <x>0.48333332</x>
      <y>0.56666666</y>
      <w>0.40078202</w>
      <t>3133</t>
    </point>
    <point>
      <x>0.485</x>
      <y>0.56666666</y>
      <w>0.40078202</w>
      <t>3133</t>
    </point>
    <point>
      <x>0.48666668</x>
      <y>0.56666666</y>
      <w>0.40078202</w>
      <t>3167</t>
    </point>
    <point>
      <x>0.48833334</x>
      <y>0.5683333</y>
      <w>0.40078202</w>
      <t>3167</t>
    </point>
    <point>
      <x>0.49166667</x>
      <y>0.5683333</y>
      <w>0.40078202</w>
      <t>3167</t>
    </point>
    <point>
      <x>0.49333334</x>
      <y>0.5683333</y>
      <w>0.40078202</w>
      <t>3167</t>
    </point>
    <point>
      <x>0.495</x>
      <y>0.57</y>
      <w>0.40078202</w>
      <t>3167</t>
    </point>
    <point>
      <x>0.49833333</x>
      <y>0.57</y>
      <w>0.40078202</w>
      <t>3200</t>
    </point>
    <point>
      <x>0.5</x>
      <y>0.57166666</y>
      <w>0.40078202</w>
      <t>3200</t>
    </point>
    <point>
      <x>0.50166667</x>
      <y>0.57166666</y>
      <w>0.40078202</w>
      <t>3200</t>
    </point>
    <point>
      <x>0.505</x>
      <y>0.5733333</y>
      <w>0.40078202</w>
      <t>3200</t>
    </point>
    <point>
      <x>0.50666666</x>
      <y>0.5733333</y>
      <w>0.40078202</w>
      <t>3234</t>
    </point>
    <point>
      <x>0.51</x>
      <y>0.575</y>
      <w>0.40078202</w>
      <t>3234</t>
    </point>
    <point>
      <x>0.51166666</x>
      <y>0.575</y>
      <w>0.40078202</w>
      <t>3234</t>
    </point>
    <point>
      <x>0.5133333</x>
      <y>0.575</y>
      <w>0.40078202</w>
      <t>3234</t>
    </point>
    <point>
      <x>0.51666665</x>
      <y>0.57666665</y>
      <w>0.40078202</w>
      <t>3234</t>
    </point>
    <point>
      <x>0.5183333</x>
      <y>0.57666665</y>
      <w>0.40078202</w>
      <t>3267</t>
    </point>
    <point>
      <x>0.52</x>
      <y>0.5783333</y>
      <w>0.40078202</w>
      <t>3267</t>
    </point>
    <point>
      <x>0.52166665</x>
      <y>0.5783333</y>
      <w>0.40078202</w>
      <t>3267</t>
    </point>
    <point>
      <x>0.5233333</x>
      <y>0.58</y>
      <w>0.40078202</w>
      <t>3267</t>
    </point>
    <point>
      <x>0.525</x>
      <y>0.58</y>
      <w>0.40664712</w>
      <t>3300</t>
    </point>
    <point>
      <x>0.5283333</x>
      <y>0.58166665</y>
      <w>0.40664712</w>
      <t>3300</t>
    </point>
    <point>
      <x>0.53</x>
      <y>0.58166665</y>
      <w>0.40664712</w>
      <t>3300</t>
    </point>
    <point>
      <x>0.53333336</x>
      <y>0.5833333</y>
      <w>0.40664712</w>
      <t>3300</t>
    </point>
    <point>
      <x>0.5366667</x>
      <y>0.5833333</y>
      <w>0.40664712</w>
      <t>3300</t>
    </point>
    <point>
      <x>0.53833336</x>
      <y>0.585</y>
      <w>0.4173998</w>
      <t>3334</t>
    </point>
    <point>
      <x>0.5416667</x>
      <y>0.58666664</y>
      <w>0.4173998</w>
      <t>3334</t>
    </point>
    <point>
      <x>0.545</x>
      <y>0.58666664</y>
      <w>0.4173998</w>
      <t>3334</t>
    </point>
    <point>
      <x>0.54833335</x>
      <y>0.5883333</y>
      <w>0.4173998</w>
      <t>3334</t>
    </point>
    <point>
      <x>0.5516667</x>
      <y>0.5883333</y>
      <w>0.4222874</w>
      <t>3367</t>
    </point>
    <point>
      <x>0.55333334</x>
      <y>0.59</y>
      <w>0.4222874</w>
      <t>3367</t>
    </point>
    <point>
      <x>0.5566667</x>
      <y>0.59166664</y>
      <w>0.4222874</w>
      <t>3367</t>
    </point>
    <point>
      <x>0.55833334</x>
      <y>0.59166664</y>
      <w>0.4222874</w>
      <t>3367</t>
    </point>
    <point>
      <x>0.56</x>
      <y>0.5933333</y>
      <w>0.4222874</w>
      <t>3367</t>
    </point>
    <point>
      <x>0.56333333</x>
      <y>0.595</y>
      <w>0.43304008</w>
      <t>3400</t>
    </point>
    <point>
      <x>0.565</x>
      <y>0.595</y>
      <w>0.43304008</w>
      <t>3400</t>
    </point>
    <point>
      <x>0.5683333</x>
      <y>0.5966667</y>
      <w>0.43304008</w>
      <t>3400</t>
    </point>
    <point>
      <x>0.57</x>
      <y>0.59833336</y>
      <w>0.43304008</w>
      <t>3400</t>
    </point>
    <point>
      <x>0.57166666</x>
      <y>0.6</y>
      <w>0.4525904</w>
      <t>3434</t>
    </point>
    <point>
      <x>0.575</x>
      <y>0.6</y>
      <w>0.4525904</w>
      <t>3434</t>
    </point>
    <point>
      <x>0.57666665</x>
      <y>0.6016667</y>
      <w>0.4525904</w>
      <t>3434</t>
    </point>
    <point>
      <x>0.5783333</x>
      <y>0.60333335</y>
      <w>0.4525904</w>
      <t>3434</t>
    </point>
    <point>
      <x>0.58</x>
      <y>0.605</y>
      <w>0.47605082</w>
      <t>3467</t>
    </point>
    <point>
      <x>0.58166665</x>
      <y>0.6066667</y>
      <w>0.47605082</w>
      <t>3467</t>
    </point>
    <point>
      <x>0.5833333</x>
      <y>0.60833335</y>
      <w>0.47605082</w>
      <t>3467</t>
    </point>
    <point>
      <x>0.5833333</x>
      <y>0.61</y>
      <w>0.47605082</w>
      <t>3467</t>
    </point>
    <point>
      <x>0.585</x>
      <y>0.61</y>
      <w>0.47605082</w>
      <t>3467</t>
    </point>
    <point>
      <x>0.585</x>
      <y>0.6116667</y>
      <w>0.51808405</w>
      <t>3500</t>
    </point>
    <point>
      <x>0.58666664</x>
      <y>0.61333334</y>
      <w>0.51808405</w>
      <t>3500</t>
    </point>
    <point>
      <x>0.5883333</x>
      <y>0.615</y>
      <w>0.51808405</w>
      <t>3500</t>
    </point>
    <point>
      <x>0.5883333</x>
      <y>0.6166667</y>
      <w>0.51808405</w>
      <t>3500</t>
    </point>
    <point>
      <x>0.59</x>
      <y>0.61833334</y>
      <w>0.5259042</w>
      <t>3534</t>
    </point>
    <point>
      <x>0.59166664</x>
      <y>0.62</y>
      <w>0.5259042</w>
      <t>3534</t>
    </point>
    <point>
      <x>0.59166664</x>
      <y>0.62333333</y>
      <w>0.5259042</w>
      <t>3534</t>
    </point>
    <point>
      <x>0.5933333</x>
      <y>0.625</y>
      <w>0.5259042</w>
      <t>3534</t>
    </point>
    <point>
      <x>0.5933333</x>
      <y>0.62666667</y>
      <w>0.54447705</w>
      <t>3567</t>
    </point>
    <point>
      <x>0.595</x>
      <y>0.62833333</y>
      <w>0.54447705</w>
      <t>3567</t>
    </point>
    <point>
      <x>0.595</x>
      <y>0.63166666</y>
      <w>0.54447705</w>
      <t>3567</t>
    </point>
    <point>
      <x>0.5966667</x>
      <y>0.6333333</y>
      <w>0.54447705</w>
      <t>3567</t>
    </point>
    <point>
      <x>0.5966667</x>
      <y>0.63666666</y>
      <w>0.55718476</w>
      <t>3600</t>
    </point>
    <point>
      <x>0.5966667</x>
      <y>0.6383333</y>
      <w>0.55718476</w>
      <t>3600</t>
    </point>
    <point>
      <x>0.5966667</x>
      <y>0.64</y>
      <w>0.55718476</w>
      <t>3600</t>
    </point>
    <point>
      <x>0.59833336</x>
      <y>0.64166665</y>
      <w>0.55718476</w>
      <t>3600</t>
    </point>
    <point>
      <x>0.59833336</x>
      <y>0.645</y>
      <w>0.55718476</w>
      <t>3600</t>
    </point>
    <point>
      <x>0.59833336</x>
      <y>0.64666665</y>
      <w>0.5659824</w>
      <t>3634</t>
    </point>
    <point>
      <x>0.59833336</x>
      <y>0.65</y>
      <w>0.5659824</w>
      <t>3634</t>
    </point>
    <point>
      <x>0.59833336</x>
      <y>0.65166664</y>
      <w>0.5659824</w>
      <t>3634</t>
    </point>
    <point>
      <x>0.59833336</x>
      <y>0.655</y>
      <w>0.5659824</w>
      <t>3634</t>
    </point>
    <point>
      <x>0.59833336</x>
      <y>0.6566667</y>
      <w>0.5835777</w>
      <t>3667</t>
    </point>
    <point>
      <x>0.59833336</x>
      <y>0.66</y>
      <w>0.5835777</w>
      <t>3667</t>
    </point>
    <point>
      <x>0.59833336</x>
      <y>0.66333336</y>
      <w>0.5835777</w>
      <t>3667</t>
    </point>
    <point>
      <x>0.5966667</x>
      <y>0.66833335</y>
      <w>0.5835777</w>
      <t>3667</t>
    </point>
    <point>
      <x>0.5966667</x>
      <y>0.6716667</y>
      <w>0.5835777</w>
      <t>3667</t>
    </point>
    <point>
      <x>0.595</x>
      <y>0.675</y>
      <w>0.597263</w>
      <t>3701</t>
    </point>
    <point>
      <x>0.5933333</x>
      <y>0.67833334</y>
      <w>0.597263</w>
      <t>3701</t>
    </point>
    <point>
      <x>0.59166664</x>
      <y>0.6816667</y>
      <w>0.597263</w>
      <t>3701</t>
    </point>
    <point>
      <x>0.59</x>
      <y>0.68666667</y>
      <w>0.597263</w>
      <t>3701</t>
    </point>
    <point>
      <x>0.5883333</x>
      <y>0.69</y>
      <w>0.6050831</w>
      <t>3734</t>
    </point>
    <point>
      <x>0.58666664</x>
      <y>0.6933333</y>
      <w>0.6050831</w>
      <t>3734</t>
    </point>
    <point>
      <x>0.585</x>
      <y>0.69666666</y>
      <w>0.6050831</w>
      <t>3734</t>
    </point>
    <point>
      <x>0.5833333</x>
      <y>0.7</y>
      <w>0.6050831</w>
      <t>3734</t>
    </point>
    <point>
      <x>0.58166665</x>
      <y>0.705</y>
      <w>0.6099707</w>
      <t>3767</t>
    </point>
    <point>
      <x>0.5783333</x>
      <y>0.7083333</y>
      <w>0.6099707</w>
      <t>3767</t>
    </point>
    <point>
      <x>0.57666665</x>
      <y>0.7133333</y>
      <w>0.6099707</w>
      <t>3767</t>
    </point>
    <point>
      <x>0.5733333</x>
      <y>0.71666664</y>
      <w>0.6099707</w>
      <t>3767</t>
    </point>
    <point>
      <x>0.57166666</x>
      <y>0.7216667</y>
      <w>0.6099707</w>
      <t>3767</t>
    </point>
    <point>
      <x>0.5683333</x>
      <y>0.7266667</y>
      <w>0.61485827</w>
      <t>3800</t>
    </point>
    <point>
      <x>0.565</x>
      <y>0.73</y>
      <w>0.61485827</w>
      <t>3800</t>
    </point>
    <point>
      <x>0.56333333</x>
      <y>0.735</y>
      <w>0.61485827</w>
      <t>3800</t>
    </point>
    <point>
      <x>0.56</x>
      <y>0.74</y>
      <w>0.61485827</w>
      <t>3800</t>
    </point>
    <point>
      <x>0.5566667</x>
      <y>0.74666667</y>
      <w>0.61876833</w>
      <t>3834</t>
    </point>
    <point>
      <x>0.5516667</x>
      <y>0.75166667</y>
      <w>0.61876833</w>
      <t>3834</t>
    </point>
    <point>
      <x>0.54833335</x>
      <y>0.75666666</y>
      <w>0.61876833</w>
      <t>3834</t>
    </point>
    <point>
      <x>0.545</x>
      <y>0.76166666</y>
      <w>0.61876833</w>
      <t>3834</t>
    </point>
    <point>
      <x>0.5416667</x>
      <y>0.76666665</y>
      <w>0.61876833</w>
      <t>3834</t>
    </point>
    <point>
      <x>0.53833336</x>
      <y>0.77166665</y>
      <w>0.61974585</w>
      <t>3867</t>
    </point>
    <point>
      <x>0.535</x>
      <y>0.77666664</y>
      <w>0.61974585</w>
      <t>3867</t>
    </point>
    <point>
      <x>0.5316667</x>
      <y>0.78</y>
      <w>0.61974585</w>
      <t>3867</t>
    </point>
    <point>
      <x>0.5283333</x>
      <y>0.78333336</y>
      <w>0.61974585</w>
      <t>3867</t>
    </point>
    <point>
      <x>0.525</x>
      <y>0.78833336</y>
      <w>0.61485827</w>
      <t>3900</t>
    </point>
    <point>
      <x>0.52166665</x>
      <y>0.7916667</y>
      <w>0.61485827</w>
      <t>3900</t>
    </point>
    <point>
      <x>0.5183333</x>
      <y>0.795</y>
      <w>0.61485827</w>
      <t>3900</t>
    </point>
    <point>
      <x>0.515</x>
      <y>0.79833335</y>
      <w>0.61485827</w>
      <t>3900</t>
    </point>
    <point>
      <x>0.51166666</x>
      <y>0.8016667</y>
      <w>0.61485827</w>
      <t>3900</t>
    </point>
    <point>
      <x>0.50666666</x>
      <y>0.80333334</y>
      <w>0.59237534</w>
      <t>3933</t>
    </point>
    <point>
      <x>0.50333333</x>
      <y>0.8066667</y>
      <w>0.59237534</w>
      <t>3933</t>
    </point>
    <point>
      <x>0.49833333</x>
      <y>0.81</y>
      <w>0.59237534</w>
      <t>3933</t>
    </point>
    <point>
      <x>0.49333334</x>
      <y>0.81333333</y>
      <w>0.59237534</w>
      <t>3933</t>
    </point>
    <point>
      <x>0.48833334</x>
      <y>0.815</y>
      <w>0.55718476</w>
      <t>3967</t>
    </point>
    <point>
      <x>0.485</x>
      <y>0.8183333</y>
      <w>0.55718476</w>
      <t>3967</t>
    </point>
    <point>
      <x>0.48</x>
      <y>0.82</y>
      <w>0.55718476</w>
      <t>3967</t>
    </point>
    <point>
      <x>0.47666666</x>
      <y>0.82166666</y>
      <w>0.55718476</w>
      <t>3967</t>
    </point>
    <point>
      <x>0.47166666</x>
      <y>0.82166666</y>
      <w>0.55718476</w>
      <t>3967</t>
    </point>
    <point>
      <x>0.46833333</x>
      <y>0.8233333</y>
      <w>0.5083089</w>
      <t>4000</t>
    </point>
    <point>
      <x>0.465</x>
      <y>0.8233333</y>
      <w>0.5083089</w>
      <t>4000</t>
    </point>
    <point>
      <x>0.46166667</x>
      <y>0.8233333</y>
      <w>0.5083089</w>
      <t>4000</t>
    </point>
    <point>
      <x>0.45666668</x>
      <y>0.825</y>
      <w>0.5083089</w>
      <t>4000</t>
    </point>
    <point>
      <x>0.45333335</x>
      <y>0.825</y>
      <w>0.44868034</w>
      <t>4033</t>
    </point>
    <point>
      <x>0.45</x>
      <y>0.825</y>
      <w>0.44868034</w>
      <t>4033</t>
    </point>
    <point>
      <x>0.445</x>
      <y>0.825</y>
      <w>0.44868034</w>
      <t>4033</t>
    </point>
    <point>
      <x>0.44166666</x>
      <y>0.8233333</y>
      <w>0.44868034</w>
      <t>4033</t>
    </point>
    <point>
      <x>0.44</x>
      <y>0.82166666</y>
      <w>0.33431086</w>
      <t>4067</t>
    </point>
    <point>
      <x>0.43833333</x>
      <y>0.82</y>
      <w>0.33431086</w>
      <t>4067</t>
    </point>
    <point>
      <x>0.43666667</x>
      <y>0.82</y>
      <w>0.33431086</w>
      <t>4067</t>
    </point>
    <point>
      <x>0.435</x>
      <y>0.8183333</y>
      <w>0.33431086</w>
      <t>4067</t>
    </point>
    <point>
      <x>0.43333334</x>
      <y>0.81666666</y>
      <w>0.33431086</w>
      <t>4067</t>
    </point>
    <point>
      <x>0.43166667</x>
      <y>0.815</y>
      <w>0.2629521</w>
      <t>4100</t>
    </point>
    <point>
      <x>0.43</x>
      <y>0.81166667</y>
      <w>0.2629521</w>
      <t>4100</t>
    </point>
    <point>
      <x>0.43</x>
      <y>0.81</y>
      <w>0.2629521</w>
      <t>4100</t>
    </point>
    <point>
      <x>0.42833334</x>
      <y>0.8066667</y>
      <w>0.2629521</w>
      <t>4100</t>
    </point>
    <point>
      <x>0.42833334</x>
      <y>0.805</y>
      <w>0.18572825</w>
      <t>4134</t>
    </point>
    <point>
      <x>0.42833334</x>
      <y>0.8016667</y>
      <w>0.18572825</w>
      <t>4134</t>
    </point>
    <point>
      <x>0.42833334</x>
      <y>0.8</y>
      <w>0.18572825</w>
      <t>4134</t>
    </point>
    <point>
      <x>0.42833334</x>
      <y>0.7966667</y>
      <w>0.18572825</w>
      <t>4134</t>
    </point>
    <point>
      <x>0.42833334</x>
      <y>0.795</y>
      <w>0.18572825</w>
      <t>4134</t>
    </point>
    <point>
      <x>0.42833334</x>
      <y>0.79333335</y>
      <w>0.15542522</w>
      <t>4166</t>
    </point>
    <point>
      <x>0.42833334</x>
      <y>0.7916667</y>
      <w>0.15542522</w>
      <t>4166</t>
    </point>
    <point>
      <x>0.42833334</x>
      <y>0.79</y>
      <w>0.15542522</w>
      <t>4166</t>
    </point>
    <point>
      <x>0.42833334</x>
      <y>0.78833336</y>
      <w>0.15542522</w>
      <t>4166</t>
    </point>
    <point>
      <x>0.42833334</x>
      <y>0.7866667</y>
      <w>0.12218964</w>
      <t>4200</t>
    </point>
    <point>
      <x>0.42833334</x>
      <y>0.785</y>
      <w>0.12218964</w>
      <t>4200</t>
    </point>
    <point>
      <x>0.43</x>
      <y>0.785</y>
      <w>0.12218964</w>
      <t>4200</t>
    </point>
    <point>
      <x>0.43</x>
      <y>0.78333336</y>
      <w>0.12218964</w>
      <t>4200</t>
    </point>
    <point>
      <x>0.43166667</x>
      <y>0.7816667</y>
      <w>0.14760508</w>
      <t>4233</t>
    </point>
    <point>
      <x>0.43333334</x>
      <y>0.7816667</y>
      <w>0.14760508</w>
      <t>4233</t>
    </point>
    <point>
      <x>0.435</x>
      <y>0.78</y>
      <w>0.14760508</w>
      <t>4233</t>
    </point>
    <point>
      <x>0.43666667</x>
      <y>0.78</y>
      <w>0.14760508</w>
      <t>4233</t>
    </point>
    <point>
      <x>0.43833333</x>
      <y>0.78</y>
      <w>0.17790811</w>
      <t>4267</t>
    </point>
    <point>
      <x>0.44</x>
      <y>0.7783333</y>
      <w>0.17790811</w>
      <t>4267</t>
    </point>
    <point>
      <x>0.44333333</x>
      <y>0.7783333</y>
      <w>0.17790811</w>
      <t>4267</t>
    </point>
    <point>
      <x>0.445</x>
      <y>0.7783333</y>
      <w>0.17790811</w>
      <t>4267</t>
    </point>
    <point>
      <x>0.44666666</x>
      <y>0.7783333</y>
      <w>0.17790811</w>
      <t>4267</t>
    </point>
    <point>
      <x>0.44833332</x>
      <y>0.7783333</y>
      <w>0.23264907</w>
      <t>4300</t>
    </point>
    <point>
      <x>0.45</x>
      <y>0.7783333</y>
      <w>0.23264907</w>
      <t>4300</t>
    </point>
    <point>
      <x>0.45166665</x>
      <y>0.7783333</y>
      <w>0.23264907</w>
      <t>4300</t>
    </point>
    <point>
      <x>0.455</x>
      <y>0.7783333</y>
      <w>0.23264907</w>
      <t>4300</t>
    </point>
    <point>
      <x>0.45666668</x>
      <y>0.7783333</y>
      <w>0.2678397</w>
      <t>4334</t>
    </point>
    <point>
      <x>0.45833334</x>
      <y>0.7783333</y>
      <w>0.2678397</w>
      <t>4334</t>
    </point>
    <point>
      <x>0.46</x>
      <y>0.7783333</y>
      <w>0.2678397</w>
      <t>4334</t>
    </point>
    <point>
      <x>0.46166667</x>
      <y>0.7783333</y>
      <w>0.2678397</w>
      <t>4334</t>
    </point>
    <point>
      <x>0.465</x>
      <y>0.78</y>
      <w>0.27565983</w>
      <t>4367</t>
    </point>
    <point>
      <x>0.46666667</x>
      <y>0.78</y>
      <w>0.27565983</w>
      <t>4367</t>
    </point>
    <point>
      <x>0.46833333</x>
      <y>0.78</y>
      <w>0.27565983</w>
      <t>4367</t>
    </point>
    <point>
      <x>0.47</x>
      <y>0.78</y>
      <w>0.27565983</w>
      <t>4367</t>
    </point>
    <point>
      <x>0.47166666</x>
      <y>0.7816667</y>
      <w>0.27565983</w>
      <t>4367</t>
    </point>
    <point>
      <x>0.47333333</x>
      <y>0.7816667</y>
      <w>0.30107528</w>
      <t>4400</t>
    </point>
    <point>
      <x>0.475</x>
      <y>0.78333336</y>
      <w>0.30107528</w>
      <t>4400</t>
    </point>
    <point>
      <x>0.47666666</x>
      <y>0.78333336</y>
      <w>0.30107528</w>
      <t>4400</t>
    </point>
    <point>
      <x>0.47833332</x>
      <y>0.785</y>
      <w>0.34408602</w>
      <t>4434</t>
    </point>
    <point>
      <x>0.48</x>
      <y>0.785</y>
      <w>0.34408602</w>
      <t>4434</t>
    </point>
    <point>
      <x>0.48166665</x>
      <y>0.7866667</y>
      <w>0.34408602</w>
      <t>4434</t>
    </point>
    <point>
      <x>0.48333332</x>
      <y>0.78833336</y>
      <w>0.34408602</w>
      <t>4434</t>
    </point>
    <point>
      <x>0.485</x>
      <y>0.79</y>
      <w>0.36070383</w>
      <t>4467</t>
    </point>
    <point>
      <x>0.48666668</x>
      <y>0.7916667</y>
      <w>0.36070383</w>
      <t>4467</t>
    </point>
    <point>
      <x>0.48833334</x>
      <y>0.7916667</y>
      <w>0.36070383</w>
      <t>4467</t>
    </point>
    <point>
      <x>0.49</x>
      <y>0.79333335</y>
      <w>0.36070383</w>
      <t>4467</t>
    </point>
    <point>
      <x>0.49</x>
      <y>0.795</y>
      <w>0.37438905</w>
      <t>4500</t>
    </point>
    <point>
      <x>0.49166667</x>
      <y>0.795</y>
      <w>0.37438905</w>
      <t>4500</t>
    </point>
    <point>
      <x>0.49333334</x>
      <y>0.7966667</y>
      <w>0.37438905</w>
      <t>4500</t>
    </point>
    <point>
      <x>0.495</x>
      <y>0.7966667</y>
      <w>0.37438905</w>
      <t>4500</t>
    </point>
    <point>
      <x>0.495</x>
      <y>0.79833335</y>
      <w>0.37927663</w>
      <t>4534</t>
    </point>
    <point>
      <x>0.49666667</x>
      <y>0.79833335</y>
      <w>0.37927663</w>
      <t>4534</t>
    </point>
    <point>
      <x>0.49666667</x>
      <y>0.8</y>
      <w>0.37927663</w>
      <t>4534</t>
    </point>
    <point>
      <x>0.49833333</x>
      <y>0.8</y>
      <w>0.37927663</w>
      <t>4534</t>
    </point>
  </stroke>
</character>
