<?xml version="1.0" encoding="UTF-8"?>
<character>
  <stroke time="0">
    <point>
      <x>0.22333333</x>
      <y>0.32333332</y>
      <w>0.19159335</w>
      <t>37</t>
    </point>
    <point>
      <x>0.225</x>
      <y>0.32333332</y>
      <w>0.19159335</w>
      <t>37</t>
    </point>
    <point>
      <x>0.22666667</x>
      <y>0.32333332</y>
      <w>0.31182796</w>
      <t>67</t>
    </point>
    <point>
      <x>0.22666667</x>
      <y>0.325</y>
      <w>0.31182796</w>
      <t>67</t>
    </point>
    <point>
      <x>0.22833334</x>
      <y>0.325</y>
      <w>0.41544476</w>
      <t>100</t>
    </point>
    <point>
      <x>0.22833334</x>
      <y>0.32666665</y>
      <w>0.41544476</w>
      <t>100</t>
    </point>
    <point>
      <x>0.23</x>
      <y>0.32666665</y>
      <w>0.46725318</w>
      <t>134</t>
    </point>
    <point>
      <x>0.23</x>
      <y>0.32833335</y>
      <w>0.46725318</w>
      <t>134</t>
    </point>
    <point>
      <x>0.23166667</x>
      <y>0.32833335</y>
      <w>0.46725318</w>
      <t>134</t>
    </point>
    <point>
      <x>0.23333333</x>
      <y>0.33</y>
      <w>0.46725318</w>
      <t>135</t>
    </point>
    <point>
      <x>0.235</x>
      <y>0.33166668</y>
      <w>0.46725318</w>
      <t>135</t>
    </point>
    <point>
      <x>0.23666666</x>
      <y>0.335</y>
      <w>0.5034213</w>
      <t>168</t>
    </point>
    <point>
      <x>0.23833333</x>
      <y>0.33666667</y>
      <w>0.5034213</w>
      <t>168</t>
    </point>
    <point>
      <x>0.24</x>
      <y>0.33833334</y>
      <w>0.5034213</w>
      <t>168</t>
    </point>
    <point>
      <x>0.24333334</x>
      <y>0.34333333</y>
      <w>0.53176934</w>
      <t>200</t>
    </point>
    <point>
      <x>0.245</x>
      <y>0.34666666</y>
      <w>0.53176934</w>
      <t>200</t>
    </point>
    <point>
      <x>0.24666667</x>
      <y>0.34833333</y>
      <w>0.53176934</w>
      <t>200</t>
    </point>
    <point>
      <x>0.24833333</x>
      <y>0.35</y>
      <w>0.53176934</w>
      <t>201</t>
    </point>
    <point>
      <x>0.25</x>
      <y>0.35166666</y>
      <w>0.5483871</w>
      <t>234</t>
    </point>
    <point>
      <x>0.25</x>
      <y>0.355</y>
      <w>0.5483871</w>
      <t>236</t>
    </point>
    <point>
      <x>0.25</x>
      <y>0.35666665</y>
      <w>0.5669599</w>
      <t>236</t>
    </point>
    <point>
      <x>0.25166667</x>
      <y>0.36</y>
      <w>0.5669599</w>
      <t>236</t>
    </point>
    <point>
      <x>0.25166667</x>
      <y>0.365</y>
      <w>0.6001955</w>
      <t>268</t>
    </point>
    <point>
      <x>0.25166667</x>
      <y>0.37</y>
      <w>0.6001955</w>
      <t>268</t>
    </point>
    <point>
      <x>0.25333333</x>
      <y>0.37333333</y>
      <w>0.6001955</w>
      <t>268</t>
    </point>
    <point>
      <x>0.25333333</x>
      <y>0.37833333</y>
      <w>0.6001955</w>
      <t>269</t>
    </point>
    <point>
      <x>0.25333333</x>
      <y>0.38333333</y>
      <w>0.6001955</w>
      <t>269</t>
    </point>
    <point>
      <x>0.25333333</x>
      <y>0.38666666</y>
      <w>0.6158358</w>
      <t>300</t>
    </point>
    <point>
      <x>0.25333333</x>
      <y>0.39166668</y>
      <w>0.6158358</w>
      <t>300</t>
    </point>
    <point>
      <x>0.25333333</x>
      <y>0.395</y>
      <w>0.6158358</w>
      <t>300</t>
    </point>
    <point>
      <x>0.25333333</x>
      <y>0.39833334</y>
      <w>0.6158358</w>
      <t>301</t>
    </point>
    <point>
      <x>0.25333333</x>
      <y>0.40333334</y>
      <w>0.63245356</w>
      <t>333</t>
    </point>
    <point>
      <x>0.25333333</x>
      <y>0.40833333</y>
      <w>0.63245356</w>
      <t>333</t>
    </point>
    <point>
      <x>0.25333333</x>
      <y>0.415</y>
      <w>0.63245356</w>
      <t>333</t>
    </point>
    <point>
      <x>0.25333333</x>
      <y>0.42</y>
      <w>0.63245356</w>
      <t>334</t>
    </point>
    <point>
      <x>0.25333333</x>
      <y>0.425</y>
      <w>0.63245356</w>
      <t>334</t>
    </point>
    <point>
      <x>0.25333333</x>
      <y>0.43166667</y>
      <w>0.6451613</w>
      <t>367</t>
    </point>
    <point>
      <x>0.25333333</x>
      <y>0.43666667</y>
      <w>0.6451613</w>
      <t>367</t>
    </point>
    <point>
      <x>0.25166667</x>
      <y>0.44333333</y>
      <w>0.6451613</w>
      <t>367</t>
    </point>
    <point>
      <x>0.25166667</x>
      <y>0.45</y>
      <w>0.6451613</w>
      <t>368</t>
    </point>
    <point>
      <x>0.25166667</x>
      <y>0.45666668</y>
      <w>0.6598241</w>
      <t>400</t>
    </point>
    <point>
      <x>0.25</x>
      <y>0.465</y>
      <w>0.6598241</w>
      <t>400</t>
    </point>
    <point>
      <x>0.25</x>
      <y>0.47166666</y>
      <w>0.6598241</w>
      <t>400</t>
    </point>
    <point>
      <x>0.25</x>
      <y>0.47666666</y>
      <w>0.6598241</w>
      <t>401</t>
    </point>
    <point>
      <x>0.25</x>
      <y>0.48166665</y>
      <w>0.6598241</w>
      <t>401</t>
    </point>
    <point>
      <x>0.25</x>
      <y>0.485</y>
      <w>0.67057675</w>
      <t>434</t>
    </point>
    <point>
      <x>0.25</x>
      <y>0.49</y>
      <w>0.67057675</w>
      <t>434</t>
    </point>
    <point>
      <x>0.25</x>
      <y>0.49333334</y>
      <w>0.67057675</w>
      <t>434</t>
    </point>
    <point>
      <x>0.25</x>
      <y>0.49666667</y>
      <w>0.67057675</w>
      <t>434</t>
    </point>
    <point>
      <x>0.25</x>
      <y>0.5</y>
      <w>0.67741936</w>
      <t>467</t>
    </point>
    <point>
      <x>0.25</x>
      <y>0.50333333</y>
      <w>0.67741936</w>
      <t>467</t>
    </point>
    <point>
      <x>0.25</x>
      <y>0.50666666</y>
      <w>0.67741936</w>
      <t>467</t>
    </point>
    <point>
      <x>0.25</x>
      <y>0.51166666</y>
      <w>0.67741936</w>
      <t>467</t>
    </point>
    <point>
      <x>0.25</x>
      <y>0.515</y>
      <w>0.6793744</w>
      <t>500</t>
    </point>
    <point>
      <x>0.25</x>
      <y>0.5183333</y>
      <w>0.6793744</w>
      <t>500</t>
    </point>
    <point>
      <x>0.25166667</x>
      <y>0.52166665</y>
      <w>0.6793744</w>
      <t>500</t>
    </point>
    <point>
      <x>0.25166667</x>
      <y>0.525</y>
      <w>0.6793744</w>
      <t>501</t>
    </point>
    <point>
      <x>0.25166667</x>
      <y>0.52666664</y>
      <w>0.6793744</w>
      <t>501</t>
    </point>
    <point>
      <x>0.25166667</x>
      <y>0.5283333</y>
      <w>0.67741936</w>
      <t>534</t>
    </point>
    <point>
      <x>0.25333333</x>
      <y>0.53</y>
      <w>0.67741936</w>
      <t>534</t>
    </point>
    <point>
      <x>0.25333333</x>
      <y>0.5316667</y>
      <w>0.67741936</w>
      <t>534</t>
    </point>
    <point>
      <x>0.255</x>
      <y>0.53333336</y>
      <w>0.66959924</w>
      <t>567</t>
    </point>
    <point>
      <x>0.25666666</x>
      <y>0.53333336</y>
      <w>0.66959924</w>
      <t>567</t>
    </point>
    <point>
      <x>0.25833333</x>
      <y>0.53333336</y>
      <w>0.65591395</w>
      <t>601</t>
    </point>
    <point>
      <x>0.26</x>
      <y>0.53333336</y>
      <w>0.65591395</w>
      <t>601</t>
    </point>
    <point>
      <x>0.26166666</x>
      <y>0.53333336</y>
      <w>0.65591395</w>
      <t>601</t>
    </point>
    <point>
      <x>0.26333332</x>
      <y>0.53333336</y>
      <w>0.6353861</w>
      <t>634</t>
    </point>
    <point>
      <x>0.26666668</x>
      <y>0.5316667</y>
      <w>0.6353861</w>
      <t>634</t>
    </point>
    <point>
      <x>0.26833335</x>
      <y>0.5316667</y>
      <w>0.6353861</w>
      <t>634</t>
    </point>
    <point>
      <x>0.27</x>
      <y>0.53</y>
      <w>0.6353861</w>
      <t>634</t>
    </point>
    <point>
      <x>0.27166668</x>
      <y>0.5283333</y>
      <w>0.6353861</w>
      <t>636</t>
    </point>
    <point>
      <x>0.27333334</x>
      <y>0.52666664</y>
      <w>0.6041056</w>
      <t>667</t>
    </point>
    <point>
      <x>0.275</x>
      <y>0.525</y>
      <w>0.6041056</w>
      <t>667</t>
    </point>
    <point>
      <x>0.27666667</x>
      <y>0.52166665</y>
      <w>0.6041056</w>
      <t>667</t>
    </point>
    <point>
      <x>0.27833334</x>
      <y>0.52</y>
      <w>0.6041056</w>
      <t>667</t>
    </point>
    <point>
      <x>0.28</x>
      <y>0.51666665</y>
      <w>0.5610948</w>
      <t>701</t>
    </point>
    <point>
      <x>0.28166667</x>
      <y>0.5133333</y>
      <w>0.5610948</w>
      <t>701</t>
    </point>
    <point>
      <x>0.28333333</x>
      <y>0.51</y>
      <w>0.5610948</w>
      <t>701</t>
    </point>
    <point>
      <x>0.285</x>
      <y>0.50666666</y>
      <w>0.5610948</w>
      <t>701</t>
    </point>
    <point>
      <x>0.28833333</x>
      <y>0.50166667</y>
      <w>0.5610948</w>
      <t>701</t>
    </point>
    <point>
      <x>0.29</x>
      <y>0.49666667</y>
      <w>0.4965787</w>
      <t>734</t>
    </point>
    <point>
      <x>0.29166666</x>
      <y>0.49166667</y>
      <w>0.4965787</w>
      <t>734</t>
    </point>
    <point>
      <x>0.29333332</x>
      <y>0.48833334</y>
      <w>0.4965787</w>
      <t>734</t>
    </point>
    <point>
      <x>0.295</x>
      <y>0.48333332</y>
      <w>0.4965787</w>
      <t>734</t>
    </point>
    <point>
      <x>0.29666665</x>
      <y>0.47833332</y>
      <w>0.44281524</w>
      <t>768</t>
    </point>
    <point>
      <x>0.3</x>
      <y>0.475</y>
      <w>0.44281524</w>
      <t>769</t>
    </point>
    <point>
      <x>0.30166668</x>
      <y>0.47</y>
      <w>0.44281524</w>
      <t>769</t>
    </point>
    <point>
      <x>0.30333334</x>
      <y>0.46666667</y>
      <w>0.44281524</w>
      <t>769</t>
    </point>
    <point>
      <x>0.30666667</x>
      <y>0.46166667</y>
      <w>0.44281524</w>
      <t>769</t>
    </point>
    <point>
      <x>0.30833334</x>
      <y>0.45666668</y>
      <w>0.35092863</w>
      <t>800</t>
    </point>
    <point>
      <x>0.31</x>
      <y>0.45166665</y>
      <w>0.35092863</w>
      <t>800</t>
    </point>
    <point>
      <x>0.31333333</x>
      <y>0.44666666</y>
      <w>0.35092863</w>
      <t>800</t>
    </point>
    <point>
      <x>0.31666666</x>
      <y>0.44</y>
      <w>0.35092863</w>
      <t>800</t>
    </point>
    <point>
      <x>0.31833333</x>
      <y>0.43333334</y>
      <w>0.17302053</w>
      <t>834</t>
    </point>
    <point>
      <x>0.32166666</x>
      <y>0.42666668</y>
      <w>0.17302053</w>
      <t>834</t>
    </point>
    <point>
      <x>0.32666665</x>
      <y>0.42</y>
      <w>0.17302053</w>
      <t>834</t>
    </point>
    <point>
      <x>0.33</x>
      <y>0.41166666</y>
      <w>0.17302053</w>
      <t>834</t>
    </point>
    <point>
      <x>0.335</x>
      <y>0.40333334</y>
      <w>0.02346041</w>
      <t>867</t>
    </point>
    <point>
      <x>0.34</x>
      <y>0.39666668</y>
      <w>0.02346041</w>
      <t>867</t>
    </point>
    <point>
      <x>0.345</x>
      <y>0.38833332</y>
      <w>0.02346041</w>
      <t>867</t>
    </point>
  </stroke>
  <stroke time="1334">
    <point>
      <x>0.42</x>
      <y>0.25333333</y>
      <w>0.18768328</w>
      <t>1367</t>
    </point>
    <point>
      <x>0.42166665</x>
      <y>0.25333333</y>
      <w>0.18768328</w>
      <t>1367</t>
    </point>
    <point>
      <x>0.42333335</x>
      <y>0.25333333</y>
      <w>0.28250244</w>
      <t>1401</t>
    </point>
    <point>
      <x>0.425</x>
      <y>0.25333333</y>
      <w>0.28250244</w>
      <t>1401</t>
    </point>
    <point>
      <x>0.42666668</x>
      <y>0.255</y>
      <w>0.28250244</w>
      <t>1401</t>
    </point>
    <point>
      <x>0.42833334</x>
      <y>0.255</y>
      <w>0.28250244</w>
      <t>1401</t>
    </point>
    <point>
      <x>0.43</x>
      <y>0.25666666</y>
      <w>0.342131</w>
      <t>1434</t>
    </point>
    <point>
      <x>0.43166667</x>
      <y>0.25666666</y>
      <w>0.342131</w>
      <t>1434</t>
    </point>
    <point>
      <x>0.43166667</x>
      <y>0.25833333</y>
      <w>0.342131</w>
      <t>1434</t>
    </point>
    <point>
      <x>0.43333334</x>
      <y>0.25833333</y>
      <w>0.40664712</w>
      <t>1467</t>
    </point>
    <point>
      <x>0.435</x>
      <y>0.26</y>
      <w>0.40664712</w>
      <t>1467</t>
    </point>
    <point>
      <x>0.43666667</x>
      <y>0.26166666</y>
      <w>0.40664712</w>
      <t>1467</t>
    </point>
    <point>
      <x>0.43833333</x>
      <y>0.26333332</y>
      <w>0.40664712</w>
      <t>1467</t>
    </point>
    <point>
      <x>0.44</x>
      <y>0.265</y>
      <w>0.4467253</w>
      <t>1500</t>
    </point>
    <point>
      <x>0.44166666</x>
      <y>0.26666668</y>
      <w>0.4467253</w>
      <t>1500</t>
    </point>
    <point>
      <x>0.44333333</x>
      <y>0.26833335</y>
      <w>0.4467253</w>
      <t>1500</t>
    </point>
    <point>
      <x>0.445</x>
      <y>0.27</y>
      <w>0.4467253</w>
      <t>1500</t>
    </point>
    <point>
      <x>0.445</x>
      <y>0.27333334</y>
      <w>0.47018573</w>
      <t>1534</t>
    </point>
    <point>
      <x>0.44666666</x>
      <y>0.275</y>
      <w>0.47018573</w>
      <t>1534</t>
    </point>
    <point>
      <x>0.44666666</x>
      <y>0.27666667</y>
      <w>0.47018573</w>
      <t>1534</t>
    </point>
    <point>
      <x>0.44833332</x>
      <y>0.27833334</y>
      <w>0.47018573</w>
      <t>1534</t>
    </point>
    <point>
      <x>0.44833332</x>
      <y>0.28</y>
      <w>0.47018573</w>
      <t>1534</t>
    </point>
    <point>
      <x>0.44833332</x>
      <y>0.28166667</y>
      <w>0.514174</w>
      <t>1567</t>
    </point>
    <point>
      <x>0.45</x>
      <y>0.28333333</y>
      <w>0.514174</w>
      <t>1567</t>
    </point>
    <point>
      <x>0.45</x>
      <y>0.28666666</y>
      <w>0.514174</w>
      <t>1567</t>
    </point>
    <point>
      <x>0.45166665</x>
      <y>0.28833333</y>
      <w>0.514174</w>
      <t>1567</t>
    </point>
    <point>
      <x>0.45166665</x>
      <y>0.29</y>
      <w>0.5366569</w>
      <t>1600</t>
    </point>
    <point>
      <x>0.45166665</x>
      <y>0.29333332</y>
      <w>0.5366569</w>
      <t>1600</t>
    </point>
    <point>
      <x>0.45333335</x>
      <y>0.295</y>
      <w>0.5366569</w>
      <t>1600</t>
    </point>
    <point>
      <x>0.45333335</x>
      <y>0.29666665</y>
      <w>0.5366569</w>
      <t>1600</t>
    </point>
    <point>
      <x>0.45333335</x>
      <y>0.3</y>
      <w>0.5483871</w>
      <t>1634</t>
    </point>
    <point>
      <x>0.455</x>
      <y>0.30333334</y>
      <w>0.5483871</w>
      <t>1634</t>
    </point>
    <point>
      <x>0.455</x>
      <y>0.305</y>
      <w>0.5483871</w>
      <t>1634</t>
    </point>
    <point>
      <x>0.455</x>
      <y>0.30833334</y>
      <w>0.5483871</w>
      <t>1634</t>
    </point>
    <point>
      <x>0.45666668</x>
      <y>0.31166667</y>
      <w>0.5483871</w>
      <t>1634</t>
    </point>
    <point>
      <x>0.45666668</x>
      <y>0.31333333</y>
      <w>0.5581623</w>
      <t>1667</t>
    </point>
    <point>
      <x>0.45833334</x>
      <y>0.315</y>
      <w>0.5581623</w>
      <t>1667</t>
    </point>
    <point>
      <x>0.45833334</x>
      <y>0.31666666</y>
      <w>0.5581623</w>
      <t>1667</t>
    </point>
    <point>
      <x>0.45833334</x>
      <y>0.32</y>
      <w>0.5581623</w>
      <t>1667</t>
    </point>
    <point>
      <x>0.46</x>
      <y>0.32166666</y>
      <w>0.56989247</w>
      <t>1701</t>
    </point>
    <point>
      <x>0.46</x>
      <y>0.32333332</y>
      <w>0.56989247</w>
      <t>1701</t>
    </point>
    <point>
      <x>0.46166667</x>
      <y>0.325</y>
      <w>0.56989247</w>
      <t>1701</t>
    </point>
    <point>
      <x>0.46166667</x>
      <y>0.32666665</y>
      <w>0.56989247</w>
      <t>1701</t>
    </point>
    <point>
      <x>0.46166667</x>
      <y>0.32833335</y>
      <w>0.56989247</w>
      <t>1701</t>
    </point>
    <point>
      <x>0.46333334</x>
      <y>0.33</y>
      <w>0.57087</w>
      <t>1734</t>
    </point>
    <point>
      <x>0.46333334</x>
      <y>0.33166668</y>
      <w>0.57087</w>
      <t>1734</t>
    </point>
    <point>
      <x>0.465</x>
      <y>0.33333334</y>
      <w>0.57087</w>
      <t>1734</t>
    </point>
    <point>
      <x>0.465</x>
      <y>0.335</y>
      <w>0.57087</w>
      <t>1734</t>
    </point>
    <point>
      <x>0.46666667</x>
      <y>0.33666667</y>
      <w>0.57087</w>
      <t>1767</t>
    </point>
    <point>
      <x>0.46833333</x>
      <y>0.33833334</y>
      <w>0.57087</w>
      <t>1767</t>
    </point>
    <point>
      <x>0.47</x>
      <y>0.33833334</y>
      <w>0.57087</w>
      <t>1767</t>
    </point>
    <point>
      <x>0.47</x>
      <y>0.34</y>
      <w>0.57087</w>
      <t>1767</t>
    </point>
    <point>
      <x>0.47166666</x>
      <y>0.34</y>
      <w>0.56989247</w>
      <t>1801</t>
    </point>
    <point>
      <x>0.47333333</x>
      <y>0.34</y>
      <w>0.56989247</w>
      <t>1801</t>
    </point>
    <point>
      <x>0.475</x>
      <y>0.34166667</y>
      <w>0.56989247</w>
      <t>1801</t>
    </point>
    <point>
      <x>0.47666666</x>
      <y>0.34166667</y>
      <w>0.56989247</w>
      <t>1801</t>
    </point>
    <point>
      <x>0.48</x>
      <y>0.34166667</y>
      <w>0.57380253</w>
      <t>1834</t>
    </point>
    <point>
      <x>0.48166665</x>
      <y>0.34166667</y>
      <w>0.57380253</w>
      <t>1834</t>
    </point>
    <point>
      <x>0.485</x>
      <y>0.34166667</y>
      <w>0.57380253</w>
      <t>1834</t>
    </point>
    <point>
      <x>0.48833334</x>
      <y>0.34166667</y>
      <w>0.57380253</w>
      <t>1834</t>
    </point>
    <point>
      <x>0.49166667</x>
      <y>0.34166667</y>
      <w>0.57380253</w>
      <t>1834</t>
    </point>
    <point>
      <x>0.495</x>
      <y>0.34166667</y>
      <w>0.57380253</w>
      <t>1867</t>
    </point>
    <point>
      <x>0.5</x>
      <y>0.34166667</y>
      <w>0.57380253</w>
      <t>1867</t>
    </point>
    <point>
      <x>0.50333333</x>
      <y>0.34166667</y>
      <w>0.57380253</w>
      <t>1867</t>
    </point>
    <point>
      <x>0.5083333</x>
      <y>0.34166667</y>
      <w>0.57380253</w>
      <t>1867</t>
    </point>
    <point>
      <x>0.5133333</x>
      <y>0.34</y>
      <w>0.56989247</w>
      <t>1901</t>
    </point>
    <point>
      <x>0.51666665</x>
      <y>0.33833334</y>
      <w>0.56989247</w>
      <t>1901</t>
    </point>
    <point>
      <x>0.52166665</x>
      <y>0.33666667</y>
      <w>0.56989247</w>
      <t>1901</t>
    </point>
    <point>
      <x>0.52666664</x>
      <y>0.335</y>
      <w>0.56989247</w>
      <t>1901</t>
    </point>
    <point>
      <x>0.53333336</x>
      <y>0.33333334</y>
      <w>0.56989247</w>
      <t>1901</t>
    </point>
    <point>
      <x>0.53833336</x>
      <y>0.33166668</y>
      <w>0.5610948</w>
      <t>1934</t>
    </point>
    <point>
      <x>0.54333335</x>
      <y>0.33</y>
      <w>0.5610948</w>
      <t>1934</t>
    </point>
    <point>
      <x>0.55</x>
      <y>0.32666665</y>
      <w>0.5610948</w>
      <t>1934</t>
    </point>
    <point>
      <x>0.555</x>
      <y>0.325</y>
      <w>0.5610948</w>
      <t>1934</t>
    </point>
    <point>
      <x>0.56166667</x>
      <y>0.32166666</y>
      <w>0.5483871</w>
      <t>1967</t>
    </point>
    <point>
      <x>0.56666666</x>
      <y>0.32</y>
      <w>0.5483871</w>
      <t>1967</t>
    </point>
    <point>
      <x>0.5733333</x>
      <y>0.31666666</y>
      <w>0.5483871</w>
      <t>1967</t>
    </point>
    <point>
      <x>0.58</x>
      <y>0.315</y>
      <w>0.5483871</w>
      <t>1967</t>
    </point>
    <point>
      <x>0.585</x>
      <y>0.31166667</y>
      <w>0.53372437</w>
      <t>2000</t>
    </point>
    <point>
      <x>0.59166664</x>
      <y>0.30833334</y>
      <w>0.53372437</w>
      <t>2000</t>
    </point>
    <point>
      <x>0.5966667</x>
      <y>0.30666667</y>
      <w>0.53372437</w>
      <t>2000</t>
    </point>
    <point>
      <x>0.60333335</x>
      <y>0.30333334</y>
      <w>0.53372437</w>
      <t>2000</t>
    </point>
    <point>
      <x>0.60833335</x>
      <y>0.30166668</y>
      <w>0.53372437</w>
      <t>2000</t>
    </point>
    <point>
      <x>0.61333334</x>
      <y>0.29833335</y>
      <w>0.5102639</w>
      <t>2034</t>
    </point>
    <point>
      <x>0.61833334</x>
      <y>0.29666665</y>
      <w>0.5102639</w>
      <t>2034</t>
    </point>
    <point>
      <x>0.62166667</x>
      <y>0.295</y>
      <w>0.5102639</w>
      <t>2034</t>
    </point>
    <point>
      <x>0.62666667</x>
      <y>0.29333332</y>
      <w>0.5102639</w>
      <t>2034</t>
    </point>
    <point>
      <x>0.63</x>
      <y>0.29</y>
      <w>0.4750733</w>
      <t>2067</t>
    </point>
    <point>
      <x>0.635</x>
      <y>0.28833333</y>
      <w>0.4750733</w>
      <t>2067</t>
    </point>
    <point>
      <x>0.63666666</x>
      <y>0.28833333</y>
      <w>0.4750733</w>
      <t>2067</t>
    </point>
    <point>
      <x>0.64</x>
      <y>0.28666666</y>
      <w>0.4750733</w>
      <t>2067</t>
    </point>
    <point>
      <x>0.64166665</x>
      <y>0.285</y>
      <w>0.4750733</w>
      <t>2067</t>
    </point>
    <point>
      <x>0.6433333</x>
      <y>0.28333333</y>
      <w>0.4467253</w>
      <t>2100</t>
    </point>
    <point>
      <x>0.645</x>
      <y>0.28166667</y>
      <w>0.4467253</w>
      <t>2100</t>
    </point>
    <point>
      <x>0.64666665</x>
      <y>0.28166667</y>
      <w>0.4467253</w>
      <t>2100</t>
    </point>
    <point>
      <x>0.64666665</x>
      <y>0.28</y>
      <w>0.4340176</w>
      <t>2134</t>
    </point>
    <point>
      <x>0.6483333</x>
      <y>0.27833334</y>
      <w>0.4340176</w>
      <t>2134</t>
    </point>
    <point>
      <x>0.6483333</x>
      <y>0.27666667</y>
      <w>0.4340176</w>
      <t>2134</t>
    </point>
    <point>
      <x>0.65</x>
      <y>0.275</y>
      <w>0.4340176</w>
      <t>2134</t>
    </point>
    <point>
      <x>0.65166664</x>
      <y>0.27333334</y>
      <w>0.41544476</w>
      <t>2167</t>
    </point>
    <point>
      <x>0.6533333</x>
      <y>0.27166668</y>
      <w>0.41544476</w>
      <t>2167</t>
    </point>
    <point>
      <x>0.6533333</x>
      <y>0.27</y>
      <w>0.41544476</w>
      <t>2167</t>
    </point>
    <point>
      <x>0.655</x>
      <y>0.26833335</y>
      <w>0.40078202</w>
      <t>2201</t>
    </point>
    <point>
      <x>0.655</x>
      <y>0.26666668</y>
      <w>0.39784947</w>
      <t>2233</t>
    </point>
    <point>
      <x>0.655</x>
      <y>0.265</y>
      <w>0.40664712</w>
      <t>2268</t>
    </point>
    <point>
      <x>0.655</x>
      <y>0.26333332</y>
      <w>0.40664712</w>
      <t>2268</t>
    </point>
    <point>
      <x>0.6533333</x>
      <y>0.26166666</y>
      <w>0.39784947</w>
      <t>2301</t>
    </point>
    <point>
      <x>0.65166664</x>
      <y>0.26</y>
      <w>0.39784947</w>
      <t>2301</t>
    </point>
    <point>
      <x>0.65</x>
      <y>0.25833333</y>
      <w>0.39784947</w>
      <t>2301</t>
    </point>
    <point>
      <x>0.6483333</x>
      <y>0.25833333</y>
      <w>0.39784947</w>
      <t>2301</t>
    </point>
    <point>
      <x>0.6483333</x>
      <y>0.25666666</y>
      <w>0.38514173</w>
      <t>2334</t>
    </point>
    <point>
      <x>0.64666665</x>
      <y>0.25666666</y>
      <w>0.38514173</w>
      <t>2334</t>
    </point>
    <point>
      <x>0.645</x>
      <y>0.255</y>
      <w>0.38514173</w>
      <t>2334</t>
    </point>
    <point>
      <x>0.64166665</x>
      <y>0.255</y>
      <w>0.38514173</w>
      <t>2334</t>
    </point>
    <point>
      <x>0.64</x>
      <y>0.25333333</y>
      <w>0.38514173</w>
      <t>2367</t>
    </point>
    <point>
      <x>0.6383333</x>
      <y>0.25333333</y>
      <w>0.38514173</w>
      <t>2367</t>
    </point>
    <point>
      <x>0.63666666</x>
      <y>0.25166667</y>
      <w>0.38514173</w>
      <t>2367</t>
    </point>
    <point>
      <x>0.635</x>
      <y>0.25166667</y>
      <w>0.38514173</w>
      <t>2367</t>
    </point>
    <point>
      <x>0.63166666</x>
      <y>0.25</y>
      <w>0.38514173</w>
      <t>2367</t>
    </point>
    <point>
      <x>0.63</x>
      <y>0.25</y>
      <w>0.38220918</w>
      <t>2401</t>
    </point>
    <point>
      <x>0.62833333</x>
      <y>0.24833333</y>
      <w>0.38220918</w>
      <t>2401</t>
    </point>
    <point>
      <x>0.625</x>
      <y>0.24833333</y>
      <w>0.38220918</w>
      <t>2401</t>
    </point>
    <point>
      <x>0.62333333</x>
      <y>0.24833333</y>
      <w>0.38220918</w>
      <t>2401</t>
    </point>
    <point>
      <x>0.62</x>
      <y>0.24833333</y>
      <w>0.37243402</w>
      <t>2434</t>
    </point>
    <point>
      <x>0.61833334</x>
      <y>0.24833333</y>
      <w>0.37243402</w>
      <t>2434</t>
    </point>
    <point>
      <x>0.6166667</x>
      <y>0.24666667</y>
      <w>0.37243402</w>
      <t>2434</t>
    </point>
    <point>
      <x>0.61333334</x>
      <y>0.24666667</y>
      <w>0.37243402</w>
      <t>2434</t>
    </point>
    <point>
      <x>0.6116667</x>
      <y>0.24666667</y>
      <w>0.37243402</w>
      <t>2434</t>
    </point>
    <point>
      <x>0.61</x>
      <y>0.24666667</y>
      <w>0.33822092</w>
      <t>2467</t>
    </point>
    <point>
      <x>0.6066667</x>
      <y>0.24666667</y>
      <w>0.33822092</w>
      <t>2467</t>
    </point>
    <point>
      <x>0.60333335</x>
      <y>0.24666667</y>
      <w>0.33822092</w>
      <t>2467</t>
    </point>
    <point>
      <x>0.6016667</x>
      <y>0.24666667</y>
      <w>0.33822092</w>
      <t>2467</t>
    </point>
    <point>
      <x>0.59833336</x>
      <y>0.24666667</y>
      <w>0.27663735</w>
      <t>2501</t>
    </point>
    <point>
      <x>0.595</x>
      <y>0.24666667</y>
      <w>0.27663735</w>
      <t>2501</t>
    </point>
    <point>
      <x>0.59</x>
      <y>0.24666667</y>
      <w>0.27663735</w>
      <t>2501</t>
    </point>
    <point>
      <x>0.58666664</x>
      <y>0.24833333</y>
      <w>0.27663735</w>
      <t>2501</t>
    </point>
    <point>
      <x>0.5833333</x>
      <y>0.25</y>
      <w>0.27663735</w>
      <t>2501</t>
    </point>
    <point>
      <x>0.58</x>
      <y>0.25</y>
      <w>0.18768328</w>
      <t>2534</t>
    </point>
    <point>
      <x>0.57666665</x>
      <y>0.25166667</y>
      <w>0.18768328</w>
      <t>2534</t>
    </point>
    <point>
      <x>0.5733333</x>
      <y>0.25333333</y>
      <w>0.18768328</w>
      <t>2534</t>
    </point>
    <point>
      <x>0.57166666</x>
      <y>0.255</y>
      <w>0.18768328</w>
      <t>2534</t>
    </point>
    <point>
      <x>0.5683333</x>
      <y>0.25666666</y>
      <w>0.18768328</w>
      <t>2567</t>
    </point>
    <point>
      <x>0.56666666</x>
      <y>0.25833333</y>
      <w>0.18768328</w>
      <t>2567</t>
    </point>
    <point>
      <x>0.565</x>
      <y>0.26</y>
      <w>0.18768328</w>
      <t>2567</t>
    </point>
    <point>
      <x>0.56333333</x>
      <y>0.26166666</y>
      <w>0.19354838</w>
      <t>2601</t>
    </point>
    <point>
      <x>0.56333333</x>
      <y>0.26333332</y>
      <w>0.19354838</w>
      <t>2601</t>
    </point>
    <point>
      <x>0.56333333</x>
      <y>0.265</y>
      <w>0.19354838</w>
      <t>2601</t>
    </point>
    <point>
      <x>0.56333333</x>
      <y>0.26666668</y>
      <w>0.22873901</w>
      <t>2633</t>
    </point>
    <point>
      <x>0.56333333</x>
      <y>0.26833335</y>
      <w>0.22873901</w>
      <t>2633</t>
    </point>
    <point>
      <x>0.56333333</x>
      <y>0.27</y>
      <w>0.22873901</w>
      <t>2633</t>
    </point>
    <point>
      <x>0.56333333</x>
      <y>0.27166668</y>
      <w>0.3264907</w>
      <t>2667</t>
    </point>
    <point>
      <x>0.56333333</x>
      <y>0.27333334</y>
      <w>0.3264907</w>
      <t>2667</t>
    </point>
    <point>
      <x>0.56333333</x>
      <y>0.275</y>
      <w>0.3264907</w>
      <t>2667</t>
    </point>
    <point>
      <x>0.56333333</x>
      <y>0.27833334</y>
      <w>0.3264907</w>
      <t>2667</t>
    </point>
    <point>
      <x>0.56333333</x>
      <y>0.28</y>
      <w>0.398827</w>
      <t>2700</t>
    </point>
    <point>
      <x>0.56333333</x>
      <y>0.28166667</y>
      <w>0.398827</w>
      <t>2700</t>
    </point>
    <point>
      <x>0.56333333</x>
      <y>0.285</y>
      <w>0.398827</w>
      <t>2700</t>
    </point>
    <point>
      <x>0.56333333</x>
      <y>0.28666666</y>
      <w>0.398827</w>
      <t>2700</t>
    </point>
    <point>
      <x>0.56333333</x>
      <y>0.29</y>
      <w>0.46432063</w>
      <t>2734</t>
    </point>
    <point>
      <x>0.56333333</x>
      <y>0.29333332</y>
      <w>0.46432063</w>
      <t>2734</t>
    </point>
    <point>
      <x>0.56166667</x>
      <y>0.29666665</y>
      <w>0.46432063</w>
      <t>2734</t>
    </point>
    <point>
      <x>0.56166667</x>
      <y>0.3</y>
      <w>0.46432063</w>
      <t>2734</t>
    </point>
    <point>
      <x>0.56166667</x>
      <y>0.30333334</y>
      <w>0.46432063</w>
      <t>2734</t>
    </point>
    <point>
      <x>0.56166667</x>
      <y>0.305</y>
      <w>0.5043988</w>
      <t>2767</t>
    </point>
    <point>
      <x>0.56166667</x>
      <y>0.30833334</y>
      <w>0.5043988</w>
      <t>2767</t>
    </point>
    <point>
      <x>0.56166667</x>
      <y>0.31166667</y>
      <w>0.5043988</w>
      <t>2767</t>
    </point>
    <point>
      <x>0.56166667</x>
      <y>0.315</y>
      <w>0.5043988</w>
      <t>2767</t>
    </point>
    <point>
      <x>0.56166667</x>
      <y>0.31833333</y>
      <w>0.53861195</w>
      <t>2801</t>
    </point>
    <point>
      <x>0.56166667</x>
      <y>0.32333332</y>
      <w>0.53861195</w>
      <t>2801</t>
    </point>
    <point>
      <x>0.56166667</x>
      <y>0.32833335</y>
      <w>0.53861195</w>
      <t>2801</t>
    </point>
    <point>
      <x>0.56166667</x>
      <y>0.33333334</y>
      <w>0.53861195</w>
      <t>2801</t>
    </point>
    <point>
      <x>0.56166667</x>
      <y>0.33666667</y>
      <w>0.53861195</w>
      <t>2801</t>
    </point>
    <point>
      <x>0.56166667</x>
      <y>0.34166667</y>
      <w>0.5650049</w>
      <t>2834</t>
    </point>
    <point>
      <x>0.56166667</x>
      <y>0.34666666</y>
      <w>0.5650049</w>
      <t>2834</t>
    </point>
    <point>
      <x>0.56166667</x>
      <y>0.35</y>
      <w>0.5650049</w>
      <t>2834</t>
    </point>
    <point>
      <x>0.56333333</x>
      <y>0.355</y>
      <w>0.5650049</w>
      <t>2834</t>
    </point>
    <point>
      <x>0.56333333</x>
      <y>0.36</y>
      <w>0.5884653</w>
      <t>2867</t>
    </point>
    <point>
      <x>0.565</x>
      <y>0.36333334</y>
      <w>0.5884653</w>
      <t>2867</t>
    </point>
    <point>
      <x>0.565</x>
      <y>0.36833334</y>
      <w>0.5884653</w>
      <t>2867</t>
    </point>
    <point>
      <x>0.565</x>
      <y>0.37333333</y>
      <w>0.5884653</w>
      <t>2867</t>
    </point>
    <point>
      <x>0.565</x>
      <y>0.37833333</y>
      <w>0.62463343</w>
      <t>2901</t>
    </point>
    <point>
      <x>0.565</x>
      <y>0.38166666</y>
      <w>0.62463343</w>
      <t>2901</t>
    </point>
    <point>
      <x>0.56666666</x>
      <y>0.38666666</y>
      <w>0.62463343</w>
      <t>2901</t>
    </point>
    <point>
      <x>0.56666666</x>
      <y>0.39166668</y>
      <w>0.62463343</w>
      <t>2901</t>
    </point>
    <point>
      <x>0.56666666</x>
      <y>0.39666668</y>
      <w>0.62463343</w>
      <t>2901</t>
    </point>
    <point>
      <x>0.56666666</x>
      <y>0.40166667</y>
      <w>0.6353861</w>
      <t>2934</t>
    </point>
    <point>
      <x>0.5683333</x>
      <y>0.40666667</y>
      <w>0.6353861</w>
      <t>2934</t>
    </point>
    <point>
      <x>0.5683333</x>
      <y>0.41333333</y>
      <w>0.6353861</w>
      <t>2934</t>
    </point>
    <point>
      <x>0.5683333</x>
      <y>0.41833332</y>
      <w>0.6353861</w>
      <t>2934</t>
    </point>
    <point>
      <x>0.5683333</x>
      <y>0.425</y>
      <w>0.64907134</w>
      <t>2967</t>
    </point>
    <point>
      <x>0.5683333</x>
      <y>0.43</y>
      <w>0.64907134</w>
      <t>2967</t>
    </point>
    <point>
      <x>0.5683333</x>
      <y>0.435</y>
      <w>0.64907134</w>
      <t>2967</t>
    </point>
    <point>
      <x>0.57</x>
      <y>0.44</y>
      <w>0.64907134</w>
      <t>2967</t>
    </point>
    <point>
      <x>0.57</x>
      <y>0.445</y>
      <w>0.64907134</w>
      <t>2967</t>
    </point>
    <point>
      <x>0.57</x>
      <y>0.45166665</y>
      <w>0.6617791</w>
      <t>3001</t>
    </point>
    <point>
      <x>0.57</x>
      <y>0.45666668</y>
      <w>0.6617791</w>
      <t>3001</t>
    </point>
    <point>
      <x>0.57</x>
      <y>0.46166667</y>
      <w>0.6617791</w>
      <t>3001</t>
    </point>
    <point>
      <x>0.57</x>
      <y>0.46833333</y>
      <w>0.6617791</w>
      <t>3001</t>
    </point>
    <point>
      <x>0.57</x>
      <y>0.475</y>
      <w>0.66373414</w>
      <t>3034</t>
    </point>
    <point>
      <x>0.57</x>
      <y>0.48</y>
      <w>0.66373414</w>
      <t>3034</t>
    </point>
    <point>
      <x>0.57</x>
      <y>0.48666668</y>
      <w>0.66373414</w>
      <t>3034</t>
    </point>
    <point>
      <x>0.57</x>
      <y>0.49166667</y>
      <w>0.66373414</w>
      <t>3034</t>
    </point>
    <point>
      <x>0.57</x>
      <y>0.49833333</y>
      <w>0.66373414</w>
      <t>3034</t>
    </point>
    <point>
      <x>0.57</x>
      <y>0.50333333</y>
      <w>0.66471165</w>
      <t>3067</t>
    </point>
    <point>
      <x>0.57</x>
      <y>0.5083333</y>
      <w>0.66471165</w>
      <t>3067</t>
    </point>
    <point>
      <x>0.57</x>
      <y>0.515</y>
      <w>0.66471165</w>
      <t>3067</t>
    </point>
    <point>
      <x>0.57</x>
      <y>0.52166665</y>
      <w>0.66471165</w>
      <t>3067</t>
    </point>
    <point>
      <x>0.57</x>
      <y>0.52666664</y>
      <w>0.6656892</w>
      <t>3101</t>
    </point>
    <point>
      <x>0.57</x>
      <y>0.5316667</y>
      <w>0.6656892</w>
      <t>3101</t>
    </point>
    <point>
      <x>0.57</x>
      <y>0.5366667</y>
      <w>0.6656892</w>
      <t>3101</t>
    </point>
    <point>
      <x>0.57</x>
      <y>0.5416667</y>
      <w>0.6656892</w>
      <t>3101</t>
    </point>
    <point>
      <x>0.57</x>
      <y>0.5466667</y>
      <w>0.6656892</w>
      <t>3101</t>
    </point>
    <point>
      <x>0.57</x>
      <y>0.55333334</y>
      <w>0.6656892</w>
      <t>3134</t>
    </point>
    <point>
      <x>0.57</x>
      <y>0.55833334</y>
      <w>0.6656892</w>
      <t>3134</t>
    </point>
    <point>
      <x>0.57</x>
      <y>0.565</y>
      <w>0.6656892</w>
      <t>3134</t>
    </point>
    <point>
      <x>0.57</x>
      <y>0.57</y>
      <w>0.6656892</w>
      <t>3134</t>
    </point>
    <point>
      <x>0.57</x>
      <y>0.57666665</y>
      <w>0.6656892</w>
      <t>3167</t>
    </point>
    <point>
      <x>0.57</x>
      <y>0.58166665</y>
      <w>0.6656892</w>
      <t>3167</t>
    </point>
    <point>
      <x>0.57</x>
      <y>0.58666664</y>
      <w>0.6656892</w>
      <t>3167</t>
    </point>
    <point>
      <x>0.57</x>
      <y>0.59166664</y>
      <w>0.6656892</w>
      <t>3167</t>
    </point>
    <point>
      <x>0.57</x>
      <y>0.59833336</y>
      <w>0.6627566</w>
      <t>3200</t>
    </point>
    <point>
      <x>0.5683333</x>
      <y>0.60333335</y>
      <w>0.6627566</w>
      <t>3200</t>
    </point>
    <point>
      <x>0.5683333</x>
      <y>0.60833335</y>
      <w>0.6627566</w>
      <t>3200</t>
    </point>
    <point>
      <x>0.5683333</x>
      <y>0.61333334</y>
      <w>0.6627566</w>
      <t>3200</t>
    </point>
    <point>
      <x>0.5683333</x>
      <y>0.61833334</y>
      <w>0.6627566</w>
      <t>3200</t>
    </point>
    <point>
      <x>0.5683333</x>
      <y>0.62333333</y>
      <w>0.6598241</w>
      <t>3234</t>
    </point>
    <point>
      <x>0.5683333</x>
      <y>0.62833333</y>
      <w>0.6598241</w>
      <t>3234</t>
    </point>
    <point>
      <x>0.56666666</x>
      <y>0.63166666</y>
      <w>0.6598241</w>
      <t>3234</t>
    </point>
    <point>
      <x>0.56666666</x>
      <y>0.63666666</y>
      <w>0.6598241</w>
      <t>3234</t>
    </point>
    <point>
      <x>0.56666666</x>
      <y>0.64166665</y>
      <w>0.65493643</w>
      <t>3267</t>
    </point>
    <point>
      <x>0.56666666</x>
      <y>0.645</y>
      <w>0.65493643</w>
      <t>3267</t>
    </point>
    <point>
      <x>0.565</x>
      <y>0.65</y>
      <w>0.65493643</w>
      <t>3267</t>
    </point>
    <point>
      <x>0.565</x>
      <y>0.6533333</y>
      <w>0.65493643</w>
      <t>3267</t>
    </point>
    <point>
      <x>0.565</x>
      <y>0.65833336</y>
      <w>0.65493643</w>
      <t>3267</t>
    </point>
    <point>
      <x>0.56333333</x>
      <y>0.66333336</y>
      <w>0.6539589</w>
      <t>3301</t>
    </point>
    <point>
      <x>0.56333333</x>
      <y>0.6666667</y>
      <w>0.6539589</w>
      <t>3301</t>
    </point>
    <point>
      <x>0.56333333</x>
      <y>0.6716667</y>
      <w>0.6539589</w>
      <t>3301</t>
    </point>
    <point>
      <x>0.56166667</x>
      <y>0.675</y>
      <w>0.6539589</w>
      <t>3301</t>
    </point>
    <point>
      <x>0.56166667</x>
      <y>0.67833334</y>
      <w>0.64907134</w>
      <t>3334</t>
    </point>
    <point>
      <x>0.56166667</x>
      <y>0.68333334</y>
      <w>0.64907134</w>
      <t>3334</t>
    </point>
    <point>
      <x>0.56</x>
      <y>0.68666667</y>
      <w>0.64907134</w>
      <t>3334</t>
    </point>
    <point>
      <x>0.56</x>
      <y>0.69</y>
      <w>0.64907134</w>
      <t>3334</t>
    </point>
    <point>
      <x>0.55833334</x>
      <y>0.6933333</y>
      <w>0.64907134</w>
      <t>3334</t>
    </point>
    <point>
      <x>0.55833334</x>
      <y>0.69666666</y>
      <w>0.6334311</w>
      <t>3367</t>
    </point>
    <point>
      <x>0.5566667</x>
      <y>0.7</y>
      <w>0.6334311</w>
      <t>3367</t>
    </point>
    <point>
      <x>0.5566667</x>
      <y>0.7033333</y>
      <w>0.6334311</w>
      <t>3367</t>
    </point>
    <point>
      <x>0.555</x>
      <y>0.70666665</y>
      <w>0.6334311</w>
      <t>3367</t>
    </point>
    <point>
      <x>0.55333334</x>
      <y>0.71166664</y>
      <w>0.6217009</w>
      <t>3401</t>
    </point>
    <point>
      <x>0.55333334</x>
      <y>0.715</y>
      <w>0.6217009</w>
      <t>3401</t>
    </point>
    <point>
      <x>0.5516667</x>
      <y>0.72</y>
      <w>0.6217009</w>
      <t>3401</t>
    </point>
    <point>
      <x>0.55</x>
      <y>0.72333336</y>
      <w>0.6217009</w>
      <t>3401</t>
    </point>
    <point>
      <x>0.55</x>
      <y>0.7266667</y>
      <w>0.6217009</w>
      <t>3401</t>
    </point>
    <point>
      <x>0.54833335</x>
      <y>0.73</y>
      <w>0.61290324</w>
      <t>3434</t>
    </point>
    <point>
      <x>0.5466667</x>
      <y>0.73333335</y>
      <w>0.61290324</w>
      <t>3434</t>
    </point>
    <point>
      <x>0.545</x>
      <y>0.73833334</y>
      <w>0.61290324</w>
      <t>3434</t>
    </point>
    <point>
      <x>0.54333335</x>
      <y>0.7416667</y>
      <w>0.61290324</w>
      <t>3434</t>
    </point>
    <point>
      <x>0.5416667</x>
      <y>0.74333334</y>
      <w>0.6031281</w>
      <t>3467</t>
    </point>
    <point>
      <x>0.54</x>
      <y>0.74666667</y>
      <w>0.6031281</w>
      <t>3467</t>
    </point>
    <point>
      <x>0.53833336</x>
      <y>0.75</y>
      <w>0.6031281</w>
      <t>3467</t>
    </point>
    <point>
      <x>0.53833336</x>
      <y>0.75333333</y>
      <w>0.6031281</w>
      <t>3467</t>
    </point>
    <point>
      <x>0.5366667</x>
      <y>0.755</y>
      <w>0.57478005</w>
      <t>3500</t>
    </point>
    <point>
      <x>0.535</x>
      <y>0.75666666</y>
      <w>0.57478005</w>
      <t>3500</t>
    </point>
    <point>
      <x>0.53333336</x>
      <y>0.76</y>
      <w>0.57478005</w>
      <t>3500</t>
    </point>
    <point>
      <x>0.5316667</x>
      <y>0.76166666</y>
      <w>0.57478005</w>
      <t>3500</t>
    </point>
    <point>
      <x>0.53</x>
      <y>0.7633333</y>
      <w>0.57478005</w>
      <t>3500</t>
    </point>
    <point>
      <x>0.5283333</x>
      <y>0.765</y>
      <w>0.55718476</w>
      <t>3534</t>
    </point>
    <point>
      <x>0.52666664</x>
      <y>0.76666665</y>
      <w>0.55718476</w>
      <t>3534</t>
    </point>
    <point>
      <x>0.525</x>
      <y>0.7683333</y>
      <w>0.55718476</w>
      <t>3534</t>
    </point>
    <point>
      <x>0.5233333</x>
      <y>0.77</y>
      <w>0.55718476</w>
      <t>3534</t>
    </point>
    <point>
      <x>0.52166665</x>
      <y>0.77166665</y>
      <w>0.52492666</w>
      <t>3567</t>
    </point>
    <point>
      <x>0.52</x>
      <y>0.7733333</y>
      <w>0.52492666</w>
      <t>3567</t>
    </point>
    <point>
      <x>0.5183333</x>
      <y>0.775</y>
      <w>0.52492666</w>
      <t>3567</t>
    </point>
    <point>
      <x>0.51666665</x>
      <y>0.775</y>
      <w>0.52492666</w>
      <t>3567</t>
    </point>
    <point>
      <x>0.515</x>
      <y>0.77666664</y>
      <w>0.52492666</w>
      <t>3567</t>
    </point>
    <point>
      <x>0.5133333</x>
      <y>0.77666664</y>
      <w>0.47800586</w>
      <t>3601</t>
    </point>
    <point>
      <x>0.51</x>
      <y>0.7783333</y>
      <w>0.47800586</w>
      <t>3601</t>
    </point>
    <point>
      <x>0.5083333</x>
      <y>0.7783333</y>
      <w>0.47800586</w>
      <t>3601</t>
    </point>
    <point>
      <x>0.50666666</x>
      <y>0.7783333</y>
      <w>0.47800586</w>
      <t>3601</t>
    </point>
    <point>
      <x>0.50333333</x>
      <y>0.78</y>
      <w>0.4340176</w>
      <t>3634</t>
    </point>
    <point>
      <x>0.5</x>
      <y>0.78</y>
      <w>0.4340176</w>
      <t>3634</t>
    </point>
    <point>
      <x>0.49666667</x>
      <y>0.78</y>
      <w>0.4340176</w>
      <t>3634</t>
    </point>
    <point>
      <x>0.49333334</x>
      <y>0.78</y>
      <w>0.4340176</w>
      <t>3634</t>
    </point>
    <point>
      <x>0.49</x>
      <y>0.78</y>
      <w>0.4340176</w>
      <t>3634</t>
    </point>
    <point>
      <x>0.485</x>
      <y>0.78</y>
      <w>0.39491692</w>
      <t>3667</t>
    </point>
    <point>
      <x>0.48166665</x>
      <y>0.78</y>
      <w>0.39491692</w>
      <t>3667</t>
    </point>
    <point>
      <x>0.47833332</x>
      <y>0.78</y>
      <w>0.39491692</w>
      <t>3667</t>
    </point>
    <point>
      <x>0.475</x>
      <y>0.78</y>
      <w>0.39491692</w>
      <t>3667</t>
    </point>
    <point>
      <x>0.47166666</x>
      <y>0.78</y>
      <w>0.342131</w>
      <t>3701</t>
    </point>
    <point>
      <x>0.46833333</x>
      <y>0.7783333</y>
      <w>0.342131</w>
      <t>3701</t>
    </point>
    <point>
      <x>0.46333334</x>
      <y>0.77666664</y>
      <w>0.342131</w>
      <t>3701</t>
    </point>
    <point>
      <x>0.46</x>
      <y>0.775</y>
      <w>0.342131</w>
      <t>3701</t>
    </point>
    <point>
      <x>0.455</x>
      <y>0.77166665</y>
      <w>0.342131</w>
      <t>3701</t>
    </point>
    <point>
      <x>0.45166665</x>
      <y>0.7683333</y>
      <w>0.24242425</w>
      <t>3734</t>
    </point>
    <point>
      <x>0.44666666</x>
      <y>0.765</y>
      <w>0.24242425</w>
      <t>3734</t>
    </point>
    <point>
      <x>0.44333333</x>
      <y>0.7633333</y>
      <w>0.24242425</w>
      <t>3734</t>
    </point>
    <point>
      <x>0.43833333</x>
      <y>0.76</y>
      <w>0.24242425</w>
      <t>3734</t>
    </point>
    <point>
      <x>0.43333334</x>
      <y>0.75666666</y>
      <w>0.20430107</w>
      <t>3768</t>
    </point>
    <point>
      <x>0.43</x>
      <y>0.75333333</y>
      <w>0.20430107</w>
      <t>3768</t>
    </point>
    <point>
      <x>0.425</x>
      <y>0.75</y>
      <w>0.20430107</w>
      <t>3768</t>
    </point>
    <point>
      <x>0.42166665</x>
      <y>0.74666667</y>
      <w>0.20430107</w>
      <t>3768</t>
    </point>
    <point>
      <x>0.41666666</x>
      <y>0.7416667</y>
      <w>0.1994135</w>
      <t>3801</t>
    </point>
    <point>
      <x>0.41333333</x>
      <y>0.73833334</y>
      <w>0.1994135</w>
      <t>3801</t>
    </point>
    <point>
      <x>0.40833333</x>
      <y>0.73333335</y>
      <w>0.1994135</w>
      <t>3801</t>
    </point>
    <point>
      <x>0.405</x>
      <y>0.72833335</y>
      <w>0.1994135</w>
      <t>3801</t>
    </point>
    <point>
      <x>0.40166667</x>
      <y>0.72333336</y>
      <w>0.1994135</w>
      <t>3801</t>
    </point>
    <point>
      <x>0.39833334</x>
      <y>0.71666664</y>
      <w>0.17986315</w>
      <t>3834</t>
    </point>
    <point>
      <x>0.39666668</x>
      <y>0.71166664</y>
      <w>0.17986315</w>
      <t>3834</t>
    </point>
    <point>
      <x>0.39333335</x>
      <y>0.70666665</y>
      <w>0.17986315</w>
      <t>3834</t>
    </point>
    <point>
      <x>0.39166668</x>
      <y>0.70166665</y>
      <w>0.17986315</w>
      <t>3834</t>
    </point>
    <point>
      <x>0.38833332</x>
      <y>0.69666666</y>
      <w>0.17986315</w>
      <t>3867</t>
    </point>
    <point>
      <x>0.38666666</x>
      <y>0.69166666</y>
      <w>0.17986315</w>
      <t>3867</t>
    </point>
    <point>
      <x>0.385</x>
      <y>0.685</y>
      <w>0.17986315</w>
      <t>3867</t>
    </point>
    <point>
      <x>0.38166666</x>
      <y>0.68</y>
      <w>0.17986315</w>
      <t>3867</t>
    </point>
    <point>
      <x>0.38</x>
      <y>0.675</y>
      <w>0.17986315</w>
      <t>3867</t>
    </point>
    <point>
      <x>0.37833333</x>
      <y>0.66833335</y>
      <w>0.102639295</w>
      <t>3901</t>
    </point>
    <point>
      <x>0.37666667</x>
      <y>0.6616667</y>
      <w>0.102639295</w>
      <t>3901</t>
    </point>
    <point>
      <x>0.375</x>
      <y>0.655</y>
      <w>0.102639295</w>
      <t>3901</t>
    </point>
    <point>
      <x>0.37333333</x>
      <y>0.65</y>
      <w>0.102639295</w>
      <t>3901</t>
    </point>
    <point>
      <x>0.37166667</x>
      <y>0.645</y>
      <w>0.0</w>
      <t>3934</t>
    </point>
    <point>
      <x>0.37166667</x>
      <y>0.64166665</y>
      <w>0.0</w>
      <t>3934</t>
    </point>
  </stroke>
  <stroke time="4034">
    <point>
      <x>0.38333333</x>
      <y>0.5966667</y>
      <w>0.036168132</w>
      <t>4034</t>
    </point>
    <point>
      <x>0.385</x>
      <y>0.5933333</y>
      <w>0.036168132</w>
      <t>4034</t>
    </point>
    <point>
      <x>0.38666666</x>
      <y>0.5883333</y>
      <w>0.036168132</w>
      <t>4034</t>
    </point>
    <point>
      <x>0.39</x>
      <y>0.58666664</y>
      <w>0.036168132</w>
      <t>4034</t>
    </point>
    <point>
      <x>0.39166668</x>
      <y>0.5833333</y>
      <w>0.08406647</w>
      <t>4067</t>
    </point>
    <point>
      <x>0.39333335</x>
      <y>0.58</y>
      <w>0.08406647</w>
      <t>4067</t>
    </point>
    <point>
      <x>0.39666668</x>
      <y>0.57666665</y>
      <w>0.08406647</w>
      <t>4067</t>
    </point>
    <point>
      <x>0.39833334</x>
      <y>0.575</y>
      <w>0.08406647</w>
      <t>4067</t>
    </point>
    <point>
      <x>0.40166667</x>
      <y>0.57166666</y>
      <w>0.17790811</w>
      <t>4101</t>
    </point>
    <point>
      <x>0.40333334</x>
      <y>0.5683333</y>
      <w>0.17790811</w>
      <t>4101</t>
    </point>
    <point>
      <x>0.40666667</x>
      <y>0.56666666</y>
      <w>0.17790811</w>
      <t>4101</t>
    </point>
    <point>
      <x>0.41</x>
      <y>0.56333333</y>
      <w>0.17790811</w>
      <t>4101</t>
    </point>
    <point>
      <x>0.41166666</x>
      <y>0.56166667</y>
      <w>0.17790811</w>
      <t>4101</t>
    </point>
    <point>
      <x>0.415</x>
      <y>0.55833334</y>
      <w>0.25415444</w>
      <t>4134</t>
    </point>
    <point>
      <x>0.41666666</x>
      <y>0.5566667</y>
      <w>0.25415444</w>
      <t>4134</t>
    </point>
    <point>
      <x>0.42</x>
      <y>0.555</y>
      <w>0.25415444</w>
      <t>4134</t>
    </point>
    <point>
      <x>0.42333335</x>
      <y>0.55333334</y>
      <w>0.25415444</w>
      <t>4134</t>
    </point>
    <point>
      <x>0.42666668</x>
      <y>0.5516667</y>
      <w>0.32453567</w>
      <t>4167</t>
    </point>
    <point>
      <x>0.43166667</x>
      <y>0.55</y>
      <w>0.32453567</w>
      <t>4167</t>
    </point>
    <point>
      <x>0.435</x>
      <y>0.54833335</y>
      <w>0.32453567</w>
      <t>4167</t>
    </point>
    <point>
      <x>0.44</x>
      <y>0.5466667</y>
      <w>0.32453567</w>
      <t>4167</t>
    </point>
    <point>
      <x>0.44333333</x>
      <y>0.545</y>
      <w>0.32453567</w>
      <t>4167</t>
    </point>
    <point>
      <x>0.44833332</x>
      <y>0.54333335</y>
      <w>0.37927663</w>
      <t>4201</t>
    </point>
    <point>
      <x>0.45333335</x>
      <y>0.54333335</y>
      <w>0.37927663</w>
      <t>4201</t>
    </point>
    <point>
      <x>0.45666668</x>
      <y>0.5416667</y>
      <w>0.37927663</w>
      <t>4201</t>
    </point>
    <point>
      <x>0.46166667</x>
      <y>0.54</y>
      <w>0.37927663</w>
      <t>4201</t>
    </point>
    <point>
      <x>0.465</x>
      <y>0.53833336</y>
      <w>0.4125122</w>
      <t>4234</t>
    </point>
    <point>
      <x>0.47</x>
      <y>0.53833336</y>
      <w>0.4125122</w>
      <t>4234</t>
    </point>
    <point>
      <x>0.47333333</x>
      <y>0.5366667</y>
      <w>0.4125122</w>
      <t>4234</t>
    </point>
    <point>
      <x>0.47666666</x>
      <y>0.5366667</y>
      <w>0.4125122</w>
      <t>4234</t>
    </point>
    <point>
      <x>0.48166665</x>
      <y>0.5366667</y>
      <w>0.4125122</w>
      <t>4234</t>
    </point>
    <point>
      <x>0.485</x>
      <y>0.535</y>
      <w>0.46529815</w>
      <t>4267</t>
    </point>
    <point>
      <x>0.49</x>
      <y>0.535</y>
      <w>0.46529815</w>
      <t>4267</t>
    </point>
    <point>
      <x>0.49333334</x>
      <y>0.535</y>
      <w>0.46529815</w>
      <t>4267</t>
    </point>
    <point>
      <x>0.49666667</x>
      <y>0.535</y>
      <w>0.46529815</w>
      <t>4267</t>
    </point>
    <point>
      <x>0.49833333</x>
      <y>0.535</y>
      <w>0.4975562</w>
      <t>4301</t>
    </point>
    <point>
      <x>0.50166667</x>
      <y>0.535</y>
      <w>0.4975562</w>
      <t>4301</t>
    </point>
    <point>
      <x>0.50333333</x>
      <y>0.535</y>
      <w>0.4975562</w>
      <t>4301</t>
    </point>
    <point>
      <x>0.50333333</x>
      <y>0.5366667</y>
      <w>0.597263</w>
      <t>4367</t>
    </point>
    <point>
      <x>0.505</x>
      <y>0.5366667</y>
      <w>0.597263</w>
      <t>4367</t>
    </point>
    <point>
      <x>0.505</x>
      <y>0.53833336</y>
      <w>0.597263</w>
      <t>4367</t>
    </point>
    <point>
      <x>0.505</x>
      <y>0.54</y>
      <w>0.60703814</w>
      <t>4401</t>
    </point>
    <point>
      <x>0.505</x>
      <y>0.5416667</y>
      <w>0.60703814</w>
      <t>4401</t>
    </point>
    <point>
      <x>0.505</x>
      <y>0.545</y>
      <w>0.60703814</w>
      <t>4401</t>
    </point>
    <point>
      <x>0.50333333</x>
      <y>0.54833335</y>
      <w>0.6177908</w>
      <t>4434</t>
    </point>
    <point>
      <x>0.50166667</x>
      <y>0.5516667</y>
      <w>0.6177908</w>
      <t>4434</t>
    </point>
    <point>
      <x>0.49833333</x>
      <y>0.555</y>
      <w>0.6177908</w>
      <t>4434</t>
    </point>
    <point>
      <x>0.49666667</x>
      <y>0.56</y>
      <w>0.6177908</w>
      <t>4434</t>
    </point>
    <point>
      <x>0.49333334</x>
      <y>0.565</y>
      <w>0.62463343</w>
      <t>4467</t>
    </point>
    <point>
      <x>0.49</x>
      <y>0.57</y>
      <w>0.62463343</w>
      <t>4467</t>
    </point>
    <point>
      <x>0.485</x>
      <y>0.575</y>
      <w>0.62463343</w>
      <t>4467</t>
    </point>
    <point>
      <x>0.48166665</x>
      <y>0.58</y>
      <w>0.62463343</w>
      <t>4467</t>
    </point>
    <point>
      <x>0.47833332</x>
      <y>0.585</y>
      <w>0.62463343</w>
      <t>4467</t>
    </point>
    <point>
      <x>0.475</x>
      <y>0.59</y>
      <w>0.6334311</w>
      <t>4501</t>
    </point>
    <point>
      <x>0.47166666</x>
      <y>0.595</y>
      <w>0.6334311</w>
      <t>4501</t>
    </point>
    <point>
      <x>0.47</x>
      <y>0.6</y>
      <w>0.6334311</w>
      <t>4501</t>
    </point>
    <point>
      <x>0.46833333</x>
      <y>0.605</y>
      <w>0.6334311</w>
      <t>4501</t>
    </point>
    <point>
      <x>0.46666667</x>
      <y>0.60833335</y>
      <w>0.6520039</w>
      <t>4534</t>
    </point>
    <point>
      <x>0.46666667</x>
      <y>0.6116667</y>
      <w>0.6520039</w>
      <t>4534</t>
    </point>
    <point>
      <x>0.465</x>
      <y>0.615</y>
      <w>0.6520039</w>
      <t>4534</t>
    </point>
    <point>
      <x>0.465</x>
      <y>0.6166667</y>
      <w>0.6520039</w>
      <t>4534</t>
    </point>
    <point>
      <x>0.465</x>
      <y>0.61833334</y>
      <w>0.6520039</w>
      <t>4534</t>
    </point>
    <point>
      <x>0.465</x>
      <y>0.62166667</y>
      <w>0.6529814</w>
      <t>4567</t>
    </point>
    <point>
      <x>0.465</x>
      <y>0.62333333</y>
      <w>0.6529814</w>
      <t>4567</t>
    </point>
    <point>
      <x>0.465</x>
      <y>0.625</y>
      <w>0.6529814</w>
      <t>4567</t>
    </point>
    <point>
      <x>0.465</x>
      <y>0.62666667</y>
      <w>0.6529814</w>
      <t>4567</t>
    </point>
    <point>
      <x>0.465</x>
      <y>0.62833333</y>
      <w>0.6529814</w>
      <t>4601</t>
    </point>
    <point>
      <x>0.465</x>
      <y>0.63</y>
      <w>0.6529814</w>
      <t>4601</t>
    </point>
    <point>
      <x>0.465</x>
      <y>0.63166666</y>
      <w>0.6529814</w>
      <t>4601</t>
    </point>
    <point>
      <x>0.465</x>
      <y>0.6333333</y>
      <w>0.6529814</w>
      <t>4601</t>
    </point>
    <point>
      <x>0.465</x>
      <y>0.635</y>
      <w>0.6529814</w>
      <t>4634</t>
    </point>
    <point>
      <x>0.46666667</x>
      <y>0.635</y>
      <w>0.6529814</w>
      <t>4634</t>
    </point>
    <point>
      <x>0.46666667</x>
      <y>0.63666666</y>
      <w>0.6529814</w>
      <t>4634</t>
    </point>
    <point>
      <x>0.46833333</x>
      <y>0.6383333</y>
      <w>0.64907134</w>
      <t>4667</t>
    </point>
    <point>
      <x>0.47</x>
      <y>0.64</y>
      <w>0.64907134</w>
      <t>4667</t>
    </point>
    <point>
      <x>0.47166666</x>
      <y>0.64</y>
      <w>0.64907134</w>
      <t>4667</t>
    </point>
    <point>
      <x>0.47333333</x>
      <y>0.64166665</y>
      <w>0.6363636</w>
      <t>4701</t>
    </point>
    <point>
      <x>0.475</x>
      <y>0.64166665</y>
      <w>0.6363636</w>
      <t>4701</t>
    </point>
    <point>
      <x>0.47666666</x>
      <y>0.64166665</y>
      <w>0.6363636</w>
      <t>4701</t>
    </point>
    <point>
      <x>0.47833332</x>
      <y>0.6433333</y>
      <w>0.6363636</w>
      <t>4701</t>
    </point>
    <point>
      <x>0.48</x>
      <y>0.6433333</y>
      <w>0.62561095</w>
      <t>4734</t>
    </point>
    <point>
      <x>0.48333332</x>
      <y>0.6433333</y>
      <w>0.62561095</w>
      <t>4734</t>
    </point>
    <point>
      <x>0.485</x>
      <y>0.6433333</y>
      <w>0.62561095</w>
      <t>4734</t>
    </point>
    <point>
      <x>0.48833334</x>
      <y>0.6433333</y>
      <w>0.62561095</w>
      <t>4734</t>
    </point>
    <point>
      <x>0.49</x>
      <y>0.6433333</y>
      <w>0.61974585</w>
      <t>4767</t>
    </point>
    <point>
      <x>0.49166667</x>
      <y>0.645</y>
      <w>0.61974585</w>
      <t>4767</t>
    </point>
    <point>
      <x>0.495</x>
      <y>0.645</y>
      <w>0.61974585</w>
      <t>4767</t>
    </point>
    <point>
      <x>0.49666667</x>
      <y>0.645</y>
      <w>0.61974585</w>
      <t>4767</t>
    </point>
    <point>
      <x>0.49833333</x>
      <y>0.645</y>
      <w>0.61974585</w>
      <t>4767</t>
    </point>
    <point>
      <x>0.5</x>
      <y>0.645</y>
      <w>0.61290324</w>
      <t>4800</t>
    </point>
    <point>
      <x>0.50166667</x>
      <y>0.645</y>
      <w>0.61290324</w>
      <t>4800</t>
    </point>
    <point>
      <x>0.505</x>
      <y>0.645</y>
      <w>0.61290324</w>
      <t>4801</t>
    </point>
    <point>
      <x>0.50666666</x>
      <y>0.645</y>
      <w>0.61290324</w>
      <t>4801</t>
    </point>
    <point>
      <x>0.5083333</x>
      <y>0.645</y>
      <w>0.6041056</w>
      <t>4834</t>
    </point>
    <point>
      <x>0.51166666</x>
      <y>0.645</y>
      <w>0.6041056</w>
      <t>4834</t>
    </point>
    <point>
      <x>0.5133333</x>
      <y>0.645</y>
      <w>0.6041056</w>
      <t>4834</t>
    </point>
    <point>
      <x>0.51666665</x>
      <y>0.645</y>
      <w>0.6041056</w>
      <t>4834</t>
    </point>
    <point>
      <x>0.52</x>
      <y>0.645</y>
      <w>0.6041056</w>
      <t>4834</t>
    </point>
    <point>
      <x>0.52166665</x>
      <y>0.645</y>
      <w>0.59433043</w>
      <t>4867</t>
    </point>
    <point>
      <x>0.525</x>
      <y>0.645</y>
      <w>0.59433043</w>
      <t>4867</t>
    </point>
    <point>
      <x>0.5283333</x>
      <y>0.645</y>
      <w>0.59433043</w>
      <t>4867</t>
    </point>
    <point>
      <x>0.53</x>
      <y>0.6433333</y>
      <w>0.59433043</w>
      <t>4867</t>
    </point>
    <point>
      <x>0.53333336</x>
      <y>0.6433333</y>
      <w>0.5855327</w>
      <t>4901</t>
    </point>
    <point>
      <x>0.5366667</x>
      <y>0.6433333</y>
      <w>0.5855327</w>
      <t>4901</t>
    </point>
    <point>
      <x>0.54</x>
      <y>0.6433333</y>
      <w>0.5855327</w>
      <t>4901</t>
    </point>
    <point>
      <x>0.5416667</x>
      <y>0.64166665</y>
      <w>0.5855327</w>
      <t>4901</t>
    </point>
    <point>
      <x>0.545</x>
      <y>0.64166665</y>
      <w>0.5855327</w>
      <t>4901</t>
    </point>
    <point>
      <x>0.54833335</x>
      <y>0.64166665</y>
      <w>0.5845552</w>
      <t>4933</t>
    </point>
    <point>
      <x>0.55</x>
      <y>0.64166665</y>
      <w>0.5845552</w>
      <t>4933</t>
    </point>
    <point>
      <x>0.55333334</x>
      <y>0.64166665</y>
      <w>0.5845552</w>
      <t>4933</t>
    </point>
    <point>
      <x>0.5566667</x>
      <y>0.64</y>
      <w>0.5845552</w>
      <t>4933</t>
    </point>
    <point>
      <x>0.56</x>
      <y>0.64</y>
      <w>0.5835777</w>
      <t>4967</t>
    </point>
    <point>
      <x>0.56166667</x>
      <y>0.64</y>
      <w>0.5835777</w>
      <t>4967</t>
    </point>
    <point>
      <x>0.565</x>
      <y>0.64</y>
      <w>0.5835777</w>
      <t>4967</t>
    </point>
    <point>
      <x>0.5683333</x>
      <y>0.6383333</y>
      <w>0.5835777</w>
      <t>4967</t>
    </point>
    <point>
      <x>0.57166666</x>
      <y>0.6383333</y>
      <w>0.57380253</w>
      <t>5000</t>
    </point>
    <point>
      <x>0.575</x>
      <y>0.63666666</y>
      <w>0.57380253</w>
      <t>5000</t>
    </point>
    <point>
      <x>0.58</x>
      <y>0.63666666</y>
      <w>0.57380253</w>
      <t>5000</t>
    </point>
    <point>
      <x>0.5833333</x>
      <y>0.63666666</y>
      <w>0.57380253</w>
      <t>5000</t>
    </point>
    <point>
      <x>0.58666664</x>
      <y>0.635</y>
      <w>0.57380253</w>
      <t>5000</t>
    </point>
    <point>
      <x>0.59166664</x>
      <y>0.635</y>
      <w>0.5669599</w>
      <t>5034</t>
    </point>
    <point>
      <x>0.595</x>
      <y>0.6333333</y>
      <w>0.5669599</w>
      <t>5034</t>
    </point>
    <point>
      <x>0.6</x>
      <y>0.63166666</y>
      <w>0.5669599</w>
      <t>5034</t>
    </point>
    <point>
      <x>0.605</x>
      <y>0.63166666</y>
      <w>0.5669599</w>
      <t>5034</t>
    </point>
    <point>
      <x>0.60833335</x>
      <y>0.63</y>
      <w>0.5650049</w>
      <t>5067</t>
    </point>
    <point>
      <x>0.61333334</x>
      <y>0.62833333</y>
      <w>0.5650049</w>
      <t>5067</t>
    </point>
    <point>
      <x>0.6166667</x>
      <y>0.62833333</y>
      <w>0.5650049</w>
      <t>5067</t>
    </point>
    <point>
      <x>0.62166667</x>
      <y>0.62666667</y>
      <w>0.5650049</w>
      <t>5067</t>
    </point>
    <point>
      <x>0.62666667</x>
      <y>0.625</y>
      <w>0.5650049</w>
      <t>5067</t>
    </point>
    <point>
      <x>0.63</x>
      <y>0.625</y>
      <w>0.56402737</w>
      <t>5100</t>
    </point>
    <point>
      <x>0.635</x>
      <y>0.625</y>
      <w>0.56402737</w>
      <t>5100</t>
    </point>
    <point>
      <x>0.64</x>
      <y>0.62333333</y>
      <w>0.56402737</w>
      <t>5100</t>
    </point>
    <point>
      <x>0.645</x>
      <y>0.62333333</y>
      <w>0.56402737</w>
      <t>5100</t>
    </point>
    <point>
      <x>0.65</x>
      <y>0.62166667</y>
      <w>0.56304985</w>
      <t>5133</t>
    </point>
    <point>
      <x>0.655</x>
      <y>0.62166667</y>
      <w>0.56304985</w>
      <t>5133</t>
    </point>
    <point>
      <x>0.66</x>
      <y>0.62166667</y>
      <w>0.56304985</w>
      <t>5133</t>
    </point>
    <point>
      <x>0.66333336</x>
      <y>0.62</y>
      <w>0.56304985</w>
      <t>5133</t>
    </point>
    <point>
      <x>0.66833335</x>
      <y>0.62</y>
      <w>0.56304985</w>
      <t>5133</t>
    </point>
    <point>
      <x>0.67333335</x>
      <y>0.61833334</y>
      <w>0.55620724</w>
      <t>5168</t>
    </point>
    <point>
      <x>0.67833334</x>
      <y>0.61833334</y>
      <w>0.55620724</w>
      <t>5168</t>
    </point>
    <point>
      <x>0.68333334</x>
      <y>0.6166667</y>
      <w>0.55620724</w>
      <t>5168</t>
    </point>
    <point>
      <x>0.69</x>
      <y>0.6166667</y>
      <w>0.55620724</w>
      <t>5168</t>
    </point>
    <point>
      <x>0.695</x>
      <y>0.615</y>
      <w>0.5278592</w>
      <t>5201</t>
    </point>
    <point>
      <x>0.7</x>
      <y>0.61333334</y>
      <w>0.5278592</w>
      <t>5201</t>
    </point>
    <point>
      <x>0.705</x>
      <y>0.6116667</y>
      <w>0.5278592</w>
      <t>5201</t>
    </point>
    <point>
      <x>0.71</x>
      <y>0.61</y>
      <w>0.5278592</w>
      <t>5201</t>
    </point>
    <point>
      <x>0.715</x>
      <y>0.61</y>
      <w>0.5278592</w>
      <t>5201</t>
    </point>
    <point>
      <x>0.72</x>
      <y>0.60833335</y>
      <w>0.51808405</w>
      <t>5233</t>
    </point>
    <point>
      <x>0.725</x>
      <y>0.6066667</y>
      <w>0.51808405</w>
      <t>5233</t>
    </point>
    <point>
      <x>0.72833335</x>
      <y>0.605</y>
      <w>0.51808405</w>
      <t>5233</t>
    </point>
    <point>
      <x>0.7316667</x>
      <y>0.605</y>
      <w>0.51808405</w>
      <t>5233</t>
    </point>
    <point>
      <x>0.7366667</x>
      <y>0.60333335</y>
      <w>0.5034213</w>
      <t>5267</t>
    </point>
    <point>
      <x>0.74</x>
      <y>0.6016667</y>
      <w>0.5034213</w>
      <t>5267</t>
    </point>
    <point>
      <x>0.74333334</x>
      <y>0.6</y>
      <w>0.5034213</w>
      <t>5267</t>
    </point>
    <point>
      <x>0.74666667</x>
      <y>0.59833336</y>
      <w>0.5034213</w>
      <t>5267</t>
    </point>
    <point>
      <x>0.75166667</x>
      <y>0.5966667</y>
      <w>0.4750733</w>
      <t>5300</t>
    </point>
    <point>
      <x>0.755</x>
      <y>0.5966667</y>
      <w>0.4750733</w>
      <t>5300</t>
    </point>
    <point>
      <x>0.7583333</x>
      <y>0.595</y>
      <w>0.4750733</w>
      <t>5300</t>
    </point>
    <point>
      <x>0.76166666</x>
      <y>0.5933333</y>
      <w>0.4750733</w>
      <t>5300</t>
    </point>
    <point>
      <x>0.7633333</x>
      <y>0.59166664</y>
      <w>0.4750733</w>
      <t>5300</t>
    </point>
    <point>
      <x>0.765</x>
      <y>0.59</y>
      <w>0.46725318</w>
      <t>5333</t>
    </point>
    <point>
      <x>0.7683333</x>
      <y>0.5883333</y>
      <w>0.46725318</w>
      <t>5333</t>
    </point>
    <point>
      <x>0.77</x>
      <y>0.5883333</y>
      <w>0.46725318</w>
      <t>5333</t>
    </point>
    <point>
      <x>0.77</x>
      <y>0.58666664</y>
      <w>0.46725318</w>
      <t>5333</t>
    </point>
    <point>
      <x>0.77166665</x>
      <y>0.585</y>
      <w>0.4633431</w>
      <t>5367</t>
    </point>
    <point>
      <x>0.7733333</x>
      <y>0.585</y>
      <w>0.4633431</w>
      <t>5367</t>
    </point>
    <point>
      <x>0.7733333</x>
      <y>0.5833333</y>
      <w>0.4633431</w>
      <t>5367</t>
    </point>
    <point>
      <x>0.775</x>
      <y>0.5833333</y>
      <w>0.4633431</w>
      <t>5367</t>
    </point>
    <point>
      <x>0.775</x>
      <y>0.58166665</y>
      <w>0.4633431</w>
      <t>5367</t>
    </point>
    <point>
      <x>0.775</x>
      <y>0.58</y>
      <w>0.4565005</w>
      <t>5401</t>
    </point>
    <point>
      <x>0.775</x>
      <y>0.5783333</y>
      <w>0.4565005</w>
      <t>5401</t>
    </point>
    <point>
      <x>0.77666664</x>
      <y>0.5783333</y>
      <w>0.44965786</w>
      <t>5434</t>
    </point>
    <point>
      <x>0.77666664</x>
      <y>0.57666665</y>
      <w>0.44965786</w>
      <t>5434</t>
    </point>
    <point>
      <x>0.77666664</x>
      <y>0.575</y>
      <w>0.44965786</w>
      <t>5434</t>
    </point>
    <point>
      <x>0.7783333</x>
      <y>0.5733333</y>
      <w>0.44965786</w>
      <t>5434</t>
    </point>
    <point>
      <x>0.7783333</x>
      <y>0.57166666</y>
      <w>0.427175</w>
      <t>5467</t>
    </point>
    <point>
      <x>0.7783333</x>
      <y>0.57</y>
      <w>0.427175</w>
      <t>5467</t>
    </point>
    <point>
      <x>0.7783333</x>
      <y>0.5683333</y>
      <w>0.427175</w>
      <t>5467</t>
    </point>
    <point>
      <x>0.7783333</x>
      <y>0.56666666</y>
      <w>0.41642228</w>
      <t>5500</t>
    </point>
    <point>
      <x>0.7783333</x>
      <y>0.565</y>
      <w>0.41642228</w>
      <t>5500</t>
    </point>
    <point>
      <x>0.7783333</x>
      <y>0.56333333</y>
      <w>0.41642228</w>
      <t>5500</t>
    </point>
    <point>
      <x>0.77666664</x>
      <y>0.56</y>
      <w>0.41642228</w>
      <t>5533</t>
    </point>
    <point>
      <x>0.77666664</x>
      <y>0.55833334</y>
      <w>0.41642228</w>
      <t>5533</t>
    </point>
    <point>
      <x>0.775</x>
      <y>0.555</y>
      <w>0.41642228</w>
      <t>5533</t>
    </point>
    <point>
      <x>0.7733333</x>
      <y>0.55333334</y>
      <w>0.41642228</w>
      <t>5533</t>
    </point>
    <point>
      <x>0.77166665</x>
      <y>0.55</y>
      <w>0.41642228</w>
      <t>5533</t>
    </point>
    <point>
      <x>0.77166665</x>
      <y>0.5466667</y>
      <w>0.3841642</w>
      <t>5567</t>
    </point>
    <point>
      <x>0.77</x>
      <y>0.54333335</y>
      <w>0.3841642</w>
      <t>5567</t>
    </point>
    <point>
      <x>0.76666665</x>
      <y>0.54</y>
      <w>0.3841642</w>
      <t>5567</t>
    </point>
    <point>
      <x>0.765</x>
      <y>0.5366667</y>
      <w>0.3841642</w>
      <t>5567</t>
    </point>
    <point>
      <x>0.7633333</x>
      <y>0.53333336</y>
      <w>0.2062561</w>
      <t>5601</t>
    </point>
    <point>
      <x>0.76166666</x>
      <y>0.53</y>
      <w>0.2062561</w>
      <t>5601</t>
    </point>
    <point>
      <x>0.7583333</x>
      <y>0.525</y>
      <w>0.2062561</w>
      <t>5601</t>
    </point>
    <point>
      <x>0.75666666</x>
      <y>0.52166665</y>
      <w>0.2062561</w>
      <t>5601</t>
    </point>
    <point>
      <x>0.755</x>
      <y>0.51666665</y>
      <w>0.2062561</w>
      <t>5601</t>
    </point>
    <point>
      <x>0.75166667</x>
      <y>0.51166666</y>
      <w>0.052785926</w>
      <t>5634</t>
    </point>
    <point>
      <x>0.75</x>
      <y>0.5083333</y>
      <w>0.052785926</w>
      <t>5634</t>
    </point>
    <point>
      <x>0.75</x>
      <y>0.50333333</y>
      <w>0.052785926</w>
      <t>5634</t>
    </point>
  </stroke>
  <stroke time="6000">
    <point>
      <x>0.79333335</x>
      <y>0.395</y>
      <w>0.24828935</w>
      <t>6034</t>
    </point>
    <point>
      <x>0.795</x>
      <y>0.395</y>
      <w>0.24828935</w>
      <t>6034</t>
    </point>
    <point>
      <x>0.7966667</x>
      <y>0.395</y>
      <w>0.41642228</w>
      <t>6067</t>
    </point>
    <point>
      <x>0.79833335</x>
      <y>0.395</y>
      <w>0.41642228</w>
      <t>6067</t>
    </point>
    <point>
      <x>0.8</x>
      <y>0.395</y>
      <w>0.41642228</w>
      <t>6067</t>
    </point>
    <point>
      <x>0.8016667</x>
      <y>0.39666668</y>
      <w>0.41642228</w>
      <t>6067</t>
    </point>
    <point>
      <x>0.80333334</x>
      <y>0.39666668</y>
      <w>0.50048876</w>
      <t>6100</t>
    </point>
    <point>
      <x>0.8066667</x>
      <y>0.39666668</y>
      <w>0.50048876</w>
      <t>6100</t>
    </point>
    <point>
      <x>0.80833334</x>
      <y>0.39833334</y>
      <w>0.50048876</w>
      <t>6100</t>
    </point>
    <point>
      <x>0.81166667</x>
      <y>0.39833334</y>
      <w>0.50048876</w>
      <t>6100</t>
    </point>
    <point>
      <x>0.81333333</x>
      <y>0.4</y>
      <w>0.53763443</w>
      <t>6134</t>
    </point>
    <point>
      <x>0.815</x>
      <y>0.40166667</y>
      <w>0.53763443</w>
      <t>6134</t>
    </point>
    <point>
      <x>0.81666666</x>
      <y>0.40166667</y>
      <w>0.53763443</w>
      <t>6134</t>
    </point>
    <point>
      <x>0.8183333</x>
      <y>0.40333334</y>
      <w>0.53763443</w>
      <t>6134</t>
    </point>
    <point>
      <x>0.82</x>
      <y>0.405</y>
      <w>0.53763443</w>
      <t>6134</t>
    </point>
    <point>
      <x>0.82166666</x>
      <y>0.40666667</y>
      <w>0.56304985</w>
      <t>6168</t>
    </point>
    <point>
      <x>0.8233333</x>
      <y>0.40833333</y>
      <w>0.56304985</w>
      <t>6168</t>
    </point>
    <point>
      <x>0.8233333</x>
      <y>0.41</y>
      <w>0.5884653</w>
      <t>6200</t>
    </point>
    <point>
      <x>0.825</x>
      <y>0.41166666</y>
      <w>0.5884653</w>
      <t>6200</t>
    </point>
    <point>
      <x>0.825</x>
      <y>0.41333333</y>
      <w>0.5884653</w>
      <t>6200</t>
    </point>
    <point>
      <x>0.825</x>
      <y>0.415</y>
      <w>0.5884653</w>
      <t>6200</t>
    </point>
    <point>
      <x>0.82666665</x>
      <y>0.41666666</y>
      <w>0.62561095</w>
      <t>6234</t>
    </point>
    <point>
      <x>0.82666665</x>
      <y>0.41833332</y>
      <w>0.63734114</w>
      <t>6267</t>
    </point>
    <point>
      <x>0.82666665</x>
      <y>0.42</y>
      <w>0.63734114</w>
      <t>6267</t>
    </point>
    <point>
      <x>0.82666665</x>
      <y>0.42166665</y>
      <w>0.6402737</w>
      <t>6301</t>
    </point>
    <point>
      <x>0.82666665</x>
      <y>0.42333335</y>
      <w>0.6402737</w>
      <t>6301</t>
    </point>
    <point>
      <x>0.82666665</x>
      <y>0.425</y>
      <w>0.6422287</w>
      <t>6334</t>
    </point>
    <point>
      <x>0.82666665</x>
      <y>0.42666668</y>
      <w>0.6422287</w>
      <t>6334</t>
    </point>
    <point>
      <x>0.82666665</x>
      <y>0.42833334</y>
      <w>0.6422287</w>
      <t>6334</t>
    </point>
    <point>
      <x>0.825</x>
      <y>0.42833334</y>
      <w>0.6363636</w>
      <t>6368</t>
    </point>
    <point>
      <x>0.825</x>
      <y>0.43</y>
      <w>0.6363636</w>
      <t>6368</t>
    </point>
    <point>
      <x>0.8233333</x>
      <y>0.43</y>
      <w>0.6363636</w>
      <t>6368</t>
    </point>
    <point>
      <x>0.8233333</x>
      <y>0.43166667</y>
      <w>0.6363636</w>
      <t>6368</t>
    </point>
    <point>
      <x>0.82166666</x>
      <y>0.43166667</y>
      <w>0.6177908</w>
      <t>6401</t>
    </point>
    <point>
      <x>0.82</x>
      <y>0.43333334</y>
      <w>0.6177908</w>
      <t>6401</t>
    </point>
    <point>
      <x>0.81666666</x>
      <y>0.43333334</y>
      <w>0.6177908</w>
      <t>6401</t>
    </point>
    <point>
      <x>0.81333333</x>
      <y>0.435</y>
      <w>0.6177908</w>
      <t>6401</t>
    </point>
    <point>
      <x>0.81</x>
      <y>0.43666667</y>
      <w>0.6177908</w>
      <t>6401</t>
    </point>
    <point>
      <x>0.8066667</x>
      <y>0.43666667</y>
      <w>0.5356794</w>
      <t>6434</t>
    </point>
    <point>
      <x>0.8016667</x>
      <y>0.43833333</y>
      <w>0.5356794</w>
      <t>6434</t>
    </point>
    <point>
      <x>0.7966667</x>
      <y>0.44</y>
      <w>0.5356794</w>
      <t>6434</t>
    </point>
    <point>
      <x>0.7916667</x>
      <y>0.44166666</y>
      <w>0.5356794</w>
      <t>6434</t>
    </point>
    <point>
      <x>0.78833336</x>
      <y>0.44333333</y>
      <w>0.0</w>
      <t>6467</t>
    </point>
  </stroke>
</character>
