<?xml version="1.0" encoding="UTF-8"?>
<character>
  <stroke time="0">
    <point>
      <x>0.26666668</x>
      <y>0.27166668</y>
      <w>0.07820137</w>
      <t>5</t>
    </point>
    <point>
      <x>0.26833335</x>
      <y>0.27166668</y>
      <w>0.35288367</w>
      <t>66</t>
    </point>
    <point>
      <x>0.26833335</x>
      <y>0.27333334</y>
      <w>0.35288367</w>
      <t>66</t>
    </point>
    <point>
      <x>0.27</x>
      <y>0.27333334</y>
      <w>0.35288367</w>
      <t>66</t>
    </point>
    <point>
      <x>0.27</x>
      <y>0.275</y>
      <w>0.35288367</w>
      <t>67</t>
    </point>
    <point>
      <x>0.27166668</x>
      <y>0.27666667</y>
      <w>0.44770283</w>
      <t>100</t>
    </point>
    <point>
      <x>0.27333334</x>
      <y>0.27666667</y>
      <w>0.44770283</w>
      <t>100</t>
    </point>
    <point>
      <x>0.27333334</x>
      <y>0.27833334</y>
      <w>0.44770283</w>
      <t>100</t>
    </point>
    <point>
      <x>0.275</x>
      <y>0.27833334</y>
      <w>0.44770283</w>
      <t>101</t>
    </point>
    <point>
      <x>0.27666667</x>
      <y>0.27833334</y>
      <w>0.4916911</w>
      <t>133</t>
    </point>
    <point>
      <x>0.27833334</x>
      <y>0.27833334</y>
      <w>0.4916911</w>
      <t>133</t>
    </point>
    <point>
      <x>0.28</x>
      <y>0.28</y>
      <w>0.4916911</w>
      <t>133</t>
    </point>
    <point>
      <x>0.28166667</x>
      <y>0.28</y>
      <w>0.54545456</w>
      <t>167</t>
    </point>
    <point>
      <x>0.28333333</x>
      <y>0.28</y>
      <w>0.54545456</w>
      <t>167</t>
    </point>
    <point>
      <x>0.285</x>
      <y>0.28</y>
      <w>0.54545456</w>
      <t>167</t>
    </point>
    <point>
      <x>0.28666666</x>
      <y>0.28</y>
      <w>0.60117304</w>
      <t>200</t>
    </point>
    <point>
      <x>0.28833333</x>
      <y>0.28</y>
      <w>0.60117304</w>
      <t>200</t>
    </point>
    <point>
      <x>0.29166666</x>
      <y>0.28</y>
      <w>0.60117304</w>
      <t>200</t>
    </point>
    <point>
      <x>0.29333332</x>
      <y>0.28</y>
      <w>0.60117304</w>
      <t>201</t>
    </point>
    <point>
      <x>0.29666665</x>
      <y>0.28</y>
      <w>0.60117304</w>
      <t>201</t>
    </point>
    <point>
      <x>0.3</x>
      <y>0.27833334</y>
      <w>0.6363636</w>
      <t>233</t>
    </point>
    <point>
      <x>0.30333334</x>
      <y>0.27833334</y>
      <w>0.6363636</w>
      <t>233</t>
    </point>
    <point>
      <x>0.30666667</x>
      <y>0.27666667</y>
      <w>0.6363636</w>
      <t>233</t>
    </point>
    <point>
      <x>0.31</x>
      <y>0.275</y>
      <w>0.6363636</w>
      <t>234</t>
    </point>
    <point>
      <x>0.31333333</x>
      <y>0.275</y>
      <w>0.65884656</w>
      <t>266</t>
    </point>
    <point>
      <x>0.31666666</x>
      <y>0.27333334</y>
      <w>0.65884656</w>
      <t>266</t>
    </point>
    <point>
      <x>0.32</x>
      <y>0.27333334</y>
      <w>0.65884656</w>
      <t>266</t>
    </point>
    <point>
      <x>0.32333332</x>
      <y>0.27166668</y>
      <w>0.65884656</w>
      <t>267</t>
    </point>
    <point>
      <x>0.32666665</x>
      <y>0.27166668</y>
      <w>0.65884656</w>
      <t>267</t>
    </point>
    <point>
      <x>0.33</x>
      <y>0.27</y>
      <w>0.6608016</w>
      <t>299</t>
    </point>
    <point>
      <x>0.33333334</x>
      <y>0.27</y>
      <w>0.6608016</w>
      <t>299</t>
    </point>
    <point>
      <x>0.335</x>
      <y>0.27</y>
      <w>0.6608016</w>
      <t>299</t>
    </point>
    <point>
      <x>0.33833334</x>
      <y>0.27</y>
      <w>0.6608016</w>
      <t>300</t>
    </point>
    <point>
      <x>0.34</x>
      <y>0.27</y>
      <w>0.6656892</w>
      <t>333</t>
    </point>
    <point>
      <x>0.34166667</x>
      <y>0.27</y>
      <w>0.6656892</w>
      <t>333</t>
    </point>
    <point>
      <x>0.34333333</x>
      <y>0.27</y>
      <w>0.6656892</w>
      <t>333</t>
    </point>
    <point>
      <x>0.345</x>
      <y>0.27</y>
      <w>0.6656892</w>
      <t>334</t>
    </point>
    <point>
      <x>0.34666666</x>
      <y>0.27166668</y>
      <w>0.6930596</w>
      <t>366</t>
    </point>
    <point>
      <x>0.34833333</x>
      <y>0.27166668</y>
      <w>0.6930596</w>
      <t>366</t>
    </point>
    <point>
      <x>0.34833333</x>
      <y>0.27333334</y>
      <w>0.6930596</w>
      <t>366</t>
    </point>
    <point>
      <x>0.35</x>
      <y>0.27333334</y>
      <w>0.6930596</w>
      <t>367</t>
    </point>
    <point>
      <x>0.35</x>
      <y>0.275</y>
      <w>0.70087975</w>
      <t>399</t>
    </point>
    <point>
      <x>0.35</x>
      <y>0.27666667</y>
      <w>0.70087975</w>
      <t>399</t>
    </point>
    <point>
      <x>0.35</x>
      <y>0.27833334</y>
      <w>0.70087975</w>
      <t>400</t>
    </point>
    <point>
      <x>0.35</x>
      <y>0.28</y>
      <w>0.70087975</w>
      <t>400</t>
    </point>
    <point>
      <x>0.35</x>
      <y>0.28333333</y>
      <w>0.72629523</w>
      <t>432</t>
    </point>
    <point>
      <x>0.35</x>
      <y>0.28666666</y>
      <w>0.72629523</w>
      <t>432</t>
    </point>
    <point>
      <x>0.35</x>
      <y>0.29166666</y>
      <w>0.72629523</w>
      <t>432</t>
    </point>
    <point>
      <x>0.35</x>
      <y>0.295</y>
      <w>0.72629523</w>
      <t>432</t>
    </point>
    <point>
      <x>0.34833333</x>
      <y>0.3</y>
      <w>0.72629523</w>
      <t>433</t>
    </point>
    <point>
      <x>0.34833333</x>
      <y>0.30666667</y>
      <w>0.73313785</w>
      <t>466</t>
    </point>
    <point>
      <x>0.34666666</x>
      <y>0.31166667</y>
      <w>0.73313785</w>
      <t>466</t>
    </point>
    <point>
      <x>0.34333333</x>
      <y>0.31833333</y>
      <w>0.73313785</w>
      <t>466</t>
    </point>
    <point>
      <x>0.34166667</x>
      <y>0.325</y>
      <w>0.73313785</w>
      <t>467</t>
    </point>
    <point>
      <x>0.34</x>
      <y>0.33166668</y>
      <w>0.74584556</w>
      <t>499</t>
    </point>
    <point>
      <x>0.33833334</x>
      <y>0.33833334</y>
      <w>0.74584556</w>
      <t>499</t>
    </point>
    <point>
      <x>0.335</x>
      <y>0.345</y>
      <w>0.74584556</w>
      <t>499</t>
    </point>
    <point>
      <x>0.33166668</x>
      <y>0.35333332</y>
      <w>0.74584556</w>
      <t>500</t>
    </point>
    <point>
      <x>0.33</x>
      <y>0.36</y>
      <w>0.74584556</w>
      <t>500</t>
    </point>
    <point>
      <x>0.32833335</x>
      <y>0.36666667</y>
      <w>0.75659823</w>
      <t>532</t>
    </point>
    <point>
      <x>0.32666665</x>
      <y>0.37333333</y>
      <w>0.75659823</w>
      <t>532</t>
    </point>
    <point>
      <x>0.325</x>
      <y>0.37833333</y>
      <w>0.75659823</w>
      <t>532</t>
    </point>
    <point>
      <x>0.32333332</x>
      <y>0.385</y>
      <w>0.75659823</w>
      <t>532</t>
    </point>
    <point>
      <x>0.32166666</x>
      <y>0.39</y>
      <w>0.7595308</w>
      <t>566</t>
    </point>
    <point>
      <x>0.32166666</x>
      <y>0.395</y>
      <w>0.7595308</w>
      <t>566</t>
    </point>
    <point>
      <x>0.32166666</x>
      <y>0.4</y>
      <w>0.7595308</w>
      <t>566</t>
    </point>
    <point>
      <x>0.32166666</x>
      <y>0.405</y>
      <w>0.7595308</w>
      <t>567</t>
    </point>
    <point>
      <x>0.32166666</x>
      <y>0.40833333</y>
      <w>0.7595308</w>
      <t>567</t>
    </point>
    <point>
      <x>0.32166666</x>
      <y>0.41333333</y>
      <w>0.7614858</w>
      <t>599</t>
    </point>
    <point>
      <x>0.32166666</x>
      <y>0.41666666</y>
      <w>0.7614858</w>
      <t>599</t>
    </point>
    <point>
      <x>0.32333332</x>
      <y>0.42166665</y>
      <w>0.7614858</w>
      <t>599</t>
    </point>
    <point>
      <x>0.325</x>
      <y>0.425</y>
      <w>0.7614858</w>
      <t>599</t>
    </point>
    <point>
      <x>0.32666665</x>
      <y>0.42833334</y>
      <w>0.7614858</w>
      <t>632</t>
    </point>
    <point>
      <x>0.32833335</x>
      <y>0.43333334</y>
      <w>0.7614858</w>
      <t>632</t>
    </point>
    <point>
      <x>0.33166668</x>
      <y>0.43666667</y>
      <w>0.7614858</w>
      <t>632</t>
    </point>
    <point>
      <x>0.33333334</x>
      <y>0.44</y>
      <w>0.7614858</w>
      <t>632</t>
    </point>
    <point>
      <x>0.33666667</x>
      <y>0.44166666</y>
      <w>0.7614858</w>
      <t>633</t>
    </point>
    <point>
      <x>0.33833334</x>
      <y>0.445</y>
      <w>0.7653959</w>
      <t>666</t>
    </point>
    <point>
      <x>0.34166667</x>
      <y>0.44833332</y>
      <w>0.7653959</w>
      <t>666</t>
    </point>
    <point>
      <x>0.345</x>
      <y>0.45166665</y>
      <w>0.7653959</w>
      <t>666</t>
    </point>
    <point>
      <x>0.34833333</x>
      <y>0.455</y>
      <w>0.7653959</w>
      <t>668</t>
    </point>
    <point>
      <x>0.35166666</x>
      <y>0.45833334</y>
      <w>0.76930594</w>
      <t>700</t>
    </point>
    <point>
      <x>0.355</x>
      <y>0.46166667</y>
      <w>0.76930594</w>
      <t>700</t>
    </point>
    <point>
      <x>0.35833332</x>
      <y>0.465</y>
      <w>0.76930594</w>
      <t>700</t>
    </point>
    <point>
      <x>0.36166668</x>
      <y>0.47</y>
      <w>0.76930594</w>
      <t>700</t>
    </point>
    <point>
      <x>0.365</x>
      <y>0.47333333</y>
      <w>0.76930594</w>
      <t>701</t>
    </point>
    <point>
      <x>0.36833334</x>
      <y>0.47833332</y>
      <w>0.771261</w>
      <t>733</t>
    </point>
    <point>
      <x>0.37166667</x>
      <y>0.48166665</y>
      <w>0.771261</w>
      <t>733</t>
    </point>
    <point>
      <x>0.375</x>
      <y>0.485</y>
      <w>0.771261</w>
      <t>733</t>
    </point>
    <point>
      <x>0.37833333</x>
      <y>0.49</y>
      <w>0.771261</w>
      <t>733</t>
    </point>
    <point>
      <x>0.38166666</x>
      <y>0.49333334</y>
      <w>0.7722385</w>
      <t>766</t>
    </point>
    <point>
      <x>0.385</x>
      <y>0.49833333</y>
      <w>0.7722385</w>
      <t>766</t>
    </point>
    <point>
      <x>0.38833332</x>
      <y>0.505</y>
      <w>0.7722385</w>
      <t>766</t>
    </point>
    <point>
      <x>0.39</x>
      <y>0.51</y>
      <w>0.7722385</w>
      <t>766</t>
    </point>
    <point>
      <x>0.39333335</x>
      <y>0.51666665</y>
      <w>0.771261</w>
      <t>799</t>
    </point>
    <point>
      <x>0.395</x>
      <y>0.5233333</y>
      <w>0.771261</w>
      <t>799</t>
    </point>
    <point>
      <x>0.39666668</x>
      <y>0.53</y>
      <w>0.771261</w>
      <t>799</t>
    </point>
    <point>
      <x>0.39833334</x>
      <y>0.53833336</y>
      <w>0.771261</w>
      <t>799</t>
    </point>
    <point>
      <x>0.4</x>
      <y>0.545</y>
      <w>0.771261</w>
      <t>799</t>
    </point>
    <point>
      <x>0.4</x>
      <y>0.55333334</y>
      <w>0.771261</w>
      <t>833</t>
    </point>
    <point>
      <x>0.40166667</x>
      <y>0.56</y>
      <w>0.771261</w>
      <t>833</t>
    </point>
    <point>
      <x>0.40333334</x>
      <y>0.5683333</y>
      <w>0.771261</w>
      <t>833</t>
    </point>
    <point>
      <x>0.40333334</x>
      <y>0.575</y>
      <w>0.771261</w>
      <t>833</t>
    </point>
    <point>
      <x>0.40333334</x>
      <y>0.58</y>
      <w>0.77028346</w>
      <t>866</t>
    </point>
    <point>
      <x>0.405</x>
      <y>0.58666664</y>
      <w>0.77028346</w>
      <t>866</t>
    </point>
    <point>
      <x>0.405</x>
      <y>0.595</y>
      <w>0.77028346</w>
      <t>866</t>
    </point>
    <point>
      <x>0.405</x>
      <y>0.6016667</y>
      <w>0.77028346</w>
      <t>866</t>
    </point>
    <point>
      <x>0.405</x>
      <y>0.61</y>
      <w>0.77028346</w>
      <t>867</t>
    </point>
    <point>
      <x>0.405</x>
      <y>0.61833334</y>
      <w>0.77028346</w>
      <t>899</t>
    </point>
    <point>
      <x>0.405</x>
      <y>0.62666667</y>
      <w>0.77028346</w>
      <t>899</t>
    </point>
    <point>
      <x>0.405</x>
      <y>0.6333333</y>
      <w>0.77028346</w>
      <t>899</t>
    </point>
    <point>
      <x>0.40333334</x>
      <y>0.64166665</y>
      <w>0.77028346</w>
      <t>899</t>
    </point>
    <point>
      <x>0.40166667</x>
      <y>0.65166664</y>
      <w>0.76930594</w>
      <t>933</t>
    </point>
    <point>
      <x>0.4</x>
      <y>0.65833336</y>
      <w>0.76930594</w>
      <t>933</t>
    </point>
    <point>
      <x>0.39833334</x>
      <y>0.6666667</y>
      <w>0.76930594</w>
      <t>933</t>
    </point>
    <point>
      <x>0.39666668</x>
      <y>0.675</y>
      <w>0.76930594</w>
      <t>933</t>
    </point>
    <point>
      <x>0.39333335</x>
      <y>0.6816667</y>
      <w>0.76930594</w>
      <t>933</t>
    </point>
    <point>
      <x>0.39166668</x>
      <y>0.69</y>
      <w>0.77028346</w>
      <t>966</t>
    </point>
    <point>
      <x>0.38833332</x>
      <y>0.69666666</y>
      <w>0.77028346</w>
      <t>966</t>
    </point>
    <point>
      <x>0.38666666</x>
      <y>0.7033333</y>
      <w>0.77028346</w>
      <t>966</t>
    </point>
    <point>
      <x>0.38333333</x>
      <y>0.7083333</y>
      <w>0.77028346</w>
      <t>966</t>
    </point>
    <point>
      <x>0.38166666</x>
      <y>0.715</y>
      <w>0.7595308</w>
      <t>1000</t>
    </point>
    <point>
      <x>0.37833333</x>
      <y>0.72</y>
      <w>0.7595308</w>
      <t>1000</t>
    </point>
    <point>
      <x>0.375</x>
      <y>0.72333336</y>
      <w>0.7595308</w>
      <t>1000</t>
    </point>
    <point>
      <x>0.37333333</x>
      <y>0.7266667</y>
      <w>0.7595308</w>
      <t>1001</t>
    </point>
    <point>
      <x>0.37</x>
      <y>0.73</y>
      <w>0.7595308</w>
      <t>1001</t>
    </point>
    <point>
      <x>0.36666667</x>
      <y>0.73333335</y>
      <w>0.70674485</w>
      <t>1032</t>
    </point>
    <point>
      <x>0.365</x>
      <y>0.7366667</y>
      <w>0.70674485</w>
      <t>1034</t>
    </point>
    <point>
      <x>0.36166668</x>
      <y>0.73833334</y>
      <w>0.6979472</w>
      <t>1034</t>
    </point>
    <point>
      <x>0.35833332</x>
      <y>0.7416667</y>
      <w>0.6979472</w>
      <t>1034</t>
    </point>
    <point>
      <x>0.355</x>
      <y>0.74333334</y>
      <w>0.6451613</w>
      <t>1066</t>
    </point>
    <point>
      <x>0.35166666</x>
      <y>0.745</y>
      <w>0.6451613</w>
      <t>1066</t>
    </point>
    <point>
      <x>0.35</x>
      <y>0.745</y>
      <w>0.6451613</w>
      <t>1066</t>
    </point>
    <point>
      <x>0.34666666</x>
      <y>0.74666667</y>
      <w>0.6451613</w>
      <t>1066</t>
    </point>
    <point>
      <x>0.34333333</x>
      <y>0.74666667</y>
      <w>0.60801566</w>
      <t>1099</t>
    </point>
    <point>
      <x>0.34</x>
      <y>0.74666667</y>
      <w>0.60801566</w>
      <t>1099</t>
    </point>
    <point>
      <x>0.33666667</x>
      <y>0.74666667</y>
      <w>0.60801566</w>
      <t>1099</t>
    </point>
    <point>
      <x>0.33333334</x>
      <y>0.74666667</y>
      <w>0.60801566</w>
      <t>1099</t>
    </point>
    <point>
      <x>0.33166668</x>
      <y>0.74666667</y>
      <w>0.60801566</w>
      <t>1099</t>
    </point>
    <point>
      <x>0.32833335</x>
      <y>0.745</y>
      <w>0.5650049</w>
      <t>1133</t>
    </point>
    <point>
      <x>0.325</x>
      <y>0.74333334</y>
      <w>0.5650049</w>
      <t>1133</t>
    </point>
    <point>
      <x>0.32166666</x>
      <y>0.7416667</y>
      <w>0.5650049</w>
      <t>1133</t>
    </point>
    <point>
      <x>0.31833333</x>
      <y>0.74</y>
      <w>0.5650049</w>
      <t>1133</t>
    </point>
    <point>
      <x>0.315</x>
      <y>0.73833334</y>
      <w>0.516129</w>
      <t>1166</t>
    </point>
    <point>
      <x>0.31</x>
      <y>0.73833334</y>
      <w>0.516129</w>
      <t>1166</t>
    </point>
    <point>
      <x>0.30666667</x>
      <y>0.7366667</y>
      <w>0.516129</w>
      <t>1166</t>
    </point>
    <point>
      <x>0.30333334</x>
      <y>0.735</y>
      <w>0.516129</w>
      <t>1166</t>
    </point>
    <point>
      <x>0.3</x>
      <y>0.73333335</y>
      <w>0.516129</w>
      <t>1166</t>
    </point>
    <point>
      <x>0.29666665</x>
      <y>0.7316667</y>
      <w>0.5024438</w>
      <t>1199</t>
    </point>
    <point>
      <x>0.29333332</x>
      <y>0.73</y>
      <w>0.5024438</w>
      <t>1199</t>
    </point>
    <point>
      <x>0.29</x>
      <y>0.7266667</y>
      <w>0.5024438</w>
      <t>1199</t>
    </point>
    <point>
      <x>0.28833333</x>
      <y>0.725</y>
      <w>0.5024438</w>
      <t>1199</t>
    </point>
    <point>
      <x>0.285</x>
      <y>0.7216667</y>
      <w>0.48875856</w>
      <t>1233</t>
    </point>
    <point>
      <x>0.28333333</x>
      <y>0.7183333</y>
      <w>0.48875856</w>
      <t>1233</t>
    </point>
    <point>
      <x>0.28166667</x>
      <y>0.715</y>
      <w>0.48875856</w>
      <t>1233</t>
    </point>
    <point>
      <x>0.28</x>
      <y>0.71166664</y>
      <w>0.48875856</w>
      <t>1233</t>
    </point>
    <point>
      <x>0.27833334</x>
      <y>0.7083333</y>
      <w>0.48875856</w>
      <t>1233</t>
    </point>
    <point>
      <x>0.27666667</x>
      <y>0.705</y>
      <w>0.47702834</w>
      <t>1266</t>
    </point>
    <point>
      <x>0.27666667</x>
      <y>0.70166665</y>
      <w>0.47702834</w>
      <t>1266</t>
    </point>
    <point>
      <x>0.27666667</x>
      <y>0.6983333</y>
      <w>0.47702834</w>
      <t>1266</t>
    </point>
    <point>
      <x>0.275</x>
      <y>0.6933333</y>
      <w>0.47702834</w>
      <t>1266</t>
    </point>
    <point>
      <x>0.275</x>
      <y>0.69</y>
      <w>0.47702834</w>
      <t>1300</t>
    </point>
    <point>
      <x>0.275</x>
      <y>0.685</y>
      <w>0.47702834</w>
      <t>1300</t>
    </point>
    <point>
      <x>0.275</x>
      <y>0.68</y>
      <w>0.47702834</w>
      <t>1300</t>
    </point>
    <point>
      <x>0.275</x>
      <y>0.675</y>
      <w>0.47702834</w>
      <t>1300</t>
    </point>
    <point>
      <x>0.27666667</x>
      <y>0.67</y>
      <w>0.47702834</w>
      <t>1300</t>
    </point>
    <point>
      <x>0.27833334</x>
      <y>0.66333336</y>
      <w>0.47018573</w>
      <t>1333</t>
    </point>
    <point>
      <x>0.28</x>
      <y>0.6566667</y>
      <w>0.47018573</w>
      <t>1333</t>
    </point>
    <point>
      <x>0.28166667</x>
      <y>0.6483333</y>
      <w>0.47018573</w>
      <t>1333</t>
    </point>
    <point>
      <x>0.285</x>
      <y>0.64</y>
      <w>0.47018573</w>
      <t>1333</t>
    </point>
    <point>
      <x>0.28666666</x>
      <y>0.63166666</y>
      <w>0.35874876</w>
      <t>1366</t>
    </point>
    <point>
      <x>0.29</x>
      <y>0.62166667</y>
      <w>0.35874876</w>
      <t>1366</t>
    </point>
    <point>
      <x>0.29333332</x>
      <y>0.61333334</y>
      <w>0.35874876</w>
      <t>1366</t>
    </point>
    <point>
      <x>0.29666665</x>
      <y>0.60333335</y>
      <w>0.35874876</w>
      <t>1366</t>
    </point>
    <point>
      <x>0.30166668</x>
      <y>0.5933333</y>
      <w>0.34701857</w>
      <t>1399</t>
    </point>
    <point>
      <x>0.30666667</x>
      <y>0.58166665</y>
      <w>0.34701857</w>
      <t>1399</t>
    </point>
    <point>
      <x>0.31166667</x>
      <y>0.57</y>
      <w>0.34701857</w>
      <t>1399</t>
    </point>
    <point>
      <x>0.31666666</x>
      <y>0.55833334</y>
      <w>0.34701857</w>
      <t>1399</t>
    </point>
    <point>
      <x>0.32166666</x>
      <y>0.545</y>
      <w>0.34701857</w>
      <t>1399</t>
    </point>
    <point>
      <x>0.32833335</x>
      <y>0.5316667</y>
      <w>0.36656892</w>
      <t>1433</t>
    </point>
    <point>
      <x>0.335</x>
      <y>0.5183333</y>
      <w>0.36656892</w>
      <t>1433</t>
    </point>
    <point>
      <x>0.34166667</x>
      <y>0.505</y>
      <w>0.36656892</w>
      <t>1433</t>
    </point>
    <point>
      <x>0.34833333</x>
      <y>0.49</y>
      <w>0.36656892</w>
      <t>1433</t>
    </point>
    <point>
      <x>0.35666665</x>
      <y>0.47666666</y>
      <w>0.41642228</w>
      <t>1466</t>
    </point>
    <point>
      <x>0.365</x>
      <y>0.46333334</y>
      <w>0.41642228</w>
      <t>1466</t>
    </point>
    <point>
      <x>0.375</x>
      <y>0.45</y>
      <w>0.41642228</w>
      <t>1466</t>
    </point>
    <point>
      <x>0.385</x>
      <y>0.435</y>
      <w>0.41642228</w>
      <t>1466</t>
    </point>
    <point>
      <x>0.395</x>
      <y>0.42166665</y>
      <w>0.41642228</w>
      <t>1466</t>
    </point>
    <point>
      <x>0.40666667</x>
      <y>0.40666667</y>
      <w>0.35874876</w>
      <t>1500</t>
    </point>
    <point>
      <x>0.41833332</x>
      <y>0.39166668</y>
      <w>0.35874876</w>
      <t>1500</t>
    </point>
    <point>
      <x>0.43166667</x>
      <y>0.37833333</y>
      <w>0.35874876</w>
      <t>1500</t>
    </point>
    <point>
      <x>0.44333333</x>
      <y>0.36333334</y>
      <w>0.35874876</w>
      <t>1500</t>
    </point>
    <point>
      <x>0.45666668</x>
      <y>0.35</y>
      <w>0.3548387</w>
      <t>1533</t>
    </point>
    <point>
      <x>0.46833333</x>
      <y>0.335</y>
      <w>0.3548387</w>
      <t>1533</t>
    </point>
    <point>
      <x>0.48166665</x>
      <y>0.32166666</y>
      <w>0.3548387</w>
      <t>1533</t>
    </point>
    <point>
      <x>0.49333334</x>
      <y>0.30833334</y>
      <w>0.3548387</w>
      <t>1533</t>
    </point>
    <point>
      <x>0.50666666</x>
      <y>0.29666665</y>
      <w>0.3548387</w>
      <t>1533</t>
    </point>
    <point>
      <x>0.52</x>
      <y>0.285</y>
      <w>0.35874876</w>
      <t>1566</t>
    </point>
    <point>
      <x>0.53333336</x>
      <y>0.27333334</y>
      <w>0.35874876</w>
      <t>1566</t>
    </point>
    <point>
      <x>0.54833335</x>
      <y>0.265</y>
      <w>0.35874876</w>
      <t>1566</t>
    </point>
    <point>
      <x>0.56166667</x>
      <y>0.255</y>
      <w>0.35874876</w>
      <t>1566</t>
    </point>
    <point>
      <x>0.575</x>
      <y>0.24833333</y>
      <w>0.37829912</w>
      <t>1600</t>
    </point>
    <point>
      <x>0.58666664</x>
      <y>0.24166666</y>
      <w>0.37829912</w>
      <t>1600</t>
    </point>
    <point>
      <x>0.6</x>
      <y>0.235</y>
      <w>0.37829912</w>
      <t>1600</t>
    </point>
    <point>
      <x>0.6116667</x>
      <y>0.23</y>
      <w>0.37829912</w>
      <t>1600</t>
    </point>
    <point>
      <x>0.62166667</x>
      <y>0.22666667</y>
      <w>0.37829912</w>
      <t>1600</t>
    </point>
    <point>
      <x>0.6333333</x>
      <y>0.22333333</y>
      <w>0.42033234</w>
      <t>1633</t>
    </point>
    <point>
      <x>0.64166665</x>
      <y>0.22</y>
      <w>0.42033234</w>
      <t>1633</t>
    </point>
    <point>
      <x>0.65166664</x>
      <y>0.21833333</y>
      <w>0.42033234</w>
      <t>1633</t>
    </point>
    <point>
      <x>0.65833336</x>
      <y>0.21666667</y>
      <w>0.42033234</w>
      <t>1633</t>
    </point>
    <point>
      <x>0.6666667</x>
      <y>0.21666667</y>
      <w>0.44477028</w>
      <t>1666</t>
    </point>
    <point>
      <x>0.67333335</x>
      <y>0.21666667</y>
      <w>0.44477028</w>
      <t>1666</t>
    </point>
    <point>
      <x>0.68</x>
      <y>0.21666667</y>
      <w>0.44477028</w>
      <t>1666</t>
    </point>
    <point>
      <x>0.685</x>
      <y>0.21666667</y>
      <w>0.44477028</w>
      <t>1666</t>
    </point>
    <point>
      <x>0.69</x>
      <y>0.21833333</y>
      <w>0.49364614</w>
      <t>1700</t>
    </point>
    <point>
      <x>0.695</x>
      <y>0.22</y>
      <w>0.49364614</w>
      <t>1700</t>
    </point>
    <point>
      <x>0.6983333</x>
      <y>0.22166666</y>
      <w>0.49364614</w>
      <t>1700</t>
    </point>
    <point>
      <x>0.70166665</x>
      <y>0.22333333</y>
      <w>0.49364614</w>
      <t>1700</t>
    </point>
    <point>
      <x>0.7033333</x>
      <y>0.225</y>
      <w>0.49364614</w>
      <t>1700</t>
    </point>
    <point>
      <x>0.70666665</x>
      <y>0.22833334</y>
      <w>0.540567</w>
      <t>1733</t>
    </point>
    <point>
      <x>0.7083333</x>
      <y>0.23166667</y>
      <w>0.540567</w>
      <t>1733</t>
    </point>
    <point>
      <x>0.71</x>
      <y>0.23333333</y>
      <w>0.540567</w>
      <t>1733</t>
    </point>
    <point>
      <x>0.71166664</x>
      <y>0.23666666</y>
      <w>0.540567</w>
      <t>1733</t>
    </point>
    <point>
      <x>0.71166664</x>
      <y>0.24</y>
      <w>0.58651024</w>
      <t>1766</t>
    </point>
    <point>
      <x>0.71166664</x>
      <y>0.24333334</y>
      <w>0.58651024</w>
      <t>1766</t>
    </point>
    <point>
      <x>0.71166664</x>
      <y>0.24833333</y>
      <w>0.58651024</w>
      <t>1766</t>
    </point>
    <point>
      <x>0.71166664</x>
      <y>0.25166667</y>
      <w>0.58651024</w>
      <t>1766</t>
    </point>
    <point>
      <x>0.71166664</x>
      <y>0.25666666</y>
      <w>0.58651024</w>
      <t>1766</t>
    </point>
    <point>
      <x>0.71</x>
      <y>0.26166666</y>
      <w>0.6451613</w>
      <t>1800</t>
    </point>
    <point>
      <x>0.7083333</x>
      <y>0.265</y>
      <w>0.6451613</w>
      <t>1800</t>
    </point>
    <point>
      <x>0.70666665</x>
      <y>0.27</y>
      <w>0.6451613</w>
      <t>1800</t>
    </point>
    <point>
      <x>0.705</x>
      <y>0.27333334</y>
      <w>0.6451613</w>
      <t>1800</t>
    </point>
    <point>
      <x>0.7033333</x>
      <y>0.27833334</y>
      <w>0.67741936</w>
      <t>1833</t>
    </point>
    <point>
      <x>0.7</x>
      <y>0.28333333</y>
      <w>0.67741936</w>
      <t>1833</t>
    </point>
    <point>
      <x>0.69666666</x>
      <y>0.28833333</y>
      <w>0.67741936</w>
      <t>1833</t>
    </point>
    <point>
      <x>0.6933333</x>
      <y>0.295</y>
      <w>0.67741936</w>
      <t>1833</t>
    </point>
    <point>
      <x>0.69</x>
      <y>0.3</y>
      <w>0.67741936</w>
      <t>1833</t>
    </point>
    <point>
      <x>0.68666667</x>
      <y>0.30833334</y>
      <w>0.72043014</w>
      <t>1866</t>
    </point>
    <point>
      <x>0.6816667</x>
      <y>0.315</y>
      <w>0.72043014</w>
      <t>1866</t>
    </point>
    <point>
      <x>0.6766667</x>
      <y>0.32166666</y>
      <w>0.72043014</w>
      <t>1866</t>
    </point>
    <point>
      <x>0.6716667</x>
      <y>0.32833335</y>
      <w>0.72043014</w>
      <t>1866</t>
    </point>
    <point>
      <x>0.6666667</x>
      <y>0.335</y>
      <w>0.72238517</w>
      <t>1900</t>
    </point>
    <point>
      <x>0.6616667</x>
      <y>0.34166667</y>
      <w>0.72238517</w>
      <t>1900</t>
    </point>
    <point>
      <x>0.6566667</x>
      <y>0.34833333</y>
      <w>0.72238517</w>
      <t>1900</t>
    </point>
    <point>
      <x>0.65166664</x>
      <y>0.35666665</y>
      <w>0.72238517</w>
      <t>1900</t>
    </point>
    <point>
      <x>0.645</x>
      <y>0.36333334</y>
      <w>0.72238517</w>
      <t>1900</t>
    </point>
    <point>
      <x>0.64</x>
      <y>0.37166667</y>
      <w>0.7302053</w>
      <t>1933</t>
    </point>
    <point>
      <x>0.6333333</x>
      <y>0.38</y>
      <w>0.7302053</w>
      <t>1933</t>
    </point>
    <point>
      <x>0.62666667</x>
      <y>0.38833332</y>
      <w>0.7302053</w>
      <t>1933</t>
    </point>
    <point>
      <x>0.62</x>
      <y>0.395</y>
      <w>0.7302053</w>
      <t>1933</t>
    </point>
    <point>
      <x>0.61333334</x>
      <y>0.40333334</y>
      <w>0.7380254</w>
      <t>1966</t>
    </point>
    <point>
      <x>0.6066667</x>
      <y>0.41166666</y>
      <w>0.7380254</w>
      <t>1966</t>
    </point>
    <point>
      <x>0.6016667</x>
      <y>0.41833332</y>
      <w>0.7380254</w>
      <t>1966</t>
    </point>
    <point>
      <x>0.595</x>
      <y>0.425</y>
      <w>0.7380254</w>
      <t>1966</t>
    </point>
    <point>
      <x>0.5883333</x>
      <y>0.43166667</y>
      <w>0.7419355</w>
      <t>1999</t>
    </point>
    <point>
      <x>0.58166665</x>
      <y>0.43833333</y>
      <w>0.7419355</w>
      <t>1999</t>
    </point>
    <point>
      <x>0.575</x>
      <y>0.44333333</y>
      <w>0.7419355</w>
      <t>1999</t>
    </point>
    <point>
      <x>0.5683333</x>
      <y>0.44833332</y>
      <w>0.7419355</w>
      <t>1999</t>
    </point>
    <point>
      <x>0.56166667</x>
      <y>0.45333335</y>
      <w>0.7419355</w>
      <t>1999</t>
    </point>
    <point>
      <x>0.5566667</x>
      <y>0.45666668</y>
      <w>0.7174975</w>
      <t>2033</t>
    </point>
    <point>
      <x>0.5516667</x>
      <y>0.46</y>
      <w>0.7174975</w>
      <t>2033</t>
    </point>
    <point>
      <x>0.5466667</x>
      <y>0.46333334</y>
      <w>0.7174975</w>
      <t>2033</t>
    </point>
    <point>
      <x>0.54</x>
      <y>0.465</y>
      <w>0.7174975</w>
      <t>2033</t>
    </point>
    <point>
      <x>0.535</x>
      <y>0.46833333</y>
      <w>0.67741936</w>
      <t>2066</t>
    </point>
    <point>
      <x>0.53</x>
      <y>0.46833333</y>
      <w>0.67741936</w>
      <t>2066</t>
    </point>
    <point>
      <x>0.52666664</x>
      <y>0.47</y>
      <w>0.67741936</w>
      <t>2066</t>
    </point>
    <point>
      <x>0.5233333</x>
      <y>0.47166666</y>
      <w>0.67741936</w>
      <t>2066</t>
    </point>
    <point>
      <x>0.52</x>
      <y>0.47166666</y>
      <w>0.67741936</w>
      <t>2066</t>
    </point>
    <point>
      <x>0.51666665</x>
      <y>0.47166666</y>
      <w>0.59530795</w>
      <t>2100</t>
    </point>
    <point>
      <x>0.515</x>
      <y>0.47166666</y>
      <w>0.59530795</w>
      <t>2100</t>
    </point>
    <point>
      <x>0.5133333</x>
      <y>0.47166666</y>
      <w>0.59530795</w>
      <t>2100</t>
    </point>
    <point>
      <x>0.51166666</x>
      <y>0.47</y>
      <w>0.59530795</w>
      <t>2100</t>
    </point>
    <point>
      <x>0.51</x>
      <y>0.47</y>
      <w>0.514174</w>
      <t>2133</t>
    </point>
    <point>
      <x>0.51</x>
      <y>0.46833333</y>
      <w>0.514174</w>
      <t>2133</t>
    </point>
    <point>
      <x>0.5083333</x>
      <y>0.465</y>
      <w>0.514174</w>
      <t>2133</t>
    </point>
    <point>
      <x>0.5083333</x>
      <y>0.46333334</y>
      <w>0.514174</w>
      <t>2133</t>
    </point>
    <point>
      <x>0.5083333</x>
      <y>0.46166667</y>
      <w>0.514174</w>
      <t>2133</t>
    </point>
    <point>
      <x>0.5083333</x>
      <y>0.45833334</y>
      <w>0.49266863</w>
      <t>2166</t>
    </point>
    <point>
      <x>0.5083333</x>
      <y>0.455</y>
      <w>0.49266863</w>
      <t>2166</t>
    </point>
    <point>
      <x>0.5083333</x>
      <y>0.45166665</y>
      <w>0.49266863</w>
      <t>2166</t>
    </point>
    <point>
      <x>0.51</x>
      <y>0.44833332</y>
      <w>0.49266863</w>
      <t>2166</t>
    </point>
    <point>
      <x>0.5133333</x>
      <y>0.445</y>
      <w>0.49853373</w>
      <t>2200</t>
    </point>
    <point>
      <x>0.515</x>
      <y>0.44166666</y>
      <w>0.49853373</w>
      <t>2200</t>
    </point>
    <point>
      <x>0.5183333</x>
      <y>0.43666667</y>
      <w>0.49853373</w>
      <t>2200</t>
    </point>
    <point>
      <x>0.52166665</x>
      <y>0.43333334</y>
      <w>0.49853373</w>
      <t>2200</t>
    </point>
    <point>
      <x>0.525</x>
      <y>0.43</y>
      <w>0.49853373</w>
      <t>2200</t>
    </point>
    <point>
      <x>0.53</x>
      <y>0.42666668</y>
      <w>0.49853373</w>
      <t>2233</t>
    </point>
    <point>
      <x>0.535</x>
      <y>0.42166665</y>
      <w>0.49853373</w>
      <t>2233</t>
    </point>
    <point>
      <x>0.54</x>
      <y>0.41833332</y>
      <w>0.49853373</w>
      <t>2233</t>
    </point>
    <point>
      <x>0.545</x>
      <y>0.415</y>
      <w>0.49853373</w>
      <t>2233</t>
    </point>
    <point>
      <x>0.54833335</x>
      <y>0.41166666</y>
      <w>0.49951124</w>
      <t>2267</t>
    </point>
    <point>
      <x>0.55333334</x>
      <y>0.41</y>
      <w>0.49951124</w>
      <t>2267</t>
    </point>
    <point>
      <x>0.55833334</x>
      <y>0.40666667</y>
      <w>0.49951124</w>
      <t>2267</t>
    </point>
    <point>
      <x>0.56333333</x>
      <y>0.40333334</y>
      <w>0.49951124</w>
      <t>2267</t>
    </point>
    <point>
      <x>0.5683333</x>
      <y>0.40166667</y>
      <w>0.51221895</w>
      <t>2300</t>
    </point>
    <point>
      <x>0.575</x>
      <y>0.39833334</y>
      <w>0.51221895</w>
      <t>2300</t>
    </point>
    <point>
      <x>0.58166665</x>
      <y>0.39666668</y>
      <w>0.51221895</w>
      <t>2300</t>
    </point>
    <point>
      <x>0.5883333</x>
      <y>0.395</y>
      <w>0.51221895</w>
      <t>2300</t>
    </point>
    <point>
      <x>0.5933333</x>
      <y>0.39166668</y>
      <w>0.51221895</w>
      <t>2300</t>
    </point>
    <point>
      <x>0.6</x>
      <y>0.39</y>
      <w>0.51710653</w>
      <t>2333</t>
    </point>
    <point>
      <x>0.605</x>
      <y>0.38833332</y>
      <w>0.51710653</w>
      <t>2333</t>
    </point>
    <point>
      <x>0.6116667</x>
      <y>0.38666666</y>
      <w>0.51710653</w>
      <t>2333</t>
    </point>
    <point>
      <x>0.6166667</x>
      <y>0.385</y>
      <w>0.51710653</w>
      <t>2333</t>
    </point>
    <point>
      <x>0.62333333</x>
      <y>0.38333333</y>
      <w>0.52297163</w>
      <t>2366</t>
    </point>
    <point>
      <x>0.63</x>
      <y>0.38</y>
      <w>0.52297163</w>
      <t>2366</t>
    </point>
    <point>
      <x>0.63666666</x>
      <y>0.37833333</y>
      <w>0.52297163</w>
      <t>2366</t>
    </point>
    <point>
      <x>0.645</x>
      <y>0.37666667</y>
      <w>0.52297163</w>
      <t>2366</t>
    </point>
    <point>
      <x>0.65166664</x>
      <y>0.375</y>
      <w>0.52297163</w>
      <t>2366</t>
    </point>
    <point>
      <x>0.65833336</x>
      <y>0.37333333</y>
      <w>0.57575756</w>
      <t>2400</t>
    </point>
    <point>
      <x>0.6666667</x>
      <y>0.37166667</y>
      <w>0.57575756</w>
      <t>2400</t>
    </point>
    <point>
      <x>0.67333335</x>
      <y>0.37</y>
      <w>0.57575756</w>
      <t>2400</t>
    </point>
    <point>
      <x>0.68</x>
      <y>0.37</y>
      <w>0.57575756</w>
      <t>2400</t>
    </point>
    <point>
      <x>0.68833333</x>
      <y>0.36833334</y>
      <w>0.59433043</w>
      <t>2433</t>
    </point>
    <point>
      <x>0.695</x>
      <y>0.36833334</y>
      <w>0.59433043</w>
      <t>2433</t>
    </point>
    <point>
      <x>0.7</x>
      <y>0.36833334</y>
      <w>0.59433043</w>
      <t>2433</t>
    </point>
    <point>
      <x>0.70666665</x>
      <y>0.36833334</y>
      <w>0.59433043</w>
      <t>2433</t>
    </point>
    <point>
      <x>0.7133333</x>
      <y>0.36833334</y>
      <w>0.59433043</w>
      <t>2433</t>
    </point>
    <point>
      <x>0.7183333</x>
      <y>0.36833334</y>
      <w>0.6089932</w>
      <t>2466</t>
    </point>
    <point>
      <x>0.725</x>
      <y>0.36833334</y>
      <w>0.6089932</w>
      <t>2466</t>
    </point>
    <point>
      <x>0.73</x>
      <y>0.37</y>
      <w>0.6089932</w>
      <t>2466</t>
    </point>
    <point>
      <x>0.735</x>
      <y>0.37</y>
      <w>0.6089932</w>
      <t>2466</t>
    </point>
    <point>
      <x>0.74</x>
      <y>0.37166667</y>
      <w>0.63831866</w>
      <t>2500</t>
    </point>
    <point>
      <x>0.74333334</x>
      <y>0.37333333</y>
      <w>0.63831866</w>
      <t>2500</t>
    </point>
    <point>
      <x>0.74666667</x>
      <y>0.37333333</y>
      <w>0.63831866</w>
      <t>2500</t>
    </point>
    <point>
      <x>0.75</x>
      <y>0.375</y>
      <w>0.63831866</w>
      <t>2500</t>
    </point>
    <point>
      <x>0.75333333</x>
      <y>0.37666667</y>
      <w>0.63831866</w>
      <t>2500</t>
    </point>
    <point>
      <x>0.75666666</x>
      <y>0.37833333</y>
      <w>0.6529814</w>
      <t>2533</t>
    </point>
    <point>
      <x>0.7583333</x>
      <y>0.38</y>
      <w>0.6529814</w>
      <t>2533</t>
    </point>
    <point>
      <x>0.76</x>
      <y>0.38166666</y>
      <w>0.6529814</w>
      <t>2533</t>
    </point>
    <point>
      <x>0.76166666</x>
      <y>0.38333333</y>
      <w>0.6529814</w>
      <t>2533</t>
    </point>
    <point>
      <x>0.7633333</x>
      <y>0.385</y>
      <w>0.6803519</w>
      <t>2566</t>
    </point>
    <point>
      <x>0.765</x>
      <y>0.38666666</y>
      <w>0.6803519</w>
      <t>2566</t>
    </point>
    <point>
      <x>0.76666665</x>
      <y>0.38833332</y>
      <w>0.6803519</w>
      <t>2566</t>
    </point>
    <point>
      <x>0.76666665</x>
      <y>0.39</y>
      <w>0.6803519</w>
      <t>2566</t>
    </point>
    <point>
      <x>0.7683333</x>
      <y>0.39166668</y>
      <w>0.70185727</w>
      <t>2600</t>
    </point>
    <point>
      <x>0.7683333</x>
      <y>0.39333335</y>
      <w>0.70185727</w>
      <t>2600</t>
    </point>
    <point>
      <x>0.7683333</x>
      <y>0.395</y>
      <w>0.70185727</w>
      <t>2600</t>
    </point>
    <point>
      <x>0.7683333</x>
      <y>0.39666668</y>
      <w>0.70185727</w>
      <t>2600</t>
    </point>
    <point>
      <x>0.7683333</x>
      <y>0.39833334</y>
      <w>0.71358746</w>
      <t>2633</t>
    </point>
    <point>
      <x>0.7683333</x>
      <y>0.4</y>
      <w>0.71358746</w>
      <t>2633</t>
    </point>
    <point>
      <x>0.7683333</x>
      <y>0.40166667</y>
      <w>0.71358746</w>
      <t>2633</t>
    </point>
    <point>
      <x>0.7683333</x>
      <y>0.40333334</y>
      <w>0.71358746</w>
      <t>2633</t>
    </point>
    <point>
      <x>0.7683333</x>
      <y>0.405</y>
      <w>0.7174975</w>
      <t>2666</t>
    </point>
    <point>
      <x>0.7683333</x>
      <y>0.40666667</y>
      <w>0.7174975</w>
      <t>2666</t>
    </point>
    <point>
      <x>0.7683333</x>
      <y>0.40833333</y>
      <w>0.7174975</w>
      <t>2666</t>
    </point>
    <point>
      <x>0.7683333</x>
      <y>0.41166666</y>
      <w>0.7174975</w>
      <t>2666</t>
    </point>
    <point>
      <x>0.7683333</x>
      <y>0.41333333</y>
      <w>0.7174975</w>
      <t>2666</t>
    </point>
    <point>
      <x>0.76666665</x>
      <y>0.41666666</y>
      <w>0.72043014</w>
      <t>2699</t>
    </point>
    <point>
      <x>0.76666665</x>
      <y>0.42</y>
      <w>0.72043014</w>
      <t>2699</t>
    </point>
    <point>
      <x>0.765</x>
      <y>0.42166665</y>
      <w>0.72043014</w>
      <t>2699</t>
    </point>
    <point>
      <x>0.7633333</x>
      <y>0.425</y>
      <w>0.72043014</w>
      <t>2699</t>
    </point>
    <point>
      <x>0.76166666</x>
      <y>0.42833334</y>
      <w>0.72043014</w>
      <t>2733</t>
    </point>
    <point>
      <x>0.76</x>
      <y>0.43</y>
      <w>0.72043014</w>
      <t>2733</t>
    </point>
    <point>
      <x>0.7583333</x>
      <y>0.43333334</y>
      <w>0.72043014</w>
      <t>2733</t>
    </point>
    <point>
      <x>0.75666666</x>
      <y>0.43666667</y>
      <w>0.72043014</w>
      <t>2733</t>
    </point>
    <point>
      <x>0.755</x>
      <y>0.43833333</y>
      <w>0.72043014</w>
      <t>2733</t>
    </point>
    <point>
      <x>0.75166667</x>
      <y>0.44166666</y>
      <w>0.71847504</w>
      <t>2766</t>
    </point>
    <point>
      <x>0.75</x>
      <y>0.445</y>
      <w>0.71847504</w>
      <t>2766</t>
    </point>
    <point>
      <x>0.74666667</x>
      <y>0.44833332</y>
      <w>0.71847504</w>
      <t>2766</t>
    </point>
    <point>
      <x>0.745</x>
      <y>0.45166665</y>
      <w>0.71847504</w>
      <t>2766</t>
    </point>
    <point>
      <x>0.7416667</x>
      <y>0.455</y>
      <w>0.70185727</w>
      <t>2800</t>
    </point>
    <point>
      <x>0.73833334</x>
      <y>0.45833334</y>
      <w>0.70185727</w>
      <t>2800</t>
    </point>
    <point>
      <x>0.735</x>
      <y>0.46166667</y>
      <w>0.70185727</w>
      <t>2800</t>
    </point>
    <point>
      <x>0.73</x>
      <y>0.465</y>
      <w>0.70185727</w>
      <t>2800</t>
    </point>
    <point>
      <x>0.7266667</x>
      <y>0.47</y>
      <w>0.70185727</w>
      <t>2800</t>
    </point>
    <point>
      <x>0.72333336</x>
      <y>0.47166666</y>
      <w>0.6793744</w>
      <t>2833</t>
    </point>
    <point>
      <x>0.7183333</x>
      <y>0.475</y>
      <w>0.6793744</w>
      <t>2833</t>
    </point>
    <point>
      <x>0.715</x>
      <y>0.47833332</y>
      <w>0.6793744</w>
      <t>2833</t>
    </point>
    <point>
      <x>0.71</x>
      <y>0.48166665</y>
      <w>0.6793744</w>
      <t>2833</t>
    </point>
    <point>
      <x>0.70666665</x>
      <y>0.485</y>
      <w>0.6334311</w>
      <t>2866</t>
    </point>
    <point>
      <x>0.70166665</x>
      <y>0.49</y>
      <w>0.6334311</w>
      <t>2866</t>
    </point>
    <point>
      <x>0.695</x>
      <y>0.49333334</y>
      <w>0.6334311</w>
      <t>2866</t>
    </point>
    <point>
      <x>0.69</x>
      <y>0.49666667</y>
      <w>0.6334311</w>
      <t>2866</t>
    </point>
    <point>
      <x>0.685</x>
      <y>0.50166667</y>
      <w>0.58064514</w>
      <t>2899</t>
    </point>
    <point>
      <x>0.67833334</x>
      <y>0.505</y>
      <w>0.58064514</w>
      <t>2899</t>
    </point>
    <point>
      <x>0.67333335</x>
      <y>0.51</y>
      <w>0.58064514</w>
      <t>2899</t>
    </point>
    <point>
      <x>0.66833335</x>
      <y>0.5133333</y>
      <w>0.58064514</w>
      <t>2899</t>
    </point>
    <point>
      <x>0.66333336</x>
      <y>0.51666665</y>
      <w>0.58064514</w>
      <t>2899</t>
    </point>
    <point>
      <x>0.65833336</x>
      <y>0.52</y>
      <w>0.5102639</w>
      <t>2933</t>
    </point>
    <point>
      <x>0.6533333</x>
      <y>0.525</y>
      <w>0.5102639</w>
      <t>2933</t>
    </point>
    <point>
      <x>0.65</x>
      <y>0.5283333</y>
      <w>0.5102639</w>
      <t>2933</t>
    </point>
    <point>
      <x>0.645</x>
      <y>0.5316667</y>
      <w>0.5102639</w>
      <t>2933</t>
    </point>
    <point>
      <x>0.64166665</x>
      <y>0.5366667</y>
      <w>0.49266863</w>
      <t>2966</t>
    </point>
    <point>
      <x>0.6383333</x>
      <y>0.54</y>
      <w>0.49266863</w>
      <t>2966</t>
    </point>
    <point>
      <x>0.6333333</x>
      <y>0.545</y>
      <w>0.49266863</w>
      <t>2966</t>
    </point>
    <point>
      <x>0.63</x>
      <y>0.54833335</y>
      <w>0.49266863</w>
      <t>2966</t>
    </point>
    <point>
      <x>0.62666667</x>
      <y>0.55333334</y>
      <w>0.49266863</w>
      <t>2966</t>
    </point>
    <point>
      <x>0.62333333</x>
      <y>0.5566667</y>
      <w>0.4633431</w>
      <t>2999</t>
    </point>
    <point>
      <x>0.62166667</x>
      <y>0.56</y>
      <w>0.4633431</w>
      <t>2999</t>
    </point>
    <point>
      <x>0.61833334</x>
      <y>0.56333333</y>
      <w>0.4633431</w>
      <t>2999</t>
    </point>
    <point>
      <x>0.6166667</x>
      <y>0.56666666</y>
      <w>0.4633431</w>
      <t>2999</t>
    </point>
    <point>
      <x>0.615</x>
      <y>0.57</y>
      <w>0.41055718</w>
      <t>3033</t>
    </point>
    <point>
      <x>0.61333334</x>
      <y>0.5733333</y>
      <w>0.41055718</w>
      <t>3033</t>
    </point>
    <point>
      <x>0.61333334</x>
      <y>0.57666665</y>
      <w>0.41055718</w>
      <t>3033</t>
    </point>
    <point>
      <x>0.6116667</x>
      <y>0.58</y>
      <w>0.41055718</w>
      <t>3033</t>
    </point>
    <point>
      <x>0.61</x>
      <y>0.5833333</y>
      <w>0.41055718</w>
      <t>3033</t>
    </point>
    <point>
      <x>0.60833335</x>
      <y>0.58666664</y>
      <w>0.40957966</w>
      <t>3066</t>
    </point>
    <point>
      <x>0.60833335</x>
      <y>0.59</y>
      <w>0.40957966</w>
      <t>3066</t>
    </point>
    <point>
      <x>0.60833335</x>
      <y>0.59166664</y>
      <w>0.40957966</w>
      <t>3066</t>
    </point>
    <point>
      <x>0.60833335</x>
      <y>0.5933333</y>
      <w>0.40957966</w>
      <t>3066</t>
    </point>
    <point>
      <x>0.60833335</x>
      <y>0.5966667</y>
      <w>0.43010753</w>
      <t>3100</t>
    </point>
    <point>
      <x>0.60833335</x>
      <y>0.59833336</y>
      <w>0.43010753</w>
      <t>3100</t>
    </point>
    <point>
      <x>0.60833335</x>
      <y>0.6</y>
      <w>0.43010753</w>
      <t>3100</t>
    </point>
    <point>
      <x>0.60833335</x>
      <y>0.60333335</y>
      <w>0.43010753</w>
      <t>3100</t>
    </point>
    <point>
      <x>0.61</x>
      <y>0.605</y>
      <w>0.43010753</w>
      <t>3100</t>
    </point>
    <point>
      <x>0.61</x>
      <y>0.6066667</y>
      <w>0.46529815</w>
      <t>3133</t>
    </point>
    <point>
      <x>0.6116667</x>
      <y>0.60833335</y>
      <w>0.46529815</w>
      <t>3133</t>
    </point>
    <point>
      <x>0.61333334</x>
      <y>0.61</y>
      <w>0.46529815</w>
      <t>3133</t>
    </point>
    <point>
      <x>0.615</x>
      <y>0.61</y>
      <w>0.46529815</w>
      <t>3133</t>
    </point>
    <point>
      <x>0.6166667</x>
      <y>0.6116667</y>
      <w>0.4799609</w>
      <t>3167</t>
    </point>
    <point>
      <x>0.61833334</x>
      <y>0.61333334</y>
      <w>0.4799609</w>
      <t>3167</t>
    </point>
    <point>
      <x>0.62</x>
      <y>0.615</y>
      <w>0.4799609</w>
      <t>3167</t>
    </point>
    <point>
      <x>0.62166667</x>
      <y>0.6166667</y>
      <w>0.4799609</w>
      <t>3167</t>
    </point>
    <point>
      <x>0.62333333</x>
      <y>0.61833334</y>
      <w>0.516129</w>
      <t>3200</t>
    </point>
    <point>
      <x>0.625</x>
      <y>0.62</y>
      <w>0.516129</w>
      <t>3200</t>
    </point>
    <point>
      <x>0.62833333</x>
      <y>0.62166667</y>
      <w>0.516129</w>
      <t>3200</t>
    </point>
    <point>
      <x>0.63</x>
      <y>0.62333333</y>
      <w>0.516129</w>
      <t>3200</t>
    </point>
    <point>
      <x>0.63166666</x>
      <y>0.625</y>
      <w>0.516129</w>
      <t>3200</t>
    </point>
    <point>
      <x>0.6333333</x>
      <y>0.62666667</y>
      <w>0.5278592</w>
      <t>3233</t>
    </point>
    <point>
      <x>0.635</x>
      <y>0.62833333</y>
      <w>0.5278592</w>
      <t>3233</t>
    </point>
    <point>
      <x>0.63666666</x>
      <y>0.63</y>
      <w>0.5278592</w>
      <t>3233</t>
    </point>
    <point>
      <x>0.6383333</x>
      <y>0.63166666</y>
      <w>0.5278592</w>
      <t>3233</t>
    </point>
    <point>
      <x>0.64</x>
      <y>0.6333333</y>
      <w>0.56207234</w>
      <t>3266</t>
    </point>
    <point>
      <x>0.64166665</x>
      <y>0.635</y>
      <w>0.56207234</w>
      <t>3266</t>
    </point>
    <point>
      <x>0.64166665</x>
      <y>0.63666666</y>
      <w>0.56207234</w>
      <t>3266</t>
    </point>
    <point>
      <x>0.6433333</x>
      <y>0.6383333</y>
      <w>0.5913978</w>
      <t>3300</t>
    </point>
    <point>
      <x>0.6433333</x>
      <y>0.64</y>
      <w>0.5913978</w>
      <t>3300</t>
    </point>
    <point>
      <x>0.6433333</x>
      <y>0.64166665</y>
      <w>0.5913978</w>
      <t>3300</t>
    </point>
    <point>
      <x>0.6433333</x>
      <y>0.6433333</y>
      <w>0.5913978</w>
      <t>3300</t>
    </point>
    <point>
      <x>0.645</x>
      <y>0.645</y>
      <w>0.6158358</w>
      <t>3333</t>
    </point>
    <point>
      <x>0.645</x>
      <y>0.64666665</y>
      <w>0.6158358</w>
      <t>3333</t>
    </point>
    <point>
      <x>0.645</x>
      <y>0.6483333</y>
      <w>0.6158358</w>
      <t>3333</t>
    </point>
    <point>
      <x>0.645</x>
      <y>0.65</y>
      <w>0.6158358</w>
      <t>3333</t>
    </point>
    <point>
      <x>0.645</x>
      <y>0.65166664</y>
      <w>0.6158358</w>
      <t>3333</t>
    </point>
    <point>
      <x>0.64666665</x>
      <y>0.65166664</y>
      <w>0.6402737</w>
      <t>3366</t>
    </point>
    <point>
      <x>0.64666665</x>
      <y>0.6533333</y>
      <w>0.6402737</w>
      <t>3366</t>
    </point>
    <point>
      <x>0.64666665</x>
      <y>0.655</y>
      <w>0.6402737</w>
      <t>3366</t>
    </point>
    <point>
      <x>0.64666665</x>
      <y>0.6566667</y>
      <w>0.6402737</w>
      <t>3366</t>
    </point>
    <point>
      <x>0.64666665</x>
      <y>0.65833336</y>
      <w>0.6598241</w>
      <t>3400</t>
    </point>
    <point>
      <x>0.64666665</x>
      <y>0.6616667</y>
      <w>0.6598241</w>
      <t>3400</t>
    </point>
    <point>
      <x>0.64666665</x>
      <y>0.66333336</y>
      <w>0.6598241</w>
      <t>3400</t>
    </point>
    <point>
      <x>0.64666665</x>
      <y>0.665</y>
      <w>0.6598241</w>
      <t>3400</t>
    </point>
    <point>
      <x>0.64666665</x>
      <y>0.6666667</y>
      <w>0.6598241</w>
      <t>3400</t>
    </point>
    <point>
      <x>0.64666665</x>
      <y>0.66833335</y>
      <w>0.66959924</w>
      <t>3433</t>
    </point>
    <point>
      <x>0.64666665</x>
      <y>0.6716667</y>
      <w>0.66959924</w>
      <t>3433</t>
    </point>
    <point>
      <x>0.645</x>
      <y>0.67333335</y>
      <w>0.66959924</w>
      <t>3433</t>
    </point>
    <point>
      <x>0.645</x>
      <y>0.675</y>
      <w>0.66959924</w>
      <t>3433</t>
    </point>
    <point>
      <x>0.645</x>
      <y>0.6766667</y>
      <w>0.67155427</w>
      <t>3466</t>
    </point>
    <point>
      <x>0.6433333</x>
      <y>0.68</y>
      <w>0.67155427</w>
      <t>3466</t>
    </point>
    <point>
      <x>0.6433333</x>
      <y>0.6816667</y>
      <w>0.67155427</w>
      <t>3466</t>
    </point>
    <point>
      <x>0.64166665</x>
      <y>0.68333334</y>
      <w>0.67155427</w>
      <t>3466</t>
    </point>
    <point>
      <x>0.64</x>
      <y>0.68666667</y>
      <w>0.67155427</w>
      <t>3499</t>
    </point>
    <point>
      <x>0.64</x>
      <y>0.68833333</y>
      <w>0.67155427</w>
      <t>3499</t>
    </point>
    <point>
      <x>0.6383333</x>
      <y>0.69166666</y>
      <w>0.67155427</w>
      <t>3499</t>
    </point>
    <point>
      <x>0.63666666</x>
      <y>0.6933333</y>
      <w>0.67155427</w>
      <t>3499</t>
    </point>
    <point>
      <x>0.63666666</x>
      <y>0.69666666</y>
      <w>0.67155427</w>
      <t>3499</t>
    </point>
    <point>
      <x>0.635</x>
      <y>0.6983333</y>
      <w>0.67057675</w>
      <t>3533</t>
    </point>
    <point>
      <x>0.635</x>
      <y>0.70166665</y>
      <w>0.67057675</w>
      <t>3533</t>
    </point>
    <point>
      <x>0.6333333</x>
      <y>0.7033333</y>
      <w>0.67057675</w>
      <t>3533</t>
    </point>
    <point>
      <x>0.6333333</x>
      <y>0.70666665</y>
      <w>0.67057675</w>
      <t>3533</t>
    </point>
    <point>
      <x>0.6333333</x>
      <y>0.7083333</y>
      <w>0.67057675</w>
      <t>3566</t>
    </point>
    <point>
      <x>0.63166666</x>
      <y>0.71</y>
      <w>0.67057675</w>
      <t>3566</t>
    </point>
    <point>
      <x>0.63166666</x>
      <y>0.7133333</y>
      <w>0.67057675</w>
      <t>3566</t>
    </point>
    <point>
      <x>0.63166666</x>
      <y>0.715</y>
      <w>0.67057675</w>
      <t>3566</t>
    </point>
    <point>
      <x>0.63166666</x>
      <y>0.71666664</y>
      <w>0.67057675</w>
      <t>3566</t>
    </point>
    <point>
      <x>0.63166666</x>
      <y>0.7183333</y>
      <w>0.67057675</w>
      <t>3600</t>
    </point>
    <point>
      <x>0.63166666</x>
      <y>0.72</y>
      <w>0.67057675</w>
      <t>3600</t>
    </point>
    <point>
      <x>0.63166666</x>
      <y>0.72333336</y>
      <w>0.67057675</w>
      <t>3600</t>
    </point>
    <point>
      <x>0.63166666</x>
      <y>0.725</y>
      <w>0.67057675</w>
      <t>3600</t>
    </point>
    <point>
      <x>0.63166666</x>
      <y>0.7266667</y>
      <w>0.6686217</w>
      <t>3633</t>
    </point>
    <point>
      <x>0.63166666</x>
      <y>0.72833335</y>
      <w>0.6686217</w>
      <t>3633</t>
    </point>
    <point>
      <x>0.63166666</x>
      <y>0.73</y>
      <w>0.6686217</w>
      <t>3633</t>
    </point>
    <point>
      <x>0.63166666</x>
      <y>0.7316667</y>
      <w>0.6686217</w>
      <t>3633</t>
    </point>
    <point>
      <x>0.63166666</x>
      <y>0.73333335</y>
      <w>0.6676442</w>
      <t>3666</t>
    </point>
    <point>
      <x>0.63166666</x>
      <y>0.735</y>
      <w>0.6676442</w>
      <t>3666</t>
    </point>
    <point>
      <x>0.6333333</x>
      <y>0.7366667</y>
      <w>0.6676442</w>
      <t>3666</t>
    </point>
    <point>
      <x>0.635</x>
      <y>0.74</y>
      <w>0.6676442</w>
      <t>3700</t>
    </point>
    <point>
      <x>0.635</x>
      <y>0.7416667</y>
      <w>0.6676442</w>
      <t>3700</t>
    </point>
    <point>
      <x>0.63666666</x>
      <y>0.74333334</y>
      <w>0.6676442</w>
      <t>3700</t>
    </point>
    <point>
      <x>0.63666666</x>
      <y>0.745</y>
      <w>0.6676442</w>
      <t>3700</t>
    </point>
    <point>
      <x>0.6383333</x>
      <y>0.745</y>
      <w>0.66471165</w>
      <t>3733</t>
    </point>
    <point>
      <x>0.6383333</x>
      <y>0.74666667</y>
      <w>0.66471165</w>
      <t>3733</t>
    </point>
    <point>
      <x>0.64</x>
      <y>0.74833333</y>
      <w>0.66471165</w>
      <t>3733</t>
    </point>
    <point>
      <x>0.64</x>
      <y>0.75</y>
      <w>0.66471165</w>
      <t>3733</t>
    </point>
    <point>
      <x>0.64166665</x>
      <y>0.75166667</y>
      <w>0.65591395</w>
      <t>3767</t>
    </point>
    <point>
      <x>0.6433333</x>
      <y>0.75166667</y>
      <w>0.65591395</w>
      <t>3767</t>
    </point>
    <point>
      <x>0.6433333</x>
      <y>0.75333333</y>
      <w>0.65591395</w>
      <t>3767</t>
    </point>
    <point>
      <x>0.645</x>
      <y>0.755</y>
      <w>0.65591395</w>
      <t>3767</t>
    </point>
    <point>
      <x>0.64666665</x>
      <y>0.75666666</y>
      <w>0.6461388</w>
      <t>3800</t>
    </point>
    <point>
      <x>0.6483333</x>
      <y>0.7583333</y>
      <w>0.6461388</w>
      <t>3800</t>
    </point>
    <point>
      <x>0.6483333</x>
      <y>0.76</y>
      <w>0.6461388</w>
      <t>3800</t>
    </point>
    <point>
      <x>0.65</x>
      <y>0.76166666</y>
      <w>0.6461388</w>
      <t>3800</t>
    </point>
    <point>
      <x>0.65166664</x>
      <y>0.7633333</y>
      <w>0.6461388</w>
      <t>3800</t>
    </point>
    <point>
      <x>0.65166664</x>
      <y>0.765</y>
      <w>0.62561095</w>
      <t>3833</t>
    </point>
    <point>
      <x>0.6533333</x>
      <y>0.765</y>
      <w>0.62561095</w>
      <t>3833</t>
    </point>
    <point>
      <x>0.655</x>
      <y>0.76666665</y>
      <w>0.62561095</w>
      <t>3833</t>
    </point>
    <point>
      <x>0.655</x>
      <y>0.7683333</y>
      <w>0.62561095</w>
      <t>3833</t>
    </point>
    <point>
      <x>0.6566667</x>
      <y>0.77</y>
      <w>0.6158358</w>
      <t>3866</t>
    </point>
    <point>
      <x>0.65833336</x>
      <y>0.77</y>
      <w>0.6158358</w>
      <t>3866</t>
    </point>
    <point>
      <x>0.66</x>
      <y>0.77166665</y>
      <w>0.6158358</w>
      <t>3866</t>
    </point>
    <point>
      <x>0.66</x>
      <y>0.7733333</y>
      <w>0.6158358</w>
      <t>3866</t>
    </point>
    <point>
      <x>0.6616667</x>
      <y>0.7733333</y>
      <w>0.6158358</w>
      <t>3866</t>
    </point>
    <point>
      <x>0.6616667</x>
      <y>0.775</y>
      <w>0.61485827</w>
      <t>3900</t>
    </point>
    <point>
      <x>0.66333336</x>
      <y>0.77666664</y>
      <w>0.61485827</w>
      <t>3900</t>
    </point>
    <point>
      <x>0.66333336</x>
      <y>0.7783333</y>
      <w>0.61485827</w>
      <t>3900</t>
    </point>
    <point>
      <x>0.665</x>
      <y>0.7783333</y>
      <w>0.61290324</w>
      <t>3932</t>
    </point>
    <point>
      <x>0.665</x>
      <y>0.78</y>
      <w>0.61290324</w>
      <t>3932</t>
    </point>
    <point>
      <x>0.6666667</x>
      <y>0.7816667</y>
      <w>0.61290324</w>
      <t>3932</t>
    </point>
    <point>
      <x>0.6666667</x>
      <y>0.78333336</y>
      <w>0.0</w>
      <t>4033</t>
    </point>
  </stroke>
</character>
