<?xml version="1.0" encoding="UTF-8"?>
<character>
  <stroke time="0">
    <point>
      <x>0.19333333</x>
      <y>0.21666667</y>
      <w>0.46725318</w>
      <t>69</t>
    </point>
    <point>
      <x>0.19333333</x>
      <y>0.21833333</y>
      <w>0.5659824</w>
      <t>99</t>
    </point>
    <point>
      <x>0.195</x>
      <y>0.22</y>
      <w>0.5659824</w>
      <t>99</t>
    </point>
    <point>
      <x>0.195</x>
      <y>0.22166666</y>
      <w>0.5659824</w>
      <t>99</t>
    </point>
    <point>
      <x>0.19666667</x>
      <y>0.22166666</y>
      <w>0.5659824</w>
      <t>100</t>
    </point>
    <point>
      <x>0.19666667</x>
      <y>0.22333333</y>
      <w>0.63245356</w>
      <t>133</t>
    </point>
    <point>
      <x>0.19833334</x>
      <y>0.225</y>
      <w>0.63245356</w>
      <t>133</t>
    </point>
    <point>
      <x>0.2</x>
      <y>0.22666667</y>
      <w>0.63245356</w>
      <t>133</t>
    </point>
    <point>
      <x>0.20166667</x>
      <y>0.22833334</y>
      <w>0.63245356</w>
      <t>134</t>
    </point>
    <point>
      <x>0.20333333</x>
      <y>0.23</y>
      <w>0.6627566</w>
      <t>166</t>
    </point>
    <point>
      <x>0.205</x>
      <y>0.23166667</y>
      <w>0.6627566</w>
      <t>166</t>
    </point>
    <point>
      <x>0.20666666</x>
      <y>0.23333333</y>
      <w>0.6627566</w>
      <t>166</t>
    </point>
    <point>
      <x>0.20833333</x>
      <y>0.235</y>
      <w>0.6627566</w>
      <t>167</t>
    </point>
    <point>
      <x>0.21</x>
      <y>0.23666666</y>
      <w>0.6871945</w>
      <t>199</t>
    </point>
    <point>
      <x>0.21333334</x>
      <y>0.23833333</y>
      <w>0.6871945</w>
      <t>199</t>
    </point>
    <point>
      <x>0.215</x>
      <y>0.24</y>
      <w>0.6871945</w>
      <t>199</t>
    </point>
    <point>
      <x>0.21833333</x>
      <y>0.24166666</y>
      <w>0.6871945</w>
      <t>200</t>
    </point>
    <point>
      <x>0.22</x>
      <y>0.24333334</y>
      <w>0.6871945</w>
      <t>200</t>
    </point>
    <point>
      <x>0.22166666</x>
      <y>0.24333334</y>
      <w>0.71847504</w>
      <t>233</t>
    </point>
    <point>
      <x>0.225</x>
      <y>0.245</y>
      <w>0.71847504</w>
      <t>233</t>
    </point>
    <point>
      <x>0.22666667</x>
      <y>0.245</y>
      <w>0.71847504</w>
      <t>233</t>
    </point>
    <point>
      <x>0.22833334</x>
      <y>0.24666667</y>
      <w>0.7243402</w>
      <t>266</t>
    </point>
    <point>
      <x>0.23</x>
      <y>0.24666667</y>
      <w>0.7243402</w>
      <t>266</t>
    </point>
    <point>
      <x>0.23166667</x>
      <y>0.24666667</y>
      <w>0.7243402</w>
      <t>266</t>
    </point>
    <point>
      <x>0.23333333</x>
      <y>0.24666667</y>
      <w>0.7243402</w>
      <t>267</t>
    </point>
    <point>
      <x>0.23666666</x>
      <y>0.24833333</y>
      <w>0.7243402</w>
      <t>267</t>
    </point>
    <point>
      <x>0.23833333</x>
      <y>0.24833333</y>
      <w>0.7292278</w>
      <t>299</t>
    </point>
    <point>
      <x>0.24166666</x>
      <y>0.24833333</y>
      <w>0.7292278</w>
      <t>299</t>
    </point>
    <point>
      <x>0.24333334</x>
      <y>0.24833333</y>
      <w>0.7292278</w>
      <t>299</t>
    </point>
    <point>
      <x>0.245</x>
      <y>0.24833333</y>
      <w>0.7292278</w>
      <t>300</t>
    </point>
    <point>
      <x>0.24833333</x>
      <y>0.24833333</y>
      <w>0.72825027</w>
      <t>333</t>
    </point>
    <point>
      <x>0.25</x>
      <y>0.24833333</y>
      <w>0.72825027</w>
      <t>335</t>
    </point>
    <point>
      <x>0.25166667</x>
      <y>0.24833333</y>
      <w>0.7302053</w>
      <t>335</t>
    </point>
    <point>
      <x>0.255</x>
      <y>0.24833333</y>
      <w>0.7302053</w>
      <t>335</t>
    </point>
    <point>
      <x>0.25833333</x>
      <y>0.24833333</y>
      <w>0.7302053</w>
      <t>335</t>
    </point>
    <point>
      <x>0.26166666</x>
      <y>0.24833333</y>
      <w>0.7302053</w>
      <t>366</t>
    </point>
    <point>
      <x>0.265</x>
      <y>0.24833333</y>
      <w>0.7302053</w>
      <t>366</t>
    </point>
    <point>
      <x>0.26833335</x>
      <y>0.24666667</y>
      <w>0.7302053</w>
      <t>366</t>
    </point>
    <point>
      <x>0.27333334</x>
      <y>0.245</y>
      <w>0.7302053</w>
      <t>367</t>
    </point>
    <point>
      <x>0.27833334</x>
      <y>0.245</y>
      <w>0.72825027</w>
      <t>399</t>
    </point>
    <point>
      <x>0.28166667</x>
      <y>0.24333334</y>
      <w>0.72825027</w>
      <t>399</t>
    </point>
    <point>
      <x>0.28666666</x>
      <y>0.24166666</y>
      <w>0.72825027</w>
      <t>399</t>
    </point>
    <point>
      <x>0.29</x>
      <y>0.24</y>
      <w>0.72825027</w>
      <t>400</t>
    </point>
    <point>
      <x>0.295</x>
      <y>0.24</y>
      <w>0.714565</w>
      <t>432</t>
    </point>
    <point>
      <x>0.3</x>
      <y>0.23833333</y>
      <w>0.714565</w>
      <t>432</t>
    </point>
    <point>
      <x>0.305</x>
      <y>0.23666666</y>
      <w>0.714565</w>
      <t>432</t>
    </point>
    <point>
      <x>0.31</x>
      <y>0.23333333</y>
      <w>0.714565</w>
      <t>433</t>
    </point>
    <point>
      <x>0.315</x>
      <y>0.23166667</y>
      <w>0.714565</w>
      <t>433</t>
    </point>
    <point>
      <x>0.32</x>
      <y>0.23</y>
      <w>0.64320624</w>
      <t>466</t>
    </point>
    <point>
      <x>0.325</x>
      <y>0.22666667</y>
      <w>0.64320624</w>
      <t>466</t>
    </point>
    <point>
      <x>0.33</x>
      <y>0.225</y>
      <w>0.64320624</w>
      <t>466</t>
    </point>
    <point>
      <x>0.335</x>
      <y>0.22333333</y>
      <w>0.64320624</w>
      <t>467</t>
    </point>
    <point>
      <x>0.33833334</x>
      <y>0.22166666</y>
      <w>0.64320624</w>
      <t>467</t>
    </point>
    <point>
      <x>0.34333333</x>
      <y>0.22</y>
      <w>0.5777126</w>
      <t>500</t>
    </point>
    <point>
      <x>0.34666666</x>
      <y>0.21833333</y>
      <w>0.5777126</w>
      <t>500</t>
    </point>
    <point>
      <x>0.35166666</x>
      <y>0.21666667</y>
      <w>0.5777126</w>
      <t>500</t>
    </point>
    <point>
      <x>0.355</x>
      <y>0.215</y>
      <w>0.5777126</w>
      <t>501</t>
    </point>
    <point>
      <x>0.35833332</x>
      <y>0.215</y>
      <w>0.48191592</w>
      <t>533</t>
    </point>
    <point>
      <x>0.36333334</x>
      <y>0.21333334</y>
      <w>0.48191592</w>
      <t>533</t>
    </point>
    <point>
      <x>0.36666667</x>
      <y>0.21166667</y>
      <w>0.48191592</w>
      <t>533</t>
    </point>
    <point>
      <x>0.37</x>
      <y>0.21166667</y>
      <w>0.48191592</w>
      <t>533</t>
    </point>
    <point>
      <x>0.375</x>
      <y>0.21</y>
      <w>0.4173998</w>
      <t>566</t>
    </point>
    <point>
      <x>0.37833333</x>
      <y>0.20833333</y>
      <w>0.4173998</w>
      <t>566</t>
    </point>
    <point>
      <x>0.38333333</x>
      <y>0.20833333</y>
      <w>0.4173998</w>
      <t>566</t>
    </point>
    <point>
      <x>0.38833332</x>
      <y>0.20666666</y>
      <w>0.4173998</w>
      <t>566</t>
    </point>
    <point>
      <x>0.39333335</x>
      <y>0.20666666</y>
      <w>0.4173998</w>
      <t>567</t>
    </point>
    <point>
      <x>0.39666668</x>
      <y>0.205</y>
      <w>0.2512219</w>
      <t>599</t>
    </point>
    <point>
      <x>0.40166667</x>
      <y>0.20333333</y>
      <w>0.2512219</w>
      <t>599</t>
    </point>
    <point>
      <x>0.405</x>
      <y>0.20333333</y>
      <w>0.2512219</w>
      <t>599</t>
    </point>
    <point>
      <x>0.41</x>
      <y>0.20333333</y>
      <w>0.2512219</w>
      <t>599</t>
    </point>
    <point>
      <x>0.41333333</x>
      <y>0.20166667</y>
      <w>0.16129032</w>
      <t>633</t>
    </point>
    <point>
      <x>0.41666666</x>
      <y>0.20166667</y>
      <w>0.16129032</w>
      <t>633</t>
    </point>
    <point>
      <x>0.42</x>
      <y>0.20166667</y>
      <w>0.16129032</w>
      <t>633</t>
    </point>
    <point>
      <x>0.42333335</x>
      <y>0.20166667</y>
      <w>0.16129032</w>
      <t>633</t>
    </point>
    <point>
      <x>0.42666668</x>
      <y>0.20166667</y>
      <w>0.16129032</w>
      <t>633</t>
    </point>
    <point>
      <x>0.43</x>
      <y>0.20166667</y>
      <w>0.074291304</w>
      <t>666</t>
    </point>
    <point>
      <x>0.435</x>
      <y>0.20166667</y>
      <w>0.074291304</w>
      <t>666</t>
    </point>
    <point>
      <x>0.43833333</x>
      <y>0.20166667</y>
      <w>0.074291304</w>
      <t>666</t>
    </point>
    <point>
      <x>0.44166666</x>
      <y>0.20166667</y>
      <w>0.074291304</w>
      <t>666</t>
    </point>
    <point>
      <x>0.445</x>
      <y>0.20166667</y>
      <w>0.008797654</w>
      <t>699</t>
    </point>
    <point>
      <x>0.45</x>
      <y>0.20333333</y>
      <w>0.008797654</w>
      <t>699</t>
    </point>
    <point>
      <x>0.45333335</x>
      <y>0.20333333</y>
      <w>0.008797654</w>
      <t>699</t>
    </point>
    <point>
      <x>0.45666668</x>
      <y>0.20333333</y>
      <w>0.008797654</w>
      <t>699</t>
    </point>
    <point>
      <x>0.46</x>
      <y>0.205</y>
      <w>0.008797654</w>
      <t>733</t>
    </point>
    <point>
      <x>0.46166667</x>
      <y>0.20666666</y>
      <w>0.008797654</w>
      <t>735</t>
    </point>
    <point>
      <x>0.465</x>
      <y>0.20666666</y>
      <w>0.015640274</w>
      <t>735</t>
    </point>
    <point>
      <x>0.46833333</x>
      <y>0.20833333</y>
      <w>0.015640274</w>
      <t>735</t>
    </point>
    <point>
      <x>0.47166666</x>
      <y>0.20833333</y>
      <w>0.015640274</w>
      <t>735</t>
    </point>
    <point>
      <x>0.47333333</x>
      <y>0.21</y>
      <w>0.030303031</w>
      <t>766</t>
    </point>
    <point>
      <x>0.47666666</x>
      <y>0.21166667</y>
      <w>0.030303031</w>
      <t>766</t>
    </point>
    <point>
      <x>0.47833332</x>
      <y>0.21333334</y>
      <w>0.030303031</w>
      <t>766</t>
    </point>
    <point>
      <x>0.48166665</x>
      <y>0.21333334</y>
      <w>0.030303031</w>
      <t>766</t>
    </point>
    <point>
      <x>0.48333332</x>
      <y>0.215</y>
      <w>0.14662756</w>
      <t>799</t>
    </point>
    <point>
      <x>0.48666668</x>
      <y>0.21666667</y>
      <w>0.14662756</w>
      <t>799</t>
    </point>
    <point>
      <x>0.49</x>
      <y>0.21666667</y>
      <w>0.14662756</w>
      <t>799</t>
    </point>
    <point>
      <x>0.49166667</x>
      <y>0.21833333</y>
      <w>0.14662756</w>
      <t>799</t>
    </point>
    <point>
      <x>0.49333334</x>
      <y>0.22</y>
      <w>0.14662756</w>
      <t>799</t>
    </point>
    <point>
      <x>0.495</x>
      <y>0.22</y>
      <w>0.22189638</w>
      <t>833</t>
    </point>
    <point>
      <x>0.49666667</x>
      <y>0.22166666</y>
      <w>0.22189638</w>
      <t>833</t>
    </point>
    <point>
      <x>0.49833333</x>
      <y>0.22333333</y>
      <w>0.22189638</w>
      <t>833</t>
    </point>
    <point>
      <x>0.5</x>
      <y>0.225</y>
      <w>0.22189638</w>
      <t>833</t>
    </point>
    <point>
      <x>0.50166667</x>
      <y>0.225</y>
      <w>0.26979473</w>
      <t>866</t>
    </point>
    <point>
      <x>0.50333333</x>
      <y>0.22666667</y>
      <w>0.26979473</w>
      <t>866</t>
    </point>
    <point>
      <x>0.50666666</x>
      <y>0.22833334</y>
      <w>0.26979473</w>
      <t>866</t>
    </point>
    <point>
      <x>0.5083333</x>
      <y>0.23</y>
      <w>0.26979473</w>
      <t>866</t>
    </point>
    <point>
      <x>0.51</x>
      <y>0.23166667</y>
      <w>0.26979473</w>
      <t>867</t>
    </point>
    <point>
      <x>0.5133333</x>
      <y>0.23333333</y>
      <w>0.27663735</w>
      <t>899</t>
    </point>
    <point>
      <x>0.51666665</x>
      <y>0.235</y>
      <w>0.27663735</w>
      <t>899</t>
    </point>
    <point>
      <x>0.5183333</x>
      <y>0.235</y>
      <w>0.27663735</w>
      <t>899</t>
    </point>
    <point>
      <x>0.52166665</x>
      <y>0.23666666</y>
      <w>0.27663735</w>
      <t>899</t>
    </point>
    <point>
      <x>0.5233333</x>
      <y>0.23833333</y>
      <w>0.31182796</w>
      <t>933</t>
    </point>
    <point>
      <x>0.52666664</x>
      <y>0.24</y>
      <w>0.31182796</w>
      <t>933</t>
    </point>
    <point>
      <x>0.53</x>
      <y>0.24</y>
      <w>0.31182796</w>
      <t>933</t>
    </point>
    <point>
      <x>0.5316667</x>
      <y>0.24166666</y>
      <w>0.31182796</w>
      <t>933</t>
    </point>
    <point>
      <x>0.535</x>
      <y>0.24333334</y>
      <w>0.31182796</w>
      <t>933</t>
    </point>
    <point>
      <x>0.53833336</x>
      <y>0.24333334</y>
      <w>0.32453567</w>
      <t>966</t>
    </point>
    <point>
      <x>0.5416667</x>
      <y>0.245</y>
      <w>0.32453567</w>
      <t>966</t>
    </point>
    <point>
      <x>0.545</x>
      <y>0.245</y>
      <w>0.32453567</w>
      <t>966</t>
    </point>
    <point>
      <x>0.54833335</x>
      <y>0.245</y>
      <w>0.32453567</w>
      <t>966</t>
    </point>
    <point>
      <x>0.5516667</x>
      <y>0.245</y>
      <w>0.3313783</w>
      <t>1000</t>
    </point>
    <point>
      <x>0.555</x>
      <y>0.245</y>
      <w>0.3313783</w>
      <t>1000</t>
    </point>
    <point>
      <x>0.55833334</x>
      <y>0.245</y>
      <w>0.3313783</w>
      <t>1002</t>
    </point>
    <point>
      <x>0.56</x>
      <y>0.245</y>
      <w>0.3313783</w>
      <t>1002</t>
    </point>
    <point>
      <x>0.56333333</x>
      <y>0.245</y>
      <w>0.3313783</w>
      <t>1002</t>
    </point>
    <point>
      <x>0.565</x>
      <y>0.245</y>
      <w>0.33235583</w>
      <t>1033</t>
    </point>
    <point>
      <x>0.5683333</x>
      <y>0.245</y>
      <w>0.33235583</w>
      <t>1033</t>
    </point>
    <point>
      <x>0.57166666</x>
      <y>0.245</y>
      <w>0.33235583</w>
      <t>1033</t>
    </point>
    <point>
      <x>0.575</x>
      <y>0.245</y>
      <w>0.33235583</w>
      <t>1033</t>
    </point>
    <point>
      <x>0.58</x>
      <y>0.245</y>
      <w>0.3362659</w>
      <t>1066</t>
    </point>
    <point>
      <x>0.5833333</x>
      <y>0.245</y>
      <w>0.3362659</w>
      <t>1066</t>
    </point>
    <point>
      <x>0.5883333</x>
      <y>0.245</y>
      <w>0.3362659</w>
      <t>1066</t>
    </point>
    <point>
      <x>0.5933333</x>
      <y>0.24333334</y>
      <w>0.3362659</w>
      <t>1066</t>
    </point>
    <point>
      <x>0.59833336</x>
      <y>0.24166666</y>
      <w>0.3362659</w>
      <t>1099</t>
    </point>
    <point>
      <x>0.60333335</x>
      <y>0.24</y>
      <w>0.3362659</w>
      <t>1099</t>
    </point>
    <point>
      <x>0.60833335</x>
      <y>0.23833333</y>
      <w>0.3362659</w>
      <t>1099</t>
    </point>
    <point>
      <x>0.61333334</x>
      <y>0.23666666</y>
      <w>0.3362659</w>
      <t>1099</t>
    </point>
    <point>
      <x>0.61833334</x>
      <y>0.235</y>
      <w>0.3362659</w>
      <t>1099</t>
    </point>
    <point>
      <x>0.62166667</x>
      <y>0.23333333</y>
      <w>0.32746822</w>
      <t>1133</t>
    </point>
    <point>
      <x>0.62666667</x>
      <y>0.23166667</y>
      <w>0.32746822</w>
      <t>1133</t>
    </point>
    <point>
      <x>0.63</x>
      <y>0.23</y>
      <w>0.32746822</w>
      <t>1133</t>
    </point>
    <point>
      <x>0.6333333</x>
      <y>0.22833334</y>
      <w>0.32746822</w>
      <t>1133</t>
    </point>
    <point>
      <x>0.6383333</x>
      <y>0.22666667</y>
      <w>0.3079179</w>
      <t>1166</t>
    </point>
    <point>
      <x>0.64166665</x>
      <y>0.225</y>
      <w>0.3079179</w>
      <t>1166</t>
    </point>
    <point>
      <x>0.64666665</x>
      <y>0.22333333</y>
      <w>0.3079179</w>
      <t>1166</t>
    </point>
    <point>
      <x>0.65</x>
      <y>0.22166666</y>
      <w>0.3079179</w>
      <t>1166</t>
    </point>
    <point>
      <x>0.6533333</x>
      <y>0.22</y>
      <w>0.3079179</w>
      <t>1166</t>
    </point>
    <point>
      <x>0.655</x>
      <y>0.22</y>
      <w>0.26197457</w>
      <t>1199</t>
    </point>
    <point>
      <x>0.65833336</x>
      <y>0.21833333</y>
      <w>0.26197457</w>
      <t>1199</t>
    </point>
    <point>
      <x>0.6616667</x>
      <y>0.21666667</y>
      <w>0.26197457</w>
      <t>1199</t>
    </point>
    <point>
      <x>0.665</x>
      <y>0.21666667</y>
      <w>0.26197457</w>
      <t>1199</t>
    </point>
    <point>
      <x>0.66833335</x>
      <y>0.21666667</y>
      <w>0.26099706</w>
      <t>1233</t>
    </point>
    <point>
      <x>0.67</x>
      <y>0.215</y>
      <w>0.26099706</w>
      <t>1233</t>
    </point>
    <point>
      <x>0.675</x>
      <y>0.215</y>
      <w>0.26099706</w>
      <t>1233</t>
    </point>
    <point>
      <x>0.67833334</x>
      <y>0.21333334</y>
      <w>0.26099706</w>
      <t>1233</t>
    </point>
    <point>
      <x>0.6816667</x>
      <y>0.21333334</y>
      <w>0.26099706</w>
      <t>1233</t>
    </point>
    <point>
      <x>0.685</x>
      <y>0.21333334</y>
      <w>0.2580645</w>
      <t>1266</t>
    </point>
    <point>
      <x>0.68833333</x>
      <y>0.21333334</y>
      <w>0.2580645</w>
      <t>1266</t>
    </point>
    <point>
      <x>0.69166666</x>
      <y>0.21333334</y>
      <w>0.2580645</w>
      <t>1266</t>
    </point>
    <point>
      <x>0.695</x>
      <y>0.21333334</y>
      <w>0.2580645</w>
      <t>1266</t>
    </point>
    <point>
      <x>0.69666666</x>
      <y>0.21333334</y>
      <w>0.27565983</w>
      <t>1300</t>
    </point>
    <point>
      <x>0.7</x>
      <y>0.21333334</y>
      <w>0.27565983</w>
      <t>1300</t>
    </point>
    <point>
      <x>0.70166665</x>
      <y>0.21333334</y>
      <w>0.27565983</w>
      <t>1300</t>
    </point>
    <point>
      <x>0.7033333</x>
      <y>0.21333334</y>
      <w>0.27565983</w>
      <t>1300</t>
    </point>
    <point>
      <x>0.70666665</x>
      <y>0.21333334</y>
      <w>0.3362659</w>
      <t>1333</t>
    </point>
    <point>
      <x>0.70666665</x>
      <y>0.215</y>
      <w>0.3362659</w>
      <t>1333</t>
    </point>
    <point>
      <x>0.71</x>
      <y>0.215</y>
      <w>0.3362659</w>
      <t>1333</t>
    </point>
    <point>
      <x>0.71166664</x>
      <y>0.215</y>
      <w>0.3362659</w>
      <t>1333</t>
    </point>
    <point>
      <x>0.7133333</x>
      <y>0.215</y>
      <w>0.3362659</w>
      <t>1333</t>
    </point>
    <point>
      <x>0.715</x>
      <y>0.21666667</y>
      <w>0.37927663</w>
      <t>1366</t>
    </point>
    <point>
      <x>0.7183333</x>
      <y>0.21666667</y>
      <w>0.37927663</w>
      <t>1366</t>
    </point>
    <point>
      <x>0.72</x>
      <y>0.21666667</y>
      <w>0.37927663</w>
      <t>1366</t>
    </point>
    <point>
      <x>0.7216667</x>
      <y>0.21666667</y>
      <w>0.37927663</w>
      <t>1366</t>
    </point>
    <point>
      <x>0.72333336</x>
      <y>0.21833333</y>
      <w>0.37927663</w>
      <t>1367</t>
    </point>
    <point>
      <x>0.7266667</x>
      <y>0.21833333</y>
      <w>0.43597263</w>
      <t>1399</t>
    </point>
    <point>
      <x>0.72833335</x>
      <y>0.21833333</y>
      <w>0.43597263</w>
      <t>1399</t>
    </point>
    <point>
      <x>0.72833335</x>
      <y>0.22</y>
      <w>0.43597263</w>
      <t>1399</t>
    </point>
    <point>
      <x>0.73</x>
      <y>0.22</y>
      <w>0.43597263</w>
      <t>1399</t>
    </point>
    <point>
      <x>0.7316667</x>
      <y>0.22166666</y>
      <w>0.52394915</w>
      <t>1433</t>
    </point>
    <point>
      <x>0.73333335</x>
      <y>0.22166666</y>
      <w>0.52394915</w>
      <t>1433</t>
    </point>
    <point>
      <x>0.735</x>
      <y>0.22166666</y>
      <w>0.52394915</w>
      <t>1433</t>
    </point>
    <point>
      <x>0.7366667</x>
      <y>0.22333333</y>
      <w>0.52394915</w>
      <t>1433</t>
    </point>
    <point>
      <x>0.73833334</x>
      <y>0.225</y>
      <w>0.58064514</w>
      <t>1466</t>
    </point>
    <point>
      <x>0.74</x>
      <y>0.22666667</y>
      <w>0.58064514</w>
      <t>1466</t>
    </point>
    <point>
      <x>0.74333334</x>
      <y>0.22666667</y>
      <w>0.58064514</w>
      <t>1466</t>
    </point>
    <point>
      <x>0.745</x>
      <y>0.22833334</y>
      <w>0.58064514</w>
      <t>1466</t>
    </point>
    <point>
      <x>0.74666667</x>
      <y>0.23</y>
      <w>0.62463343</w>
      <t>1500</t>
    </point>
    <point>
      <x>0.74833333</x>
      <y>0.23166667</y>
      <w>0.62463343</w>
      <t>1500</t>
    </point>
    <point>
      <x>0.75</x>
      <y>0.23333333</y>
      <w>0.62463343</w>
      <t>1500</t>
    </point>
    <point>
      <x>0.75333333</x>
      <y>0.235</y>
      <w>0.62463343</w>
      <t>1500</t>
    </point>
    <point>
      <x>0.755</x>
      <y>0.23666666</y>
      <w>0.6529814</w>
      <t>1533</t>
    </point>
    <point>
      <x>0.75666666</x>
      <y>0.23833333</y>
      <w>0.6529814</w>
      <t>1533</t>
    </point>
    <point>
      <x>0.7583333</x>
      <y>0.24</y>
      <w>0.6529814</w>
      <t>1533</t>
    </point>
    <point>
      <x>0.76</x>
      <y>0.24166666</y>
      <w>0.6529814</w>
      <t>1533</t>
    </point>
    <point>
      <x>0.76166666</x>
      <y>0.24333334</y>
      <w>0.6529814</w>
      <t>1533</t>
    </point>
    <point>
      <x>0.76166666</x>
      <y>0.245</y>
      <w>0.6656892</w>
      <t>1566</t>
    </point>
    <point>
      <x>0.7633333</x>
      <y>0.245</y>
      <w>0.6656892</w>
      <t>1566</t>
    </point>
    <point>
      <x>0.765</x>
      <y>0.24666667</y>
      <w>0.6656892</w>
      <t>1566</t>
    </point>
    <point>
      <x>0.765</x>
      <y>0.24833333</y>
      <w>0.6656892</w>
      <t>1566</t>
    </point>
    <point>
      <x>0.76666665</x>
      <y>0.25</y>
      <w>0.68328446</w>
      <t>1600</t>
    </point>
    <point>
      <x>0.76666665</x>
      <y>0.25166667</y>
      <w>0.70185727</w>
      <t>1632</t>
    </point>
    <point>
      <x>0.76666665</x>
      <y>0.25333333</y>
      <w>0.71260995</w>
      <t>1666</t>
    </point>
    <point>
      <x>0.76666665</x>
      <y>0.255</y>
      <w>0.71260995</w>
      <t>1666</t>
    </point>
    <point>
      <x>0.76666665</x>
      <y>0.25666666</y>
      <w>0.714565</w>
      <t>1700</t>
    </point>
    <point>
      <x>0.76666665</x>
      <y>0.25833333</y>
      <w>0.714565</w>
      <t>1700</t>
    </point>
    <point>
      <x>0.76666665</x>
      <y>0.26</y>
      <w>0.71652</w>
      <t>1732</t>
    </point>
    <point>
      <x>0.76666665</x>
      <y>0.26166666</y>
      <w>0.72043014</w>
      <t>1767</t>
    </point>
    <point>
      <x>0.76666665</x>
      <y>0.26333332</y>
      <w>0.72043014</w>
      <t>1767</t>
    </point>
    <point>
      <x>0.765</x>
      <y>0.265</y>
      <w>0.71358746</w>
      <t>1799</t>
    </point>
    <point>
      <x>0.7633333</x>
      <y>0.265</y>
      <w>0.6901271</w>
      <t>1833</t>
    </point>
    <point>
      <x>0.7633333</x>
      <y>0.26666668</y>
      <w>0.6901271</w>
      <t>1833</t>
    </point>
    <point>
      <x>0.76166666</x>
      <y>0.26666668</y>
      <w>0.6901271</w>
      <t>1833</t>
    </point>
    <point>
      <x>0.76</x>
      <y>0.26833335</y>
      <w>0.6901271</w>
      <t>1833</t>
    </point>
    <point>
      <x>0.7583333</x>
      <y>0.27</y>
      <w>0.6901271</w>
      <t>1833</t>
    </point>
    <point>
      <x>0.75666666</x>
      <y>0.27166668</y>
      <w>0.65884656</w>
      <t>1866</t>
    </point>
    <point>
      <x>0.755</x>
      <y>0.27333334</y>
      <w>0.65884656</w>
      <t>1866</t>
    </point>
    <point>
      <x>0.75333333</x>
      <y>0.27333334</y>
      <w>0.65884656</w>
      <t>1866</t>
    </point>
    <point>
      <x>0.75166667</x>
      <y>0.275</y>
      <w>0.63245356</w>
      <t>1901</t>
    </point>
    <point>
      <x>0.75</x>
      <y>0.275</y>
      <w>0.63245356</w>
      <t>1901</t>
    </point>
    <point>
      <x>0.75</x>
      <y>0.27666667</y>
      <w>0.63245356</w>
      <t>1901</t>
    </point>
    <point>
      <x>0.74666667</x>
      <y>0.27666667</y>
      <w>0.63245356</w>
      <t>1901</t>
    </point>
    <point>
      <x>0.745</x>
      <y>0.27833334</y>
      <w>0.63245356</w>
      <t>1901</t>
    </point>
    <point>
      <x>0.7416667</x>
      <y>0.28</y>
      <w>0.58162266</w>
      <t>1933</t>
    </point>
    <point>
      <x>0.73833334</x>
      <y>0.28166667</y>
      <w>0.58162266</w>
      <t>1933</t>
    </point>
    <point>
      <x>0.735</x>
      <y>0.28333333</y>
      <w>0.58162266</w>
      <t>1933</t>
    </point>
    <point>
      <x>0.7316667</x>
      <y>0.285</y>
      <w>0.58162266</w>
      <t>1933</t>
    </point>
    <point>
      <x>0.72833335</x>
      <y>0.285</y>
      <w>0.5552297</w>
      <t>1966</t>
    </point>
    <point>
      <x>0.725</x>
      <y>0.28666666</y>
      <w>0.5552297</w>
      <t>1966</t>
    </point>
    <point>
      <x>0.72333336</x>
      <y>0.28833333</y>
      <w>0.5552297</w>
      <t>1966</t>
    </point>
    <point>
      <x>0.72</x>
      <y>0.29</y>
      <w>0.5552297</w>
      <t>1966</t>
    </point>
    <point>
      <x>0.71666664</x>
      <y>0.29333332</y>
      <w>0.53274685</w>
      <t>2000</t>
    </point>
    <point>
      <x>0.715</x>
      <y>0.295</y>
      <w>0.53274685</w>
      <t>2000</t>
    </point>
    <point>
      <x>0.71166664</x>
      <y>0.29666665</y>
      <w>0.53274685</w>
      <t>2000</t>
    </point>
    <point>
      <x>0.7083333</x>
      <y>0.29833335</y>
      <w>0.53274685</w>
      <t>2000</t>
    </point>
    <point>
      <x>0.705</x>
      <y>0.3</y>
      <w>0.53274685</w>
      <t>2000</t>
    </point>
    <point>
      <x>0.70166665</x>
      <y>0.30166668</y>
      <w>0.50635386</w>
      <t>2033</t>
    </point>
    <point>
      <x>0.6983333</x>
      <y>0.30333334</y>
      <w>0.50635386</w>
      <t>2033</t>
    </point>
    <point>
      <x>0.695</x>
      <y>0.30666667</y>
      <w>0.50635386</w>
      <t>2033</t>
    </point>
    <point>
      <x>0.69166666</x>
      <y>0.30833334</y>
      <w>0.50635386</w>
      <t>2033</t>
    </point>
    <point>
      <x>0.68666667</x>
      <y>0.31</y>
      <w>0.46725318</w>
      <t>2066</t>
    </point>
    <point>
      <x>0.68333334</x>
      <y>0.31333333</y>
      <w>0.46725318</w>
      <t>2066</t>
    </point>
    <point>
      <x>0.67833334</x>
      <y>0.315</y>
      <w>0.46725318</w>
      <t>2066</t>
    </point>
    <point>
      <x>0.675</x>
      <y>0.31833333</y>
      <w>0.46725318</w>
      <t>2066</t>
    </point>
    <point>
      <x>0.67</x>
      <y>0.32</y>
      <w>0.46725318</w>
      <t>2066</t>
    </point>
    <point>
      <x>0.665</x>
      <y>0.32333332</y>
      <w>0.42913002</w>
      <t>2100</t>
    </point>
    <point>
      <x>0.6616667</x>
      <y>0.32666665</y>
      <w>0.42913002</w>
      <t>2100</t>
    </point>
    <point>
      <x>0.6566667</x>
      <y>0.32833335</y>
      <w>0.42913002</w>
      <t>2100</t>
    </point>
    <point>
      <x>0.65166664</x>
      <y>0.33166668</y>
      <w>0.42913002</w>
      <t>2100</t>
    </point>
    <point>
      <x>0.645</x>
      <y>0.335</y>
      <w>0.36265886</w>
      <t>2133</t>
    </point>
    <point>
      <x>0.64</x>
      <y>0.33666667</y>
      <w>0.36265886</w>
      <t>2133</t>
    </point>
    <point>
      <x>0.635</x>
      <y>0.34</y>
      <w>0.36265886</w>
      <t>2133</t>
    </point>
    <point>
      <x>0.63</x>
      <y>0.34333333</y>
      <w>0.36265886</w>
      <t>2133</t>
    </point>
    <point>
      <x>0.625</x>
      <y>0.34666666</y>
      <w>0.36265886</w>
      <t>2133</t>
    </point>
    <point>
      <x>0.62</x>
      <y>0.35</y>
      <w>0.28739002</w>
      <t>2166</t>
    </point>
    <point>
      <x>0.615</x>
      <y>0.35333332</y>
      <w>0.28739002</w>
      <t>2166</t>
    </point>
    <point>
      <x>0.60833335</x>
      <y>0.35666665</y>
      <w>0.28739002</w>
      <t>2166</t>
    </point>
    <point>
      <x>0.60333335</x>
      <y>0.36</y>
      <w>0.28739002</w>
      <t>2166</t>
    </point>
    <point>
      <x>0.59833336</x>
      <y>0.36333334</y>
      <w>0.19843598</w>
      <t>2200</t>
    </point>
    <point>
      <x>0.59166664</x>
      <y>0.36666667</y>
      <w>0.19843598</w>
      <t>2200</t>
    </point>
    <point>
      <x>0.585</x>
      <y>0.37</y>
      <w>0.19843598</w>
      <t>2200</t>
    </point>
    <point>
      <x>0.5783333</x>
      <y>0.375</y>
      <w>0.19843598</w>
      <t>2200</t>
    </point>
    <point>
      <x>0.57166666</x>
      <y>0.37833333</y>
      <w>0.1368524</w>
      <t>2233</t>
    </point>
    <point>
      <x>0.565</x>
      <y>0.38333333</y>
      <w>0.1368524</w>
      <t>2233</t>
    </point>
    <point>
      <x>0.5566667</x>
      <y>0.38833332</y>
      <w>0.1368524</w>
      <t>2233</t>
    </point>
    <point>
      <x>0.55</x>
      <y>0.39166668</y>
      <w>0.1368524</w>
      <t>2233</t>
    </point>
    <point>
      <x>0.5416667</x>
      <y>0.39666668</y>
      <w>0.1368524</w>
      <t>2233</t>
    </point>
    <point>
      <x>0.535</x>
      <y>0.40166667</y>
      <w>0.11730205</w>
      <t>2266</t>
    </point>
    <point>
      <x>0.52666664</x>
      <y>0.40666667</y>
      <w>0.11730205</w>
      <t>2266</t>
    </point>
    <point>
      <x>0.52</x>
      <y>0.41166666</y>
      <w>0.11730205</w>
      <t>2266</t>
    </point>
    <point>
      <x>0.5133333</x>
      <y>0.415</y>
      <w>0.11730205</w>
      <t>2266</t>
    </point>
    <point>
      <x>0.50666666</x>
      <y>0.42</y>
      <w>0.11730205</w>
      <t>2300</t>
    </point>
    <point>
      <x>0.5</x>
      <y>0.42333335</y>
      <w>0.11730205</w>
      <t>2300</t>
    </point>
    <point>
      <x>0.49333334</x>
      <y>0.42833334</y>
      <w>0.11730205</w>
      <t>2300</t>
    </point>
    <point>
      <x>0.48666668</x>
      <y>0.43166667</y>
      <w>0.11730205</w>
      <t>2300</t>
    </point>
    <point>
      <x>0.48166665</x>
      <y>0.43666667</y>
      <w>0.11730205</w>
      <t>2300</t>
    </point>
  </stroke>
  <stroke time="2833">
    <point>
      <x>0.43</x>
      <y>0.51</y>
      <w>0.23949169</w>
      <t>2866</t>
    </point>
    <point>
      <x>0.43166667</x>
      <y>0.51</y>
      <w>0.53079176</w>
      <t>2999</t>
    </point>
    <point>
      <x>0.43333334</x>
      <y>0.51</y>
      <w>0.55718476</w>
      <t>3033</t>
    </point>
    <point>
      <x>0.435</x>
      <y>0.51</y>
      <w>0.55718476</w>
      <t>3033</t>
    </point>
    <point>
      <x>0.43666667</x>
      <y>0.51</y>
      <w>0.55718476</w>
      <t>3033</t>
    </point>
    <point>
      <x>0.44</x>
      <y>0.51</y>
      <w>0.55718476</w>
      <t>3033</t>
    </point>
    <point>
      <x>0.44333333</x>
      <y>0.51</y>
      <w>0.55718476</w>
      <t>3033</t>
    </point>
    <point>
      <x>0.44666666</x>
      <y>0.51</y>
      <w>0.58064514</w>
      <t>3066</t>
    </point>
    <point>
      <x>0.45166665</x>
      <y>0.5083333</y>
      <w>0.58064514</w>
      <t>3066</t>
    </point>
    <point>
      <x>0.45666668</x>
      <y>0.50666666</y>
      <w>0.58064514</w>
      <t>3066</t>
    </point>
    <point>
      <x>0.46166667</x>
      <y>0.505</y>
      <w>0.58064514</w>
      <t>3066</t>
    </point>
    <point>
      <x>0.46666667</x>
      <y>0.50333333</y>
      <w>0.5913978</w>
      <t>3100</t>
    </point>
    <point>
      <x>0.47166666</x>
      <y>0.50333333</y>
      <w>0.5913978</w>
      <t>3100</t>
    </point>
    <point>
      <x>0.47833332</x>
      <y>0.50166667</y>
      <w>0.5913978</w>
      <t>3100</t>
    </point>
    <point>
      <x>0.48333332</x>
      <y>0.5</y>
      <w>0.5913978</w>
      <t>3100</t>
    </point>
    <point>
      <x>0.48833334</x>
      <y>0.49833333</y>
      <w>0.59335285</w>
      <t>3133</t>
    </point>
    <point>
      <x>0.495</x>
      <y>0.49666667</y>
      <w>0.59335285</w>
      <t>3133</t>
    </point>
    <point>
      <x>0.5</x>
      <y>0.49666667</y>
      <w>0.59335285</w>
      <t>3133</t>
    </point>
    <point>
      <x>0.505</x>
      <y>0.495</y>
      <w>0.59335285</w>
      <t>3133</t>
    </point>
    <point>
      <x>0.51</x>
      <y>0.49333334</y>
      <w>0.59335285</w>
      <t>3133</t>
    </point>
    <point>
      <x>0.515</x>
      <y>0.49166667</y>
      <w>0.59628546</w>
      <t>3166</t>
    </point>
    <point>
      <x>0.52</x>
      <y>0.49166667</y>
      <w>0.59628546</w>
      <t>3166</t>
    </point>
    <point>
      <x>0.5233333</x>
      <y>0.49</y>
      <w>0.59628546</w>
      <t>3166</t>
    </point>
    <point>
      <x>0.52666664</x>
      <y>0.49</y>
      <w>0.59628546</w>
      <t>3166</t>
    </point>
    <point>
      <x>0.53</x>
      <y>0.48833334</y>
      <w>0.597263</w>
      <t>3200</t>
    </point>
    <point>
      <x>0.5316667</x>
      <y>0.48833334</y>
      <w>0.597263</w>
      <t>3200</t>
    </point>
    <point>
      <x>0.53333336</x>
      <y>0.48833334</y>
      <w>0.597263</w>
      <t>3200</t>
    </point>
    <point>
      <x>0.535</x>
      <y>0.48833334</y>
      <w>0.597263</w>
      <t>3200</t>
    </point>
    <point>
      <x>0.53333336</x>
      <y>0.49166667</y>
      <w>0.6363636</w>
      <t>3333</t>
    </point>
    <point>
      <x>0.5316667</x>
      <y>0.49333334</y>
      <w>0.6363636</w>
      <t>3333</t>
    </point>
    <point>
      <x>0.5283333</x>
      <y>0.49666667</y>
      <w>0.6363636</w>
      <t>3333</t>
    </point>
    <point>
      <x>0.525</x>
      <y>0.5</y>
      <w>0.6363636</w>
      <t>3333</t>
    </point>
    <point>
      <x>0.52166665</x>
      <y>0.50333333</y>
      <w>0.6363636</w>
      <t>3333</t>
    </point>
    <point>
      <x>0.5183333</x>
      <y>0.50666666</y>
      <w>0.6363636</w>
      <t>3366</t>
    </point>
    <point>
      <x>0.515</x>
      <y>0.51</y>
      <w>0.6363636</w>
      <t>3366</t>
    </point>
    <point>
      <x>0.51</x>
      <y>0.515</y>
      <w>0.6363636</w>
      <t>3366</t>
    </point>
    <point>
      <x>0.50666666</x>
      <y>0.5183333</y>
      <w>0.6363636</w>
      <t>3366</t>
    </point>
    <point>
      <x>0.50333333</x>
      <y>0.5233333</y>
      <w>0.63831866</w>
      <t>3400</t>
    </point>
    <point>
      <x>0.5</x>
      <y>0.5283333</y>
      <w>0.63831866</w>
      <t>3400</t>
    </point>
    <point>
      <x>0.495</x>
      <y>0.5316667</y>
      <w>0.63831866</w>
      <t>3400</t>
    </point>
    <point>
      <x>0.49166667</x>
      <y>0.5366667</y>
      <w>0.63831866</w>
      <t>3400</t>
    </point>
    <point>
      <x>0.48833334</x>
      <y>0.5416667</y>
      <w>0.63734114</w>
      <t>3432</t>
    </point>
    <point>
      <x>0.48333332</x>
      <y>0.5466667</y>
      <w>0.63734114</w>
      <t>3432</t>
    </point>
    <point>
      <x>0.48</x>
      <y>0.55</y>
      <w>0.63734114</w>
      <t>3432</t>
    </point>
    <point>
      <x>0.47666666</x>
      <y>0.555</y>
      <w>0.63734114</w>
      <t>3432</t>
    </point>
    <point>
      <x>0.47333333</x>
      <y>0.56</y>
      <w>0.63734114</w>
      <t>3432</t>
    </point>
    <point>
      <x>0.47166666</x>
      <y>0.56333333</y>
      <w>0.6392962</w>
      <t>3466</t>
    </point>
    <point>
      <x>0.46833333</x>
      <y>0.5683333</y>
      <w>0.6392962</w>
      <t>3466</t>
    </point>
    <point>
      <x>0.465</x>
      <y>0.57166666</y>
      <w>0.6392962</w>
      <t>3466</t>
    </point>
    <point>
      <x>0.46333334</x>
      <y>0.57666665</y>
      <w>0.6392962</w>
      <t>3466</t>
    </point>
    <point>
      <x>0.46</x>
      <y>0.58166665</y>
      <w>0.63734114</w>
      <t>3500</t>
    </point>
    <point>
      <x>0.45666668</x>
      <y>0.5883333</y>
      <w>0.63734114</w>
      <t>3500</t>
    </point>
    <point>
      <x>0.45333335</x>
      <y>0.595</y>
      <w>0.63734114</w>
      <t>3500</t>
    </point>
    <point>
      <x>0.44833332</x>
      <y>0.6016667</y>
      <w>0.63734114</w>
      <t>3500</t>
    </point>
    <point>
      <x>0.445</x>
      <y>0.60833335</y>
      <w>0.63734114</w>
      <t>3500</t>
    </point>
    <point>
      <x>0.44166666</x>
      <y>0.61333334</y>
      <w>0.6392962</w>
      <t>3533</t>
    </point>
    <point>
      <x>0.43666667</x>
      <y>0.62</y>
      <w>0.6392962</w>
      <t>3533</t>
    </point>
    <point>
      <x>0.43333334</x>
      <y>0.62666667</y>
      <w>0.6392962</w>
      <t>3533</t>
    </point>
    <point>
      <x>0.43</x>
      <y>0.6333333</y>
      <w>0.6392962</w>
      <t>3533</t>
    </point>
    <point>
      <x>0.42666668</x>
      <y>0.64</y>
      <w>0.6353861</w>
      <t>3566</t>
    </point>
    <point>
      <x>0.42333335</x>
      <y>0.645</y>
      <w>0.6353861</w>
      <t>3566</t>
    </point>
    <point>
      <x>0.42</x>
      <y>0.65166664</y>
      <w>0.6353861</w>
      <t>3566</t>
    </point>
    <point>
      <x>0.41666666</x>
      <y>0.6566667</y>
      <w>0.6353861</w>
      <t>3566</t>
    </point>
    <point>
      <x>0.41333333</x>
      <y>0.66333336</y>
      <w>0.6353861</w>
      <t>3566</t>
    </point>
    <point>
      <x>0.41166666</x>
      <y>0.66833335</y>
      <w>0.61290324</w>
      <t>3600</t>
    </point>
    <point>
      <x>0.41</x>
      <y>0.6716667</y>
      <w>0.61290324</w>
      <t>3600</t>
    </point>
    <point>
      <x>0.40666667</x>
      <y>0.6766667</y>
      <w>0.61290324</w>
      <t>3600</t>
    </point>
    <point>
      <x>0.405</x>
      <y>0.68</y>
      <w>0.61290324</w>
      <t>3600</t>
    </point>
    <point>
      <x>0.40333334</x>
      <y>0.685</y>
      <w>0.61290324</w>
      <t>3633</t>
    </point>
    <point>
      <x>0.40166667</x>
      <y>0.68833333</y>
      <w>0.61290324</w>
      <t>3633</t>
    </point>
    <point>
      <x>0.4</x>
      <y>0.69166666</y>
      <w>0.61290324</w>
      <t>3633</t>
    </point>
    <point>
      <x>0.4</x>
      <y>0.6933333</y>
      <w>0.61290324</w>
      <t>3633</t>
    </point>
    <point>
      <x>0.39833334</x>
      <y>0.69666666</y>
      <w>0.61290324</w>
      <t>3633</t>
    </point>
    <point>
      <x>0.39833334</x>
      <y>0.6983333</y>
      <w>0.5855327</w>
      <t>3666</t>
    </point>
    <point>
      <x>0.39666668</x>
      <y>0.70166665</y>
      <w>0.5855327</w>
      <t>3666</t>
    </point>
    <point>
      <x>0.39666668</x>
      <y>0.7033333</y>
      <w>0.5855327</w>
      <t>3666</t>
    </point>
    <point>
      <x>0.395</x>
      <y>0.70666665</y>
      <w>0.5855327</w>
      <t>3666</t>
    </point>
    <point>
      <x>0.395</x>
      <y>0.7083333</y>
      <w>0.57380253</w>
      <t>3700</t>
    </point>
    <point>
      <x>0.395</x>
      <y>0.71</y>
      <w>0.57380253</w>
      <t>3700</t>
    </point>
    <point>
      <x>0.39333335</x>
      <y>0.71</y>
      <w>0.57380253</w>
      <t>3700</t>
    </point>
    <point>
      <x>0.39333335</x>
      <y>0.71166664</y>
      <w>0.57380253</w>
      <t>3700</t>
    </point>
    <point>
      <x>0.395</x>
      <y>0.71166664</y>
      <w>0.54447705</w>
      <t>3766</t>
    </point>
    <point>
      <x>0.39666668</x>
      <y>0.71166664</y>
      <w>0.54447705</w>
      <t>3766</t>
    </point>
    <point>
      <x>0.39833334</x>
      <y>0.7133333</y>
      <w>0.54447705</w>
      <t>3766</t>
    </point>
    <point>
      <x>0.4</x>
      <y>0.7133333</y>
      <w>0.5268817</w>
      <t>3800</t>
    </point>
    <point>
      <x>0.40166667</x>
      <y>0.7133333</y>
      <w>0.5268817</w>
      <t>3800</t>
    </point>
    <point>
      <x>0.40333334</x>
      <y>0.7133333</y>
      <w>0.5268817</w>
      <t>3800</t>
    </point>
    <point>
      <x>0.405</x>
      <y>0.715</y>
      <w>0.5268817</w>
      <t>3800</t>
    </point>
    <point>
      <x>0.40833333</x>
      <y>0.715</y>
      <w>0.5268817</w>
      <t>3800</t>
    </point>
    <point>
      <x>0.41</x>
      <y>0.715</y>
      <w>0.47702834</w>
      <t>3833</t>
    </point>
    <point>
      <x>0.41333333</x>
      <y>0.715</y>
      <w>0.47702834</w>
      <t>3833</t>
    </point>
    <point>
      <x>0.415</x>
      <y>0.715</y>
      <w>0.47702834</w>
      <t>3833</t>
    </point>
    <point>
      <x>0.41833332</x>
      <y>0.715</y>
      <w>0.47702834</w>
      <t>3833</t>
    </point>
    <point>
      <x>0.42166665</x>
      <y>0.715</y>
      <w>0.4623656</w>
      <t>3866</t>
    </point>
    <point>
      <x>0.42333335</x>
      <y>0.7133333</y>
      <w>0.4623656</w>
      <t>3866</t>
    </point>
    <point>
      <x>0.42666668</x>
      <y>0.7133333</y>
      <w>0.4623656</w>
      <t>3866</t>
    </point>
    <point>
      <x>0.43</x>
      <y>0.71166664</y>
      <w>0.4623656</w>
      <t>3866</t>
    </point>
    <point>
      <x>0.43333334</x>
      <y>0.71166664</y>
      <w>0.4623656</w>
      <t>3866</t>
    </point>
    <point>
      <x>0.43666667</x>
      <y>0.71</y>
      <w>0.4457478</w>
      <t>3900</t>
    </point>
    <point>
      <x>0.44</x>
      <y>0.71</y>
      <w>0.4457478</w>
      <t>3900</t>
    </point>
    <point>
      <x>0.44333333</x>
      <y>0.7083333</y>
      <w>0.4457478</w>
      <t>3900</t>
    </point>
    <point>
      <x>0.44666666</x>
      <y>0.70666665</y>
      <w>0.4457478</w>
      <t>3900</t>
    </point>
    <point>
      <x>0.45166665</x>
      <y>0.705</y>
      <w>0.42619747</w>
      <t>3933</t>
    </point>
    <point>
      <x>0.455</x>
      <y>0.705</y>
      <w>0.42619747</w>
      <t>3933</t>
    </point>
    <point>
      <x>0.45833334</x>
      <y>0.7033333</y>
      <w>0.42619747</w>
      <t>3933</t>
    </point>
    <point>
      <x>0.46333334</x>
      <y>0.70166665</y>
      <w>0.42619747</w>
      <t>3933</t>
    </point>
    <point>
      <x>0.46666667</x>
      <y>0.7</y>
      <w>0.42619747</w>
      <t>3933</t>
    </point>
    <point>
      <x>0.47166666</x>
      <y>0.6983333</y>
      <w>0.39784947</w>
      <t>3966</t>
    </point>
    <point>
      <x>0.475</x>
      <y>0.69666666</y>
      <w>0.39784947</w>
      <t>3966</t>
    </point>
    <point>
      <x>0.48</x>
      <y>0.695</y>
      <w>0.39784947</w>
      <t>3966</t>
    </point>
    <point>
      <x>0.48333332</x>
      <y>0.695</y>
      <w>0.39784947</w>
      <t>3966</t>
    </point>
    <point>
      <x>0.48833334</x>
      <y>0.6933333</y>
      <w>0.37634408</w>
      <t>4000</t>
    </point>
    <point>
      <x>0.49166667</x>
      <y>0.69166666</y>
      <w>0.37634408</w>
      <t>4000</t>
    </point>
    <point>
      <x>0.49666667</x>
      <y>0.69</y>
      <w>0.37634408</w>
      <t>4000</t>
    </point>
    <point>
      <x>0.5</x>
      <y>0.68833333</y>
      <w>0.37634408</w>
      <t>4000</t>
    </point>
    <point>
      <x>0.505</x>
      <y>0.68833333</y>
      <w>0.36754644</w>
      <t>4033</t>
    </point>
    <point>
      <x>0.5083333</x>
      <y>0.68666667</y>
      <w>0.36754644</w>
      <t>4033</t>
    </point>
    <point>
      <x>0.5133333</x>
      <y>0.685</y>
      <w>0.36754644</w>
      <t>4033</t>
    </point>
    <point>
      <x>0.51666665</x>
      <y>0.685</y>
      <w>0.36754644</w>
      <t>4033</t>
    </point>
    <point>
      <x>0.52</x>
      <y>0.68333334</y>
      <w>0.36754644</w>
      <t>4033</t>
    </point>
    <point>
      <x>0.525</x>
      <y>0.6816667</y>
      <w>0.3646139</w>
      <t>4066</t>
    </point>
    <point>
      <x>0.5283333</x>
      <y>0.6816667</y>
      <w>0.3646139</w>
      <t>4066</t>
    </point>
    <point>
      <x>0.5316667</x>
      <y>0.68</y>
      <w>0.3646139</w>
      <t>4066</t>
    </point>
    <point>
      <x>0.535</x>
      <y>0.67833334</y>
      <w>0.3646139</w>
      <t>4066</t>
    </point>
    <point>
      <x>0.53833336</x>
      <y>0.67833334</y>
      <w>0.33919844</w>
      <t>4100</t>
    </point>
    <point>
      <x>0.54333335</x>
      <y>0.6766667</y>
      <w>0.33919844</w>
      <t>4100</t>
    </point>
    <point>
      <x>0.5466667</x>
      <y>0.67333335</y>
      <w>0.33919844</w>
      <t>4100</t>
    </point>
    <point>
      <x>0.55</x>
      <y>0.6716667</y>
      <w>0.33919844</w>
      <t>4100</t>
    </point>
    <point>
      <x>0.55333334</x>
      <y>0.67</y>
      <w>0.33919844</w>
      <t>4100</t>
    </point>
    <point>
      <x>0.5566667</x>
      <y>0.66833335</y>
      <w>0.30400783</w>
      <t>4133</t>
    </point>
    <point>
      <x>0.55833334</x>
      <y>0.66833335</y>
      <w>0.30400783</w>
      <t>4133</t>
    </point>
    <point>
      <x>0.56166667</x>
      <y>0.6666667</y>
      <w>0.30400783</w>
      <t>4133</t>
    </point>
    <point>
      <x>0.56333333</x>
      <y>0.665</y>
      <w>0.30400783</w>
      <t>4133</t>
    </point>
    <point>
      <x>0.565</x>
      <y>0.66333336</y>
      <w>0.3020528</w>
      <t>4166</t>
    </point>
    <point>
      <x>0.56666666</x>
      <y>0.66333336</y>
      <w>0.3020528</w>
      <t>4166</t>
    </point>
    <point>
      <x>0.5683333</x>
      <y>0.6616667</y>
      <w>0.3020528</w>
      <t>4166</t>
    </point>
    <point>
      <x>0.5683333</x>
      <y>0.66</y>
      <w>0.3020528</w>
      <t>4166</t>
    </point>
    <point>
      <x>0.57</x>
      <y>0.66</y>
      <w>0.24340177</w>
      <t>4200</t>
    </point>
    <point>
      <x>0.57</x>
      <y>0.65833336</y>
      <w>0.22776149</w>
      <t>4232</t>
    </point>
    <point>
      <x>0.5683333</x>
      <y>0.6566667</y>
      <w>0.22776149</w>
      <t>4232</t>
    </point>
    <point>
      <x>0.56666666</x>
      <y>0.6566667</y>
      <w>0.22189638</w>
      <t>4266</t>
    </point>
    <point>
      <x>0.565</x>
      <y>0.655</y>
      <w>0.22189638</w>
      <t>4266</t>
    </point>
    <point>
      <x>0.56333333</x>
      <y>0.6533333</y>
      <w>0.22189638</w>
      <t>4266</t>
    </point>
    <point>
      <x>0.56166667</x>
      <y>0.6533333</y>
      <w>0.22189638</w>
      <t>4266</t>
    </point>
    <point>
      <x>0.56</x>
      <y>0.65166664</y>
      <w>0.22189638</w>
      <t>4266</t>
    </point>
    <point>
      <x>0.55833334</x>
      <y>0.65166664</y>
      <w>0.1945259</w>
      <t>4300</t>
    </point>
    <point>
      <x>0.5566667</x>
      <y>0.65</y>
      <w>0.1945259</w>
      <t>4300</t>
    </point>
    <point>
      <x>0.555</x>
      <y>0.65</y>
      <w>0.1945259</w>
      <t>4300</t>
    </point>
    <point>
      <x>0.5516667</x>
      <y>0.6483333</y>
      <w>0.1945259</w>
      <t>4300</t>
    </point>
    <point>
      <x>0.55</x>
      <y>0.6483333</y>
      <w>0.1945259</w>
      <t>4332</t>
    </point>
    <point>
      <x>0.5466667</x>
      <y>0.6483333</y>
      <w>0.1945259</w>
      <t>4332</t>
    </point>
    <point>
      <x>0.545</x>
      <y>0.6483333</y>
      <w>0.1945259</w>
      <t>4332</t>
    </point>
    <point>
      <x>0.54333335</x>
      <y>0.6483333</y>
      <w>0.1945259</w>
      <t>4332</t>
    </point>
    <point>
      <x>0.5416667</x>
      <y>0.6483333</y>
      <w>0.1945259</w>
      <t>4332</t>
    </point>
    <point>
      <x>0.54</x>
      <y>0.6483333</y>
      <w>0.23264907</w>
      <t>4366</t>
    </point>
    <point>
      <x>0.54</x>
      <y>0.64666665</y>
      <w>0.23264907</w>
      <t>4366</t>
    </point>
    <point>
      <x>0.53833336</x>
      <y>0.64666665</y>
      <w>0.23264907</w>
      <t>4366</t>
    </point>
    <point>
      <x>0.5366667</x>
      <y>0.64666665</y>
      <w>0.23264907</w>
      <t>4366</t>
    </point>
    <point>
      <x>0.535</x>
      <y>0.64666665</y>
      <w>0.2346041</w>
      <t>4400</t>
    </point>
    <point>
      <x>0.53333336</x>
      <y>0.64666665</y>
      <w>0.2346041</w>
      <t>4400</t>
    </point>
    <point>
      <x>0.5316667</x>
      <y>0.64666665</y>
      <w>0.2346041</w>
      <t>4400</t>
    </point>
    <point>
      <x>0.53</x>
      <y>0.64666665</y>
      <w>0.2346041</w>
      <t>4400</t>
    </point>
    <point>
      <x>0.5283333</x>
      <y>0.64666665</y>
      <w>0.285435</w>
      <t>4433</t>
    </point>
    <point>
      <x>0.52666664</x>
      <y>0.6483333</y>
      <w>0.285435</w>
      <t>4433</t>
    </point>
    <point>
      <x>0.525</x>
      <y>0.6483333</y>
      <w>0.285435</w>
      <t>4433</t>
    </point>
    <point>
      <x>0.5233333</x>
      <y>0.65</y>
      <w>0.285435</w>
      <t>4433</t>
    </point>
    <point>
      <x>0.52166665</x>
      <y>0.65166664</y>
      <w>0.32551318</w>
      <t>4466</t>
    </point>
    <point>
      <x>0.52</x>
      <y>0.6533333</y>
      <w>0.32551318</w>
      <t>4466</t>
    </point>
    <point>
      <x>0.52</x>
      <y>0.655</y>
      <w>0.32551318</w>
      <t>4466</t>
    </point>
    <point>
      <x>0.52</x>
      <y>0.6566667</y>
      <w>0.3548387</w>
      <t>4499</t>
    </point>
    <point>
      <x>0.52</x>
      <y>0.65833336</y>
      <w>0.41055718</w>
      <t>4532</t>
    </point>
    <point>
      <x>0.52</x>
      <y>0.66</y>
      <w>0.41055718</w>
      <t>4532</t>
    </point>
    <point>
      <x>0.52</x>
      <y>0.6616667</y>
      <w>0.4516129</w>
      <t>4566</t>
    </point>
    <point>
      <x>0.52</x>
      <y>0.66333336</y>
      <w>0.4516129</w>
      <t>4566</t>
    </point>
    <point>
      <x>0.52</x>
      <y>0.665</y>
      <w>0.4516129</w>
      <t>4566</t>
    </point>
    <point>
      <x>0.52</x>
      <y>0.6666667</y>
      <w>0.4516129</w>
      <t>4566</t>
    </point>
    <point>
      <x>0.52</x>
      <y>0.67</y>
      <w>0.4516129</w>
      <t>4566</t>
    </point>
    <point>
      <x>0.52166665</x>
      <y>0.6716667</y>
      <w>0.48778105</w>
      <t>4600</t>
    </point>
    <point>
      <x>0.52166665</x>
      <y>0.67333335</y>
      <w>0.48778105</w>
      <t>4600</t>
    </point>
    <point>
      <x>0.52166665</x>
      <y>0.675</y>
      <w>0.48778105</w>
      <t>4600</t>
    </point>
    <point>
      <x>0.5233333</x>
      <y>0.6766667</y>
      <w>0.48778105</w>
      <t>4600</t>
    </point>
    <point>
      <x>0.5233333</x>
      <y>0.67833334</y>
      <w>0.53079176</w>
      <t>4633</t>
    </point>
    <point>
      <x>0.5233333</x>
      <y>0.6816667</y>
      <w>0.53079176</w>
      <t>4633</t>
    </point>
    <point>
      <x>0.5233333</x>
      <y>0.68333334</y>
      <w>0.53079176</w>
      <t>4633</t>
    </point>
    <point>
      <x>0.525</x>
      <y>0.685</y>
      <w>0.53079176</w>
      <t>4633</t>
    </point>
    <point>
      <x>0.525</x>
      <y>0.68666667</y>
      <w>0.53079176</w>
      <t>4633</t>
    </point>
    <point>
      <x>0.525</x>
      <y>0.69</y>
      <w>0.5415445</w>
      <t>4666</t>
    </point>
    <point>
      <x>0.52666664</x>
      <y>0.6933333</y>
      <w>0.5415445</w>
      <t>4666</t>
    </point>
    <point>
      <x>0.52666664</x>
      <y>0.69666666</y>
      <w>0.5415445</w>
      <t>4666</t>
    </point>
    <point>
      <x>0.52666664</x>
      <y>0.7</y>
      <w>0.5415445</w>
      <t>4666</t>
    </point>
    <point>
      <x>0.5283333</x>
      <y>0.7033333</y>
      <w>0.5522972</w>
      <t>4700</t>
    </point>
    <point>
      <x>0.5283333</x>
      <y>0.70666665</y>
      <w>0.5522972</w>
      <t>4700</t>
    </point>
    <point>
      <x>0.5283333</x>
      <y>0.71</y>
      <w>0.5522972</w>
      <t>4700</t>
    </point>
    <point>
      <x>0.53</x>
      <y>0.7133333</y>
      <w>0.5522972</w>
      <t>4700</t>
    </point>
    <point>
      <x>0.53</x>
      <y>0.715</y>
      <w>0.5522972</w>
      <t>4700</t>
    </point>
    <point>
      <x>0.53</x>
      <y>0.7183333</y>
      <w>0.55718476</w>
      <t>4733</t>
    </point>
    <point>
      <x>0.53</x>
      <y>0.72</y>
      <w>0.55718476</w>
      <t>4733</t>
    </point>
    <point>
      <x>0.53</x>
      <y>0.72333336</y>
      <w>0.55718476</w>
      <t>4733</t>
    </point>
    <point>
      <x>0.53</x>
      <y>0.725</y>
      <w>0.55718476</w>
      <t>4733</t>
    </point>
    <point>
      <x>0.5316667</x>
      <y>0.72833335</y>
      <w>0.5610948</w>
      <t>4766</t>
    </point>
    <point>
      <x>0.5316667</x>
      <y>0.7316667</y>
      <w>0.5610948</w>
      <t>4766</t>
    </point>
    <point>
      <x>0.5316667</x>
      <y>0.73333335</y>
      <w>0.5610948</w>
      <t>4766</t>
    </point>
    <point>
      <x>0.5316667</x>
      <y>0.7366667</y>
      <w>0.5610948</w>
      <t>4766</t>
    </point>
    <point>
      <x>0.5316667</x>
      <y>0.74</y>
      <w>0.5610948</w>
      <t>4766</t>
    </point>
    <point>
      <x>0.53333336</x>
      <y>0.74333334</y>
      <w>0.56304985</w>
      <t>4800</t>
    </point>
    <point>
      <x>0.53333336</x>
      <y>0.74666667</y>
      <w>0.56304985</w>
      <t>4800</t>
    </point>
    <point>
      <x>0.53333336</x>
      <y>0.75</y>
      <w>0.56304985</w>
      <t>4800</t>
    </point>
    <point>
      <x>0.53333336</x>
      <y>0.75333333</y>
      <w>0.56304985</w>
      <t>4800</t>
    </point>
    <point>
      <x>0.535</x>
      <y>0.75666666</y>
      <w>0.56402737</w>
      <t>4833</t>
    </point>
    <point>
      <x>0.535</x>
      <y>0.76</y>
      <w>0.56402737</w>
      <t>4833</t>
    </point>
    <point>
      <x>0.535</x>
      <y>0.7633333</y>
      <w>0.56402737</w>
      <t>4833</t>
    </point>
    <point>
      <x>0.535</x>
      <y>0.76666665</y>
      <w>0.56402737</w>
      <t>4833</t>
    </point>
    <point>
      <x>0.535</x>
      <y>0.7683333</y>
      <w>0.56402737</w>
      <t>4833</t>
    </point>
    <point>
      <x>0.535</x>
      <y>0.77166665</y>
      <w>0.56402737</w>
      <t>4866</t>
    </point>
    <point>
      <x>0.535</x>
      <y>0.775</y>
      <w>0.56402737</w>
      <t>4866</t>
    </point>
    <point>
      <x>0.535</x>
      <y>0.7783333</y>
      <w>0.56402737</w>
      <t>4866</t>
    </point>
    <point>
      <x>0.535</x>
      <y>0.7816667</y>
      <w>0.56402737</w>
      <t>4866</t>
    </point>
    <point>
      <x>0.535</x>
      <y>0.785</y>
      <w>0.56402737</w>
      <t>4900</t>
    </point>
    <point>
      <x>0.535</x>
      <y>0.78833336</y>
      <w>0.56402737</w>
      <t>4900</t>
    </point>
    <point>
      <x>0.535</x>
      <y>0.7916667</y>
      <w>0.56402737</w>
      <t>4900</t>
    </point>
    <point>
      <x>0.535</x>
      <y>0.79333335</y>
      <w>0.56402737</w>
      <t>4900</t>
    </point>
    <point>
      <x>0.535</x>
      <y>0.7966667</y>
      <w>0.56207234</w>
      <t>4932</t>
    </point>
    <point>
      <x>0.535</x>
      <y>0.8</y>
      <w>0.56207234</w>
      <t>4932</t>
    </point>
    <point>
      <x>0.535</x>
      <y>0.8016667</y>
      <w>0.56207234</w>
      <t>4932</t>
    </point>
    <point>
      <x>0.535</x>
      <y>0.805</y>
      <w>0.56207234</w>
      <t>4932</t>
    </point>
    <point>
      <x>0.535</x>
      <y>0.8066667</y>
      <w>0.56207234</w>
      <t>4932</t>
    </point>
    <point>
      <x>0.535</x>
      <y>0.81</y>
      <w>0.55718476</w>
      <t>4966</t>
    </point>
    <point>
      <x>0.535</x>
      <y>0.81166667</y>
      <w>0.55718476</w>
      <t>4966</t>
    </point>
    <point>
      <x>0.535</x>
      <y>0.815</y>
      <w>0.55718476</w>
      <t>4966</t>
    </point>
    <point>
      <x>0.535</x>
      <y>0.81666666</y>
      <w>0.55718476</w>
      <t>4966</t>
    </point>
    <point>
      <x>0.535</x>
      <y>0.82</y>
      <w>0.5552297</w>
      <t>5000</t>
    </point>
    <point>
      <x>0.535</x>
      <y>0.8233333</y>
      <w>0.5552297</w>
      <t>5000</t>
    </point>
    <point>
      <x>0.535</x>
      <y>0.82666665</y>
      <w>0.5552297</w>
      <t>5000</t>
    </point>
    <point>
      <x>0.535</x>
      <y>0.83</y>
      <w>0.5552297</w>
      <t>5000</t>
    </point>
    <point>
      <x>0.535</x>
      <y>0.8333333</y>
      <w>0.5552297</w>
      <t>5000</t>
    </point>
    <point>
      <x>0.535</x>
      <y>0.83666664</y>
      <w>0.5356794</w>
      <t>5033</t>
    </point>
    <point>
      <x>0.53333336</x>
      <y>0.84</y>
      <w>0.5356794</w>
      <t>5033</t>
    </point>
    <point>
      <x>0.53333336</x>
      <y>0.845</y>
      <w>0.5356794</w>
      <t>5033</t>
    </point>
    <point>
      <x>0.53333336</x>
      <y>0.84833336</y>
      <w>0.5356794</w>
      <t>5033</t>
    </point>
    <point>
      <x>0.53333336</x>
      <y>0.8516667</y>
      <w>0.5219941</w>
      <t>5066</t>
    </point>
    <point>
      <x>0.5316667</x>
      <y>0.855</y>
      <w>0.5219941</w>
      <t>5066</t>
    </point>
    <point>
      <x>0.5316667</x>
      <y>0.85833335</y>
      <w>0.5219941</w>
      <t>5066</t>
    </point>
    <point>
      <x>0.5316667</x>
      <y>0.8616667</y>
      <w>0.5219941</w>
      <t>5066</t>
    </point>
    <point>
      <x>0.53</x>
      <y>0.865</y>
      <w>0.5219941</w>
      <t>5066</t>
    </point>
    <point>
      <x>0.53</x>
      <y>0.86833334</y>
      <w>0.514174</w>
      <t>5100</t>
    </point>
    <point>
      <x>0.53</x>
      <y>0.87166667</y>
      <w>0.514174</w>
      <t>5100</t>
    </point>
    <point>
      <x>0.5283333</x>
      <y>0.87333333</y>
      <w>0.514174</w>
      <t>5100</t>
    </point>
    <point>
      <x>0.5283333</x>
      <y>0.875</y>
      <w>0.514174</w>
      <t>5100</t>
    </point>
    <point>
      <x>0.5283333</x>
      <y>0.87833333</y>
      <w>0.49853373</w>
      <t>5132</t>
    </point>
    <point>
      <x>0.52666664</x>
      <y>0.88</y>
      <w>0.49853373</w>
      <t>5132</t>
    </point>
    <point>
      <x>0.52666664</x>
      <y>0.88166666</y>
      <w>0.49853373</w>
      <t>5132</t>
    </point>
    <point>
      <x>0.525</x>
      <y>0.8833333</y>
      <w>0.49853373</w>
      <t>5132</t>
    </point>
    <point>
      <x>0.525</x>
      <y>0.88666666</y>
      <w>0.4633431</w>
      <t>5166</t>
    </point>
    <point>
      <x>0.5233333</x>
      <y>0.8883333</y>
      <w>0.4633431</w>
      <t>5166</t>
    </point>
    <point>
      <x>0.5233333</x>
      <y>0.89</y>
      <w>0.4633431</w>
      <t>5166</t>
    </point>
    <point>
      <x>0.52166665</x>
      <y>0.89166665</y>
      <w>0.4633431</w>
      <t>5166</t>
    </point>
    <point>
      <x>0.52166665</x>
      <y>0.895</y>
      <w>0.4633431</w>
      <t>5166</t>
    </point>
    <point>
      <x>0.52</x>
      <y>0.89666665</y>
      <w>0.41642228</w>
      <t>5200</t>
    </point>
    <point>
      <x>0.52</x>
      <y>0.8983333</y>
      <w>0.41642228</w>
      <t>5200</t>
    </point>
    <point>
      <x>0.5183333</x>
      <y>0.9</y>
      <w>0.41642228</w>
      <t>5200</t>
    </point>
    <point>
      <x>0.51666665</x>
      <y>0.90166664</y>
      <w>0.41642228</w>
      <t>5200</t>
    </point>
    <point>
      <x>0.515</x>
      <y>0.9033333</y>
      <w>0.37438905</w>
      <t>5232</t>
    </point>
    <point>
      <x>0.515</x>
      <y>0.905</y>
      <w>0.37438905</w>
      <t>5232</t>
    </point>
    <point>
      <x>0.5133333</x>
      <y>0.905</y>
      <w>0.32746822</w>
      <t>5266</t>
    </point>
    <point>
      <x>0.51166666</x>
      <y>0.905</y>
      <w>0.31867057</w>
      <t>5299</t>
    </point>
    <point>
      <x>0.51</x>
      <y>0.9033333</y>
      <w>0.31867057</w>
      <t>5299</t>
    </point>
    <point>
      <x>0.5083333</x>
      <y>0.90166664</y>
      <w>0.28739002</w>
      <t>5332</t>
    </point>
    <point>
      <x>0.5083333</x>
      <y>0.9</y>
      <w>0.28739002</w>
      <t>5332</t>
    </point>
    <point>
      <x>0.50666666</x>
      <y>0.8983333</y>
      <w>0.29032257</w>
      <t>5366</t>
    </point>
    <point>
      <x>0.505</x>
      <y>0.89666665</y>
      <w>0.29032257</w>
      <t>5366</t>
    </point>
    <point>
      <x>0.50333333</x>
      <y>0.895</y>
      <w>0.29032257</w>
      <t>5366</t>
    </point>
    <point>
      <x>0.50333333</x>
      <y>0.8933333</y>
      <w>0.28739002</w>
      <t>5399</t>
    </point>
    <point>
      <x>0.50166667</x>
      <y>0.8933333</y>
      <w>0.28739002</w>
      <t>5399</t>
    </point>
    <point>
      <x>0.5</x>
      <y>0.89166665</y>
      <w>0.28739002</w>
      <t>5399</t>
    </point>
    <point>
      <x>0.49833333</x>
      <y>0.89166665</y>
      <w>0.2737048</w>
      <t>5432</t>
    </point>
    <point>
      <x>0.49833333</x>
      <y>0.89</y>
      <w>0.2737048</w>
      <t>5432</t>
    </point>
    <point>
      <x>0.49666667</x>
      <y>0.8883333</y>
      <w>0.2737048</w>
      <t>5432</t>
    </point>
    <point>
      <x>0.495</x>
      <y>0.8883333</y>
      <w>0.2737048</w>
      <t>5432</t>
    </point>
    <point>
      <x>0.49333334</x>
      <y>0.88666666</y>
      <w>0.15933529</w>
      <t>5466</t>
    </point>
    <point>
      <x>0.49166667</x>
      <y>0.88666666</y>
      <w>0.15933529</w>
      <t>5466</t>
    </point>
    <point>
      <x>0.49</x>
      <y>0.885</y>
      <w>0.15933529</w>
      <t>5466</t>
    </point>
    <point>
      <x>0.48833334</x>
      <y>0.8833333</y>
      <w>0.15933529</w>
      <t>5466</t>
    </point>
    <point>
      <x>0.485</x>
      <y>0.8833333</y>
      <w>0.15933529</w>
      <t>5466</t>
    </point>
    <point>
      <x>0.48333332</x>
      <y>0.88166666</y>
      <w>0.0</w>
      <t>5500</t>
    </point>
    <point>
      <x>0.48166665</x>
      <y>0.88</y>
      <w>0.0</w>
      <t>5500</t>
    </point>
  </stroke>
  <stroke time="5933">
    <point>
      <x>0.31833333</x>
      <y>0.85333335</y>
      <w>0.14565004</w>
      <t>5966</t>
    </point>
    <point>
      <x>0.31833333</x>
      <y>0.855</y>
      <w>0.41348973</w>
      <t>5999</t>
    </point>
    <point>
      <x>0.31833333</x>
      <y>0.8566667</y>
      <w>0.41348973</w>
      <t>5999</t>
    </point>
    <point>
      <x>0.32</x>
      <y>0.8566667</y>
      <w>0.4682307</w>
      <t>6032</t>
    </point>
    <point>
      <x>0.32166666</x>
      <y>0.85833335</y>
      <w>0.4682307</w>
      <t>6032</t>
    </point>
    <point>
      <x>0.32333332</x>
      <y>0.86</y>
      <w>0.4682307</w>
      <t>6032</t>
    </point>
    <point>
      <x>0.325</x>
      <y>0.8616667</y>
      <w>0.4682307</w>
      <t>6032</t>
    </point>
    <point>
      <x>0.32666665</x>
      <y>0.86333334</y>
      <w>0.50048876</w>
      <t>6066</t>
    </point>
    <point>
      <x>0.32833335</x>
      <y>0.8666667</y>
      <w>0.50048876</w>
      <t>6066</t>
    </point>
    <point>
      <x>0.33</x>
      <y>0.86833334</y>
      <w>0.50048876</w>
      <t>6066</t>
    </point>
    <point>
      <x>0.33166668</x>
      <y>0.86833334</y>
      <w>0.50048876</w>
      <t>6066</t>
    </point>
    <point>
      <x>0.33333334</x>
      <y>0.87</y>
      <w>0.50048876</w>
      <t>6066</t>
    </point>
    <point>
      <x>0.335</x>
      <y>0.87166667</y>
      <w>0.5043988</w>
      <t>6100</t>
    </point>
    <point>
      <x>0.33666667</x>
      <y>0.87166667</y>
      <w>0.5043988</w>
      <t>6100</t>
    </point>
    <point>
      <x>0.33833334</x>
      <y>0.87166667</y>
      <w>0.50635386</w>
      <t>6132</t>
    </point>
    <point>
      <x>0.33833334</x>
      <y>0.87333333</y>
      <w>0.50635386</w>
      <t>6132</t>
    </point>
    <point>
      <x>0.34</x>
      <y>0.87333333</y>
      <w>0.50537634</w>
      <t>6166</t>
    </point>
    <point>
      <x>0.34166667</x>
      <y>0.87333333</y>
      <w>0.50537634</w>
      <t>6166</t>
    </point>
    <point>
      <x>0.34333333</x>
      <y>0.87333333</y>
      <w>0.5083089</w>
      <t>6199</t>
    </point>
    <point>
      <x>0.345</x>
      <y>0.87333333</y>
      <w>0.5083089</w>
      <t>6199</t>
    </point>
    <point>
      <x>0.34666666</x>
      <y>0.87333333</y>
      <w>0.5083089</w>
      <t>6199</t>
    </point>
    <point>
      <x>0.34833333</x>
      <y>0.87333333</y>
      <w>0.5083089</w>
      <t>6199</t>
    </point>
    <point>
      <x>0.35</x>
      <y>0.87333333</y>
      <w>0.5092864</w>
      <t>6232</t>
    </point>
    <point>
      <x>0.35166666</x>
      <y>0.87333333</y>
      <w>0.5092864</w>
      <t>6232</t>
    </point>
    <point>
      <x>0.35333332</x>
      <y>0.87333333</y>
      <w>0.5092864</w>
      <t>6232</t>
    </point>
    <point>
      <x>0.355</x>
      <y>0.87333333</y>
      <w>0.5092864</w>
      <t>6232</t>
    </point>
    <point>
      <x>0.35666665</x>
      <y>0.87166667</y>
      <w>0.5043988</w>
      <t>6266</t>
    </point>
    <point>
      <x>0.35833332</x>
      <y>0.87166667</y>
      <w>0.5043988</w>
      <t>6266</t>
    </point>
    <point>
      <x>0.36</x>
      <y>0.87</y>
      <w>0.5043988</w>
      <t>6266</t>
    </point>
    <point>
      <x>0.36333334</x>
      <y>0.87</y>
      <w>0.5043988</w>
      <t>6266</t>
    </point>
    <point>
      <x>0.365</x>
      <y>0.86833334</y>
      <w>0.5043988</w>
      <t>6266</t>
    </point>
    <point>
      <x>0.36666667</x>
      <y>0.8666667</y>
      <w>0.4799609</w>
      <t>6299</t>
    </point>
    <point>
      <x>0.37</x>
      <y>0.8666667</y>
      <w>0.4799609</w>
      <t>6299</t>
    </point>
    <point>
      <x>0.37166667</x>
      <y>0.865</y>
      <w>0.4799609</w>
      <t>6299</t>
    </point>
    <point>
      <x>0.375</x>
      <y>0.86333334</y>
      <w>0.4799609</w>
      <t>6299</t>
    </point>
    <point>
      <x>0.37666667</x>
      <y>0.8616667</y>
      <w>0.4398827</w>
      <t>6332</t>
    </point>
    <point>
      <x>0.38</x>
      <y>0.86</y>
      <w>0.4398827</w>
      <t>6332</t>
    </point>
    <point>
      <x>0.38333333</x>
      <y>0.85833335</y>
      <w>0.4398827</w>
      <t>6332</t>
    </point>
    <point>
      <x>0.38666666</x>
      <y>0.855</y>
      <w>0.4398827</w>
      <t>6332</t>
    </point>
    <point>
      <x>0.39166668</x>
      <y>0.85333335</y>
      <w>0.31085044</w>
      <t>6366</t>
    </point>
    <point>
      <x>0.39666668</x>
      <y>0.85</y>
      <w>0.31085044</w>
      <t>6366</t>
    </point>
    <point>
      <x>0.40166667</x>
      <y>0.8466667</y>
      <w>0.31085044</w>
      <t>6366</t>
    </point>
    <point>
      <x>0.40666667</x>
      <y>0.845</y>
      <w>0.31085044</w>
      <t>6366</t>
    </point>
    <point>
      <x>0.41166666</x>
      <y>0.84166664</y>
      <w>0.31085044</w>
      <t>6366</t>
    </point>
    <point>
      <x>0.41666666</x>
      <y>0.84</y>
      <w>0.047898337</w>
      <t>6400</t>
    </point>
    <point>
      <x>0.42333335</x>
      <y>0.8383333</y>
      <w>0.047898337</w>
      <t>6400</t>
    </point>
    <point>
      <x>0.42833334</x>
      <y>0.83666664</y>
      <w>0.047898337</w>
      <t>6400</t>
    </point>
  </stroke>
  <stroke time="6899">
    <point>
      <x>0.6483333</x>
      <y>0.8016667</y>
      <w>0.21212122</w>
      <t>6899</t>
    </point>
    <point>
      <x>0.65</x>
      <y>0.8016667</y>
      <w>0.21212122</w>
      <t>6899</t>
    </point>
    <point>
      <x>0.65166664</x>
      <y>0.8016667</y>
      <w>0.35679373</w>
      <t>6932</t>
    </point>
    <point>
      <x>0.6533333</x>
      <y>0.8016667</y>
      <w>0.35679373</w>
      <t>6932</t>
    </point>
    <point>
      <x>0.655</x>
      <y>0.80333334</y>
      <w>0.35679373</w>
      <t>6932</t>
    </point>
    <point>
      <x>0.6566667</x>
      <y>0.80333334</y>
      <w>0.4349951</w>
      <t>6966</t>
    </point>
    <point>
      <x>0.65833336</x>
      <y>0.805</y>
      <w>0.4349951</w>
      <t>6966</t>
    </point>
    <point>
      <x>0.66</x>
      <y>0.805</y>
      <w>0.4349951</w>
      <t>6966</t>
    </point>
    <point>
      <x>0.6616667</x>
      <y>0.8066667</y>
      <w>0.4349951</w>
      <t>6966</t>
    </point>
    <point>
      <x>0.66333336</x>
      <y>0.80833334</y>
      <w>0.4682307</w>
      <t>7000</t>
    </point>
    <point>
      <x>0.665</x>
      <y>0.81</y>
      <w>0.4682307</w>
      <t>7000</t>
    </point>
    <point>
      <x>0.665</x>
      <y>0.81166667</y>
      <w>0.49364614</w>
      <t>7032</t>
    </point>
    <point>
      <x>0.6666667</x>
      <y>0.81166667</y>
      <w>0.49364614</w>
      <t>7032</t>
    </point>
    <point>
      <x>0.6666667</x>
      <y>0.81333333</y>
      <w>0.49364614</w>
      <t>7032</t>
    </point>
    <point>
      <x>0.66833335</x>
      <y>0.815</y>
      <w>0.4965787</w>
      <t>7066</t>
    </point>
    <point>
      <x>0.66833335</x>
      <y>0.81666666</y>
      <w>0.4965787</w>
      <t>7066</t>
    </point>
    <point>
      <x>0.66833335</x>
      <y>0.8183333</y>
      <w>0.5083089</w>
      <t>7099</t>
    </point>
    <point>
      <x>0.66833335</x>
      <y>0.82</y>
      <w>0.5083089</w>
      <t>7099</t>
    </point>
    <point>
      <x>0.67</x>
      <y>0.82</y>
      <w>0.5083089</w>
      <t>7099</t>
    </point>
    <point>
      <x>0.67</x>
      <y>0.82166666</y>
      <w>0.51906157</w>
      <t>7132</t>
    </point>
    <point>
      <x>0.67</x>
      <y>0.8233333</y>
      <w>0.51906157</w>
      <t>7132</t>
    </point>
    <point>
      <x>0.67</x>
      <y>0.825</y>
      <w>0.51906157</w>
      <t>7132</t>
    </point>
    <point>
      <x>0.67</x>
      <y>0.82666665</y>
      <w>0.5219941</w>
      <t>7166</t>
    </point>
    <point>
      <x>0.67</x>
      <y>0.8283333</y>
      <w>0.5219941</w>
      <t>7166</t>
    </point>
    <point>
      <x>0.66833335</x>
      <y>0.83</y>
      <w>0.5219941</w>
      <t>7166</t>
    </point>
    <point>
      <x>0.66833335</x>
      <y>0.83166665</y>
      <w>0.5219941</w>
      <t>7166</t>
    </point>
    <point>
      <x>0.6666667</x>
      <y>0.835</y>
      <w>0.50048876</w>
      <t>7200</t>
    </point>
    <point>
      <x>0.665</x>
      <y>0.83666664</y>
      <w>0.50048876</w>
      <t>7200</t>
    </point>
    <point>
      <x>0.665</x>
      <y>0.8383333</y>
      <w>0.50048876</w>
      <t>7200</t>
    </point>
    <point>
      <x>0.66333336</x>
      <y>0.84</y>
      <w>0.50048876</w>
      <t>7200</t>
    </point>
    <point>
      <x>0.6616667</x>
      <y>0.84166664</y>
      <w>0.43695015</w>
      <t>7233</t>
    </point>
    <point>
      <x>0.66</x>
      <y>0.8433333</y>
      <w>0.43695015</w>
      <t>7233</t>
    </point>
    <point>
      <x>0.65833336</x>
      <y>0.845</y>
      <w>0.43695015</w>
      <t>7233</t>
    </point>
    <point>
      <x>0.6566667</x>
      <y>0.8466667</y>
      <w>0.43695015</w>
      <t>7233</t>
    </point>
    <point>
      <x>0.6533333</x>
      <y>0.85</y>
      <w>0.43695015</w>
      <t>7233</t>
    </point>
    <point>
      <x>0.65166664</x>
      <y>0.8516667</y>
      <w>0.16617791</w>
      <t>7266</t>
    </point>
    <point>
      <x>0.6483333</x>
      <y>0.855</y>
      <w>0.16617791</w>
      <t>7266</t>
    </point>
    <point>
      <x>0.6433333</x>
      <y>0.8566667</y>
      <w>0.16617791</w>
      <t>7266</t>
    </point>
    <point>
      <x>0.64</x>
      <y>0.86</y>
      <w>0.16617791</w>
      <t>7266</t>
    </point>
    <point>
      <x>0.635</x>
      <y>0.86333334</y>
      <w>0.0</w>
      <t>7300</t>
    </point>
    <point>
      <x>0.63166666</x>
      <y>0.865</y>
      <w>0.0</w>
      <t>7300</t>
    </point>
  </stroke>
</character>
