<?xml version="1.0" encoding="UTF-8"?>
<character>
  <stroke time="0">
    <point>
      <x>0.17666666</x>
      <y>0.26333332</y>
      <w>0.38709676</w>
      <t>136</t>
    </point>
    <point>
      <x>0.17833333</x>
      <y>0.265</y>
      <w>0.38709676</w>
      <t>136</t>
    </point>
    <point>
      <x>0.18</x>
      <y>0.26666668</y>
      <w>0.38709676</w>
      <t>136</t>
    </point>
    <point>
      <x>0.18166667</x>
      <y>0.26666668</y>
      <w>0.4750733</w>
      <t>166</t>
    </point>
    <point>
      <x>0.18333334</x>
      <y>0.26833335</y>
      <w>0.4750733</w>
      <t>166</t>
    </point>
    <point>
      <x>0.185</x>
      <y>0.27</y>
      <w>0.4750733</w>
      <t>166</t>
    </point>
    <point>
      <x>0.18666667</x>
      <y>0.27</y>
      <w>0.4750733</w>
      <t>167</t>
    </point>
    <point>
      <x>0.18833333</x>
      <y>0.27166668</y>
      <w>0.5288367</w>
      <t>200</t>
    </point>
    <point>
      <x>0.19</x>
      <y>0.27333334</y>
      <w>0.5288367</w>
      <t>200</t>
    </point>
    <point>
      <x>0.19166666</x>
      <y>0.27333334</y>
      <w>0.5288367</w>
      <t>200</t>
    </point>
    <point>
      <x>0.19333333</x>
      <y>0.275</y>
      <w>0.5288367</w>
      <t>201</t>
    </point>
    <point>
      <x>0.195</x>
      <y>0.27666667</y>
      <w>0.57575756</w>
      <t>233</t>
    </point>
    <point>
      <x>0.19833334</x>
      <y>0.27666667</y>
      <w>0.57575756</w>
      <t>233</t>
    </point>
    <point>
      <x>0.2</x>
      <y>0.27833334</y>
      <w>0.57575756</w>
      <t>233</t>
    </point>
    <point>
      <x>0.20166667</x>
      <y>0.27833334</y>
      <w>0.57575756</w>
      <t>234</t>
    </point>
    <point>
      <x>0.20333333</x>
      <y>0.28</y>
      <w>0.59237534</w>
      <t>267</t>
    </point>
    <point>
      <x>0.205</x>
      <y>0.28</y>
      <w>0.59237534</w>
      <t>267</t>
    </point>
    <point>
      <x>0.20666666</x>
      <y>0.28166667</y>
      <w>0.60703814</w>
      <t>300</t>
    </point>
    <point>
      <x>0.20833333</x>
      <y>0.28166667</y>
      <w>0.60703814</w>
      <t>300</t>
    </point>
    <point>
      <x>0.21</x>
      <y>0.28166667</y>
      <w>0.60703814</w>
      <t>300</t>
    </point>
    <point>
      <x>0.21166667</x>
      <y>0.28166667</y>
      <w>0.60703814</w>
      <t>302</t>
    </point>
    <point>
      <x>0.21333334</x>
      <y>0.28166667</y>
      <w>0.62463343</w>
      <t>333</t>
    </point>
    <point>
      <x>0.215</x>
      <y>0.28333333</y>
      <w>0.62463343</w>
      <t>333</t>
    </point>
    <point>
      <x>0.21666667</x>
      <y>0.28333333</y>
      <w>0.62463343</w>
      <t>333</t>
    </point>
    <point>
      <x>0.21833333</x>
      <y>0.28333333</y>
      <w>0.6285435</w>
      <t>367</t>
    </point>
    <point>
      <x>0.22</x>
      <y>0.28333333</y>
      <w>0.6285435</w>
      <t>367</t>
    </point>
    <point>
      <x>0.22166666</x>
      <y>0.28333333</y>
      <w>0.6285435</w>
      <t>400</t>
    </point>
    <point>
      <x>0.22333333</x>
      <y>0.28333333</y>
      <w>0.6285435</w>
      <t>400</t>
    </point>
    <point>
      <x>0.225</x>
      <y>0.28333333</y>
      <w>0.6285435</w>
      <t>400</t>
    </point>
    <point>
      <x>0.22833334</x>
      <y>0.28333333</y>
      <w>0.6285435</w>
      <t>401</t>
    </point>
    <point>
      <x>0.23</x>
      <y>0.28333333</y>
      <w>0.6285435</w>
      <t>401</t>
    </point>
    <point>
      <x>0.23333333</x>
      <y>0.28333333</y>
      <w>0.62658846</w>
      <t>434</t>
    </point>
    <point>
      <x>0.23666666</x>
      <y>0.28166667</y>
      <w>0.62658846</w>
      <t>434</t>
    </point>
    <point>
      <x>0.24166666</x>
      <y>0.28166667</y>
      <w>0.62658846</w>
      <t>434</t>
    </point>
    <point>
      <x>0.245</x>
      <y>0.28</y>
      <w>0.62658846</w>
      <t>435</t>
    </point>
    <point>
      <x>0.25</x>
      <y>0.27833334</y>
      <w>0.629521</w>
      <t>466</t>
    </point>
    <point>
      <x>0.255</x>
      <y>0.275</y>
      <w>0.629521</w>
      <t>466</t>
    </point>
    <point>
      <x>0.26</x>
      <y>0.27333334</y>
      <w>0.629521</w>
      <t>466</t>
    </point>
    <point>
      <x>0.26666668</x>
      <y>0.27</y>
      <w>0.629521</w>
      <t>466</t>
    </point>
    <point>
      <x>0.27166668</x>
      <y>0.26833335</y>
      <w>0.629521</w>
      <t>466</t>
    </point>
    <point>
      <x>0.27666667</x>
      <y>0.265</y>
      <w>0.6168133</w>
      <t>499</t>
    </point>
    <point>
      <x>0.28166667</x>
      <y>0.26166666</y>
      <w>0.6168133</w>
      <t>499</t>
    </point>
    <point>
      <x>0.28833333</x>
      <y>0.25833333</y>
      <w>0.6168133</w>
      <t>499</t>
    </point>
    <point>
      <x>0.29333332</x>
      <y>0.255</y>
      <w>0.6168133</w>
      <t>500</t>
    </point>
    <point>
      <x>0.29833335</x>
      <y>0.25166667</y>
      <w>0.44183773</w>
      <t>533</t>
    </point>
    <point>
      <x>0.305</x>
      <y>0.24666667</y>
      <w>0.44183773</w>
      <t>533</t>
    </point>
    <point>
      <x>0.31</x>
      <y>0.24333334</y>
      <w>0.44183773</w>
      <t>533</t>
    </point>
    <point>
      <x>0.31666666</x>
      <y>0.23833333</y>
      <w>0.44183773</w>
      <t>533</t>
    </point>
    <point>
      <x>0.32333332</x>
      <y>0.235</y>
      <w>0.44183773</w>
      <t>534</t>
    </point>
  </stroke>
  <stroke time="933">
    <point>
      <x>0.40833333</x>
      <y>0.195</y>
      <w>0.29814273</w>
      <t>1000</t>
    </point>
    <point>
      <x>0.40833333</x>
      <y>0.19666667</y>
      <w>0.29814273</w>
      <t>1000</t>
    </point>
    <point>
      <x>0.41</x>
      <y>0.19666667</y>
      <w>0.36656892</w>
      <t>1033</t>
    </point>
    <point>
      <x>0.41166666</x>
      <y>0.19666667</y>
      <w>0.36656892</w>
      <t>1033</t>
    </point>
    <point>
      <x>0.41333333</x>
      <y>0.19833334</y>
      <w>0.36656892</w>
      <t>1033</t>
    </point>
    <point>
      <x>0.415</x>
      <y>0.19833334</y>
      <w>0.42424244</w>
      <t>1066</t>
    </point>
    <point>
      <x>0.41666666</x>
      <y>0.2</y>
      <w>0.42424244</w>
      <t>1066</t>
    </point>
    <point>
      <x>0.41833332</x>
      <y>0.20166667</y>
      <w>0.42424244</w>
      <t>1066</t>
    </point>
    <point>
      <x>0.42</x>
      <y>0.20333333</y>
      <w>0.42424244</w>
      <t>1066</t>
    </point>
    <point>
      <x>0.42166665</x>
      <y>0.205</y>
      <w>0.42424244</w>
      <t>1067</t>
    </point>
    <point>
      <x>0.42333335</x>
      <y>0.20666666</y>
      <w>0.4692082</w>
      <t>1099</t>
    </point>
    <point>
      <x>0.425</x>
      <y>0.20833333</y>
      <w>0.4692082</w>
      <t>1099</t>
    </point>
    <point>
      <x>0.42666668</x>
      <y>0.21</y>
      <w>0.4692082</w>
      <t>1099</t>
    </point>
    <point>
      <x>0.43</x>
      <y>0.21166667</y>
      <w>0.4692082</w>
      <t>1099</t>
    </point>
    <point>
      <x>0.43166667</x>
      <y>0.215</y>
      <w>0.51221895</w>
      <t>1133</t>
    </point>
    <point>
      <x>0.43333334</x>
      <y>0.21666667</y>
      <w>0.51221895</w>
      <t>1133</t>
    </point>
    <point>
      <x>0.435</x>
      <y>0.21833333</y>
      <w>0.51221895</w>
      <t>1133</t>
    </point>
    <point>
      <x>0.43833333</x>
      <y>0.22</y>
      <w>0.51221895</w>
      <t>1133</t>
    </point>
    <point>
      <x>0.44</x>
      <y>0.22333333</y>
      <w>0.51221895</w>
      <t>1134</t>
    </point>
    <point>
      <x>0.44166666</x>
      <y>0.225</y>
      <w>0.53176934</w>
      <t>1166</t>
    </point>
    <point>
      <x>0.445</x>
      <y>0.22666667</y>
      <w>0.53176934</w>
      <t>1166</t>
    </point>
    <point>
      <x>0.44666666</x>
      <y>0.22833334</y>
      <w>0.53176934</w>
      <t>1166</t>
    </point>
    <point>
      <x>0.44833332</x>
      <y>0.23</y>
      <w>0.53176934</w>
      <t>1166</t>
    </point>
    <point>
      <x>0.45</x>
      <y>0.23166667</y>
      <w>0.55620724</w>
      <t>1199</t>
    </point>
    <point>
      <x>0.45333335</x>
      <y>0.23333333</y>
      <w>0.55620724</w>
      <t>1201</t>
    </point>
    <point>
      <x>0.455</x>
      <y>0.235</y>
      <w>0.55620724</w>
      <t>1201</t>
    </point>
    <point>
      <x>0.45666668</x>
      <y>0.23666666</y>
      <w>0.55620724</w>
      <t>1201</t>
    </point>
    <point>
      <x>0.46</x>
      <y>0.23833333</y>
      <w>0.55620724</w>
      <t>1201</t>
    </point>
    <point>
      <x>0.46333334</x>
      <y>0.24</y>
      <w>0.56304985</w>
      <t>1233</t>
    </point>
    <point>
      <x>0.465</x>
      <y>0.24</y>
      <w>0.56304985</w>
      <t>1233</t>
    </point>
    <point>
      <x>0.46833333</x>
      <y>0.24166666</y>
      <w>0.56304985</w>
      <t>1233</t>
    </point>
    <point>
      <x>0.47</x>
      <y>0.24333334</y>
      <w>0.56304985</w>
      <t>1233</t>
    </point>
    <point>
      <x>0.47333333</x>
      <y>0.24333334</y>
      <w>0.5650049</w>
      <t>1266</t>
    </point>
    <point>
      <x>0.47666666</x>
      <y>0.245</y>
      <w>0.5650049</w>
      <t>1266</t>
    </point>
    <point>
      <x>0.48</x>
      <y>0.245</y>
      <w>0.5650049</w>
      <t>1266</t>
    </point>
    <point>
      <x>0.48166665</x>
      <y>0.245</y>
      <w>0.5650049</w>
      <t>1268</t>
    </point>
    <point>
      <x>0.48666668</x>
      <y>0.24666667</y>
      <w>0.5650049</w>
      <t>1268</t>
    </point>
    <point>
      <x>0.49</x>
      <y>0.24666667</y>
      <w>0.56402737</w>
      <t>1300</t>
    </point>
    <point>
      <x>0.49333334</x>
      <y>0.24666667</y>
      <w>0.56402737</w>
      <t>1300</t>
    </point>
    <point>
      <x>0.49833333</x>
      <y>0.24666667</y>
      <w>0.56402737</w>
      <t>1300</t>
    </point>
    <point>
      <x>0.50333333</x>
      <y>0.24666667</y>
      <w>0.56402737</w>
      <t>1300</t>
    </point>
    <point>
      <x>0.5083333</x>
      <y>0.245</y>
      <w>0.56207234</w>
      <t>1333</t>
    </point>
    <point>
      <x>0.5133333</x>
      <y>0.245</y>
      <w>0.56207234</w>
      <t>1333</t>
    </point>
    <point>
      <x>0.5183333</x>
      <y>0.24333334</y>
      <w>0.56207234</w>
      <t>1333</t>
    </point>
    <point>
      <x>0.5233333</x>
      <y>0.24166666</y>
      <w>0.56207234</w>
      <t>1333</t>
    </point>
    <point>
      <x>0.5283333</x>
      <y>0.24</y>
      <w>0.5581623</w>
      <t>1366</t>
    </point>
    <point>
      <x>0.535</x>
      <y>0.23833333</y>
      <w>0.5581623</w>
      <t>1366</t>
    </point>
    <point>
      <x>0.5416667</x>
      <y>0.23666666</y>
      <w>0.5581623</w>
      <t>1366</t>
    </point>
    <point>
      <x>0.5466667</x>
      <y>0.23333333</y>
      <w>0.5581623</w>
      <t>1366</t>
    </point>
    <point>
      <x>0.55333334</x>
      <y>0.23166667</y>
      <w>0.5581623</w>
      <t>1366</t>
    </point>
    <point>
      <x>0.55833334</x>
      <y>0.23</y>
      <w>0.54545456</w>
      <t>1400</t>
    </point>
    <point>
      <x>0.56333333</x>
      <y>0.22833334</y>
      <w>0.54545456</w>
      <t>1400</t>
    </point>
    <point>
      <x>0.57</x>
      <y>0.22666667</y>
      <w>0.54545456</w>
      <t>1400</t>
    </point>
    <point>
      <x>0.575</x>
      <y>0.22333333</y>
      <w>0.54545456</w>
      <t>1400</t>
    </point>
    <point>
      <x>0.58</x>
      <y>0.22166666</y>
      <w>0.5092864</w>
      <t>1433</t>
    </point>
    <point>
      <x>0.585</x>
      <y>0.22</y>
      <w>0.5092864</w>
      <t>1433</t>
    </point>
    <point>
      <x>0.59</x>
      <y>0.21666667</y>
      <w>0.5092864</w>
      <t>1433</t>
    </point>
    <point>
      <x>0.5933333</x>
      <y>0.215</y>
      <w>0.5092864</w>
      <t>1433</t>
    </point>
    <point>
      <x>0.59833336</x>
      <y>0.21333334</y>
      <w>0.5092864</w>
      <t>1433</t>
    </point>
    <point>
      <x>0.60333335</x>
      <y>0.21166667</y>
      <w>0.48387095</w>
      <t>1466</t>
    </point>
    <point>
      <x>0.61</x>
      <y>0.20833333</y>
      <w>0.48387095</w>
      <t>1466</t>
    </point>
    <point>
      <x>0.615</x>
      <y>0.20666666</y>
      <w>0.48387095</w>
      <t>1466</t>
    </point>
    <point>
      <x>0.62</x>
      <y>0.20333333</y>
      <w>0.48387095</w>
      <t>1466</t>
    </point>
    <point>
      <x>0.62666667</x>
      <y>0.20166667</y>
      <w>0.4349951</w>
      <t>1500</t>
    </point>
    <point>
      <x>0.6333333</x>
      <y>0.19833334</y>
      <w>0.4349951</w>
      <t>1500</t>
    </point>
    <point>
      <x>0.64</x>
      <y>0.195</y>
      <w>0.4349951</w>
      <t>1500</t>
    </point>
    <point>
      <x>0.64666665</x>
      <y>0.19333333</y>
      <w>0.4349951</w>
      <t>1500</t>
    </point>
    <point>
      <x>0.6533333</x>
      <y>0.19</y>
      <w>0.4349951</w>
      <t>1500</t>
    </point>
    <point>
      <x>0.66</x>
      <y>0.18833333</y>
      <w>0.4115347</w>
      <t>1533</t>
    </point>
    <point>
      <x>0.665</x>
      <y>0.18666667</y>
      <w>0.4115347</w>
      <t>1533</t>
    </point>
    <point>
      <x>0.67</x>
      <y>0.185</y>
      <w>0.4115347</w>
      <t>1533</t>
    </point>
    <point>
      <x>0.675</x>
      <y>0.185</y>
      <w>0.4115347</w>
      <t>1533</t>
    </point>
    <point>
      <x>0.67833334</x>
      <y>0.185</y>
      <w>0.40957966</w>
      <t>1566</t>
    </point>
    <point>
      <x>0.68333334</x>
      <y>0.18333334</y>
      <w>0.40957966</w>
      <t>1566</t>
    </point>
    <point>
      <x>0.68666667</x>
      <y>0.18333334</y>
      <w>0.40957966</w>
      <t>1566</t>
    </point>
    <point>
      <x>0.69</x>
      <y>0.18333334</y>
      <w>0.40957966</w>
      <t>1567</t>
    </point>
    <point>
      <x>0.6933333</x>
      <y>0.18333334</y>
      <w>0.41055718</w>
      <t>1600</t>
    </point>
    <point>
      <x>0.69666666</x>
      <y>0.18333334</y>
      <w>0.41055718</w>
      <t>1600</t>
    </point>
    <point>
      <x>0.70166665</x>
      <y>0.18333334</y>
      <w>0.41055718</w>
      <t>1600</t>
    </point>
    <point>
      <x>0.705</x>
      <y>0.18333334</y>
      <w>0.41055718</w>
      <t>1600</t>
    </point>
    <point>
      <x>0.7083333</x>
      <y>0.18333334</y>
      <w>0.41055718</w>
      <t>1601</t>
    </point>
    <point>
      <x>0.71166664</x>
      <y>0.18333334</y>
      <w>0.40957966</w>
      <t>1633</t>
    </point>
    <point>
      <x>0.71666664</x>
      <y>0.18333334</y>
      <w>0.40957966</w>
      <t>1633</t>
    </point>
    <point>
      <x>0.72</x>
      <y>0.18333334</y>
      <w>0.40957966</w>
      <t>1633</t>
    </point>
    <point>
      <x>0.72333336</x>
      <y>0.18333334</y>
      <w>0.40957966</w>
      <t>1633</t>
    </point>
    <point>
      <x>0.7266667</x>
      <y>0.18333334</y>
      <w>0.41544476</w>
      <t>1666</t>
    </point>
    <point>
      <x>0.73</x>
      <y>0.185</y>
      <w>0.41544476</w>
      <t>1666</t>
    </point>
    <point>
      <x>0.73333335</x>
      <y>0.18666667</y>
      <w>0.41544476</w>
      <t>1666</t>
    </point>
    <point>
      <x>0.7366667</x>
      <y>0.18666667</y>
      <w>0.41544476</w>
      <t>1666</t>
    </point>
    <point>
      <x>0.74</x>
      <y>0.18833333</y>
      <w>0.41544476</w>
      <t>1666</t>
    </point>
    <point>
      <x>0.7416667</x>
      <y>0.19</y>
      <w>0.43597263</w>
      <t>1700</t>
    </point>
    <point>
      <x>0.745</x>
      <y>0.19</y>
      <w>0.43597263</w>
      <t>1700</t>
    </point>
    <point>
      <x>0.74666667</x>
      <y>0.19166666</y>
      <w>0.43597263</w>
      <t>1700</t>
    </point>
    <point>
      <x>0.75</x>
      <y>0.19333333</y>
      <w>0.43597263</w>
      <t>1700</t>
    </point>
    <point>
      <x>0.75166667</x>
      <y>0.195</y>
      <w>0.45747802</w>
      <t>1733</t>
    </point>
    <point>
      <x>0.75333333</x>
      <y>0.19666667</y>
      <w>0.45747802</w>
      <t>1733</t>
    </point>
    <point>
      <x>0.755</x>
      <y>0.19833334</y>
      <w>0.45747802</w>
      <t>1733</t>
    </point>
    <point>
      <x>0.75666666</x>
      <y>0.2</y>
      <w>0.45747802</w>
      <t>1733</t>
    </point>
    <point>
      <x>0.7583333</x>
      <y>0.20166667</y>
      <w>0.45747802</w>
      <t>1733</t>
    </point>
    <point>
      <x>0.76</x>
      <y>0.20333333</y>
      <w>0.4916911</w>
      <t>1766</t>
    </point>
    <point>
      <x>0.76166666</x>
      <y>0.205</y>
      <w>0.4916911</w>
      <t>1766</t>
    </point>
    <point>
      <x>0.7633333</x>
      <y>0.20666666</y>
      <w>0.4916911</w>
      <t>1766</t>
    </point>
    <point>
      <x>0.765</x>
      <y>0.20833333</y>
      <w>0.4916911</w>
      <t>1766</t>
    </point>
    <point>
      <x>0.76666665</x>
      <y>0.21</y>
      <w>0.5014663</w>
      <t>1800</t>
    </point>
    <point>
      <x>0.76666665</x>
      <y>0.21166667</y>
      <w>0.5014663</w>
      <t>1800</t>
    </point>
    <point>
      <x>0.7683333</x>
      <y>0.21333334</y>
      <w>0.5014663</w>
      <t>1800</t>
    </point>
    <point>
      <x>0.77</x>
      <y>0.215</y>
      <w>0.5014663</w>
      <t>1800</t>
    </point>
    <point>
      <x>0.77166665</x>
      <y>0.21833333</y>
      <w>0.5014663</w>
      <t>1800</t>
    </point>
    <point>
      <x>0.7733333</x>
      <y>0.22</y>
      <w>0.5083089</w>
      <t>1833</t>
    </point>
    <point>
      <x>0.775</x>
      <y>0.22166666</y>
      <w>0.5083089</w>
      <t>1833</t>
    </point>
    <point>
      <x>0.775</x>
      <y>0.22333333</y>
      <w>0.5083089</w>
      <t>1833</t>
    </point>
    <point>
      <x>0.77666664</x>
      <y>0.225</y>
      <w>0.5083089</w>
      <t>1833</t>
    </point>
    <point>
      <x>0.77666664</x>
      <y>0.22666667</y>
      <w>0.5102639</w>
      <t>1866</t>
    </point>
    <point>
      <x>0.7783333</x>
      <y>0.22833334</y>
      <w>0.5102639</w>
      <t>1866</t>
    </point>
    <point>
      <x>0.7783333</x>
      <y>0.23</y>
      <w>0.5102639</w>
      <t>1866</t>
    </point>
    <point>
      <x>0.7783333</x>
      <y>0.23166667</y>
      <w>0.5102639</w>
      <t>1866</t>
    </point>
    <point>
      <x>0.78</x>
      <y>0.23333333</y>
      <w>0.52981424</w>
      <t>1900</t>
    </point>
    <point>
      <x>0.78</x>
      <y>0.235</y>
      <w>0.52981424</w>
      <t>1900</t>
    </point>
    <point>
      <x>0.78</x>
      <y>0.23666666</y>
      <w>0.52981424</w>
      <t>1900</t>
    </point>
    <point>
      <x>0.78</x>
      <y>0.24</y>
      <w>0.52981424</w>
      <t>1900</t>
    </point>
    <point>
      <x>0.78</x>
      <y>0.24166666</y>
      <w>0.52981424</w>
      <t>1900</t>
    </point>
    <point>
      <x>0.7783333</x>
      <y>0.245</y>
      <w>0.5434995</w>
      <t>1933</t>
    </point>
    <point>
      <x>0.7783333</x>
      <y>0.24666667</y>
      <w>0.5434995</w>
      <t>1933</t>
    </point>
    <point>
      <x>0.77666664</x>
      <y>0.25</y>
      <w>0.5434995</w>
      <t>1933</t>
    </point>
    <point>
      <x>0.77666664</x>
      <y>0.25333333</y>
      <w>0.5434995</w>
      <t>1933</t>
    </point>
    <point>
      <x>0.775</x>
      <y>0.25666666</y>
      <w>0.5483871</w>
      <t>1967</t>
    </point>
    <point>
      <x>0.7733333</x>
      <y>0.25833333</y>
      <w>0.5483871</w>
      <t>1967</t>
    </point>
    <point>
      <x>0.77166665</x>
      <y>0.26166666</y>
      <w>0.5483871</w>
      <t>1967</t>
    </point>
    <point>
      <x>0.7683333</x>
      <y>0.26666668</y>
      <w>0.5483871</w>
      <t>1967</t>
    </point>
    <point>
      <x>0.76666665</x>
      <y>0.27</y>
      <w>0.5483871</w>
      <t>1967</t>
    </point>
    <point>
      <x>0.7633333</x>
      <y>0.27333334</y>
      <w>0.5464321</w>
      <t>2000</t>
    </point>
    <point>
      <x>0.7583333</x>
      <y>0.27833334</y>
      <w>0.5464321</w>
      <t>2000</t>
    </point>
    <point>
      <x>0.755</x>
      <y>0.28333333</y>
      <w>0.5464321</w>
      <t>2000</t>
    </point>
    <point>
      <x>0.75</x>
      <y>0.28833333</y>
      <w>0.5464321</w>
      <t>2000</t>
    </point>
    <point>
      <x>0.74666667</x>
      <y>0.29166666</y>
      <w>0.5493646</w>
      <t>2033</t>
    </point>
    <point>
      <x>0.7416667</x>
      <y>0.29666665</y>
      <w>0.5493646</w>
      <t>2033</t>
    </point>
    <point>
      <x>0.73833334</x>
      <y>0.3</y>
      <w>0.5493646</w>
      <t>2033</t>
    </point>
    <point>
      <x>0.735</x>
      <y>0.305</y>
      <w>0.5493646</w>
      <t>2033</t>
    </point>
    <point>
      <x>0.7316667</x>
      <y>0.30833334</y>
      <w>0.5493646</w>
      <t>2033</t>
    </point>
    <point>
      <x>0.7266667</x>
      <y>0.31333333</y>
      <w>0.5493646</w>
      <t>2066</t>
    </point>
    <point>
      <x>0.7216667</x>
      <y>0.31666666</y>
      <w>0.5493646</w>
      <t>2066</t>
    </point>
    <point>
      <x>0.71666664</x>
      <y>0.32166666</y>
      <w>0.5493646</w>
      <t>2066</t>
    </point>
    <point>
      <x>0.71166664</x>
      <y>0.325</y>
      <w>0.5493646</w>
      <t>2066</t>
    </point>
    <point>
      <x>0.70666665</x>
      <y>0.33</y>
      <w>0.5434995</w>
      <t>2100</t>
    </point>
    <point>
      <x>0.70166665</x>
      <y>0.335</y>
      <w>0.5434995</w>
      <t>2100</t>
    </point>
    <point>
      <x>0.69666666</x>
      <y>0.33833334</y>
      <w>0.5434995</w>
      <t>2100</t>
    </point>
    <point>
      <x>0.69166666</x>
      <y>0.34333333</y>
      <w>0.5434995</w>
      <t>2100</t>
    </point>
    <point>
      <x>0.685</x>
      <y>0.34833333</y>
      <w>0.5434995</w>
      <t>2100</t>
    </point>
    <point>
      <x>0.68</x>
      <y>0.35333332</y>
      <w>0.53958946</w>
      <t>2133</t>
    </point>
    <point>
      <x>0.675</x>
      <y>0.35833332</y>
      <w>0.53958946</w>
      <t>2133</t>
    </point>
    <point>
      <x>0.67</x>
      <y>0.36333334</y>
      <w>0.53958946</w>
      <t>2133</t>
    </point>
    <point>
      <x>0.66333336</x>
      <y>0.36833334</y>
      <w>0.53958946</w>
      <t>2133</t>
    </point>
    <point>
      <x>0.6566667</x>
      <y>0.37333333</y>
      <w>0.514174</w>
      <t>2167</t>
    </point>
    <point>
      <x>0.65166664</x>
      <y>0.37833333</y>
      <w>0.514174</w>
      <t>2167</t>
    </point>
    <point>
      <x>0.645</x>
      <y>0.38333333</y>
      <w>0.514174</w>
      <t>2167</t>
    </point>
    <point>
      <x>0.6383333</x>
      <y>0.38833332</y>
      <w>0.514174</w>
      <t>2167</t>
    </point>
    <point>
      <x>0.6333333</x>
      <y>0.39333335</y>
      <w>0.49951124</w>
      <t>2200</t>
    </point>
    <point>
      <x>0.62833333</x>
      <y>0.4</y>
      <w>0.49951124</w>
      <t>2200</t>
    </point>
    <point>
      <x>0.62333333</x>
      <y>0.405</y>
      <w>0.49951124</w>
      <t>2200</t>
    </point>
    <point>
      <x>0.61833334</x>
      <y>0.41</y>
      <w>0.49951124</w>
      <t>2200</t>
    </point>
    <point>
      <x>0.61333334</x>
      <y>0.415</y>
      <w>0.49951124</w>
      <t>2200</t>
    </point>
    <point>
      <x>0.60833335</x>
      <y>0.42</y>
      <w>0.48778105</w>
      <t>2233</t>
    </point>
    <point>
      <x>0.60333335</x>
      <y>0.425</y>
      <w>0.48778105</w>
      <t>2233</t>
    </point>
    <point>
      <x>0.59833336</x>
      <y>0.42833334</y>
      <w>0.48778105</w>
      <t>2233</t>
    </point>
    <point>
      <x>0.595</x>
      <y>0.43333334</y>
      <w>0.48778105</w>
      <t>2233</t>
    </point>
    <point>
      <x>0.59166664</x>
      <y>0.43666667</y>
      <w>0.45356795</w>
      <t>2267</t>
    </point>
    <point>
      <x>0.59</x>
      <y>0.44166666</y>
      <w>0.45356795</w>
      <t>2267</t>
    </point>
    <point>
      <x>0.58666664</x>
      <y>0.445</y>
      <w>0.45356795</w>
      <t>2267</t>
    </point>
    <point>
      <x>0.585</x>
      <y>0.44833332</y>
      <w>0.45356795</w>
      <t>2267</t>
    </point>
    <point>
      <x>0.5833333</x>
      <y>0.45166665</y>
      <w>0.45356795</w>
      <t>2267</t>
    </point>
    <point>
      <x>0.58166665</x>
      <y>0.455</y>
      <w>0.44183773</w>
      <t>2300</t>
    </point>
    <point>
      <x>0.58166665</x>
      <y>0.46</y>
      <w>0.44183773</w>
      <t>2300</t>
    </point>
    <point>
      <x>0.58</x>
      <y>0.46333334</y>
      <w>0.44183773</w>
      <t>2300</t>
    </point>
    <point>
      <x>0.58</x>
      <y>0.46666667</y>
      <w>0.44183773</w>
      <t>2300</t>
    </point>
    <point>
      <x>0.5783333</x>
      <y>0.47</y>
      <w>0.43890518</w>
      <t>2333</t>
    </point>
    <point>
      <x>0.5783333</x>
      <y>0.47333333</y>
      <w>0.43890518</w>
      <t>2333</t>
    </point>
    <point>
      <x>0.5783333</x>
      <y>0.475</y>
      <w>0.43890518</w>
      <t>2333</t>
    </point>
    <point>
      <x>0.5783333</x>
      <y>0.47833332</y>
      <w>0.43890518</w>
      <t>2333</t>
    </point>
    <point>
      <x>0.5783333</x>
      <y>0.48</y>
      <w>0.43890518</w>
      <t>2333</t>
    </point>
    <point>
      <x>0.5783333</x>
      <y>0.48333332</y>
      <w>0.43304008</w>
      <t>2367</t>
    </point>
    <point>
      <x>0.5783333</x>
      <y>0.48666668</y>
      <w>0.43304008</w>
      <t>2367</t>
    </point>
    <point>
      <x>0.58</x>
      <y>0.48833334</y>
      <w>0.43304008</w>
      <t>2367</t>
    </point>
    <point>
      <x>0.58</x>
      <y>0.49166667</y>
      <w>0.43304008</w>
      <t>2367</t>
    </point>
    <point>
      <x>0.58166665</x>
      <y>0.495</y>
      <w>0.43108505</w>
      <t>2400</t>
    </point>
    <point>
      <x>0.5833333</x>
      <y>0.49833333</y>
      <w>0.43108505</w>
      <t>2400</t>
    </point>
    <point>
      <x>0.5833333</x>
      <y>0.50166667</y>
      <w>0.43108505</w>
      <t>2400</t>
    </point>
    <point>
      <x>0.585</x>
      <y>0.505</y>
      <w>0.43108505</w>
      <t>2400</t>
    </point>
    <point>
      <x>0.58666664</x>
      <y>0.5083333</y>
      <w>0.43108505</w>
      <t>2400</t>
    </point>
    <point>
      <x>0.58666664</x>
      <y>0.51166666</y>
      <w>0.43304008</w>
      <t>2433</t>
    </point>
    <point>
      <x>0.5883333</x>
      <y>0.515</y>
      <w>0.43304008</w>
      <t>2433</t>
    </point>
    <point>
      <x>0.59</x>
      <y>0.5183333</y>
      <w>0.43304008</w>
      <t>2433</t>
    </point>
    <point>
      <x>0.59166664</x>
      <y>0.52166665</y>
      <w>0.43304008</w>
      <t>2433</t>
    </point>
    <point>
      <x>0.5933333</x>
      <y>0.525</y>
      <w>0.43304008</w>
      <t>2467</t>
    </point>
    <point>
      <x>0.595</x>
      <y>0.5283333</y>
      <w>0.43304008</w>
      <t>2467</t>
    </point>
    <point>
      <x>0.5966667</x>
      <y>0.5316667</y>
      <w>0.43304008</w>
      <t>2467</t>
    </point>
    <point>
      <x>0.59833336</x>
      <y>0.535</y>
      <w>0.43304008</w>
      <t>2467</t>
    </point>
    <point>
      <x>0.59833336</x>
      <y>0.5366667</y>
      <w>0.44770283</w>
      <t>2500</t>
    </point>
    <point>
      <x>0.6</x>
      <y>0.54</y>
      <w>0.44770283</w>
      <t>2500</t>
    </point>
    <point>
      <x>0.6016667</x>
      <y>0.54333335</y>
      <w>0.44770283</w>
      <t>2500</t>
    </point>
    <point>
      <x>0.6016667</x>
      <y>0.545</y>
      <w>0.44770283</w>
      <t>2500</t>
    </point>
    <point>
      <x>0.6016667</x>
      <y>0.54833335</y>
      <w>0.44770283</w>
      <t>2500</t>
    </point>
    <point>
      <x>0.60333335</x>
      <y>0.5516667</y>
      <w>0.45552298</w>
      <t>2533</t>
    </point>
    <point>
      <x>0.60333335</x>
      <y>0.555</y>
      <w>0.45552298</w>
      <t>2533</t>
    </point>
    <point>
      <x>0.605</x>
      <y>0.55833334</y>
      <w>0.45552298</w>
      <t>2533</t>
    </point>
    <point>
      <x>0.605</x>
      <y>0.56166667</y>
      <w>0.45552298</w>
      <t>2533</t>
    </point>
    <point>
      <x>0.6066667</x>
      <y>0.565</y>
      <w>0.49951124</w>
      <t>2567</t>
    </point>
    <point>
      <x>0.6066667</x>
      <y>0.5683333</y>
      <w>0.49951124</w>
      <t>2567</t>
    </point>
    <point>
      <x>0.60833335</x>
      <y>0.57166666</y>
      <w>0.49951124</w>
      <t>2567</t>
    </point>
    <point>
      <x>0.60833335</x>
      <y>0.575</y>
      <w>0.49951124</w>
      <t>2567</t>
    </point>
    <point>
      <x>0.61</x>
      <y>0.5783333</y>
      <w>0.49951124</w>
      <t>2567</t>
    </point>
    <point>
      <x>0.6116667</x>
      <y>0.58166665</y>
      <w>0.51124144</w>
      <t>2600</t>
    </point>
    <point>
      <x>0.6116667</x>
      <y>0.585</y>
      <w>0.51124144</w>
      <t>2600</t>
    </point>
    <point>
      <x>0.61333334</x>
      <y>0.5883333</y>
      <w>0.51124144</w>
      <t>2600</t>
    </point>
    <point>
      <x>0.61333334</x>
      <y>0.59166664</y>
      <w>0.51124144</w>
      <t>2600</t>
    </point>
    <point>
      <x>0.615</x>
      <y>0.595</y>
      <w>0.5278592</w>
      <t>2633</t>
    </point>
    <point>
      <x>0.615</x>
      <y>0.6</y>
      <w>0.5278592</w>
      <t>2633</t>
    </point>
    <point>
      <x>0.615</x>
      <y>0.60333335</y>
      <w>0.5278592</w>
      <t>2633</t>
    </point>
    <point>
      <x>0.6166667</x>
      <y>0.6066667</y>
      <w>0.5278592</w>
      <t>2633</t>
    </point>
    <point>
      <x>0.6166667</x>
      <y>0.6116667</y>
      <w>0.5278592</w>
      <t>2633</t>
    </point>
    <point>
      <x>0.6166667</x>
      <y>0.615</y>
      <w>0.53958946</w>
      <t>2667</t>
    </point>
    <point>
      <x>0.6166667</x>
      <y>0.61833334</y>
      <w>0.53958946</w>
      <t>2667</t>
    </point>
    <point>
      <x>0.6166667</x>
      <y>0.62166667</y>
      <w>0.53958946</w>
      <t>2667</t>
    </point>
    <point>
      <x>0.6166667</x>
      <y>0.62666667</y>
      <w>0.53958946</w>
      <t>2667</t>
    </point>
    <point>
      <x>0.6166667</x>
      <y>0.63</y>
      <w>0.54447705</w>
      <t>2700</t>
    </point>
    <point>
      <x>0.6166667</x>
      <y>0.635</y>
      <w>0.54447705</w>
      <t>2700</t>
    </point>
    <point>
      <x>0.6166667</x>
      <y>0.64</y>
      <w>0.54447705</w>
      <t>2700</t>
    </point>
    <point>
      <x>0.6166667</x>
      <y>0.6433333</y>
      <w>0.54447705</w>
      <t>2700</t>
    </point>
    <point>
      <x>0.6166667</x>
      <y>0.6483333</y>
      <w>0.54447705</w>
      <t>2700</t>
    </point>
    <point>
      <x>0.6166667</x>
      <y>0.6533333</y>
      <w>0.5483871</w>
      <t>2733</t>
    </point>
    <point>
      <x>0.615</x>
      <y>0.65833336</y>
      <w>0.5483871</w>
      <t>2733</t>
    </point>
    <point>
      <x>0.615</x>
      <y>0.66333336</y>
      <w>0.5483871</w>
      <t>2733</t>
    </point>
    <point>
      <x>0.61333334</x>
      <y>0.66833335</y>
      <w>0.5483871</w>
      <t>2733</t>
    </point>
    <point>
      <x>0.6116667</x>
      <y>0.67333335</y>
      <w>0.5483871</w>
      <t>2767</t>
    </point>
    <point>
      <x>0.61</x>
      <y>0.67833334</y>
      <w>0.5483871</w>
      <t>2767</t>
    </point>
    <point>
      <x>0.60833335</x>
      <y>0.68333334</y>
      <w>0.5483871</w>
      <t>2767</t>
    </point>
    <point>
      <x>0.6066667</x>
      <y>0.68833333</y>
      <w>0.5483871</w>
      <t>2767</t>
    </point>
    <point>
      <x>0.605</x>
      <y>0.69166666</y>
      <w>0.5493646</w>
      <t>2800</t>
    </point>
    <point>
      <x>0.60333335</x>
      <y>0.69666666</y>
      <w>0.5493646</w>
      <t>2800</t>
    </point>
    <point>
      <x>0.6</x>
      <y>0.70166665</y>
      <w>0.5493646</w>
      <t>2800</t>
    </point>
    <point>
      <x>0.59833336</x>
      <y>0.70666665</y>
      <w>0.5493646</w>
      <t>2800</t>
    </point>
    <point>
      <x>0.595</x>
      <y>0.71166664</y>
      <w>0.5493646</w>
      <t>2800</t>
    </point>
    <point>
      <x>0.59166664</x>
      <y>0.71666664</y>
      <w>0.5483871</w>
      <t>2833</t>
    </point>
    <point>
      <x>0.5883333</x>
      <y>0.7216667</y>
      <w>0.5483871</w>
      <t>2833</t>
    </point>
    <point>
      <x>0.585</x>
      <y>0.7266667</y>
      <w>0.5483871</w>
      <t>2833</t>
    </point>
    <point>
      <x>0.58</x>
      <y>0.73</y>
      <w>0.5483871</w>
      <t>2833</t>
    </point>
    <point>
      <x>0.57666665</x>
      <y>0.735</y>
      <w>0.5522972</w>
      <t>2867</t>
    </point>
    <point>
      <x>0.57166666</x>
      <y>0.74</y>
      <w>0.5522972</w>
      <t>2867</t>
    </point>
    <point>
      <x>0.56666666</x>
      <y>0.74333334</y>
      <w>0.5522972</w>
      <t>2867</t>
    </point>
    <point>
      <x>0.56333333</x>
      <y>0.74833333</y>
      <w>0.5522972</w>
      <t>2867</t>
    </point>
    <point>
      <x>0.55833334</x>
      <y>0.75166667</y>
      <w>0.5522972</w>
      <t>2867</t>
    </point>
    <point>
      <x>0.5516667</x>
      <y>0.75666666</y>
      <w>0.54545456</w>
      <t>2900</t>
    </point>
    <point>
      <x>0.5466667</x>
      <y>0.76166666</y>
      <w>0.54545456</w>
      <t>2900</t>
    </point>
    <point>
      <x>0.54</x>
      <y>0.765</y>
      <w>0.54545456</w>
      <t>2900</t>
    </point>
    <point>
      <x>0.535</x>
      <y>0.7683333</y>
      <w>0.54545456</w>
      <t>2900</t>
    </point>
    <point>
      <x>0.5283333</x>
      <y>0.7733333</y>
      <w>0.542522</w>
      <t>2933</t>
    </point>
    <point>
      <x>0.5233333</x>
      <y>0.77666664</y>
      <w>0.542522</w>
      <t>2933</t>
    </point>
    <point>
      <x>0.51666665</x>
      <y>0.7783333</y>
      <w>0.542522</w>
      <t>2933</t>
    </point>
    <point>
      <x>0.51166666</x>
      <y>0.7816667</y>
      <w>0.542522</w>
      <t>2933</t>
    </point>
    <point>
      <x>0.505</x>
      <y>0.78333336</y>
      <w>0.542522</w>
      <t>2933</t>
    </point>
    <point>
      <x>0.5</x>
      <y>0.785</y>
      <w>0.4799609</w>
      <t>2967</t>
    </point>
    <point>
      <x>0.495</x>
      <y>0.7866667</y>
      <w>0.4799609</w>
      <t>2967</t>
    </point>
    <point>
      <x>0.49</x>
      <y>0.7866667</y>
      <w>0.4799609</w>
      <t>2967</t>
    </point>
    <point>
      <x>0.485</x>
      <y>0.7866667</y>
      <w>0.4799609</w>
      <t>2967</t>
    </point>
    <point>
      <x>0.48</x>
      <y>0.7866667</y>
      <w>0.4457478</w>
      <t>3000</t>
    </point>
    <point>
      <x>0.47666666</x>
      <y>0.7866667</y>
      <w>0.4457478</w>
      <t>3000</t>
    </point>
    <point>
      <x>0.47166666</x>
      <y>0.7866667</y>
      <w>0.4457478</w>
      <t>3000</t>
    </point>
    <point>
      <x>0.46833333</x>
      <y>0.7866667</y>
      <w>0.4457478</w>
      <t>3000</t>
    </point>
    <point>
      <x>0.465</x>
      <y>0.7866667</y>
      <w>0.4457478</w>
      <t>3000</t>
    </point>
    <point>
      <x>0.46166667</x>
      <y>0.7866667</y>
      <w>0.4125122</w>
      <t>3033</t>
    </point>
    <point>
      <x>0.45833334</x>
      <y>0.7866667</y>
      <w>0.4125122</w>
      <t>3033</t>
    </point>
    <point>
      <x>0.45666668</x>
      <y>0.785</y>
      <w>0.4125122</w>
      <t>3033</t>
    </point>
    <point>
      <x>0.45333335</x>
      <y>0.78333336</y>
      <w>0.4125122</w>
      <t>3033</t>
    </point>
    <point>
      <x>0.45</x>
      <y>0.78</y>
      <w>0.3548387</w>
      <t>3067</t>
    </point>
    <point>
      <x>0.44833332</x>
      <y>0.77666664</y>
      <w>0.3548387</w>
      <t>3067</t>
    </point>
    <point>
      <x>0.44666666</x>
      <y>0.775</y>
      <w>0.3548387</w>
      <t>3067</t>
    </point>
    <point>
      <x>0.44333333</x>
      <y>0.77166665</y>
      <w>0.3548387</w>
      <t>3067</t>
    </point>
    <point>
      <x>0.44166666</x>
      <y>0.7683333</y>
      <w>0.32551318</w>
      <t>3100</t>
    </point>
    <point>
      <x>0.44</x>
      <y>0.765</y>
      <w>0.32551318</w>
      <t>3100</t>
    </point>
    <point>
      <x>0.43833333</x>
      <y>0.76166666</y>
      <w>0.32551318</w>
      <t>3100</t>
    </point>
    <point>
      <x>0.43833333</x>
      <y>0.7583333</y>
      <w>0.32551318</w>
      <t>3100</t>
    </point>
    <point>
      <x>0.43666667</x>
      <y>0.75666666</y>
      <w>0.32551318</w>
      <t>3100</t>
    </point>
    <point>
      <x>0.43666667</x>
      <y>0.75333333</y>
      <w>0.32746822</w>
      <t>3133</t>
    </point>
    <point>
      <x>0.43666667</x>
      <y>0.75</y>
      <w>0.32746822</w>
      <t>3133</t>
    </point>
    <point>
      <x>0.43666667</x>
      <y>0.74833333</y>
      <w>0.32746822</w>
      <t>3133</t>
    </point>
    <point>
      <x>0.43666667</x>
      <y>0.745</y>
      <w>0.32746822</w>
      <t>3133</t>
    </point>
    <point>
      <x>0.43666667</x>
      <y>0.7416667</y>
      <w>0.3362659</w>
      <t>3167</t>
    </point>
    <point>
      <x>0.43666667</x>
      <y>0.73833334</y>
      <w>0.3362659</w>
      <t>3167</t>
    </point>
    <point>
      <x>0.43833333</x>
      <y>0.73333335</y>
      <w>0.3362659</w>
      <t>3167</t>
    </point>
    <point>
      <x>0.44</x>
      <y>0.73</y>
      <w>0.3362659</w>
      <t>3167</t>
    </point>
    <point>
      <x>0.44333333</x>
      <y>0.7266667</y>
      <w>0.3362659</w>
      <t>3167</t>
    </point>
    <point>
      <x>0.44666666</x>
      <y>0.72333336</y>
      <w>0.3313783</w>
      <t>3200</t>
    </point>
    <point>
      <x>0.45</x>
      <y>0.72</y>
      <w>0.3313783</w>
      <t>3200</t>
    </point>
    <point>
      <x>0.45333335</x>
      <y>0.71666664</y>
      <w>0.3313783</w>
      <t>3200</t>
    </point>
    <point>
      <x>0.45666668</x>
      <y>0.715</y>
      <w>0.3313783</w>
      <t>3200</t>
    </point>
    <point>
      <x>0.46166667</x>
      <y>0.71166664</y>
      <w>0.3304008</w>
      <t>3233</t>
    </point>
    <point>
      <x>0.465</x>
      <y>0.7083333</y>
      <w>0.3304008</w>
      <t>3233</t>
    </point>
    <point>
      <x>0.46833333</x>
      <y>0.705</y>
      <w>0.3304008</w>
      <t>3233</t>
    </point>
    <point>
      <x>0.47333333</x>
      <y>0.70166665</y>
      <w>0.3304008</w>
      <t>3233</t>
    </point>
    <point>
      <x>0.47666666</x>
      <y>0.6983333</y>
      <w>0.3304008</w>
      <t>3233</t>
    </point>
    <point>
      <x>0.48166665</x>
      <y>0.695</y>
      <w>0.3304008</w>
      <t>3267</t>
    </point>
    <point>
      <x>0.48666668</x>
      <y>0.69166666</y>
      <w>0.3304008</w>
      <t>3267</t>
    </point>
    <point>
      <x>0.49166667</x>
      <y>0.68833333</y>
      <w>0.3304008</w>
      <t>3267</t>
    </point>
    <point>
      <x>0.49666667</x>
      <y>0.68666667</y>
      <w>0.3304008</w>
      <t>3267</t>
    </point>
    <point>
      <x>0.50333333</x>
      <y>0.68333334</y>
      <w>0.32551318</w>
      <t>3300</t>
    </point>
    <point>
      <x>0.51</x>
      <y>0.6816667</y>
      <w>0.32551318</w>
      <t>3300</t>
    </point>
    <point>
      <x>0.51666665</x>
      <y>0.67833334</y>
      <w>0.32551318</w>
      <t>3300</t>
    </point>
    <point>
      <x>0.5233333</x>
      <y>0.6766667</y>
      <w>0.32551318</w>
      <t>3300</t>
    </point>
    <point>
      <x>0.5283333</x>
      <y>0.67333335</y>
      <w>0.32551318</w>
      <t>3300</t>
    </point>
    <point>
      <x>0.535</x>
      <y>0.67</y>
      <w>0.3264907</w>
      <t>3333</t>
    </point>
    <point>
      <x>0.5416667</x>
      <y>0.66833335</y>
      <w>0.3264907</w>
      <t>3333</t>
    </point>
    <point>
      <x>0.55</x>
      <y>0.665</y>
      <w>0.3264907</w>
      <t>3333</t>
    </point>
    <point>
      <x>0.5566667</x>
      <y>0.6616667</y>
      <w>0.3264907</w>
      <t>3333</t>
    </point>
    <point>
      <x>0.56333333</x>
      <y>0.65833336</y>
      <w>0.32551318</w>
      <t>3367</t>
    </point>
    <point>
      <x>0.57</x>
      <y>0.655</y>
      <w>0.32551318</w>
      <t>3367</t>
    </point>
    <point>
      <x>0.5783333</x>
      <y>0.65166664</y>
      <w>0.32551318</w>
      <t>3367</t>
    </point>
    <point>
      <x>0.585</x>
      <y>0.65</y>
      <w>0.32551318</w>
      <t>3367</t>
    </point>
    <point>
      <x>0.59166664</x>
      <y>0.64666665</y>
      <w>0.3313783</w>
      <t>3400</t>
    </point>
    <point>
      <x>0.6</x>
      <y>0.645</y>
      <w>0.3313783</w>
      <t>3400</t>
    </point>
    <point>
      <x>0.6066667</x>
      <y>0.6433333</y>
      <w>0.3313783</w>
      <t>3400</t>
    </point>
    <point>
      <x>0.615</x>
      <y>0.64166665</y>
      <w>0.3313783</w>
      <t>3400</t>
    </point>
    <point>
      <x>0.62333333</x>
      <y>0.64</y>
      <w>0.3313783</w>
      <t>3400</t>
    </point>
    <point>
      <x>0.63166666</x>
      <y>0.6383333</y>
      <w>0.34017596</w>
      <t>3433</t>
    </point>
    <point>
      <x>0.64</x>
      <y>0.63666666</y>
      <w>0.34017596</w>
      <t>3433</t>
    </point>
    <point>
      <x>0.65</x>
      <y>0.635</y>
      <w>0.34017596</w>
      <t>3433</t>
    </point>
    <point>
      <x>0.65833336</x>
      <y>0.6333333</y>
      <w>0.34017596</w>
      <t>3433</t>
    </point>
    <point>
      <x>0.66833335</x>
      <y>0.6333333</y>
      <w>0.34115347</w>
      <t>3467</t>
    </point>
    <point>
      <x>0.6766667</x>
      <y>0.63166666</y>
      <w>0.34115347</w>
      <t>3467</t>
    </point>
    <point>
      <x>0.685</x>
      <y>0.63166666</y>
      <w>0.34115347</w>
      <t>3467</t>
    </point>
    <point>
      <x>0.6933333</x>
      <y>0.63166666</y>
      <w>0.34115347</w>
      <t>3467</t>
    </point>
    <point>
      <x>0.70166665</x>
      <y>0.63</y>
      <w>0.34115347</w>
      <t>3467</t>
    </point>
    <point>
      <x>0.71</x>
      <y>0.63</y>
      <w>0.3597263</w>
      <t>3500</t>
    </point>
    <point>
      <x>0.71666664</x>
      <y>0.63</y>
      <w>0.3597263</w>
      <t>3500</t>
    </point>
    <point>
      <x>0.72333336</x>
      <y>0.63</y>
      <w>0.3597263</w>
      <t>3500</t>
    </point>
    <point>
      <x>0.73</x>
      <y>0.63</y>
      <w>0.3597263</w>
      <t>3500</t>
    </point>
    <point>
      <x>0.735</x>
      <y>0.62833333</y>
      <w>0.33431086</w>
      <t>3533</t>
    </point>
    <point>
      <x>0.73833334</x>
      <y>0.62833333</y>
      <w>0.33431086</w>
      <t>3533</t>
    </point>
    <point>
      <x>0.7416667</x>
      <y>0.62833333</y>
      <w>0.33431086</w>
      <t>3533</t>
    </point>
    <point>
      <x>0.745</x>
      <y>0.62833333</y>
      <w>0.33431086</w>
      <t>3533</t>
    </point>
    <point>
      <x>0.74666667</x>
      <y>0.62666667</y>
      <w>0.33431086</w>
      <t>3533</t>
    </point>
    <point>
      <x>0.74833333</x>
      <y>0.62666667</y>
      <w>0.0</w>
      <t>3566</t>
    </point>
  </stroke>
</character>
