<?xml version="1.0" encoding="UTF-8"?>
<character>
  <stroke time="0">
    <point>
      <x>0.18166667</x>
      <y>0.34333333</y>
      <w>0.32746822</w>
      <t>103</t>
    </point>
    <point>
      <x>0.18166667</x>
      <y>0.345</y>
      <w>0.36754644</w>
      <t>133</t>
    </point>
    <point>
      <x>0.18333334</x>
      <y>0.34666666</y>
      <w>0.40273705</w>
      <t>166</t>
    </point>
    <point>
      <x>0.185</x>
      <y>0.34833333</y>
      <w>0.4125122</w>
      <t>200</t>
    </point>
    <point>
      <x>0.18666667</x>
      <y>0.34833333</y>
      <w>0.4125122</w>
      <t>200</t>
    </point>
    <point>
      <x>0.18666667</x>
      <y>0.35</y>
      <w>0.4125122</w>
      <t>200</t>
    </point>
    <point>
      <x>0.19</x>
      <y>0.35</y>
      <w>0.4125122</w>
      <t>201</t>
    </point>
    <point>
      <x>0.19166666</x>
      <y>0.35166666</y>
      <w>0.43304008</w>
      <t>234</t>
    </point>
    <point>
      <x>0.19333333</x>
      <y>0.35333332</y>
      <w>0.43304008</w>
      <t>234</t>
    </point>
    <point>
      <x>0.195</x>
      <y>0.35333332</y>
      <w>0.43304008</w>
      <t>234</t>
    </point>
    <point>
      <x>0.19666667</x>
      <y>0.355</y>
      <w>0.43304008</w>
      <t>235</t>
    </point>
    <point>
      <x>0.19833334</x>
      <y>0.355</y>
      <w>0.43304008</w>
      <t>235</t>
    </point>
    <point>
      <x>0.2</x>
      <y>0.355</y>
      <w>0.44281524</w>
      <t>267</t>
    </point>
    <point>
      <x>0.20166667</x>
      <y>0.355</y>
      <w>0.44281524</w>
      <t>267</t>
    </point>
    <point>
      <x>0.20333333</x>
      <y>0.355</y>
      <w>0.44281524</w>
      <t>267</t>
    </point>
    <point>
      <x>0.205</x>
      <y>0.355</y>
      <w>0.45845553</w>
      <t>300</t>
    </point>
    <point>
      <x>0.20666666</x>
      <y>0.355</y>
      <w>0.45845553</w>
      <t>300</t>
    </point>
    <point>
      <x>0.20833333</x>
      <y>0.355</y>
      <w>0.45845553</w>
      <t>300</t>
    </point>
    <point>
      <x>0.21166667</x>
      <y>0.355</y>
      <w>0.45845553</w>
      <t>300</t>
    </point>
    <point>
      <x>0.21333334</x>
      <y>0.355</y>
      <w>0.45845553</w>
      <t>301</t>
    </point>
    <point>
      <x>0.21666667</x>
      <y>0.355</y>
      <w>0.47311828</w>
      <t>333</t>
    </point>
    <point>
      <x>0.22</x>
      <y>0.355</y>
      <w>0.47311828</w>
      <t>333</t>
    </point>
    <point>
      <x>0.22333333</x>
      <y>0.35333332</y>
      <w>0.47311828</w>
      <t>333</t>
    </point>
    <point>
      <x>0.22666667</x>
      <y>0.35333332</y>
      <w>0.47311828</w>
      <t>333</t>
    </point>
    <point>
      <x>0.23</x>
      <y>0.35166666</y>
      <w>0.47605082</w>
      <t>366</t>
    </point>
    <point>
      <x>0.23333333</x>
      <y>0.35</y>
      <w>0.47605082</w>
      <t>366</t>
    </point>
    <point>
      <x>0.23666666</x>
      <y>0.34833333</y>
      <w>0.47605082</w>
      <t>366</t>
    </point>
    <point>
      <x>0.24166666</x>
      <y>0.34666666</y>
      <w>0.47605082</w>
      <t>367</t>
    </point>
    <point>
      <x>0.24666667</x>
      <y>0.345</y>
      <w>0.47800586</w>
      <t>400</t>
    </point>
    <point>
      <x>0.25166667</x>
      <y>0.34166667</y>
      <w>0.47800586</w>
      <t>400</t>
    </point>
    <point>
      <x>0.25833333</x>
      <y>0.33833334</y>
      <w>0.47800586</w>
      <t>400</t>
    </point>
    <point>
      <x>0.26666668</x>
      <y>0.335</y>
      <w>0.47800586</w>
      <t>400</t>
    </point>
    <point>
      <x>0.27333334</x>
      <y>0.33166668</y>
      <w>0.47800586</w>
      <t>401</t>
    </point>
    <point>
      <x>0.28</x>
      <y>0.32833335</y>
      <w>0.48191592</w>
      <t>433</t>
    </point>
    <point>
      <x>0.285</x>
      <y>0.325</y>
      <w>0.48191592</w>
      <t>433</t>
    </point>
    <point>
      <x>0.29166666</x>
      <y>0.32166666</y>
      <w>0.48191592</w>
      <t>433</t>
    </point>
    <point>
      <x>0.3</x>
      <y>0.31833333</y>
      <w>0.48191592</w>
      <t>434</t>
    </point>
    <point>
      <x>0.30666667</x>
      <y>0.31333333</y>
      <w>0.48191592</w>
      <t>466</t>
    </point>
    <point>
      <x>0.31333333</x>
      <y>0.31</y>
      <w>0.48191592</w>
      <t>466</t>
    </point>
    <point>
      <x>0.32166666</x>
      <y>0.305</y>
      <w>0.48191592</w>
      <t>466</t>
    </point>
    <point>
      <x>0.33</x>
      <y>0.3</y>
      <w>0.48191592</w>
      <t>467</t>
    </point>
    <point>
      <x>0.33833334</x>
      <y>0.295</y>
      <w>0.48191592</w>
      <t>467</t>
    </point>
    <point>
      <x>0.345</x>
      <y>0.29166666</y>
      <w>0.48191592</w>
      <t>499</t>
    </point>
    <point>
      <x>0.35333332</x>
      <y>0.28666666</y>
      <w>0.48191592</w>
      <t>499</t>
    </point>
    <point>
      <x>0.36</x>
      <y>0.28333333</y>
      <w>0.48191592</w>
      <t>499</t>
    </point>
    <point>
      <x>0.365</x>
      <y>0.28</y>
      <w>0.48191592</w>
      <t>499</t>
    </point>
    <point>
      <x>0.37166667</x>
      <y>0.27666667</y>
      <w>0.48191592</w>
      <t>533</t>
    </point>
    <point>
      <x>0.375</x>
      <y>0.275</y>
      <w>0.48191592</w>
      <t>533</t>
    </point>
    <point>
      <x>0.38</x>
      <y>0.27166668</y>
      <w>0.48191592</w>
      <t>533</t>
    </point>
    <point>
      <x>0.385</x>
      <y>0.26833335</y>
      <w>0.48191592</w>
      <t>533</t>
    </point>
    <point>
      <x>0.38833332</x>
      <y>0.26666668</y>
      <w>0.48191592</w>
      <t>534</t>
    </point>
    <point>
      <x>0.39</x>
      <y>0.265</y>
      <w>0.48191592</w>
      <t>566</t>
    </point>
    <point>
      <x>0.39333335</x>
      <y>0.26166666</y>
      <w>0.48191592</w>
      <t>566</t>
    </point>
    <point>
      <x>0.395</x>
      <y>0.26</y>
      <w>0.48191592</w>
      <t>566</t>
    </point>
    <point>
      <x>0.39666668</x>
      <y>0.25833333</y>
      <w>0.48191592</w>
      <t>566</t>
    </point>
    <point>
      <x>0.39833334</x>
      <y>0.25833333</y>
      <w>0.48191592</w>
      <t>600</t>
    </point>
    <point>
      <x>0.4</x>
      <y>0.25666666</y>
      <w>0.48191592</w>
      <t>600</t>
    </point>
    <point>
      <x>0.4</x>
      <y>0.255</y>
      <w>0.4809384</w>
      <t>634</t>
    </point>
    <point>
      <x>0.4</x>
      <y>0.25333333</y>
      <w>0.4809384</w>
      <t>634</t>
    </point>
    <point>
      <x>0.4</x>
      <y>0.25166667</y>
      <w>0.44868034</w>
      <t>667</t>
    </point>
    <point>
      <x>0.39833334</x>
      <y>0.25</y>
      <w>0.44868034</w>
      <t>667</t>
    </point>
    <point>
      <x>0.39833334</x>
      <y>0.24833333</y>
      <w>0.44868034</w>
      <t>667</t>
    </point>
    <point>
      <x>0.39666668</x>
      <y>0.24666667</y>
      <w>0.37634408</w>
      <t>700</t>
    </point>
    <point>
      <x>0.395</x>
      <y>0.24333334</y>
      <w>0.37634408</w>
      <t>700</t>
    </point>
    <point>
      <x>0.395</x>
      <y>0.24166666</y>
      <w>0.37634408</w>
      <t>700</t>
    </point>
    <point>
      <x>0.39333335</x>
      <y>0.24</y>
      <w>0.37634408</w>
      <t>700</t>
    </point>
    <point>
      <x>0.39166668</x>
      <y>0.23833333</y>
      <w>0.37634408</w>
      <t>701</t>
    </point>
    <point>
      <x>0.39</x>
      <y>0.23666666</y>
      <w>0.2922776</w>
      <t>733</t>
    </point>
    <point>
      <x>0.39</x>
      <y>0.235</y>
      <w>0.2922776</w>
      <t>733</t>
    </point>
    <point>
      <x>0.38833332</x>
      <y>0.23166667</y>
      <w>0.2922776</w>
      <t>733</t>
    </point>
    <point>
      <x>0.38666666</x>
      <y>0.23</y>
      <w>0.2922776</w>
      <t>733</t>
    </point>
    <point>
      <x>0.385</x>
      <y>0.22666667</y>
      <w>0.23851417</w>
      <t>767</t>
    </point>
    <point>
      <x>0.38333333</x>
      <y>0.22333333</y>
      <w>0.23851417</w>
      <t>767</t>
    </point>
    <point>
      <x>0.38166666</x>
      <y>0.22</y>
      <w>0.23851417</w>
      <t>767</t>
    </point>
    <point>
      <x>0.38</x>
      <y>0.21833333</y>
      <w>0.23851417</w>
      <t>767</t>
    </point>
    <point>
      <x>0.37833333</x>
      <y>0.215</y>
      <w>0.23851417</w>
      <t>769</t>
    </point>
    <point>
      <x>0.375</x>
      <y>0.21333334</y>
      <w>0.1710655</w>
      <t>800</t>
    </point>
    <point>
      <x>0.37333333</x>
      <y>0.21</y>
      <w>0.1710655</w>
      <t>800</t>
    </point>
    <point>
      <x>0.37166667</x>
      <y>0.20666666</y>
      <w>0.1710655</w>
      <t>800</t>
    </point>
    <point>
      <x>0.37</x>
      <y>0.205</y>
      <w>0.1710655</w>
      <t>800</t>
    </point>
    <point>
      <x>0.36833334</x>
      <y>0.20166667</y>
      <w>0.12903225</w>
      <t>834</t>
    </point>
    <point>
      <x>0.36666667</x>
      <y>0.2</y>
      <w>0.12903225</w>
      <t>834</t>
    </point>
    <point>
      <x>0.365</x>
      <y>0.19666667</y>
      <w>0.12903225</w>
      <t>834</t>
    </point>
    <point>
      <x>0.36333334</x>
      <y>0.195</y>
      <w>0.12903225</w>
      <t>834</t>
    </point>
    <point>
      <x>0.36166668</x>
      <y>0.19333333</y>
      <w>0.12903225</w>
      <t>835</t>
    </point>
    <point>
      <x>0.35833332</x>
      <y>0.19166666</y>
      <w>0.08308896</w>
      <t>867</t>
    </point>
    <point>
      <x>0.35666665</x>
      <y>0.19166666</y>
      <w>0.08308896</w>
      <t>867</t>
    </point>
    <point>
      <x>0.355</x>
      <y>0.19166666</y>
      <w>0.08308896</w>
      <t>867</t>
    </point>
    <point>
      <x>0.35333332</x>
      <y>0.19166666</y>
      <w>0.08308896</w>
      <t>867</t>
    </point>
    <point>
      <x>0.35166666</x>
      <y>0.19166666</y>
      <w>0.027370479</w>
      <t>900</t>
    </point>
    <point>
      <x>0.35</x>
      <y>0.19166666</y>
      <w>0.027370479</w>
      <t>900</t>
    </point>
    <point>
      <x>0.34833333</x>
      <y>0.19166666</y>
      <w>0.027370479</w>
      <t>900</t>
    </point>
    <point>
      <x>0.34666666</x>
      <y>0.19166666</y>
      <w>0.027370479</w>
      <t>900</t>
    </point>
    <point>
      <x>0.345</x>
      <y>0.19166666</y>
      <w>0.02346041</w>
      <t>933</t>
    </point>
    <point>
      <x>0.34333333</x>
      <y>0.19166666</y>
      <w>0.02346041</w>
      <t>933</t>
    </point>
    <point>
      <x>0.34166667</x>
      <y>0.19166666</y>
      <w>0.02346041</w>
      <t>933</t>
    </point>
    <point>
      <x>0.34</x>
      <y>0.19333333</y>
      <w>0.02346041</w>
      <t>933</t>
    </point>
    <point>
      <x>0.33833334</x>
      <y>0.19333333</y>
      <w>0.0342131</w>
      <t>967</t>
    </point>
    <point>
      <x>0.33666667</x>
      <y>0.19333333</y>
      <w>0.0342131</w>
      <t>967</t>
    </point>
    <point>
      <x>0.33666667</x>
      <y>0.195</y>
      <w>0.0342131</w>
      <t>967</t>
    </point>
    <point>
      <x>0.335</x>
      <y>0.195</y>
      <w>0.086021505</w>
      <t>1000</t>
    </point>
    <point>
      <x>0.33333334</x>
      <y>0.19666667</y>
      <w>0.086021505</w>
      <t>1000</t>
    </point>
    <point>
      <x>0.33166668</x>
      <y>0.19833334</y>
      <w>0.097751714</w>
      <t>1034</t>
    </point>
    <point>
      <x>0.33</x>
      <y>0.19833334</y>
      <w>0.097751714</w>
      <t>1034</t>
    </point>
    <point>
      <x>0.33</x>
      <y>0.2</y>
      <w>0.097751714</w>
      <t>1034</t>
    </point>
    <point>
      <x>0.33</x>
      <y>0.20166667</y>
      <w>0.15347019</w>
      <t>1067</t>
    </point>
    <point>
      <x>0.32833335</x>
      <y>0.20333333</y>
      <w>0.15347019</w>
      <t>1067</t>
    </point>
    <point>
      <x>0.32833335</x>
      <y>0.205</y>
      <w>0.15347019</w>
      <t>1067</t>
    </point>
    <point>
      <x>0.32833335</x>
      <y>0.20666666</y>
      <w>0.19843598</w>
      <t>1100</t>
    </point>
    <point>
      <x>0.32833335</x>
      <y>0.20833333</y>
      <w>0.19843598</w>
      <t>1100</t>
    </point>
    <point>
      <x>0.32833335</x>
      <y>0.21</y>
      <w>0.19843598</w>
      <t>1100</t>
    </point>
    <point>
      <x>0.32666665</x>
      <y>0.21166667</y>
      <w>0.2629521</w>
      <t>1134</t>
    </point>
    <point>
      <x>0.32666665</x>
      <y>0.21333334</y>
      <w>0.2629521</w>
      <t>1134</t>
    </point>
    <point>
      <x>0.32666665</x>
      <y>0.215</y>
      <w>0.2629521</w>
      <t>1134</t>
    </point>
    <point>
      <x>0.325</x>
      <y>0.21833333</y>
      <w>0.2629521</w>
      <t>1134</t>
    </point>
    <point>
      <x>0.325</x>
      <y>0.22</y>
      <w>0.2629521</w>
      <t>1134</t>
    </point>
    <point>
      <x>0.325</x>
      <y>0.22333333</y>
      <w>0.34604105</w>
      <t>1167</t>
    </point>
    <point>
      <x>0.325</x>
      <y>0.225</y>
      <w>0.34604105</w>
      <t>1167</t>
    </point>
    <point>
      <x>0.325</x>
      <y>0.22833334</y>
      <w>0.34604105</w>
      <t>1167</t>
    </point>
    <point>
      <x>0.32333332</x>
      <y>0.23166667</y>
      <w>0.34604105</w>
      <t>1167</t>
    </point>
    <point>
      <x>0.32333332</x>
      <y>0.23333333</y>
      <w>0.39589444</w>
      <t>1200</t>
    </point>
    <point>
      <x>0.32333332</x>
      <y>0.23666666</y>
      <w>0.39589444</w>
      <t>1200</t>
    </point>
    <point>
      <x>0.32333332</x>
      <y>0.24</y>
      <w>0.39589444</w>
      <t>1200</t>
    </point>
    <point>
      <x>0.32333332</x>
      <y>0.24333334</y>
      <w>0.39589444</w>
      <t>1200</t>
    </point>
    <point>
      <x>0.32333332</x>
      <y>0.24666667</y>
      <w>0.39589444</w>
      <t>1201</t>
    </point>
    <point>
      <x>0.32333332</x>
      <y>0.25</y>
      <w>0.44281524</w>
      <t>1233</t>
    </point>
    <point>
      <x>0.32333332</x>
      <y>0.25333333</y>
      <w>0.44281524</w>
      <t>1233</t>
    </point>
    <point>
      <x>0.32333332</x>
      <y>0.25833333</y>
      <w>0.44281524</w>
      <t>1233</t>
    </point>
    <point>
      <x>0.32333332</x>
      <y>0.26166666</y>
      <w>0.44281524</w>
      <t>1234</t>
    </point>
    <point>
      <x>0.32333332</x>
      <y>0.26666668</y>
      <w>0.48191592</w>
      <t>1266</t>
    </point>
    <point>
      <x>0.32333332</x>
      <y>0.27</y>
      <w>0.48191592</w>
      <t>1266</t>
    </point>
    <point>
      <x>0.32333332</x>
      <y>0.275</y>
      <w>0.48191592</w>
      <t>1266</t>
    </point>
    <point>
      <x>0.32333332</x>
      <y>0.27833334</y>
      <w>0.48191592</w>
      <t>1266</t>
    </point>
    <point>
      <x>0.32333332</x>
      <y>0.28333333</y>
      <w>0.51221895</w>
      <t>1300</t>
    </point>
    <point>
      <x>0.32333332</x>
      <y>0.28833333</y>
      <w>0.51221895</w>
      <t>1300</t>
    </point>
    <point>
      <x>0.32333332</x>
      <y>0.29333332</y>
      <w>0.51221895</w>
      <t>1300</t>
    </point>
    <point>
      <x>0.32333332</x>
      <y>0.29833335</y>
      <w>0.51221895</w>
      <t>1300</t>
    </point>
    <point>
      <x>0.32333332</x>
      <y>0.30333334</y>
      <w>0.51221895</w>
      <t>1300</t>
    </point>
    <point>
      <x>0.32333332</x>
      <y>0.30833334</y>
      <w>0.56304985</w>
      <t>1333</t>
    </point>
    <point>
      <x>0.32333332</x>
      <y>0.315</y>
      <w>0.56304985</w>
      <t>1333</t>
    </point>
    <point>
      <x>0.32333332</x>
      <y>0.32</y>
      <w>0.56304985</w>
      <t>1333</t>
    </point>
    <point>
      <x>0.32333332</x>
      <y>0.325</y>
      <w>0.56304985</w>
      <t>1333</t>
    </point>
    <point>
      <x>0.32333332</x>
      <y>0.33166668</y>
      <w>0.58748776</w>
      <t>1367</t>
    </point>
    <point>
      <x>0.32333332</x>
      <y>0.33833334</y>
      <w>0.58748776</w>
      <t>1367</t>
    </point>
    <point>
      <x>0.32333332</x>
      <y>0.345</y>
      <w>0.58748776</w>
      <t>1367</t>
    </point>
    <point>
      <x>0.32333332</x>
      <y>0.35166666</y>
      <w>0.58748776</w>
      <t>1367</t>
    </point>
    <point>
      <x>0.32166666</x>
      <y>0.35833332</y>
      <w>0.58748776</w>
      <t>1367</t>
    </point>
    <point>
      <x>0.32166666</x>
      <y>0.36666667</y>
      <w>0.6060606</w>
      <t>1400</t>
    </point>
    <point>
      <x>0.32166666</x>
      <y>0.37333333</y>
      <w>0.6060606</w>
      <t>1400</t>
    </point>
    <point>
      <x>0.32166666</x>
      <y>0.38166666</y>
      <w>0.6060606</w>
      <t>1400</t>
    </point>
    <point>
      <x>0.32166666</x>
      <y>0.39</y>
      <w>0.6060606</w>
      <t>1400</t>
    </point>
    <point>
      <x>0.32166666</x>
      <y>0.39833334</y>
      <w>0.62561095</w>
      <t>1434</t>
    </point>
    <point>
      <x>0.32166666</x>
      <y>0.40833333</y>
      <w>0.62561095</w>
      <t>1434</t>
    </point>
    <point>
      <x>0.32166666</x>
      <y>0.41666666</y>
      <w>0.62561095</w>
      <t>1434</t>
    </point>
    <point>
      <x>0.32166666</x>
      <y>0.42666668</y>
      <w>0.62561095</w>
      <t>1434</t>
    </point>
    <point>
      <x>0.32166666</x>
      <y>0.43666667</y>
      <w>0.62561095</w>
      <t>1434</t>
    </point>
    <point>
      <x>0.32166666</x>
      <y>0.44666666</y>
      <w>0.6461388</w>
      <t>1467</t>
    </point>
    <point>
      <x>0.32166666</x>
      <y>0.45666668</y>
      <w>0.6461388</w>
      <t>1467</t>
    </point>
    <point>
      <x>0.32166666</x>
      <y>0.465</y>
      <w>0.6461388</w>
      <t>1467</t>
    </point>
    <point>
      <x>0.32166666</x>
      <y>0.475</y>
      <w>0.6461388</w>
      <t>1467</t>
    </point>
    <point>
      <x>0.32166666</x>
      <y>0.485</y>
      <w>0.6539589</w>
      <t>1500</t>
    </point>
    <point>
      <x>0.32166666</x>
      <y>0.495</y>
      <w>0.6539589</w>
      <t>1500</t>
    </point>
    <point>
      <x>0.32166666</x>
      <y>0.505</y>
      <w>0.6539589</w>
      <t>1500</t>
    </point>
    <point>
      <x>0.32166666</x>
      <y>0.51666665</y>
      <w>0.6539589</w>
      <t>1500</t>
    </point>
    <point>
      <x>0.32</x>
      <y>0.52666664</y>
      <w>0.6598241</w>
      <t>1533</t>
    </point>
    <point>
      <x>0.32</x>
      <y>0.5366667</y>
      <w>0.6598241</w>
      <t>1533</t>
    </point>
    <point>
      <x>0.32</x>
      <y>0.5466667</y>
      <w>0.6598241</w>
      <t>1533</t>
    </point>
    <point>
      <x>0.32</x>
      <y>0.555</y>
      <w>0.6598241</w>
      <t>1533</t>
    </point>
    <point>
      <x>0.32</x>
      <y>0.56333333</y>
      <w>0.6598241</w>
      <t>1533</t>
    </point>
    <point>
      <x>0.32</x>
      <y>0.57166666</y>
      <w>0.66471165</w>
      <t>1566</t>
    </point>
    <point>
      <x>0.32</x>
      <y>0.5783333</y>
      <w>0.66471165</w>
      <t>1566</t>
    </point>
    <point>
      <x>0.32</x>
      <y>0.58666664</y>
      <w>0.66471165</w>
      <t>1566</t>
    </point>
    <point>
      <x>0.32</x>
      <y>0.595</y>
      <w>0.66471165</w>
      <t>1566</t>
    </point>
    <point>
      <x>0.32</x>
      <y>0.60333335</y>
      <w>0.67155427</w>
      <t>1600</t>
    </point>
    <point>
      <x>0.32</x>
      <y>0.6116667</y>
      <w>0.67155427</w>
      <t>1600</t>
    </point>
    <point>
      <x>0.32</x>
      <y>0.62</y>
      <w>0.67155427</w>
      <t>1600</t>
    </point>
    <point>
      <x>0.32</x>
      <y>0.62833333</y>
      <w>0.67155427</w>
      <t>1600</t>
    </point>
    <point>
      <x>0.32</x>
      <y>0.635</y>
      <w>0.67155427</w>
      <t>1600</t>
    </point>
    <point>
      <x>0.32</x>
      <y>0.64166665</y>
      <w>0.67741936</w>
      <t>1633</t>
    </point>
    <point>
      <x>0.32</x>
      <y>0.64666665</y>
      <w>0.67741936</w>
      <t>1633</t>
    </point>
    <point>
      <x>0.32</x>
      <y>0.65</y>
      <w>0.67741936</w>
      <t>1633</t>
    </point>
    <point>
      <x>0.32</x>
      <y>0.6533333</y>
      <w>0.67741936</w>
      <t>1633</t>
    </point>
    <point>
      <x>0.32</x>
      <y>0.6566667</y>
      <w>0.67741936</w>
      <t>1667</t>
    </point>
    <point>
      <x>0.32</x>
      <y>0.66</y>
      <w>0.67741936</w>
      <t>1667</t>
    </point>
    <point>
      <x>0.32</x>
      <y>0.665</y>
      <w>0.67741936</w>
      <t>1667</t>
    </point>
    <point>
      <x>0.32</x>
      <y>0.67</y>
      <w>0.67741936</w>
      <t>1667</t>
    </point>
    <point>
      <x>0.32</x>
      <y>0.675</y>
      <w>0.67741936</w>
      <t>1667</t>
    </point>
    <point>
      <x>0.32</x>
      <y>0.68</y>
      <w>0.67741936</w>
      <t>1700</t>
    </point>
    <point>
      <x>0.32166666</x>
      <y>0.685</y>
      <w>0.67741936</w>
      <t>1700</t>
    </point>
    <point>
      <x>0.32166666</x>
      <y>0.69</y>
      <w>0.67741936</w>
      <t>1700</t>
    </point>
    <point>
      <x>0.32166666</x>
      <y>0.6933333</y>
      <w>0.67741936</w>
      <t>1700</t>
    </point>
    <point>
      <x>0.32166666</x>
      <y>0.6983333</y>
      <w>0.6744868</w>
      <t>1734</t>
    </point>
    <point>
      <x>0.32166666</x>
      <y>0.70166665</y>
      <w>0.6744868</w>
      <t>1734</t>
    </point>
    <point>
      <x>0.32166666</x>
      <y>0.705</y>
      <w>0.6744868</w>
      <t>1734</t>
    </point>
    <point>
      <x>0.32166666</x>
      <y>0.70666665</y>
      <w>0.6744868</w>
      <t>1734</t>
    </point>
    <point>
      <x>0.32166666</x>
      <y>0.71</y>
      <w>0.6744868</w>
      <t>1734</t>
    </point>
    <point>
      <x>0.32166666</x>
      <y>0.71166664</y>
      <w>0.6735093</w>
      <t>1767</t>
    </point>
    <point>
      <x>0.32166666</x>
      <y>0.715</y>
      <w>0.6735093</w>
      <t>1767</t>
    </point>
    <point>
      <x>0.32166666</x>
      <y>0.7183333</y>
      <w>0.6735093</w>
      <t>1767</t>
    </point>
    <point>
      <x>0.32166666</x>
      <y>0.72</y>
      <w>0.6735093</w>
      <t>1767</t>
    </point>
    <point>
      <x>0.32166666</x>
      <y>0.72333336</y>
      <w>0.67057675</w>
      <t>1800</t>
    </point>
    <point>
      <x>0.32166666</x>
      <y>0.725</y>
      <w>0.67057675</w>
      <t>1800</t>
    </point>
    <point>
      <x>0.32166666</x>
      <y>0.7266667</y>
      <w>0.67057675</w>
      <t>1800</t>
    </point>
    <point>
      <x>0.32166666</x>
      <y>0.73</y>
      <w>0.67057675</w>
      <t>1800</t>
    </point>
    <point>
      <x>0.32166666</x>
      <y>0.7316667</y>
      <w>0.66959924</w>
      <t>1833</t>
    </point>
    <point>
      <x>0.32166666</x>
      <y>0.73333335</y>
      <w>0.66959924</w>
      <t>1833</t>
    </point>
    <point>
      <x>0.32166666</x>
      <y>0.735</y>
      <w>0.66959924</w>
      <t>1833</t>
    </point>
    <point>
      <x>0.32166666</x>
      <y>0.7366667</y>
      <w>0.6568915</w>
      <t>1867</t>
    </point>
    <point>
      <x>0.32166666</x>
      <y>0.73833334</y>
      <w>0.65493643</w>
      <t>1900</t>
    </point>
    <point>
      <x>0.32</x>
      <y>0.7366667</y>
      <w>0.59530795</w>
      <t>2000</t>
    </point>
    <point>
      <x>0.31833333</x>
      <y>0.7366667</y>
      <w>0.53763443</w>
      <t>2033</t>
    </point>
    <point>
      <x>0.315</x>
      <y>0.735</y>
      <w>0.53763443</w>
      <t>2033</t>
    </point>
    <point>
      <x>0.31166667</x>
      <y>0.735</y>
      <w>0.53763443</w>
      <t>2033</t>
    </point>
    <point>
      <x>0.30833334</x>
      <y>0.73333335</y>
      <w>0.53763443</w>
      <t>2033</t>
    </point>
    <point>
      <x>0.305</x>
      <y>0.7316667</y>
      <w>0.53763443</w>
      <t>2033</t>
    </point>
    <point>
      <x>0.3</x>
      <y>0.7316667</y>
      <w>0.51124144</w>
      <t>2067</t>
    </point>
    <point>
      <x>0.29666665</x>
      <y>0.73</y>
      <w>0.51124144</w>
      <t>2067</t>
    </point>
    <point>
      <x>0.29166666</x>
      <y>0.72833335</y>
      <w>0.51124144</w>
      <t>2067</t>
    </point>
    <point>
      <x>0.28666666</x>
      <y>0.7266667</y>
      <w>0.51124144</w>
      <t>2067</t>
    </point>
    <point>
      <x>0.28333333</x>
      <y>0.725</y>
      <w>0.4809384</w>
      <t>2100</t>
    </point>
    <point>
      <x>0.27833334</x>
      <y>0.72333336</y>
      <w>0.4809384</w>
      <t>2100</t>
    </point>
    <point>
      <x>0.275</x>
      <y>0.7216667</y>
      <w>0.4809384</w>
      <t>2100</t>
    </point>
    <point>
      <x>0.27</x>
      <y>0.72</y>
      <w>0.4809384</w>
      <t>2100</t>
    </point>
    <point>
      <x>0.26666668</x>
      <y>0.7183333</y>
      <w>0.43792766</w>
      <t>2133</t>
    </point>
    <point>
      <x>0.26333332</x>
      <y>0.71666664</y>
      <w>0.43792766</w>
      <t>2133</t>
    </point>
    <point>
      <x>0.25833333</x>
      <y>0.7133333</y>
      <w>0.43792766</w>
      <t>2133</t>
    </point>
    <point>
      <x>0.255</x>
      <y>0.71166664</y>
      <w>0.43792766</w>
      <t>2133</t>
    </point>
    <point>
      <x>0.25</x>
      <y>0.7083333</y>
      <w>0.43792766</w>
      <t>2133</t>
    </point>
    <point>
      <x>0.24666667</x>
      <y>0.70666665</y>
      <w>0.3998045</w>
      <t>2167</t>
    </point>
    <point>
      <x>0.24333334</x>
      <y>0.705</y>
      <w>0.3998045</w>
      <t>2167</t>
    </point>
    <point>
      <x>0.24</x>
      <y>0.70166665</y>
      <w>0.3998045</w>
      <t>2167</t>
    </point>
    <point>
      <x>0.23666666</x>
      <y>0.7</y>
      <w>0.3998045</w>
      <t>2167</t>
    </point>
    <point>
      <x>0.23333333</x>
      <y>0.6983333</y>
      <w>0.3597263</w>
      <t>2200</t>
    </point>
    <point>
      <x>0.22833334</x>
      <y>0.695</y>
      <w>0.3597263</w>
      <t>2200</t>
    </point>
    <point>
      <x>0.225</x>
      <y>0.6933333</y>
      <w>0.3597263</w>
      <t>2200</t>
    </point>
    <point>
      <x>0.22</x>
      <y>0.69166666</y>
      <w>0.3597263</w>
      <t>2200</t>
    </point>
    <point>
      <x>0.21666667</x>
      <y>0.69</y>
      <w>0.3597263</w>
      <t>2200</t>
    </point>
    <point>
      <x>0.21166667</x>
      <y>0.68666667</y>
      <w>0.2629521</w>
      <t>2234</t>
    </point>
    <point>
      <x>0.20666666</x>
      <y>0.685</y>
      <w>0.2629521</w>
      <t>2234</t>
    </point>
    <point>
      <x>0.20333333</x>
      <y>0.68333334</y>
      <w>0.2629521</w>
      <t>2234</t>
    </point>
    <point>
      <x>0.19833334</x>
      <y>0.6816667</y>
      <w>0.2629521</w>
      <t>2234</t>
    </point>
    <point>
      <x>0.195</x>
      <y>0.68</y>
      <w>0.16226783</w>
      <t>2267</t>
    </point>
    <point>
      <x>0.19166666</x>
      <y>0.67833334</y>
      <w>0.16226783</w>
      <t>2267</t>
    </point>
    <point>
      <x>0.18833333</x>
      <y>0.6766667</y>
      <w>0.16226783</w>
      <t>2267</t>
    </point>
    <point>
      <x>0.18666667</x>
      <y>0.675</y>
      <w>0.16226783</w>
      <t>2267</t>
    </point>
    <point>
      <x>0.18333334</x>
      <y>0.67333335</y>
      <w>0.16226783</w>
      <t>2267</t>
    </point>
    <point>
      <x>0.18166667</x>
      <y>0.6716667</y>
      <w>0.16129032</w>
      <t>2300</t>
    </point>
    <point>
      <x>0.18</x>
      <y>0.67</y>
      <w>0.16129032</w>
      <t>2300</t>
    </point>
    <point>
      <x>0.17833333</x>
      <y>0.66833335</y>
      <w>0.16129032</w>
      <t>2300</t>
    </point>
    <point>
      <x>0.17666666</x>
      <y>0.6666667</y>
      <w>0.16129032</w>
      <t>2300</t>
    </point>
    <point>
      <x>0.17666666</x>
      <y>0.665</y>
      <w>0.1427175</w>
      <t>2334</t>
    </point>
    <point>
      <x>0.17666666</x>
      <y>0.66333336</y>
      <w>0.1427175</w>
      <t>2334</t>
    </point>
    <point>
      <x>0.17666666</x>
      <y>0.6616667</y>
      <w>0.1427175</w>
      <t>2334</t>
    </point>
    <point>
      <x>0.17666666</x>
      <y>0.65833336</y>
      <w>0.1427175</w>
      <t>2334</t>
    </point>
    <point>
      <x>0.17666666</x>
      <y>0.655</y>
      <w>0.1427175</w>
      <t>2334</t>
    </point>
    <point>
      <x>0.17666666</x>
      <y>0.6533333</y>
      <w>0.14076246</w>
      <t>2367</t>
    </point>
    <point>
      <x>0.17666666</x>
      <y>0.65</y>
      <w>0.14076246</w>
      <t>2367</t>
    </point>
    <point>
      <x>0.17666666</x>
      <y>0.64666665</y>
      <w>0.14076246</w>
      <t>2367</t>
    </point>
    <point>
      <x>0.17666666</x>
      <y>0.6433333</y>
      <w>0.14076246</w>
      <t>2367</t>
    </point>
    <point>
      <x>0.17833333</x>
      <y>0.64</y>
      <w>0.14173998</w>
      <t>2400</t>
    </point>
    <point>
      <x>0.18</x>
      <y>0.63666666</y>
      <w>0.14173998</w>
      <t>2400</t>
    </point>
    <point>
      <x>0.18166667</x>
      <y>0.63166666</y>
      <w>0.14173998</w>
      <t>2400</t>
    </point>
    <point>
      <x>0.185</x>
      <y>0.62666667</y>
      <w>0.14173998</w>
      <t>2400</t>
    </point>
    <point>
      <x>0.18833333</x>
      <y>0.62166667</y>
      <w>0.14173998</w>
      <t>2400</t>
    </point>
    <point>
      <x>0.19166666</x>
      <y>0.615</y>
      <w>0.1368524</w>
      <t>2433</t>
    </point>
    <point>
      <x>0.19666667</x>
      <y>0.60833335</y>
      <w>0.1368524</w>
      <t>2433</t>
    </point>
    <point>
      <x>0.20166667</x>
      <y>0.6</y>
      <w>0.1368524</w>
      <t>2433</t>
    </point>
    <point>
      <x>0.20666666</x>
      <y>0.5933333</y>
      <w>0.1368524</w>
      <t>2433</t>
    </point>
    <point>
      <x>0.21166667</x>
      <y>0.58666664</y>
      <w>0.15933529</w>
      <t>2466</t>
    </point>
    <point>
      <x>0.21666667</x>
      <y>0.5783333</y>
      <w>0.15933529</w>
      <t>2466</t>
    </point>
    <point>
      <x>0.22333333</x>
      <y>0.57</y>
      <w>0.15933529</w>
      <t>2466</t>
    </point>
    <point>
      <x>0.22833334</x>
      <y>0.56333333</y>
      <w>0.15933529</w>
      <t>2466</t>
    </point>
    <point>
      <x>0.235</x>
      <y>0.555</y>
      <w>0.15835777</w>
      <t>2500</t>
    </point>
    <point>
      <x>0.24</x>
      <y>0.5466667</y>
      <w>0.15835777</w>
      <t>2500</t>
    </point>
    <point>
      <x>0.245</x>
      <y>0.53833336</y>
      <w>0.15835777</w>
      <t>2500</t>
    </point>
    <point>
      <x>0.25166667</x>
      <y>0.5316667</y>
      <w>0.15835777</w>
      <t>2500</t>
    </point>
    <point>
      <x>0.25666666</x>
      <y>0.5233333</y>
      <w>0.15835777</w>
      <t>2500</t>
    </point>
    <point>
      <x>0.26333332</x>
      <y>0.515</y>
      <w>0.14173998</w>
      <t>2534</t>
    </point>
    <point>
      <x>0.26833335</x>
      <y>0.50666666</y>
      <w>0.14173998</w>
      <t>2534</t>
    </point>
    <point>
      <x>0.275</x>
      <y>0.49833333</y>
      <w>0.14173998</w>
      <t>2534</t>
    </point>
    <point>
      <x>0.28333333</x>
      <y>0.48833334</y>
      <w>0.14173998</w>
      <t>2534</t>
    </point>
    <point>
      <x>0.29</x>
      <y>0.48</y>
      <w>0.09970675</w>
      <t>2567</t>
    </point>
    <point>
      <x>0.29666665</x>
      <y>0.47</y>
      <w>0.09970675</w>
      <t>2567</t>
    </point>
    <point>
      <x>0.305</x>
      <y>0.46166667</y>
      <w>0.09970675</w>
      <t>2567</t>
    </point>
    <point>
      <x>0.31166667</x>
      <y>0.45333335</y>
      <w>0.09970675</w>
      <t>2567</t>
    </point>
    <point>
      <x>0.31833333</x>
      <y>0.445</y>
      <w>0.09970675</w>
      <t>2567</t>
    </point>
    <point>
      <x>0.325</x>
      <y>0.43833333</y>
      <w>0.08699902</w>
      <t>2600</t>
    </point>
    <point>
      <x>0.33333334</x>
      <y>0.43</y>
      <w>0.08699902</w>
      <t>2600</t>
    </point>
    <point>
      <x>0.34</x>
      <y>0.42333335</y>
      <w>0.08699902</w>
      <t>2600</t>
    </point>
    <point>
      <x>0.34833333</x>
      <y>0.415</y>
      <w>0.08699902</w>
      <t>2600</t>
    </point>
    <point>
      <x>0.355</x>
      <y>0.40666667</y>
      <w>0.04105572</w>
      <t>2634</t>
    </point>
    <point>
      <x>0.36166668</x>
      <y>0.39833334</y>
      <w>0.04105572</w>
      <t>2634</t>
    </point>
    <point>
      <x>0.36833334</x>
      <y>0.38833332</y>
      <w>0.04105572</w>
      <t>2634</t>
    </point>
    <point>
      <x>0.37666667</x>
      <y>0.38</y>
      <w>0.04105572</w>
      <t>2634</t>
    </point>
  </stroke>
  <stroke time="2733">
    <point>
      <x>0.49833333</x>
      <y>0.25333333</y>
      <w>0.0</w>
      <t>2733</t>
    </point>
    <point>
      <x>0.50666666</x>
      <y>0.24333334</y>
      <w>9.775171E-4</w>
      <t>2766</t>
    </point>
    <point>
      <x>0.51666665</x>
      <y>0.235</y>
      <w>9.775171E-4</w>
      <t>2766</t>
    </point>
    <point>
      <x>0.525</x>
      <y>0.22666667</y>
      <w>9.775171E-4</w>
      <t>2766</t>
    </point>
    <point>
      <x>0.53333336</x>
      <y>0.22</y>
      <w>9.775171E-4</w>
      <t>2766</t>
    </point>
    <point>
      <x>0.54</x>
      <y>0.21333334</y>
      <w>0.038123168</w>
      <t>2800</t>
    </point>
    <point>
      <x>0.54833335</x>
      <y>0.20833333</y>
      <w>0.038123168</w>
      <t>2800</t>
    </point>
    <point>
      <x>0.555</x>
      <y>0.20333333</y>
      <w>0.038123168</w>
      <t>2800</t>
    </point>
    <point>
      <x>0.56166667</x>
      <y>0.19666667</y>
      <w>0.038123168</w>
      <t>2800</t>
    </point>
    <point>
      <x>0.5683333</x>
      <y>0.19333333</y>
      <w>0.038123168</w>
      <t>2800</t>
    </point>
    <point>
      <x>0.575</x>
      <y>0.18833333</y>
      <w>0.102639295</w>
      <t>2834</t>
    </point>
    <point>
      <x>0.5833333</x>
      <y>0.18333334</y>
      <w>0.102639295</w>
      <t>2834</t>
    </point>
    <point>
      <x>0.59</x>
      <y>0.18</y>
      <w>0.102639295</w>
      <t>2834</t>
    </point>
    <point>
      <x>0.5966667</x>
      <y>0.17666666</y>
      <w>0.102639295</w>
      <t>2834</t>
    </point>
    <point>
      <x>0.6016667</x>
      <y>0.17333333</y>
      <w>0.114369504</w>
      <t>2867</t>
    </point>
    <point>
      <x>0.6066667</x>
      <y>0.17166667</y>
      <w>0.114369504</w>
      <t>2867</t>
    </point>
    <point>
      <x>0.61</x>
      <y>0.17</y>
      <w>0.114369504</w>
      <t>2867</t>
    </point>
    <point>
      <x>0.61333334</x>
      <y>0.16833334</y>
      <w>0.114369504</w>
      <t>2867</t>
    </point>
    <point>
      <x>0.615</x>
      <y>0.16833334</y>
      <w>0.114369504</w>
      <t>2867</t>
    </point>
    <point>
      <x>0.6166667</x>
      <y>0.16833334</y>
      <w>0.1544477</w>
      <t>2933</t>
    </point>
    <point>
      <x>0.6166667</x>
      <y>0.17</y>
      <w>0.1544477</w>
      <t>2933</t>
    </point>
    <point>
      <x>0.61833334</x>
      <y>0.17</y>
      <w>0.1544477</w>
      <t>2933</t>
    </point>
    <point>
      <x>0.62</x>
      <y>0.17166667</y>
      <w>0.1652004</w>
      <t>2967</t>
    </point>
    <point>
      <x>0.62166667</x>
      <y>0.17333333</y>
      <w>0.1652004</w>
      <t>2967</t>
    </point>
    <point>
      <x>0.62333333</x>
      <y>0.17333333</y>
      <w>0.1652004</w>
      <t>2967</t>
    </point>
    <point>
      <x>0.625</x>
      <y>0.175</y>
      <w>0.21016617</w>
      <t>3000</t>
    </point>
    <point>
      <x>0.625</x>
      <y>0.17666666</y>
      <w>0.3020528</w>
      <t>3033</t>
    </point>
    <point>
      <x>0.625</x>
      <y>0.17833333</y>
      <w>0.3020528</w>
      <t>3033</t>
    </point>
    <point>
      <x>0.625</x>
      <y>0.18</y>
      <w>0.3020528</w>
      <t>3033</t>
    </point>
    <point>
      <x>0.625</x>
      <y>0.18166667</y>
      <w>0.36950147</w>
      <t>3067</t>
    </point>
    <point>
      <x>0.625</x>
      <y>0.18333334</y>
      <w>0.36950147</w>
      <t>3067</t>
    </point>
    <point>
      <x>0.62333333</x>
      <y>0.185</y>
      <w>0.36950147</w>
      <t>3067</t>
    </point>
    <point>
      <x>0.62333333</x>
      <y>0.18833333</y>
      <w>0.39784947</w>
      <t>3100</t>
    </point>
    <point>
      <x>0.62166667</x>
      <y>0.19166666</y>
      <w>0.39784947</w>
      <t>3100</t>
    </point>
    <point>
      <x>0.62</x>
      <y>0.195</y>
      <w>0.39784947</w>
      <t>3100</t>
    </point>
    <point>
      <x>0.61833334</x>
      <y>0.2</y>
      <w>0.39784947</w>
      <t>3100</t>
    </point>
    <point>
      <x>0.615</x>
      <y>0.20333333</y>
      <w>0.39784947</w>
      <t>3100</t>
    </point>
    <point>
      <x>0.61333334</x>
      <y>0.20833333</y>
      <w>0.42521995</w>
      <t>3134</t>
    </point>
    <point>
      <x>0.61</x>
      <y>0.21166667</y>
      <w>0.42521995</w>
      <t>3134</t>
    </point>
    <point>
      <x>0.6066667</x>
      <y>0.21666667</y>
      <w>0.42521995</w>
      <t>3134</t>
    </point>
    <point>
      <x>0.60333335</x>
      <y>0.22</y>
      <w>0.42521995</w>
      <t>3134</t>
    </point>
    <point>
      <x>0.6016667</x>
      <y>0.22333333</y>
      <w>0.45356795</w>
      <t>3167</t>
    </point>
    <point>
      <x>0.59833336</x>
      <y>0.22833334</y>
      <w>0.45356795</w>
      <t>3167</t>
    </point>
    <point>
      <x>0.595</x>
      <y>0.23166667</y>
      <w>0.45356795</w>
      <t>3167</t>
    </point>
    <point>
      <x>0.5933333</x>
      <y>0.235</y>
      <w>0.45356795</w>
      <t>3167</t>
    </point>
    <point>
      <x>0.59</x>
      <y>0.23833333</y>
      <w>0.45356795</w>
      <t>3167</t>
    </point>
    <point>
      <x>0.58666664</x>
      <y>0.24333334</y>
      <w>0.48387095</w>
      <t>3200</t>
    </point>
    <point>
      <x>0.5833333</x>
      <y>0.24833333</y>
      <w>0.48387095</w>
      <t>3200</t>
    </point>
    <point>
      <x>0.58166665</x>
      <y>0.25166667</y>
      <w>0.48387095</w>
      <t>3200</t>
    </point>
    <point>
      <x>0.5783333</x>
      <y>0.25666666</y>
      <w>0.48387095</w>
      <t>3200</t>
    </point>
    <point>
      <x>0.57666665</x>
      <y>0.26166666</y>
      <w>0.514174</w>
      <t>3233</t>
    </point>
    <point>
      <x>0.5733333</x>
      <y>0.26666668</y>
      <w>0.514174</w>
      <t>3233</t>
    </point>
    <point>
      <x>0.57166666</x>
      <y>0.27166668</y>
      <w>0.514174</w>
      <t>3233</t>
    </point>
    <point>
      <x>0.5683333</x>
      <y>0.27666667</y>
      <w>0.514174</w>
      <t>3233</t>
    </point>
    <point>
      <x>0.56666666</x>
      <y>0.28166667</y>
      <w>0.514174</w>
      <t>3233</t>
    </point>
    <point>
      <x>0.56333333</x>
      <y>0.28666666</y>
      <w>0.53763443</w>
      <t>3267</t>
    </point>
    <point>
      <x>0.56</x>
      <y>0.29333332</y>
      <w>0.53763443</w>
      <t>3267</t>
    </point>
    <point>
      <x>0.55833334</x>
      <y>0.29833335</y>
      <w>0.53763443</w>
      <t>3267</t>
    </point>
    <point>
      <x>0.555</x>
      <y>0.305</y>
      <w>0.53763443</w>
      <t>3267</t>
    </point>
    <point>
      <x>0.5516667</x>
      <y>0.31166667</y>
      <w>0.5581623</w>
      <t>3300</t>
    </point>
    <point>
      <x>0.54833335</x>
      <y>0.31833333</y>
      <w>0.5581623</w>
      <t>3300</t>
    </point>
    <point>
      <x>0.5466667</x>
      <y>0.32333332</y>
      <w>0.5581623</w>
      <t>3300</t>
    </point>
    <point>
      <x>0.54333335</x>
      <y>0.33</y>
      <w>0.5581623</w>
      <t>3300</t>
    </point>
    <point>
      <x>0.5416667</x>
      <y>0.335</y>
      <w>0.5767351</w>
      <t>3334</t>
    </point>
    <point>
      <x>0.53833336</x>
      <y>0.34166667</y>
      <w>0.5767351</w>
      <t>3334</t>
    </point>
    <point>
      <x>0.5366667</x>
      <y>0.34666666</y>
      <w>0.5767351</w>
      <t>3334</t>
    </point>
    <point>
      <x>0.535</x>
      <y>0.35333332</y>
      <w>0.5767351</w>
      <t>3334</t>
    </point>
    <point>
      <x>0.5316667</x>
      <y>0.36</y>
      <w>0.5767351</w>
      <t>3334</t>
    </point>
    <point>
      <x>0.53</x>
      <y>0.365</y>
      <w>0.5826002</w>
      <t>3367</t>
    </point>
    <point>
      <x>0.5283333</x>
      <y>0.37166667</y>
      <w>0.5826002</w>
      <t>3367</t>
    </point>
    <point>
      <x>0.52666664</x>
      <y>0.37666667</y>
      <w>0.5826002</w>
      <t>3367</t>
    </point>
    <point>
      <x>0.52666664</x>
      <y>0.38166666</y>
      <w>0.5826002</w>
      <t>3367</t>
    </point>
    <point>
      <x>0.525</x>
      <y>0.385</y>
      <w>0.5904203</w>
      <t>3400</t>
    </point>
    <point>
      <x>0.5233333</x>
      <y>0.39</y>
      <w>0.5904203</w>
      <t>3400</t>
    </point>
    <point>
      <x>0.5233333</x>
      <y>0.39333335</y>
      <w>0.5904203</w>
      <t>3400</t>
    </point>
    <point>
      <x>0.5233333</x>
      <y>0.395</y>
      <w>0.5904203</w>
      <t>3400</t>
    </point>
    <point>
      <x>0.5233333</x>
      <y>0.39833334</y>
      <w>0.5904203</w>
      <t>3400</t>
    </point>
    <point>
      <x>0.5233333</x>
      <y>0.4</y>
      <w>0.5913978</w>
      <t>3433</t>
    </point>
    <point>
      <x>0.5233333</x>
      <y>0.40166667</y>
      <w>0.5913978</w>
      <t>3433</t>
    </point>
    <point>
      <x>0.5233333</x>
      <y>0.40333334</y>
      <w>0.5913978</w>
      <t>3433</t>
    </point>
    <point>
      <x>0.5233333</x>
      <y>0.405</y>
      <w>0.5904203</w>
      <t>3467</t>
    </point>
    <point>
      <x>0.525</x>
      <y>0.405</y>
      <w>0.5845552</w>
      <t>3500</t>
    </point>
    <point>
      <x>0.52666664</x>
      <y>0.405</y>
      <w>0.5786901</w>
      <t>3533</t>
    </point>
    <point>
      <x>0.5283333</x>
      <y>0.405</y>
      <w>0.5786901</w>
      <t>3533</t>
    </point>
    <point>
      <x>0.53</x>
      <y>0.405</y>
      <w>0.5786901</w>
      <t>3533</t>
    </point>
    <point>
      <x>0.53333336</x>
      <y>0.405</y>
      <w>0.5718475</w>
      <t>3567</t>
    </point>
    <point>
      <x>0.535</x>
      <y>0.405</y>
      <w>0.5718475</w>
      <t>3567</t>
    </point>
    <point>
      <x>0.53833336</x>
      <y>0.40333334</y>
      <w>0.5718475</w>
      <t>3567</t>
    </point>
    <point>
      <x>0.5416667</x>
      <y>0.40166667</y>
      <w>0.5718475</w>
      <t>3567</t>
    </point>
    <point>
      <x>0.5466667</x>
      <y>0.4</y>
      <w>0.5718475</w>
      <t>3600</t>
    </point>
    <point>
      <x>0.5516667</x>
      <y>0.39833334</y>
      <w>0.5718475</w>
      <t>3600</t>
    </point>
    <point>
      <x>0.555</x>
      <y>0.39666668</y>
      <w>0.5718475</w>
      <t>3600</t>
    </point>
    <point>
      <x>0.56</x>
      <y>0.39333335</y>
      <w>0.5718475</w>
      <t>3600</t>
    </point>
    <point>
      <x>0.56666666</x>
      <y>0.39166668</y>
      <w>0.5718475</w>
      <t>3600</t>
    </point>
    <point>
      <x>0.57166666</x>
      <y>0.38833332</y>
      <w>0.5650049</w>
      <t>3633</t>
    </point>
    <point>
      <x>0.5783333</x>
      <y>0.385</y>
      <w>0.5650049</w>
      <t>3633</t>
    </point>
    <point>
      <x>0.5833333</x>
      <y>0.38333333</y>
      <w>0.5650049</w>
      <t>3633</t>
    </point>
    <point>
      <x>0.59</x>
      <y>0.38</y>
      <w>0.5650049</w>
      <t>3633</t>
    </point>
    <point>
      <x>0.595</x>
      <y>0.37833333</y>
      <w>0.5522972</w>
      <t>3667</t>
    </point>
    <point>
      <x>0.6</x>
      <y>0.37666667</y>
      <w>0.5522972</w>
      <t>3667</t>
    </point>
    <point>
      <x>0.6066667</x>
      <y>0.375</y>
      <w>0.5522972</w>
      <t>3667</t>
    </point>
    <point>
      <x>0.6116667</x>
      <y>0.37166667</y>
      <w>0.5522972</w>
      <t>3667</t>
    </point>
    <point>
      <x>0.6166667</x>
      <y>0.37</y>
      <w>0.54545456</w>
      <t>3700</t>
    </point>
    <point>
      <x>0.62166667</x>
      <y>0.36833334</y>
      <w>0.54545456</w>
      <t>3700</t>
    </point>
    <point>
      <x>0.62666667</x>
      <y>0.365</y>
      <w>0.54545456</w>
      <t>3700</t>
    </point>
    <point>
      <x>0.6333333</x>
      <y>0.36166668</y>
      <w>0.54545456</w>
      <t>3700</t>
    </point>
    <point>
      <x>0.64</x>
      <y>0.36</y>
      <w>0.54545456</w>
      <t>3700</t>
    </point>
    <point>
      <x>0.645</x>
      <y>0.35666665</y>
      <w>0.52297163</w>
      <t>3734</t>
    </point>
    <point>
      <x>0.65166664</x>
      <y>0.355</y>
      <w>0.52297163</w>
      <t>3734</t>
    </point>
    <point>
      <x>0.6566667</x>
      <y>0.35166666</y>
      <w>0.52297163</w>
      <t>3734</t>
    </point>
    <point>
      <x>0.66333336</x>
      <y>0.35</y>
      <w>0.52297163</w>
      <t>3734</t>
    </point>
    <point>
      <x>0.66833335</x>
      <y>0.34666666</y>
      <w>0.5043988</w>
      <t>3767</t>
    </point>
    <point>
      <x>0.6716667</x>
      <y>0.345</y>
      <w>0.5043988</w>
      <t>3767</t>
    </point>
    <point>
      <x>0.6766667</x>
      <y>0.34333333</y>
      <w>0.5043988</w>
      <t>3767</t>
    </point>
    <point>
      <x>0.67833334</x>
      <y>0.34166667</y>
      <w>0.5043988</w>
      <t>3767</t>
    </point>
    <point>
      <x>0.6816667</x>
      <y>0.34</y>
      <w>0.5043988</w>
      <t>3767</t>
    </point>
    <point>
      <x>0.68333334</x>
      <y>0.34</y>
      <w>0.48973608</w>
      <t>3800</t>
    </point>
    <point>
      <x>0.685</x>
      <y>0.33833334</y>
      <w>0.48973608</w>
      <t>3800</t>
    </point>
    <point>
      <x>0.68666667</x>
      <y>0.33666667</y>
      <w>0.48973608</w>
      <t>3800</t>
    </point>
    <point>
      <x>0.68833333</x>
      <y>0.33666667</y>
      <w>0.4692082</w>
      <t>3833</t>
    </point>
    <point>
      <x>0.68833333</x>
      <y>0.335</y>
      <w>0.4173998</w>
      <t>3866</t>
    </point>
    <point>
      <x>0.68833333</x>
      <y>0.33333334</y>
      <w>0.4173998</w>
      <t>3866</t>
    </point>
    <point>
      <x>0.68833333</x>
      <y>0.33166668</y>
      <w>0.40664712</w>
      <t>3900</t>
    </point>
    <point>
      <x>0.68833333</x>
      <y>0.33</y>
      <w>0.40664712</w>
      <t>3900</t>
    </point>
    <point>
      <x>0.69</x>
      <y>0.33</y>
      <w>0.40664712</w>
      <t>3900</t>
    </point>
    <point>
      <x>0.69</x>
      <y>0.32833335</y>
      <w>0.40664712</w>
      <t>3934</t>
    </point>
    <point>
      <x>0.68833333</x>
      <y>0.32666665</y>
      <w>0.40664712</w>
      <t>3934</t>
    </point>
    <point>
      <x>0.68833333</x>
      <y>0.325</y>
      <w>0.40664712</w>
      <t>3934</t>
    </point>
    <point>
      <x>0.68666667</x>
      <y>0.325</y>
      <w>0.4125122</w>
      <t>3967</t>
    </point>
    <point>
      <x>0.685</x>
      <y>0.32333332</y>
      <w>0.4125122</w>
      <t>3967</t>
    </point>
    <point>
      <x>0.68333334</x>
      <y>0.32166666</y>
      <w>0.4125122</w>
      <t>3967</t>
    </point>
    <point>
      <x>0.68</x>
      <y>0.32</y>
      <w>0.4125122</w>
      <t>3967</t>
    </point>
    <point>
      <x>0.67833334</x>
      <y>0.31666666</y>
      <w>0.3548387</w>
      <t>4000</t>
    </point>
    <point>
      <x>0.675</x>
      <y>0.315</y>
      <w>0.3548387</w>
      <t>4000</t>
    </point>
    <point>
      <x>0.6716667</x>
      <y>0.31333333</y>
      <w>0.3548387</w>
      <t>4000</t>
    </point>
    <point>
      <x>0.67</x>
      <y>0.31166667</y>
      <w>0.3548387</w>
      <t>4000</t>
    </point>
    <point>
      <x>0.6666667</x>
      <y>0.31</y>
      <w>0.3548387</w>
      <t>4000</t>
    </point>
    <point>
      <x>0.66333336</x>
      <y>0.30833334</y>
      <w>0.28152493</w>
      <t>4033</t>
    </point>
    <point>
      <x>0.66</x>
      <y>0.30833334</y>
      <w>0.28152493</w>
      <t>4033</t>
    </point>
    <point>
      <x>0.6566667</x>
      <y>0.30666667</y>
      <w>0.28152493</w>
      <t>4033</t>
    </point>
    <point>
      <x>0.655</x>
      <y>0.30666667</y>
      <w>0.28152493</w>
      <t>4033</t>
    </point>
    <point>
      <x>0.65166664</x>
      <y>0.305</y>
      <w>0.26490712</w>
      <t>4067</t>
    </point>
    <point>
      <x>0.6483333</x>
      <y>0.305</y>
      <w>0.26490712</w>
      <t>4067</t>
    </point>
    <point>
      <x>0.64666665</x>
      <y>0.30333334</y>
      <w>0.26490712</w>
      <t>4067</t>
    </point>
    <point>
      <x>0.645</x>
      <y>0.30166668</y>
      <w>0.26490712</w>
      <t>4067</t>
    </point>
    <point>
      <x>0.64166665</x>
      <y>0.30166668</y>
      <w>0.26490712</w>
      <t>4067</t>
    </point>
    <point>
      <x>0.64</x>
      <y>0.3</y>
      <w>0.25513196</w>
      <t>4100</t>
    </point>
    <point>
      <x>0.6383333</x>
      <y>0.3</y>
      <w>0.25513196</w>
      <t>4100</t>
    </point>
    <point>
      <x>0.63666666</x>
      <y>0.3</y>
      <w>0.27565983</w>
      <t>4133</t>
    </point>
    <point>
      <x>0.635</x>
      <y>0.3</y>
      <w>0.27565983</w>
      <t>4133</t>
    </point>
    <point>
      <x>0.6333333</x>
      <y>0.3</y>
      <w>0.27565983</w>
      <t>4133</t>
    </point>
    <point>
      <x>0.63166666</x>
      <y>0.30166668</y>
      <w>0.27565983</w>
      <t>4133</t>
    </point>
    <point>
      <x>0.63</x>
      <y>0.30166668</y>
      <w>0.27859238</w>
      <t>4167</t>
    </point>
    <point>
      <x>0.63</x>
      <y>0.30333334</y>
      <w>0.27859238</w>
      <t>4167</t>
    </point>
    <point>
      <x>0.62833333</x>
      <y>0.305</y>
      <w>0.27859238</w>
      <t>4167</t>
    </point>
    <point>
      <x>0.62666667</x>
      <y>0.30666667</y>
      <w>0.27859238</w>
      <t>4167</t>
    </point>
    <point>
      <x>0.62666667</x>
      <y>0.30833334</y>
      <w>0.2922776</w>
      <t>4200</t>
    </point>
    <point>
      <x>0.625</x>
      <y>0.31</y>
      <w>0.2922776</w>
      <t>4200</t>
    </point>
    <point>
      <x>0.625</x>
      <y>0.31333333</y>
      <w>0.2922776</w>
      <t>4200</t>
    </point>
    <point>
      <x>0.62333333</x>
      <y>0.31666666</y>
      <w>0.2922776</w>
      <t>4200</t>
    </point>
    <point>
      <x>0.62333333</x>
      <y>0.32</y>
      <w>0.3147605</w>
      <t>4234</t>
    </point>
    <point>
      <x>0.62166667</x>
      <y>0.32333332</y>
      <w>0.3147605</w>
      <t>4234</t>
    </point>
    <point>
      <x>0.62166667</x>
      <y>0.32833335</y>
      <w>0.3147605</w>
      <t>4234</t>
    </point>
    <point>
      <x>0.62</x>
      <y>0.33166668</y>
      <w>0.3147605</w>
      <t>4234</t>
    </point>
    <point>
      <x>0.62</x>
      <y>0.33666667</y>
      <w>0.3147605</w>
      <t>4234</t>
    </point>
    <point>
      <x>0.62</x>
      <y>0.34</y>
      <w>0.35190615</w>
      <t>4267</t>
    </point>
    <point>
      <x>0.62</x>
      <y>0.34333333</y>
      <w>0.35190615</w>
      <t>4267</t>
    </point>
    <point>
      <x>0.62</x>
      <y>0.34833333</y>
      <w>0.35190615</w>
      <t>4267</t>
    </point>
    <point>
      <x>0.62</x>
      <y>0.35166666</y>
      <w>0.35190615</w>
      <t>4267</t>
    </point>
    <point>
      <x>0.62</x>
      <y>0.35666665</y>
      <w>0.38220918</w>
      <t>4300</t>
    </point>
    <point>
      <x>0.62</x>
      <y>0.36</y>
      <w>0.38220918</w>
      <t>4300</t>
    </point>
    <point>
      <x>0.62</x>
      <y>0.365</y>
      <w>0.38220918</w>
      <t>4300</t>
    </point>
    <point>
      <x>0.62</x>
      <y>0.37</y>
      <w>0.38220918</w>
      <t>4300</t>
    </point>
    <point>
      <x>0.62</x>
      <y>0.37666667</y>
      <w>0.38220918</w>
      <t>4300</t>
    </point>
    <point>
      <x>0.62</x>
      <y>0.38166666</y>
      <w>0.40664712</w>
      <t>4334</t>
    </point>
    <point>
      <x>0.62</x>
      <y>0.38666666</y>
      <w>0.40664712</w>
      <t>4334</t>
    </point>
    <point>
      <x>0.62</x>
      <y>0.39333335</y>
      <w>0.40664712</w>
      <t>4334</t>
    </point>
    <point>
      <x>0.62</x>
      <y>0.39833334</y>
      <w>0.40664712</w>
      <t>4334</t>
    </point>
    <point>
      <x>0.62166667</x>
      <y>0.40333334</y>
      <w>0.42130986</w>
      <t>4367</t>
    </point>
    <point>
      <x>0.62166667</x>
      <y>0.41</y>
      <w>0.42130986</w>
      <t>4367</t>
    </point>
    <point>
      <x>0.62166667</x>
      <y>0.415</y>
      <w>0.42130986</w>
      <t>4367</t>
    </point>
    <point>
      <x>0.62166667</x>
      <y>0.42166665</y>
      <w>0.42130986</w>
      <t>4367</t>
    </point>
    <point>
      <x>0.62166667</x>
      <y>0.42666668</y>
      <w>0.42130986</w>
      <t>4367</t>
    </point>
    <point>
      <x>0.62166667</x>
      <y>0.43333334</y>
      <w>0.43108505</w>
      <t>4400</t>
    </point>
    <point>
      <x>0.62333333</x>
      <y>0.43833333</y>
      <w>0.43108505</w>
      <t>4400</t>
    </point>
    <point>
      <x>0.62333333</x>
      <y>0.445</y>
      <w>0.43108505</w>
      <t>4400</t>
    </point>
    <point>
      <x>0.625</x>
      <y>0.45166665</y>
      <w>0.43108505</w>
      <t>4400</t>
    </point>
    <point>
      <x>0.625</x>
      <y>0.45833334</y>
      <w>0.44183773</w>
      <t>4434</t>
    </point>
    <point>
      <x>0.625</x>
      <y>0.465</y>
      <w>0.44183773</w>
      <t>4434</t>
    </point>
    <point>
      <x>0.625</x>
      <y>0.47166666</y>
      <w>0.44183773</w>
      <t>4434</t>
    </point>
    <point>
      <x>0.625</x>
      <y>0.47833332</y>
      <w>0.44183773</w>
      <t>4434</t>
    </point>
    <point>
      <x>0.625</x>
      <y>0.485</y>
      <w>0.44183773</w>
      <t>4434</t>
    </point>
    <point>
      <x>0.625</x>
      <y>0.49</y>
      <w>0.4467253</w>
      <t>4467</t>
    </point>
    <point>
      <x>0.625</x>
      <y>0.495</y>
      <w>0.4467253</w>
      <t>4467</t>
    </point>
    <point>
      <x>0.625</x>
      <y>0.50166667</y>
      <w>0.4467253</w>
      <t>4467</t>
    </point>
    <point>
      <x>0.625</x>
      <y>0.50666666</y>
      <w>0.4467253</w>
      <t>4467</t>
    </point>
    <point>
      <x>0.625</x>
      <y>0.51166666</y>
      <w>0.45747802</w>
      <t>4500</t>
    </point>
    <point>
      <x>0.62333333</x>
      <y>0.51666665</y>
      <w>0.45747802</w>
      <t>4500</t>
    </point>
    <point>
      <x>0.62166667</x>
      <y>0.52</y>
      <w>0.45747802</w>
      <t>4500</t>
    </point>
    <point>
      <x>0.62</x>
      <y>0.525</y>
      <w>0.45747802</w>
      <t>4500</t>
    </point>
    <point>
      <x>0.61833334</x>
      <y>0.5283333</y>
      <w>0.4633431</w>
      <t>4534</t>
    </point>
    <point>
      <x>0.61833334</x>
      <y>0.53333336</y>
      <w>0.4633431</w>
      <t>4534</t>
    </point>
    <point>
      <x>0.615</x>
      <y>0.5366667</y>
      <w>0.4633431</w>
      <t>4534</t>
    </point>
    <point>
      <x>0.61333334</x>
      <y>0.54</y>
      <w>0.4633431</w>
      <t>4534</t>
    </point>
    <point>
      <x>0.6116667</x>
      <y>0.54333335</y>
      <w>0.4633431</w>
      <t>4534</t>
    </point>
    <point>
      <x>0.61</x>
      <y>0.545</y>
      <w>0.46432063</w>
      <t>4567</t>
    </point>
    <point>
      <x>0.60833335</x>
      <y>0.54833335</y>
      <w>0.46432063</w>
      <t>4567</t>
    </point>
    <point>
      <x>0.6066667</x>
      <y>0.55</y>
      <w>0.46432063</w>
      <t>4567</t>
    </point>
    <point>
      <x>0.60333335</x>
      <y>0.5516667</y>
      <w>0.46432063</w>
      <t>4567</t>
    </point>
    <point>
      <x>0.6</x>
      <y>0.555</y>
      <w>0.43597263</w>
      <t>4600</t>
    </point>
    <point>
      <x>0.5966667</x>
      <y>0.5566667</y>
      <w>0.43597263</w>
      <t>4600</t>
    </point>
    <point>
      <x>0.5933333</x>
      <y>0.55833334</y>
      <w>0.43597263</w>
      <t>4600</t>
    </point>
    <point>
      <x>0.59</x>
      <y>0.56</y>
      <w>0.43597263</w>
      <t>4600</t>
    </point>
    <point>
      <x>0.58666664</x>
      <y>0.56166667</y>
      <w>0.43597263</w>
      <t>4600</t>
    </point>
    <point>
      <x>0.5833333</x>
      <y>0.56333333</y>
      <w>0.37829912</w>
      <t>4633</t>
    </point>
    <point>
      <x>0.5783333</x>
      <y>0.565</y>
      <w>0.37829912</w>
      <t>4633</t>
    </point>
    <point>
      <x>0.575</x>
      <y>0.56666666</y>
      <w>0.37829912</w>
      <t>4633</t>
    </point>
    <point>
      <x>0.57</x>
      <y>0.56666666</y>
      <w>0.37829912</w>
      <t>4633</t>
    </point>
    <point>
      <x>0.565</x>
      <y>0.5683333</y>
      <w>0.26588467</w>
      <t>4667</t>
    </point>
    <point>
      <x>0.56</x>
      <y>0.5683333</y>
      <w>0.26588467</w>
      <t>4667</t>
    </point>
    <point>
      <x>0.5566667</x>
      <y>0.57</y>
      <w>0.26588467</w>
      <t>4667</t>
    </point>
    <point>
      <x>0.5516667</x>
      <y>0.57</y>
      <w>0.26588467</w>
      <t>4667</t>
    </point>
    <point>
      <x>0.5466667</x>
      <y>0.57166666</y>
      <w>0.26588467</w>
      <t>4667</t>
    </point>
    <point>
      <x>0.54333335</x>
      <y>0.57166666</y>
      <w>0.22189638</w>
      <t>4700</t>
    </point>
    <point>
      <x>0.53833336</x>
      <y>0.57166666</y>
      <w>0.22189638</w>
      <t>4700</t>
    </point>
    <point>
      <x>0.535</x>
      <y>0.57166666</y>
      <w>0.22189638</w>
      <t>4700</t>
    </point>
    <point>
      <x>0.5316667</x>
      <y>0.57166666</y>
      <w>0.22189638</w>
      <t>4700</t>
    </point>
    <point>
      <x>0.5283333</x>
      <y>0.57166666</y>
      <w>0.22189638</w>
      <t>4733</t>
    </point>
    <point>
      <x>0.52666664</x>
      <y>0.57166666</y>
      <w>0.22189638</w>
      <t>4733</t>
    </point>
    <point>
      <x>0.5233333</x>
      <y>0.57166666</y>
      <w>0.22189638</w>
      <t>4733</t>
    </point>
    <point>
      <x>0.52166665</x>
      <y>0.57166666</y>
      <w>0.22189638</w>
      <t>4733</t>
    </point>
    <point>
      <x>0.5183333</x>
      <y>0.57</y>
      <w>0.22189638</w>
      <t>4733</t>
    </point>
    <point>
      <x>0.51666665</x>
      <y>0.56666666</y>
      <w>0.20430107</w>
      <t>4766</t>
    </point>
    <point>
      <x>0.515</x>
      <y>0.565</y>
      <w>0.20430107</w>
      <t>4766</t>
    </point>
    <point>
      <x>0.5133333</x>
      <y>0.56333333</y>
      <w>0.20430107</w>
      <t>4766</t>
    </point>
    <point>
      <x>0.51166666</x>
      <y>0.56</y>
      <w>0.20430107</w>
      <t>4766</t>
    </point>
    <point>
      <x>0.51</x>
      <y>0.55833334</y>
      <w>0.20039101</w>
      <t>4800</t>
    </point>
    <point>
      <x>0.51</x>
      <y>0.5566667</y>
      <w>0.20039101</w>
      <t>4800</t>
    </point>
    <point>
      <x>0.5083333</x>
      <y>0.555</y>
      <w>0.20039101</w>
      <t>4800</t>
    </point>
    <point>
      <x>0.5083333</x>
      <y>0.55333334</y>
      <w>0.20039101</w>
      <t>4800</t>
    </point>
    <point>
      <x>0.5083333</x>
      <y>0.5516667</y>
      <w>0.20527859</w>
      <t>4833</t>
    </point>
    <point>
      <x>0.5083333</x>
      <y>0.55</y>
      <w>0.20527859</w>
      <t>4833</t>
    </point>
    <point>
      <x>0.5083333</x>
      <y>0.54833335</y>
      <w>0.20527859</w>
      <t>4833</t>
    </point>
    <point>
      <x>0.5083333</x>
      <y>0.545</y>
      <w>0.20527859</w>
      <t>4833</t>
    </point>
    <point>
      <x>0.5083333</x>
      <y>0.54333335</y>
      <w>0.20527859</w>
      <t>4833</t>
    </point>
    <point>
      <x>0.5083333</x>
      <y>0.5416667</y>
      <w>0.19648094</w>
      <t>4867</t>
    </point>
    <point>
      <x>0.51</x>
      <y>0.54</y>
      <w>0.19648094</w>
      <t>4867</t>
    </point>
    <point>
      <x>0.51</x>
      <y>0.53833336</y>
      <w>0.19648094</w>
      <t>4867</t>
    </point>
    <point>
      <x>0.51166666</x>
      <y>0.5366667</y>
      <w>0.19648094</w>
      <t>4867</t>
    </point>
    <point>
      <x>0.5133333</x>
      <y>0.535</y>
      <w>0.19354838</w>
      <t>4900</t>
    </point>
    <point>
      <x>0.515</x>
      <y>0.53333336</y>
      <w>0.19354838</w>
      <t>4900</t>
    </point>
    <point>
      <x>0.51666665</x>
      <y>0.5316667</y>
      <w>0.19354838</w>
      <t>4900</t>
    </point>
    <point>
      <x>0.5183333</x>
      <y>0.53</y>
      <w>0.19354838</w>
      <t>4900</t>
    </point>
    <point>
      <x>0.52</x>
      <y>0.5283333</y>
      <w>0.19354838</w>
      <t>4900</t>
    </point>
    <point>
      <x>0.5233333</x>
      <y>0.52666664</y>
      <w>0.19159335</w>
      <t>4934</t>
    </point>
    <point>
      <x>0.525</x>
      <y>0.525</y>
      <w>0.19159335</w>
      <t>4934</t>
    </point>
    <point>
      <x>0.5283333</x>
      <y>0.5233333</y>
      <w>0.19159335</w>
      <t>4934</t>
    </point>
    <point>
      <x>0.53</x>
      <y>0.52166665</y>
      <w>0.19159335</w>
      <t>4934</t>
    </point>
    <point>
      <x>0.53333336</x>
      <y>0.52</y>
      <w>0.19354838</w>
      <t>4966</t>
    </point>
    <point>
      <x>0.5366667</x>
      <y>0.5183333</y>
      <w>0.19354838</w>
      <t>4966</t>
    </point>
    <point>
      <x>0.54</x>
      <y>0.515</y>
      <w>0.19354838</w>
      <t>4966</t>
    </point>
    <point>
      <x>0.54333335</x>
      <y>0.5133333</y>
      <w>0.19354838</w>
      <t>4966</t>
    </point>
    <point>
      <x>0.5466667</x>
      <y>0.51166666</y>
      <w>0.19354838</w>
      <t>5000</t>
    </point>
    <point>
      <x>0.55</x>
      <y>0.5083333</y>
      <w>0.19354838</w>
      <t>5000</t>
    </point>
    <point>
      <x>0.555</x>
      <y>0.50666666</y>
      <w>0.19354838</w>
      <t>5000</t>
    </point>
    <point>
      <x>0.55833334</x>
      <y>0.50333333</y>
      <w>0.19354838</w>
      <t>5000</t>
    </point>
    <point>
      <x>0.56166667</x>
      <y>0.50166667</y>
      <w>0.19354838</w>
      <t>5000</t>
    </point>
    <point>
      <x>0.56666666</x>
      <y>0.5</y>
      <w>0.19354838</w>
      <t>5034</t>
    </point>
    <point>
      <x>0.57</x>
      <y>0.49833333</y>
      <w>0.19354838</w>
      <t>5034</t>
    </point>
    <point>
      <x>0.575</x>
      <y>0.49666667</y>
      <w>0.19354838</w>
      <t>5034</t>
    </point>
    <point>
      <x>0.58</x>
      <y>0.495</y>
      <w>0.19354838</w>
      <t>5034</t>
    </point>
    <point>
      <x>0.585</x>
      <y>0.49333334</y>
      <w>0.19354838</w>
      <t>5034</t>
    </point>
    <point>
      <x>0.59</x>
      <y>0.49166667</y>
      <w>0.1945259</w>
      <t>5067</t>
    </point>
    <point>
      <x>0.5933333</x>
      <y>0.49</y>
      <w>0.1945259</w>
      <t>5067</t>
    </point>
    <point>
      <x>0.59833336</x>
      <y>0.48833334</y>
      <w>0.1945259</w>
      <t>5067</t>
    </point>
    <point>
      <x>0.60333335</x>
      <y>0.48666668</y>
      <w>0.1945259</w>
      <t>5067</t>
    </point>
    <point>
      <x>0.60833335</x>
      <y>0.485</y>
      <w>0.20039101</w>
      <t>5100</t>
    </point>
    <point>
      <x>0.61333334</x>
      <y>0.48333332</y>
      <w>0.20039101</w>
      <t>5100</t>
    </point>
    <point>
      <x>0.61833334</x>
      <y>0.48166665</y>
      <w>0.20039101</w>
      <t>5100</t>
    </point>
    <point>
      <x>0.62333333</x>
      <y>0.48166665</y>
      <w>0.20039101</w>
      <t>5100</t>
    </point>
    <point>
      <x>0.62666667</x>
      <y>0.48</y>
      <w>0.20039101</w>
      <t>5133</t>
    </point>
    <point>
      <x>0.63166666</x>
      <y>0.47833332</y>
      <w>0.20039101</w>
      <t>5133</t>
    </point>
    <point>
      <x>0.63666666</x>
      <y>0.47833332</y>
      <w>0.20039101</w>
      <t>5133</t>
    </point>
    <point>
      <x>0.64</x>
      <y>0.47666666</y>
      <w>0.20039101</w>
      <t>5133</t>
    </point>
    <point>
      <x>0.645</x>
      <y>0.47666666</y>
      <w>0.20039101</w>
      <t>5133</t>
    </point>
    <point>
      <x>0.6483333</x>
      <y>0.475</y>
      <w>0.20332356</w>
      <t>5166</t>
    </point>
    <point>
      <x>0.6533333</x>
      <y>0.475</y>
      <w>0.20332356</w>
      <t>5166</t>
    </point>
    <point>
      <x>0.6566667</x>
      <y>0.47333333</y>
      <w>0.20332356</w>
      <t>5166</t>
    </point>
    <point>
      <x>0.6616667</x>
      <y>0.47333333</y>
      <w>0.20332356</w>
      <t>5166</t>
    </point>
    <point>
      <x>0.665</x>
      <y>0.47166666</y>
      <w>0.20430107</w>
      <t>5200</t>
    </point>
    <point>
      <x>0.67</x>
      <y>0.47166666</y>
      <w>0.20430107</w>
      <t>5200</t>
    </point>
    <point>
      <x>0.675</x>
      <y>0.47166666</y>
      <w>0.20430107</w>
      <t>5200</t>
    </point>
    <point>
      <x>0.67833334</x>
      <y>0.47166666</y>
      <w>0.20430107</w>
      <t>5200</t>
    </point>
    <point>
      <x>0.68333334</x>
      <y>0.47166666</y>
      <w>0.20430107</w>
      <t>5200</t>
    </point>
    <point>
      <x>0.68666667</x>
      <y>0.47166666</y>
      <w>0.24731183</w>
      <t>5234</t>
    </point>
    <point>
      <x>0.69166666</x>
      <y>0.47166666</y>
      <w>0.24731183</w>
      <t>5234</t>
    </point>
    <point>
      <x>0.695</x>
      <y>0.47166666</y>
      <w>0.24731183</w>
      <t>5234</t>
    </point>
    <point>
      <x>0.6983333</x>
      <y>0.47166666</y>
      <w>0.24731183</w>
      <t>5234</t>
    </point>
    <point>
      <x>0.70166665</x>
      <y>0.47166666</y>
      <w>0.25415444</w>
      <t>5266</t>
    </point>
    <point>
      <x>0.70666665</x>
      <y>0.47166666</y>
      <w>0.25415444</w>
      <t>5266</t>
    </point>
    <point>
      <x>0.71</x>
      <y>0.47166666</y>
      <w>0.25415444</w>
      <t>5266</t>
    </point>
    <point>
      <x>0.7133333</x>
      <y>0.47166666</y>
      <w>0.25415444</w>
      <t>5266</t>
    </point>
    <point>
      <x>0.71666664</x>
      <y>0.47333333</y>
      <w>0.27174976</w>
      <t>5300</t>
    </point>
    <point>
      <x>0.72</x>
      <y>0.47333333</y>
      <w>0.27174976</w>
      <t>5300</t>
    </point>
    <point>
      <x>0.72333336</x>
      <y>0.475</y>
      <w>0.27174976</w>
      <t>5300</t>
    </point>
    <point>
      <x>0.725</x>
      <y>0.47666666</y>
      <w>0.27174976</w>
      <t>5300</t>
    </point>
    <point>
      <x>0.72833335</x>
      <y>0.47833332</y>
      <w>0.27174976</w>
      <t>5300</t>
    </point>
    <point>
      <x>0.7316667</x>
      <y>0.48</y>
      <w>0.3313783</w>
      <t>5334</t>
    </point>
    <point>
      <x>0.73333335</x>
      <y>0.48</y>
      <w>0.3313783</w>
      <t>5334</t>
    </point>
    <point>
      <x>0.735</x>
      <y>0.48166665</y>
      <w>0.3313783</w>
      <t>5334</t>
    </point>
    <point>
      <x>0.73833334</x>
      <y>0.48333332</y>
      <w>0.3313783</w>
      <t>5334</t>
    </point>
    <point>
      <x>0.74</x>
      <y>0.485</y>
      <w>0.3313783</w>
      <t>5334</t>
    </point>
    <point>
      <x>0.7416667</x>
      <y>0.48666668</y>
      <w>0.34701857</w>
      <t>5366</t>
    </point>
    <point>
      <x>0.745</x>
      <y>0.48833334</y>
      <w>0.34701857</w>
      <t>5366</t>
    </point>
    <point>
      <x>0.74666667</x>
      <y>0.49</y>
      <w>0.34701857</w>
      <t>5366</t>
    </point>
    <point>
      <x>0.74833333</x>
      <y>0.49166667</y>
      <w>0.34701857</w>
      <t>5366</t>
    </point>
    <point>
      <x>0.75</x>
      <y>0.495</y>
      <w>0.37829912</w>
      <t>5400</t>
    </point>
    <point>
      <x>0.75</x>
      <y>0.49666667</y>
      <w>0.37829912</w>
      <t>5400</t>
    </point>
    <point>
      <x>0.75166667</x>
      <y>0.49833333</y>
      <w>0.37829912</w>
      <t>5400</t>
    </point>
    <point>
      <x>0.75333333</x>
      <y>0.50166667</y>
      <w>0.37829912</w>
      <t>5400</t>
    </point>
    <point>
      <x>0.75333333</x>
      <y>0.50333333</y>
      <w>0.38514173</w>
      <t>5433</t>
    </point>
    <point>
      <x>0.755</x>
      <y>0.50666666</y>
      <w>0.38514173</w>
      <t>5433</t>
    </point>
    <point>
      <x>0.755</x>
      <y>0.5083333</y>
      <w>0.38514173</w>
      <t>5433</t>
    </point>
    <point>
      <x>0.75666666</x>
      <y>0.51</y>
      <w>0.38514173</w>
      <t>5433</t>
    </point>
    <point>
      <x>0.75666666</x>
      <y>0.5133333</y>
      <w>0.38514173</w>
      <t>5433</t>
    </point>
    <point>
      <x>0.7583333</x>
      <y>0.515</y>
      <w>0.3900293</w>
      <t>5467</t>
    </point>
    <point>
      <x>0.7583333</x>
      <y>0.51666665</y>
      <w>0.3900293</w>
      <t>5467</t>
    </point>
    <point>
      <x>0.76</x>
      <y>0.52</y>
      <w>0.3900293</w>
      <t>5467</t>
    </point>
    <point>
      <x>0.76</x>
      <y>0.52166665</y>
      <w>0.3900293</w>
      <t>5467</t>
    </point>
    <point>
      <x>0.76</x>
      <y>0.525</y>
      <w>0.39100686</w>
      <t>5499</t>
    </point>
    <point>
      <x>0.76</x>
      <y>0.52666664</y>
      <w>0.39100686</w>
      <t>5499</t>
    </point>
    <point>
      <x>0.76</x>
      <y>0.53</y>
      <w>0.39100686</w>
      <t>5499</t>
    </point>
    <point>
      <x>0.76</x>
      <y>0.5316667</y>
      <w>0.39100686</w>
      <t>5499</t>
    </point>
    <point>
      <x>0.76</x>
      <y>0.535</y>
      <w>0.39100686</w>
      <t>5499</t>
    </point>
    <point>
      <x>0.76</x>
      <y>0.5366667</y>
      <w>0.3939394</w>
      <t>5533</t>
    </point>
    <point>
      <x>0.76</x>
      <y>0.54</y>
      <w>0.3939394</w>
      <t>5533</t>
    </point>
    <point>
      <x>0.76</x>
      <y>0.54333335</y>
      <w>0.3939394</w>
      <t>5533</t>
    </point>
    <point>
      <x>0.76</x>
      <y>0.5466667</y>
      <w>0.3939394</w>
      <t>5533</t>
    </point>
    <point>
      <x>0.76</x>
      <y>0.54833335</y>
      <w>0.40175954</w>
      <t>5566</t>
    </point>
    <point>
      <x>0.76</x>
      <y>0.5516667</y>
      <w>0.40175954</w>
      <t>5566</t>
    </point>
    <point>
      <x>0.7583333</x>
      <y>0.555</y>
      <w>0.40175954</w>
      <t>5566</t>
    </point>
    <point>
      <x>0.7583333</x>
      <y>0.56</y>
      <w>0.40175954</w>
      <t>5566</t>
    </point>
    <point>
      <x>0.75666666</x>
      <y>0.56333333</y>
      <w>0.40175954</w>
      <t>5566</t>
    </point>
    <point>
      <x>0.755</x>
      <y>0.56666666</y>
      <w>0.40371457</w>
      <t>5600</t>
    </point>
    <point>
      <x>0.75333333</x>
      <y>0.57</y>
      <w>0.40371457</w>
      <t>5600</t>
    </point>
    <point>
      <x>0.75166667</x>
      <y>0.575</y>
      <w>0.40371457</w>
      <t>5600</t>
    </point>
    <point>
      <x>0.75</x>
      <y>0.5783333</y>
      <w>0.40371457</w>
      <t>5600</t>
    </point>
    <point>
      <x>0.74833333</x>
      <y>0.58166665</y>
      <w>0.42130986</w>
      <t>5634</t>
    </point>
    <point>
      <x>0.745</x>
      <y>0.58666664</y>
      <w>0.42130986</w>
      <t>5634</t>
    </point>
    <point>
      <x>0.74333334</x>
      <y>0.59</y>
      <w>0.42130986</w>
      <t>5634</t>
    </point>
    <point>
      <x>0.7416667</x>
      <y>0.595</y>
      <w>0.42130986</w>
      <t>5634</t>
    </point>
    <point>
      <x>0.73833334</x>
      <y>0.59833336</y>
      <w>0.42130986</w>
      <t>5634</t>
    </point>
    <point>
      <x>0.735</x>
      <y>0.6016667</y>
      <w>0.42424244</w>
      <t>5667</t>
    </point>
    <point>
      <x>0.73333335</x>
      <y>0.6066667</y>
      <w>0.42424244</w>
      <t>5667</t>
    </point>
    <point>
      <x>0.73</x>
      <y>0.61</y>
      <w>0.42424244</w>
      <t>5667</t>
    </point>
    <point>
      <x>0.7266667</x>
      <y>0.615</y>
      <w>0.42424244</w>
      <t>5667</t>
    </point>
    <point>
      <x>0.72333336</x>
      <y>0.62</y>
      <w>0.42424244</w>
      <t>5700</t>
    </point>
    <point>
      <x>0.72</x>
      <y>0.625</y>
      <w>0.42424244</w>
      <t>5700</t>
    </point>
    <point>
      <x>0.7183333</x>
      <y>0.62833333</y>
      <w>0.42424244</w>
      <t>5700</t>
    </point>
    <point>
      <x>0.715</x>
      <y>0.6333333</y>
      <w>0.42424244</w>
      <t>5700</t>
    </point>
    <point>
      <x>0.71166664</x>
      <y>0.6383333</y>
      <w>0.42424244</w>
      <t>5734</t>
    </point>
    <point>
      <x>0.7083333</x>
      <y>0.64166665</y>
      <w>0.42424244</w>
      <t>5734</t>
    </point>
    <point>
      <x>0.705</x>
      <y>0.64666665</y>
      <w>0.42424244</w>
      <t>5734</t>
    </point>
    <point>
      <x>0.70166665</x>
      <y>0.65166664</y>
      <w>0.42424244</w>
      <t>5734</t>
    </point>
    <point>
      <x>0.6983333</x>
      <y>0.6566667</y>
      <w>0.42424244</w>
      <t>5734</t>
    </point>
    <point>
      <x>0.695</x>
      <y>0.6616667</y>
      <w>0.42521995</w>
      <t>5766</t>
    </point>
    <point>
      <x>0.69166666</x>
      <y>0.6666667</y>
      <w>0.42521995</w>
      <t>5766</t>
    </point>
    <point>
      <x>0.68833333</x>
      <y>0.67</y>
      <w>0.42521995</w>
      <t>5766</t>
    </point>
    <point>
      <x>0.685</x>
      <y>0.675</y>
      <w>0.42521995</w>
      <t>5766</t>
    </point>
    <point>
      <x>0.6816667</x>
      <y>0.68</y>
      <w>0.42424244</w>
      <t>5800</t>
    </point>
    <point>
      <x>0.67833334</x>
      <y>0.685</y>
      <w>0.42424244</w>
      <t>5800</t>
    </point>
    <point>
      <x>0.675</x>
      <y>0.69</y>
      <w>0.42424244</w>
      <t>5800</t>
    </point>
    <point>
      <x>0.6716667</x>
      <y>0.695</y>
      <w>0.42424244</w>
      <t>5800</t>
    </point>
    <point>
      <x>0.6666667</x>
      <y>0.7</y>
      <w>0.42424244</w>
      <t>5800</t>
    </point>
    <point>
      <x>0.6616667</x>
      <y>0.705</y>
      <w>0.42130986</w>
      <t>5834</t>
    </point>
    <point>
      <x>0.6566667</x>
      <y>0.71166664</y>
      <w>0.42130986</w>
      <t>5834</t>
    </point>
    <point>
      <x>0.65166664</x>
      <y>0.71666664</y>
      <w>0.42130986</w>
      <t>5834</t>
    </point>
    <point>
      <x>0.64666665</x>
      <y>0.7216667</y>
      <w>0.42130986</w>
      <t>5834</t>
    </point>
    <point>
      <x>0.64166665</x>
      <y>0.7266667</y>
      <w>0.42130986</w>
      <t>5867</t>
    </point>
    <point>
      <x>0.63666666</x>
      <y>0.7316667</y>
      <w>0.42130986</w>
      <t>5867</t>
    </point>
    <point>
      <x>0.63166666</x>
      <y>0.7366667</y>
      <w>0.42130986</w>
      <t>5867</t>
    </point>
    <point>
      <x>0.62666667</x>
      <y>0.74</y>
      <w>0.42130986</w>
      <t>5867</t>
    </point>
    <point>
      <x>0.62166667</x>
      <y>0.745</y>
      <w>0.42130986</w>
      <t>5867</t>
    </point>
    <point>
      <x>0.61833334</x>
      <y>0.75</y>
      <w>0.42130986</w>
      <t>5900</t>
    </point>
    <point>
      <x>0.61333334</x>
      <y>0.75333333</y>
      <w>0.42130986</w>
      <t>5900</t>
    </point>
    <point>
      <x>0.60833335</x>
      <y>0.7583333</y>
      <w>0.42130986</w>
      <t>5900</t>
    </point>
    <point>
      <x>0.605</x>
      <y>0.76166666</y>
      <w>0.42130986</w>
      <t>5900</t>
    </point>
    <point>
      <x>0.6</x>
      <y>0.76666665</y>
      <w>0.41642228</w>
      <t>5933</t>
    </point>
    <point>
      <x>0.5933333</x>
      <y>0.77166665</y>
      <w>0.41642228</w>
      <t>5933</t>
    </point>
    <point>
      <x>0.5883333</x>
      <y>0.77666664</y>
      <w>0.41642228</w>
      <t>5933</t>
    </point>
    <point>
      <x>0.5833333</x>
      <y>0.7816667</y>
      <w>0.41642228</w>
      <t>5933</t>
    </point>
    <point>
      <x>0.5783333</x>
      <y>0.785</y>
      <w>0.41642228</w>
      <t>5933</t>
    </point>
    <point>
      <x>0.5733333</x>
      <y>0.79</y>
      <w>0.41544476</w>
      <t>5966</t>
    </point>
    <point>
      <x>0.5683333</x>
      <y>0.79333335</y>
      <w>0.41544476</w>
      <t>5966</t>
    </point>
    <point>
      <x>0.56333333</x>
      <y>0.79833335</y>
      <w>0.41544476</w>
      <t>5966</t>
    </point>
    <point>
      <x>0.55833334</x>
      <y>0.80333334</y>
      <w>0.41544476</w>
      <t>5966</t>
    </point>
    <point>
      <x>0.55333334</x>
      <y>0.80833334</y>
      <w>0.41348973</w>
      <t>6000</t>
    </point>
    <point>
      <x>0.5466667</x>
      <y>0.81166667</y>
      <w>0.41348973</w>
      <t>6000</t>
    </point>
    <point>
      <x>0.5416667</x>
      <y>0.81666666</y>
      <w>0.41348973</w>
      <t>6000</t>
    </point>
    <point>
      <x>0.535</x>
      <y>0.82166666</y>
      <w>0.41348973</w>
      <t>6000</t>
    </point>
    <point>
      <x>0.5283333</x>
      <y>0.8283333</y>
      <w>0.38709676</w>
      <t>6034</t>
    </point>
    <point>
      <x>0.52166665</x>
      <y>0.8333333</y>
      <w>0.38709676</w>
      <t>6034</t>
    </point>
    <point>
      <x>0.515</x>
      <y>0.8383333</y>
      <w>0.38709676</w>
      <t>6034</t>
    </point>
    <point>
      <x>0.5083333</x>
      <y>0.845</y>
      <w>0.38709676</w>
      <t>6034</t>
    </point>
    <point>
      <x>0.5</x>
      <y>0.8516667</y>
      <w>0.38709676</w>
      <t>6034</t>
    </point>
    <point>
      <x>0.49166667</x>
      <y>0.8566667</y>
      <w>0.36168134</w>
      <t>6067</t>
    </point>
    <point>
      <x>0.485</x>
      <y>0.86333334</y>
      <w>0.36168134</w>
      <t>6067</t>
    </point>
    <point>
      <x>0.47666666</x>
      <y>0.86833334</y>
      <w>0.36168134</w>
      <t>6067</t>
    </point>
    <point>
      <x>0.46833333</x>
      <y>0.87333333</y>
      <w>0.36168134</w>
      <t>6067</t>
    </point>
    <point>
      <x>0.46</x>
      <y>0.87833333</y>
      <w>0.069403715</w>
      <t>6100</t>
    </point>
    <point>
      <x>0.45333335</x>
      <y>0.8833333</y>
      <w>0.069403715</w>
      <t>6100</t>
    </point>
  </stroke>
</character>
