<?xml version="1.0" encoding="UTF-8"?>
<character>
  <stroke time="0">
    <point>
      <x>0.19166666</x>
      <y>0.5883333</y>
      <w>0.23655914</w>
      <t>35</t>
    </point>
    <point>
      <x>0.19333333</x>
      <y>0.5883333</y>
      <w>0.2678397</w>
      <t>35</t>
    </point>
    <point>
      <x>0.195</x>
      <y>0.5883333</y>
      <w>0.2678397</w>
      <t>35</t>
    </point>
    <point>
      <x>0.19666667</x>
      <y>0.59</y>
      <w>0.38709676</w>
      <t>67</t>
    </point>
    <point>
      <x>0.19833334</x>
      <y>0.59</y>
      <w>0.38709676</w>
      <t>67</t>
    </point>
    <point>
      <x>0.2</x>
      <y>0.59166664</y>
      <w>0.38709676</w>
      <t>67</t>
    </point>
    <point>
      <x>0.2</x>
      <y>0.5933333</y>
      <w>0.38709676</w>
      <t>68</t>
    </point>
    <point>
      <x>0.20166667</x>
      <y>0.5933333</y>
      <w>0.5532747</w>
      <t>101</t>
    </point>
    <point>
      <x>0.20333333</x>
      <y>0.595</y>
      <w>0.5532747</w>
      <t>101</t>
    </point>
    <point>
      <x>0.205</x>
      <y>0.5966667</y>
      <w>0.5532747</w>
      <t>101</t>
    </point>
    <point>
      <x>0.20666666</x>
      <y>0.5966667</y>
      <w>0.5532747</w>
      <t>102</t>
    </point>
    <point>
      <x>0.20833333</x>
      <y>0.59833336</y>
      <w>0.63147604</w>
      <t>133</t>
    </point>
    <point>
      <x>0.20833333</x>
      <y>0.6</y>
      <w>0.63147604</w>
      <t>133</t>
    </point>
    <point>
      <x>0.21</x>
      <y>0.6</y>
      <w>0.63147604</w>
      <t>133</t>
    </point>
    <point>
      <x>0.21166667</x>
      <y>0.6016667</y>
      <w>0.63147604</w>
      <t>134</t>
    </point>
    <point>
      <x>0.21333334</x>
      <y>0.60333335</y>
      <w>0.6969697</w>
      <t>166</t>
    </point>
    <point>
      <x>0.215</x>
      <y>0.605</y>
      <w>0.6969697</w>
      <t>166</t>
    </point>
    <point>
      <x>0.21666667</x>
      <y>0.605</y>
      <w>0.6969697</w>
      <t>166</t>
    </point>
    <point>
      <x>0.21833333</x>
      <y>0.6066667</y>
      <w>0.6969697</w>
      <t>167</t>
    </point>
    <point>
      <x>0.22</x>
      <y>0.60833335</y>
      <w>0.7438905</w>
      <t>201</t>
    </point>
    <point>
      <x>0.22166666</x>
      <y>0.61</y>
      <w>0.7438905</w>
      <t>203</t>
    </point>
    <point>
      <x>0.22333333</x>
      <y>0.6116667</y>
      <w>0.7438905</w>
      <t>203</t>
    </point>
    <point>
      <x>0.22333333</x>
      <y>0.61333334</y>
      <w>0.7438905</w>
      <t>203</t>
    </point>
    <point>
      <x>0.225</x>
      <y>0.615</y>
      <w>0.7438905</w>
      <t>203</t>
    </point>
    <point>
      <x>0.22666667</x>
      <y>0.615</y>
      <w>0.76441836</w>
      <t>234</t>
    </point>
    <point>
      <x>0.22666667</x>
      <y>0.6166667</y>
      <w>0.76441836</w>
      <t>234</t>
    </point>
    <point>
      <x>0.22833334</x>
      <y>0.6166667</y>
      <w>0.76441836</w>
      <t>234</t>
    </point>
    <point>
      <x>0.22833334</x>
      <y>0.61833334</y>
      <w>0.76441836</w>
      <t>235</t>
    </point>
    <point>
      <x>0.23</x>
      <y>0.61833334</y>
      <w>0.7790811</w>
      <t>267</t>
    </point>
    <point>
      <x>0.23166667</x>
      <y>0.61833334</y>
      <w>0.7790811</w>
      <t>267</t>
    </point>
    <point>
      <x>0.23333333</x>
      <y>0.61833334</y>
      <w>0.78396875</w>
      <t>300</t>
    </point>
    <point>
      <x>0.235</x>
      <y>0.61833334</y>
      <w>0.78396875</w>
      <t>300</t>
    </point>
    <point>
      <x>0.23666666</x>
      <y>0.61833334</y>
      <w>0.78494626</w>
      <t>334</t>
    </point>
    <point>
      <x>0.23833333</x>
      <y>0.61833334</y>
      <w>0.78494626</w>
      <t>334</t>
    </point>
    <point>
      <x>0.24</x>
      <y>0.61833334</y>
      <w>0.7869013</w>
      <t>367</t>
    </point>
    <point>
      <x>0.24166666</x>
      <y>0.61833334</y>
      <w>0.7869013</w>
      <t>367</t>
    </point>
    <point>
      <x>0.24333334</x>
      <y>0.61833334</y>
      <w>0.7869013</w>
      <t>367</t>
    </point>
    <point>
      <x>0.245</x>
      <y>0.61833334</y>
      <w>0.7869013</w>
      <t>367</t>
    </point>
    <point>
      <x>0.24666667</x>
      <y>0.61833334</y>
      <w>0.7869013</w>
      <t>400</t>
    </point>
    <point>
      <x>0.24833333</x>
      <y>0.61833334</y>
      <w>0.7869013</w>
      <t>400</t>
    </point>
    <point>
      <x>0.24833333</x>
      <y>0.6166667</y>
      <w>0.7869013</w>
      <t>400</t>
    </point>
    <point>
      <x>0.25</x>
      <y>0.6166667</y>
      <w>0.7790811</w>
      <t>434</t>
    </point>
    <point>
      <x>0.25</x>
      <y>0.615</y>
      <w>0.7790811</w>
      <t>434</t>
    </point>
    <point>
      <x>0.25166667</x>
      <y>0.615</y>
      <w>0.7790811</w>
      <t>434</t>
    </point>
    <point>
      <x>0.25166667</x>
      <y>0.61333334</y>
      <w>0.7790811</w>
      <t>435</t>
    </point>
    <point>
      <x>0.25333333</x>
      <y>0.61333334</y>
      <w>0.74584556</w>
      <t>466</t>
    </point>
    <point>
      <x>0.25333333</x>
      <y>0.6116667</y>
      <w>0.74584556</w>
      <t>466</t>
    </point>
    <point>
      <x>0.255</x>
      <y>0.6116667</y>
      <w>0.74584556</w>
      <t>466</t>
    </point>
    <point>
      <x>0.25666666</x>
      <y>0.61</y>
      <w>0.74584556</w>
      <t>467</t>
    </point>
    <point>
      <x>0.25666666</x>
      <y>0.60833335</y>
      <w>0.74584556</w>
      <t>467</t>
    </point>
    <point>
      <x>0.25833333</x>
      <y>0.6066667</y>
      <w>0.6676442</w>
      <t>500</t>
    </point>
    <point>
      <x>0.26</x>
      <y>0.605</y>
      <w>0.6676442</w>
      <t>500</t>
    </point>
    <point>
      <x>0.26166666</x>
      <y>0.60333335</y>
      <w>0.6676442</w>
      <t>500</t>
    </point>
    <point>
      <x>0.265</x>
      <y>0.6016667</y>
      <w>0.6676442</w>
      <t>500</t>
    </point>
    <point>
      <x>0.26666668</x>
      <y>0.6</y>
      <w>0.5669599</w>
      <t>533</t>
    </point>
    <point>
      <x>0.26833335</x>
      <y>0.59833336</y>
      <w>0.5669599</w>
      <t>533</t>
    </point>
    <point>
      <x>0.27</x>
      <y>0.5966667</y>
      <w>0.5669599</w>
      <t>533</t>
    </point>
    <point>
      <x>0.27333334</x>
      <y>0.595</y>
      <w>0.5669599</w>
      <t>533</t>
    </point>
    <point>
      <x>0.275</x>
      <y>0.5933333</y>
      <w>0.5669599</w>
      <t>534</t>
    </point>
    <point>
      <x>0.27833334</x>
      <y>0.59166664</y>
      <w>0.3929619</w>
      <t>567</t>
    </point>
    <point>
      <x>0.28166667</x>
      <y>0.59</y>
      <w>0.3929619</w>
      <t>567</t>
    </point>
    <point>
      <x>0.28333333</x>
      <y>0.5883333</y>
      <w>0.3929619</w>
      <t>567</t>
    </point>
    <point>
      <x>0.28833333</x>
      <y>0.58666664</y>
      <w>0.3929619</w>
      <t>568</t>
    </point>
  </stroke>
  <stroke time="1134">
    <point>
      <x>0.33166668</x>
      <y>0.565</y>
      <w>0.34017596</w>
      <t>1167</t>
    </point>
    <point>
      <x>0.33166668</x>
      <y>0.56666666</y>
      <w>0.34017596</w>
      <t>1167</t>
    </point>
    <point>
      <x>0.33333334</x>
      <y>0.56666666</y>
      <w>0.34017596</w>
      <t>1167</t>
    </point>
    <point>
      <x>0.335</x>
      <y>0.5683333</y>
      <w>0.34017596</w>
      <t>1167</t>
    </point>
    <point>
      <x>0.33666667</x>
      <y>0.5683333</y>
      <w>0.42619747</w>
      <t>1200</t>
    </point>
    <point>
      <x>0.33833334</x>
      <y>0.57</y>
      <w>0.42619747</w>
      <t>1200</t>
    </point>
    <point>
      <x>0.34</x>
      <y>0.57</y>
      <w>0.42619747</w>
      <t>1200</t>
    </point>
    <point>
      <x>0.34166667</x>
      <y>0.57166666</y>
      <w>0.42619747</w>
      <t>1200</t>
    </point>
    <point>
      <x>0.345</x>
      <y>0.5733333</y>
      <w>0.42619747</w>
      <t>1200</t>
    </point>
    <point>
      <x>0.34666666</x>
      <y>0.5733333</y>
      <w>0.48387095</w>
      <t>1233</t>
    </point>
    <point>
      <x>0.34833333</x>
      <y>0.575</y>
      <w>0.48387095</w>
      <t>1233</t>
    </point>
    <point>
      <x>0.35</x>
      <y>0.57666665</y>
      <w>0.48387095</w>
      <t>1235</t>
    </point>
    <point>
      <x>0.35166666</x>
      <y>0.57666665</y>
      <w>0.48387095</w>
      <t>1235</t>
    </point>
    <point>
      <x>0.35333332</x>
      <y>0.5783333</y>
      <w>0.55620724</w>
      <t>1267</t>
    </point>
    <point>
      <x>0.355</x>
      <y>0.58</y>
      <w>0.55620724</w>
      <t>1267</t>
    </point>
    <point>
      <x>0.35666665</x>
      <y>0.58166665</y>
      <w>0.55620724</w>
      <t>1267</t>
    </point>
    <point>
      <x>0.35833332</x>
      <y>0.5833333</y>
      <w>0.63147604</w>
      <t>1300</t>
    </point>
    <point>
      <x>0.36</x>
      <y>0.585</y>
      <w>0.63147604</w>
      <t>1300</t>
    </point>
    <point>
      <x>0.36166668</x>
      <y>0.58666664</y>
      <w>0.63147604</w>
      <t>1300</t>
    </point>
    <point>
      <x>0.36333334</x>
      <y>0.5883333</y>
      <w>0.69501466</w>
      <t>1334</t>
    </point>
    <point>
      <x>0.365</x>
      <y>0.59</y>
      <w>0.69501466</w>
      <t>1334</t>
    </point>
    <point>
      <x>0.36666667</x>
      <y>0.59166664</y>
      <w>0.69501466</w>
      <t>1335</t>
    </point>
    <point>
      <x>0.36833334</x>
      <y>0.5933333</y>
      <w>0.7478006</w>
      <t>1367</t>
    </point>
    <point>
      <x>0.37</x>
      <y>0.595</y>
      <w>0.7478006</w>
      <t>1367</t>
    </point>
    <point>
      <x>0.37</x>
      <y>0.5966667</y>
      <w>0.7478006</w>
      <t>1367</t>
    </point>
    <point>
      <x>0.37166667</x>
      <y>0.5966667</y>
      <w>0.7663734</w>
      <t>1400</t>
    </point>
    <point>
      <x>0.37333333</x>
      <y>0.59833336</y>
      <w>0.7663734</w>
      <t>1400</t>
    </point>
    <point>
      <x>0.375</x>
      <y>0.6</y>
      <w>0.7663734</w>
      <t>1400</t>
    </point>
    <point>
      <x>0.37666667</x>
      <y>0.6</y>
      <w>0.7790811</w>
      <t>1433</t>
    </point>
    <point>
      <x>0.37833333</x>
      <y>0.6016667</y>
      <w>0.7790811</w>
      <t>1433</t>
    </point>
    <point>
      <x>0.38</x>
      <y>0.6016667</y>
      <w>0.78396875</w>
      <t>1467</t>
    </point>
    <point>
      <x>0.38166666</x>
      <y>0.6016667</y>
      <w>0.78396875</w>
      <t>1467</t>
    </point>
    <point>
      <x>0.38166666</x>
      <y>0.60333335</y>
      <w>0.7859238</w>
      <t>1501</t>
    </point>
    <point>
      <x>0.38333333</x>
      <y>0.60333335</y>
      <w>0.7859238</w>
      <t>1501</t>
    </point>
    <point>
      <x>0.385</x>
      <y>0.60333335</y>
      <w>0.7869013</w>
      <t>1534</t>
    </point>
    <point>
      <x>0.38666666</x>
      <y>0.60333335</y>
      <w>0.7869013</w>
      <t>1534</t>
    </point>
    <point>
      <x>0.38833332</x>
      <y>0.60333335</y>
      <w>0.7859238</w>
      <t>1567</t>
    </point>
    <point>
      <x>0.39</x>
      <y>0.60333335</y>
      <w>0.7859238</w>
      <t>1567</t>
    </point>
    <point>
      <x>0.39166668</x>
      <y>0.6016667</y>
      <w>0.7859238</w>
      <t>1567</t>
    </point>
    <point>
      <x>0.39333335</x>
      <y>0.6016667</y>
      <w>0.7859238</w>
      <t>1568</t>
    </point>
    <point>
      <x>0.395</x>
      <y>0.6</y>
      <w>0.7653959</w>
      <t>1600</t>
    </point>
    <point>
      <x>0.39666668</x>
      <y>0.6</y>
      <w>0.7653959</w>
      <t>1600</t>
    </point>
    <point>
      <x>0.39833334</x>
      <y>0.59833336</y>
      <w>0.7653959</w>
      <t>1600</t>
    </point>
    <point>
      <x>0.4</x>
      <y>0.5966667</y>
      <w>0.7302053</w>
      <t>1634</t>
    </point>
    <point>
      <x>0.40166667</x>
      <y>0.5966667</y>
      <w>0.7302053</w>
      <t>1634</t>
    </point>
    <point>
      <x>0.40333334</x>
      <y>0.595</y>
      <w>0.7302053</w>
      <t>1634</t>
    </point>
    <point>
      <x>0.405</x>
      <y>0.5933333</y>
      <w>0.7302053</w>
      <t>1634</t>
    </point>
    <point>
      <x>0.40666667</x>
      <y>0.5933333</y>
      <w>0.6920821</w>
      <t>1667</t>
    </point>
    <point>
      <x>0.40833333</x>
      <y>0.59166664</y>
      <w>0.6920821</w>
      <t>1667</t>
    </point>
    <point>
      <x>0.41</x>
      <y>0.59</y>
      <w>0.6920821</w>
      <t>1667</t>
    </point>
    <point>
      <x>0.41333333</x>
      <y>0.5883333</y>
      <w>0.6920821</w>
      <t>1667</t>
    </point>
    <point>
      <x>0.415</x>
      <y>0.58666664</y>
      <w>0.6920821</w>
      <t>1667</t>
    </point>
    <point>
      <x>0.41666666</x>
      <y>0.585</y>
      <w>0.63147604</w>
      <t>1700</t>
    </point>
    <point>
      <x>0.41833332</x>
      <y>0.5833333</y>
      <w>0.63147604</w>
      <t>1700</t>
    </point>
    <point>
      <x>0.42</x>
      <y>0.58166665</y>
      <w>0.63147604</w>
      <t>1700</t>
    </point>
    <point>
      <x>0.42333335</x>
      <y>0.58</y>
      <w>0.63147604</w>
      <t>1700</t>
    </point>
    <point>
      <x>0.425</x>
      <y>0.58</y>
      <w>0.5522972</w>
      <t>1734</t>
    </point>
    <point>
      <x>0.42833334</x>
      <y>0.5783333</y>
      <w>0.5522972</w>
      <t>1734</t>
    </point>
    <point>
      <x>0.43</x>
      <y>0.57666665</y>
      <w>0.5522972</w>
      <t>1734</t>
    </point>
    <point>
      <x>0.43333334</x>
      <y>0.575</y>
      <w>0.5522972</w>
      <t>1734</t>
    </point>
    <point>
      <x>0.435</x>
      <y>0.5733333</y>
      <w>0.5522972</w>
      <t>1734</t>
    </point>
    <point>
      <x>0.43833333</x>
      <y>0.57166666</y>
      <w>0.4398827</w>
      <t>1766</t>
    </point>
    <point>
      <x>0.44</x>
      <y>0.57</y>
      <w>0.4398827</w>
      <t>1766</t>
    </point>
    <point>
      <x>0.44333333</x>
      <y>0.5683333</y>
      <w>0.4398827</w>
      <t>1766</t>
    </point>
    <point>
      <x>0.445</x>
      <y>0.56666666</y>
      <w>0.4398827</w>
      <t>1766</t>
    </point>
    <point>
      <x>0.44666666</x>
      <y>0.565</y>
      <w>0.36852396</w>
      <t>1800</t>
    </point>
    <point>
      <x>0.45</x>
      <y>0.56166667</y>
      <w>0.36852396</w>
      <t>1800</t>
    </point>
    <point>
      <x>0.45166665</x>
      <y>0.56</y>
      <w>0.36852396</w>
      <t>1800</t>
    </point>
    <point>
      <x>0.455</x>
      <y>0.5566667</y>
      <w>0.36852396</w>
      <t>1800</t>
    </point>
    <point>
      <x>0.45666668</x>
      <y>0.555</y>
      <w>0.36852396</w>
      <t>1800</t>
    </point>
    <point>
      <x>0.46</x>
      <y>0.55333334</y>
      <w>0.2228739</w>
      <t>1834</t>
    </point>
    <point>
      <x>0.46333334</x>
      <y>0.55</y>
      <w>0.2228739</w>
      <t>1834</t>
    </point>
    <point>
      <x>0.46666667</x>
      <y>0.54833335</y>
      <w>0.2228739</w>
      <t>1834</t>
    </point>
    <point>
      <x>0.47</x>
      <y>0.5466667</y>
      <w>0.2228739</w>
      <t>1834</t>
    </point>
    <point>
      <x>0.47333333</x>
      <y>0.54333335</y>
      <w>0.12218964</w>
      <t>1867</t>
    </point>
    <point>
      <x>0.47666666</x>
      <y>0.5416667</y>
      <w>0.12218964</w>
      <t>1867</t>
    </point>
    <point>
      <x>0.48</x>
      <y>0.54</y>
      <w>0.12218964</w>
      <t>1867</t>
    </point>
    <point>
      <x>0.48166665</x>
      <y>0.5366667</y>
      <w>0.12218964</w>
      <t>1867</t>
    </point>
    <point>
      <x>0.485</x>
      <y>0.535</y>
      <w>0.12218964</w>
      <t>1867</t>
    </point>
  </stroke>
  <stroke time="3067">
    <point>
      <x>0.6016667</x>
      <y>0.305</y>
      <w>0.20039101</w>
      <t>3100</t>
    </point>
    <point>
      <x>0.6016667</x>
      <y>0.30333334</y>
      <w>0.20039101</w>
      <t>3100</t>
    </point>
    <point>
      <x>0.60333335</x>
      <y>0.30333334</y>
      <w>0.20039101</w>
      <t>3100</t>
    </point>
    <point>
      <x>0.60333335</x>
      <y>0.30166668</y>
      <w>0.20039101</w>
      <t>3100</t>
    </point>
    <point>
      <x>0.605</x>
      <y>0.30166668</y>
      <w>0.28250244</w>
      <t>3133</t>
    </point>
    <point>
      <x>0.6066667</x>
      <y>0.3</y>
      <w>0.28250244</w>
      <t>3133</t>
    </point>
    <point>
      <x>0.60833335</x>
      <y>0.3</y>
      <w>0.28250244</w>
      <t>3133</t>
    </point>
    <point>
      <x>0.6116667</x>
      <y>0.3</y>
      <w>0.28250244</w>
      <t>3133</t>
    </point>
    <point>
      <x>0.61333334</x>
      <y>0.3</y>
      <w>0.32258064</w>
      <t>3167</t>
    </point>
    <point>
      <x>0.6166667</x>
      <y>0.3</y>
      <w>0.32258064</w>
      <t>3167</t>
    </point>
    <point>
      <x>0.61833334</x>
      <y>0.3</y>
      <w>0.32258064</w>
      <t>3167</t>
    </point>
    <point>
      <x>0.62166667</x>
      <y>0.3</y>
      <w>0.32258064</w>
      <t>3167</t>
    </point>
    <point>
      <x>0.625</x>
      <y>0.3</y>
      <w>0.32258064</w>
      <t>3167</t>
    </point>
    <point>
      <x>0.62666667</x>
      <y>0.3</y>
      <w>0.33919844</w>
      <t>3200</t>
    </point>
    <point>
      <x>0.62833333</x>
      <y>0.30166668</y>
      <w>0.33919844</w>
      <t>3200</t>
    </point>
    <point>
      <x>0.63</x>
      <y>0.30166668</y>
      <w>0.33919844</w>
      <t>3200</t>
    </point>
    <point>
      <x>0.6333333</x>
      <y>0.30333334</y>
      <w>0.33919844</w>
      <t>3200</t>
    </point>
    <point>
      <x>0.635</x>
      <y>0.305</y>
      <w>0.40957966</w>
      <t>3233</t>
    </point>
    <point>
      <x>0.63666666</x>
      <y>0.30666667</y>
      <w>0.40957966</w>
      <t>3233</t>
    </point>
    <point>
      <x>0.6383333</x>
      <y>0.30833334</y>
      <w>0.40957966</w>
      <t>3233</t>
    </point>
    <point>
      <x>0.6383333</x>
      <y>0.31166667</y>
      <w>0.40957966</w>
      <t>3233</t>
    </point>
    <point>
      <x>0.6383333</x>
      <y>0.31333333</y>
      <w>0.52394915</w>
      <t>3267</t>
    </point>
    <point>
      <x>0.6383333</x>
      <y>0.31666666</y>
      <w>0.52394915</w>
      <t>3267</t>
    </point>
    <point>
      <x>0.64</x>
      <y>0.31833333</y>
      <w>0.52394915</w>
      <t>3267</t>
    </point>
    <point>
      <x>0.64</x>
      <y>0.32</y>
      <w>0.52394915</w>
      <t>3267</t>
    </point>
    <point>
      <x>0.64</x>
      <y>0.32333332</y>
      <w>0.6050831</w>
      <t>3300</t>
    </point>
    <point>
      <x>0.64</x>
      <y>0.325</y>
      <w>0.6050831</w>
      <t>3300</t>
    </point>
    <point>
      <x>0.64</x>
      <y>0.32666665</y>
      <w>0.6050831</w>
      <t>3300</t>
    </point>
    <point>
      <x>0.64</x>
      <y>0.32833335</y>
      <w>0.6050831</w>
      <t>3300</t>
    </point>
    <point>
      <x>0.64</x>
      <y>0.33166668</y>
      <w>0.6050831</w>
      <t>3300</t>
    </point>
    <point>
      <x>0.64</x>
      <y>0.33333334</y>
      <w>0.6686217</w>
      <t>3334</t>
    </point>
    <point>
      <x>0.64</x>
      <y>0.33666667</y>
      <w>0.6686217</w>
      <t>3334</t>
    </point>
    <point>
      <x>0.64</x>
      <y>0.34</y>
      <w>0.6686217</w>
      <t>3334</t>
    </point>
    <point>
      <x>0.64</x>
      <y>0.34333333</y>
      <w>0.6686217</w>
      <t>3334</t>
    </point>
    <point>
      <x>0.64</x>
      <y>0.34666666</y>
      <w>0.72825027</w>
      <t>3367</t>
    </point>
    <point>
      <x>0.64</x>
      <y>0.35</y>
      <w>0.72825027</w>
      <t>3367</t>
    </point>
    <point>
      <x>0.64</x>
      <y>0.35166666</y>
      <w>0.72825027</w>
      <t>3367</t>
    </point>
    <point>
      <x>0.64</x>
      <y>0.355</y>
      <w>0.72825027</w>
      <t>3367</t>
    </point>
    <point>
      <x>0.64</x>
      <y>0.36</y>
      <w>0.72825027</w>
      <t>3367</t>
    </point>
    <point>
      <x>0.6383333</x>
      <y>0.36333334</y>
      <w>0.77517104</w>
      <t>3400</t>
    </point>
    <point>
      <x>0.6383333</x>
      <y>0.36833334</y>
      <w>0.77517104</w>
      <t>3400</t>
    </point>
    <point>
      <x>0.63666666</x>
      <y>0.37333333</y>
      <w>0.77517104</w>
      <t>3400</t>
    </point>
    <point>
      <x>0.63666666</x>
      <y>0.37833333</y>
      <w>0.77517104</w>
      <t>3400</t>
    </point>
    <point>
      <x>0.635</x>
      <y>0.38333333</y>
      <w>0.8064516</w>
      <t>3434</t>
    </point>
    <point>
      <x>0.635</x>
      <y>0.38833332</y>
      <w>0.8064516</w>
      <t>3434</t>
    </point>
    <point>
      <x>0.6333333</x>
      <y>0.39333335</y>
      <w>0.8064516</w>
      <t>3434</t>
    </point>
    <point>
      <x>0.6333333</x>
      <y>0.39833334</y>
      <w>0.8064516</w>
      <t>3434</t>
    </point>
    <point>
      <x>0.63166666</x>
      <y>0.40333334</y>
      <w>0.8064516</w>
      <t>3434</t>
    </point>
    <point>
      <x>0.63166666</x>
      <y>0.40833333</y>
      <w>0.83870965</w>
      <t>3467</t>
    </point>
    <point>
      <x>0.63166666</x>
      <y>0.415</y>
      <w>0.83870965</w>
      <t>3467</t>
    </point>
    <point>
      <x>0.63</x>
      <y>0.42</y>
      <w>0.83870965</w>
      <t>3467</t>
    </point>
    <point>
      <x>0.63</x>
      <y>0.425</y>
      <w>0.83870965</w>
      <t>3467</t>
    </point>
    <point>
      <x>0.62833333</x>
      <y>0.43166667</y>
      <w>0.8484849</w>
      <t>3500</t>
    </point>
    <point>
      <x>0.62833333</x>
      <y>0.43666667</y>
      <w>0.8484849</w>
      <t>3500</t>
    </point>
    <point>
      <x>0.62666667</x>
      <y>0.44333333</y>
      <w>0.8484849</w>
      <t>3500</t>
    </point>
    <point>
      <x>0.62666667</x>
      <y>0.44833332</y>
      <w>0.8484849</w>
      <t>3500</t>
    </point>
    <point>
      <x>0.62666667</x>
      <y>0.45333335</y>
      <w>0.85435</w>
      <t>3534</t>
    </point>
    <point>
      <x>0.62666667</x>
      <y>0.46</y>
      <w>0.85435</w>
      <t>3534</t>
    </point>
    <point>
      <x>0.625</x>
      <y>0.465</y>
      <w>0.85435</w>
      <t>3534</t>
    </point>
    <point>
      <x>0.625</x>
      <y>0.47</y>
      <w>0.85435</w>
      <t>3534</t>
    </point>
    <point>
      <x>0.625</x>
      <y>0.47666666</y>
      <w>0.85435</w>
      <t>3534</t>
    </point>
    <point>
      <x>0.625</x>
      <y>0.48166665</y>
      <w>0.856305</w>
      <t>3567</t>
    </point>
    <point>
      <x>0.625</x>
      <y>0.48833334</y>
      <w>0.856305</w>
      <t>3567</t>
    </point>
    <point>
      <x>0.625</x>
      <y>0.49333334</y>
      <w>0.856305</w>
      <t>3567</t>
    </point>
    <point>
      <x>0.625</x>
      <y>0.49833333</y>
      <w>0.856305</w>
      <t>3567</t>
    </point>
    <point>
      <x>0.625</x>
      <y>0.50333333</y>
      <w>0.8572825</w>
      <t>3601</t>
    </point>
    <point>
      <x>0.625</x>
      <y>0.5083333</y>
      <w>0.8572825</w>
      <t>3601</t>
    </point>
    <point>
      <x>0.625</x>
      <y>0.51166666</y>
      <w>0.8572825</w>
      <t>3601</t>
    </point>
    <point>
      <x>0.625</x>
      <y>0.51666665</y>
      <w>0.8572825</w>
      <t>3601</t>
    </point>
    <point>
      <x>0.625</x>
      <y>0.52</y>
      <w>0.8572825</w>
      <t>3601</t>
    </point>
    <point>
      <x>0.62666667</x>
      <y>0.5233333</y>
      <w>0.8572825</w>
      <t>3633</t>
    </point>
    <point>
      <x>0.62666667</x>
      <y>0.5283333</y>
      <w>0.8572825</w>
      <t>3633</t>
    </point>
    <point>
      <x>0.62666667</x>
      <y>0.5316667</y>
      <w>0.8572825</w>
      <t>3633</t>
    </point>
    <point>
      <x>0.62833333</x>
      <y>0.53333336</y>
      <w>0.8572825</w>
      <t>3633</t>
    </point>
    <point>
      <x>0.62833333</x>
      <y>0.5366667</y>
      <w>0.8553275</w>
      <t>3666</t>
    </point>
    <point>
      <x>0.63</x>
      <y>0.53833336</y>
      <w>0.8553275</w>
      <t>3666</t>
    </point>
    <point>
      <x>0.63</x>
      <y>0.5416667</y>
      <w>0.8553275</w>
      <t>3666</t>
    </point>
    <point>
      <x>0.63166666</x>
      <y>0.54333335</y>
      <w>0.8553275</w>
      <t>3666</t>
    </point>
    <point>
      <x>0.63166666</x>
      <y>0.545</y>
      <w>0.85337245</w>
      <t>3700</t>
    </point>
    <point>
      <x>0.6333333</x>
      <y>0.5466667</y>
      <w>0.85337245</w>
      <t>3700</t>
    </point>
    <point>
      <x>0.635</x>
      <y>0.54833335</y>
      <w>0.85337245</w>
      <t>3700</t>
    </point>
    <point>
      <x>0.635</x>
      <y>0.55</y>
      <w>0.85337245</w>
      <t>3700</t>
    </point>
    <point>
      <x>0.63666666</x>
      <y>0.55</y>
      <w>0.85337245</w>
      <t>3700</t>
    </point>
    <point>
      <x>0.6383333</x>
      <y>0.5516667</y>
      <w>0.85239494</w>
      <t>3733</t>
    </point>
    <point>
      <x>0.64</x>
      <y>0.55333334</y>
      <w>0.85239494</w>
      <t>3733</t>
    </point>
    <point>
      <x>0.64166665</x>
      <y>0.55333334</y>
      <w>0.85239494</w>
      <t>3733</t>
    </point>
    <point>
      <x>0.6433333</x>
      <y>0.555</y>
      <w>0.85239494</w>
      <t>3733</t>
    </point>
    <point>
      <x>0.645</x>
      <y>0.5566667</y>
      <w>0.85239494</w>
      <t>3733</t>
    </point>
    <point>
      <x>0.64666665</x>
      <y>0.5566667</y>
      <w>0.84652984</w>
      <t>3767</t>
    </point>
    <point>
      <x>0.6483333</x>
      <y>0.55833334</y>
      <w>0.84652984</w>
      <t>3767</t>
    </point>
    <point>
      <x>0.65</x>
      <y>0.56</y>
      <w>0.84652984</w>
      <t>3767</t>
    </point>
    <point>
      <x>0.65166664</x>
      <y>0.56</y>
      <w>0.84652984</w>
      <t>3767</t>
    </point>
    <point>
      <x>0.6533333</x>
      <y>0.56166667</y>
      <w>0.8455523</w>
      <t>3800</t>
    </point>
    <point>
      <x>0.655</x>
      <y>0.56166667</y>
      <w>0.8455523</w>
      <t>3800</t>
    </point>
    <point>
      <x>0.6566667</x>
      <y>0.56333333</y>
      <w>0.8455523</w>
      <t>3800</t>
    </point>
    <point>
      <x>0.65833336</x>
      <y>0.56333333</y>
      <w>0.8455523</w>
      <t>3800</t>
    </point>
    <point>
      <x>0.6616667</x>
      <y>0.565</y>
      <w>0.83968717</w>
      <t>3833</t>
    </point>
    <point>
      <x>0.66333336</x>
      <y>0.565</y>
      <w>0.83968717</w>
      <t>3833</t>
    </point>
    <point>
      <x>0.665</x>
      <y>0.56666666</y>
      <w>0.83968717</w>
      <t>3833</t>
    </point>
    <point>
      <x>0.66833335</x>
      <y>0.56666666</y>
      <w>0.83968717</w>
      <t>3833</t>
    </point>
    <point>
      <x>0.6716667</x>
      <y>0.56666666</y>
      <w>0.83968717</w>
      <t>3833</t>
    </point>
    <point>
      <x>0.67333335</x>
      <y>0.5683333</y>
      <w>0.82111436</w>
      <t>3867</t>
    </point>
    <point>
      <x>0.6766667</x>
      <y>0.5683333</y>
      <w>0.82111436</w>
      <t>3867</t>
    </point>
    <point>
      <x>0.68</x>
      <y>0.5683333</y>
      <w>0.82111436</w>
      <t>3867</t>
    </point>
    <point>
      <x>0.6816667</x>
      <y>0.57</y>
      <w>0.82111436</w>
      <t>3867</t>
    </point>
    <point>
      <x>0.685</x>
      <y>0.57</y>
      <w>0.82111436</w>
      <t>3900</t>
    </point>
    <point>
      <x>0.68666667</x>
      <y>0.57</y>
      <w>0.82111436</w>
      <t>3900</t>
    </point>
    <point>
      <x>0.68833333</x>
      <y>0.57</y>
      <w>0.82111436</w>
      <t>3900</t>
    </point>
    <point>
      <x>0.69166666</x>
      <y>0.57166666</y>
      <w>0.82111436</w>
      <t>3900</t>
    </point>
    <point>
      <x>0.6933333</x>
      <y>0.57166666</y>
      <w>0.82111436</w>
      <t>3900</t>
    </point>
    <point>
      <x>0.695</x>
      <y>0.57166666</y>
      <w>0.8230694</w>
      <t>3933</t>
    </point>
    <point>
      <x>0.6983333</x>
      <y>0.57166666</y>
      <w>0.8230694</w>
      <t>3933</t>
    </point>
    <point>
      <x>0.7</x>
      <y>0.5733333</y>
      <w>0.8230694</w>
      <t>3933</t>
    </point>
    <point>
      <x>0.70166665</x>
      <y>0.5733333</y>
      <w>0.8230694</w>
      <t>3933</t>
    </point>
    <point>
      <x>0.705</x>
      <y>0.5733333</y>
      <w>0.8250244</w>
      <t>3967</t>
    </point>
    <point>
      <x>0.70666665</x>
      <y>0.5733333</y>
      <w>0.8250244</w>
      <t>3967</t>
    </point>
    <point>
      <x>0.7083333</x>
      <y>0.575</y>
      <w>0.8250244</w>
      <t>3967</t>
    </point>
    <point>
      <x>0.71</x>
      <y>0.575</y>
      <w>0.8250244</w>
      <t>3967</t>
    </point>
    <point>
      <x>0.71166664</x>
      <y>0.57666665</y>
      <w>0.8250244</w>
      <t>3967</t>
    </point>
    <point>
      <x>0.7133333</x>
      <y>0.57666665</y>
      <w>0.827957</w>
      <t>4000</t>
    </point>
    <point>
      <x>0.715</x>
      <y>0.5783333</y>
      <w>0.827957</w>
      <t>4000</t>
    </point>
    <point>
      <x>0.71666664</x>
      <y>0.5783333</y>
      <w>0.827957</w>
      <t>4000</t>
    </point>
    <point>
      <x>0.7183333</x>
      <y>0.58</y>
      <w>0.827957</w>
      <t>4000</t>
    </point>
    <point>
      <x>0.72</x>
      <y>0.58</y>
      <w>0.8367546</w>
      <t>4034</t>
    </point>
    <point>
      <x>0.7216667</x>
      <y>0.58166665</y>
      <w>0.8367546</w>
      <t>4034</t>
    </point>
    <point>
      <x>0.72333336</x>
      <y>0.58166665</y>
      <w>0.8367546</w>
      <t>4034</t>
    </point>
    <point>
      <x>0.72333336</x>
      <y>0.5833333</y>
      <w>0.8367546</w>
      <t>4034</t>
    </point>
    <point>
      <x>0.725</x>
      <y>0.5833333</y>
      <w>0.8367546</w>
      <t>4034</t>
    </point>
    <point>
      <x>0.725</x>
      <y>0.585</y>
      <w>0.8426197</w>
      <t>4067</t>
    </point>
    <point>
      <x>0.7266667</x>
      <y>0.585</y>
      <w>0.8426197</w>
      <t>4067</t>
    </point>
    <point>
      <x>0.72833335</x>
      <y>0.585</y>
      <w>0.8426197</w>
      <t>4067</t>
    </point>
    <point>
      <x>0.72833335</x>
      <y>0.58666664</y>
      <w>0.8426197</w>
      <t>4067</t>
    </point>
    <point>
      <x>0.73</x>
      <y>0.58666664</y>
      <w>0.84359723</w>
      <t>4100</t>
    </point>
    <point>
      <x>0.73</x>
      <y>0.5883333</y>
      <w>0.84359723</w>
      <t>4100</t>
    </point>
    <point>
      <x>0.7316667</x>
      <y>0.59</y>
      <w>0.84359723</w>
      <t>4100</t>
    </point>
    <point>
      <x>0.73333335</x>
      <y>0.59166664</y>
      <w>0.8445748</w>
      <t>4134</t>
    </point>
    <point>
      <x>0.73333335</x>
      <y>0.5933333</y>
      <w>0.8445748</w>
      <t>4134</t>
    </point>
    <point>
      <x>0.735</x>
      <y>0.595</y>
      <w>0.8445748</w>
      <t>4134</t>
    </point>
    <point>
      <x>0.735</x>
      <y>0.5966667</y>
      <w>0.8445748</w>
      <t>4167</t>
    </point>
    <point>
      <x>0.7366667</x>
      <y>0.59833336</y>
      <w>0.8445748</w>
      <t>4167</t>
    </point>
    <point>
      <x>0.7366667</x>
      <y>0.6</y>
      <w>0.80742913</w>
      <t>4300</t>
    </point>
    <point>
      <x>0.7366667</x>
      <y>0.6016667</y>
      <w>0.80742913</w>
      <t>4300</t>
    </point>
    <point>
      <x>0.735</x>
      <y>0.60333335</y>
      <w>0.7790811</w>
      <t>4334</t>
    </point>
    <point>
      <x>0.735</x>
      <y>0.605</y>
      <w>0.7790811</w>
      <t>4334</t>
    </point>
    <point>
      <x>0.73333335</x>
      <y>0.605</y>
      <w>0.7790811</w>
      <t>4334</t>
    </point>
    <point>
      <x>0.73333335</x>
      <y>0.6066667</y>
      <w>0.7790811</w>
      <t>4334</t>
    </point>
    <point>
      <x>0.7316667</x>
      <y>0.6066667</y>
      <w>0.7790811</w>
      <t>4334</t>
    </point>
    <point>
      <x>0.7316667</x>
      <y>0.60833335</y>
      <w>0.75659823</w>
      <t>4367</t>
    </point>
    <point>
      <x>0.73</x>
      <y>0.60833335</y>
      <w>0.75659823</w>
      <t>4367</t>
    </point>
    <point>
      <x>0.72833335</x>
      <y>0.60833335</y>
      <w>0.75659823</w>
      <t>4367</t>
    </point>
    <point>
      <x>0.72833335</x>
      <y>0.61</y>
      <w>0.7253177</w>
      <t>4400</t>
    </point>
    <point>
      <x>0.7266667</x>
      <y>0.61</y>
      <w>0.7253177</w>
      <t>4400</t>
    </point>
    <point>
      <x>0.725</x>
      <y>0.61</y>
      <w>0.7253177</w>
      <t>4400</t>
    </point>
    <point>
      <x>0.725</x>
      <y>0.6116667</y>
      <w>0.7253177</w>
      <t>4400</t>
    </point>
    <point>
      <x>0.72333336</x>
      <y>0.6116667</y>
      <w>0.6627566</w>
      <t>4434</t>
    </point>
    <point>
      <x>0.7216667</x>
      <y>0.61333334</y>
      <w>0.6627566</w>
      <t>4434</t>
    </point>
    <point>
      <x>0.72</x>
      <y>0.61333334</y>
      <w>0.6627566</w>
      <t>4434</t>
    </point>
    <point>
      <x>0.7183333</x>
      <y>0.615</y>
      <w>0.6627566</w>
      <t>4434</t>
    </point>
    <point>
      <x>0.715</x>
      <y>0.615</y>
      <w>0.6627566</w>
      <t>4434</t>
    </point>
    <point>
      <x>0.7133333</x>
      <y>0.6166667</y>
      <w>0.6177908</w>
      <t>4467</t>
    </point>
    <point>
      <x>0.71</x>
      <y>0.61833334</y>
      <w>0.6177908</w>
      <t>4467</t>
    </point>
    <point>
      <x>0.7083333</x>
      <y>0.61833334</y>
      <w>0.6177908</w>
      <t>4467</t>
    </point>
    <point>
      <x>0.705</x>
      <y>0.62</y>
      <w>0.6177908</w>
      <t>4467</t>
    </point>
    <point>
      <x>0.7033333</x>
      <y>0.62166667</y>
      <w>0.52492666</w>
      <t>4500</t>
    </point>
    <point>
      <x>0.7</x>
      <y>0.62333333</y>
      <w>0.52492666</w>
      <t>4500</t>
    </point>
    <point>
      <x>0.69666666</x>
      <y>0.625</y>
      <w>0.52492666</w>
      <t>4500</t>
    </point>
    <point>
      <x>0.695</x>
      <y>0.62666667</y>
      <w>0.52492666</w>
      <t>4500</t>
    </point>
    <point>
      <x>0.69166666</x>
      <y>0.62833333</y>
      <w>0.52492666</w>
      <t>4500</t>
    </point>
    <point>
      <x>0.68833333</x>
      <y>0.63</y>
      <w>0.4740958</w>
      <t>4534</t>
    </point>
    <point>
      <x>0.68666667</x>
      <y>0.63166666</y>
      <w>0.4740958</w>
      <t>4534</t>
    </point>
    <point>
      <x>0.68333334</x>
      <y>0.6333333</y>
      <w>0.4740958</w>
      <t>4534</t>
    </point>
    <point>
      <x>0.68</x>
      <y>0.635</y>
      <w>0.4740958</w>
      <t>4534</t>
    </point>
    <point>
      <x>0.67833334</x>
      <y>0.63666666</y>
      <w>0.38025415</w>
      <t>4567</t>
    </point>
    <point>
      <x>0.675</x>
      <y>0.6383333</y>
      <w>0.38025415</w>
      <t>4567</t>
    </point>
    <point>
      <x>0.6716667</x>
      <y>0.64</y>
      <w>0.38025415</w>
      <t>4567</t>
    </point>
    <point>
      <x>0.66833335</x>
      <y>0.64166665</y>
      <w>0.38025415</w>
      <t>4567</t>
    </point>
    <point>
      <x>0.665</x>
      <y>0.6433333</y>
      <w>0.38025415</w>
      <t>4567</t>
    </point>
    <point>
      <x>0.6616667</x>
      <y>0.645</y>
      <w>0.21896383</w>
      <t>4600</t>
    </point>
    <point>
      <x>0.65833336</x>
      <y>0.6483333</y>
      <w>0.21896383</w>
      <t>4600</t>
    </point>
    <point>
      <x>0.655</x>
      <y>0.65</y>
      <w>0.21896383</w>
      <t>4600</t>
    </point>
    <point>
      <x>0.65166664</x>
      <y>0.65166664</y>
      <w>0.21896383</w>
      <t>4600</t>
    </point>
    <point>
      <x>0.64666665</x>
      <y>0.655</y>
      <w>0.08993158</w>
      <t>4634</t>
    </point>
    <point>
      <x>0.64166665</x>
      <y>0.6566667</y>
      <w>0.08993158</w>
      <t>4634</t>
    </point>
    <point>
      <x>0.6383333</x>
      <y>0.66</y>
      <w>0.08993158</w>
      <t>4634</t>
    </point>
    <point>
      <x>0.6333333</x>
      <y>0.6616667</y>
      <w>0.08993158</w>
      <t>4634</t>
    </point>
    <point>
      <x>0.62833333</x>
      <y>0.665</y>
      <w>0.08993158</w>
      <t>4634</t>
    </point>
  </stroke>
</character>
