<?xml version="1.0" encoding="UTF-8"?>
<character>
  <stroke time="0">
    <point>
      <x>0.33</x>
      <y>0.28166667</y>
      <w>0.2346041</w>
      <t>37</t>
    </point>
    <point>
      <x>0.33</x>
      <y>0.28333333</y>
      <w>0.32942328</w>
      <t>67</t>
    </point>
    <point>
      <x>0.33166668</x>
      <y>0.28333333</y>
      <w>0.46432063</w>
      <t>101</t>
    </point>
    <point>
      <x>0.33166668</x>
      <y>0.285</y>
      <w>0.46432063</w>
      <t>101</t>
    </point>
    <point>
      <x>0.33166668</x>
      <y>0.28666666</y>
      <w>0.46432063</w>
      <t>101</t>
    </point>
    <point>
      <x>0.33333334</x>
      <y>0.28833333</y>
      <w>0.58162266</w>
      <t>133</t>
    </point>
    <point>
      <x>0.335</x>
      <y>0.29</y>
      <w>0.58162266</w>
      <t>133</t>
    </point>
    <point>
      <x>0.33666667</x>
      <y>0.29166666</y>
      <w>0.58162266</w>
      <t>133</t>
    </point>
    <point>
      <x>0.33833334</x>
      <y>0.29333332</y>
      <w>0.627566</w>
      <t>167</t>
    </point>
    <point>
      <x>0.34</x>
      <y>0.295</y>
      <w>0.627566</w>
      <t>167</t>
    </point>
    <point>
      <x>0.34166667</x>
      <y>0.29666665</y>
      <w>0.6686217</w>
      <t>200</t>
    </point>
    <point>
      <x>0.34166667</x>
      <y>0.29833335</y>
      <w>0.6686217</w>
      <t>200</t>
    </point>
    <point>
      <x>0.34166667</x>
      <y>0.3</y>
      <w>0.7419355</w>
      <t>267</t>
    </point>
    <point>
      <x>0.34333333</x>
      <y>0.3</y>
      <w>0.7419355</w>
      <t>267</t>
    </point>
    <point>
      <x>0.34333333</x>
      <y>0.30166668</y>
      <w>0.77517104</w>
      <t>301</t>
    </point>
    <point>
      <x>0.34333333</x>
      <y>0.30333334</y>
      <w>0.77517104</w>
      <t>301</t>
    </point>
    <point>
      <x>0.34333333</x>
      <y>0.305</y>
      <w>0.797654</w>
      <t>334</t>
    </point>
    <point>
      <x>0.345</x>
      <y>0.305</y>
      <w>0.797654</w>
      <t>334</t>
    </point>
    <point>
      <x>0.345</x>
      <y>0.30666667</y>
      <w>0.8445748</w>
      <t>367</t>
    </point>
    <point>
      <x>0.345</x>
      <y>0.30833334</y>
      <w>0.8445748</w>
      <t>367</t>
    </point>
    <point>
      <x>0.345</x>
      <y>0.31</y>
      <w>0.8445748</w>
      <t>369</t>
    </point>
    <point>
      <x>0.345</x>
      <y>0.31166667</y>
      <w>0.8445748</w>
      <t>369</t>
    </point>
    <point>
      <x>0.345</x>
      <y>0.31333333</y>
      <w>0.87096775</w>
      <t>400</t>
    </point>
    <point>
      <x>0.345</x>
      <y>0.315</y>
      <w>0.87096775</w>
      <t>400</t>
    </point>
    <point>
      <x>0.345</x>
      <y>0.31833333</y>
      <w>0.87096775</w>
      <t>400</t>
    </point>
    <point>
      <x>0.345</x>
      <y>0.32</y>
      <w>0.87096775</w>
      <t>401</t>
    </point>
    <point>
      <x>0.345</x>
      <y>0.32166666</y>
      <w>0.9032258</w>
      <t>434</t>
    </point>
    <point>
      <x>0.345</x>
      <y>0.325</y>
      <w>0.9032258</w>
      <t>434</t>
    </point>
    <point>
      <x>0.345</x>
      <y>0.32666665</y>
      <w>0.9032258</w>
      <t>434</t>
    </point>
    <point>
      <x>0.345</x>
      <y>0.33</y>
      <w>0.9032258</w>
      <t>435</t>
    </point>
    <point>
      <x>0.345</x>
      <y>0.33166668</y>
      <w>0.9032258</w>
      <t>435</t>
    </point>
    <point>
      <x>0.345</x>
      <y>0.33666667</y>
      <w>0.9315738</w>
      <t>467</t>
    </point>
    <point>
      <x>0.345</x>
      <y>0.34</y>
      <w>0.9315738</w>
      <t>467</t>
    </point>
    <point>
      <x>0.345</x>
      <y>0.34333333</y>
      <w>0.9315738</w>
      <t>467</t>
    </point>
    <point>
      <x>0.345</x>
      <y>0.34666666</y>
      <w>0.9315738</w>
      <t>467</t>
    </point>
    <point>
      <x>0.345</x>
      <y>0.35166666</y>
      <w>0.9442815</w>
      <t>500</t>
    </point>
    <point>
      <x>0.345</x>
      <y>0.355</y>
      <w>0.9442815</w>
      <t>500</t>
    </point>
    <point>
      <x>0.345</x>
      <y>0.36</y>
      <w>0.9442815</w>
      <t>500</t>
    </point>
    <point>
      <x>0.345</x>
      <y>0.36666667</y>
      <w>0.9442815</w>
      <t>501</t>
    </point>
    <point>
      <x>0.345</x>
      <y>0.37333333</y>
      <w>0.9442815</w>
      <t>501</t>
    </point>
    <point>
      <x>0.345</x>
      <y>0.38</y>
      <w>0.9706745</w>
      <t>533</t>
    </point>
    <point>
      <x>0.345</x>
      <y>0.38833332</y>
      <w>0.9706745</w>
      <t>533</t>
    </point>
    <point>
      <x>0.345</x>
      <y>0.39833334</y>
      <w>0.9706745</w>
      <t>533</t>
    </point>
    <point>
      <x>0.34333333</x>
      <y>0.40833333</y>
      <w>0.9706745</w>
      <t>534</t>
    </point>
    <point>
      <x>0.34333333</x>
      <y>0.41833332</y>
      <w>0.99804497</w>
      <t>567</t>
    </point>
    <point>
      <x>0.34333333</x>
      <y>0.42833334</y>
      <w>0.99804497</w>
      <t>567</t>
    </point>
    <point>
      <x>0.34333333</x>
      <y>0.43833333</y>
      <w>0.99804497</w>
      <t>567</t>
    </point>
    <point>
      <x>0.34166667</x>
      <y>0.44833332</y>
      <w>0.99804497</w>
      <t>568</t>
    </point>
    <point>
      <x>0.34166667</x>
      <y>0.45833334</y>
      <w>0.99804497</w>
      <t>568</t>
    </point>
    <point>
      <x>0.34166667</x>
      <y>0.46833333</y>
      <w>1.0</w>
      <t>601</t>
    </point>
    <point>
      <x>0.34166667</x>
      <y>0.47666666</y>
      <w>1.0</w>
      <t>601</t>
    </point>
    <point>
      <x>0.34166667</x>
      <y>0.48666668</y>
      <w>1.0</w>
      <t>601</t>
    </point>
    <point>
      <x>0.34</x>
      <y>0.49666667</y>
      <w>1.0</w>
      <t>602</t>
    </point>
    <point>
      <x>0.34</x>
      <y>0.50666666</y>
      <w>1.0</w>
      <t>633</t>
    </point>
    <point>
      <x>0.34</x>
      <y>0.5183333</y>
      <w>1.0</w>
      <t>633</t>
    </point>
    <point>
      <x>0.34</x>
      <y>0.53</y>
      <w>1.0</w>
      <t>633</t>
    </point>
    <point>
      <x>0.34</x>
      <y>0.54</y>
      <w>1.0</w>
      <t>634</t>
    </point>
    <point>
      <x>0.34</x>
      <y>0.5516667</y>
      <w>1.0</w>
      <t>667</t>
    </point>
    <point>
      <x>0.34</x>
      <y>0.56166667</y>
      <w>1.0</w>
      <t>667</t>
    </point>
    <point>
      <x>0.34</x>
      <y>0.57</y>
      <w>1.0</w>
      <t>667</t>
    </point>
    <point>
      <x>0.34</x>
      <y>0.5783333</y>
      <w>1.0</w>
      <t>667</t>
    </point>
    <point>
      <x>0.34</x>
      <y>0.585</y>
      <w>1.0</w>
      <t>668</t>
    </point>
    <point>
      <x>0.34166667</x>
      <y>0.59166664</y>
      <w>1.0</w>
      <t>700</t>
    </point>
    <point>
      <x>0.34166667</x>
      <y>0.5966667</y>
      <w>1.0</w>
      <t>700</t>
    </point>
    <point>
      <x>0.34166667</x>
      <y>0.6016667</y>
      <w>1.0</w>
      <t>700</t>
    </point>
    <point>
      <x>0.34166667</x>
      <y>0.605</y>
      <w>1.0</w>
      <t>701</t>
    </point>
    <point>
      <x>0.34333333</x>
      <y>0.60833335</y>
      <w>1.0</w>
      <t>733</t>
    </point>
    <point>
      <x>0.34333333</x>
      <y>0.6116667</y>
      <w>1.0</w>
      <t>733</t>
    </point>
    <point>
      <x>0.34333333</x>
      <y>0.61333334</y>
      <w>1.0</w>
      <t>733</t>
    </point>
    <point>
      <x>0.345</x>
      <y>0.615</y>
      <w>1.0</w>
      <t>733</t>
    </point>
    <point>
      <x>0.345</x>
      <y>0.6166667</y>
      <w>1.0</w>
      <t>734</t>
    </point>
    <point>
      <x>0.345</x>
      <y>0.61833334</y>
      <w>1.0</w>
      <t>767</t>
    </point>
    <point>
      <x>0.34666666</x>
      <y>0.62</y>
      <w>1.0</w>
      <t>767</t>
    </point>
    <point>
      <x>0.34833333</x>
      <y>0.62333333</y>
      <w>1.0</w>
      <t>801</t>
    </point>
    <point>
      <x>0.34833333</x>
      <y>0.625</y>
      <w>1.0</w>
      <t>801</t>
    </point>
    <point>
      <x>0.35</x>
      <y>0.62666667</y>
      <w>1.0</w>
      <t>801</t>
    </point>
    <point>
      <x>0.35166666</x>
      <y>0.63</y>
      <w>1.0</w>
      <t>801</t>
    </point>
    <point>
      <x>0.35333332</x>
      <y>0.63166666</y>
      <w>1.0</w>
      <t>833</t>
    </point>
    <point>
      <x>0.355</x>
      <y>0.6333333</y>
      <w>1.0</w>
      <t>833</t>
    </point>
    <point>
      <x>0.35666665</x>
      <y>0.635</y>
      <w>1.0</w>
      <t>833</t>
    </point>
    <point>
      <x>0.35666665</x>
      <y>0.63666666</y>
      <w>1.0</w>
      <t>833</t>
    </point>
    <point>
      <x>0.35833332</x>
      <y>0.63666666</y>
      <w>1.0</w>
      <t>867</t>
    </point>
    <point>
      <x>0.36</x>
      <y>0.6383333</y>
      <w>1.0</w>
      <t>867</t>
    </point>
    <point>
      <x>0.36166668</x>
      <y>0.64</y>
      <w>1.0</w>
      <t>867</t>
    </point>
    <point>
      <x>0.36333334</x>
      <y>0.64</y>
      <w>1.0</w>
      <t>869</t>
    </point>
    <point>
      <x>0.36333334</x>
      <y>0.64166665</y>
      <w>1.0</w>
      <t>869</t>
    </point>
    <point>
      <x>0.365</x>
      <y>0.6433333</y>
      <w>1.0</w>
      <t>900</t>
    </point>
    <point>
      <x>0.36666667</x>
      <y>0.6433333</y>
      <w>1.0</w>
      <t>900</t>
    </point>
    <point>
      <x>0.36833334</x>
      <y>0.645</y>
      <w>1.0</w>
      <t>900</t>
    </point>
    <point>
      <x>0.37</x>
      <y>0.645</y>
      <w>1.0</w>
      <t>900</t>
    </point>
    <point>
      <x>0.37</x>
      <y>0.64666665</y>
      <w>1.0</w>
      <t>934</t>
    </point>
    <point>
      <x>0.37166667</x>
      <y>0.64666665</y>
      <w>1.0</w>
      <t>934</t>
    </point>
    <point>
      <x>0.37333333</x>
      <y>0.64666665</y>
      <w>1.0</w>
      <t>934</t>
    </point>
    <point>
      <x>0.37333333</x>
      <y>0.6483333</y>
      <w>1.0</w>
      <t>967</t>
    </point>
    <point>
      <x>0.375</x>
      <y>0.6483333</y>
      <w>1.0</w>
      <t>967</t>
    </point>
    <point>
      <x>0.37666667</x>
      <y>0.6483333</y>
      <w>1.0</w>
      <t>1001</t>
    </point>
    <point>
      <x>0.37833333</x>
      <y>0.6483333</y>
      <w>1.0</w>
      <t>1001</t>
    </point>
    <point>
      <x>0.38</x>
      <y>0.6483333</y>
      <w>1.0</w>
      <t>1034</t>
    </point>
    <point>
      <x>0.38166666</x>
      <y>0.6483333</y>
      <w>1.0</w>
      <t>1067</t>
    </point>
    <point>
      <x>0.38333333</x>
      <y>0.6483333</y>
      <w>1.0</w>
      <t>1067</t>
    </point>
    <point>
      <x>0.385</x>
      <y>0.6483333</y>
      <w>1.0</w>
      <t>1101</t>
    </point>
    <point>
      <x>0.38666666</x>
      <y>0.6483333</y>
      <w>1.0</w>
      <t>1101</t>
    </point>
    <point>
      <x>0.38833332</x>
      <y>0.6483333</y>
      <w>1.0</w>
      <t>1101</t>
    </point>
    <point>
      <x>0.39</x>
      <y>0.64666665</y>
      <w>1.0</w>
      <t>1134</t>
    </point>
    <point>
      <x>0.39166668</x>
      <y>0.64666665</y>
      <w>1.0</w>
      <t>1134</t>
    </point>
    <point>
      <x>0.39333335</x>
      <y>0.64666665</y>
      <w>1.0</w>
      <t>1134</t>
    </point>
    <point>
      <x>0.395</x>
      <y>0.645</y>
      <w>1.0</w>
      <t>1134</t>
    </point>
    <point>
      <x>0.39666668</x>
      <y>0.645</y>
      <w>1.0</w>
      <t>1167</t>
    </point>
    <point>
      <x>0.39833334</x>
      <y>0.6433333</y>
      <w>1.0</w>
      <t>1167</t>
    </point>
    <point>
      <x>0.40166667</x>
      <y>0.6433333</y>
      <w>1.0</w>
      <t>1167</t>
    </point>
    <point>
      <x>0.40333334</x>
      <y>0.64166665</y>
      <w>1.0</w>
      <t>1167</t>
    </point>
    <point>
      <x>0.405</x>
      <y>0.64166665</y>
      <w>0.99022484</w>
      <t>1200</t>
    </point>
    <point>
      <x>0.40666667</x>
      <y>0.64</y>
      <w>0.99022484</w>
      <t>1200</t>
    </point>
    <point>
      <x>0.40833333</x>
      <y>0.64</y>
      <w>0.99022484</w>
      <t>1200</t>
    </point>
    <point>
      <x>0.41</x>
      <y>0.6383333</y>
      <w>0.99022484</w>
      <t>1200</t>
    </point>
    <point>
      <x>0.41166666</x>
      <y>0.63666666</y>
      <w>0.97947216</w>
      <t>1234</t>
    </point>
    <point>
      <x>0.415</x>
      <y>0.63666666</y>
      <w>0.97947216</w>
      <t>1234</t>
    </point>
    <point>
      <x>0.41666666</x>
      <y>0.635</y>
      <w>0.97947216</w>
      <t>1234</t>
    </point>
    <point>
      <x>0.41833332</x>
      <y>0.6333333</y>
      <w>0.97947216</w>
      <t>1234</t>
    </point>
    <point>
      <x>0.42166665</x>
      <y>0.63166666</y>
      <w>0.96480936</w>
      <t>1267</t>
    </point>
    <point>
      <x>0.42333335</x>
      <y>0.63</y>
      <w>0.96480936</w>
      <t>1267</t>
    </point>
    <point>
      <x>0.425</x>
      <y>0.62833333</y>
      <w>0.96480936</w>
      <t>1267</t>
    </point>
    <point>
      <x>0.42666668</x>
      <y>0.62666667</y>
      <w>0.96480936</w>
      <t>1267</t>
    </point>
    <point>
      <x>0.43</x>
      <y>0.625</y>
      <w>0.96480936</w>
      <t>1268</t>
    </point>
    <point>
      <x>0.43166667</x>
      <y>0.62166667</y>
      <w>0.95894426</w>
      <t>1301</t>
    </point>
    <point>
      <x>0.435</x>
      <y>0.62</y>
      <w>0.95894426</w>
      <t>1301</t>
    </point>
    <point>
      <x>0.43666667</x>
      <y>0.61833334</y>
      <w>0.95894426</w>
      <t>1301</t>
    </point>
    <point>
      <x>0.44</x>
      <y>0.615</y>
      <w>0.95894426</w>
      <t>1301</t>
    </point>
    <point>
      <x>0.44166666</x>
      <y>0.61333334</y>
      <w>0.94037145</w>
      <t>1333</t>
    </point>
    <point>
      <x>0.445</x>
      <y>0.61</y>
      <w>0.94037145</w>
      <t>1333</t>
    </point>
    <point>
      <x>0.44833332</x>
      <y>0.6066667</y>
      <w>0.94037145</w>
      <t>1333</t>
    </point>
    <point>
      <x>0.45166665</x>
      <y>0.60333335</y>
      <w>0.94037145</w>
      <t>1333</t>
    </point>
    <point>
      <x>0.455</x>
      <y>0.6016667</y>
      <w>0.94037145</w>
      <t>1333</t>
    </point>
    <point>
      <x>0.45666668</x>
      <y>0.59833336</y>
      <w>0.9081134</w>
      <t>1367</t>
    </point>
    <point>
      <x>0.46</x>
      <y>0.595</y>
      <w>0.9081134</w>
      <t>1367</t>
    </point>
    <point>
      <x>0.46333334</x>
      <y>0.59166664</y>
      <w>0.9081134</w>
      <t>1367</t>
    </point>
    <point>
      <x>0.46666667</x>
      <y>0.59</y>
      <w>0.9081134</w>
      <t>1367</t>
    </point>
    <point>
      <x>0.47</x>
      <y>0.58666664</y>
      <w>0.89638317</w>
      <t>1400</t>
    </point>
    <point>
      <x>0.47333333</x>
      <y>0.5833333</y>
      <w>0.89638317</w>
      <t>1400</t>
    </point>
    <point>
      <x>0.47666666</x>
      <y>0.58166665</y>
      <w>0.89638317</w>
      <t>1400</t>
    </point>
    <point>
      <x>0.48</x>
      <y>0.5783333</y>
      <w>0.89638317</w>
      <t>1400</t>
    </point>
    <point>
      <x>0.48333332</x>
      <y>0.57666665</y>
      <w>0.89638317</w>
      <t>1400</t>
    </point>
    <point>
      <x>0.48666668</x>
      <y>0.5733333</y>
      <w>0.8631476</w>
      <t>1433</t>
    </point>
    <point>
      <x>0.49</x>
      <y>0.57166666</y>
      <w>0.8631476</w>
      <t>1433</t>
    </point>
    <point>
      <x>0.49333334</x>
      <y>0.57</y>
      <w>0.8631476</w>
      <t>1433</t>
    </point>
    <point>
      <x>0.49666667</x>
      <y>0.56666666</y>
      <w>0.8631476</w>
      <t>1433</t>
    </point>
    <point>
      <x>0.49833333</x>
      <y>0.565</y>
      <w>0.8357771</w>
      <t>1467</t>
    </point>
    <point>
      <x>0.50166667</x>
      <y>0.56333333</y>
      <w>0.8357771</w>
      <t>1467</t>
    </point>
    <point>
      <x>0.50333333</x>
      <y>0.56</y>
      <w>0.8357771</w>
      <t>1467</t>
    </point>
    <point>
      <x>0.50666666</x>
      <y>0.55833334</y>
      <w>0.8357771</w>
      <t>1467</t>
    </point>
    <point>
      <x>0.5083333</x>
      <y>0.5566667</y>
      <w>0.8357771</w>
      <t>1467</t>
    </point>
    <point>
      <x>0.51</x>
      <y>0.555</y>
      <w>0.8113392</w>
      <t>1500</t>
    </point>
    <point>
      <x>0.51166666</x>
      <y>0.5516667</y>
      <w>0.8113392</w>
      <t>1500</t>
    </point>
    <point>
      <x>0.5133333</x>
      <y>0.5516667</y>
      <w>0.8113392</w>
      <t>1500</t>
    </point>
    <point>
      <x>0.515</x>
      <y>0.55</y>
      <w>0.8113392</w>
      <t>1500</t>
    </point>
    <point>
      <x>0.51666665</x>
      <y>0.55</y>
      <w>0.7869013</w>
      <t>1534</t>
    </point>
    <point>
      <x>0.51666665</x>
      <y>0.54833335</y>
      <w>0.7869013</w>
      <t>1534</t>
    </point>
    <point>
      <x>0.51666665</x>
      <y>0.5466667</y>
      <w>0.73216033</w>
      <t>1634</t>
    </point>
    <point>
      <x>0.51666665</x>
      <y>0.545</y>
      <w>0.70185727</w>
      <t>1667</t>
    </point>
    <point>
      <x>0.51666665</x>
      <y>0.54333335</y>
      <w>0.70185727</w>
      <t>1667</t>
    </point>
    <point>
      <x>0.51666665</x>
      <y>0.5416667</y>
      <w>0.70185727</w>
      <t>1667</t>
    </point>
    <point>
      <x>0.51666665</x>
      <y>0.54</y>
      <w>0.629521</w>
      <t>1700</t>
    </point>
    <point>
      <x>0.515</x>
      <y>0.53833336</y>
      <w>0.629521</w>
      <t>1700</t>
    </point>
    <point>
      <x>0.515</x>
      <y>0.535</y>
      <w>0.629521</w>
      <t>1700</t>
    </point>
    <point>
      <x>0.515</x>
      <y>0.53333336</y>
      <w>0.629521</w>
      <t>1700</t>
    </point>
    <point>
      <x>0.515</x>
      <y>0.5316667</y>
      <w>0.629521</w>
      <t>1700</t>
    </point>
    <point>
      <x>0.5133333</x>
      <y>0.53</y>
      <w>0.52297163</w>
      <t>1734</t>
    </point>
    <point>
      <x>0.5133333</x>
      <y>0.52666664</y>
      <w>0.52297163</w>
      <t>1734</t>
    </point>
    <point>
      <x>0.5133333</x>
      <y>0.525</y>
      <w>0.52297163</w>
      <t>1734</t>
    </point>
    <point>
      <x>0.51166666</x>
      <y>0.52166665</y>
      <w>0.52297163</w>
      <t>1734</t>
    </point>
    <point>
      <x>0.51166666</x>
      <y>0.52</y>
      <w>0.4125122</w>
      <t>1767</t>
    </point>
    <point>
      <x>0.51</x>
      <y>0.51666665</y>
      <w>0.4125122</w>
      <t>1767</t>
    </point>
    <point>
      <x>0.51</x>
      <y>0.5133333</y>
      <w>0.4125122</w>
      <t>1767</t>
    </point>
    <point>
      <x>0.5083333</x>
      <y>0.5083333</y>
      <w>0.4125122</w>
      <t>1767</t>
    </point>
    <point>
      <x>0.50666666</x>
      <y>0.505</y>
      <w>0.4125122</w>
      <t>1767</t>
    </point>
    <point>
      <x>0.50666666</x>
      <y>0.50166667</y>
      <w>0.23558162</w>
      <t>1800</t>
    </point>
    <point>
      <x>0.505</x>
      <y>0.49833333</y>
      <w>0.23558162</w>
      <t>1800</t>
    </point>
    <point>
      <x>0.505</x>
      <y>0.495</y>
      <w>0.23558162</w>
      <t>1800</t>
    </point>
    <point>
      <x>0.50333333</x>
      <y>0.49</y>
      <w>0.23558162</w>
      <t>1800</t>
    </point>
    <point>
      <x>0.50166667</x>
      <y>0.48666668</y>
      <w>0.09872923</w>
      <t>1834</t>
    </point>
    <point>
      <x>0.50166667</x>
      <y>0.48333332</y>
      <w>0.09872923</w>
      <t>1834</t>
    </point>
    <point>
      <x>0.5</x>
      <y>0.48</y>
      <w>0.09872923</w>
      <t>1834</t>
    </point>
  </stroke>
  <stroke time="2700">
    <point>
      <x>0.26333332</x>
      <y>0.44333333</y>
      <w>0.22580644</w>
      <t>2767</t>
    </point>
    <point>
      <x>0.26333332</x>
      <y>0.445</y>
      <w>0.22580644</w>
      <t>2767</t>
    </point>
    <point>
      <x>0.265</x>
      <y>0.445</y>
      <w>0.22580644</w>
      <t>2767</t>
    </point>
    <point>
      <x>0.265</x>
      <y>0.44666666</y>
      <w>0.48582602</w>
      <t>2800</t>
    </point>
    <point>
      <x>0.26666668</x>
      <y>0.44833332</y>
      <w>0.48582602</w>
      <t>2800</t>
    </point>
    <point>
      <x>0.26666668</x>
      <y>0.45</y>
      <w>0.48582602</w>
      <t>2800</t>
    </point>
    <point>
      <x>0.26833335</x>
      <y>0.45166665</y>
      <w>0.5591398</w>
      <t>2834</t>
    </point>
    <point>
      <x>0.27</x>
      <y>0.45166665</y>
      <w>0.6099707</w>
      <t>2867</t>
    </point>
    <point>
      <x>0.27166668</x>
      <y>0.45166665</y>
      <w>0.6099707</w>
      <t>2867</t>
    </point>
    <point>
      <x>0.27333334</x>
      <y>0.45166665</y>
      <w>0.6099707</w>
      <t>2867</t>
    </point>
    <point>
      <x>0.275</x>
      <y>0.45166665</y>
      <w>0.6520039</w>
      <t>2900</t>
    </point>
    <point>
      <x>0.27666667</x>
      <y>0.45166665</y>
      <w>0.6520039</w>
      <t>2900</t>
    </point>
    <point>
      <x>0.27833334</x>
      <y>0.45166665</y>
      <w>0.6520039</w>
      <t>2900</t>
    </point>
    <point>
      <x>0.28</x>
      <y>0.45166665</y>
      <w>0.6969697</w>
      <t>2934</t>
    </point>
    <point>
      <x>0.28166667</x>
      <y>0.45166665</y>
      <w>0.6969697</w>
      <t>2934</t>
    </point>
    <point>
      <x>0.28333333</x>
      <y>0.45166665</y>
      <w>0.7194526</w>
      <t>2967</t>
    </point>
    <point>
      <x>0.285</x>
      <y>0.45166665</y>
      <w>0.74486804</w>
      <t>3000</t>
    </point>
    <point>
      <x>0.28666666</x>
      <y>0.45166665</y>
      <w>0.74486804</w>
      <t>3000</t>
    </point>
    <point>
      <x>0.28833333</x>
      <y>0.45166665</y>
      <w>0.76246333</w>
      <t>3034</t>
    </point>
    <point>
      <x>0.29</x>
      <y>0.45</y>
      <w>0.76246333</w>
      <t>3034</t>
    </point>
    <point>
      <x>0.29166666</x>
      <y>0.45</y>
      <w>0.76246333</w>
      <t>3034</t>
    </point>
    <point>
      <x>0.295</x>
      <y>0.44833332</y>
      <w>0.76246333</w>
      <t>3034</t>
    </point>
    <point>
      <x>0.29666665</x>
      <y>0.44833332</y>
      <w>0.771261</w>
      <t>3067</t>
    </point>
    <point>
      <x>0.29833335</x>
      <y>0.44666666</y>
      <w>0.771261</w>
      <t>3067</t>
    </point>
    <point>
      <x>0.30166668</x>
      <y>0.445</y>
      <w>0.771261</w>
      <t>3067</t>
    </point>
    <point>
      <x>0.305</x>
      <y>0.44333333</y>
      <w>0.771261</w>
      <t>3067</t>
    </point>
    <point>
      <x>0.30666667</x>
      <y>0.44166666</y>
      <w>0.771261</w>
      <t>3067</t>
    </point>
    <point>
      <x>0.31166667</x>
      <y>0.44</y>
      <w>0.77614856</w>
      <t>3100</t>
    </point>
    <point>
      <x>0.315</x>
      <y>0.43666667</y>
      <w>0.77614856</w>
      <t>3100</t>
    </point>
    <point>
      <x>0.32</x>
      <y>0.435</y>
      <w>0.77614856</w>
      <t>3100</t>
    </point>
    <point>
      <x>0.325</x>
      <y>0.43166667</y>
      <w>0.77614856</w>
      <t>3100</t>
    </point>
    <point>
      <x>0.33166668</x>
      <y>0.42833334</y>
      <w>0.78103614</w>
      <t>3134</t>
    </point>
    <point>
      <x>0.33833334</x>
      <y>0.42333335</y>
      <w>0.78103614</w>
      <t>3134</t>
    </point>
    <point>
      <x>0.345</x>
      <y>0.42</y>
      <w>0.78103614</w>
      <t>3134</t>
    </point>
    <point>
      <x>0.35166666</x>
      <y>0.41666666</y>
      <w>0.78103614</w>
      <t>3134</t>
    </point>
    <point>
      <x>0.35666665</x>
      <y>0.41333333</y>
      <w>0.78103614</w>
      <t>3134</t>
    </point>
    <point>
      <x>0.36333334</x>
      <y>0.41</y>
      <w>0.78103614</w>
      <t>3167</t>
    </point>
    <point>
      <x>0.36833334</x>
      <y>0.40666667</y>
      <w>0.78103614</w>
      <t>3167</t>
    </point>
    <point>
      <x>0.375</x>
      <y>0.40333334</y>
      <w>0.78103614</w>
      <t>3167</t>
    </point>
    <point>
      <x>0.38</x>
      <y>0.4</y>
      <w>0.78103614</w>
      <t>3167</t>
    </point>
    <point>
      <x>0.38666666</x>
      <y>0.395</y>
      <w>0.7781036</w>
      <t>3200</t>
    </point>
    <point>
      <x>0.395</x>
      <y>0.39166668</y>
      <w>0.7781036</w>
      <t>3200</t>
    </point>
    <point>
      <x>0.40166667</x>
      <y>0.38666666</y>
      <w>0.7781036</w>
      <t>3200</t>
    </point>
    <point>
      <x>0.40833333</x>
      <y>0.38166666</y>
      <w>0.7781036</w>
      <t>3200</t>
    </point>
    <point>
      <x>0.41666666</x>
      <y>0.37666667</y>
      <w>0.7781036</w>
      <t>3200</t>
    </point>
    <point>
      <x>0.42333335</x>
      <y>0.37166667</y>
      <w>0.7781036</w>
      <t>3234</t>
    </point>
    <point>
      <x>0.43</x>
      <y>0.36833334</y>
      <w>0.7781036</w>
      <t>3234</t>
    </point>
    <point>
      <x>0.43666667</x>
      <y>0.36333334</y>
      <w>0.7781036</w>
      <t>3234</t>
    </point>
    <point>
      <x>0.44333333</x>
      <y>0.35833332</y>
      <w>0.7781036</w>
      <t>3234</t>
    </point>
    <point>
      <x>0.45</x>
      <y>0.35333332</y>
      <w>0.7781036</w>
      <t>3267</t>
    </point>
    <point>
      <x>0.45666668</x>
      <y>0.35</y>
      <w>0.7781036</w>
      <t>3267</t>
    </point>
    <point>
      <x>0.46333334</x>
      <y>0.345</y>
      <w>0.7781036</w>
      <t>3267</t>
    </point>
    <point>
      <x>0.47</x>
      <y>0.34</y>
      <w>0.7781036</w>
      <t>3267</t>
    </point>
    <point>
      <x>0.47666666</x>
      <y>0.33666667</y>
      <w>0.7781036</w>
      <t>3267</t>
    </point>
    <point>
      <x>0.485</x>
      <y>0.33333334</y>
      <w>0.7800586</w>
      <t>3301</t>
    </point>
    <point>
      <x>0.49166667</x>
      <y>0.33</y>
      <w>0.7800586</w>
      <t>3301</t>
    </point>
    <point>
      <x>0.49666667</x>
      <y>0.32666665</y>
      <w>0.7800586</w>
      <t>3301</t>
    </point>
    <point>
      <x>0.50166667</x>
      <y>0.325</y>
      <w>0.7800586</w>
      <t>3301</t>
    </point>
    <point>
      <x>0.50666666</x>
      <y>0.32166666</y>
      <w>0.7781036</w>
      <t>3334</t>
    </point>
    <point>
      <x>0.51</x>
      <y>0.32</y>
      <w>0.7781036</w>
      <t>3334</t>
    </point>
    <point>
      <x>0.5133333</x>
      <y>0.31833333</y>
      <w>0.7781036</w>
      <t>3334</t>
    </point>
    <point>
      <x>0.51666665</x>
      <y>0.31833333</y>
      <w>0.7781036</w>
      <t>3334</t>
    </point>
    <point>
      <x>0.5183333</x>
      <y>0.31666666</y>
      <w>0.7781036</w>
      <t>3367</t>
    </point>
    <point>
      <x>0.52</x>
      <y>0.31666666</y>
      <w>0.7781036</w>
      <t>3367</t>
    </point>
    <point>
      <x>0.52166665</x>
      <y>0.31666666</y>
      <w>0.7781036</w>
      <t>3367</t>
    </point>
    <point>
      <x>0.5233333</x>
      <y>0.31666666</y>
      <w>0.78494626</w>
      <t>3433</t>
    </point>
    <point>
      <x>0.525</x>
      <y>0.31666666</y>
      <w>0.80742913</w>
      <t>3467</t>
    </point>
    <point>
      <x>0.52666664</x>
      <y>0.31666666</y>
      <w>0.86412513</w>
      <t>3501</t>
    </point>
    <point>
      <x>0.53</x>
      <y>0.31666666</y>
      <w>0.86412513</w>
      <t>3501</t>
    </point>
    <point>
      <x>0.5316667</x>
      <y>0.31833333</y>
      <w>0.86412513</w>
      <t>3501</t>
    </point>
    <point>
      <x>0.535</x>
      <y>0.31833333</y>
      <w>0.86412513</w>
      <t>3501</t>
    </point>
    <point>
      <x>0.53833336</x>
      <y>0.32</y>
      <w>0.86412513</w>
      <t>3501</t>
    </point>
    <point>
      <x>0.5416667</x>
      <y>0.32166666</y>
      <w>0.87781036</w>
      <t>3533</t>
    </point>
    <point>
      <x>0.545</x>
      <y>0.32166666</y>
      <w>0.87781036</w>
      <t>3533</t>
    </point>
    <point>
      <x>0.5466667</x>
      <y>0.32333332</y>
      <w>0.87781036</w>
      <t>3533</t>
    </point>
    <point>
      <x>0.55</x>
      <y>0.32333332</y>
      <w>0.87781036</w>
      <t>3533</t>
    </point>
    <point>
      <x>0.5516667</x>
      <y>0.325</y>
      <w>0.8914956</w>
      <t>3567</t>
    </point>
    <point>
      <x>0.55333334</x>
      <y>0.325</y>
      <w>0.8914956</w>
      <t>3567</t>
    </point>
    <point>
      <x>0.55333334</x>
      <y>0.32666665</y>
      <w>0.8914956</w>
      <t>3567</t>
    </point>
    <point>
      <x>0.555</x>
      <y>0.32666665</y>
      <w>0.8914956</w>
      <t>3567</t>
    </point>
    <point>
      <x>0.5566667</x>
      <y>0.32833335</y>
      <w>0.9354839</w>
      <t>3601</t>
    </point>
    <point>
      <x>0.55833334</x>
      <y>0.32833335</y>
      <w>0.9354839</w>
      <t>3601</t>
    </point>
    <point>
      <x>0.55833334</x>
      <y>0.33</y>
      <w>0.9354839</w>
      <t>3601</t>
    </point>
    <point>
      <x>0.56</x>
      <y>0.33</y>
      <w>0.94721407</w>
      <t>3634</t>
    </point>
    <point>
      <x>0.56166667</x>
      <y>0.33</y>
      <w>0.94721407</w>
      <t>3634</t>
    </point>
    <point>
      <x>0.56166667</x>
      <y>0.33166668</y>
      <w>0.94721407</w>
      <t>3634</t>
    </point>
    <point>
      <x>0.56333333</x>
      <y>0.33166668</y>
      <w>0.9540567</w>
      <t>3667</t>
    </point>
    <point>
      <x>0.56333333</x>
      <y>0.33333334</y>
      <w>0.9540567</w>
      <t>3667</t>
    </point>
    <point>
      <x>0.565</x>
      <y>0.33333334</y>
      <w>0.9540567</w>
      <t>3667</t>
    </point>
    <point>
      <x>0.565</x>
      <y>0.335</y>
      <w>0.9618768</w>
      <t>3701</t>
    </point>
    <point>
      <x>0.56666666</x>
      <y>0.335</y>
      <w>0.9618768</w>
      <t>3701</t>
    </point>
    <point>
      <x>0.56666666</x>
      <y>0.33666667</y>
      <w>0.9618768</w>
      <t>3701</t>
    </point>
    <point>
      <x>0.5683333</x>
      <y>0.33666667</y>
      <w>0.9618768</w>
      <t>3701</t>
    </point>
    <point>
      <x>0.5683333</x>
      <y>0.33833334</y>
      <w>0.9755621</w>
      <t>3734</t>
    </point>
    <point>
      <x>0.57</x>
      <y>0.33833334</y>
      <w>0.9755621</w>
      <t>3734</t>
    </point>
    <point>
      <x>0.57</x>
      <y>0.34</y>
      <w>0.9755621</w>
      <t>3734</t>
    </point>
    <point>
      <x>0.57166666</x>
      <y>0.34</y>
      <w>0.99120235</w>
      <t>3767</t>
    </point>
    <point>
      <x>0.57166666</x>
      <y>0.34166667</y>
      <w>1.0</w>
      <t>3800</t>
    </point>
    <point>
      <x>0.57166666</x>
      <y>0.34333333</y>
      <w>1.0</w>
      <t>3800</t>
    </point>
    <point>
      <x>0.5733333</x>
      <y>0.34333333</y>
      <w>1.0</w>
      <t>3800</t>
    </point>
    <point>
      <x>0.5733333</x>
      <y>0.345</y>
      <w>1.0</w>
      <t>3834</t>
    </point>
    <point>
      <x>0.5733333</x>
      <y>0.34666666</y>
      <w>1.0</w>
      <t>3834</t>
    </point>
    <point>
      <x>0.575</x>
      <y>0.34666666</y>
      <w>1.0</w>
      <t>3834</t>
    </point>
    <point>
      <x>0.575</x>
      <y>0.34833333</y>
      <w>1.0</w>
      <t>3834</t>
    </point>
    <point>
      <x>0.575</x>
      <y>0.35</y>
      <w>1.0</w>
      <t>3867</t>
    </point>
    <point>
      <x>0.575</x>
      <y>0.35166666</y>
      <w>1.0</w>
      <t>3867</t>
    </point>
    <point>
      <x>0.57666665</x>
      <y>0.355</y>
      <w>1.0</w>
      <t>3867</t>
    </point>
    <point>
      <x>0.57666665</x>
      <y>0.35833332</y>
      <w>1.0</w>
      <t>3867</t>
    </point>
    <point>
      <x>0.5783333</x>
      <y>0.36</y>
      <w>1.0</w>
      <t>3867</t>
    </point>
    <point>
      <x>0.5783333</x>
      <y>0.36333334</y>
      <w>1.0</w>
      <t>3900</t>
    </point>
    <point>
      <x>0.5783333</x>
      <y>0.36666667</y>
      <w>1.0</w>
      <t>3900</t>
    </point>
    <point>
      <x>0.58</x>
      <y>0.37</y>
      <w>1.0</w>
      <t>3900</t>
    </point>
    <point>
      <x>0.58</x>
      <y>0.375</y>
      <w>1.0</w>
      <t>3900</t>
    </point>
    <point>
      <x>0.58166665</x>
      <y>0.37833333</y>
      <w>1.0</w>
      <t>3934</t>
    </point>
    <point>
      <x>0.58166665</x>
      <y>0.38333333</y>
      <w>1.0</w>
      <t>3934</t>
    </point>
    <point>
      <x>0.58166665</x>
      <y>0.38833332</y>
      <w>1.0</w>
      <t>3934</t>
    </point>
    <point>
      <x>0.5833333</x>
      <y>0.39166668</y>
      <w>1.0</w>
      <t>3934</t>
    </point>
    <point>
      <x>0.5833333</x>
      <y>0.39666668</y>
      <w>1.0</w>
      <t>3967</t>
    </point>
    <point>
      <x>0.5833333</x>
      <y>0.4</y>
      <w>1.0</w>
      <t>3967</t>
    </point>
    <point>
      <x>0.5833333</x>
      <y>0.405</y>
      <w>1.0</w>
      <t>3967</t>
    </point>
    <point>
      <x>0.585</x>
      <y>0.41</y>
      <w>1.0</w>
      <t>3967</t>
    </point>
    <point>
      <x>0.585</x>
      <y>0.41666666</y>
      <w>1.0</w>
      <t>3967</t>
    </point>
    <point>
      <x>0.585</x>
      <y>0.42166665</y>
      <w>1.0</w>
      <t>4000</t>
    </point>
    <point>
      <x>0.58666664</x>
      <y>0.42666668</y>
      <w>1.0</w>
      <t>4000</t>
    </point>
    <point>
      <x>0.58666664</x>
      <y>0.43166667</y>
      <w>1.0</w>
      <t>4000</t>
    </point>
    <point>
      <x>0.58666664</x>
      <y>0.43666667</y>
      <w>1.0</w>
      <t>4000</t>
    </point>
    <point>
      <x>0.5883333</x>
      <y>0.44166666</y>
      <w>1.0</w>
      <t>4034</t>
    </point>
    <point>
      <x>0.5883333</x>
      <y>0.44666666</y>
      <w>1.0</w>
      <t>4034</t>
    </point>
    <point>
      <x>0.5883333</x>
      <y>0.45166665</y>
      <w>1.0</w>
      <t>4034</t>
    </point>
    <point>
      <x>0.5883333</x>
      <y>0.45666668</y>
      <w>1.0</w>
      <t>4034</t>
    </point>
    <point>
      <x>0.5883333</x>
      <y>0.46166667</y>
      <w>1.0</w>
      <t>4034</t>
    </point>
    <point>
      <x>0.5883333</x>
      <y>0.46666667</y>
      <w>1.0</w>
      <t>4067</t>
    </point>
    <point>
      <x>0.5883333</x>
      <y>0.47166666</y>
      <w>1.0</w>
      <t>4067</t>
    </point>
    <point>
      <x>0.5883333</x>
      <y>0.47666666</y>
      <w>1.0</w>
      <t>4067</t>
    </point>
    <point>
      <x>0.5883333</x>
      <y>0.48166665</y>
      <w>1.0</w>
      <t>4067</t>
    </point>
    <point>
      <x>0.5883333</x>
      <y>0.48666668</y>
      <w>1.0</w>
      <t>4100</t>
    </point>
    <point>
      <x>0.5883333</x>
      <y>0.49</y>
      <w>1.0</w>
      <t>4100</t>
    </point>
    <point>
      <x>0.5883333</x>
      <y>0.49666667</y>
      <w>1.0</w>
      <t>4100</t>
    </point>
    <point>
      <x>0.5883333</x>
      <y>0.50166667</y>
      <w>1.0</w>
      <t>4100</t>
    </point>
    <point>
      <x>0.5883333</x>
      <y>0.50666666</y>
      <w>1.0</w>
      <t>4100</t>
    </point>
    <point>
      <x>0.5883333</x>
      <y>0.51</y>
      <w>1.0</w>
      <t>4134</t>
    </point>
    <point>
      <x>0.5883333</x>
      <y>0.515</y>
      <w>1.0</w>
      <t>4134</t>
    </point>
    <point>
      <x>0.5883333</x>
      <y>0.52</y>
      <w>1.0</w>
      <t>4134</t>
    </point>
    <point>
      <x>0.5883333</x>
      <y>0.5233333</y>
      <w>1.0</w>
      <t>4134</t>
    </point>
    <point>
      <x>0.5883333</x>
      <y>0.5283333</y>
      <w>1.0</w>
      <t>4167</t>
    </point>
    <point>
      <x>0.5883333</x>
      <y>0.5316667</y>
      <w>1.0</w>
      <t>4167</t>
    </point>
    <point>
      <x>0.5883333</x>
      <y>0.5366667</y>
      <w>1.0</w>
      <t>4167</t>
    </point>
    <point>
      <x>0.5883333</x>
      <y>0.54</y>
      <w>1.0</w>
      <t>4167</t>
    </point>
    <point>
      <x>0.58666664</x>
      <y>0.545</y>
      <w>1.0</w>
      <t>4167</t>
    </point>
    <point>
      <x>0.58666664</x>
      <y>0.55</y>
      <w>1.0</w>
      <t>4201</t>
    </point>
    <point>
      <x>0.58666664</x>
      <y>0.555</y>
      <w>1.0</w>
      <t>4201</t>
    </point>
    <point>
      <x>0.58666664</x>
      <y>0.55833334</y>
      <w>1.0</w>
      <t>4201</t>
    </point>
    <point>
      <x>0.58666664</x>
      <y>0.56333333</y>
      <w>1.0</w>
      <t>4201</t>
    </point>
    <point>
      <x>0.58666664</x>
      <y>0.56666666</y>
      <w>1.0</w>
      <t>4234</t>
    </point>
    <point>
      <x>0.585</x>
      <y>0.57</y>
      <w>1.0</w>
      <t>4234</t>
    </point>
    <point>
      <x>0.585</x>
      <y>0.5733333</y>
      <w>1.0</w>
      <t>4234</t>
    </point>
    <point>
      <x>0.585</x>
      <y>0.575</y>
      <w>1.0</w>
      <t>4234</t>
    </point>
    <point>
      <x>0.585</x>
      <y>0.5783333</y>
      <w>1.0</w>
      <t>4267</t>
    </point>
    <point>
      <x>0.585</x>
      <y>0.58</y>
      <w>1.0</w>
      <t>4267</t>
    </point>
    <point>
      <x>0.5833333</x>
      <y>0.5833333</y>
      <w>1.0</w>
      <t>4267</t>
    </point>
    <point>
      <x>0.5833333</x>
      <y>0.58666664</y>
      <w>1.0</w>
      <t>4267</t>
    </point>
    <point>
      <x>0.5833333</x>
      <y>0.59</y>
      <w>1.0</w>
      <t>4267</t>
    </point>
    <point>
      <x>0.5833333</x>
      <y>0.5933333</y>
      <w>1.0</w>
      <t>4300</t>
    </point>
    <point>
      <x>0.58166665</x>
      <y>0.5966667</y>
      <w>1.0</w>
      <t>4300</t>
    </point>
    <point>
      <x>0.58166665</x>
      <y>0.6016667</y>
      <w>1.0</w>
      <t>4300</t>
    </point>
    <point>
      <x>0.58166665</x>
      <y>0.605</y>
      <w>1.0</w>
      <t>4300</t>
    </point>
    <point>
      <x>0.58</x>
      <y>0.60833335</y>
      <w>1.0</w>
      <t>4334</t>
    </point>
    <point>
      <x>0.58</x>
      <y>0.61333334</y>
      <w>1.0</w>
      <t>4334</t>
    </point>
    <point>
      <x>0.5783333</x>
      <y>0.6166667</y>
      <w>1.0</w>
      <t>4334</t>
    </point>
    <point>
      <x>0.5783333</x>
      <y>0.62</y>
      <w>1.0</w>
      <t>4334</t>
    </point>
    <point>
      <x>0.5783333</x>
      <y>0.62166667</y>
      <w>1.0</w>
      <t>4334</t>
    </point>
    <point>
      <x>0.57666665</x>
      <y>0.625</y>
      <w>0.9863148</w>
      <t>4367</t>
    </point>
    <point>
      <x>0.57666665</x>
      <y>0.62833333</y>
      <w>0.9863148</w>
      <t>4367</t>
    </point>
    <point>
      <x>0.575</x>
      <y>0.63166666</y>
      <w>0.9863148</w>
      <t>4367</t>
    </point>
    <point>
      <x>0.575</x>
      <y>0.6333333</y>
      <w>0.9863148</w>
      <t>4367</t>
    </point>
    <point>
      <x>0.575</x>
      <y>0.63666666</y>
      <w>0.93352884</w>
      <t>4400</t>
    </point>
    <point>
      <x>0.5733333</x>
      <y>0.6383333</y>
      <w>0.93352884</w>
      <t>4400</t>
    </point>
    <point>
      <x>0.5733333</x>
      <y>0.64166665</y>
      <w>0.93352884</w>
      <t>4400</t>
    </point>
    <point>
      <x>0.57166666</x>
      <y>0.645</y>
      <w>0.93352884</w>
      <t>4400</t>
    </point>
    <point>
      <x>0.57</x>
      <y>0.6483333</y>
      <w>0.93352884</w>
      <t>4400</t>
    </point>
    <point>
      <x>0.5683333</x>
      <y>0.65166664</y>
      <w>0.8758553</w>
      <t>4434</t>
    </point>
    <point>
      <x>0.5683333</x>
      <y>0.655</y>
      <w>0.8758553</w>
      <t>4434</t>
    </point>
    <point>
      <x>0.56666666</x>
      <y>0.65833336</y>
      <w>0.8758553</w>
      <t>4434</t>
    </point>
    <point>
      <x>0.56333333</x>
      <y>0.66333336</y>
      <w>0.8758553</w>
      <t>4434</t>
    </point>
    <point>
      <x>0.56166667</x>
      <y>0.6666667</y>
      <w>0.82600194</w>
      <t>4467</t>
    </point>
    <point>
      <x>0.56</x>
      <y>0.6716667</y>
      <w>0.82600194</w>
      <t>4467</t>
    </point>
    <point>
      <x>0.55833334</x>
      <y>0.675</y>
      <w>0.82600194</w>
      <t>4467</t>
    </point>
    <point>
      <x>0.555</x>
      <y>0.67833334</y>
      <w>0.82600194</w>
      <t>4467</t>
    </point>
    <point>
      <x>0.55333334</x>
      <y>0.6816667</y>
      <w>0.82600194</w>
      <t>4467</t>
    </point>
    <point>
      <x>0.5516667</x>
      <y>0.685</y>
      <w>0.7546432</w>
      <t>4500</t>
    </point>
    <point>
      <x>0.54833335</x>
      <y>0.68833333</y>
      <w>0.7546432</w>
      <t>4500</t>
    </point>
    <point>
      <x>0.5466667</x>
      <y>0.69166666</y>
      <w>0.7546432</w>
      <t>4500</t>
    </point>
    <point>
      <x>0.545</x>
      <y>0.695</y>
      <w>0.7546432</w>
      <t>4500</t>
    </point>
    <point>
      <x>0.5416667</x>
      <y>0.6983333</y>
      <w>0.6451613</w>
      <t>4534</t>
    </point>
    <point>
      <x>0.53833336</x>
      <y>0.70166665</y>
      <w>0.6451613</w>
      <t>4534</t>
    </point>
    <point>
      <x>0.5366667</x>
      <y>0.705</y>
      <w>0.6451613</w>
      <t>4534</t>
    </point>
    <point>
      <x>0.53333336</x>
      <y>0.7083333</y>
      <w>0.6451613</w>
      <t>4534</t>
    </point>
    <point>
      <x>0.53</x>
      <y>0.71166664</y>
      <w>0.5415445</w>
      <t>4567</t>
    </point>
    <point>
      <x>0.5283333</x>
      <y>0.715</y>
      <w>0.5415445</w>
      <t>4567</t>
    </point>
    <point>
      <x>0.525</x>
      <y>0.71666664</y>
      <w>0.5415445</w>
      <t>4567</t>
    </point>
    <point>
      <x>0.52166665</x>
      <y>0.72</y>
      <w>0.5415445</w>
      <t>4567</t>
    </point>
    <point>
      <x>0.5183333</x>
      <y>0.72333336</y>
      <w>0.5415445</w>
      <t>4567</t>
    </point>
    <point>
      <x>0.515</x>
      <y>0.725</y>
      <w>0.34701857</w>
      <t>4600</t>
    </point>
    <point>
      <x>0.51166666</x>
      <y>0.72833335</y>
      <w>0.34701857</w>
      <t>4600</t>
    </point>
    <point>
      <x>0.5083333</x>
      <y>0.7316667</y>
      <w>0.34701857</w>
      <t>4600</t>
    </point>
    <point>
      <x>0.505</x>
      <y>0.73333335</y>
      <w>0.34701857</w>
      <t>4600</t>
    </point>
    <point>
      <x>0.5</x>
      <y>0.7366667</y>
      <w>0.20332356</w>
      <t>4634</t>
    </point>
    <point>
      <x>0.495</x>
      <y>0.74</y>
      <w>0.20332356</w>
      <t>4634</t>
    </point>
    <point>
      <x>0.49166667</x>
      <y>0.7416667</y>
      <w>0.20332356</w>
      <t>4634</t>
    </point>
    <point>
      <x>0.48833334</x>
      <y>0.74333334</y>
      <w>0.20332356</w>
      <t>4634</t>
    </point>
    <point>
      <x>0.48333332</x>
      <y>0.745</y>
      <w>0.20332356</w>
      <t>4634</t>
    </point>
  </stroke>
</character>
