<?xml version="1.0" encoding="UTF-8"?>
<character>
  <stroke time="0">
    <point>
      <x>0.31833333</x>
      <y>0.22</y>
      <w>0.032258064</w>
      <t>5</t>
    </point>
    <point>
      <x>0.31833333</x>
      <y>0.22166666</y>
      <w>0.10166178</w>
      <t>33</t>
    </point>
    <point>
      <x>0.31833333</x>
      <y>0.22333333</y>
      <w>0.10166178</w>
      <t>33</t>
    </point>
    <point>
      <x>0.31833333</x>
      <y>0.225</y>
      <w>0.15640274</w>
      <t>66</t>
    </point>
    <point>
      <x>0.31833333</x>
      <y>0.22666667</y>
      <w>0.15640274</w>
      <t>66</t>
    </point>
    <point>
      <x>0.31833333</x>
      <y>0.22833334</y>
      <w>0.15640274</w>
      <t>66</t>
    </point>
    <point>
      <x>0.31833333</x>
      <y>0.23</y>
      <w>0.15640274</w>
      <t>67</t>
    </point>
    <point>
      <x>0.31833333</x>
      <y>0.23166667</y>
      <w>0.20234604</w>
      <t>100</t>
    </point>
    <point>
      <x>0.32</x>
      <y>0.23333333</y>
      <w>0.20234604</w>
      <t>100</t>
    </point>
    <point>
      <x>0.32</x>
      <y>0.235</y>
      <w>0.20234604</w>
      <t>100</t>
    </point>
    <point>
      <x>0.32</x>
      <y>0.23666666</y>
      <w>0.20234604</w>
      <t>101</t>
    </point>
    <point>
      <x>0.32</x>
      <y>0.23833333</y>
      <w>0.38807428</w>
      <t>134</t>
    </point>
    <point>
      <x>0.32</x>
      <y>0.24</y>
      <w>0.38807428</w>
      <t>134</t>
    </point>
    <point>
      <x>0.32166666</x>
      <y>0.24166666</y>
      <w>0.38807428</w>
      <t>134</t>
    </point>
    <point>
      <x>0.32166666</x>
      <y>0.24333334</y>
      <w>0.38807428</w>
      <t>135</t>
    </point>
    <point>
      <x>0.32166666</x>
      <y>0.245</y>
      <w>0.49266863</w>
      <t>167</t>
    </point>
    <point>
      <x>0.32166666</x>
      <y>0.24666667</y>
      <w>0.49266863</w>
      <t>167</t>
    </point>
    <point>
      <x>0.32333332</x>
      <y>0.24666667</y>
      <w>0.49266863</w>
      <t>167</t>
    </point>
    <point>
      <x>0.32333332</x>
      <y>0.24833333</y>
      <w>0.5464321</w>
      <t>201</t>
    </point>
    <point>
      <x>0.32333332</x>
      <y>0.25</y>
      <w>0.5464321</w>
      <t>201</t>
    </point>
    <point>
      <x>0.325</x>
      <y>0.25</y>
      <w>0.5464321</w>
      <t>203</t>
    </point>
    <point>
      <x>0.325</x>
      <y>0.25166667</y>
      <w>0.5464321</w>
      <t>203</t>
    </point>
    <point>
      <x>0.32666665</x>
      <y>0.25333333</y>
      <w>0.6041056</w>
      <t>233</t>
    </point>
    <point>
      <x>0.32666665</x>
      <y>0.255</y>
      <w>0.6041056</w>
      <t>233</t>
    </point>
    <point>
      <x>0.32833335</x>
      <y>0.255</y>
      <w>0.6041056</w>
      <t>233</t>
    </point>
    <point>
      <x>0.32833335</x>
      <y>0.25666666</y>
      <w>0.6461388</w>
      <t>267</t>
    </point>
    <point>
      <x>0.33</x>
      <y>0.25666666</y>
      <w>0.6461388</w>
      <t>267</t>
    </point>
    <point>
      <x>0.33</x>
      <y>0.25833333</y>
      <w>0.6461388</w>
      <t>267</t>
    </point>
    <point>
      <x>0.33166668</x>
      <y>0.26</y>
      <w>0.6461388</w>
      <t>268</t>
    </point>
    <point>
      <x>0.33166668</x>
      <y>0.26166666</y>
      <w>0.6461388</w>
      <t>268</t>
    </point>
    <point>
      <x>0.33333334</x>
      <y>0.26166666</y>
      <w>0.66471165</w>
      <t>301</t>
    </point>
    <point>
      <x>0.33333334</x>
      <y>0.26333332</y>
      <w>0.66471165</w>
      <t>301</t>
    </point>
    <point>
      <x>0.335</x>
      <y>0.265</y>
      <w>0.66471165</w>
      <t>301</t>
    </point>
    <point>
      <x>0.33666667</x>
      <y>0.26666668</y>
      <w>0.6744868</w>
      <t>333</t>
    </point>
    <point>
      <x>0.33666667</x>
      <y>0.26833335</y>
      <w>0.6744868</w>
      <t>333</t>
    </point>
    <point>
      <x>0.33833334</x>
      <y>0.26833335</y>
      <w>0.6744868</w>
      <t>333</t>
    </point>
    <point>
      <x>0.33833334</x>
      <y>0.27</y>
      <w>0.6744868</w>
      <t>334</t>
    </point>
    <point>
      <x>0.34</x>
      <y>0.27</y>
      <w>0.6783969</w>
      <t>366</t>
    </point>
    <point>
      <x>0.34</x>
      <y>0.27166668</y>
      <w>0.6783969</w>
      <t>366</t>
    </point>
    <point>
      <x>0.34166667</x>
      <y>0.27166668</y>
      <w>0.6783969</w>
      <t>366</t>
    </point>
    <point>
      <x>0.34166667</x>
      <y>0.27333334</y>
      <w>0.6783969</w>
      <t>400</t>
    </point>
    <point>
      <x>0.34333333</x>
      <y>0.27333334</y>
      <w>0.6783969</w>
      <t>400</t>
    </point>
    <point>
      <x>0.345</x>
      <y>0.27333334</y>
      <w>0.67741936</w>
      <t>434</t>
    </point>
    <point>
      <x>0.345</x>
      <y>0.275</y>
      <w>0.67741936</w>
      <t>434</t>
    </point>
    <point>
      <x>0.34666666</x>
      <y>0.275</y>
      <w>0.67741936</w>
      <t>434</t>
    </point>
    <point>
      <x>0.34833333</x>
      <y>0.275</y>
      <w>0.67741936</w>
      <t>467</t>
    </point>
    <point>
      <x>0.34833333</x>
      <y>0.27666667</y>
      <w>0.67741936</w>
      <t>467</t>
    </point>
    <point>
      <x>0.35</x>
      <y>0.27666667</y>
      <w>0.6735093</w>
      <t>500</t>
    </point>
    <point>
      <x>0.35166666</x>
      <y>0.27666667</y>
      <w>0.6735093</w>
      <t>500</t>
    </point>
    <point>
      <x>0.35333332</x>
      <y>0.27666667</y>
      <w>0.65786904</w>
      <t>534</t>
    </point>
    <point>
      <x>0.355</x>
      <y>0.27833334</y>
      <w>0.65786904</w>
      <t>534</t>
    </point>
    <point>
      <x>0.35666665</x>
      <y>0.27833334</y>
      <w>0.6177908</w>
      <t>567</t>
    </point>
    <point>
      <x>0.35833332</x>
      <y>0.27833334</y>
      <w>0.58748776</w>
      <t>600</t>
    </point>
    <point>
      <x>0.36</x>
      <y>0.27833334</y>
      <w>0.58748776</w>
      <t>600</t>
    </point>
    <point>
      <x>0.36166668</x>
      <y>0.27833334</y>
      <w>0.5464321</w>
      <t>634</t>
    </point>
    <point>
      <x>0.36333334</x>
      <y>0.27666667</y>
      <w>0.5464321</w>
      <t>634</t>
    </point>
    <point>
      <x>0.365</x>
      <y>0.27666667</y>
      <w>0.5464321</w>
      <t>634</t>
    </point>
    <point>
      <x>0.36666667</x>
      <y>0.275</y>
      <w>0.5464321</w>
      <t>634</t>
    </point>
    <point>
      <x>0.36833334</x>
      <y>0.275</y>
      <w>0.49951124</w>
      <t>667</t>
    </point>
    <point>
      <x>0.37</x>
      <y>0.27333334</y>
      <w>0.49951124</w>
      <t>667</t>
    </point>
    <point>
      <x>0.37166667</x>
      <y>0.27333334</y>
      <w>0.49951124</w>
      <t>667</t>
    </point>
    <point>
      <x>0.37333333</x>
      <y>0.27333334</y>
      <w>0.49951124</w>
      <t>668</t>
    </point>
    <point>
      <x>0.375</x>
      <y>0.27333334</y>
      <w>0.4516129</w>
      <t>700</t>
    </point>
    <point>
      <x>0.37666667</x>
      <y>0.27166668</y>
      <w>0.4516129</w>
      <t>700</t>
    </point>
    <point>
      <x>0.37833333</x>
      <y>0.27166668</y>
      <w>0.4516129</w>
      <t>700</t>
    </point>
    <point>
      <x>0.38</x>
      <y>0.27</y>
      <w>0.4516129</w>
      <t>700</t>
    </point>
    <point>
      <x>0.38333333</x>
      <y>0.26833335</y>
      <w>0.3489736</w>
      <t>733</t>
    </point>
    <point>
      <x>0.385</x>
      <y>0.26666668</y>
      <w>0.3489736</w>
      <t>733</t>
    </point>
    <point>
      <x>0.38833332</x>
      <y>0.265</y>
      <w>0.3489736</w>
      <t>733</t>
    </point>
    <point>
      <x>0.39</x>
      <y>0.26333332</y>
      <w>0.3489736</w>
      <t>733</t>
    </point>
    <point>
      <x>0.39333335</x>
      <y>0.26166666</y>
      <w>0.29032257</w>
      <t>734</t>
    </point>
    <point>
      <x>0.39666668</x>
      <y>0.26</y>
      <w>0.1710655</w>
      <t>766</t>
    </point>
    <point>
      <x>0.39833334</x>
      <y>0.25833333</y>
      <w>0.1710655</w>
      <t>766</t>
    </point>
    <point>
      <x>0.40166667</x>
      <y>0.25666666</y>
      <w>0.1710655</w>
      <t>766</t>
    </point>
    <point>
      <x>0.405</x>
      <y>0.255</y>
      <w>0.1710655</w>
      <t>766</t>
    </point>
    <point>
      <x>0.40666667</x>
      <y>0.25333333</y>
      <w>0.0</w>
      <t>800</t>
    </point>
    <point>
      <x>0.41</x>
      <y>0.25166667</y>
      <w>0.0</w>
      <t>800</t>
    </point>
    <point>
      <x>0.41333333</x>
      <y>0.25</y>
      <w>0.0</w>
      <t>800</t>
    </point>
  </stroke>
  <stroke time="1900">
    <point>
      <x>0.58166665</x>
      <y>0.16666667</y>
      <w>0.18181819</w>
      <t>1934</t>
    </point>
    <point>
      <x>0.5833333</x>
      <y>0.16666667</y>
      <w>0.2521994</w>
      <t>1935</t>
    </point>
    <point>
      <x>0.5833333</x>
      <y>0.16833334</y>
      <w>0.2521994</w>
      <t>1935</t>
    </point>
    <point>
      <x>0.585</x>
      <y>0.16833334</y>
      <w>0.32942328</w>
      <t>1967</t>
    </point>
    <point>
      <x>0.58666664</x>
      <y>0.17</y>
      <w>0.32942328</w>
      <t>1967</t>
    </point>
    <point>
      <x>0.58666664</x>
      <y>0.17166667</y>
      <w>0.32942328</w>
      <t>1967</t>
    </point>
    <point>
      <x>0.5883333</x>
      <y>0.17333333</y>
      <w>0.32942328</w>
      <t>1969</t>
    </point>
    <point>
      <x>0.59</x>
      <y>0.175</y>
      <w>0.32942328</w>
      <t>1969</t>
    </point>
    <point>
      <x>0.59166664</x>
      <y>0.17833333</y>
      <w>0.3773216</w>
      <t>2000</t>
    </point>
    <point>
      <x>0.5933333</x>
      <y>0.18</y>
      <w>0.3773216</w>
      <t>2000</t>
    </point>
    <point>
      <x>0.5933333</x>
      <y>0.18333334</y>
      <w>0.3773216</w>
      <t>2000</t>
    </point>
    <point>
      <x>0.5933333</x>
      <y>0.185</y>
      <w>0.3773216</w>
      <t>2000</t>
    </point>
    <point>
      <x>0.595</x>
      <y>0.18666667</y>
      <w>0.43010753</w>
      <t>2033</t>
    </point>
    <point>
      <x>0.595</x>
      <y>0.18833333</y>
      <w>0.43010753</w>
      <t>2033</t>
    </point>
    <point>
      <x>0.595</x>
      <y>0.19</y>
      <w>0.43010753</w>
      <t>2033</t>
    </point>
    <point>
      <x>0.595</x>
      <y>0.19166666</y>
      <w>0.4740958</w>
      <t>2067</t>
    </point>
    <point>
      <x>0.595</x>
      <y>0.19333333</y>
      <w>0.4740958</w>
      <t>2067</t>
    </point>
    <point>
      <x>0.595</x>
      <y>0.195</y>
      <w>0.5219941</w>
      <t>2100</t>
    </point>
    <point>
      <x>0.595</x>
      <y>0.19666667</y>
      <w>0.5219941</w>
      <t>2100</t>
    </point>
    <point>
      <x>0.595</x>
      <y>0.19833334</y>
      <w>0.5601173</w>
      <t>2134</t>
    </point>
    <point>
      <x>0.595</x>
      <y>0.2</y>
      <w>0.5835777</w>
      <t>2166</t>
    </point>
    <point>
      <x>0.595</x>
      <y>0.20166667</y>
      <w>0.5835777</w>
      <t>2166</t>
    </point>
    <point>
      <x>0.595</x>
      <y>0.20333333</y>
      <w>0.59530795</w>
      <t>2200</t>
    </point>
    <point>
      <x>0.595</x>
      <y>0.205</y>
      <w>0.59530795</w>
      <t>2200</t>
    </point>
    <point>
      <x>0.595</x>
      <y>0.20666666</y>
      <w>0.59530795</w>
      <t>2200</t>
    </point>
    <point>
      <x>0.5933333</x>
      <y>0.20833333</y>
      <w>0.597263</w>
      <t>2233</t>
    </point>
    <point>
      <x>0.5933333</x>
      <y>0.21</y>
      <w>0.597263</w>
      <t>2233</t>
    </point>
    <point>
      <x>0.59166664</x>
      <y>0.21166667</y>
      <w>0.597263</w>
      <t>2233</t>
    </point>
    <point>
      <x>0.59166664</x>
      <y>0.21333334</y>
      <w>0.597263</w>
      <t>2233</t>
    </point>
    <point>
      <x>0.59</x>
      <y>0.215</y>
      <w>0.5982405</w>
      <t>2267</t>
    </point>
    <point>
      <x>0.59</x>
      <y>0.21666667</y>
      <w>0.5982405</w>
      <t>2267</t>
    </point>
    <point>
      <x>0.5883333</x>
      <y>0.21833333</y>
      <w>0.5982405</w>
      <t>2267</t>
    </point>
    <point>
      <x>0.58666664</x>
      <y>0.22</y>
      <w>0.5982405</w>
      <t>2267</t>
    </point>
    <point>
      <x>0.58666664</x>
      <y>0.22166666</y>
      <w>0.5982405</w>
      <t>2300</t>
    </point>
    <point>
      <x>0.585</x>
      <y>0.22333333</y>
      <w>0.5982405</w>
      <t>2300</t>
    </point>
    <point>
      <x>0.5833333</x>
      <y>0.225</y>
      <w>0.5982405</w>
      <t>2300</t>
    </point>
    <point>
      <x>0.58166665</x>
      <y>0.22666667</y>
      <w>0.5982405</w>
      <t>2300</t>
    </point>
    <point>
      <x>0.58166665</x>
      <y>0.22833334</y>
      <w>0.5982405</w>
      <t>2300</t>
    </point>
    <point>
      <x>0.58</x>
      <y>0.23</y>
      <w>0.5982405</w>
      <t>2333</t>
    </point>
    <point>
      <x>0.5783333</x>
      <y>0.23166667</y>
      <w>0.5982405</w>
      <t>2333</t>
    </point>
    <point>
      <x>0.57666665</x>
      <y>0.23333333</y>
      <w>0.5982405</w>
      <t>2333</t>
    </point>
    <point>
      <x>0.57666665</x>
      <y>0.235</y>
      <w>0.5982405</w>
      <t>2333</t>
    </point>
    <point>
      <x>0.575</x>
      <y>0.23666666</y>
      <w>0.597263</w>
      <t>2367</t>
    </point>
    <point>
      <x>0.5733333</x>
      <y>0.23666666</y>
      <w>0.597263</w>
      <t>2367</t>
    </point>
    <point>
      <x>0.5733333</x>
      <y>0.23833333</y>
      <w>0.597263</w>
      <t>2367</t>
    </point>
    <point>
      <x>0.57166666</x>
      <y>0.24</y>
      <w>0.597263</w>
      <t>2367</t>
    </point>
    <point>
      <x>0.57166666</x>
      <y>0.24166666</y>
      <w>0.597263</w>
      <t>2368</t>
    </point>
    <point>
      <x>0.57</x>
      <y>0.24333334</y>
      <w>0.58064514</w>
      <t>2400</t>
    </point>
    <point>
      <x>0.5683333</x>
      <y>0.245</y>
      <w>0.58064514</w>
      <t>2400</t>
    </point>
    <point>
      <x>0.56666666</x>
      <y>0.24833333</y>
      <w>0.58064514</w>
      <t>2400</t>
    </point>
    <point>
      <x>0.565</x>
      <y>0.25</y>
      <w>0.58064514</w>
      <t>2400</t>
    </point>
    <point>
      <x>0.56333333</x>
      <y>0.25166667</y>
      <w>0.54447705</w>
      <t>2433</t>
    </point>
    <point>
      <x>0.56166667</x>
      <y>0.25333333</y>
      <w>0.54447705</w>
      <t>2433</t>
    </point>
    <point>
      <x>0.56</x>
      <y>0.255</y>
      <w>0.54447705</w>
      <t>2433</t>
    </point>
    <point>
      <x>0.55833334</x>
      <y>0.25666666</y>
      <w>0.54447705</w>
      <t>2433</t>
    </point>
    <point>
      <x>0.5566667</x>
      <y>0.25833333</y>
      <w>0.54447705</w>
      <t>2433</t>
    </point>
    <point>
      <x>0.5566667</x>
      <y>0.26</y>
      <w>0.53274685</w>
      <t>2467</t>
    </point>
    <point>
      <x>0.555</x>
      <y>0.26166666</y>
      <w>0.53274685</w>
      <t>2467</t>
    </point>
    <point>
      <x>0.5516667</x>
      <y>0.26333332</y>
      <w>0.53274685</w>
      <t>2467</t>
    </point>
    <point>
      <x>0.55</x>
      <y>0.26666668</y>
      <w>0.53274685</w>
      <t>2467</t>
    </point>
    <point>
      <x>0.54833335</x>
      <y>0.26833335</y>
      <w>0.43792766</w>
      <t>2500</t>
    </point>
    <point>
      <x>0.5466667</x>
      <y>0.27</y>
      <w>0.43792766</w>
      <t>2500</t>
    </point>
    <point>
      <x>0.54333335</x>
      <y>0.27333334</y>
      <w>0.43792766</w>
      <t>2500</t>
    </point>
    <point>
      <x>0.54</x>
      <y>0.275</y>
      <w>0.43792766</w>
      <t>2500</t>
    </point>
    <point>
      <x>0.5366667</x>
      <y>0.27833334</y>
      <w>0.28250244</w>
      <t>2533</t>
    </point>
    <point>
      <x>0.535</x>
      <y>0.28166667</y>
      <w>0.28250244</w>
      <t>2533</t>
    </point>
    <point>
      <x>0.5316667</x>
      <y>0.28333333</y>
      <w>0.28250244</w>
      <t>2533</t>
    </point>
    <point>
      <x>0.5283333</x>
      <y>0.28666666</y>
      <w>0.28250244</w>
      <t>2533</t>
    </point>
    <point>
      <x>0.525</x>
      <y>0.28833333</y>
      <w>0.28250244</w>
      <t>2533</t>
    </point>
    <point>
      <x>0.52166665</x>
      <y>0.29166666</y>
      <w>0.14760508</w>
      <t>2567</t>
    </point>
    <point>
      <x>0.5183333</x>
      <y>0.295</y>
      <w>0.14760508</w>
      <t>2567</t>
    </point>
    <point>
      <x>0.515</x>
      <y>0.29666665</y>
      <w>0.14760508</w>
      <t>2567</t>
    </point>
    <point>
      <x>0.51166666</x>
      <y>0.3</y>
      <w>0.14760508</w>
      <t>2567</t>
    </point>
    <point>
      <x>0.5083333</x>
      <y>0.30166668</y>
      <w>0.0</w>
      <t>2600</t>
    </point>
  </stroke>
  <stroke time="3833">
    <point>
      <x>0.26166666</x>
      <y>0.465</y>
      <w>0.37536657</w>
      <t>3900</t>
    </point>
    <point>
      <x>0.26333332</x>
      <y>0.465</y>
      <w>0.37536657</w>
      <t>3900</t>
    </point>
    <point>
      <x>0.265</x>
      <y>0.465</y>
      <w>0.48387095</w>
      <t>3933</t>
    </point>
    <point>
      <x>0.26666668</x>
      <y>0.46666667</y>
      <w>0.48387095</w>
      <t>3933</t>
    </point>
    <point>
      <x>0.26833335</x>
      <y>0.46666667</y>
      <w>0.5659824</w>
      <t>3967</t>
    </point>
    <point>
      <x>0.26833335</x>
      <y>0.46833333</y>
      <w>0.5659824</w>
      <t>3967</t>
    </point>
    <point>
      <x>0.27</x>
      <y>0.46833333</y>
      <w>0.5659824</w>
      <t>3967</t>
    </point>
    <point>
      <x>0.27166668</x>
      <y>0.47</y>
      <w>0.5913978</w>
      <t>4000</t>
    </point>
    <point>
      <x>0.27333334</x>
      <y>0.47</y>
      <w>0.5913978</w>
      <t>4000</t>
    </point>
    <point>
      <x>0.275</x>
      <y>0.47</y>
      <w>0.6158358</w>
      <t>4034</t>
    </point>
    <point>
      <x>0.275</x>
      <y>0.47166666</y>
      <w>0.6158358</w>
      <t>4034</t>
    </point>
    <point>
      <x>0.27666667</x>
      <y>0.47166666</y>
      <w>0.6158358</w>
      <t>4034</t>
    </point>
    <point>
      <x>0.27833334</x>
      <y>0.47166666</y>
      <w>0.6304985</w>
      <t>4067</t>
    </point>
    <point>
      <x>0.28</x>
      <y>0.47166666</y>
      <w>0.6304985</w>
      <t>4067</t>
    </point>
    <point>
      <x>0.28166667</x>
      <y>0.47166666</y>
      <w>0.6471163</w>
      <t>4100</t>
    </point>
    <point>
      <x>0.28333333</x>
      <y>0.47166666</y>
      <w>0.6539589</w>
      <t>4133</t>
    </point>
    <point>
      <x>0.285</x>
      <y>0.47166666</y>
      <w>0.6568915</w>
      <t>4166</t>
    </point>
    <point>
      <x>0.28666666</x>
      <y>0.47166666</y>
      <w>0.6568915</w>
      <t>4166</t>
    </point>
    <point>
      <x>0.28833333</x>
      <y>0.47166666</y>
      <w>0.6568915</w>
      <t>4200</t>
    </point>
    <point>
      <x>0.29</x>
      <y>0.47166666</y>
      <w>0.6568915</w>
      <t>4200</t>
    </point>
    <point>
      <x>0.29166666</x>
      <y>0.47</y>
      <w>0.6568915</w>
      <t>4200</t>
    </point>
    <point>
      <x>0.29333332</x>
      <y>0.47</y>
      <w>0.6598241</w>
      <t>4234</t>
    </point>
    <point>
      <x>0.295</x>
      <y>0.47</y>
      <w>0.6598241</w>
      <t>4234</t>
    </point>
    <point>
      <x>0.29666665</x>
      <y>0.46833333</y>
      <w>0.6598241</w>
      <t>4234</t>
    </point>
    <point>
      <x>0.29833335</x>
      <y>0.46833333</y>
      <w>0.6598241</w>
      <t>4234</t>
    </point>
    <point>
      <x>0.3</x>
      <y>0.46666667</y>
      <w>0.6598241</w>
      <t>4234</t>
    </point>
    <point>
      <x>0.30166668</x>
      <y>0.46666667</y>
      <w>0.6608016</w>
      <t>4267</t>
    </point>
    <point>
      <x>0.30333334</x>
      <y>0.465</y>
      <w>0.6608016</w>
      <t>4267</t>
    </point>
    <point>
      <x>0.30666667</x>
      <y>0.46333334</y>
      <w>0.6608016</w>
      <t>4267</t>
    </point>
    <point>
      <x>0.30833334</x>
      <y>0.46166667</y>
      <w>0.6608016</w>
      <t>4267</t>
    </point>
    <point>
      <x>0.31</x>
      <y>0.46</y>
      <w>0.6608016</w>
      <t>4300</t>
    </point>
    <point>
      <x>0.31333333</x>
      <y>0.46</y>
      <w>0.6608016</w>
      <t>4300</t>
    </point>
    <point>
      <x>0.315</x>
      <y>0.45833334</y>
      <w>0.6608016</w>
      <t>4300</t>
    </point>
    <point>
      <x>0.31666666</x>
      <y>0.45666668</y>
      <w>0.6608016</w>
      <t>4300</t>
    </point>
    <point>
      <x>0.31833333</x>
      <y>0.455</y>
      <w>0.6598241</w>
      <t>4333</t>
    </point>
    <point>
      <x>0.32166666</x>
      <y>0.455</y>
      <w>0.6598241</w>
      <t>4333</t>
    </point>
    <point>
      <x>0.32333332</x>
      <y>0.45333335</y>
      <w>0.6598241</w>
      <t>4333</t>
    </point>
    <point>
      <x>0.32666665</x>
      <y>0.45166665</y>
      <w>0.6598241</w>
      <t>4333</t>
    </point>
    <point>
      <x>0.33</x>
      <y>0.45</y>
      <w>0.6598241</w>
      <t>4333</t>
    </point>
    <point>
      <x>0.33166668</x>
      <y>0.44833332</y>
      <w>0.63245356</w>
      <t>4367</t>
    </point>
    <point>
      <x>0.335</x>
      <y>0.44666666</y>
      <w>0.63245356</w>
      <t>4367</t>
    </point>
    <point>
      <x>0.33833334</x>
      <y>0.445</y>
      <w>0.63245356</w>
      <t>4367</t>
    </point>
    <point>
      <x>0.34166667</x>
      <y>0.44333333</y>
      <w>0.63245356</w>
      <t>4367</t>
    </point>
    <point>
      <x>0.34333333</x>
      <y>0.44</y>
      <w>0.627566</w>
      <t>4400</t>
    </point>
    <point>
      <x>0.34666666</x>
      <y>0.43833333</y>
      <w>0.627566</w>
      <t>4400</t>
    </point>
    <point>
      <x>0.35</x>
      <y>0.43666667</y>
      <w>0.627566</w>
      <t>4400</t>
    </point>
    <point>
      <x>0.35333332</x>
      <y>0.435</y>
      <w>0.627566</w>
      <t>4400</t>
    </point>
    <point>
      <x>0.35666665</x>
      <y>0.43166667</y>
      <w>0.627566</w>
      <t>4400</t>
    </point>
    <point>
      <x>0.36166668</x>
      <y>0.43</y>
      <w>0.6217009</w>
      <t>4434</t>
    </point>
    <point>
      <x>0.36666667</x>
      <y>0.42666668</y>
      <w>0.6217009</w>
      <t>4434</t>
    </point>
    <point>
      <x>0.37166667</x>
      <y>0.42333335</y>
      <w>0.6217009</w>
      <t>4434</t>
    </point>
    <point>
      <x>0.37666667</x>
      <y>0.42</y>
      <w>0.6217009</w>
      <t>4434</t>
    </point>
    <point>
      <x>0.38333333</x>
      <y>0.41666666</y>
      <w>0.6031281</w>
      <t>4467</t>
    </point>
    <point>
      <x>0.38833332</x>
      <y>0.41333333</y>
      <w>0.6031281</w>
      <t>4467</t>
    </point>
    <point>
      <x>0.39333335</x>
      <y>0.40833333</y>
      <w>0.6031281</w>
      <t>4467</t>
    </point>
    <point>
      <x>0.4</x>
      <y>0.405</y>
      <w>0.6031281</w>
      <t>4467</t>
    </point>
    <point>
      <x>0.405</x>
      <y>0.40166667</y>
      <w>0.6031281</w>
      <t>4467</t>
    </point>
    <point>
      <x>0.41166666</x>
      <y>0.39833334</y>
      <w>0.58064514</w>
      <t>4500</t>
    </point>
    <point>
      <x>0.41666666</x>
      <y>0.395</y>
      <w>0.58064514</w>
      <t>4500</t>
    </point>
    <point>
      <x>0.42333335</x>
      <y>0.39</y>
      <w>0.58064514</w>
      <t>4500</t>
    </point>
    <point>
      <x>0.43</x>
      <y>0.38666666</y>
      <w>0.58064514</w>
      <t>4500</t>
    </point>
    <point>
      <x>0.43666667</x>
      <y>0.38333333</y>
      <w>0.55131966</w>
      <t>4534</t>
    </point>
    <point>
      <x>0.44333333</x>
      <y>0.37833333</y>
      <w>0.55131966</w>
      <t>4534</t>
    </point>
    <point>
      <x>0.44833332</x>
      <y>0.375</y>
      <w>0.55131966</w>
      <t>4534</t>
    </point>
    <point>
      <x>0.455</x>
      <y>0.37333333</y>
      <w>0.55131966</w>
      <t>4534</t>
    </point>
    <point>
      <x>0.46166667</x>
      <y>0.37</y>
      <w>0.55131966</w>
      <t>4534</t>
    </point>
    <point>
      <x>0.46666667</x>
      <y>0.36666667</y>
      <w>0.5542522</w>
      <t>4567</t>
    </point>
    <point>
      <x>0.47333333</x>
      <y>0.365</y>
      <w>0.5542522</w>
      <t>4567</t>
    </point>
    <point>
      <x>0.48166665</x>
      <y>0.36166668</y>
      <w>0.5542522</w>
      <t>4567</t>
    </point>
    <point>
      <x>0.48833334</x>
      <y>0.35833332</y>
      <w>0.5542522</w>
      <t>4567</t>
    </point>
    <point>
      <x>0.495</x>
      <y>0.355</y>
      <w>0.5552297</w>
      <t>4600</t>
    </point>
    <point>
      <x>0.50333333</x>
      <y>0.35166666</y>
      <w>0.5552297</w>
      <t>4600</t>
    </point>
    <point>
      <x>0.51</x>
      <y>0.34833333</y>
      <w>0.5552297</w>
      <t>4600</t>
    </point>
    <point>
      <x>0.5183333</x>
      <y>0.345</y>
      <w>0.5552297</w>
      <t>4600</t>
    </point>
    <point>
      <x>0.525</x>
      <y>0.34333333</y>
      <w>0.5542522</w>
      <t>4634</t>
    </point>
    <point>
      <x>0.53333336</x>
      <y>0.34</y>
      <w>0.5542522</w>
      <t>4634</t>
    </point>
    <point>
      <x>0.54</x>
      <y>0.33666667</y>
      <w>0.5542522</w>
      <t>4634</t>
    </point>
    <point>
      <x>0.5466667</x>
      <y>0.335</y>
      <w>0.5542522</w>
      <t>4634</t>
    </point>
    <point>
      <x>0.55333334</x>
      <y>0.33333334</y>
      <w>0.5542522</w>
      <t>4634</t>
    </point>
    <point>
      <x>0.56</x>
      <y>0.33166668</y>
      <w>0.5542522</w>
      <t>4667</t>
    </point>
    <point>
      <x>0.565</x>
      <y>0.33</y>
      <w>0.5542522</w>
      <t>4667</t>
    </point>
    <point>
      <x>0.57166666</x>
      <y>0.32833335</y>
      <w>0.5542522</w>
      <t>4667</t>
    </point>
    <point>
      <x>0.57666665</x>
      <y>0.32833335</y>
      <w>0.5542522</w>
      <t>4667</t>
    </point>
    <point>
      <x>0.58166665</x>
      <y>0.32666665</y>
      <w>0.57575756</w>
      <t>4700</t>
    </point>
    <point>
      <x>0.58666664</x>
      <y>0.32666665</y>
      <w>0.57575756</w>
      <t>4700</t>
    </point>
    <point>
      <x>0.59166664</x>
      <y>0.32666665</y>
      <w>0.57575756</w>
      <t>4700</t>
    </point>
    <point>
      <x>0.595</x>
      <y>0.32666665</y>
      <w>0.57575756</w>
      <t>4700</t>
    </point>
    <point>
      <x>0.59833336</x>
      <y>0.32666665</y>
      <w>0.57575756</w>
      <t>4700</t>
    </point>
    <point>
      <x>0.6016667</x>
      <y>0.32666665</y>
      <w>0.5982405</w>
      <t>4733</t>
    </point>
    <point>
      <x>0.605</x>
      <y>0.32666665</y>
      <w>0.5982405</w>
      <t>4733</t>
    </point>
    <point>
      <x>0.61</x>
      <y>0.32666665</y>
      <w>0.5982405</w>
      <t>4733</t>
    </point>
    <point>
      <x>0.61333334</x>
      <y>0.32666665</y>
      <w>0.5982405</w>
      <t>4733</t>
    </point>
    <point>
      <x>0.6166667</x>
      <y>0.32666665</y>
      <w>0.63245356</w>
      <t>4767</t>
    </point>
    <point>
      <x>0.62</x>
      <y>0.32666665</y>
      <w>0.63245356</w>
      <t>4767</t>
    </point>
    <point>
      <x>0.62333333</x>
      <y>0.32666665</y>
      <w>0.63245356</w>
      <t>4767</t>
    </point>
    <point>
      <x>0.62833333</x>
      <y>0.32666665</y>
      <w>0.63245356</w>
      <t>4767</t>
    </point>
    <point>
      <x>0.63166666</x>
      <y>0.32833335</y>
      <w>0.63245356</w>
      <t>4767</t>
    </point>
    <point>
      <x>0.635</x>
      <y>0.32833335</y>
      <w>0.6568915</w>
      <t>4800</t>
    </point>
    <point>
      <x>0.6383333</x>
      <y>0.32833335</y>
      <w>0.6568915</w>
      <t>4800</t>
    </point>
    <point>
      <x>0.64166665</x>
      <y>0.33</y>
      <w>0.6568915</w>
      <t>4800</t>
    </point>
    <point>
      <x>0.645</x>
      <y>0.33</y>
      <w>0.6568915</w>
      <t>4800</t>
    </point>
    <point>
      <x>0.6483333</x>
      <y>0.33166668</y>
      <w>0.67155427</w>
      <t>4833</t>
    </point>
    <point>
      <x>0.65166664</x>
      <y>0.33166668</y>
      <w>0.67155427</w>
      <t>4833</t>
    </point>
    <point>
      <x>0.6533333</x>
      <y>0.33333334</y>
      <w>0.67155427</w>
      <t>4833</t>
    </point>
    <point>
      <x>0.6566667</x>
      <y>0.33333334</y>
      <w>0.67155427</w>
      <t>4833</t>
    </point>
    <point>
      <x>0.65833336</x>
      <y>0.335</y>
      <w>0.67155427</w>
      <t>4833</t>
    </point>
    <point>
      <x>0.6616667</x>
      <y>0.335</y>
      <w>0.686217</w>
      <t>4867</t>
    </point>
    <point>
      <x>0.66333336</x>
      <y>0.33666667</y>
      <w>0.686217</w>
      <t>4867</t>
    </point>
    <point>
      <x>0.6666667</x>
      <y>0.33833334</y>
      <w>0.686217</w>
      <t>4867</t>
    </point>
    <point>
      <x>0.66833335</x>
      <y>0.34</y>
      <w>0.686217</w>
      <t>4867</t>
    </point>
    <point>
      <x>0.67</x>
      <y>0.34</y>
      <w>0.6979472</w>
      <t>4900</t>
    </point>
    <point>
      <x>0.6716667</x>
      <y>0.34166667</y>
      <w>0.6979472</w>
      <t>4900</t>
    </point>
    <point>
      <x>0.67333335</x>
      <y>0.34333333</y>
      <w>0.6979472</w>
      <t>4900</t>
    </point>
    <point>
      <x>0.675</x>
      <y>0.345</y>
      <w>0.6979472</w>
      <t>4900</t>
    </point>
    <point>
      <x>0.6766667</x>
      <y>0.34666666</y>
      <w>0.7096774</w>
      <t>4934</t>
    </point>
    <point>
      <x>0.68</x>
      <y>0.34833333</y>
      <w>0.7096774</w>
      <t>4934</t>
    </point>
    <point>
      <x>0.6816667</x>
      <y>0.35</y>
      <w>0.7096774</w>
      <t>4934</t>
    </point>
    <point>
      <x>0.68333334</x>
      <y>0.35166666</y>
      <w>0.7096774</w>
      <t>4934</t>
    </point>
    <point>
      <x>0.685</x>
      <y>0.35333332</y>
      <w>0.7096774</w>
      <t>4934</t>
    </point>
    <point>
      <x>0.68666667</x>
      <y>0.355</y>
      <w>0.7174975</w>
      <t>4967</t>
    </point>
    <point>
      <x>0.68833333</x>
      <y>0.35666665</y>
      <w>0.7174975</w>
      <t>4967</t>
    </point>
    <point>
      <x>0.69</x>
      <y>0.35833332</y>
      <w>0.7174975</w>
      <t>4967</t>
    </point>
    <point>
      <x>0.69</x>
      <y>0.36</y>
      <w>0.7174975</w>
      <t>4967</t>
    </point>
    <point>
      <x>0.69166666</x>
      <y>0.36166668</y>
      <w>0.7194526</w>
      <t>5000</t>
    </point>
    <point>
      <x>0.6933333</x>
      <y>0.36333334</y>
      <w>0.7194526</w>
      <t>5000</t>
    </point>
    <point>
      <x>0.695</x>
      <y>0.36666667</y>
      <w>0.7194526</w>
      <t>5000</t>
    </point>
    <point>
      <x>0.69666666</x>
      <y>0.36666667</y>
      <w>0.7194526</w>
      <t>5000</t>
    </point>
    <point>
      <x>0.69666666</x>
      <y>0.36833334</y>
      <w>0.7194526</w>
      <t>5000</t>
    </point>
    <point>
      <x>0.6983333</x>
      <y>0.37</y>
      <w>0.72043014</w>
      <t>5034</t>
    </point>
    <point>
      <x>0.7</x>
      <y>0.37166667</y>
      <w>0.72043014</w>
      <t>5034</t>
    </point>
    <point>
      <x>0.7</x>
      <y>0.37333333</y>
      <w>0.72043014</w>
      <t>5034</t>
    </point>
    <point>
      <x>0.70166665</x>
      <y>0.375</y>
      <w>0.72043014</w>
      <t>5067</t>
    </point>
    <point>
      <x>0.70166665</x>
      <y>0.37666667</y>
      <w>0.72043014</w>
      <t>5067</t>
    </point>
    <point>
      <x>0.7033333</x>
      <y>0.37833333</y>
      <w>0.72043014</w>
      <t>5067</t>
    </point>
    <point>
      <x>0.7033333</x>
      <y>0.38</y>
      <w>0.72043014</w>
      <t>5067</t>
    </point>
    <point>
      <x>0.7033333</x>
      <y>0.38166666</y>
      <w>0.72140765</w>
      <t>5100</t>
    </point>
    <point>
      <x>0.7033333</x>
      <y>0.38333333</y>
      <w>0.72140765</w>
      <t>5100</t>
    </point>
    <point>
      <x>0.7033333</x>
      <y>0.385</y>
      <w>0.72140765</w>
      <t>5133</t>
    </point>
    <point>
      <x>0.705</x>
      <y>0.38666666</y>
      <w>0.72140765</w>
      <t>5133</t>
    </point>
    <point>
      <x>0.705</x>
      <y>0.38833332</y>
      <w>0.72140765</w>
      <t>5133</t>
    </point>
    <point>
      <x>0.705</x>
      <y>0.39</y>
      <w>0.72140765</w>
      <t>5133</t>
    </point>
    <point>
      <x>0.705</x>
      <y>0.39166668</y>
      <w>0.72238517</w>
      <t>5167</t>
    </point>
    <point>
      <x>0.705</x>
      <y>0.39333335</y>
      <w>0.72238517</w>
      <t>5167</t>
    </point>
    <point>
      <x>0.705</x>
      <y>0.395</y>
      <w>0.72238517</w>
      <t>5167</t>
    </point>
    <point>
      <x>0.705</x>
      <y>0.39666668</y>
      <w>0.72238517</w>
      <t>5200</t>
    </point>
    <point>
      <x>0.705</x>
      <y>0.4</y>
      <w>0.72238517</w>
      <t>5200</t>
    </point>
    <point>
      <x>0.7033333</x>
      <y>0.40166667</y>
      <w>0.72238517</w>
      <t>5200</t>
    </point>
    <point>
      <x>0.7033333</x>
      <y>0.40333334</y>
      <w>0.72238517</w>
      <t>5200</t>
    </point>
    <point>
      <x>0.7033333</x>
      <y>0.405</y>
      <w>0.72140765</w>
      <t>5234</t>
    </point>
    <point>
      <x>0.70166665</x>
      <y>0.405</y>
      <w>0.72140765</w>
      <t>5234</t>
    </point>
    <point>
      <x>0.70166665</x>
      <y>0.40666667</y>
      <w>0.72140765</w>
      <t>5234</t>
    </point>
    <point>
      <x>0.70166665</x>
      <y>0.40833333</y>
      <w>0.72140765</w>
      <t>5234</t>
    </point>
    <point>
      <x>0.7</x>
      <y>0.41</y>
      <w>0.72140765</w>
      <t>5234</t>
    </point>
    <point>
      <x>0.7</x>
      <y>0.41166666</y>
      <w>0.6959922</w>
      <t>5267</t>
    </point>
    <point>
      <x>0.6983333</x>
      <y>0.41333333</y>
      <w>0.6959922</w>
      <t>5267</t>
    </point>
    <point>
      <x>0.6983333</x>
      <y>0.415</y>
      <w>0.6959922</w>
      <t>5267</t>
    </point>
    <point>
      <x>0.69666666</x>
      <y>0.41666666</y>
      <w>0.6959922</w>
      <t>5267</t>
    </point>
    <point>
      <x>0.695</x>
      <y>0.41833332</y>
      <w>0.6735093</w>
      <t>5300</t>
    </point>
    <point>
      <x>0.6933333</x>
      <y>0.42</y>
      <w>0.6735093</w>
      <t>5300</t>
    </point>
    <point>
      <x>0.69166666</x>
      <y>0.42166665</y>
      <w>0.6735093</w>
      <t>5300</t>
    </point>
    <point>
      <x>0.69166666</x>
      <y>0.42333335</y>
      <w>0.6735093</w>
      <t>5300</t>
    </point>
    <point>
      <x>0.69</x>
      <y>0.42333335</y>
      <w>0.6539589</w>
      <t>5334</t>
    </point>
    <point>
      <x>0.68833333</x>
      <y>0.425</y>
      <w>0.6539589</w>
      <t>5334</t>
    </point>
    <point>
      <x>0.68666667</x>
      <y>0.42666668</y>
      <w>0.6539589</w>
      <t>5334</t>
    </point>
    <point>
      <x>0.685</x>
      <y>0.42666668</y>
      <w>0.6539589</w>
      <t>5334</t>
    </point>
    <point>
      <x>0.68333334</x>
      <y>0.42833334</y>
      <w>0.61485827</w>
      <t>5367</t>
    </point>
    <point>
      <x>0.6816667</x>
      <y>0.43</y>
      <w>0.61485827</w>
      <t>5367</t>
    </point>
    <point>
      <x>0.68</x>
      <y>0.43</y>
      <w>0.61485827</w>
      <t>5367</t>
    </point>
    <point>
      <x>0.67833334</x>
      <y>0.43166667</y>
      <w>0.61485827</w>
      <t>5367</t>
    </point>
    <point>
      <x>0.6766667</x>
      <y>0.43333334</y>
      <w>0.61485827</w>
      <t>5367</t>
    </point>
    <point>
      <x>0.67333335</x>
      <y>0.435</y>
      <w>0.58064514</w>
      <t>5400</t>
    </point>
    <point>
      <x>0.6716667</x>
      <y>0.435</y>
      <w>0.58064514</w>
      <t>5400</t>
    </point>
    <point>
      <x>0.66833335</x>
      <y>0.43666667</y>
      <w>0.58064514</w>
      <t>5400</t>
    </point>
    <point>
      <x>0.6666667</x>
      <y>0.43833333</y>
      <w>0.58064514</w>
      <t>5400</t>
    </point>
    <point>
      <x>0.66333336</x>
      <y>0.44</y>
      <w>0.55718476</w>
      <t>5434</t>
    </point>
    <point>
      <x>0.6616667</x>
      <y>0.44</y>
      <w>0.55718476</w>
      <t>5434</t>
    </point>
    <point>
      <x>0.66</x>
      <y>0.44166666</y>
      <w>0.55718476</w>
      <t>5434</t>
    </point>
    <point>
      <x>0.6566667</x>
      <y>0.44166666</y>
      <w>0.55718476</w>
      <t>5434</t>
    </point>
    <point>
      <x>0.655</x>
      <y>0.44333333</y>
      <w>0.55718476</w>
      <t>5434</t>
    </point>
    <point>
      <x>0.65166664</x>
      <y>0.44333333</y>
      <w>0.53079176</w>
      <t>5467</t>
    </point>
    <point>
      <x>0.6483333</x>
      <y>0.445</y>
      <w>0.53079176</w>
      <t>5467</t>
    </point>
    <point>
      <x>0.645</x>
      <y>0.445</y>
      <w>0.53079176</w>
      <t>5467</t>
    </point>
    <point>
      <x>0.64</x>
      <y>0.445</y>
      <w>0.53079176</w>
      <t>5467</t>
    </point>
    <point>
      <x>0.635</x>
      <y>0.44666666</y>
      <w>0.45943305</w>
      <t>5500</t>
    </point>
    <point>
      <x>0.63</x>
      <y>0.44666666</y>
      <w>0.45943305</w>
      <t>5500</t>
    </point>
    <point>
      <x>0.625</x>
      <y>0.44833332</y>
      <w>0.45943305</w>
      <t>5500</t>
    </point>
    <point>
      <x>0.62</x>
      <y>0.44833332</y>
      <w>0.45943305</w>
      <t>5500</t>
    </point>
    <point>
      <x>0.615</x>
      <y>0.45</y>
      <w>0.32453567</w>
      <t>5534</t>
    </point>
    <point>
      <x>0.61</x>
      <y>0.45</y>
      <w>0.32453567</w>
      <t>5534</t>
    </point>
    <point>
      <x>0.605</x>
      <y>0.45</y>
      <w>0.32453567</w>
      <t>5534</t>
    </point>
    <point>
      <x>0.6</x>
      <y>0.45166665</y>
      <w>0.32453567</w>
      <t>5534</t>
    </point>
    <point>
      <x>0.595</x>
      <y>0.45166665</y>
      <w>0.32453567</w>
      <t>5534</t>
    </point>
    <point>
      <x>0.59</x>
      <y>0.45166665</y>
      <w>0.0</w>
      <t>5567</t>
    </point>
    <point>
      <x>0.585</x>
      <y>0.45166665</y>
      <w>0.0</w>
      <t>5567</t>
    </point>
  </stroke>
  <stroke time="6433">
    <point>
      <x>0.46333334</x>
      <y>0.16166666</y>
      <w>0.0039100684</w>
      <t>6433</t>
    </point>
    <point>
      <x>0.465</x>
      <y>0.16333333</y>
      <w>0.08699902</w>
      <t>6466</t>
    </point>
    <point>
      <x>0.465</x>
      <y>0.165</y>
      <w>0.08699902</w>
      <t>6466</t>
    </point>
    <point>
      <x>0.46666667</x>
      <y>0.16833334</y>
      <w>0.08699902</w>
      <t>6466</t>
    </point>
    <point>
      <x>0.46833333</x>
      <y>0.17</y>
      <w>0.08699902</w>
      <t>6466</t>
    </point>
    <point>
      <x>0.47</x>
      <y>0.17333333</y>
      <w>0.15933529</w>
      <t>6500</t>
    </point>
    <point>
      <x>0.47</x>
      <y>0.175</y>
      <w>0.15933529</w>
      <t>6500</t>
    </point>
    <point>
      <x>0.47166666</x>
      <y>0.17833333</y>
      <w>0.15933529</w>
      <t>6500</t>
    </point>
    <point>
      <x>0.47333333</x>
      <y>0.18</y>
      <w>0.15933529</w>
      <t>6500</t>
    </point>
    <point>
      <x>0.475</x>
      <y>0.18333334</y>
      <w>0.15933529</w>
      <t>6500</t>
    </point>
    <point>
      <x>0.475</x>
      <y>0.18666667</y>
      <w>0.20332356</w>
      <t>6533</t>
    </point>
    <point>
      <x>0.47666666</x>
      <y>0.19</y>
      <w>0.20332356</w>
      <t>6533</t>
    </point>
    <point>
      <x>0.47833332</x>
      <y>0.195</y>
      <w>0.20332356</w>
      <t>6533</t>
    </point>
    <point>
      <x>0.47833332</x>
      <y>0.19833334</y>
      <w>0.20332356</w>
      <t>6533</t>
    </point>
    <point>
      <x>0.48</x>
      <y>0.20333333</y>
      <w>0.2639296</w>
      <t>6567</t>
    </point>
    <point>
      <x>0.48</x>
      <y>0.20666666</y>
      <w>0.2639296</w>
      <t>6567</t>
    </point>
    <point>
      <x>0.48</x>
      <y>0.21166667</y>
      <w>0.2639296</w>
      <t>6567</t>
    </point>
    <point>
      <x>0.48</x>
      <y>0.215</y>
      <w>0.2639296</w>
      <t>6567</t>
    </point>
    <point>
      <x>0.48166665</x>
      <y>0.21833333</y>
      <w>0.2639296</w>
      <t>6567</t>
    </point>
    <point>
      <x>0.48166665</x>
      <y>0.22166666</y>
      <w>0.35092863</w>
      <t>6600</t>
    </point>
    <point>
      <x>0.48166665</x>
      <y>0.225</y>
      <w>0.35092863</w>
      <t>6600</t>
    </point>
    <point>
      <x>0.48166665</x>
      <y>0.22833334</y>
      <w>0.35092863</w>
      <t>6600</t>
    </point>
    <point>
      <x>0.48166665</x>
      <y>0.23166667</y>
      <w>0.35092863</w>
      <t>6600</t>
    </point>
    <point>
      <x>0.48166665</x>
      <y>0.235</y>
      <w>0.42619747</w>
      <t>6634</t>
    </point>
    <point>
      <x>0.48166665</x>
      <y>0.23833333</y>
      <w>0.42619747</w>
      <t>6634</t>
    </point>
    <point>
      <x>0.48166665</x>
      <y>0.24333334</y>
      <w>0.42619747</w>
      <t>6634</t>
    </point>
    <point>
      <x>0.48166665</x>
      <y>0.24666667</y>
      <w>0.42619747</w>
      <t>6634</t>
    </point>
    <point>
      <x>0.48166665</x>
      <y>0.25166667</y>
      <w>0.42619747</w>
      <t>6634</t>
    </point>
    <point>
      <x>0.48166665</x>
      <y>0.25666666</y>
      <w>0.47605082</w>
      <t>6667</t>
    </point>
    <point>
      <x>0.48166665</x>
      <y>0.26</y>
      <w>0.47605082</w>
      <t>6667</t>
    </point>
    <point>
      <x>0.48166665</x>
      <y>0.265</y>
      <w>0.47605082</w>
      <t>6667</t>
    </point>
    <point>
      <x>0.48</x>
      <y>0.27</y>
      <w>0.47605082</w>
      <t>6667</t>
    </point>
    <point>
      <x>0.48</x>
      <y>0.275</y>
      <w>0.56207234</w>
      <t>6700</t>
    </point>
    <point>
      <x>0.48</x>
      <y>0.28</y>
      <w>0.56207234</w>
      <t>6700</t>
    </point>
    <point>
      <x>0.47833332</x>
      <y>0.285</y>
      <w>0.56207234</w>
      <t>6700</t>
    </point>
    <point>
      <x>0.47833332</x>
      <y>0.29</y>
      <w>0.56207234</w>
      <t>6700</t>
    </point>
    <point>
      <x>0.47833332</x>
      <y>0.295</y>
      <w>0.6226784</w>
      <t>6733</t>
    </point>
    <point>
      <x>0.47666666</x>
      <y>0.3</y>
      <w>0.6226784</w>
      <t>6733</t>
    </point>
    <point>
      <x>0.47666666</x>
      <y>0.305</y>
      <w>0.6226784</w>
      <t>6733</t>
    </point>
    <point>
      <x>0.475</x>
      <y>0.31</y>
      <w>0.6226784</w>
      <t>6733</t>
    </point>
    <point>
      <x>0.475</x>
      <y>0.31666666</y>
      <w>0.6226784</w>
      <t>6734</t>
    </point>
    <point>
      <x>0.47333333</x>
      <y>0.32166666</y>
      <w>0.6979472</w>
      <t>6766</t>
    </point>
    <point>
      <x>0.47166666</x>
      <y>0.32833335</y>
      <w>0.6979472</w>
      <t>6766</t>
    </point>
    <point>
      <x>0.47</x>
      <y>0.335</y>
      <w>0.6979472</w>
      <t>6766</t>
    </point>
    <point>
      <x>0.47</x>
      <y>0.34166667</y>
      <w>0.6979472</w>
      <t>6766</t>
    </point>
    <point>
      <x>0.46833333</x>
      <y>0.34833333</y>
      <w>0.74584556</w>
      <t>6800</t>
    </point>
    <point>
      <x>0.46666667</x>
      <y>0.355</y>
      <w>0.74584556</w>
      <t>6800</t>
    </point>
    <point>
      <x>0.46666667</x>
      <y>0.36</y>
      <w>0.74584556</w>
      <t>6800</t>
    </point>
    <point>
      <x>0.465</x>
      <y>0.36666667</y>
      <w>0.74584556</w>
      <t>6800</t>
    </point>
    <point>
      <x>0.46333334</x>
      <y>0.37166667</y>
      <w>0.74584556</w>
      <t>6800</t>
    </point>
    <point>
      <x>0.46166667</x>
      <y>0.37833333</y>
      <w>0.7878788</w>
      <t>6833</t>
    </point>
    <point>
      <x>0.46</x>
      <y>0.385</y>
      <w>0.7878788</w>
      <t>6833</t>
    </point>
    <point>
      <x>0.45833334</x>
      <y>0.39333335</y>
      <w>0.7878788</w>
      <t>6833</t>
    </point>
    <point>
      <x>0.45666668</x>
      <y>0.4</y>
      <w>0.7878788</w>
      <t>6833</t>
    </point>
    <point>
      <x>0.455</x>
      <y>0.40833333</y>
      <w>0.8123167</w>
      <t>6867</t>
    </point>
    <point>
      <x>0.45333335</x>
      <y>0.415</y>
      <w>0.8123167</w>
      <t>6867</t>
    </point>
    <point>
      <x>0.45166665</x>
      <y>0.42333335</y>
      <w>0.8123167</w>
      <t>6867</t>
    </point>
    <point>
      <x>0.45</x>
      <y>0.43</y>
      <w>0.8123167</w>
      <t>6867</t>
    </point>
    <point>
      <x>0.44833332</x>
      <y>0.43833333</y>
      <w>0.8123167</w>
      <t>6867</t>
    </point>
    <point>
      <x>0.44666666</x>
      <y>0.445</y>
      <w>0.8367546</w>
      <t>6900</t>
    </point>
    <point>
      <x>0.445</x>
      <y>0.45166665</y>
      <w>0.8367546</w>
      <t>6900</t>
    </point>
    <point>
      <x>0.44333333</x>
      <y>0.45833334</y>
      <w>0.8367546</w>
      <t>6900</t>
    </point>
    <point>
      <x>0.44333333</x>
      <y>0.46333334</y>
      <w>0.8367546</w>
      <t>6900</t>
    </point>
    <point>
      <x>0.44166666</x>
      <y>0.47</y>
      <w>0.8553275</w>
      <t>6933</t>
    </point>
    <point>
      <x>0.44</x>
      <y>0.475</y>
      <w>0.8553275</w>
      <t>6933</t>
    </point>
    <point>
      <x>0.44</x>
      <y>0.48166665</y>
      <w>0.8553275</w>
      <t>6933</t>
    </point>
    <point>
      <x>0.43833333</x>
      <y>0.49</y>
      <w>0.8553275</w>
      <t>6933</t>
    </point>
    <point>
      <x>0.43833333</x>
      <y>0.49666667</y>
      <w>0.8553275</w>
      <t>6933</t>
    </point>
    <point>
      <x>0.43833333</x>
      <y>0.50333333</y>
      <w>0.8680352</w>
      <t>6967</t>
    </point>
    <point>
      <x>0.43666667</x>
      <y>0.51166666</y>
      <w>0.8680352</w>
      <t>6967</t>
    </point>
    <point>
      <x>0.435</x>
      <y>0.5183333</y>
      <w>0.8680352</w>
      <t>6967</t>
    </point>
    <point>
      <x>0.435</x>
      <y>0.525</y>
      <w>0.8680352</w>
      <t>6967</t>
    </point>
    <point>
      <x>0.43333334</x>
      <y>0.53</y>
      <w>0.88856304</w>
      <t>7000</t>
    </point>
    <point>
      <x>0.43333334</x>
      <y>0.5366667</y>
      <w>0.88856304</w>
      <t>7000</t>
    </point>
    <point>
      <x>0.43166667</x>
      <y>0.54333335</y>
      <w>0.88856304</w>
      <t>7000</t>
    </point>
    <point>
      <x>0.43166667</x>
      <y>0.54833335</y>
      <w>0.88856304</w>
      <t>7000</t>
    </point>
    <point>
      <x>0.43</x>
      <y>0.55333334</y>
      <w>0.89540565</w>
      <t>7033</t>
    </point>
    <point>
      <x>0.43</x>
      <y>0.55833334</y>
      <w>0.89540565</w>
      <t>7033</t>
    </point>
    <point>
      <x>0.43</x>
      <y>0.56333333</y>
      <w>0.89540565</w>
      <t>7033</t>
    </point>
    <point>
      <x>0.43</x>
      <y>0.5683333</y>
      <w>0.89540565</w>
      <t>7033</t>
    </point>
    <point>
      <x>0.43</x>
      <y>0.57166666</y>
      <w>0.89540565</w>
      <t>7033</t>
    </point>
    <point>
      <x>0.43</x>
      <y>0.575</y>
      <w>0.8983382</w>
      <t>7067</t>
    </point>
    <point>
      <x>0.43</x>
      <y>0.5783333</y>
      <w>0.8983382</w>
      <t>7067</t>
    </point>
    <point>
      <x>0.43</x>
      <y>0.58166665</y>
      <w>0.8983382</w>
      <t>7067</t>
    </point>
    <point>
      <x>0.43</x>
      <y>0.585</y>
      <w>0.8983382</w>
      <t>7067</t>
    </point>
    <point>
      <x>0.43</x>
      <y>0.5883333</y>
      <w>0.8983382</w>
      <t>7100</t>
    </point>
    <point>
      <x>0.43166667</x>
      <y>0.59166664</y>
      <w>0.8983382</w>
      <t>7100</t>
    </point>
    <point>
      <x>0.43166667</x>
      <y>0.595</y>
      <w>0.8983382</w>
      <t>7100</t>
    </point>
    <point>
      <x>0.43333334</x>
      <y>0.59833336</y>
      <w>0.8983382</w>
      <t>7100</t>
    </point>
    <point>
      <x>0.43333334</x>
      <y>0.6016667</y>
      <w>0.8983382</w>
      <t>7100</t>
    </point>
    <point>
      <x>0.435</x>
      <y>0.60333335</y>
      <w>0.8973607</w>
      <t>7134</t>
    </point>
    <point>
      <x>0.435</x>
      <y>0.6066667</y>
      <w>0.8973607</w>
      <t>7134</t>
    </point>
    <point>
      <x>0.43666667</x>
      <y>0.60833335</y>
      <w>0.8973607</w>
      <t>7134</t>
    </point>
    <point>
      <x>0.43666667</x>
      <y>0.6116667</y>
      <w>0.8973607</w>
      <t>7134</t>
    </point>
    <point>
      <x>0.43833333</x>
      <y>0.61333334</y>
      <w>0.89638317</w>
      <t>7167</t>
    </point>
    <point>
      <x>0.43833333</x>
      <y>0.615</y>
      <w>0.89638317</w>
      <t>7167</t>
    </point>
    <point>
      <x>0.44</x>
      <y>0.6166667</y>
      <w>0.89638317</w>
      <t>7167</t>
    </point>
    <point>
      <x>0.44</x>
      <y>0.61833334</y>
      <w>0.89638317</w>
      <t>7167</t>
    </point>
    <point>
      <x>0.44166666</x>
      <y>0.62166667</y>
      <w>0.89638317</w>
      <t>7167</t>
    </point>
    <point>
      <x>0.44166666</x>
      <y>0.62333333</y>
      <w>0.88954055</w>
      <t>7200</t>
    </point>
    <point>
      <x>0.44333333</x>
      <y>0.625</y>
      <w>0.88954055</w>
      <t>7200</t>
    </point>
    <point>
      <x>0.445</x>
      <y>0.625</y>
      <w>0.88954055</w>
      <t>7200</t>
    </point>
    <point>
      <x>0.445</x>
      <y>0.62666667</y>
      <w>0.88954055</w>
      <t>7200</t>
    </point>
    <point>
      <x>0.44666666</x>
      <y>0.62833333</y>
      <w>0.8621701</w>
      <t>7233</t>
    </point>
    <point>
      <x>0.44833332</x>
      <y>0.62833333</y>
      <w>0.8621701</w>
      <t>7233</t>
    </point>
    <point>
      <x>0.44833332</x>
      <y>0.63</y>
      <w>0.8621701</w>
      <t>7233</t>
    </point>
    <point>
      <x>0.45</x>
      <y>0.63</y>
      <w>0.8494624</w>
      <t>7267</t>
    </point>
    <point>
      <x>0.45</x>
      <y>0.63166666</y>
      <w>0.8494624</w>
      <t>7267</t>
    </point>
    <point>
      <x>0.45166665</x>
      <y>0.6333333</y>
      <w>0.8494624</w>
      <t>7267</t>
    </point>
    <point>
      <x>0.45333335</x>
      <y>0.6333333</y>
      <w>0.8494624</w>
      <t>7267</t>
    </point>
    <point>
      <x>0.455</x>
      <y>0.635</y>
      <w>0.82013685</w>
      <t>7300</t>
    </point>
    <point>
      <x>0.45666668</x>
      <y>0.635</y>
      <w>0.82013685</w>
      <t>7300</t>
    </point>
    <point>
      <x>0.45666668</x>
      <y>0.63666666</y>
      <w>0.82013685</w>
      <t>7300</t>
    </point>
    <point>
      <x>0.45833334</x>
      <y>0.63666666</y>
      <w>0.82013685</w>
      <t>7300</t>
    </point>
    <point>
      <x>0.46</x>
      <y>0.63666666</y>
      <w>0.7888563</w>
      <t>7333</t>
    </point>
    <point>
      <x>0.46166667</x>
      <y>0.63666666</y>
      <w>0.7888563</w>
      <t>7333</t>
    </point>
    <point>
      <x>0.46333334</x>
      <y>0.63666666</y>
      <w>0.7888563</w>
      <t>7333</t>
    </point>
    <point>
      <x>0.46666667</x>
      <y>0.63666666</y>
      <w>0.7888563</w>
      <t>7333</t>
    </point>
    <point>
      <x>0.46833333</x>
      <y>0.63666666</y>
      <w>0.7741935</w>
      <t>7367</t>
    </point>
    <point>
      <x>0.47</x>
      <y>0.63666666</y>
      <w>0.7741935</w>
      <t>7367</t>
    </point>
    <point>
      <x>0.47166666</x>
      <y>0.63666666</y>
      <w>0.7741935</w>
      <t>7367</t>
    </point>
    <point>
      <x>0.47333333</x>
      <y>0.63666666</y>
      <w>0.7741935</w>
      <t>7367</t>
    </point>
    <point>
      <x>0.475</x>
      <y>0.63666666</y>
      <w>0.7536657</w>
      <t>7400</t>
    </point>
    <point>
      <x>0.47833332</x>
      <y>0.63666666</y>
      <w>0.7536657</w>
      <t>7400</t>
    </point>
    <point>
      <x>0.48</x>
      <y>0.63666666</y>
      <w>0.7536657</w>
      <t>7400</t>
    </point>
    <point>
      <x>0.48166665</x>
      <y>0.63666666</y>
      <w>0.7536657</w>
      <t>7400</t>
    </point>
    <point>
      <x>0.485</x>
      <y>0.63666666</y>
      <w>0.7536657</w>
      <t>7400</t>
    </point>
    <point>
      <x>0.48666668</x>
      <y>0.63666666</y>
      <w>0.7350929</w>
      <t>7434</t>
    </point>
    <point>
      <x>0.49</x>
      <y>0.635</y>
      <w>0.7350929</w>
      <t>7434</t>
    </point>
    <point>
      <x>0.49166667</x>
      <y>0.635</y>
      <w>0.7350929</w>
      <t>7434</t>
    </point>
    <point>
      <x>0.495</x>
      <y>0.6333333</y>
      <w>0.7350929</w>
      <t>7434</t>
    </point>
    <point>
      <x>0.49666667</x>
      <y>0.6333333</y>
      <w>0.7155425</w>
      <t>7467</t>
    </point>
    <point>
      <x>0.49833333</x>
      <y>0.63166666</y>
      <w>0.7155425</w>
      <t>7467</t>
    </point>
    <point>
      <x>0.5</x>
      <y>0.63166666</y>
      <w>0.7155425</w>
      <t>7467</t>
    </point>
    <point>
      <x>0.50333333</x>
      <y>0.63</y>
      <w>0.7155425</w>
      <t>7467</t>
    </point>
    <point>
      <x>0.505</x>
      <y>0.63</y>
      <w>0.7155425</w>
      <t>7467</t>
    </point>
    <point>
      <x>0.50666666</x>
      <y>0.62833333</y>
      <w>0.68230695</w>
      <t>7500</t>
    </point>
    <point>
      <x>0.51</x>
      <y>0.62833333</y>
      <w>0.68230695</w>
      <t>7500</t>
    </point>
    <point>
      <x>0.5133333</x>
      <y>0.62666667</y>
      <w>0.68230695</w>
      <t>7500</t>
    </point>
    <point>
      <x>0.51666665</x>
      <y>0.625</y>
      <w>0.68230695</w>
      <t>7500</t>
    </point>
    <point>
      <x>0.52</x>
      <y>0.62333333</y>
      <w>0.6480938</w>
      <t>7534</t>
    </point>
    <point>
      <x>0.5233333</x>
      <y>0.62333333</y>
      <w>0.6480938</w>
      <t>7534</t>
    </point>
    <point>
      <x>0.5283333</x>
      <y>0.62166667</y>
      <w>0.6480938</w>
      <t>7534</t>
    </point>
    <point>
      <x>0.5316667</x>
      <y>0.62</y>
      <w>0.6480938</w>
      <t>7534</t>
    </point>
    <point>
      <x>0.5366667</x>
      <y>0.61833334</y>
      <w>0.6480938</w>
      <t>7534</t>
    </point>
    <point>
      <x>0.54</x>
      <y>0.6166667</y>
      <w>0.60801566</w>
      <t>7567</t>
    </point>
    <point>
      <x>0.54333335</x>
      <y>0.615</y>
      <w>0.60801566</w>
      <t>7567</t>
    </point>
    <point>
      <x>0.5466667</x>
      <y>0.61333334</y>
      <w>0.60801566</w>
      <t>7567</t>
    </point>
    <point>
      <x>0.55</x>
      <y>0.61333334</y>
      <w>0.60801566</w>
      <t>7567</t>
    </point>
    <point>
      <x>0.55333334</x>
      <y>0.6116667</y>
      <w>0.6050831</w>
      <t>7600</t>
    </point>
    <point>
      <x>0.5566667</x>
      <y>0.61</y>
      <w>0.6050831</w>
      <t>7600</t>
    </point>
    <point>
      <x>0.56</x>
      <y>0.60833335</y>
      <w>0.6050831</w>
      <t>7600</t>
    </point>
    <point>
      <x>0.56166667</x>
      <y>0.6066667</y>
      <w>0.6050831</w>
      <t>7600</t>
    </point>
    <point>
      <x>0.565</x>
      <y>0.605</y>
      <w>0.5982405</w>
      <t>7634</t>
    </point>
    <point>
      <x>0.5683333</x>
      <y>0.60333335</y>
      <w>0.5982405</w>
      <t>7634</t>
    </point>
    <point>
      <x>0.57166666</x>
      <y>0.6016667</y>
      <w>0.5982405</w>
      <t>7634</t>
    </point>
    <point>
      <x>0.575</x>
      <y>0.6016667</y>
      <w>0.5982405</w>
      <t>7634</t>
    </point>
    <point>
      <x>0.57666665</x>
      <y>0.6</y>
      <w>0.5982405</w>
      <t>7634</t>
    </point>
    <point>
      <x>0.58</x>
      <y>0.59833336</y>
      <w>0.5483871</w>
      <t>7666</t>
    </point>
    <point>
      <x>0.5833333</x>
      <y>0.5966667</y>
      <w>0.5483871</w>
      <t>7666</t>
    </point>
    <point>
      <x>0.585</x>
      <y>0.595</y>
      <w>0.5483871</w>
      <t>7666</t>
    </point>
    <point>
      <x>0.5883333</x>
      <y>0.5933333</y>
      <w>0.5483871</w>
      <t>7666</t>
    </point>
    <point>
      <x>0.59</x>
      <y>0.59166664</y>
      <w>0.5102639</w>
      <t>7700</t>
    </point>
    <point>
      <x>0.5933333</x>
      <y>0.59</y>
      <w>0.5102639</w>
      <t>7700</t>
    </point>
    <point>
      <x>0.595</x>
      <y>0.5883333</y>
      <w>0.5102639</w>
      <t>7700</t>
    </point>
    <point>
      <x>0.5966667</x>
      <y>0.5883333</y>
      <w>0.5102639</w>
      <t>7700</t>
    </point>
    <point>
      <x>0.5966667</x>
      <y>0.58666664</y>
      <w>0.5102639</w>
      <t>7700</t>
    </point>
    <point>
      <x>0.59833336</x>
      <y>0.58666664</y>
      <w>0.48875856</w>
      <t>7734</t>
    </point>
    <point>
      <x>0.59833336</x>
      <y>0.585</y>
      <w>0.48875856</w>
      <t>7734</t>
    </point>
    <point>
      <x>0.59833336</x>
      <y>0.5833333</y>
      <w>0.4525904</w>
      <t>7800</t>
    </point>
    <point>
      <x>0.59833336</x>
      <y>0.58166665</y>
      <w>0.4525904</w>
      <t>7800</t>
    </point>
    <point>
      <x>0.59833336</x>
      <y>0.58</y>
      <w>0.4525904</w>
      <t>7800</t>
    </point>
    <point>
      <x>0.59833336</x>
      <y>0.5783333</y>
      <w>0.4173998</w>
      <t>7834</t>
    </point>
    <point>
      <x>0.5966667</x>
      <y>0.57666665</y>
      <w>0.4173998</w>
      <t>7834</t>
    </point>
    <point>
      <x>0.595</x>
      <y>0.575</y>
      <w>0.35288367</w>
      <t>7866</t>
    </point>
    <point>
      <x>0.5933333</x>
      <y>0.5733333</y>
      <w>0.35288367</w>
      <t>7866</t>
    </point>
    <point>
      <x>0.59166664</x>
      <y>0.57166666</y>
      <w>0.35288367</w>
      <t>7866</t>
    </point>
    <point>
      <x>0.59</x>
      <y>0.57</y>
      <w>0.17888562</w>
      <t>7900</t>
    </point>
    <point>
      <x>0.5883333</x>
      <y>0.57</y>
      <w>0.17888562</w>
      <t>7900</t>
    </point>
    <point>
      <x>0.58666664</x>
      <y>0.5683333</y>
      <w>0.17888562</w>
      <t>7900</t>
    </point>
    <point>
      <x>0.585</x>
      <y>0.5683333</y>
      <w>0.17888562</w>
      <t>7900</t>
    </point>
    <point>
      <x>0.5833333</x>
      <y>0.56666666</y>
      <w>0.08797654</w>
      <t>7933</t>
    </point>
    <point>
      <x>0.58166665</x>
      <y>0.565</y>
      <w>0.08797654</w>
      <t>7933</t>
    </point>
    <point>
      <x>0.5783333</x>
      <y>0.565</y>
      <w>0.08797654</w>
      <t>7933</t>
    </point>
    <point>
      <x>0.57666665</x>
      <y>0.56333333</y>
      <w>0.08797654</w>
      <t>7933</t>
    </point>
    <point>
      <x>0.5733333</x>
      <y>0.56166667</y>
      <w>0.08797654</w>
      <t>7933</t>
    </point>
    <point>
      <x>0.57166666</x>
      <y>0.56166667</y>
      <w>0.0039100684</w>
      <t>7967</t>
    </point>
    <point>
      <x>0.5683333</x>
      <y>0.56</y>
      <w>0.0039100684</w>
      <t>7967</t>
    </point>
    <point>
      <x>0.565</x>
      <y>0.55833334</y>
      <w>0.0039100684</w>
      <t>7967</t>
    </point>
    <point>
      <x>0.56166667</x>
      <y>0.5566667</y>
      <w>0.0039100684</w>
      <t>7967</t>
    </point>
  </stroke>
  <stroke time="8967">
    <point>
      <x>0.49333334</x>
      <y>0.55833334</y>
      <w>0.1544477</w>
      <t>9033</t>
    </point>
    <point>
      <x>0.495</x>
      <y>0.55833334</y>
      <w>0.1544477</w>
      <t>9033</t>
    </point>
    <point>
      <x>0.495</x>
      <y>0.56</y>
      <w>0.24242425</w>
      <t>9066</t>
    </point>
    <point>
      <x>0.49666667</x>
      <y>0.56</y>
      <w>0.24242425</w>
      <t>9066</t>
    </point>
    <point>
      <x>0.49666667</x>
      <y>0.56166667</y>
      <w>0.24242425</w>
      <t>9066</t>
    </point>
    <point>
      <x>0.49833333</x>
      <y>0.56166667</y>
      <w>0.28347996</w>
      <t>9100</t>
    </point>
    <point>
      <x>0.49833333</x>
      <y>0.56333333</y>
      <w>0.28347996</w>
      <t>9100</t>
    </point>
    <point>
      <x>0.5</x>
      <y>0.565</y>
      <w>0.28347996</w>
      <t>9100</t>
    </point>
    <point>
      <x>0.5</x>
      <y>0.56666666</y>
      <w>0.28347996</w>
      <t>9100</t>
    </point>
    <point>
      <x>0.50166667</x>
      <y>0.56666666</y>
      <w>0.36852396</w>
      <t>9134</t>
    </point>
    <point>
      <x>0.50166667</x>
      <y>0.5683333</y>
      <w>0.36852396</w>
      <t>9134</t>
    </point>
    <point>
      <x>0.50333333</x>
      <y>0.57</y>
      <w>0.36852396</w>
      <t>9134</t>
    </point>
    <point>
      <x>0.505</x>
      <y>0.57166666</y>
      <w>0.36852396</w>
      <t>9134</t>
    </point>
    <point>
      <x>0.505</x>
      <y>0.5733333</y>
      <w>0.36852396</w>
      <t>9134</t>
    </point>
    <point>
      <x>0.505</x>
      <y>0.575</y>
      <w>0.43304008</w>
      <t>9166</t>
    </point>
    <point>
      <x>0.50666666</x>
      <y>0.575</y>
      <w>0.43304008</w>
      <t>9166</t>
    </point>
    <point>
      <x>0.50666666</x>
      <y>0.57666665</y>
      <w>0.43304008</w>
      <t>9166</t>
    </point>
    <point>
      <x>0.50666666</x>
      <y>0.5783333</y>
      <w>0.43304008</w>
      <t>9166</t>
    </point>
    <point>
      <x>0.5083333</x>
      <y>0.5783333</y>
      <w>0.5083089</w>
      <t>9199</t>
    </point>
    <point>
      <x>0.5083333</x>
      <y>0.58</y>
      <w>0.5083089</w>
      <t>9199</t>
    </point>
    <point>
      <x>0.5083333</x>
      <y>0.5833333</y>
      <w>0.5083089</w>
      <t>9199</t>
    </point>
    <point>
      <x>0.51</x>
      <y>0.585</y>
      <w>0.5083089</w>
      <t>9199</t>
    </point>
    <point>
      <x>0.51</x>
      <y>0.58666664</y>
      <w>0.55620724</w>
      <t>9233</t>
    </point>
    <point>
      <x>0.51</x>
      <y>0.5883333</y>
      <w>0.55620724</w>
      <t>9233</t>
    </point>
    <point>
      <x>0.51166666</x>
      <y>0.59</y>
      <w>0.55620724</w>
      <t>9233</t>
    </point>
    <point>
      <x>0.51166666</x>
      <y>0.59166664</y>
      <w>0.55620724</w>
      <t>9233</t>
    </point>
    <point>
      <x>0.51166666</x>
      <y>0.5933333</y>
      <w>0.6041056</w>
      <t>9267</t>
    </point>
    <point>
      <x>0.5133333</x>
      <y>0.595</y>
      <w>0.6041056</w>
      <t>9267</t>
    </point>
    <point>
      <x>0.5133333</x>
      <y>0.5966667</y>
      <w>0.6041056</w>
      <t>9267</t>
    </point>
    <point>
      <x>0.5133333</x>
      <y>0.59833336</y>
      <w>0.6041056</w>
      <t>9267</t>
    </point>
    <point>
      <x>0.5133333</x>
      <y>0.6</y>
      <w>0.6041056</w>
      <t>9267</t>
    </point>
    <point>
      <x>0.515</x>
      <y>0.6016667</y>
      <w>0.64320624</w>
      <t>9300</t>
    </point>
    <point>
      <x>0.515</x>
      <y>0.605</y>
      <w>0.64320624</w>
      <t>9300</t>
    </point>
    <point>
      <x>0.515</x>
      <y>0.6066667</y>
      <w>0.64320624</w>
      <t>9300</t>
    </point>
    <point>
      <x>0.51666665</x>
      <y>0.61</y>
      <w>0.64320624</w>
      <t>9300</t>
    </point>
    <point>
      <x>0.51666665</x>
      <y>0.6116667</y>
      <w>0.6901271</w>
      <t>9334</t>
    </point>
    <point>
      <x>0.51666665</x>
      <y>0.615</y>
      <w>0.6901271</w>
      <t>9334</t>
    </point>
    <point>
      <x>0.5183333</x>
      <y>0.6166667</y>
      <w>0.6901271</w>
      <t>9334</t>
    </point>
    <point>
      <x>0.5183333</x>
      <y>0.62</y>
      <w>0.6901271</w>
      <t>9334</t>
    </point>
    <point>
      <x>0.5183333</x>
      <y>0.62166667</y>
      <w>0.6901271</w>
      <t>9334</t>
    </point>
    <point>
      <x>0.52</x>
      <y>0.625</y>
      <w>0.71163243</w>
      <t>9367</t>
    </point>
    <point>
      <x>0.52</x>
      <y>0.62833333</y>
      <w>0.71163243</w>
      <t>9367</t>
    </point>
    <point>
      <x>0.52</x>
      <y>0.63</y>
      <w>0.71163243</w>
      <t>9367</t>
    </point>
    <point>
      <x>0.52</x>
      <y>0.6333333</y>
      <w>0.71163243</w>
      <t>9367</t>
    </point>
    <point>
      <x>0.52</x>
      <y>0.63666666</y>
      <w>0.7243402</w>
      <t>9399</t>
    </point>
    <point>
      <x>0.52166665</x>
      <y>0.64</y>
      <w>0.7243402</w>
      <t>9399</t>
    </point>
    <point>
      <x>0.52166665</x>
      <y>0.6433333</y>
      <w>0.7243402</w>
      <t>9399</t>
    </point>
    <point>
      <x>0.52166665</x>
      <y>0.6483333</y>
      <w>0.7243402</w>
      <t>9399</t>
    </point>
    <point>
      <x>0.52166665</x>
      <y>0.65166664</y>
      <w>0.73216033</w>
      <t>9433</t>
    </point>
    <point>
      <x>0.52166665</x>
      <y>0.655</y>
      <w>0.73216033</w>
      <t>9433</t>
    </point>
    <point>
      <x>0.52166665</x>
      <y>0.66</y>
      <w>0.73216033</w>
      <t>9433</t>
    </point>
    <point>
      <x>0.5233333</x>
      <y>0.66333336</y>
      <w>0.73216033</w>
      <t>9433</t>
    </point>
    <point>
      <x>0.5233333</x>
      <y>0.6666667</y>
      <w>0.73216033</w>
      <t>9433</t>
    </point>
    <point>
      <x>0.5233333</x>
      <y>0.6716667</y>
      <w>0.7478006</w>
      <t>9466</t>
    </point>
    <point>
      <x>0.5233333</x>
      <y>0.675</y>
      <w>0.7478006</w>
      <t>9466</t>
    </point>
    <point>
      <x>0.5233333</x>
      <y>0.67833334</y>
      <w>0.7478006</w>
      <t>9466</t>
    </point>
    <point>
      <x>0.525</x>
      <y>0.6816667</y>
      <w>0.7478006</w>
      <t>9466</t>
    </point>
    <point>
      <x>0.525</x>
      <y>0.685</y>
      <w>0.75659823</w>
      <t>9500</t>
    </point>
    <point>
      <x>0.525</x>
      <y>0.69</y>
      <w>0.75659823</w>
      <t>9500</t>
    </point>
    <point>
      <x>0.525</x>
      <y>0.6933333</y>
      <w>0.75659823</w>
      <t>9500</t>
    </point>
    <point>
      <x>0.525</x>
      <y>0.6983333</y>
      <w>0.75659823</w>
      <t>9500</t>
    </point>
    <point>
      <x>0.525</x>
      <y>0.70166665</y>
      <w>0.75659823</w>
      <t>9500</t>
    </point>
    <point>
      <x>0.525</x>
      <y>0.705</y>
      <w>0.7605083</w>
      <t>9534</t>
    </point>
    <point>
      <x>0.525</x>
      <y>0.7083333</y>
      <w>0.7605083</w>
      <t>9534</t>
    </point>
    <point>
      <x>0.525</x>
      <y>0.71166664</y>
      <w>0.7605083</w>
      <t>9534</t>
    </point>
    <point>
      <x>0.525</x>
      <y>0.715</y>
      <w>0.7605083</w>
      <t>9534</t>
    </point>
    <point>
      <x>0.52666664</x>
      <y>0.7183333</y>
      <w>0.76246333</w>
      <t>9567</t>
    </point>
    <point>
      <x>0.52666664</x>
      <y>0.7216667</y>
      <w>0.76246333</w>
      <t>9567</t>
    </point>
    <point>
      <x>0.52666664</x>
      <y>0.7266667</y>
      <w>0.76246333</w>
      <t>9567</t>
    </point>
    <point>
      <x>0.52666664</x>
      <y>0.73</y>
      <w>0.76246333</w>
      <t>9567</t>
    </point>
    <point>
      <x>0.52666664</x>
      <y>0.73333335</y>
      <w>0.76246333</w>
      <t>9567</t>
    </point>
    <point>
      <x>0.52666664</x>
      <y>0.7366667</y>
      <w>0.76344085</w>
      <t>9600</t>
    </point>
    <point>
      <x>0.52666664</x>
      <y>0.7416667</y>
      <w>0.76344085</w>
      <t>9600</t>
    </point>
    <point>
      <x>0.52666664</x>
      <y>0.745</y>
      <w>0.76344085</w>
      <t>9600</t>
    </point>
    <point>
      <x>0.52666664</x>
      <y>0.74833333</y>
      <w>0.76344085</w>
      <t>9600</t>
    </point>
    <point>
      <x>0.52666664</x>
      <y>0.75166667</y>
      <w>0.76246333</w>
      <t>9633</t>
    </point>
    <point>
      <x>0.52666664</x>
      <y>0.755</y>
      <w>0.76246333</w>
      <t>9633</t>
    </point>
    <point>
      <x>0.52666664</x>
      <y>0.75666666</y>
      <w>0.76246333</w>
      <t>9633</t>
    </point>
    <point>
      <x>0.52666664</x>
      <y>0.76</y>
      <w>0.76246333</w>
      <t>9633</t>
    </point>
    <point>
      <x>0.52666664</x>
      <y>0.76166666</y>
      <w>0.76246333</w>
      <t>9633</t>
    </point>
    <point>
      <x>0.52666664</x>
      <y>0.765</y>
      <w>0.76246333</w>
      <t>9666</t>
    </point>
    <point>
      <x>0.52666664</x>
      <y>0.7683333</y>
      <w>0.76246333</w>
      <t>9666</t>
    </point>
    <point>
      <x>0.525</x>
      <y>0.77166665</y>
      <w>0.76246333</w>
      <t>9666</t>
    </point>
    <point>
      <x>0.525</x>
      <y>0.7733333</y>
      <w>0.76246333</w>
      <t>9666</t>
    </point>
    <point>
      <x>0.525</x>
      <y>0.77666664</y>
      <w>0.76246333</w>
      <t>9700</t>
    </point>
    <point>
      <x>0.525</x>
      <y>0.78</y>
      <w>0.76246333</w>
      <t>9700</t>
    </point>
    <point>
      <x>0.525</x>
      <y>0.7816667</y>
      <w>0.76246333</w>
      <t>9700</t>
    </point>
    <point>
      <x>0.525</x>
      <y>0.785</y>
      <w>0.76246333</w>
      <t>9700</t>
    </point>
    <point>
      <x>0.5233333</x>
      <y>0.7866667</y>
      <w>0.76246333</w>
      <t>9734</t>
    </point>
    <point>
      <x>0.5233333</x>
      <y>0.78833336</y>
      <w>0.76246333</w>
      <t>9734</t>
    </point>
    <point>
      <x>0.5233333</x>
      <y>0.79</y>
      <w>0.76246333</w>
      <t>9734</t>
    </point>
    <point>
      <x>0.5233333</x>
      <y>0.7916667</y>
      <w>0.76246333</w>
      <t>9734</t>
    </point>
    <point>
      <x>0.5233333</x>
      <y>0.79333335</y>
      <w>0.76246333</w>
      <t>9734</t>
    </point>
    <point>
      <x>0.5233333</x>
      <y>0.795</y>
      <w>0.7595308</w>
      <t>9767</t>
    </point>
    <point>
      <x>0.5233333</x>
      <y>0.7966667</y>
      <w>0.7595308</w>
      <t>9767</t>
    </point>
    <point>
      <x>0.52166665</x>
      <y>0.79833335</y>
      <w>0.7595308</w>
      <t>9767</t>
    </point>
    <point>
      <x>0.52166665</x>
      <y>0.8</y>
      <w>0.7595308</w>
      <t>9767</t>
    </point>
    <point>
      <x>0.52166665</x>
      <y>0.8016667</y>
      <w>0.75171065</w>
      <t>9800</t>
    </point>
    <point>
      <x>0.52166665</x>
      <y>0.80333334</y>
      <w>0.75171065</w>
      <t>9800</t>
    </point>
    <point>
      <x>0.52</x>
      <y>0.805</y>
      <w>0.75171065</w>
      <t>9800</t>
    </point>
    <point>
      <x>0.52</x>
      <y>0.8066667</y>
      <w>0.75171065</w>
      <t>9800</t>
    </point>
    <point>
      <x>0.5183333</x>
      <y>0.80833334</y>
      <w>0.7370479</w>
      <t>9834</t>
    </point>
    <point>
      <x>0.5183333</x>
      <y>0.81</y>
      <w>0.7370479</w>
      <t>9834</t>
    </point>
    <point>
      <x>0.51666665</x>
      <y>0.81</y>
      <w>0.70772237</w>
      <t>9867</t>
    </point>
    <point>
      <x>0.51666665</x>
      <y>0.81166667</y>
      <w>0.70772237</w>
      <t>9867</t>
    </point>
    <point>
      <x>0.515</x>
      <y>0.81166667</y>
      <w>0.70772237</w>
      <t>9867</t>
    </point>
    <point>
      <x>0.515</x>
      <y>0.81333333</y>
      <w>0.70772237</w>
      <t>9867</t>
    </point>
    <point>
      <x>0.5133333</x>
      <y>0.815</y>
      <w>0.67741936</w>
      <t>9900</t>
    </point>
    <point>
      <x>0.51166666</x>
      <y>0.815</y>
      <w>0.64320624</w>
      <t>9934</t>
    </point>
    <point>
      <x>0.51166666</x>
      <y>0.81666666</y>
      <w>0.597263</w>
      <t>9966</t>
    </point>
    <point>
      <x>0.51</x>
      <y>0.81666666</y>
      <w>0.597263</w>
      <t>9966</t>
    </point>
    <point>
      <x>0.5083333</x>
      <y>0.81666666</y>
      <w>0.56989247</w>
      <t>10000</t>
    </point>
    <point>
      <x>0.50666666</x>
      <y>0.81666666</y>
      <w>0.56989247</w>
      <t>10000</t>
    </point>
    <point>
      <x>0.505</x>
      <y>0.81666666</y>
      <w>0.51221895</w>
      <t>10033</t>
    </point>
    <point>
      <x>0.50333333</x>
      <y>0.81666666</y>
      <w>0.4565005</w>
      <t>10066</t>
    </point>
    <point>
      <x>0.50166667</x>
      <y>0.81666666</y>
      <w>0.4565005</w>
      <t>10066</t>
    </point>
    <point>
      <x>0.5</x>
      <y>0.81666666</y>
      <w>0.4565005</w>
      <t>10066</t>
    </point>
    <point>
      <x>0.49833333</x>
      <y>0.81666666</y>
      <w>0.4349951</w>
      <t>10100</t>
    </point>
    <point>
      <x>0.49666667</x>
      <y>0.81666666</y>
      <w>0.4349951</w>
      <t>10100</t>
    </point>
    <point>
      <x>0.495</x>
      <y>0.81666666</y>
      <w>0.4349951</w>
      <t>10100</t>
    </point>
    <point>
      <x>0.49333334</x>
      <y>0.81666666</y>
      <w>0.4349951</w>
      <t>10100</t>
    </point>
    <point>
      <x>0.49166667</x>
      <y>0.81666666</y>
      <w>0.3939394</w>
      <t>10133</t>
    </point>
    <point>
      <x>0.49</x>
      <y>0.81666666</y>
      <w>0.3939394</w>
      <t>10133</t>
    </point>
    <point>
      <x>0.48833334</x>
      <y>0.815</y>
      <w>0.3939394</w>
      <t>10133</t>
    </point>
    <point>
      <x>0.48666668</x>
      <y>0.815</y>
      <w>0.3939394</w>
      <t>10133</t>
    </point>
    <point>
      <x>0.485</x>
      <y>0.815</y>
      <w>0.2746823</w>
      <t>10167</t>
    </point>
    <point>
      <x>0.48333332</x>
      <y>0.81333333</y>
      <w>0.2746823</w>
      <t>10167</t>
    </point>
    <point>
      <x>0.48166665</x>
      <y>0.81333333</y>
      <w>0.2746823</w>
      <t>10167</t>
    </point>
    <point>
      <x>0.47833332</x>
      <y>0.81166667</y>
      <w>0.2746823</w>
      <t>10167</t>
    </point>
    <point>
      <x>0.47666666</x>
      <y>0.81166667</y>
      <w>0.2746823</w>
      <t>10167</t>
    </point>
    <point>
      <x>0.475</x>
      <y>0.81</y>
      <w>0.1544477</w>
      <t>10199</t>
    </point>
    <point>
      <x>0.47166666</x>
      <y>0.81</y>
      <w>0.1544477</w>
      <t>10199</t>
    </point>
    <point>
      <x>0.46833333</x>
      <y>0.80833334</y>
      <w>0.1544477</w>
      <t>10199</t>
    </point>
    <point>
      <x>0.46666667</x>
      <y>0.8066667</y>
      <w>0.1544477</w>
      <t>10199</t>
    </point>
    <point>
      <x>0.46333334</x>
      <y>0.805</y>
      <w>0.0</w>
      <t>10233</t>
    </point>
  </stroke>
  <stroke time="11467">
    <point>
      <x>0.30333334</x>
      <y>0.80333334</y>
      <w>0.23264907</w>
      <t>11500</t>
    </point>
    <point>
      <x>0.305</x>
      <y>0.80333334</y>
      <w>0.23264907</w>
      <t>11500</t>
    </point>
    <point>
      <x>0.30666667</x>
      <y>0.805</y>
      <w>0.23264907</w>
      <t>11500</t>
    </point>
    <point>
      <x>0.30833334</x>
      <y>0.8066667</y>
      <w>0.39491692</w>
      <t>11533</t>
    </point>
    <point>
      <x>0.31</x>
      <y>0.80833334</y>
      <w>0.39491692</w>
      <t>11533</t>
    </point>
    <point>
      <x>0.31166667</x>
      <y>0.81</y>
      <w>0.39491692</w>
      <t>11533</t>
    </point>
    <point>
      <x>0.31333333</x>
      <y>0.81166667</y>
      <w>0.39491692</w>
      <t>11533</t>
    </point>
    <point>
      <x>0.315</x>
      <y>0.81166667</y>
      <w>0.39491692</w>
      <t>11533</t>
    </point>
    <point>
      <x>0.31833333</x>
      <y>0.81333333</y>
      <w>0.53372437</w>
      <t>11566</t>
    </point>
    <point>
      <x>0.32</x>
      <y>0.815</y>
      <w>0.53372437</w>
      <t>11566</t>
    </point>
    <point>
      <x>0.32166666</x>
      <y>0.81666666</y>
      <w>0.53372437</w>
      <t>11566</t>
    </point>
    <point>
      <x>0.32333332</x>
      <y>0.81666666</y>
      <w>0.53372437</w>
      <t>11566</t>
    </point>
    <point>
      <x>0.325</x>
      <y>0.8183333</y>
      <w>0.58651024</w>
      <t>11600</t>
    </point>
    <point>
      <x>0.32666665</x>
      <y>0.8183333</y>
      <w>0.58651024</w>
      <t>11600</t>
    </point>
    <point>
      <x>0.32833335</x>
      <y>0.82</y>
      <w>0.58651024</w>
      <t>11600</t>
    </point>
    <point>
      <x>0.33</x>
      <y>0.82</y>
      <w>0.58651024</w>
      <t>11600</t>
    </point>
    <point>
      <x>0.33166668</x>
      <y>0.82</y>
      <w>0.6304985</w>
      <t>11633</t>
    </point>
    <point>
      <x>0.33166668</x>
      <y>0.82166666</y>
      <w>0.6304985</w>
      <t>11633</t>
    </point>
    <point>
      <x>0.33333334</x>
      <y>0.82166666</y>
      <w>0.65786904</w>
      <t>11666</t>
    </point>
    <point>
      <x>0.335</x>
      <y>0.82166666</y>
      <w>0.6627566</w>
      <t>11700</t>
    </point>
    <point>
      <x>0.33666667</x>
      <y>0.82166666</y>
      <w>0.6676442</w>
      <t>11733</t>
    </point>
    <point>
      <x>0.33833334</x>
      <y>0.82166666</y>
      <w>0.6676442</w>
      <t>11766</t>
    </point>
    <point>
      <x>0.34</x>
      <y>0.82166666</y>
      <w>0.6676442</w>
      <t>11766</t>
    </point>
    <point>
      <x>0.34166667</x>
      <y>0.82166666</y>
      <w>0.67057675</w>
      <t>11800</t>
    </point>
    <point>
      <x>0.34333333</x>
      <y>0.82166666</y>
      <w>0.6598241</w>
      <t>11833</t>
    </point>
    <point>
      <x>0.345</x>
      <y>0.82</y>
      <w>0.6598241</w>
      <t>11833</t>
    </point>
    <point>
      <x>0.34666666</x>
      <y>0.82</y>
      <w>0.6598241</w>
      <t>11833</t>
    </point>
    <point>
      <x>0.34833333</x>
      <y>0.8183333</y>
      <w>0.629521</w>
      <t>11866</t>
    </point>
    <point>
      <x>0.35</x>
      <y>0.8183333</y>
      <w>0.629521</w>
      <t>11866</t>
    </point>
    <point>
      <x>0.35166666</x>
      <y>0.81666666</y>
      <w>0.629521</w>
      <t>11866</t>
    </point>
    <point>
      <x>0.35333332</x>
      <y>0.81666666</y>
      <w>0.629521</w>
      <t>11866</t>
    </point>
    <point>
      <x>0.355</x>
      <y>0.815</y>
      <w>0.5904203</w>
      <t>11900</t>
    </point>
    <point>
      <x>0.35666665</x>
      <y>0.815</y>
      <w>0.5904203</w>
      <t>11900</t>
    </point>
    <point>
      <x>0.35666665</x>
      <y>0.81333333</y>
      <w>0.5904203</w>
      <t>11900</t>
    </point>
    <point>
      <x>0.35833332</x>
      <y>0.81333333</y>
      <w>0.5904203</w>
      <t>11900</t>
    </point>
    <point>
      <x>0.36</x>
      <y>0.81166667</y>
      <w>0.5904203</w>
      <t>11900</t>
    </point>
    <point>
      <x>0.36166668</x>
      <y>0.81166667</y>
      <w>0.53176934</w>
      <t>11934</t>
    </point>
    <point>
      <x>0.36333334</x>
      <y>0.81</y>
      <w>0.53176934</w>
      <t>11934</t>
    </point>
    <point>
      <x>0.36666667</x>
      <y>0.80833334</y>
      <w>0.53176934</w>
      <t>11934</t>
    </point>
    <point>
      <x>0.36833334</x>
      <y>0.80833334</y>
      <w>0.53176934</w>
      <t>11934</t>
    </point>
    <point>
      <x>0.37</x>
      <y>0.8066667</y>
      <w>0.44281524</w>
      <t>11967</t>
    </point>
    <point>
      <x>0.37166667</x>
      <y>0.805</y>
      <w>0.44281524</w>
      <t>11967</t>
    </point>
    <point>
      <x>0.375</x>
      <y>0.805</y>
      <w>0.44281524</w>
      <t>11967</t>
    </point>
    <point>
      <x>0.37666667</x>
      <y>0.80333334</y>
      <w>0.44281524</w>
      <t>11967</t>
    </point>
    <point>
      <x>0.38</x>
      <y>0.8016667</y>
      <w>0.44281524</w>
      <t>11967</t>
    </point>
    <point>
      <x>0.38166666</x>
      <y>0.8016667</y>
      <w>0.4115347</w>
      <t>12000</t>
    </point>
    <point>
      <x>0.38333333</x>
      <y>0.8</y>
      <w>0.4115347</w>
      <t>12000</t>
    </point>
    <point>
      <x>0.38666666</x>
      <y>0.79833335</y>
      <w>0.4115347</w>
      <t>12000</t>
    </point>
    <point>
      <x>0.39</x>
      <y>0.7966667</y>
      <w>0.4115347</w>
      <t>12000</t>
    </point>
    <point>
      <x>0.39166668</x>
      <y>0.795</y>
      <w>0.27077225</w>
      <t>12033</t>
    </point>
    <point>
      <x>0.395</x>
      <y>0.79333335</y>
      <w>0.27077225</w>
      <t>12033</t>
    </point>
    <point>
      <x>0.39666668</x>
      <y>0.7916667</y>
      <w>0.27077225</w>
      <t>12033</t>
    </point>
    <point>
      <x>0.4</x>
      <y>0.78833336</y>
      <w>0.27077225</w>
      <t>12033</t>
    </point>
    <point>
      <x>0.40333334</x>
      <y>0.7866667</y>
      <w>0.27077225</w>
      <t>12033</t>
    </point>
    <point>
      <x>0.40666667</x>
      <y>0.78333336</y>
      <w>0.11143695</w>
      <t>12066</t>
    </point>
    <point>
      <x>0.41166666</x>
      <y>0.7816667</y>
      <w>0.11143695</w>
      <t>12066</t>
    </point>
    <point>
      <x>0.415</x>
      <y>0.7783333</y>
      <w>0.11143695</w>
      <t>12066</t>
    </point>
    <point>
      <x>0.41833332</x>
      <y>0.77666664</y>
      <w>0.11143695</w>
      <t>12066</t>
    </point>
    <point>
      <x>0.42166665</x>
      <y>0.7733333</y>
      <w>0.0</w>
      <t>12100</t>
    </point>
    <point>
      <x>0.425</x>
      <y>0.77166665</y>
      <w>0.0</w>
      <t>12100</t>
    </point>
  </stroke>
  <stroke time="12633">
    <point>
      <x>0.6566667</x>
      <y>0.70666665</y>
      <w>0.12707722</w>
      <t>12633</t>
    </point>
    <point>
      <x>0.65833336</x>
      <y>0.7083333</y>
      <w>0.3088954</w>
      <t>12666</t>
    </point>
    <point>
      <x>0.66</x>
      <y>0.7083333</y>
      <w>0.3088954</w>
      <t>12666</t>
    </point>
    <point>
      <x>0.6616667</x>
      <y>0.71</y>
      <w>0.3088954</w>
      <t>12666</t>
    </point>
    <point>
      <x>0.6616667</x>
      <y>0.71166664</y>
      <w>0.5210166</w>
      <t>12700</t>
    </point>
    <point>
      <x>0.66333336</x>
      <y>0.71166664</y>
      <w>0.5210166</w>
      <t>12700</t>
    </point>
    <point>
      <x>0.6666667</x>
      <y>0.7133333</y>
      <w>0.5210166</w>
      <t>12700</t>
    </point>
    <point>
      <x>0.66833335</x>
      <y>0.7133333</y>
      <w>0.5210166</w>
      <t>12700</t>
    </point>
    <point>
      <x>0.67</x>
      <y>0.715</y>
      <w>0.58064514</w>
      <t>12734</t>
    </point>
    <point>
      <x>0.6716667</x>
      <y>0.715</y>
      <w>0.5913978</w>
      <t>12734</t>
    </point>
    <point>
      <x>0.675</x>
      <y>0.71666664</y>
      <w>0.5913978</w>
      <t>12734</t>
    </point>
    <point>
      <x>0.6766667</x>
      <y>0.7183333</y>
      <w>0.5913978</w>
      <t>12734</t>
    </point>
    <point>
      <x>0.67833334</x>
      <y>0.72</y>
      <w>0.5913978</w>
      <t>12734</t>
    </point>
    <point>
      <x>0.68</x>
      <y>0.72</y>
      <w>0.63831866</w>
      <t>12767</t>
    </point>
    <point>
      <x>0.68333334</x>
      <y>0.7216667</y>
      <w>0.63831866</w>
      <t>12767</t>
    </point>
    <point>
      <x>0.685</x>
      <y>0.7216667</y>
      <w>0.63831866</w>
      <t>12767</t>
    </point>
    <point>
      <x>0.68666667</x>
      <y>0.72333336</y>
      <w>0.63831866</w>
      <t>12767</t>
    </point>
    <point>
      <x>0.68833333</x>
      <y>0.725</y>
      <w>0.6735093</w>
      <t>12800</t>
    </point>
    <point>
      <x>0.69166666</x>
      <y>0.7266667</y>
      <w>0.6735093</w>
      <t>12800</t>
    </point>
    <point>
      <x>0.6933333</x>
      <y>0.72833335</y>
      <w>0.6735093</w>
      <t>12800</t>
    </point>
    <point>
      <x>0.695</x>
      <y>0.73</y>
      <w>0.6735093</w>
      <t>12800</t>
    </point>
    <point>
      <x>0.69666666</x>
      <y>0.73</y>
      <w>0.6735093</w>
      <t>12800</t>
    </point>
    <point>
      <x>0.69666666</x>
      <y>0.7316667</y>
      <w>0.70772237</w>
      <t>12833</t>
    </point>
    <point>
      <x>0.6983333</x>
      <y>0.73333335</y>
      <w>0.70772237</w>
      <t>12833</t>
    </point>
    <point>
      <x>0.7</x>
      <y>0.735</y>
      <w>0.70772237</w>
      <t>12833</t>
    </point>
    <point>
      <x>0.7</x>
      <y>0.7366667</y>
      <w>0.70772237</w>
      <t>12833</t>
    </point>
    <point>
      <x>0.70166665</x>
      <y>0.73833334</y>
      <w>0.73998046</w>
      <t>12867</t>
    </point>
    <point>
      <x>0.7033333</x>
      <y>0.73833334</y>
      <w>0.73998046</w>
      <t>12867</t>
    </point>
    <point>
      <x>0.7033333</x>
      <y>0.74</y>
      <w>0.73998046</w>
      <t>12867</t>
    </point>
    <point>
      <x>0.7033333</x>
      <y>0.7416667</y>
      <w>0.73998046</w>
      <t>12867</t>
    </point>
    <point>
      <x>0.705</x>
      <y>0.7416667</y>
      <w>0.73998046</w>
      <t>12867</t>
    </point>
    <point>
      <x>0.705</x>
      <y>0.74333334</y>
      <w>0.75073314</w>
      <t>12899</t>
    </point>
    <point>
      <x>0.70666665</x>
      <y>0.74333334</y>
      <w>0.75073314</w>
      <t>12899</t>
    </point>
    <point>
      <x>0.70666665</x>
      <y>0.745</y>
      <w>0.75073314</w>
      <t>12899</t>
    </point>
    <point>
      <x>0.7083333</x>
      <y>0.74666667</y>
      <w>0.7800586</w>
      <t>12933</t>
    </point>
    <point>
      <x>0.7083333</x>
      <y>0.74833333</y>
      <w>0.7800586</w>
      <t>12933</t>
    </point>
    <point>
      <x>0.71</x>
      <y>0.74833333</y>
      <w>0.7800586</w>
      <t>12933</t>
    </point>
    <point>
      <x>0.71</x>
      <y>0.75</y>
      <w>0.7800586</w>
      <t>12933</t>
    </point>
    <point>
      <x>0.71166664</x>
      <y>0.75166667</y>
      <w>0.7800586</w>
      <t>12933</t>
    </point>
    <point>
      <x>0.71166664</x>
      <y>0.75333333</y>
      <w>0.78396875</w>
      <t>12966</t>
    </point>
    <point>
      <x>0.7133333</x>
      <y>0.755</y>
      <w>0.78396875</w>
      <t>12966</t>
    </point>
    <point>
      <x>0.7133333</x>
      <y>0.75666666</y>
      <w>0.78494626</w>
      <t>13000</t>
    </point>
    <point>
      <x>0.715</x>
      <y>0.75666666</y>
      <w>0.78494626</w>
      <t>13000</t>
    </point>
    <point>
      <x>0.715</x>
      <y>0.7583333</y>
      <w>0.78494626</w>
      <t>13000</t>
    </point>
    <point>
      <x>0.715</x>
      <y>0.76</y>
      <w>0.78494626</w>
      <t>13000</t>
    </point>
    <point>
      <x>0.715</x>
      <y>0.76166666</y>
      <w>0.7859238</w>
      <t>13034</t>
    </point>
    <point>
      <x>0.71666664</x>
      <y>0.7633333</y>
      <w>0.7859238</w>
      <t>13034</t>
    </point>
    <point>
      <x>0.71666664</x>
      <y>0.765</y>
      <w>0.7859238</w>
      <t>13034</t>
    </point>
    <point>
      <x>0.71666664</x>
      <y>0.76666665</y>
      <w>0.7859238</w>
      <t>13034</t>
    </point>
    <point>
      <x>0.71666664</x>
      <y>0.7683333</y>
      <w>0.7859238</w>
      <t>13066</t>
    </point>
    <point>
      <x>0.7183333</x>
      <y>0.7683333</y>
      <w>0.75073314</w>
      <t>13100</t>
    </point>
    <point>
      <x>0.7183333</x>
      <y>0.77</y>
      <w>0.60801566</w>
      <t>13167</t>
    </point>
    <point>
      <x>0.71666664</x>
      <y>0.77</y>
      <w>0.60801566</w>
      <t>13167</t>
    </point>
    <point>
      <x>0.715</x>
      <y>0.77166665</y>
      <w>0.55131966</w>
      <t>13199</t>
    </point>
    <point>
      <x>0.7133333</x>
      <y>0.7733333</y>
      <w>0.55131966</w>
      <t>13199</t>
    </point>
    <point>
      <x>0.71166664</x>
      <y>0.7733333</y>
      <w>0.55131966</w>
      <t>13199</t>
    </point>
    <point>
      <x>0.71</x>
      <y>0.775</y>
      <w>0.4467253</w>
      <t>13233</t>
    </point>
    <point>
      <x>0.7083333</x>
      <y>0.775</y>
      <w>0.4467253</w>
      <t>13233</t>
    </point>
    <point>
      <x>0.70666665</x>
      <y>0.77666664</y>
      <w>0.4467253</w>
      <t>13233</t>
    </point>
    <point>
      <x>0.705</x>
      <y>0.77666664</y>
      <w>0.15542522</w>
      <t>13266</t>
    </point>
    <point>
      <x>0.7033333</x>
      <y>0.77666664</y>
      <w>0.15542522</w>
      <t>13266</t>
    </point>
    <point>
      <x>0.7</x>
      <y>0.77666664</y>
      <w>0.15542522</w>
      <t>13266</t>
    </point>
    <point>
      <x>0.69666666</x>
      <y>0.7783333</y>
      <w>0.15542522</w>
      <t>13266</t>
    </point>
  </stroke>
</character>
