<?xml version="1.0" encoding="UTF-8"?>
<character>
  <stroke time="0">
    <point>
      <x>0.325</x>
      <y>0.245</y>
      <w>0.1202346</w>
      <t>5</t>
    </point>
    <point>
      <x>0.32666665</x>
      <y>0.24666667</y>
      <w>0.12218964</w>
      <t>5</t>
    </point>
    <point>
      <x>0.32833335</x>
      <y>0.24666667</y>
      <w>0.15933529</w>
      <t>33</t>
    </point>
    <point>
      <x>0.33</x>
      <y>0.24833333</y>
      <w>0.15933529</w>
      <t>33</t>
    </point>
    <point>
      <x>0.33166668</x>
      <y>0.24833333</y>
      <w>0.15933529</w>
      <t>33</t>
    </point>
    <point>
      <x>0.33166668</x>
      <y>0.25</y>
      <w>0.15933529</w>
      <t>34</t>
    </point>
    <point>
      <x>0.33333334</x>
      <y>0.25166667</y>
      <w>0.27077225</w>
      <t>66</t>
    </point>
    <point>
      <x>0.335</x>
      <y>0.25166667</y>
      <w>0.27077225</w>
      <t>66</t>
    </point>
    <point>
      <x>0.335</x>
      <y>0.25333333</y>
      <w>0.27077225</w>
      <t>66</t>
    </point>
    <point>
      <x>0.33666667</x>
      <y>0.255</y>
      <w>0.27077225</w>
      <t>67</t>
    </point>
    <point>
      <x>0.33833334</x>
      <y>0.25833333</y>
      <w>0.35874876</w>
      <t>100</t>
    </point>
    <point>
      <x>0.34</x>
      <y>0.26</y>
      <w>0.35874876</w>
      <t>100</t>
    </point>
    <point>
      <x>0.34166667</x>
      <y>0.26166666</y>
      <w>0.35874876</w>
      <t>100</t>
    </point>
    <point>
      <x>0.345</x>
      <y>0.265</y>
      <w>0.35874876</w>
      <t>101</t>
    </point>
    <point>
      <x>0.34666666</x>
      <y>0.26666668</y>
      <w>0.35874876</w>
      <t>101</t>
    </point>
    <point>
      <x>0.34833333</x>
      <y>0.26833335</y>
      <w>0.41642228</w>
      <t>133</t>
    </point>
    <point>
      <x>0.35</x>
      <y>0.27166668</y>
      <w>0.41642228</w>
      <t>133</t>
    </point>
    <point>
      <x>0.35</x>
      <y>0.27333334</y>
      <w>0.41642228</w>
      <t>133</t>
    </point>
    <point>
      <x>0.35166666</x>
      <y>0.275</y>
      <w>0.41642228</w>
      <t>134</t>
    </point>
    <point>
      <x>0.35333332</x>
      <y>0.27666667</y>
      <w>0.46725318</w>
      <t>166</t>
    </point>
    <point>
      <x>0.35333332</x>
      <y>0.28</y>
      <w>0.46725318</w>
      <t>168</t>
    </point>
    <point>
      <x>0.355</x>
      <y>0.28166667</y>
      <w>0.46725318</w>
      <t>168</t>
    </point>
    <point>
      <x>0.355</x>
      <y>0.28333333</y>
      <w>0.46725318</w>
      <t>168</t>
    </point>
    <point>
      <x>0.35666665</x>
      <y>0.285</y>
      <w>0.46725318</w>
      <t>168</t>
    </point>
    <point>
      <x>0.35666665</x>
      <y>0.28666666</y>
      <w>0.51319647</w>
      <t>199</t>
    </point>
    <point>
      <x>0.35666665</x>
      <y>0.28833333</y>
      <w>0.51319647</w>
      <t>199</t>
    </point>
    <point>
      <x>0.35833332</x>
      <y>0.29</y>
      <w>0.51319647</w>
      <t>199</t>
    </point>
    <point>
      <x>0.35833332</x>
      <y>0.29166666</y>
      <w>0.51319647</w>
      <t>200</t>
    </point>
    <point>
      <x>0.35833332</x>
      <y>0.29333332</y>
      <w>0.5826002</w>
      <t>233</t>
    </point>
    <point>
      <x>0.35833332</x>
      <y>0.295</y>
      <w>0.5826002</w>
      <t>233</t>
    </point>
    <point>
      <x>0.35833332</x>
      <y>0.29666665</y>
      <w>0.5826002</w>
      <t>233</t>
    </point>
    <point>
      <x>0.35833332</x>
      <y>0.29833335</y>
      <w>0.6089932</w>
      <t>267</t>
    </point>
    <point>
      <x>0.35666665</x>
      <y>0.30166668</y>
      <w>0.6089932</w>
      <t>267</t>
    </point>
    <point>
      <x>0.35666665</x>
      <y>0.30333334</y>
      <w>0.6089932</w>
      <t>267</t>
    </point>
    <point>
      <x>0.355</x>
      <y>0.305</y>
      <w>0.6089932</w>
      <t>268</t>
    </point>
    <point>
      <x>0.355</x>
      <y>0.30666667</y>
      <w>0.61876833</w>
      <t>299</t>
    </point>
    <point>
      <x>0.35333332</x>
      <y>0.30833334</y>
      <w>0.61876833</w>
      <t>299</t>
    </point>
    <point>
      <x>0.35333332</x>
      <y>0.31</y>
      <w>0.61876833</w>
      <t>299</t>
    </point>
    <point>
      <x>0.35166666</x>
      <y>0.31166667</y>
      <w>0.61876833</w>
      <t>300</t>
    </point>
    <point>
      <x>0.35</x>
      <y>0.31166667</y>
      <w>0.6217009</w>
      <t>333</t>
    </point>
    <point>
      <x>0.34833333</x>
      <y>0.31333333</y>
      <w>0.6217009</w>
      <t>333</t>
    </point>
    <point>
      <x>0.34666666</x>
      <y>0.315</y>
      <w>0.6217009</w>
      <t>333</t>
    </point>
    <point>
      <x>0.345</x>
      <y>0.31666666</y>
      <w>0.6217009</w>
      <t>333</t>
    </point>
    <point>
      <x>0.34333333</x>
      <y>0.31833333</y>
      <w>0.6217009</w>
      <t>334</t>
    </point>
    <point>
      <x>0.34</x>
      <y>0.32</y>
      <w>0.6226784</w>
      <t>366</t>
    </point>
    <point>
      <x>0.33833334</x>
      <y>0.32166666</y>
      <w>0.6226784</w>
      <t>366</t>
    </point>
    <point>
      <x>0.335</x>
      <y>0.32166666</y>
      <w>0.6226784</w>
      <t>366</t>
    </point>
    <point>
      <x>0.33333334</x>
      <y>0.32333332</y>
      <w>0.6226784</w>
      <t>366</t>
    </point>
    <point>
      <x>0.33</x>
      <y>0.325</y>
      <w>0.6226784</w>
      <t>399</t>
    </point>
    <point>
      <x>0.32666665</x>
      <y>0.325</y>
      <w>0.6226784</w>
      <t>399</t>
    </point>
    <point>
      <x>0.325</x>
      <y>0.32666665</y>
      <w>0.6226784</w>
      <t>399</t>
    </point>
    <point>
      <x>0.32166666</x>
      <y>0.32666665</y>
      <w>0.6226784</w>
      <t>399</t>
    </point>
    <point>
      <x>0.31833333</x>
      <y>0.32666665</y>
      <w>0.6226784</w>
      <t>400</t>
    </point>
    <point>
      <x>0.31666666</x>
      <y>0.32833335</y>
      <w>0.6001955</w>
      <t>432</t>
    </point>
    <point>
      <x>0.31333333</x>
      <y>0.32833335</y>
      <w>0.6001955</w>
      <t>432</t>
    </point>
    <point>
      <x>0.31</x>
      <y>0.32833335</y>
      <w>0.6001955</w>
      <t>432</t>
    </point>
    <point>
      <x>0.305</x>
      <y>0.32833335</y>
      <w>0.6001955</w>
      <t>433</t>
    </point>
    <point>
      <x>0.30166668</x>
      <y>0.32833335</y>
      <w>0.5522972</w>
      <t>467</t>
    </point>
    <point>
      <x>0.29833335</x>
      <y>0.32833335</y>
      <w>0.5522972</w>
      <t>467</t>
    </point>
    <point>
      <x>0.295</x>
      <y>0.32833335</y>
      <w>0.5522972</w>
      <t>467</t>
    </point>
    <point>
      <x>0.29166666</x>
      <y>0.32833335</y>
      <w>0.5522972</w>
      <t>468</t>
    </point>
    <point>
      <x>0.28833333</x>
      <y>0.32666665</y>
      <w>0.47018573</w>
      <t>468</t>
    </point>
    <point>
      <x>0.285</x>
      <y>0.325</y>
      <w>0.4516129</w>
      <t>499</t>
    </point>
    <point>
      <x>0.28333333</x>
      <y>0.325</y>
      <w>0.4516129</w>
      <t>499</t>
    </point>
    <point>
      <x>0.28</x>
      <y>0.32333332</y>
      <w>0.4516129</w>
      <t>499</t>
    </point>
    <point>
      <x>0.27666667</x>
      <y>0.32166666</y>
      <w>0.4516129</w>
      <t>499</t>
    </point>
    <point>
      <x>0.27333334</x>
      <y>0.32</y>
      <w>0.27761486</w>
      <t>533</t>
    </point>
    <point>
      <x>0.27</x>
      <y>0.31833333</y>
      <w>0.27761486</w>
      <t>533</t>
    </point>
    <point>
      <x>0.26666668</x>
      <y>0.31666666</y>
      <w>0.27761486</w>
      <t>533</t>
    </point>
    <point>
      <x>0.265</x>
      <y>0.315</y>
      <w>0.27761486</w>
      <t>533</t>
    </point>
    <point>
      <x>0.26333332</x>
      <y>0.31166667</y>
      <w>0.27761486</w>
      <t>534</t>
    </point>
    <point>
      <x>0.26166666</x>
      <y>0.31</y>
      <w>0.24242425</w>
      <t>566</t>
    </point>
    <point>
      <x>0.26166666</x>
      <y>0.30833334</y>
      <w>0.24242425</w>
      <t>566</t>
    </point>
    <point>
      <x>0.26</x>
      <y>0.30666667</y>
      <w>0.24242425</w>
      <t>566</t>
    </point>
    <point>
      <x>0.26</x>
      <y>0.305</y>
      <w>0.24242425</w>
      <t>566</t>
    </point>
    <point>
      <x>0.25833333</x>
      <y>0.305</y>
      <w>0.26881722</w>
      <t>600</t>
    </point>
    <point>
      <x>0.25833333</x>
      <y>0.30333334</y>
      <w>0.26881722</w>
      <t>600</t>
    </point>
    <point>
      <x>0.25833333</x>
      <y>0.30166668</y>
      <w>0.26881722</w>
      <t>600</t>
    </point>
    <point>
      <x>0.25666666</x>
      <y>0.30166668</y>
      <w>0.42521995</w>
      <t>666</t>
    </point>
    <point>
      <x>0.25833333</x>
      <y>0.30333334</y>
      <w>0.47018573</w>
      <t>700</t>
    </point>
    <point>
      <x>0.26</x>
      <y>0.305</y>
      <w>0.52981424</w>
      <t>733</t>
    </point>
    <point>
      <x>0.26166666</x>
      <y>0.30666667</y>
      <w>0.52981424</w>
      <t>733</t>
    </point>
    <point>
      <x>0.26333332</x>
      <y>0.30833334</y>
      <w>0.52981424</w>
      <t>733</t>
    </point>
    <point>
      <x>0.265</x>
      <y>0.31</y>
      <w>0.5913978</w>
      <t>766</t>
    </point>
    <point>
      <x>0.265</x>
      <y>0.31166667</y>
      <w>0.5913978</w>
      <t>768</t>
    </point>
    <point>
      <x>0.26666668</x>
      <y>0.31333333</y>
      <w>0.5913978</w>
      <t>768</t>
    </point>
    <point>
      <x>0.26833335</x>
      <y>0.315</y>
      <w>0.5913978</w>
      <t>768</t>
    </point>
    <point>
      <x>0.27</x>
      <y>0.31666666</y>
      <w>0.5913978</w>
      <t>768</t>
    </point>
    <point>
      <x>0.27166668</x>
      <y>0.31833333</y>
      <w>0.6471163</w>
      <t>800</t>
    </point>
    <point>
      <x>0.27333334</x>
      <y>0.32</y>
      <w>0.6471163</w>
      <t>800</t>
    </point>
    <point>
      <x>0.275</x>
      <y>0.32166666</y>
      <w>0.6471163</w>
      <t>800</t>
    </point>
    <point>
      <x>0.275</x>
      <y>0.32333332</y>
      <w>0.6471163</w>
      <t>800</t>
    </point>
    <point>
      <x>0.27666667</x>
      <y>0.32666665</y>
      <w>0.6803519</w>
      <t>833</t>
    </point>
    <point>
      <x>0.27666667</x>
      <y>0.32833335</y>
      <w>0.6803519</w>
      <t>833</t>
    </point>
    <point>
      <x>0.27833334</x>
      <y>0.33166668</y>
      <w>0.6803519</w>
      <t>833</t>
    </point>
    <point>
      <x>0.28</x>
      <y>0.335</y>
      <w>0.6803519</w>
      <t>833</t>
    </point>
    <point>
      <x>0.28</x>
      <y>0.33833334</y>
      <w>0.6803519</w>
      <t>834</t>
    </point>
    <point>
      <x>0.28166667</x>
      <y>0.34166667</y>
      <w>0.714565</w>
      <t>866</t>
    </point>
    <point>
      <x>0.28166667</x>
      <y>0.345</y>
      <w>0.714565</w>
      <t>866</t>
    </point>
    <point>
      <x>0.28166667</x>
      <y>0.34666666</y>
      <w>0.714565</w>
      <t>866</t>
    </point>
    <point>
      <x>0.28333333</x>
      <y>0.35</y>
      <w>0.714565</w>
      <t>866</t>
    </point>
    <point>
      <x>0.28333333</x>
      <y>0.35333332</y>
      <w>0.7556207</w>
      <t>900</t>
    </point>
    <point>
      <x>0.28333333</x>
      <y>0.35666665</y>
      <w>0.7556207</w>
      <t>900</t>
    </point>
    <point>
      <x>0.28333333</x>
      <y>0.35833332</y>
      <w>0.7556207</w>
      <t>900</t>
    </point>
    <point>
      <x>0.28333333</x>
      <y>0.36166668</y>
      <w>0.7556207</w>
      <t>900</t>
    </point>
    <point>
      <x>0.285</x>
      <y>0.365</y>
      <w>0.7556207</w>
      <t>901</t>
    </point>
    <point>
      <x>0.285</x>
      <y>0.36833334</y>
      <w>0.7771261</w>
      <t>933</t>
    </point>
    <point>
      <x>0.285</x>
      <y>0.37166667</y>
      <w>0.7771261</w>
      <t>933</t>
    </point>
    <point>
      <x>0.285</x>
      <y>0.375</y>
      <w>0.7771261</w>
      <t>935</t>
    </point>
    <point>
      <x>0.285</x>
      <y>0.38</y>
      <w>0.7771261</w>
      <t>935</t>
    </point>
    <point>
      <x>0.285</x>
      <y>0.38333333</y>
      <w>0.80156404</w>
      <t>966</t>
    </point>
    <point>
      <x>0.285</x>
      <y>0.38833332</y>
      <w>0.80156404</w>
      <t>966</t>
    </point>
    <point>
      <x>0.285</x>
      <y>0.39333335</y>
      <w>0.80156404</w>
      <t>966</t>
    </point>
    <point>
      <x>0.285</x>
      <y>0.39833334</y>
      <w>0.80156404</w>
      <t>966</t>
    </point>
    <point>
      <x>0.28333333</x>
      <y>0.40333334</y>
      <w>0.8181818</w>
      <t>999</t>
    </point>
    <point>
      <x>0.28333333</x>
      <y>0.40833333</y>
      <w>0.8181818</w>
      <t>999</t>
    </point>
    <point>
      <x>0.28166667</x>
      <y>0.41333333</y>
      <w>0.8181818</w>
      <t>999</t>
    </point>
    <point>
      <x>0.28166667</x>
      <y>0.41833332</y>
      <w>0.8181818</w>
      <t>999</t>
    </point>
    <point>
      <x>0.28</x>
      <y>0.42333335</y>
      <w>0.8181818</w>
      <t>999</t>
    </point>
    <point>
      <x>0.27833334</x>
      <y>0.42833334</y>
      <w>0.82600194</w>
      <t>1033</t>
    </point>
    <point>
      <x>0.27833334</x>
      <y>0.435</y>
      <w>0.82600194</w>
      <t>1033</t>
    </point>
    <point>
      <x>0.27666667</x>
      <y>0.44</y>
      <w>0.82600194</w>
      <t>1033</t>
    </point>
    <point>
      <x>0.275</x>
      <y>0.44666666</y>
      <w>0.82600194</w>
      <t>1033</t>
    </point>
    <point>
      <x>0.27166668</x>
      <y>0.45166665</y>
      <w>0.83284456</w>
      <t>1066</t>
    </point>
    <point>
      <x>0.27</x>
      <y>0.45833334</y>
      <w>0.83284456</w>
      <t>1066</t>
    </point>
    <point>
      <x>0.26833335</x>
      <y>0.465</y>
      <w>0.83284456</w>
      <t>1066</t>
    </point>
    <point>
      <x>0.26666668</x>
      <y>0.47166666</y>
      <w>0.83284456</w>
      <t>1067</t>
    </point>
    <point>
      <x>0.26333332</x>
      <y>0.47666666</y>
      <w>0.83284456</w>
      <t>1067</t>
    </point>
    <point>
      <x>0.26166666</x>
      <y>0.48333332</y>
      <w>0.8347996</w>
      <t>1099</t>
    </point>
    <point>
      <x>0.26</x>
      <y>0.48833334</y>
      <w>0.8347996</w>
      <t>1099</t>
    </point>
    <point>
      <x>0.25833333</x>
      <y>0.495</y>
      <w>0.8347996</w>
      <t>1099</t>
    </point>
    <point>
      <x>0.25666666</x>
      <y>0.5</y>
      <w>0.8347996</w>
      <t>1099</t>
    </point>
    <point>
      <x>0.25666666</x>
      <y>0.505</y>
      <w>0.8367546</w>
      <t>1133</t>
    </point>
    <point>
      <x>0.255</x>
      <y>0.5083333</y>
      <w>0.8367546</w>
      <t>1133</t>
    </point>
    <point>
      <x>0.25333333</x>
      <y>0.51166666</y>
      <w>0.8367546</w>
      <t>1133</t>
    </point>
    <point>
      <x>0.25333333</x>
      <y>0.515</y>
      <w>0.8367546</w>
      <t>1133</t>
    </point>
    <point>
      <x>0.25166667</x>
      <y>0.51666665</y>
      <w>0.8367546</w>
      <t>1133</t>
    </point>
    <point>
      <x>0.25166667</x>
      <y>0.5183333</y>
      <w>0.8357771</w>
      <t>1166</t>
    </point>
    <point>
      <x>0.25166667</x>
      <y>0.52</y>
      <w>0.8357771</w>
      <t>1166</t>
    </point>
    <point>
      <x>0.25166667</x>
      <y>0.52166665</y>
      <w>0.8357771</w>
      <t>1166</t>
    </point>
    <point>
      <x>0.25166667</x>
      <y>0.5233333</y>
      <w>0.8347996</w>
      <t>1200</t>
    </point>
    <point>
      <x>0.25166667</x>
      <y>0.525</y>
      <w>0.8347996</w>
      <t>1200</t>
    </point>
    <point>
      <x>0.25166667</x>
      <y>0.52666664</y>
      <w>0.8347996</w>
      <t>1200</t>
    </point>
    <point>
      <x>0.25166667</x>
      <y>0.5283333</y>
      <w>0.8338221</w>
      <t>1233</t>
    </point>
    <point>
      <x>0.25166667</x>
      <y>0.53</y>
      <w>0.8338221</w>
      <t>1233</t>
    </point>
    <point>
      <x>0.25333333</x>
      <y>0.5316667</y>
      <w>0.8338221</w>
      <t>1233</t>
    </point>
    <point>
      <x>0.25333333</x>
      <y>0.53333336</y>
      <w>0.8338221</w>
      <t>1267</t>
    </point>
    <point>
      <x>0.255</x>
      <y>0.535</y>
      <w>0.8338221</w>
      <t>1267</t>
    </point>
    <point>
      <x>0.25666666</x>
      <y>0.5366667</y>
      <w>0.8338221</w>
      <t>1267</t>
    </point>
    <point>
      <x>0.25666666</x>
      <y>0.53833336</y>
      <w>0.8347996</w>
      <t>1300</t>
    </point>
    <point>
      <x>0.25833333</x>
      <y>0.5416667</y>
      <w>0.8347996</w>
      <t>1300</t>
    </point>
    <point>
      <x>0.26</x>
      <y>0.54333335</y>
      <w>0.8347996</w>
      <t>1300</t>
    </point>
    <point>
      <x>0.26166666</x>
      <y>0.545</y>
      <w>0.8347996</w>
      <t>1300</t>
    </point>
    <point>
      <x>0.26333332</x>
      <y>0.54833335</y>
      <w>0.8347996</w>
      <t>1300</t>
    </point>
    <point>
      <x>0.26666668</x>
      <y>0.55</y>
      <w>0.8347996</w>
      <t>1333</t>
    </point>
    <point>
      <x>0.26833335</x>
      <y>0.55333334</y>
      <w>0.8347996</w>
      <t>1333</t>
    </point>
    <point>
      <x>0.27166668</x>
      <y>0.5566667</y>
      <w>0.8347996</w>
      <t>1333</t>
    </point>
    <point>
      <x>0.27333334</x>
      <y>0.56</y>
      <w>0.8347996</w>
      <t>1333</t>
    </point>
    <point>
      <x>0.27666667</x>
      <y>0.56166667</y>
      <w>0.83186704</w>
      <t>1366</t>
    </point>
    <point>
      <x>0.28</x>
      <y>0.565</y>
      <w>0.83186704</w>
      <t>1366</t>
    </point>
    <point>
      <x>0.28166667</x>
      <y>0.5683333</y>
      <w>0.83186704</w>
      <t>1366</t>
    </point>
    <point>
      <x>0.28333333</x>
      <y>0.57166666</y>
      <w>0.83186704</w>
      <t>1366</t>
    </point>
    <point>
      <x>0.28666666</x>
      <y>0.575</y>
      <w>0.83186704</w>
      <t>1366</t>
    </point>
    <point>
      <x>0.28833333</x>
      <y>0.5783333</y>
      <w>0.8308895</w>
      <t>1399</t>
    </point>
    <point>
      <x>0.29166666</x>
      <y>0.58166665</y>
      <w>0.8308895</w>
      <t>1399</t>
    </point>
    <point>
      <x>0.29333332</x>
      <y>0.585</y>
      <w>0.8308895</w>
      <t>1399</t>
    </point>
    <point>
      <x>0.29666665</x>
      <y>0.5883333</y>
      <w>0.8308895</w>
      <t>1399</t>
    </point>
    <point>
      <x>0.29833335</x>
      <y>0.59166664</y>
      <w>0.8289345</w>
      <t>1433</t>
    </point>
    <point>
      <x>0.30166668</x>
      <y>0.595</y>
      <w>0.8289345</w>
      <t>1433</t>
    </point>
    <point>
      <x>0.30333334</x>
      <y>0.6</y>
      <w>0.8289345</w>
      <t>1433</t>
    </point>
    <point>
      <x>0.305</x>
      <y>0.60333335</y>
      <w>0.8289345</w>
      <t>1433</t>
    </point>
    <point>
      <x>0.30833334</x>
      <y>0.6066667</y>
      <w>0.8289345</w>
      <t>1433</t>
    </point>
    <point>
      <x>0.31</x>
      <y>0.61</y>
      <w>0.82697946</w>
      <t>1466</t>
    </point>
    <point>
      <x>0.31166667</x>
      <y>0.61333334</y>
      <w>0.82697946</w>
      <t>1466</t>
    </point>
    <point>
      <x>0.315</x>
      <y>0.61833334</y>
      <w>0.82697946</w>
      <t>1466</t>
    </point>
    <point>
      <x>0.31666666</x>
      <y>0.62166667</y>
      <w>0.82697946</w>
      <t>1466</t>
    </point>
    <point>
      <x>0.31833333</x>
      <y>0.62666667</y>
      <w>0.8103617</w>
      <t>1500</t>
    </point>
    <point>
      <x>0.32</x>
      <y>0.63</y>
      <w>0.8103617</w>
      <t>1500</t>
    </point>
    <point>
      <x>0.32166666</x>
      <y>0.635</y>
      <w>0.8103617</w>
      <t>1500</t>
    </point>
    <point>
      <x>0.325</x>
      <y>0.64166665</y>
      <w>0.8103617</w>
      <t>1500</t>
    </point>
    <point>
      <x>0.32666665</x>
      <y>0.64666665</y>
      <w>0.8103617</w>
      <t>1500</t>
    </point>
    <point>
      <x>0.32833335</x>
      <y>0.65166664</y>
      <w>0.80254155</w>
      <t>1532</t>
    </point>
    <point>
      <x>0.33</x>
      <y>0.6566667</y>
      <w>0.80254155</w>
      <t>1532</t>
    </point>
    <point>
      <x>0.33</x>
      <y>0.66333336</y>
      <w>0.80254155</w>
      <t>1532</t>
    </point>
    <point>
      <x>0.33166668</x>
      <y>0.66833335</y>
      <w>0.80254155</w>
      <t>1532</t>
    </point>
    <point>
      <x>0.33333334</x>
      <y>0.67333335</y>
      <w>0.7878788</w>
      <t>1566</t>
    </point>
    <point>
      <x>0.335</x>
      <y>0.68</y>
      <w>0.7878788</w>
      <t>1566</t>
    </point>
    <point>
      <x>0.335</x>
      <y>0.685</y>
      <w>0.7878788</w>
      <t>1566</t>
    </point>
    <point>
      <x>0.335</x>
      <y>0.69166666</y>
      <w>0.7878788</w>
      <t>1566</t>
    </point>
    <point>
      <x>0.33666667</x>
      <y>0.6983333</y>
      <w>0.76344085</w>
      <t>1600</t>
    </point>
    <point>
      <x>0.33666667</x>
      <y>0.7033333</y>
      <w>0.76344085</w>
      <t>1600</t>
    </point>
    <point>
      <x>0.33666667</x>
      <y>0.71</y>
      <w>0.76344085</w>
      <t>1600</t>
    </point>
    <point>
      <x>0.33666667</x>
      <y>0.715</y>
      <w>0.76344085</w>
      <t>1600</t>
    </point>
    <point>
      <x>0.33666667</x>
      <y>0.7216667</y>
      <w>0.76344085</w>
      <t>1600</t>
    </point>
    <point>
      <x>0.33666667</x>
      <y>0.72833335</y>
      <w>0.7478006</w>
      <t>1633</t>
    </point>
    <point>
      <x>0.335</x>
      <y>0.735</y>
      <w>0.7478006</w>
      <t>1633</t>
    </point>
    <point>
      <x>0.33333334</x>
      <y>0.7416667</y>
      <w>0.7478006</w>
      <t>1633</t>
    </point>
    <point>
      <x>0.33166668</x>
      <y>0.74833333</y>
      <w>0.7478006</w>
      <t>1633</t>
    </point>
    <point>
      <x>0.32833335</x>
      <y>0.755</y>
      <w>0.71847504</w>
      <t>1666</t>
    </point>
    <point>
      <x>0.32666665</x>
      <y>0.76166666</y>
      <w>0.71847504</w>
      <t>1666</t>
    </point>
    <point>
      <x>0.32333332</x>
      <y>0.7683333</y>
      <w>0.71847504</w>
      <t>1666</t>
    </point>
    <point>
      <x>0.32166666</x>
      <y>0.7733333</y>
      <w>0.71847504</w>
      <t>1666</t>
    </point>
    <point>
      <x>0.31833333</x>
      <y>0.78</y>
      <w>0.71847504</w>
      <t>1666</t>
    </point>
    <point>
      <x>0.31666666</x>
      <y>0.785</y>
      <w>0.7028348</w>
      <t>1700</t>
    </point>
    <point>
      <x>0.31333333</x>
      <y>0.79</y>
      <w>0.7028348</w>
      <t>1700</t>
    </point>
    <point>
      <x>0.31166667</x>
      <y>0.795</y>
      <w>0.7028348</w>
      <t>1700</t>
    </point>
    <point>
      <x>0.31</x>
      <y>0.8</y>
      <w>0.7028348</w>
      <t>1700</t>
    </point>
    <point>
      <x>0.30833334</x>
      <y>0.80333334</y>
      <w>0.65102637</w>
      <t>1733</t>
    </point>
    <point>
      <x>0.30666667</x>
      <y>0.805</y>
      <w>0.65102637</w>
      <t>1733</t>
    </point>
    <point>
      <x>0.30666667</x>
      <y>0.80833334</y>
      <w>0.65102637</w>
      <t>1733</t>
    </point>
    <point>
      <x>0.305</x>
      <y>0.81</y>
      <w>0.65102637</w>
      <t>1733</t>
    </point>
    <point>
      <x>0.30333334</x>
      <y>0.81</y>
      <w>0.65102637</w>
      <t>1733</t>
    </point>
    <point>
      <x>0.30166668</x>
      <y>0.81166667</y>
      <w>0.58064514</w>
      <t>1766</t>
    </point>
    <point>
      <x>0.3</x>
      <y>0.81333333</y>
      <w>0.58064514</w>
      <t>1766</t>
    </point>
    <point>
      <x>0.29833335</x>
      <y>0.81333333</y>
      <w>0.58064514</w>
      <t>1766</t>
    </point>
    <point>
      <x>0.29666665</x>
      <y>0.81333333</y>
      <w>0.53372437</w>
      <t>1800</t>
    </point>
    <point>
      <x>0.295</x>
      <y>0.81333333</y>
      <w>0.53372437</w>
      <t>1800</t>
    </point>
    <point>
      <x>0.29333332</x>
      <y>0.81333333</y>
      <w>0.53372437</w>
      <t>1800</t>
    </point>
    <point>
      <x>0.29166666</x>
      <y>0.81333333</y>
      <w>0.53372437</w>
      <t>1800</t>
    </point>
    <point>
      <x>0.28833333</x>
      <y>0.81333333</y>
      <w>0.53372437</w>
      <t>1800</t>
    </point>
    <point>
      <x>0.28666666</x>
      <y>0.81166667</y>
      <w>0.49853373</w>
      <t>1833</t>
    </point>
    <point>
      <x>0.28333333</x>
      <y>0.81166667</y>
      <w>0.49853373</w>
      <t>1833</t>
    </point>
    <point>
      <x>0.28166667</x>
      <y>0.81</y>
      <w>0.49853373</w>
      <t>1833</t>
    </point>
    <point>
      <x>0.27833334</x>
      <y>0.80833334</y>
      <w>0.49853373</w>
      <t>1833</t>
    </point>
    <point>
      <x>0.275</x>
      <y>0.8066667</y>
      <w>0.47898337</w>
      <t>1866</t>
    </point>
    <point>
      <x>0.27166668</x>
      <y>0.80333334</y>
      <w>0.47898337</w>
      <t>1866</t>
    </point>
    <point>
      <x>0.27</x>
      <y>0.8016667</y>
      <w>0.47898337</w>
      <t>1866</t>
    </point>
    <point>
      <x>0.26666668</x>
      <y>0.8</y>
      <w>0.47898337</w>
      <t>1866</t>
    </point>
    <point>
      <x>0.265</x>
      <y>0.79833335</y>
      <w>0.47311828</w>
      <t>1899</t>
    </point>
    <point>
      <x>0.26333332</x>
      <y>0.79833335</y>
      <w>0.47311828</w>
      <t>1899</t>
    </point>
    <point>
      <x>0.26166666</x>
      <y>0.7966667</y>
      <w>0.47311828</w>
      <t>1899</t>
    </point>
    <point>
      <x>0.26</x>
      <y>0.795</y>
      <w>0.47311828</w>
      <t>1899</t>
    </point>
    <point>
      <x>0.25833333</x>
      <y>0.79333335</y>
      <w>0.47311828</w>
      <t>1899</t>
    </point>
    <point>
      <x>0.25666666</x>
      <y>0.79</y>
      <w>0.47605082</w>
      <t>1933</t>
    </point>
    <point>
      <x>0.25666666</x>
      <y>0.78833336</y>
      <w>0.47605082</w>
      <t>1933</t>
    </point>
    <point>
      <x>0.255</x>
      <y>0.785</y>
      <w>0.47605082</w>
      <t>1933</t>
    </point>
    <point>
      <x>0.255</x>
      <y>0.7816667</y>
      <w>0.47605082</w>
      <t>1933</t>
    </point>
    <point>
      <x>0.25333333</x>
      <y>0.77666664</y>
      <w>0.47605082</w>
      <t>1966</t>
    </point>
    <point>
      <x>0.25166667</x>
      <y>0.7733333</y>
      <w>0.47605082</w>
      <t>1966</t>
    </point>
    <point>
      <x>0.25166667</x>
      <y>0.7683333</y>
      <w>0.47605082</w>
      <t>1966</t>
    </point>
    <point>
      <x>0.25166667</x>
      <y>0.765</y>
      <w>0.47605082</w>
      <t>1966</t>
    </point>
    <point>
      <x>0.25</x>
      <y>0.76166666</y>
      <w>0.47605082</w>
      <t>1966</t>
    </point>
    <point>
      <x>0.25</x>
      <y>0.75666666</y>
      <w>0.4692082</w>
      <t>2000</t>
    </point>
    <point>
      <x>0.25</x>
      <y>0.75166667</y>
      <w>0.4692082</w>
      <t>2000</t>
    </point>
    <point>
      <x>0.25</x>
      <y>0.74666667</y>
      <w>0.4692082</w>
      <t>2000</t>
    </point>
    <point>
      <x>0.25</x>
      <y>0.7416667</y>
      <w>0.4692082</w>
      <t>2000</t>
    </point>
    <point>
      <x>0.25166667</x>
      <y>0.7366667</y>
      <w>0.46725318</w>
      <t>2033</t>
    </point>
    <point>
      <x>0.25166667</x>
      <y>0.7316667</y>
      <w>0.46725318</w>
      <t>2033</t>
    </point>
    <point>
      <x>0.25333333</x>
      <y>0.725</y>
      <w>0.46725318</w>
      <t>2033</t>
    </point>
    <point>
      <x>0.255</x>
      <y>0.72</y>
      <w>0.46725318</w>
      <t>2033</t>
    </point>
    <point>
      <x>0.25833333</x>
      <y>0.7133333</y>
      <w>0.46725318</w>
      <t>2033</t>
    </point>
    <point>
      <x>0.26</x>
      <y>0.70666665</y>
      <w>0.46725318</w>
      <t>2066</t>
    </point>
    <point>
      <x>0.26333332</x>
      <y>0.7</y>
      <w>0.46725318</w>
      <t>2066</t>
    </point>
    <point>
      <x>0.265</x>
      <y>0.69166666</y>
      <w>0.46725318</w>
      <t>2066</t>
    </point>
    <point>
      <x>0.27</x>
      <y>0.685</y>
      <w>0.46725318</w>
      <t>2066</t>
    </point>
    <point>
      <x>0.27333334</x>
      <y>0.6766667</y>
      <w>0.40371457</w>
      <t>2100</t>
    </point>
    <point>
      <x>0.27833334</x>
      <y>0.67</y>
      <w>0.40371457</w>
      <t>2100</t>
    </point>
    <point>
      <x>0.28166667</x>
      <y>0.6616667</y>
      <w>0.40371457</w>
      <t>2100</t>
    </point>
    <point>
      <x>0.28666666</x>
      <y>0.6533333</y>
      <w>0.40371457</w>
      <t>2100</t>
    </point>
    <point>
      <x>0.29166666</x>
      <y>0.645</y>
      <w>0.40371457</w>
      <t>2100</t>
    </point>
    <point>
      <x>0.29666665</x>
      <y>0.635</y>
      <w>0.39589444</w>
      <t>2133</t>
    </point>
    <point>
      <x>0.3</x>
      <y>0.62666667</y>
      <w>0.39589444</w>
      <t>2133</t>
    </point>
    <point>
      <x>0.305</x>
      <y>0.61833334</y>
      <w>0.39589444</w>
      <t>2133</t>
    </point>
    <point>
      <x>0.31</x>
      <y>0.6116667</y>
      <w>0.39589444</w>
      <t>2133</t>
    </point>
    <point>
      <x>0.31666666</x>
      <y>0.6016667</y>
      <w>0.33919844</w>
      <t>2166</t>
    </point>
    <point>
      <x>0.32166666</x>
      <y>0.5933333</y>
      <w>0.33919844</w>
      <t>2166</t>
    </point>
    <point>
      <x>0.32833335</x>
      <y>0.5833333</y>
      <w>0.33919844</w>
      <t>2166</t>
    </point>
    <point>
      <x>0.335</x>
      <y>0.575</y>
      <w>0.33919844</w>
      <t>2166</t>
    </point>
    <point>
      <x>0.34</x>
      <y>0.565</y>
      <w>0.34017596</w>
      <t>2200</t>
    </point>
    <point>
      <x>0.345</x>
      <y>0.5566667</y>
      <w>0.34017596</w>
      <t>2200</t>
    </point>
    <point>
      <x>0.35</x>
      <y>0.54833335</y>
      <w>0.34017596</w>
      <t>2200</t>
    </point>
    <point>
      <x>0.35666665</x>
      <y>0.53833336</y>
      <w>0.34017596</w>
      <t>2200</t>
    </point>
    <point>
      <x>0.36166668</x>
      <y>0.53</y>
      <w>0.34017596</w>
      <t>2200</t>
    </point>
    <point>
      <x>0.36666667</x>
      <y>0.52166665</y>
      <w>0.20723362</w>
      <t>2233</t>
    </point>
    <point>
      <x>0.37166667</x>
      <y>0.5133333</y>
      <w>0.20723362</w>
      <t>2233</t>
    </point>
    <point>
      <x>0.37666667</x>
      <y>0.505</y>
      <w>0.20723362</w>
      <t>2233</t>
    </point>
    <point>
      <x>0.38333333</x>
      <y>0.49666667</y>
      <w>0.20723362</w>
      <t>2233</t>
    </point>
    <point>
      <x>0.38833332</x>
      <y>0.48833334</y>
      <w>0.12707722</w>
      <t>2267</t>
    </point>
    <point>
      <x>0.39333335</x>
      <y>0.48166665</y>
      <w>0.12707722</w>
      <t>2267</t>
    </point>
    <point>
      <x>0.39833334</x>
      <y>0.47333333</y>
      <w>0.12707722</w>
      <t>2267</t>
    </point>
    <point>
      <x>0.40333334</x>
      <y>0.46666667</y>
      <w>0.12707722</w>
      <t>2267</t>
    </point>
    <point>
      <x>0.40833333</x>
      <y>0.46166667</y>
      <w>0.12707722</w>
      <t>2267</t>
    </point>
    <point>
      <x>0.41333333</x>
      <y>0.455</y>
      <w>0.08504399</w>
      <t>2300</t>
    </point>
    <point>
      <x>0.41833332</x>
      <y>0.45</y>
      <w>0.08504399</w>
      <t>2300</t>
    </point>
    <point>
      <x>0.42333335</x>
      <y>0.445</y>
      <w>0.08504399</w>
      <t>2300</t>
    </point>
  </stroke>
  <stroke time="3534">
    <point>
      <x>0.55</x>
      <y>0.26666668</y>
      <w>0.08113392</w>
      <t>3567</t>
    </point>
    <point>
      <x>0.55</x>
      <y>0.265</y>
      <w>0.08113392</w>
      <t>3567</t>
    </point>
    <point>
      <x>0.5516667</x>
      <y>0.265</y>
      <w>0.08113392</w>
      <t>3567</t>
    </point>
    <point>
      <x>0.55333334</x>
      <y>0.265</y>
      <w>0.08113392</w>
      <t>3567</t>
    </point>
    <point>
      <x>0.555</x>
      <y>0.265</y>
      <w>0.2111437</w>
      <t>3601</t>
    </point>
    <point>
      <x>0.5566667</x>
      <y>0.265</y>
      <w>0.2111437</w>
      <t>3601</t>
    </point>
    <point>
      <x>0.55833334</x>
      <y>0.265</y>
      <w>0.2111437</w>
      <t>3601</t>
    </point>
    <point>
      <x>0.56</x>
      <y>0.265</y>
      <w>0.2111437</w>
      <t>3601</t>
    </point>
    <point>
      <x>0.56333333</x>
      <y>0.265</y>
      <w>0.2111437</w>
      <t>3601</t>
    </point>
    <point>
      <x>0.565</x>
      <y>0.26666668</y>
      <w>0.29716522</w>
      <t>3634</t>
    </point>
    <point>
      <x>0.5683333</x>
      <y>0.26666668</y>
      <w>0.29716522</w>
      <t>3634</t>
    </point>
    <point>
      <x>0.57</x>
      <y>0.26833335</y>
      <w>0.29716522</w>
      <t>3634</t>
    </point>
    <point>
      <x>0.57166666</x>
      <y>0.27</y>
      <w>0.29716522</w>
      <t>3634</t>
    </point>
    <point>
      <x>0.5733333</x>
      <y>0.27</y>
      <w>0.35874876</w>
      <t>3667</t>
    </point>
    <point>
      <x>0.575</x>
      <y>0.27166668</y>
      <w>0.35874876</w>
      <t>3667</t>
    </point>
    <point>
      <x>0.5783333</x>
      <y>0.27333334</y>
      <w>0.35874876</w>
      <t>3667</t>
    </point>
    <point>
      <x>0.5783333</x>
      <y>0.275</y>
      <w>0.35874876</w>
      <t>3667</t>
    </point>
    <point>
      <x>0.58</x>
      <y>0.27666667</y>
      <w>0.42913002</w>
      <t>3700</t>
    </point>
    <point>
      <x>0.58166665</x>
      <y>0.27833334</y>
      <w>0.42913002</w>
      <t>3700</t>
    </point>
    <point>
      <x>0.5833333</x>
      <y>0.28166667</y>
      <w>0.42913002</w>
      <t>3700</t>
    </point>
    <point>
      <x>0.5833333</x>
      <y>0.28333333</y>
      <w>0.42913002</w>
      <t>3700</t>
    </point>
    <point>
      <x>0.585</x>
      <y>0.28666666</y>
      <w>0.42913002</w>
      <t>3700</t>
    </point>
    <point>
      <x>0.58666664</x>
      <y>0.29</y>
      <w>0.5356794</w>
      <t>3734</t>
    </point>
    <point>
      <x>0.58666664</x>
      <y>0.29333332</y>
      <w>0.5356794</w>
      <t>3734</t>
    </point>
    <point>
      <x>0.58666664</x>
      <y>0.295</y>
      <w>0.5356794</w>
      <t>3734</t>
    </point>
    <point>
      <x>0.58666664</x>
      <y>0.3</y>
      <w>0.5356794</w>
      <t>3734</t>
    </point>
    <point>
      <x>0.58666664</x>
      <y>0.30166668</y>
      <w>0.59628546</w>
      <t>3767</t>
    </point>
    <point>
      <x>0.58666664</x>
      <y>0.305</y>
      <w>0.59628546</w>
      <t>3767</t>
    </point>
    <point>
      <x>0.58666664</x>
      <y>0.30833334</y>
      <w>0.59628546</w>
      <t>3767</t>
    </point>
    <point>
      <x>0.58666664</x>
      <y>0.31166667</y>
      <w>0.59628546</w>
      <t>3767</t>
    </point>
    <point>
      <x>0.58666664</x>
      <y>0.315</y>
      <w>0.59628546</w>
      <t>3767</t>
    </point>
    <point>
      <x>0.58666664</x>
      <y>0.31833333</y>
      <w>0.6451613</w>
      <t>3801</t>
    </point>
    <point>
      <x>0.585</x>
      <y>0.32333332</y>
      <w>0.6451613</w>
      <t>3801</t>
    </point>
    <point>
      <x>0.5833333</x>
      <y>0.32666665</y>
      <w>0.6451613</w>
      <t>3801</t>
    </point>
    <point>
      <x>0.58166665</x>
      <y>0.33</y>
      <w>0.6451613</w>
      <t>3801</t>
    </point>
    <point>
      <x>0.58166665</x>
      <y>0.335</y>
      <w>0.69501466</w>
      <t>3834</t>
    </point>
    <point>
      <x>0.58</x>
      <y>0.33833334</y>
      <w>0.69501466</w>
      <t>3834</t>
    </point>
    <point>
      <x>0.5783333</x>
      <y>0.34166667</y>
      <w>0.69501466</w>
      <t>3834</t>
    </point>
    <point>
      <x>0.5783333</x>
      <y>0.345</y>
      <w>0.69501466</w>
      <t>3834</t>
    </point>
    <point>
      <x>0.5783333</x>
      <y>0.34666666</y>
      <w>0.69501466</w>
      <t>3834</t>
    </point>
    <point>
      <x>0.57666665</x>
      <y>0.34833333</y>
      <w>0.7038123</w>
      <t>3867</t>
    </point>
    <point>
      <x>0.57666665</x>
      <y>0.35</y>
      <w>0.7038123</w>
      <t>3867</t>
    </point>
    <point>
      <x>0.57666665</x>
      <y>0.35166666</y>
      <w>0.7038123</w>
      <t>3867</t>
    </point>
    <point>
      <x>0.57666665</x>
      <y>0.35333332</y>
      <w>0.7047898</w>
      <t>3901</t>
    </point>
    <point>
      <x>0.57666665</x>
      <y>0.355</y>
      <w>0.7047898</w>
      <t>3901</t>
    </point>
    <point>
      <x>0.5783333</x>
      <y>0.355</y>
      <w>0.7047898</w>
      <t>3901</t>
    </point>
    <point>
      <x>0.5783333</x>
      <y>0.35666665</y>
      <w>0.7047898</w>
      <t>3901</t>
    </point>
    <point>
      <x>0.58</x>
      <y>0.35833332</y>
      <w>0.7047898</w>
      <t>3901</t>
    </point>
    <point>
      <x>0.58166665</x>
      <y>0.35833332</y>
      <w>0.7047898</w>
      <t>3934</t>
    </point>
    <point>
      <x>0.58166665</x>
      <y>0.36</y>
      <w>0.7047898</w>
      <t>3934</t>
    </point>
    <point>
      <x>0.5833333</x>
      <y>0.36</y>
      <w>0.7047898</w>
      <t>3934</t>
    </point>
    <point>
      <x>0.585</x>
      <y>0.36166668</y>
      <w>0.7047898</w>
      <t>3968</t>
    </point>
    <point>
      <x>0.58666664</x>
      <y>0.36166668</y>
      <w>0.7047898</w>
      <t>3968</t>
    </point>
    <point>
      <x>0.5883333</x>
      <y>0.36166668</y>
      <w>0.7047898</w>
      <t>3968</t>
    </point>
    <point>
      <x>0.59</x>
      <y>0.36166668</y>
      <w>0.7038123</w>
      <t>4001</t>
    </point>
    <point>
      <x>0.59166664</x>
      <y>0.36166668</y>
      <w>0.7038123</w>
      <t>4001</t>
    </point>
    <point>
      <x>0.5933333</x>
      <y>0.36166668</y>
      <w>0.7038123</w>
      <t>4001</t>
    </point>
    <point>
      <x>0.595</x>
      <y>0.36166668</y>
      <w>0.7038123</w>
      <t>4001</t>
    </point>
    <point>
      <x>0.5966667</x>
      <y>0.36166668</y>
      <w>0.70185727</w>
      <t>4034</t>
    </point>
    <point>
      <x>0.59833336</x>
      <y>0.36166668</y>
      <w>0.70185727</w>
      <t>4034</t>
    </point>
    <point>
      <x>0.6016667</x>
      <y>0.36166668</y>
      <w>0.70185727</w>
      <t>4034</t>
    </point>
    <point>
      <x>0.60333335</x>
      <y>0.36166668</y>
      <w>0.70185727</w>
      <t>4034</t>
    </point>
    <point>
      <x>0.6066667</x>
      <y>0.36166668</y>
      <w>0.6989247</w>
      <t>4067</t>
    </point>
    <point>
      <x>0.61</x>
      <y>0.36166668</y>
      <w>0.6989247</w>
      <t>4067</t>
    </point>
    <point>
      <x>0.61333334</x>
      <y>0.36166668</y>
      <w>0.6989247</w>
      <t>4067</t>
    </point>
    <point>
      <x>0.6166667</x>
      <y>0.36</y>
      <w>0.6989247</w>
      <t>4067</t>
    </point>
    <point>
      <x>0.62</x>
      <y>0.35833332</y>
      <w>0.6989247</w>
      <t>4067</t>
    </point>
    <point>
      <x>0.625</x>
      <y>0.35666665</y>
      <w>0.66959924</w>
      <t>4101</t>
    </point>
    <point>
      <x>0.62833333</x>
      <y>0.355</y>
      <w>0.66959924</w>
      <t>4101</t>
    </point>
    <point>
      <x>0.6333333</x>
      <y>0.35333332</y>
      <w>0.66959924</w>
      <t>4101</t>
    </point>
    <point>
      <x>0.63666666</x>
      <y>0.35</y>
      <w>0.66959924</w>
      <t>4101</t>
    </point>
    <point>
      <x>0.64166665</x>
      <y>0.34833333</y>
      <w>0.6089932</w>
      <t>4134</t>
    </point>
    <point>
      <x>0.645</x>
      <y>0.345</y>
      <w>0.6089932</w>
      <t>4134</t>
    </point>
    <point>
      <x>0.65</x>
      <y>0.34333333</y>
      <w>0.6089932</w>
      <t>4134</t>
    </point>
    <point>
      <x>0.6533333</x>
      <y>0.34166667</y>
      <w>0.6089932</w>
      <t>4134</t>
    </point>
    <point>
      <x>0.65833336</x>
      <y>0.33833334</y>
      <w>0.6089932</w>
      <t>4134</t>
    </point>
    <point>
      <x>0.66333336</x>
      <y>0.335</y>
      <w>0.5493646</w>
      <t>4167</t>
    </point>
    <point>
      <x>0.6666667</x>
      <y>0.33333334</y>
      <w>0.5493646</w>
      <t>4167</t>
    </point>
    <point>
      <x>0.6716667</x>
      <y>0.33</y>
      <w>0.5493646</w>
      <t>4167</t>
    </point>
    <point>
      <x>0.6766667</x>
      <y>0.32666665</y>
      <w>0.5493646</w>
      <t>4167</t>
    </point>
    <point>
      <x>0.6816667</x>
      <y>0.32333332</y>
      <w>0.51808405</w>
      <t>4201</t>
    </point>
    <point>
      <x>0.68666667</x>
      <y>0.32166666</y>
      <w>0.51808405</w>
      <t>4201</t>
    </point>
    <point>
      <x>0.69</x>
      <y>0.31833333</y>
      <w>0.51808405</w>
      <t>4201</t>
    </point>
    <point>
      <x>0.695</x>
      <y>0.315</y>
      <w>0.51808405</w>
      <t>4201</t>
    </point>
    <point>
      <x>0.6983333</x>
      <y>0.31333333</y>
      <w>0.51808405</w>
      <t>4201</t>
    </point>
    <point>
      <x>0.7033333</x>
      <y>0.31</y>
      <w>0.45845553</w>
      <t>4234</t>
    </point>
    <point>
      <x>0.70666665</x>
      <y>0.30833334</y>
      <w>0.45845553</w>
      <t>4234</t>
    </point>
    <point>
      <x>0.71</x>
      <y>0.30666667</y>
      <w>0.45845553</w>
      <t>4234</t>
    </point>
    <point>
      <x>0.715</x>
      <y>0.30333334</y>
      <w>0.45845553</w>
      <t>4234</t>
    </point>
    <point>
      <x>0.7183333</x>
      <y>0.30166668</y>
      <w>0.43695015</w>
      <t>4267</t>
    </point>
    <point>
      <x>0.72</x>
      <y>0.29833335</y>
      <w>0.43695015</w>
      <t>4267</t>
    </point>
    <point>
      <x>0.72333336</x>
      <y>0.29666665</y>
      <w>0.43695015</w>
      <t>4267</t>
    </point>
    <point>
      <x>0.725</x>
      <y>0.295</y>
      <w>0.43695015</w>
      <t>4267</t>
    </point>
    <point>
      <x>0.7266667</x>
      <y>0.29333332</y>
      <w>0.4115347</w>
      <t>4301</t>
    </point>
    <point>
      <x>0.7266667</x>
      <y>0.29166666</y>
      <w>0.4115347</w>
      <t>4301</t>
    </point>
    <point>
      <x>0.72833335</x>
      <y>0.29</y>
      <w>0.4115347</w>
      <t>4301</t>
    </point>
    <point>
      <x>0.72833335</x>
      <y>0.28833333</y>
      <w>0.4115347</w>
      <t>4301</t>
    </point>
    <point>
      <x>0.72833335</x>
      <y>0.28666666</y>
      <w>0.31769305</w>
      <t>4334</t>
    </point>
    <point>
      <x>0.7266667</x>
      <y>0.285</y>
      <w>0.31769305</w>
      <t>4334</t>
    </point>
    <point>
      <x>0.725</x>
      <y>0.28333333</y>
      <w>0.31769305</w>
      <t>4334</t>
    </point>
    <point>
      <x>0.72333336</x>
      <y>0.28166667</y>
      <w>0.31769305</w>
      <t>4334</t>
    </point>
    <point>
      <x>0.7216667</x>
      <y>0.28</y>
      <w>0.2678397</w>
      <t>4367</t>
    </point>
    <point>
      <x>0.72</x>
      <y>0.27833334</y>
      <w>0.2678397</w>
      <t>4367</t>
    </point>
    <point>
      <x>0.7183333</x>
      <y>0.27833334</y>
      <w>0.2678397</w>
      <t>4367</t>
    </point>
    <point>
      <x>0.71666664</x>
      <y>0.27666667</y>
      <w>0.2678397</w>
      <t>4367</t>
    </point>
    <point>
      <x>0.715</x>
      <y>0.275</y>
      <w>0.2678397</w>
      <t>4367</t>
    </point>
    <point>
      <x>0.71166664</x>
      <y>0.27333334</y>
      <w>0.15835777</w>
      <t>4400</t>
    </point>
    <point>
      <x>0.71</x>
      <y>0.27333334</y>
      <w>0.15835777</w>
      <t>4400</t>
    </point>
    <point>
      <x>0.7083333</x>
      <y>0.27166668</y>
      <w>0.15835777</w>
      <t>4400</t>
    </point>
    <point>
      <x>0.705</x>
      <y>0.27</y>
      <w>0.15835777</w>
      <t>4400</t>
    </point>
    <point>
      <x>0.7033333</x>
      <y>0.26833335</y>
      <w>0.048875857</w>
      <t>4434</t>
    </point>
    <point>
      <x>0.7</x>
      <y>0.26666668</y>
      <w>0.048875857</w>
      <t>4434</t>
    </point>
  </stroke>
  <stroke time="4701">
    <point>
      <x>0.6383333</x>
      <y>0.215</y>
      <w>0.22580644</w>
      <t>4734</t>
    </point>
    <point>
      <x>0.64</x>
      <y>0.215</y>
      <w>0.22580644</w>
      <t>4734</t>
    </point>
    <point>
      <x>0.64</x>
      <y>0.21666667</y>
      <w>0.22580644</w>
      <t>4734</t>
    </point>
    <point>
      <x>0.64166665</x>
      <y>0.21666667</y>
      <w>0.32746822</w>
      <t>4768</t>
    </point>
    <point>
      <x>0.6433333</x>
      <y>0.21833333</y>
      <w>0.32746822</w>
      <t>4768</t>
    </point>
    <point>
      <x>0.645</x>
      <y>0.22</y>
      <w>0.32746822</w>
      <t>4768</t>
    </point>
    <point>
      <x>0.64666665</x>
      <y>0.22166666</y>
      <w>0.32746822</w>
      <t>4768</t>
    </point>
    <point>
      <x>0.6483333</x>
      <y>0.22333333</y>
      <w>0.4340176</w>
      <t>4801</t>
    </point>
    <point>
      <x>0.65</x>
      <y>0.225</y>
      <w>0.4340176</w>
      <t>4801</t>
    </point>
    <point>
      <x>0.65166664</x>
      <y>0.22833334</y>
      <w>0.4340176</w>
      <t>4801</t>
    </point>
    <point>
      <x>0.6533333</x>
      <y>0.23</y>
      <w>0.4340176</w>
      <t>4801</t>
    </point>
    <point>
      <x>0.655</x>
      <y>0.23166667</y>
      <w>0.4340176</w>
      <t>4801</t>
    </point>
    <point>
      <x>0.6566667</x>
      <y>0.235</y>
      <w>0.48191592</w>
      <t>4834</t>
    </point>
    <point>
      <x>0.65833336</x>
      <y>0.23666666</y>
      <w>0.48191592</w>
      <t>4834</t>
    </point>
    <point>
      <x>0.65833336</x>
      <y>0.23833333</y>
      <w>0.48191592</w>
      <t>4834</t>
    </point>
    <point>
      <x>0.66</x>
      <y>0.24</y>
      <w>0.48191592</w>
      <t>4834</t>
    </point>
    <point>
      <x>0.66</x>
      <y>0.24166666</y>
      <w>0.5259042</w>
      <t>4867</t>
    </point>
    <point>
      <x>0.6616667</x>
      <y>0.24166666</y>
      <w>0.5259042</w>
      <t>4867</t>
    </point>
    <point>
      <x>0.6616667</x>
      <y>0.24333334</y>
      <w>0.5259042</w>
      <t>4867</t>
    </point>
    <point>
      <x>0.6616667</x>
      <y>0.245</y>
      <w>0.5259042</w>
      <t>4867</t>
    </point>
    <point>
      <x>0.66333336</x>
      <y>0.24666667</y>
      <w>0.55718476</w>
      <t>4901</t>
    </point>
    <point>
      <x>0.66333336</x>
      <y>0.24833333</y>
      <w>0.55718476</w>
      <t>4901</t>
    </point>
    <point>
      <x>0.66333336</x>
      <y>0.25166667</y>
      <w>0.55718476</w>
      <t>4901</t>
    </point>
    <point>
      <x>0.66333336</x>
      <y>0.25333333</y>
      <w>0.55718476</w>
      <t>4901</t>
    </point>
    <point>
      <x>0.66333336</x>
      <y>0.25666666</y>
      <w>0.55718476</w>
      <t>4901</t>
    </point>
    <point>
      <x>0.66333336</x>
      <y>0.25833333</y>
      <w>0.629521</w>
      <t>4934</t>
    </point>
    <point>
      <x>0.665</x>
      <y>0.26</y>
      <w>0.629521</w>
      <t>4934</t>
    </point>
    <point>
      <x>0.665</x>
      <y>0.26333332</y>
      <w>0.629521</w>
      <t>4934</t>
    </point>
    <point>
      <x>0.665</x>
      <y>0.265</y>
      <w>0.629521</w>
      <t>4934</t>
    </point>
    <point>
      <x>0.665</x>
      <y>0.26833335</y>
      <w>0.65786904</w>
      <t>4967</t>
    </point>
    <point>
      <x>0.665</x>
      <y>0.27166668</y>
      <w>0.65786904</w>
      <t>4967</t>
    </point>
    <point>
      <x>0.665</x>
      <y>0.27333334</y>
      <w>0.65786904</w>
      <t>4967</t>
    </point>
    <point>
      <x>0.665</x>
      <y>0.27666667</y>
      <w>0.65786904</w>
      <t>4967</t>
    </point>
    <point>
      <x>0.665</x>
      <y>0.28</y>
      <w>0.65786904</w>
      <t>4967</t>
    </point>
    <point>
      <x>0.665</x>
      <y>0.28333333</y>
      <w>0.6793744</w>
      <t>5001</t>
    </point>
    <point>
      <x>0.665</x>
      <y>0.28666666</y>
      <w>0.6793744</w>
      <t>5001</t>
    </point>
    <point>
      <x>0.665</x>
      <y>0.29</y>
      <w>0.6793744</w>
      <t>5001</t>
    </point>
    <point>
      <x>0.665</x>
      <y>0.29333332</y>
      <w>0.6793744</w>
      <t>5001</t>
    </point>
    <point>
      <x>0.665</x>
      <y>0.29666665</y>
      <w>0.714565</w>
      <t>5034</t>
    </point>
    <point>
      <x>0.665</x>
      <y>0.3</y>
      <w>0.714565</w>
      <t>5034</t>
    </point>
    <point>
      <x>0.665</x>
      <y>0.305</y>
      <w>0.714565</w>
      <t>5034</t>
    </point>
    <point>
      <x>0.665</x>
      <y>0.30833334</y>
      <w>0.714565</w>
      <t>5034</t>
    </point>
    <point>
      <x>0.665</x>
      <y>0.31333333</y>
      <w>0.714565</w>
      <t>5034</t>
    </point>
    <point>
      <x>0.665</x>
      <y>0.31666666</y>
      <w>0.73216033</w>
      <t>5067</t>
    </point>
    <point>
      <x>0.665</x>
      <y>0.32166666</y>
      <w>0.73216033</w>
      <t>5067</t>
    </point>
    <point>
      <x>0.665</x>
      <y>0.32833335</y>
      <w>0.73216033</w>
      <t>5067</t>
    </point>
    <point>
      <x>0.665</x>
      <y>0.33333334</y>
      <w>0.73216033</w>
      <t>5067</t>
    </point>
    <point>
      <x>0.665</x>
      <y>0.34</y>
      <w>0.7497556</w>
      <t>5101</t>
    </point>
    <point>
      <x>0.665</x>
      <y>0.345</y>
      <w>0.7497556</w>
      <t>5101</t>
    </point>
    <point>
      <x>0.665</x>
      <y>0.35166666</y>
      <w>0.7497556</w>
      <t>5101</t>
    </point>
    <point>
      <x>0.665</x>
      <y>0.35833332</y>
      <w>0.7497556</w>
      <t>5101</t>
    </point>
    <point>
      <x>0.665</x>
      <y>0.36333334</y>
      <w>0.7497556</w>
      <t>5101</t>
    </point>
    <point>
      <x>0.665</x>
      <y>0.37166667</y>
      <w>0.76344085</w>
      <t>5134</t>
    </point>
    <point>
      <x>0.665</x>
      <y>0.37833333</y>
      <w>0.76344085</w>
      <t>5134</t>
    </point>
    <point>
      <x>0.665</x>
      <y>0.38666666</y>
      <w>0.76344085</w>
      <t>5134</t>
    </point>
    <point>
      <x>0.665</x>
      <y>0.395</y>
      <w>0.76344085</w>
      <t>5134</t>
    </point>
    <point>
      <x>0.665</x>
      <y>0.40333334</y>
      <w>0.77614856</w>
      <t>5167</t>
    </point>
    <point>
      <x>0.665</x>
      <y>0.41166666</y>
      <w>0.77614856</w>
      <t>5167</t>
    </point>
    <point>
      <x>0.665</x>
      <y>0.42166665</y>
      <w>0.77614856</w>
      <t>5167</t>
    </point>
    <point>
      <x>0.665</x>
      <y>0.43</y>
      <w>0.77614856</w>
      <t>5167</t>
    </point>
    <point>
      <x>0.665</x>
      <y>0.44</y>
      <w>0.7820137</w>
      <t>5200</t>
    </point>
    <point>
      <x>0.665</x>
      <y>0.44833332</y>
      <w>0.7820137</w>
      <t>5200</t>
    </point>
    <point>
      <x>0.665</x>
      <y>0.45833334</y>
      <w>0.7820137</w>
      <t>5200</t>
    </point>
    <point>
      <x>0.665</x>
      <y>0.46833333</y>
      <w>0.7820137</w>
      <t>5200</t>
    </point>
    <point>
      <x>0.665</x>
      <y>0.47833332</y>
      <w>0.7820137</w>
      <t>5200</t>
    </point>
    <point>
      <x>0.665</x>
      <y>0.49</y>
      <w>0.7878788</w>
      <t>5234</t>
    </point>
    <point>
      <x>0.665</x>
      <y>0.50166667</y>
      <w>0.7878788</w>
      <t>5234</t>
    </point>
    <point>
      <x>0.665</x>
      <y>0.5133333</y>
      <w>0.7878788</w>
      <t>5234</t>
    </point>
    <point>
      <x>0.665</x>
      <y>0.525</y>
      <w>0.7878788</w>
      <t>5234</t>
    </point>
    <point>
      <x>0.665</x>
      <y>0.5366667</y>
      <w>0.79081136</w>
      <t>5267</t>
    </point>
    <point>
      <x>0.665</x>
      <y>0.54833335</y>
      <w>0.79081136</w>
      <t>5267</t>
    </point>
    <point>
      <x>0.665</x>
      <y>0.56</y>
      <w>0.79081136</w>
      <t>5267</t>
    </point>
    <point>
      <x>0.665</x>
      <y>0.57</y>
      <w>0.79081136</w>
      <t>5267</t>
    </point>
    <point>
      <x>0.665</x>
      <y>0.58166665</y>
      <w>0.79081136</w>
      <t>5267</t>
    </point>
    <point>
      <x>0.665</x>
      <y>0.5933333</y>
      <w>0.79081136</w>
      <t>5301</t>
    </point>
    <point>
      <x>0.665</x>
      <y>0.605</y>
      <w>0.79081136</w>
      <t>5301</t>
    </point>
    <point>
      <x>0.665</x>
      <y>0.61833334</y>
      <w>0.79081136</w>
      <t>5301</t>
    </point>
    <point>
      <x>0.665</x>
      <y>0.63</y>
      <w>0.79081136</w>
      <t>5301</t>
    </point>
    <point>
      <x>0.665</x>
      <y>0.6433333</y>
      <w>0.79081136</w>
      <t>5334</t>
    </point>
    <point>
      <x>0.665</x>
      <y>0.655</y>
      <w>0.79081136</w>
      <t>5334</t>
    </point>
    <point>
      <x>0.665</x>
      <y>0.66833335</y>
      <w>0.79081136</w>
      <t>5334</t>
    </point>
    <point>
      <x>0.665</x>
      <y>0.67833334</y>
      <w>0.79081136</w>
      <t>5334</t>
    </point>
    <point>
      <x>0.665</x>
      <y>0.69</y>
      <w>0.79081136</w>
      <t>5334</t>
    </point>
    <point>
      <x>0.665</x>
      <y>0.7</y>
      <w>0.76246333</w>
      <t>5367</t>
    </point>
    <point>
      <x>0.6666667</x>
      <y>0.71</y>
      <w>0.76246333</w>
      <t>5367</t>
    </point>
    <point>
      <x>0.6666667</x>
      <y>0.7183333</y>
      <w>0.76246333</w>
      <t>5367</t>
    </point>
    <point>
      <x>0.6666667</x>
      <y>0.725</y>
      <w>0.76246333</w>
      <t>5367</t>
    </point>
    <point>
      <x>0.6666667</x>
      <y>0.7316667</y>
      <w>0.72629523</w>
      <t>5401</t>
    </point>
    <point>
      <x>0.6666667</x>
      <y>0.7366667</y>
      <w>0.72629523</w>
      <t>5401</t>
    </point>
    <point>
      <x>0.6666667</x>
      <y>0.7416667</y>
      <w>0.72629523</w>
      <t>5401</t>
    </point>
    <point>
      <x>0.6666667</x>
      <y>0.74666667</y>
      <w>0.72629523</w>
      <t>5401</t>
    </point>
    <point>
      <x>0.6666667</x>
      <y>0.75</y>
      <w>0.72629523</w>
      <t>5401</t>
    </point>
    <point>
      <x>0.6666667</x>
      <y>0.75333333</y>
      <w>0.7047898</w>
      <t>5434</t>
    </point>
    <point>
      <x>0.6666667</x>
      <y>0.755</y>
      <w>0.7047898</w>
      <t>5434</t>
    </point>
    <point>
      <x>0.6666667</x>
      <y>0.75666666</y>
      <w>0.7047898</w>
      <t>5434</t>
    </point>
    <point>
      <x>0.6666667</x>
      <y>0.7583333</y>
      <w>0.6158358</w>
      <t>5500</t>
    </point>
    <point>
      <x>0.665</x>
      <y>0.7583333</y>
      <w>0.6158358</w>
      <t>5500</t>
    </point>
    <point>
      <x>0.66333336</x>
      <y>0.7583333</y>
      <w>0.6050831</w>
      <t>5534</t>
    </point>
    <point>
      <x>0.66333336</x>
      <y>0.75666666</y>
      <w>0.5982405</w>
      <t>5568</t>
    </point>
    <point>
      <x>0.6616667</x>
      <y>0.755</y>
      <w>0.5982405</w>
      <t>5568</t>
    </point>
    <point>
      <x>0.66</x>
      <y>0.75333333</y>
      <w>0.5982405</w>
      <t>5568</t>
    </point>
    <point>
      <x>0.6566667</x>
      <y>0.75</y>
      <w>0.5982405</w>
      <t>5568</t>
    </point>
    <point>
      <x>0.655</x>
      <y>0.74833333</y>
      <w>0.5982405</w>
      <t>5568</t>
    </point>
    <point>
      <x>0.65166664</x>
      <y>0.745</y>
      <w>0.5483871</w>
      <t>5601</t>
    </point>
    <point>
      <x>0.6483333</x>
      <y>0.7416667</y>
      <w>0.5483871</w>
      <t>5601</t>
    </point>
    <point>
      <x>0.6433333</x>
      <y>0.73833334</y>
      <w>0.5483871</w>
      <t>5601</t>
    </point>
    <point>
      <x>0.64</x>
      <y>0.735</y>
      <w>0.5483871</w>
      <t>5601</t>
    </point>
    <point>
      <x>0.635</x>
      <y>0.7316667</y>
      <w>0.4848485</w>
      <t>5634</t>
    </point>
    <point>
      <x>0.63</x>
      <y>0.72833335</y>
      <w>0.4848485</w>
      <t>5634</t>
    </point>
    <point>
      <x>0.625</x>
      <y>0.725</y>
      <w>0.4848485</w>
      <t>5634</t>
    </point>
    <point>
      <x>0.61833334</x>
      <y>0.72333336</y>
      <w>0.4848485</w>
      <t>5634</t>
    </point>
    <point>
      <x>0.6116667</x>
      <y>0.72</y>
      <w>0.4848485</w>
      <t>5634</t>
    </point>
    <point>
      <x>0.6066667</x>
      <y>0.71666664</y>
      <w>0.43890518</w>
      <t>5667</t>
    </point>
    <point>
      <x>0.6016667</x>
      <y>0.7133333</y>
      <w>0.43890518</w>
      <t>5667</t>
    </point>
    <point>
      <x>0.5966667</x>
      <y>0.71166664</y>
      <w>0.43890518</w>
      <t>5667</t>
    </point>
    <point>
      <x>0.59166664</x>
      <y>0.7083333</y>
      <w>0.43890518</w>
      <t>5667</t>
    </point>
    <point>
      <x>0.58666664</x>
      <y>0.7033333</y>
      <w>0.43108505</w>
      <t>5701</t>
    </point>
    <point>
      <x>0.58166665</x>
      <y>0.7</y>
      <w>0.43108505</w>
      <t>5701</t>
    </point>
    <point>
      <x>0.57666665</x>
      <y>0.695</y>
      <w>0.43108505</w>
      <t>5701</t>
    </point>
    <point>
      <x>0.57166666</x>
      <y>0.69</y>
      <w>0.43108505</w>
      <t>5701</t>
    </point>
    <point>
      <x>0.56666666</x>
      <y>0.68333334</y>
      <w>0.43108505</w>
      <t>5701</t>
    </point>
    <point>
      <x>0.56166667</x>
      <y>0.6766667</y>
      <w>0.097751714</w>
      <t>5734</t>
    </point>
    <point>
      <x>0.55833334</x>
      <y>0.67</y>
      <w>0.0</w>
      <t>5734</t>
    </point>
  </stroke>
  <stroke time="5901">
    <point>
      <x>0.55</x>
      <y>0.5366667</y>
      <w>0.0</w>
      <t>5901</t>
    </point>
    <point>
      <x>0.55333334</x>
      <y>0.53</y>
      <w>0.06549364</w>
      <t>5934</t>
    </point>
    <point>
      <x>0.555</x>
      <y>0.5233333</y>
      <w>0.06549364</w>
      <t>5934</t>
    </point>
    <point>
      <x>0.55833334</x>
      <y>0.51666665</y>
      <w>0.06549364</w>
      <t>5934</t>
    </point>
    <point>
      <x>0.56166667</x>
      <y>0.51</y>
      <w>0.06549364</w>
      <t>5934</t>
    </point>
    <point>
      <x>0.56666666</x>
      <y>0.50333333</y>
      <w>0.06549364</w>
      <t>5934</t>
    </point>
    <point>
      <x>0.57</x>
      <y>0.49666667</y>
      <w>0.2228739</w>
      <t>5967</t>
    </point>
    <point>
      <x>0.575</x>
      <y>0.49</y>
      <w>0.2228739</w>
      <t>5967</t>
    </point>
    <point>
      <x>0.58</x>
      <y>0.48333332</y>
      <w>0.2228739</w>
      <t>5967</t>
    </point>
    <point>
      <x>0.585</x>
      <y>0.47833332</y>
      <w>0.2228739</w>
      <t>5967</t>
    </point>
    <point>
      <x>0.59</x>
      <y>0.47166666</y>
      <w>0.26979473</w>
      <t>6001</t>
    </point>
    <point>
      <x>0.5966667</x>
      <y>0.465</y>
      <w>0.26979473</w>
      <t>6001</t>
    </point>
    <point>
      <x>0.605</x>
      <y>0.45833334</y>
      <w>0.26979473</w>
      <t>6001</t>
    </point>
    <point>
      <x>0.61333334</x>
      <y>0.45166665</y>
      <w>0.26979473</w>
      <t>6001</t>
    </point>
    <point>
      <x>0.62166667</x>
      <y>0.445</y>
      <w>0.26979473</w>
      <t>6001</t>
    </point>
    <point>
      <x>0.63</x>
      <y>0.43833333</y>
      <w>0.29912025</w>
      <t>6033</t>
    </point>
    <point>
      <x>0.6383333</x>
      <y>0.43333334</y>
      <w>0.29912025</w>
      <t>6033</t>
    </point>
    <point>
      <x>0.64666665</x>
      <y>0.42833334</y>
      <w>0.29912025</w>
      <t>6033</t>
    </point>
    <point>
      <x>0.655</x>
      <y>0.42333335</y>
      <w>0.29912025</w>
      <t>6033</t>
    </point>
    <point>
      <x>0.66333336</x>
      <y>0.42</y>
      <w>0.3773216</w>
      <t>6067</t>
    </point>
    <point>
      <x>0.67333335</x>
      <y>0.415</y>
      <w>0.3773216</w>
      <t>6067</t>
    </point>
    <point>
      <x>0.68</x>
      <y>0.41166666</y>
      <w>0.3773216</w>
      <t>6067</t>
    </point>
    <point>
      <x>0.68833333</x>
      <y>0.41</y>
      <w>0.3773216</w>
      <t>6067</t>
    </point>
    <point>
      <x>0.695</x>
      <y>0.40833333</y>
      <w>0.42619747</w>
      <t>6101</t>
    </point>
    <point>
      <x>0.70166665</x>
      <y>0.40666667</y>
      <w>0.42619747</w>
      <t>6101</t>
    </point>
    <point>
      <x>0.70666665</x>
      <y>0.405</y>
      <w>0.42619747</w>
      <t>6101</t>
    </point>
    <point>
      <x>0.7133333</x>
      <y>0.405</y>
      <w>0.42619747</w>
      <t>6101</t>
    </point>
    <point>
      <x>0.71666664</x>
      <y>0.405</y>
      <w>0.42619747</w>
      <t>6101</t>
    </point>
    <point>
      <x>0.72</x>
      <y>0.405</y>
      <w>0.5356794</w>
      <t>6134</t>
    </point>
    <point>
      <x>0.7216667</x>
      <y>0.405</y>
      <w>0.5356794</w>
      <t>6134</t>
    </point>
    <point>
      <x>0.72333336</x>
      <y>0.40666667</y>
      <w>0.5356794</w>
      <t>6134</t>
    </point>
    <point>
      <x>0.725</x>
      <y>0.40666667</y>
      <w>0.5356794</w>
      <t>6134</t>
    </point>
    <point>
      <x>0.725</x>
      <y>0.40833333</y>
      <w>0.58064514</w>
      <t>6167</t>
    </point>
    <point>
      <x>0.725</x>
      <y>0.41</y>
      <w>0.58064514</w>
      <t>6167</t>
    </point>
    <point>
      <x>0.725</x>
      <y>0.41166666</y>
      <w>0.58064514</w>
      <t>6167</t>
    </point>
    <point>
      <x>0.725</x>
      <y>0.415</y>
      <w>0.58064514</w>
      <t>6167</t>
    </point>
    <point>
      <x>0.725</x>
      <y>0.41833332</y>
      <w>0.6568915</w>
      <t>6201</t>
    </point>
    <point>
      <x>0.72333336</x>
      <y>0.42166665</y>
      <w>0.6568915</w>
      <t>6201</t>
    </point>
    <point>
      <x>0.72</x>
      <y>0.425</y>
      <w>0.6568915</w>
      <t>6201</t>
    </point>
    <point>
      <x>0.7183333</x>
      <y>0.43</y>
      <w>0.6568915</w>
      <t>6201</t>
    </point>
    <point>
      <x>0.71666664</x>
      <y>0.43333334</y>
      <w>0.72043014</w>
      <t>6233</t>
    </point>
    <point>
      <x>0.7133333</x>
      <y>0.43666667</y>
      <w>0.72043014</w>
      <t>6233</t>
    </point>
    <point>
      <x>0.71166664</x>
      <y>0.44</y>
      <w>0.72043014</w>
      <t>6233</t>
    </point>
    <point>
      <x>0.71</x>
      <y>0.44333333</y>
      <w>0.72043014</w>
      <t>6233</t>
    </point>
    <point>
      <x>0.70666665</x>
      <y>0.44666666</y>
      <w>0.72043014</w>
      <t>6233</t>
    </point>
    <point>
      <x>0.7033333</x>
      <y>0.45</y>
      <w>0.742913</w>
      <t>6268</t>
    </point>
    <point>
      <x>0.70166665</x>
      <y>0.45333335</y>
      <w>0.742913</w>
      <t>6268</t>
    </point>
    <point>
      <x>0.6983333</x>
      <y>0.45666668</y>
      <w>0.742913</w>
      <t>6268</t>
    </point>
    <point>
      <x>0.6933333</x>
      <y>0.46166667</y>
      <w>0.742913</w>
      <t>6268</t>
    </point>
    <point>
      <x>0.69</x>
      <y>0.465</y>
      <w>0.77517104</w>
      <t>6301</t>
    </point>
    <point>
      <x>0.68666667</x>
      <y>0.47</y>
      <w>0.77517104</w>
      <t>6301</t>
    </point>
    <point>
      <x>0.6816667</x>
      <y>0.475</y>
      <w>0.77517104</w>
      <t>6301</t>
    </point>
    <point>
      <x>0.6766667</x>
      <y>0.48</y>
      <w>0.77517104</w>
      <t>6301</t>
    </point>
    <point>
      <x>0.6716667</x>
      <y>0.485</y>
      <w>0.77517104</w>
      <t>6301</t>
    </point>
    <point>
      <x>0.6666667</x>
      <y>0.49166667</y>
      <w>0.7937439</w>
      <t>6334</t>
    </point>
    <point>
      <x>0.66</x>
      <y>0.49833333</y>
      <w>0.7937439</w>
      <t>6334</t>
    </point>
    <point>
      <x>0.6533333</x>
      <y>0.50333333</y>
      <w>0.7937439</w>
      <t>6334</t>
    </point>
    <point>
      <x>0.6483333</x>
      <y>0.51</y>
      <w>0.7937439</w>
      <t>6334</t>
    </point>
    <point>
      <x>0.64166665</x>
      <y>0.51666665</y>
      <w>0.8044966</w>
      <t>6367</t>
    </point>
    <point>
      <x>0.635</x>
      <y>0.5233333</y>
      <w>0.8044966</w>
      <t>6367</t>
    </point>
    <point>
      <x>0.63</x>
      <y>0.53</y>
      <w>0.8044966</w>
      <t>6367</t>
    </point>
    <point>
      <x>0.625</x>
      <y>0.5366667</y>
      <w>0.8044966</w>
      <t>6367</t>
    </point>
    <point>
      <x>0.62</x>
      <y>0.54333335</y>
      <w>0.80938417</w>
      <t>6401</t>
    </point>
    <point>
      <x>0.6166667</x>
      <y>0.54833335</y>
      <w>0.80938417</w>
      <t>6401</t>
    </point>
    <point>
      <x>0.6116667</x>
      <y>0.55333334</y>
      <w>0.80938417</w>
      <t>6401</t>
    </point>
    <point>
      <x>0.60833335</x>
      <y>0.55833334</y>
      <w>0.80938417</w>
      <t>6401</t>
    </point>
    <point>
      <x>0.6066667</x>
      <y>0.56333333</y>
      <w>0.80938417</w>
      <t>6401</t>
    </point>
    <point>
      <x>0.605</x>
      <y>0.56666666</y>
      <w>0.81329423</w>
      <t>6434</t>
    </point>
    <point>
      <x>0.60333335</x>
      <y>0.57</y>
      <w>0.81329423</w>
      <t>6434</t>
    </point>
    <point>
      <x>0.60333335</x>
      <y>0.57166666</y>
      <w>0.81329423</w>
      <t>6434</t>
    </point>
    <point>
      <x>0.6016667</x>
      <y>0.57166666</y>
      <w>0.81329423</w>
      <t>6434</t>
    </point>
    <point>
      <x>0.6016667</x>
      <y>0.5733333</y>
      <w>0.8123167</w>
      <t>6468</t>
    </point>
    <point>
      <x>0.60333335</x>
      <y>0.5733333</y>
      <w>0.80742913</w>
      <t>6500</t>
    </point>
    <point>
      <x>0.605</x>
      <y>0.575</y>
      <w>0.79667646</w>
      <t>6534</t>
    </point>
    <point>
      <x>0.6066667</x>
      <y>0.575</y>
      <w>0.79667646</w>
      <t>6534</t>
    </point>
    <point>
      <x>0.61</x>
      <y>0.575</y>
      <w>0.79667646</w>
      <t>6534</t>
    </point>
    <point>
      <x>0.6116667</x>
      <y>0.575</y>
      <w>0.79667646</w>
      <t>6534</t>
    </point>
    <point>
      <x>0.615</x>
      <y>0.575</y>
      <w>0.79667646</w>
      <t>6534</t>
    </point>
    <point>
      <x>0.62</x>
      <y>0.575</y>
      <w>0.79081136</w>
      <t>6568</t>
    </point>
    <point>
      <x>0.62333333</x>
      <y>0.575</y>
      <w>0.79081136</w>
      <t>6568</t>
    </point>
    <point>
      <x>0.62666667</x>
      <y>0.575</y>
      <w>0.79081136</w>
      <t>6568</t>
    </point>
    <point>
      <x>0.63166666</x>
      <y>0.575</y>
      <w>0.79081136</w>
      <t>6568</t>
    </point>
    <point>
      <x>0.63666666</x>
      <y>0.575</y>
      <w>0.79081136</w>
      <t>6600</t>
    </point>
    <point>
      <x>0.64</x>
      <y>0.57666665</y>
      <w>0.79081136</w>
      <t>6600</t>
    </point>
    <point>
      <x>0.645</x>
      <y>0.57666665</y>
      <w>0.79081136</w>
      <t>6600</t>
    </point>
    <point>
      <x>0.65</x>
      <y>0.57666665</y>
      <w>0.79081136</w>
      <t>6600</t>
    </point>
    <point>
      <x>0.655</x>
      <y>0.5783333</y>
      <w>0.79081136</w>
      <t>6634</t>
    </point>
    <point>
      <x>0.66</x>
      <y>0.58</y>
      <w>0.79081136</w>
      <t>6634</t>
    </point>
    <point>
      <x>0.6666667</x>
      <y>0.58</y>
      <w>0.79081136</w>
      <t>6634</t>
    </point>
    <point>
      <x>0.6716667</x>
      <y>0.58166665</y>
      <w>0.79081136</w>
      <t>6634</t>
    </point>
    <point>
      <x>0.6766667</x>
      <y>0.58166665</y>
      <w>0.79081136</w>
      <t>6634</t>
    </point>
    <point>
      <x>0.6816667</x>
      <y>0.5833333</y>
      <w>0.7937439</w>
      <t>6667</t>
    </point>
    <point>
      <x>0.68666667</x>
      <y>0.585</y>
      <w>0.7937439</w>
      <t>6667</t>
    </point>
    <point>
      <x>0.6933333</x>
      <y>0.585</y>
      <w>0.7937439</w>
      <t>6667</t>
    </point>
    <point>
      <x>0.6983333</x>
      <y>0.58666664</y>
      <w>0.7937439</w>
      <t>6667</t>
    </point>
    <point>
      <x>0.7033333</x>
      <y>0.5883333</y>
      <w>0.79569894</w>
      <t>6701</t>
    </point>
    <point>
      <x>0.7083333</x>
      <y>0.59</y>
      <w>0.79569894</w>
      <t>6701</t>
    </point>
    <point>
      <x>0.715</x>
      <y>0.59</y>
      <w>0.79569894</w>
      <t>6701</t>
    </point>
    <point>
      <x>0.72</x>
      <y>0.59166664</y>
      <w>0.79569894</w>
      <t>6701</t>
    </point>
    <point>
      <x>0.72333336</x>
      <y>0.5933333</y>
      <w>0.79569894</w>
      <t>6701</t>
    </point>
    <point>
      <x>0.72833335</x>
      <y>0.595</y>
      <w>0.7937439</w>
      <t>6734</t>
    </point>
    <point>
      <x>0.7316667</x>
      <y>0.5966667</y>
      <w>0.7937439</w>
      <t>6734</t>
    </point>
    <point>
      <x>0.735</x>
      <y>0.59833336</y>
      <w>0.7937439</w>
      <t>6734</t>
    </point>
    <point>
      <x>0.73833334</x>
      <y>0.59833336</y>
      <w>0.7937439</w>
      <t>6734</t>
    </point>
    <point>
      <x>0.7416667</x>
      <y>0.6</y>
      <w>0.7927664</w>
      <t>6767</t>
    </point>
    <point>
      <x>0.74333334</x>
      <y>0.6016667</y>
      <w>0.7927664</w>
      <t>6767</t>
    </point>
    <point>
      <x>0.74666667</x>
      <y>0.6016667</y>
      <w>0.7927664</w>
      <t>6767</t>
    </point>
    <point>
      <x>0.74833333</x>
      <y>0.60333335</y>
      <w>0.7927664</w>
      <t>6767</t>
    </point>
    <point>
      <x>0.75</x>
      <y>0.60333335</y>
      <w>0.7927664</w>
      <t>6767</t>
    </point>
    <point>
      <x>0.75166667</x>
      <y>0.605</y>
      <w>0.7771261</w>
      <t>6801</t>
    </point>
    <point>
      <x>0.75333333</x>
      <y>0.605</y>
      <w>0.7771261</w>
      <t>6801</t>
    </point>
    <point>
      <x>0.75166667</x>
      <y>0.6066667</y>
      <w>0.73998046</w>
      <t>6833</t>
    </point>
    <point>
      <x>0.75</x>
      <y>0.6066667</y>
      <w>0.22873901</w>
      <t>6867</t>
    </point>
  </stroke>
</character>
