<?xml version="1.0" encoding="UTF-8"?>
<character>
  <stroke time="0">
    <point>
      <x>0.24</x>
      <y>0.275</y>
      <w>0.42130986</w>
      <t>137</t>
    </point>
    <point>
      <x>0.24</x>
      <y>0.27666667</y>
      <w>0.49364614</w>
      <t>167</t>
    </point>
    <point>
      <x>0.24166666</x>
      <y>0.27666667</y>
      <w>0.49364614</w>
      <t>167</t>
    </point>
    <point>
      <x>0.24166666</x>
      <y>0.27833334</y>
      <w>0.49364614</w>
      <t>167</t>
    </point>
    <point>
      <x>0.24333334</x>
      <y>0.27833334</y>
      <w>0.49364614</w>
      <t>168</t>
    </point>
    <point>
      <x>0.24333334</x>
      <y>0.28</y>
      <w>0.49364614</w>
      <t>168</t>
    </point>
    <point>
      <x>0.245</x>
      <y>0.28</y>
      <w>0.542522</w>
      <t>201</t>
    </point>
    <point>
      <x>0.245</x>
      <y>0.28166667</y>
      <w>0.5718475</w>
      <t>234</t>
    </point>
    <point>
      <x>0.245</x>
      <y>0.28333333</y>
      <w>0.59530795</w>
      <t>267</t>
    </point>
    <point>
      <x>0.245</x>
      <y>0.285</y>
      <w>0.62561095</w>
      <t>300</t>
    </point>
    <point>
      <x>0.245</x>
      <y>0.28666666</y>
      <w>0.62561095</w>
      <t>300</t>
    </point>
    <point>
      <x>0.24666667</x>
      <y>0.28833333</y>
      <w>0.62561095</w>
      <t>300</t>
    </point>
    <point>
      <x>0.24666667</x>
      <y>0.29</y>
      <w>0.629521</w>
      <t>329</t>
    </point>
    <point>
      <x>0.24666667</x>
      <y>0.29166666</y>
      <w>0.629521</w>
      <t>329</t>
    </point>
    <point>
      <x>0.24666667</x>
      <y>0.29333332</y>
      <w>0.629521</w>
      <t>329</t>
    </point>
    <point>
      <x>0.24666667</x>
      <y>0.295</y>
      <w>0.629521</w>
      <t>330</t>
    </point>
    <point>
      <x>0.24666667</x>
      <y>0.29833335</y>
      <w>0.63831866</w>
      <t>367</t>
    </point>
    <point>
      <x>0.24666667</x>
      <y>0.30166668</y>
      <w>0.63831866</w>
      <t>367</t>
    </point>
    <point>
      <x>0.24666667</x>
      <y>0.30333334</y>
      <w>0.63831866</w>
      <t>367</t>
    </point>
    <point>
      <x>0.24666667</x>
      <y>0.30666667</y>
      <w>0.63831866</w>
      <t>368</t>
    </point>
    <point>
      <x>0.24666667</x>
      <y>0.31</y>
      <w>0.63831866</w>
      <t>369</t>
    </point>
    <point>
      <x>0.24666667</x>
      <y>0.31333333</y>
      <w>0.63831866</w>
      <t>370</t>
    </point>
    <point>
      <x>0.24666667</x>
      <y>0.315</y>
      <w>0.5259042</w>
      <t>400</t>
    </point>
    <point>
      <x>0.24666667</x>
      <y>0.31833333</y>
      <w>0.5259042</w>
      <t>400</t>
    </point>
    <point>
      <x>0.245</x>
      <y>0.32166666</y>
      <w>0.5259042</w>
      <t>400</t>
    </point>
    <point>
      <x>0.245</x>
      <y>0.325</y>
      <w>0.5259042</w>
      <t>401</t>
    </point>
    <point>
      <x>0.245</x>
      <y>0.32833335</y>
      <w>0.0</w>
      <t>434</t>
    </point>
    <point>
      <x>0.245</x>
      <y>0.33166668</y>
      <w>0.0</w>
      <t>434</t>
    </point>
  </stroke>
  <stroke time="834">
    <point>
      <x>0.22166666</x>
      <y>0.38833332</y>
      <w>0.19354838</w>
      <t>867</t>
    </point>
    <point>
      <x>0.22166666</x>
      <y>0.39</y>
      <w>0.19354838</w>
      <t>867</t>
    </point>
    <point>
      <x>0.22333333</x>
      <y>0.39</y>
      <w>0.19354838</w>
      <t>867</t>
    </point>
    <point>
      <x>0.22333333</x>
      <y>0.39166668</y>
      <w>0.23949169</w>
      <t>900</t>
    </point>
    <point>
      <x>0.225</x>
      <y>0.39166668</y>
      <w>0.23949169</w>
      <t>900</t>
    </point>
    <point>
      <x>0.225</x>
      <y>0.39333335</y>
      <w>0.23949169</w>
      <t>900</t>
    </point>
    <point>
      <x>0.22666667</x>
      <y>0.395</y>
      <w>0.28152493</w>
      <t>933</t>
    </point>
    <point>
      <x>0.22833334</x>
      <y>0.395</y>
      <w>0.28152493</w>
      <t>933</t>
    </point>
    <point>
      <x>0.22833334</x>
      <y>0.39666668</y>
      <w>0.28152493</w>
      <t>933</t>
    </point>
    <point>
      <x>0.23</x>
      <y>0.39666668</y>
      <w>0.28152493</w>
      <t>934</t>
    </point>
    <point>
      <x>0.23166667</x>
      <y>0.39666668</y>
      <w>0.29716522</w>
      <t>967</t>
    </point>
    <point>
      <x>0.23333333</x>
      <y>0.39666668</y>
      <w>0.29716522</w>
      <t>967</t>
    </point>
    <point>
      <x>0.235</x>
      <y>0.39666668</y>
      <w>0.29716522</w>
      <t>967</t>
    </point>
    <point>
      <x>0.23666666</x>
      <y>0.39833334</y>
      <w>0.29716522</w>
      <t>968</t>
    </point>
    <point>
      <x>0.23833333</x>
      <y>0.39833334</y>
      <w>0.30987293</w>
      <t>1000</t>
    </point>
    <point>
      <x>0.24</x>
      <y>0.39833334</y>
      <w>0.30987293</w>
      <t>1000</t>
    </point>
    <point>
      <x>0.24166666</x>
      <y>0.39833334</y>
      <w>0.30987293</w>
      <t>1000</t>
    </point>
    <point>
      <x>0.24333334</x>
      <y>0.39833334</y>
      <w>0.30987293</w>
      <t>1001</t>
    </point>
    <point>
      <x>0.245</x>
      <y>0.39833334</y>
      <w>0.30987293</w>
      <t>1001</t>
    </point>
    <point>
      <x>0.24666667</x>
      <y>0.39833334</y>
      <w>0.31671554</w>
      <t>1034</t>
    </point>
    <point>
      <x>0.24833333</x>
      <y>0.39833334</y>
      <w>0.31671554</w>
      <t>1034</t>
    </point>
    <point>
      <x>0.25</x>
      <y>0.39833334</y>
      <w>0.31671554</w>
      <t>1034</t>
    </point>
    <point>
      <x>0.25166667</x>
      <y>0.39833334</y>
      <w>0.31671554</w>
      <t>1034</t>
    </point>
    <point>
      <x>0.25333333</x>
      <y>0.39833334</y>
      <w>0.3313783</w>
      <t>1067</t>
    </point>
    <point>
      <x>0.25666666</x>
      <y>0.39833334</y>
      <w>0.3313783</w>
      <t>1067</t>
    </point>
    <point>
      <x>0.25833333</x>
      <y>0.39833334</y>
      <w>0.3313783</w>
      <t>1067</t>
    </point>
    <point>
      <x>0.26</x>
      <y>0.39833334</y>
      <w>0.3313783</w>
      <t>1067</t>
    </point>
    <point>
      <x>0.26166666</x>
      <y>0.39833334</y>
      <w>0.3313783</w>
      <t>1068</t>
    </point>
    <point>
      <x>0.26333332</x>
      <y>0.4</y>
      <w>0.3489736</w>
      <t>1100</t>
    </point>
    <point>
      <x>0.26666668</x>
      <y>0.4</y>
      <w>0.3489736</w>
      <t>1100</t>
    </point>
    <point>
      <x>0.26833335</x>
      <y>0.4</y>
      <w>0.3489736</w>
      <t>1100</t>
    </point>
    <point>
      <x>0.27166668</x>
      <y>0.40166667</y>
      <w>0.3489736</w>
      <t>1100</t>
    </point>
    <point>
      <x>0.275</x>
      <y>0.40166667</y>
      <w>0.3714565</w>
      <t>1134</t>
    </point>
    <point>
      <x>0.27666667</x>
      <y>0.40166667</y>
      <w>0.3714565</w>
      <t>1134</t>
    </point>
    <point>
      <x>0.27833334</x>
      <y>0.40333334</y>
      <w>0.3714565</w>
      <t>1134</t>
    </point>
    <point>
      <x>0.28166667</x>
      <y>0.40333334</y>
      <w>0.3714565</w>
      <t>1134</t>
    </point>
    <point>
      <x>0.28333333</x>
      <y>0.405</y>
      <w>0.41348973</w>
      <t>1167</t>
    </point>
    <point>
      <x>0.285</x>
      <y>0.40666667</y>
      <w>0.41348973</w>
      <t>1167</t>
    </point>
    <point>
      <x>0.28666666</x>
      <y>0.40666667</y>
      <w>0.41348973</w>
      <t>1167</t>
    </point>
    <point>
      <x>0.28833333</x>
      <y>0.40833333</y>
      <w>0.41348973</w>
      <t>1168</t>
    </point>
    <point>
      <x>0.29</x>
      <y>0.41166666</y>
      <w>0.41348973</w>
      <t>1168</t>
    </point>
    <point>
      <x>0.29166666</x>
      <y>0.41333333</y>
      <w>0.46725318</w>
      <t>1200</t>
    </point>
    <point>
      <x>0.29333332</x>
      <y>0.41666666</y>
      <w>0.46725318</w>
      <t>1200</t>
    </point>
    <point>
      <x>0.295</x>
      <y>0.42</y>
      <w>0.46725318</w>
      <t>1200</t>
    </point>
    <point>
      <x>0.29666665</x>
      <y>0.42333335</y>
      <w>0.46725318</w>
      <t>1200</t>
    </point>
    <point>
      <x>0.29833335</x>
      <y>0.42666668</y>
      <w>0.4916911</w>
      <t>1234</t>
    </point>
    <point>
      <x>0.3</x>
      <y>0.43166667</y>
      <w>0.4916911</w>
      <t>1234</t>
    </point>
    <point>
      <x>0.30166668</x>
      <y>0.435</y>
      <w>0.4916911</w>
      <t>1234</t>
    </point>
    <point>
      <x>0.30166668</x>
      <y>0.43833333</y>
      <w>0.4916911</w>
      <t>1234</t>
    </point>
    <point>
      <x>0.30333334</x>
      <y>0.44166666</y>
      <w>0.4916911</w>
      <t>1235</t>
    </point>
    <point>
      <x>0.305</x>
      <y>0.44666666</y>
      <w>0.5034213</w>
      <t>1267</t>
    </point>
    <point>
      <x>0.30666667</x>
      <y>0.45</y>
      <w>0.5034213</w>
      <t>1269</t>
    </point>
    <point>
      <x>0.30666667</x>
      <y>0.45333335</y>
      <w>0.5034213</w>
      <t>1269</t>
    </point>
    <point>
      <x>0.30833334</x>
      <y>0.45833334</y>
      <w>0.5034213</w>
      <t>1269</t>
    </point>
    <point>
      <x>0.30833334</x>
      <y>0.46333334</y>
      <w>0.51808405</w>
      <t>1301</t>
    </point>
    <point>
      <x>0.31</x>
      <y>0.46833333</y>
      <w>0.51808405</w>
      <t>1301</t>
    </point>
    <point>
      <x>0.31</x>
      <y>0.47333333</y>
      <w>0.51808405</w>
      <t>1302</t>
    </point>
    <point>
      <x>0.31166667</x>
      <y>0.48</y>
      <w>0.51808405</w>
      <t>1302</t>
    </point>
    <point>
      <x>0.31166667</x>
      <y>0.485</y>
      <w>0.51808405</w>
      <t>1302</t>
    </point>
    <point>
      <x>0.31166667</x>
      <y>0.49</y>
      <w>0.5288367</w>
      <t>1334</t>
    </point>
    <point>
      <x>0.31333333</x>
      <y>0.495</y>
      <w>0.5288367</w>
      <t>1334</t>
    </point>
    <point>
      <x>0.31333333</x>
      <y>0.5</y>
      <w>0.5288367</w>
      <t>1334</t>
    </point>
    <point>
      <x>0.31333333</x>
      <y>0.505</y>
      <w>0.5288367</w>
      <t>1334</t>
    </point>
    <point>
      <x>0.31333333</x>
      <y>0.51</y>
      <w>0.5356794</w>
      <t>1367</t>
    </point>
    <point>
      <x>0.315</x>
      <y>0.515</y>
      <w>0.5356794</w>
      <t>1367</t>
    </point>
    <point>
      <x>0.315</x>
      <y>0.52</y>
      <w>0.5356794</w>
      <t>1367</t>
    </point>
    <point>
      <x>0.31666666</x>
      <y>0.5233333</y>
      <w>0.5356794</w>
      <t>1368</t>
    </point>
    <point>
      <x>0.31666666</x>
      <y>0.5283333</y>
      <w>0.5356794</w>
      <t>1368</t>
    </point>
    <point>
      <x>0.31833333</x>
      <y>0.53333336</y>
      <w>0.53861195</w>
      <t>1400</t>
    </point>
    <point>
      <x>0.31833333</x>
      <y>0.53833336</y>
      <w>0.53861195</w>
      <t>1400</t>
    </point>
    <point>
      <x>0.31833333</x>
      <y>0.54333335</y>
      <w>0.53861195</w>
      <t>1400</t>
    </point>
    <point>
      <x>0.31833333</x>
      <y>0.54833335</y>
      <w>0.53861195</w>
      <t>1400</t>
    </point>
    <point>
      <x>0.31833333</x>
      <y>0.55333334</y>
      <w>0.53958946</w>
      <t>1434</t>
    </point>
    <point>
      <x>0.31833333</x>
      <y>0.55833334</y>
      <w>0.53958946</w>
      <t>1434</t>
    </point>
    <point>
      <x>0.31833333</x>
      <y>0.56333333</y>
      <w>0.53958946</w>
      <t>1434</t>
    </point>
    <point>
      <x>0.31833333</x>
      <y>0.5683333</y>
      <w>0.53958946</w>
      <t>1434</t>
    </point>
    <point>
      <x>0.31833333</x>
      <y>0.5733333</y>
      <w>0.5415445</w>
      <t>1468</t>
    </point>
    <point>
      <x>0.31833333</x>
      <y>0.5783333</y>
      <w>0.5415445</w>
      <t>1468</t>
    </point>
    <point>
      <x>0.31833333</x>
      <y>0.5833333</y>
      <w>0.5415445</w>
      <t>1468</t>
    </point>
    <point>
      <x>0.31666666</x>
      <y>0.58666664</y>
      <w>0.5415445</w>
      <t>1468</t>
    </point>
    <point>
      <x>0.31666666</x>
      <y>0.59</y>
      <w>0.5415445</w>
      <t>1469</t>
    </point>
    <point>
      <x>0.31666666</x>
      <y>0.5933333</y>
      <w>0.542522</w>
      <t>1501</t>
    </point>
    <point>
      <x>0.315</x>
      <y>0.5966667</y>
      <w>0.542522</w>
      <t>1501</t>
    </point>
    <point>
      <x>0.315</x>
      <y>0.6</y>
      <w>0.542522</w>
      <t>1501</t>
    </point>
    <point>
      <x>0.31333333</x>
      <y>0.60333335</y>
      <w>0.542522</w>
      <t>1501</t>
    </point>
    <point>
      <x>0.31333333</x>
      <y>0.605</y>
      <w>0.542522</w>
      <t>1501</t>
    </point>
    <point>
      <x>0.31333333</x>
      <y>0.6066667</y>
      <w>0.5083089</w>
      <t>1534</t>
    </point>
    <point>
      <x>0.31166667</x>
      <y>0.60833335</y>
      <w>0.5083089</w>
      <t>1534</t>
    </point>
    <point>
      <x>0.31</x>
      <y>0.61</y>
      <w>0.5083089</w>
      <t>1534</t>
    </point>
    <point>
      <x>0.31</x>
      <y>0.6116667</y>
      <w>0.5083089</w>
      <t>1534</t>
    </point>
    <point>
      <x>0.30833334</x>
      <y>0.61333334</y>
      <w>0.45943305</w>
      <t>1567</t>
    </point>
    <point>
      <x>0.30666667</x>
      <y>0.615</y>
      <w>0.45943305</w>
      <t>1567</t>
    </point>
    <point>
      <x>0.305</x>
      <y>0.6166667</y>
      <w>0.45943305</w>
      <t>1567</t>
    </point>
    <point>
      <x>0.30333334</x>
      <y>0.61833334</y>
      <w>0.45943305</w>
      <t>1567</t>
    </point>
    <point>
      <x>0.30166668</x>
      <y>0.61833334</y>
      <w>0.43010753</w>
      <t>1601</t>
    </point>
    <point>
      <x>0.3</x>
      <y>0.61833334</y>
      <w>0.43010753</w>
      <t>1601</t>
    </point>
    <point>
      <x>0.3</x>
      <y>0.62</y>
      <w>0.43010753</w>
      <t>1601</t>
    </point>
    <point>
      <x>0.29833335</x>
      <y>0.62</y>
      <w>0.43010753</w>
      <t>1602</t>
    </point>
    <point>
      <x>0.295</x>
      <y>0.62</y>
      <w>0.43010753</w>
      <t>1602</t>
    </point>
    <point>
      <x>0.29333332</x>
      <y>0.62</y>
      <w>0.39589444</w>
      <t>1634</t>
    </point>
    <point>
      <x>0.29</x>
      <y>0.61833334</y>
      <w>0.39589444</w>
      <t>1634</t>
    </point>
    <point>
      <x>0.28666666</x>
      <y>0.61833334</y>
      <w>0.39589444</w>
      <t>1634</t>
    </point>
    <point>
      <x>0.285</x>
      <y>0.6166667</y>
      <w>0.39589444</w>
      <t>1634</t>
    </point>
    <point>
      <x>0.28166667</x>
      <y>0.615</y>
      <w>0.3313783</w>
      <t>1667</t>
    </point>
    <point>
      <x>0.27833334</x>
      <y>0.61333334</y>
      <w>0.3313783</w>
      <t>1667</t>
    </point>
    <point>
      <x>0.27666667</x>
      <y>0.6116667</y>
      <w>0.3313783</w>
      <t>1667</t>
    </point>
    <point>
      <x>0.27333334</x>
      <y>0.61</y>
      <w>0.3313783</w>
      <t>1667</t>
    </point>
    <point>
      <x>0.27166668</x>
      <y>0.60833335</y>
      <w>0.3313783</w>
      <t>1667</t>
    </point>
    <point>
      <x>0.27</x>
      <y>0.6066667</y>
      <w>0.3206256</w>
      <t>1702</t>
    </point>
    <point>
      <x>0.26666668</x>
      <y>0.60333335</y>
      <w>0.3206256</w>
      <t>1702</t>
    </point>
    <point>
      <x>0.265</x>
      <y>0.6016667</y>
      <w>0.3206256</w>
      <t>1702</t>
    </point>
    <point>
      <x>0.26166666</x>
      <y>0.6</y>
      <w>0.3206256</w>
      <t>1702</t>
    </point>
    <point>
      <x>0.26</x>
      <y>0.59833336</y>
      <w>0.28152493</w>
      <t>1734</t>
    </point>
    <point>
      <x>0.25833333</x>
      <y>0.595</y>
      <w>0.28152493</w>
      <t>1734</t>
    </point>
    <point>
      <x>0.25666666</x>
      <y>0.5933333</y>
      <w>0.28152493</w>
      <t>1734</t>
    </point>
    <point>
      <x>0.255</x>
      <y>0.59166664</y>
      <w>0.28152493</w>
      <t>1734</t>
    </point>
    <point>
      <x>0.25333333</x>
      <y>0.59</y>
      <w>0.2629521</w>
      <t>1767</t>
    </point>
    <point>
      <x>0.25166667</x>
      <y>0.5883333</y>
      <w>0.2629521</w>
      <t>1767</t>
    </point>
    <point>
      <x>0.25166667</x>
      <y>0.58666664</y>
      <w>0.2629521</w>
      <t>1767</t>
    </point>
    <point>
      <x>0.25</x>
      <y>0.585</y>
      <w>0.2629521</w>
      <t>1767</t>
    </point>
    <point>
      <x>0.25</x>
      <y>0.5833333</y>
      <w>0.2629521</w>
      <t>1767</t>
    </point>
    <point>
      <x>0.24833333</x>
      <y>0.5833333</y>
      <w>0.2580645</w>
      <t>1801</t>
    </point>
    <point>
      <x>0.24833333</x>
      <y>0.58166665</y>
      <w>0.2580645</w>
      <t>1801</t>
    </point>
    <point>
      <x>0.24666667</x>
      <y>0.58</y>
      <w>0.2580645</w>
      <t>1801</t>
    </point>
    <point>
      <x>0.24666667</x>
      <y>0.57666665</y>
      <w>0.2580645</w>
      <t>1801</t>
    </point>
    <point>
      <x>0.24666667</x>
      <y>0.575</y>
      <w>0.2580645</w>
      <t>1801</t>
    </point>
    <point>
      <x>0.24666667</x>
      <y>0.57166666</y>
      <w>0.22873901</w>
      <t>1834</t>
    </point>
    <point>
      <x>0.24666667</x>
      <y>0.57</y>
      <w>0.22873901</w>
      <t>1834</t>
    </point>
    <point>
      <x>0.24666667</x>
      <y>0.56666666</y>
      <w>0.22873901</w>
      <t>1834</t>
    </point>
    <point>
      <x>0.24833333</x>
      <y>0.56333333</y>
      <w>0.22873901</w>
      <t>1834</t>
    </point>
    <point>
      <x>0.24833333</x>
      <y>0.56</y>
      <w>0.19354838</w>
      <t>1868</t>
    </point>
    <point>
      <x>0.25</x>
      <y>0.5566667</y>
      <w>0.19354838</w>
      <t>1868</t>
    </point>
    <point>
      <x>0.25166667</x>
      <y>0.55333334</y>
      <w>0.19354838</w>
      <t>1868</t>
    </point>
    <point>
      <x>0.25333333</x>
      <y>0.55</y>
      <w>0.19354838</w>
      <t>1868</t>
    </point>
    <point>
      <x>0.25666666</x>
      <y>0.5466667</y>
      <w>0.21309873</w>
      <t>1901</t>
    </point>
    <point>
      <x>0.25833333</x>
      <y>0.5416667</y>
      <w>0.21309873</w>
      <t>1901</t>
    </point>
    <point>
      <x>0.26333332</x>
      <y>0.5366667</y>
      <w>0.21309873</w>
      <t>1901</t>
    </point>
    <point>
      <x>0.26666668</x>
      <y>0.5316667</y>
      <w>0.21309873</w>
      <t>1901</t>
    </point>
    <point>
      <x>0.27333334</x>
      <y>0.525</y>
      <w>0.21309873</w>
      <t>1901</t>
    </point>
    <point>
      <x>0.28</x>
      <y>0.5183333</y>
      <w>0.26979473</w>
      <t>1934</t>
    </point>
    <point>
      <x>0.28666666</x>
      <y>0.51166666</y>
      <w>0.26979473</w>
      <t>1934</t>
    </point>
    <point>
      <x>0.29333332</x>
      <y>0.505</y>
      <w>0.26979473</w>
      <t>1934</t>
    </point>
    <point>
      <x>0.30166668</x>
      <y>0.49666667</y>
      <w>0.26979473</w>
      <t>1934</t>
    </point>
    <point>
      <x>0.30833334</x>
      <y>0.49</y>
      <w>0.30107528</w>
      <t>1968</t>
    </point>
    <point>
      <x>0.31666666</x>
      <y>0.48166665</y>
      <w>0.30107528</w>
      <t>1968</t>
    </point>
    <point>
      <x>0.325</x>
      <y>0.47333333</y>
      <w>0.30107528</w>
      <t>1968</t>
    </point>
    <point>
      <x>0.33333334</x>
      <y>0.46666667</y>
      <w>0.30107528</w>
      <t>1968</t>
    </point>
    <point>
      <x>0.34166667</x>
      <y>0.45833334</y>
      <w>0.30107528</w>
      <t>1968</t>
    </point>
    <point>
      <x>0.34833333</x>
      <y>0.45333335</y>
      <w>0.3088954</w>
      <t>2001</t>
    </point>
    <point>
      <x>0.35666665</x>
      <y>0.44666666</y>
      <w>0.3088954</w>
      <t>2001</t>
    </point>
    <point>
      <x>0.36333334</x>
      <y>0.44166666</y>
      <w>0.3088954</w>
      <t>2001</t>
    </point>
    <point>
      <x>0.37166667</x>
      <y>0.43666667</y>
      <w>0.3088954</w>
      <t>2001</t>
    </point>
    <point>
      <x>0.37666667</x>
      <y>0.43166667</y>
      <w>0.32942328</w>
      <t>2034</t>
    </point>
    <point>
      <x>0.38333333</x>
      <y>0.42666668</y>
      <w>0.32942328</w>
      <t>2034</t>
    </point>
    <point>
      <x>0.38833332</x>
      <y>0.42333335</y>
      <w>0.32942328</w>
      <t>2034</t>
    </point>
    <point>
      <x>0.39333335</x>
      <y>0.41833332</y>
      <w>0.32942328</w>
      <t>2034</t>
    </point>
    <point>
      <x>0.395</x>
      <y>0.415</y>
      <w>0.16715543</w>
      <t>2067</t>
    </point>
    <point>
      <x>0.39833334</x>
      <y>0.41333333</y>
      <w>0.16715543</w>
      <t>2067</t>
    </point>
    <point>
      <x>0.40166667</x>
      <y>0.41</y>
      <w>0.16715543</w>
      <t>2067</t>
    </point>
    <point>
      <x>0.405</x>
      <y>0.40666667</y>
      <w>0.16715543</w>
      <t>2067</t>
    </point>
  </stroke>
  <stroke time="2801">
    <point>
      <x>0.545</x>
      <y>0.28333333</y>
      <w>0.06744868</w>
      <t>2801</t>
    </point>
    <point>
      <x>0.545</x>
      <y>0.285</y>
      <w>0.1544477</w>
      <t>2834</t>
    </point>
    <point>
      <x>0.5466667</x>
      <y>0.28666666</y>
      <w>0.1544477</w>
      <t>2834</t>
    </point>
    <point>
      <x>0.54833335</x>
      <y>0.29</y>
      <w>0.1544477</w>
      <t>2834</t>
    </point>
    <point>
      <x>0.55</x>
      <y>0.29166666</y>
      <w>0.21603128</w>
      <t>2868</t>
    </point>
    <point>
      <x>0.5516667</x>
      <y>0.29333332</y>
      <w>0.21603128</w>
      <t>2868</t>
    </point>
    <point>
      <x>0.5516667</x>
      <y>0.29666665</y>
      <w>0.21603128</w>
      <t>2868</t>
    </point>
    <point>
      <x>0.55333334</x>
      <y>0.3</y>
      <w>0.21603128</w>
      <t>2868</t>
    </point>
    <point>
      <x>0.555</x>
      <y>0.305</y>
      <w>0.21603128</w>
      <t>2868</t>
    </point>
    <point>
      <x>0.555</x>
      <y>0.31</y>
      <w>0.30400783</w>
      <t>2901</t>
    </point>
    <point>
      <x>0.5566667</x>
      <y>0.315</y>
      <w>0.30400783</w>
      <t>2901</t>
    </point>
    <point>
      <x>0.5566667</x>
      <y>0.31833333</y>
      <w>0.30400783</w>
      <t>2901</t>
    </point>
    <point>
      <x>0.5566667</x>
      <y>0.32333332</y>
      <w>0.30400783</w>
      <t>2901</t>
    </point>
    <point>
      <x>0.5566667</x>
      <y>0.32833335</y>
      <w>0.398827</w>
      <t>2934</t>
    </point>
    <point>
      <x>0.5566667</x>
      <y>0.33333334</y>
      <w>0.398827</w>
      <t>2934</t>
    </point>
    <point>
      <x>0.5566667</x>
      <y>0.33666667</y>
      <w>0.398827</w>
      <t>2934</t>
    </point>
    <point>
      <x>0.5566667</x>
      <y>0.34166667</y>
      <w>0.398827</w>
      <t>2934</t>
    </point>
    <point>
      <x>0.5566667</x>
      <y>0.345</y>
      <w>0.47800586</w>
      <t>2968</t>
    </point>
    <point>
      <x>0.5566667</x>
      <y>0.34833333</y>
      <w>0.47800586</w>
      <t>2968</t>
    </point>
    <point>
      <x>0.5566667</x>
      <y>0.35166666</y>
      <w>0.47800586</w>
      <t>2968</t>
    </point>
    <point>
      <x>0.555</x>
      <y>0.355</y>
      <w>0.47800586</w>
      <t>2968</t>
    </point>
    <point>
      <x>0.555</x>
      <y>0.35833332</y>
      <w>0.47800586</w>
      <t>2968</t>
    </point>
    <point>
      <x>0.555</x>
      <y>0.36166668</y>
      <w>0.5083089</w>
      <t>3001</t>
    </point>
    <point>
      <x>0.555</x>
      <y>0.365</y>
      <w>0.5083089</w>
      <t>3001</t>
    </point>
    <point>
      <x>0.55333334</x>
      <y>0.37</y>
      <w>0.5083089</w>
      <t>3001</t>
    </point>
    <point>
      <x>0.55333334</x>
      <y>0.375</y>
      <w>0.5083089</w>
      <t>3001</t>
    </point>
    <point>
      <x>0.55333334</x>
      <y>0.38</y>
      <w>0.5083089</w>
      <t>3001</t>
    </point>
    <point>
      <x>0.55333334</x>
      <y>0.385</y>
      <w>0.5464321</w>
      <t>3034</t>
    </point>
    <point>
      <x>0.5516667</x>
      <y>0.39</y>
      <w>0.5464321</w>
      <t>3034</t>
    </point>
    <point>
      <x>0.5516667</x>
      <y>0.395</y>
      <w>0.5464321</w>
      <t>3034</t>
    </point>
    <point>
      <x>0.5516667</x>
      <y>0.4</y>
      <w>0.5464321</w>
      <t>3034</t>
    </point>
    <point>
      <x>0.5516667</x>
      <y>0.40333334</y>
      <w>0.5884653</w>
      <t>3068</t>
    </point>
    <point>
      <x>0.55</x>
      <y>0.40833333</y>
      <w>0.5884653</w>
      <t>3068</t>
    </point>
    <point>
      <x>0.55</x>
      <y>0.41166666</y>
      <w>0.5884653</w>
      <t>3068</t>
    </point>
    <point>
      <x>0.55</x>
      <y>0.415</y>
      <w>0.5884653</w>
      <t>3068</t>
    </point>
    <point>
      <x>0.55</x>
      <y>0.41833332</y>
      <w>0.6158358</w>
      <t>3101</t>
    </point>
    <point>
      <x>0.55</x>
      <y>0.42166665</y>
      <w>0.6158358</w>
      <t>3101</t>
    </point>
    <point>
      <x>0.55</x>
      <y>0.425</y>
      <w>0.6158358</w>
      <t>3101</t>
    </point>
    <point>
      <x>0.55</x>
      <y>0.42833334</y>
      <w>0.6158358</w>
      <t>3101</t>
    </point>
    <point>
      <x>0.55</x>
      <y>0.43166667</y>
      <w>0.6158358</w>
      <t>3101</t>
    </point>
    <point>
      <x>0.54833335</x>
      <y>0.43666667</y>
      <w>0.6304985</w>
      <t>3134</t>
    </point>
    <point>
      <x>0.54833335</x>
      <y>0.44166666</y>
      <w>0.6304985</w>
      <t>3134</t>
    </point>
    <point>
      <x>0.54833335</x>
      <y>0.44666666</y>
      <w>0.6304985</w>
      <t>3134</t>
    </point>
    <point>
      <x>0.54833335</x>
      <y>0.45166665</y>
      <w>0.6304985</w>
      <t>3134</t>
    </point>
    <point>
      <x>0.54833335</x>
      <y>0.455</y>
      <w>0.6392962</w>
      <t>3168</t>
    </point>
    <point>
      <x>0.5466667</x>
      <y>0.46</y>
      <w>0.6392962</w>
      <t>3168</t>
    </point>
    <point>
      <x>0.5466667</x>
      <y>0.46333334</y>
      <w>0.6392962</w>
      <t>3168</t>
    </point>
    <point>
      <x>0.5466667</x>
      <y>0.46833333</y>
      <w>0.6392962</w>
      <t>3168</t>
    </point>
    <point>
      <x>0.5466667</x>
      <y>0.47166666</y>
      <w>0.6392962</w>
      <t>3168</t>
    </point>
    <point>
      <x>0.5466667</x>
      <y>0.47666666</y>
      <w>0.65004885</w>
      <t>3201</t>
    </point>
    <point>
      <x>0.5466667</x>
      <y>0.48</y>
      <w>0.65004885</w>
      <t>3201</t>
    </point>
    <point>
      <x>0.5466667</x>
      <y>0.48333332</y>
      <w>0.65004885</w>
      <t>3201</t>
    </point>
    <point>
      <x>0.5466667</x>
      <y>0.485</y>
      <w>0.65004885</w>
      <t>3201</t>
    </point>
    <point>
      <x>0.5466667</x>
      <y>0.48833334</y>
      <w>0.6520039</w>
      <t>3234</t>
    </point>
    <point>
      <x>0.5466667</x>
      <y>0.49166667</y>
      <w>0.6520039</w>
      <t>3234</t>
    </point>
    <point>
      <x>0.54833335</x>
      <y>0.495</y>
      <w>0.6520039</w>
      <t>3234</t>
    </point>
    <point>
      <x>0.54833335</x>
      <y>0.49666667</y>
      <w>0.6520039</w>
      <t>3234</t>
    </point>
    <point>
      <x>0.55</x>
      <y>0.5</y>
      <w>0.6520039</w>
      <t>3234</t>
    </point>
    <point>
      <x>0.5516667</x>
      <y>0.50333333</y>
      <w>0.6529814</w>
      <t>3268</t>
    </point>
    <point>
      <x>0.5516667</x>
      <y>0.505</y>
      <w>0.6529814</w>
      <t>3268</t>
    </point>
    <point>
      <x>0.55333334</x>
      <y>0.5083333</y>
      <w>0.6529814</w>
      <t>3268</t>
    </point>
    <point>
      <x>0.555</x>
      <y>0.51166666</y>
      <w>0.6529814</w>
      <t>3268</t>
    </point>
    <point>
      <x>0.5566667</x>
      <y>0.5133333</y>
      <w>0.6539589</w>
      <t>3301</t>
    </point>
    <point>
      <x>0.55833334</x>
      <y>0.51666665</y>
      <w>0.6539589</w>
      <t>3301</t>
    </point>
    <point>
      <x>0.56</x>
      <y>0.52</y>
      <w>0.6539589</w>
      <t>3301</t>
    </point>
    <point>
      <x>0.56166667</x>
      <y>0.5233333</y>
      <w>0.6539589</w>
      <t>3301</t>
    </point>
    <point>
      <x>0.56333333</x>
      <y>0.525</y>
      <w>0.6539589</w>
      <t>3302</t>
    </point>
    <point>
      <x>0.565</x>
      <y>0.5283333</y>
      <w>0.6539589</w>
      <t>3334</t>
    </point>
    <point>
      <x>0.56666666</x>
      <y>0.53</y>
      <w>0.6539589</w>
      <t>3334</t>
    </point>
    <point>
      <x>0.5683333</x>
      <y>0.53333336</y>
      <w>0.6539589</w>
      <t>3334</t>
    </point>
    <point>
      <x>0.57</x>
      <y>0.535</y>
      <w>0.6539589</w>
      <t>3334</t>
    </point>
    <point>
      <x>0.57166666</x>
      <y>0.53833336</y>
      <w>0.65493643</w>
      <t>3368</t>
    </point>
    <point>
      <x>0.5733333</x>
      <y>0.54</y>
      <w>0.65493643</w>
      <t>3368</t>
    </point>
    <point>
      <x>0.575</x>
      <y>0.54333335</y>
      <w>0.65493643</w>
      <t>3368</t>
    </point>
    <point>
      <x>0.57666665</x>
      <y>0.545</y>
      <w>0.65493643</w>
      <t>3368</t>
    </point>
    <point>
      <x>0.5783333</x>
      <y>0.5466667</y>
      <w>0.6539589</w>
      <t>3400</t>
    </point>
    <point>
      <x>0.58</x>
      <y>0.55</y>
      <w>0.6539589</w>
      <t>3400</t>
    </point>
    <point>
      <x>0.58166665</x>
      <y>0.5516667</y>
      <w>0.6539589</w>
      <t>3400</t>
    </point>
    <point>
      <x>0.5833333</x>
      <y>0.55333334</y>
      <w>0.6539589</w>
      <t>3400</t>
    </point>
    <point>
      <x>0.585</x>
      <y>0.5566667</y>
      <w>0.6539589</w>
      <t>3400</t>
    </point>
    <point>
      <x>0.58666664</x>
      <y>0.55833334</y>
      <w>0.64907134</w>
      <t>3434</t>
    </point>
    <point>
      <x>0.5883333</x>
      <y>0.56</y>
      <w>0.64907134</w>
      <t>3434</t>
    </point>
    <point>
      <x>0.59</x>
      <y>0.56166667</y>
      <w>0.64907134</w>
      <t>3434</t>
    </point>
    <point>
      <x>0.59166664</x>
      <y>0.56333333</y>
      <w>0.64907134</w>
      <t>3434</t>
    </point>
    <point>
      <x>0.5933333</x>
      <y>0.56333333</y>
      <w>0.61485827</w>
      <t>3468</t>
    </point>
    <point>
      <x>0.5933333</x>
      <y>0.565</y>
      <w>0.61485827</w>
      <t>3468</t>
    </point>
    <point>
      <x>0.595</x>
      <y>0.565</y>
      <w>0.61485827</w>
      <t>3468</t>
    </point>
    <point>
      <x>0.5966667</x>
      <y>0.56666666</y>
      <w>0.61485827</w>
      <t>3468</t>
    </point>
    <point>
      <x>0.59833336</x>
      <y>0.56666666</y>
      <w>0.61485827</w>
      <t>3468</t>
    </point>
    <point>
      <x>0.6</x>
      <y>0.5683333</y>
      <w>0.5835777</w>
      <t>3501</t>
    </point>
    <point>
      <x>0.6016667</x>
      <y>0.5683333</y>
      <w>0.5835777</w>
      <t>3501</t>
    </point>
    <point>
      <x>0.605</x>
      <y>0.57</y>
      <w>0.5835777</w>
      <t>3501</t>
    </point>
    <point>
      <x>0.6066667</x>
      <y>0.57</y>
      <w>0.5835777</w>
      <t>3501</t>
    </point>
    <point>
      <x>0.60833335</x>
      <y>0.57166666</y>
      <w>0.56304985</w>
      <t>3534</t>
    </point>
    <point>
      <x>0.61</x>
      <y>0.57166666</y>
      <w>0.56304985</w>
      <t>3534</t>
    </point>
    <point>
      <x>0.6116667</x>
      <y>0.57166666</y>
      <w>0.56304985</w>
      <t>3534</t>
    </point>
    <point>
      <x>0.61333334</x>
      <y>0.5733333</y>
      <w>0.56304985</w>
      <t>3534</t>
    </point>
    <point>
      <x>0.615</x>
      <y>0.5733333</y>
      <w>0.52394915</w>
      <t>3568</t>
    </point>
    <point>
      <x>0.6166667</x>
      <y>0.5733333</y>
      <w>0.52394915</w>
      <t>3568</t>
    </point>
    <point>
      <x>0.61833334</x>
      <y>0.5733333</y>
      <w>0.52394915</w>
      <t>3568</t>
    </point>
    <point>
      <x>0.62166667</x>
      <y>0.5733333</y>
      <w>0.52394915</w>
      <t>3568</t>
    </point>
    <point>
      <x>0.62333333</x>
      <y>0.5733333</y>
      <w>0.52394915</w>
      <t>3568</t>
    </point>
    <point>
      <x>0.62666667</x>
      <y>0.5733333</y>
      <w>0.5043988</w>
      <t>3601</t>
    </point>
    <point>
      <x>0.63</x>
      <y>0.5733333</y>
      <w>0.5043988</w>
      <t>3601</t>
    </point>
    <point>
      <x>0.6333333</x>
      <y>0.5733333</y>
      <w>0.5043988</w>
      <t>3601</t>
    </point>
    <point>
      <x>0.635</x>
      <y>0.5733333</y>
      <w>0.5043988</w>
      <t>3601</t>
    </point>
    <point>
      <x>0.6383333</x>
      <y>0.57166666</y>
      <w>0.5043988</w>
      <t>3601</t>
    </point>
    <point>
      <x>0.64166665</x>
      <y>0.57166666</y>
      <w>0.5024438</w>
      <t>3634</t>
    </point>
    <point>
      <x>0.6433333</x>
      <y>0.57166666</y>
      <w>0.5024438</w>
      <t>3634</t>
    </point>
    <point>
      <x>0.64666665</x>
      <y>0.57</y>
      <w>0.5024438</w>
      <t>3634</t>
    </point>
    <point>
      <x>0.6483333</x>
      <y>0.57</y>
      <w>0.5024438</w>
      <t>3634</t>
    </point>
    <point>
      <x>0.65</x>
      <y>0.57</y>
      <w>0.5014663</w>
      <t>3668</t>
    </point>
    <point>
      <x>0.6533333</x>
      <y>0.57</y>
      <w>0.5014663</w>
      <t>3668</t>
    </point>
    <point>
      <x>0.655</x>
      <y>0.5683333</y>
      <w>0.5014663</w>
      <t>3668</t>
    </point>
    <point>
      <x>0.65833336</x>
      <y>0.5683333</y>
      <w>0.5014663</w>
      <t>3668</t>
    </point>
    <point>
      <x>0.6616667</x>
      <y>0.56666666</y>
      <w>0.5014663</w>
      <t>3701</t>
    </point>
    <point>
      <x>0.665</x>
      <y>0.56666666</y>
      <w>0.5014663</w>
      <t>3701</t>
    </point>
    <point>
      <x>0.67</x>
      <y>0.565</y>
      <w>0.5014663</w>
      <t>3701</t>
    </point>
    <point>
      <x>0.67333335</x>
      <y>0.565</y>
      <w>0.5014663</w>
      <t>3701</t>
    </point>
    <point>
      <x>0.67833334</x>
      <y>0.56333333</y>
      <w>0.5014663</w>
      <t>3701</t>
    </point>
    <point>
      <x>0.68333334</x>
      <y>0.56166667</y>
      <w>0.5024438</w>
      <t>3734</t>
    </point>
    <point>
      <x>0.68666667</x>
      <y>0.56166667</y>
      <w>0.5024438</w>
      <t>3734</t>
    </point>
    <point>
      <x>0.69166666</x>
      <y>0.56</y>
      <w>0.5024438</w>
      <t>3734</t>
    </point>
    <point>
      <x>0.69666666</x>
      <y>0.55833334</y>
      <w>0.5024438</w>
      <t>3734</t>
    </point>
    <point>
      <x>0.7</x>
      <y>0.5566667</y>
      <w>0.49364614</w>
      <t>3768</t>
    </point>
    <point>
      <x>0.705</x>
      <y>0.555</y>
      <w>0.49364614</w>
      <t>3768</t>
    </point>
    <point>
      <x>0.7083333</x>
      <y>0.555</y>
      <w>0.49364614</w>
      <t>3768</t>
    </point>
    <point>
      <x>0.7133333</x>
      <y>0.55333334</y>
      <w>0.49364614</w>
      <t>3768</t>
    </point>
    <point>
      <x>0.71666664</x>
      <y>0.5516667</y>
      <w>0.49364614</w>
      <t>3768</t>
    </point>
    <point>
      <x>0.7216667</x>
      <y>0.55</y>
      <w>0.4809384</w>
      <t>3801</t>
    </point>
    <point>
      <x>0.725</x>
      <y>0.54833335</y>
      <w>0.4809384</w>
      <t>3801</t>
    </point>
    <point>
      <x>0.73</x>
      <y>0.5466667</y>
      <w>0.4809384</w>
      <t>3801</t>
    </point>
    <point>
      <x>0.73333335</x>
      <y>0.5466667</y>
      <w>0.4809384</w>
      <t>3801</t>
    </point>
    <point>
      <x>0.73833334</x>
      <y>0.545</y>
      <w>0.47311828</w>
      <t>3834</t>
    </point>
    <point>
      <x>0.74333334</x>
      <y>0.54333335</y>
      <w>0.47311828</w>
      <t>3834</t>
    </point>
    <point>
      <x>0.74833333</x>
      <y>0.5416667</y>
      <w>0.47311828</w>
      <t>3834</t>
    </point>
    <point>
      <x>0.75166667</x>
      <y>0.54</y>
      <w>0.47311828</w>
      <t>3834</t>
    </point>
    <point>
      <x>0.75666666</x>
      <y>0.53833336</y>
      <w>0.44770283</w>
      <t>3867</t>
    </point>
    <point>
      <x>0.76166666</x>
      <y>0.5366667</y>
      <w>0.44770283</w>
      <t>3867</t>
    </point>
    <point>
      <x>0.76666665</x>
      <y>0.535</y>
      <w>0.44770283</w>
      <t>3867</t>
    </point>
    <point>
      <x>0.77166665</x>
      <y>0.53333336</y>
      <w>0.44770283</w>
      <t>3867</t>
    </point>
    <point>
      <x>0.77666664</x>
      <y>0.5316667</y>
      <w>0.44770283</w>
      <t>3867</t>
    </point>
    <point>
      <x>0.78333336</x>
      <y>0.53</y>
      <w>0.4398827</w>
      <t>3901</t>
    </point>
    <point>
      <x>0.78833336</x>
      <y>0.52666664</y>
      <w>0.4398827</w>
      <t>3901</t>
    </point>
    <point>
      <x>0.79333335</x>
      <y>0.525</y>
      <w>0.4398827</w>
      <t>3901</t>
    </point>
    <point>
      <x>0.79833335</x>
      <y>0.5233333</y>
      <w>0.4398827</w>
      <t>3901</t>
    </point>
    <point>
      <x>0.805</x>
      <y>0.52166665</y>
      <w>0.3929619</w>
      <t>3934</t>
    </point>
    <point>
      <x>0.81</x>
      <y>0.52</y>
      <w>0.3929619</w>
      <t>3934</t>
    </point>
    <point>
      <x>0.81333333</x>
      <y>0.5183333</y>
      <w>0.3929619</w>
      <t>3934</t>
    </point>
    <point>
      <x>0.8183333</x>
      <y>0.51666665</y>
      <w>0.3929619</w>
      <t>3934</t>
    </point>
    <point>
      <x>0.82166666</x>
      <y>0.515</y>
      <w>0.3929619</w>
      <t>3934</t>
    </point>
    <point>
      <x>0.825</x>
      <y>0.5133333</y>
      <w>0.37243402</w>
      <t>3968</t>
    </point>
    <point>
      <x>0.8283333</x>
      <y>0.51166666</y>
      <w>0.37243402</w>
      <t>3968</t>
    </point>
    <point>
      <x>0.83166665</x>
      <y>0.51</y>
      <w>0.37243402</w>
      <t>3968</t>
    </point>
    <point>
      <x>0.835</x>
      <y>0.51</y>
      <w>0.37243402</w>
      <t>3968</t>
    </point>
    <point>
      <x>0.83666664</x>
      <y>0.5083333</y>
      <w>0.36656892</w>
      <t>4001</t>
    </point>
    <point>
      <x>0.84</x>
      <y>0.50666666</y>
      <w>0.36656892</w>
      <t>4001</t>
    </point>
    <point>
      <x>0.84166664</x>
      <y>0.505</y>
      <w>0.36656892</w>
      <t>4001</t>
    </point>
    <point>
      <x>0.8433333</x>
      <y>0.50333333</y>
      <w>0.36656892</w>
      <t>4001</t>
    </point>
    <point>
      <x>0.845</x>
      <y>0.50166667</y>
      <w>0.36656892</w>
      <t>4001</t>
    </point>
    <point>
      <x>0.8466667</x>
      <y>0.5</y>
      <w>0.34408602</w>
      <t>4034</t>
    </point>
    <point>
      <x>0.84833336</x>
      <y>0.49833333</y>
      <w>0.34408602</w>
      <t>4034</t>
    </point>
    <point>
      <x>0.85</x>
      <y>0.49666667</y>
      <w>0.34408602</w>
      <t>4034</t>
    </point>
    <point>
      <x>0.85</x>
      <y>0.495</y>
      <w>0.34408602</w>
      <t>4034</t>
    </point>
    <point>
      <x>0.8516667</x>
      <y>0.49333334</y>
      <w>0.28836754</w>
      <t>4068</t>
    </point>
    <point>
      <x>0.8516667</x>
      <y>0.49166667</y>
      <w>0.28836754</w>
      <t>4068</t>
    </point>
    <point>
      <x>0.8516667</x>
      <y>0.49</y>
      <w>0.28836754</w>
      <t>4068</t>
    </point>
    <point>
      <x>0.8516667</x>
      <y>0.48833334</y>
      <w>0.28836754</w>
      <t>4068</t>
    </point>
    <point>
      <x>0.8516667</x>
      <y>0.48666668</y>
      <w>0.28836754</w>
      <t>4068</t>
    </point>
    <point>
      <x>0.8516667</x>
      <y>0.485</y>
      <w>0.28739002</w>
      <t>4101</t>
    </point>
    <point>
      <x>0.8516667</x>
      <y>0.48333332</y>
      <w>0.28739002</w>
      <t>4101</t>
    </point>
    <point>
      <x>0.8516667</x>
      <y>0.48166665</y>
      <w>0.28739002</w>
      <t>4101</t>
    </point>
    <point>
      <x>0.8516667</x>
      <y>0.47833332</y>
      <w>0.28739002</w>
      <t>4101</t>
    </point>
    <point>
      <x>0.8516667</x>
      <y>0.47666666</y>
      <w>0.28739002</w>
      <t>4134</t>
    </point>
    <point>
      <x>0.8516667</x>
      <y>0.47333333</y>
      <w>0.28739002</w>
      <t>4134</t>
    </point>
    <point>
      <x>0.85</x>
      <y>0.47166666</y>
      <w>0.28739002</w>
      <t>4134</t>
    </point>
    <point>
      <x>0.84833336</x>
      <y>0.46833333</y>
      <w>0.28739002</w>
      <t>4134</t>
    </point>
    <point>
      <x>0.84833336</x>
      <y>0.46666667</y>
      <w>0.28739002</w>
      <t>4134</t>
    </point>
    <point>
      <x>0.8466667</x>
      <y>0.46333334</y>
      <w>0.29032257</w>
      <t>4168</t>
    </point>
    <point>
      <x>0.845</x>
      <y>0.46</y>
      <w>0.29032257</w>
      <t>4168</t>
    </point>
    <point>
      <x>0.8433333</x>
      <y>0.45666668</y>
      <w>0.29032257</w>
      <t>4168</t>
    </point>
    <point>
      <x>0.84166664</x>
      <y>0.45333335</y>
      <w>0.29032257</w>
      <t>4168</t>
    </point>
    <point>
      <x>0.84</x>
      <y>0.45</y>
      <w>0.29814273</w>
      <t>4201</t>
    </point>
    <point>
      <x>0.8383333</x>
      <y>0.44666666</y>
      <w>0.29814273</w>
      <t>4201</t>
    </point>
    <point>
      <x>0.83666664</x>
      <y>0.44333333</y>
      <w>0.29814273</w>
      <t>4201</t>
    </point>
    <point>
      <x>0.8333333</x>
      <y>0.43833333</y>
      <w>0.29814273</w>
      <t>4201</t>
    </point>
    <point>
      <x>0.83166665</x>
      <y>0.435</y>
      <w>0.29814273</w>
      <t>4201</t>
    </point>
    <point>
      <x>0.8283333</x>
      <y>0.43</y>
      <w>0.3030303</w>
      <t>4234</t>
    </point>
    <point>
      <x>0.82666665</x>
      <y>0.425</y>
      <w>0.3030303</w>
      <t>4234</t>
    </point>
    <point>
      <x>0.8233333</x>
      <y>0.42166665</y>
      <w>0.3030303</w>
      <t>4234</t>
    </point>
    <point>
      <x>0.82</x>
      <y>0.41666666</y>
      <w>0.3030303</w>
      <t>4234</t>
    </point>
    <point>
      <x>0.81666666</x>
      <y>0.41333333</y>
      <w>0.24731183</w>
      <t>4268</t>
    </point>
    <point>
      <x>0.81333333</x>
      <y>0.40833333</y>
      <w>0.24731183</w>
      <t>4268</t>
    </point>
    <point>
      <x>0.81166667</x>
      <y>0.405</y>
      <w>0.24731183</w>
      <t>4268</t>
    </point>
    <point>
      <x>0.80833334</x>
      <y>0.4</y>
      <w>0.24731183</w>
      <t>4268</t>
    </point>
  </stroke>
</character>
