<?xml version="1.0" encoding="UTF-8"?>
<character>
  <stroke time="0">
    <point>
      <x>0.39</x>
      <y>0.17</y>
      <w>0.23167156</w>
      <t>4</t>
    </point>
    <point>
      <x>0.39166668</x>
      <y>0.17</y>
      <w>0.5493646</w>
      <t>67</t>
    </point>
    <point>
      <x>0.39166668</x>
      <y>0.17166667</y>
      <w>0.5493646</w>
      <t>67</t>
    </point>
    <point>
      <x>0.39333335</x>
      <y>0.17333333</y>
      <w>0.5493646</w>
      <t>67</t>
    </point>
    <point>
      <x>0.39333335</x>
      <y>0.175</y>
      <w>0.6158358</w>
      <t>100</t>
    </point>
    <point>
      <x>0.395</x>
      <y>0.175</y>
      <w>0.6158358</w>
      <t>100</t>
    </point>
    <point>
      <x>0.39666668</x>
      <y>0.17666666</y>
      <w>0.6158358</w>
      <t>100</t>
    </point>
    <point>
      <x>0.39666668</x>
      <y>0.17833333</y>
      <w>0.6158358</w>
      <t>101</t>
    </point>
    <point>
      <x>0.39833334</x>
      <y>0.17833333</y>
      <w>0.67741936</w>
      <t>134</t>
    </point>
    <point>
      <x>0.39833334</x>
      <y>0.18</y>
      <w>0.67741936</w>
      <t>134</t>
    </point>
    <point>
      <x>0.39833334</x>
      <y>0.18166667</y>
      <w>0.67741936</w>
      <t>134</t>
    </point>
    <point>
      <x>0.4</x>
      <y>0.18166667</y>
      <w>0.7243402</w>
      <t>167</t>
    </point>
    <point>
      <x>0.4</x>
      <y>0.18333334</y>
      <w>0.7243402</w>
      <t>167</t>
    </point>
    <point>
      <x>0.4</x>
      <y>0.185</y>
      <w>0.76344085</w>
      <t>201</t>
    </point>
    <point>
      <x>0.4</x>
      <y>0.18666667</y>
      <w>0.7869013</w>
      <t>234</t>
    </point>
    <point>
      <x>0.4</x>
      <y>0.18833333</y>
      <w>0.7869013</w>
      <t>234</t>
    </point>
    <point>
      <x>0.40166667</x>
      <y>0.19</y>
      <w>0.7869013</w>
      <t>234</t>
    </point>
    <point>
      <x>0.40166667</x>
      <y>0.19333333</y>
      <w>0.7869013</w>
      <t>235</t>
    </point>
    <point>
      <x>0.40166667</x>
      <y>0.195</y>
      <w>0.8044966</w>
      <t>267</t>
    </point>
    <point>
      <x>0.40166667</x>
      <y>0.19833334</y>
      <w>0.8044966</w>
      <t>267</t>
    </point>
    <point>
      <x>0.40166667</x>
      <y>0.20333333</y>
      <w>0.8044966</w>
      <t>269</t>
    </point>
    <point>
      <x>0.40166667</x>
      <y>0.20666666</y>
      <w>0.8044966</w>
      <t>269</t>
    </point>
    <point>
      <x>0.40166667</x>
      <y>0.21</y>
      <w>0.8044966</w>
      <t>269</t>
    </point>
    <point>
      <x>0.4</x>
      <y>0.21333334</y>
      <w>0.8181818</w>
      <t>300</t>
    </point>
    <point>
      <x>0.4</x>
      <y>0.21666667</y>
      <w>0.8181818</w>
      <t>300</t>
    </point>
    <point>
      <x>0.39833334</x>
      <y>0.22</y>
      <w>0.8181818</w>
      <t>300</t>
    </point>
    <point>
      <x>0.39666668</x>
      <y>0.22333333</y>
      <w>0.8181818</w>
      <t>301</t>
    </point>
    <point>
      <x>0.39666668</x>
      <y>0.225</y>
      <w>0.8289345</w>
      <t>334</t>
    </point>
    <point>
      <x>0.395</x>
      <y>0.22833334</y>
      <w>0.8289345</w>
      <t>334</t>
    </point>
    <point>
      <x>0.39333335</x>
      <y>0.23</y>
      <w>0.8289345</w>
      <t>334</t>
    </point>
    <point>
      <x>0.39166668</x>
      <y>0.23333333</y>
      <w>0.8289345</w>
      <t>335</t>
    </point>
    <point>
      <x>0.39</x>
      <y>0.23666666</y>
      <w>0.83870965</w>
      <t>367</t>
    </point>
    <point>
      <x>0.38666666</x>
      <y>0.24166666</y>
      <w>0.83870965</w>
      <t>367</t>
    </point>
    <point>
      <x>0.385</x>
      <y>0.245</y>
      <w>0.83870965</w>
      <t>367</t>
    </point>
    <point>
      <x>0.38166666</x>
      <y>0.25</y>
      <w>0.83870965</w>
      <t>368</t>
    </point>
    <point>
      <x>0.37833333</x>
      <y>0.255</y>
      <w>0.83870965</w>
      <t>368</t>
    </point>
    <point>
      <x>0.375</x>
      <y>0.26</y>
      <w>0.8426197</w>
      <t>401</t>
    </point>
    <point>
      <x>0.37166667</x>
      <y>0.265</y>
      <w>0.8426197</w>
      <t>401</t>
    </point>
    <point>
      <x>0.37</x>
      <y>0.27</y>
      <w>0.8426197</w>
      <t>401</t>
    </point>
    <point>
      <x>0.36666667</x>
      <y>0.275</y>
      <w>0.8426197</w>
      <t>402</t>
    </point>
    <point>
      <x>0.365</x>
      <y>0.28</y>
      <w>0.84359723</w>
      <t>433</t>
    </point>
    <point>
      <x>0.36333334</x>
      <y>0.28333333</y>
      <w>0.84359723</w>
      <t>433</t>
    </point>
    <point>
      <x>0.36</x>
      <y>0.28833333</y>
      <w>0.84359723</w>
      <t>433</t>
    </point>
    <point>
      <x>0.35833332</x>
      <y>0.29333332</y>
      <w>0.84359723</w>
      <t>434</t>
    </point>
    <point>
      <x>0.355</x>
      <y>0.29833335</y>
      <w>0.84359723</w>
      <t>434</t>
    </point>
    <point>
      <x>0.35166666</x>
      <y>0.30333334</y>
      <w>0.84359723</w>
      <t>467</t>
    </point>
    <point>
      <x>0.34833333</x>
      <y>0.31</y>
      <w>0.84359723</w>
      <t>467</t>
    </point>
    <point>
      <x>0.345</x>
      <y>0.315</y>
      <w>0.84359723</w>
      <t>467</t>
    </point>
    <point>
      <x>0.34166667</x>
      <y>0.32</y>
      <w>0.84359723</w>
      <t>468</t>
    </point>
    <point>
      <x>0.34</x>
      <y>0.32333332</y>
      <w>0.83968717</w>
      <t>500</t>
    </point>
    <point>
      <x>0.33666667</x>
      <y>0.32833335</y>
      <w>0.83968717</w>
      <t>500</t>
    </point>
    <point>
      <x>0.335</x>
      <y>0.33166668</y>
      <w>0.83968717</w>
      <t>500</t>
    </point>
    <point>
      <x>0.33333334</x>
      <y>0.33666667</y>
      <w>0.83968717</w>
      <t>500</t>
    </point>
    <point>
      <x>0.33166668</x>
      <y>0.34</y>
      <w>0.8220919</w>
      <t>534</t>
    </point>
    <point>
      <x>0.33</x>
      <y>0.345</y>
      <w>0.8220919</w>
      <t>534</t>
    </point>
    <point>
      <x>0.33</x>
      <y>0.34833333</y>
      <w>0.8220919</w>
      <t>534</t>
    </point>
    <point>
      <x>0.32833335</x>
      <y>0.35333332</y>
      <w>0.8220919</w>
      <t>535</t>
    </point>
    <point>
      <x>0.32666665</x>
      <y>0.35666665</y>
      <w>0.8220919</w>
      <t>535</t>
    </point>
    <point>
      <x>0.32666665</x>
      <y>0.36</y>
      <w>0.79667646</w>
      <t>567</t>
    </point>
    <point>
      <x>0.32666665</x>
      <y>0.365</y>
      <w>0.79667646</w>
      <t>567</t>
    </point>
    <point>
      <x>0.325</x>
      <y>0.36833334</y>
      <w>0.79667646</w>
      <t>567</t>
    </point>
    <point>
      <x>0.325</x>
      <y>0.37166667</y>
      <w>0.79667646</w>
      <t>568</t>
    </point>
    <point>
      <x>0.32333332</x>
      <y>0.375</y>
      <w>0.7419355</w>
      <t>600</t>
    </point>
    <point>
      <x>0.32333332</x>
      <y>0.37666667</y>
      <w>0.7419355</w>
      <t>600</t>
    </point>
    <point>
      <x>0.32333332</x>
      <y>0.38</y>
      <w>0.7419355</w>
      <t>600</t>
    </point>
    <point>
      <x>0.32333332</x>
      <y>0.38333333</y>
      <w>0.7419355</w>
      <t>600</t>
    </point>
    <point>
      <x>0.32333332</x>
      <y>0.385</y>
      <w>0.7419355</w>
      <t>601</t>
    </point>
    <point>
      <x>0.32333332</x>
      <y>0.38833332</y>
      <w>0.6969697</w>
      <t>634</t>
    </point>
    <point>
      <x>0.32333332</x>
      <y>0.39166668</y>
      <w>0.6969697</w>
      <t>634</t>
    </point>
    <point>
      <x>0.32333332</x>
      <y>0.39666668</y>
      <w>0.6969697</w>
      <t>634</t>
    </point>
    <point>
      <x>0.32333332</x>
      <y>0.4</y>
      <w>0.6969697</w>
      <t>636</t>
    </point>
    <point>
      <x>0.32333332</x>
      <y>0.405</y>
      <w>0.6969697</w>
      <t>636</t>
    </point>
    <point>
      <x>0.32333332</x>
      <y>0.40833333</y>
      <w>0.6461388</w>
      <t>667</t>
    </point>
    <point>
      <x>0.32333332</x>
      <y>0.41166666</y>
      <w>0.6461388</w>
      <t>667</t>
    </point>
    <point>
      <x>0.32333332</x>
      <y>0.41666666</y>
      <w>0.6461388</w>
      <t>667</t>
    </point>
    <point>
      <x>0.32333332</x>
      <y>0.42</y>
      <w>0.6461388</w>
      <t>667</t>
    </point>
    <point>
      <x>0.32333332</x>
      <y>0.42333335</y>
      <w>0.6168133</w>
      <t>701</t>
    </point>
    <point>
      <x>0.32333332</x>
      <y>0.42833334</y>
      <w>0.6168133</w>
      <t>701</t>
    </point>
    <point>
      <x>0.32333332</x>
      <y>0.43166667</y>
      <w>0.6168133</w>
      <t>701</t>
    </point>
    <point>
      <x>0.32333332</x>
      <y>0.435</y>
      <w>0.6168133</w>
      <t>701</t>
    </point>
    <point>
      <x>0.32333332</x>
      <y>0.43833333</y>
      <w>0.5718475</w>
      <t>734</t>
    </point>
    <point>
      <x>0.325</x>
      <y>0.44333333</y>
      <w>0.5718475</w>
      <t>734</t>
    </point>
    <point>
      <x>0.325</x>
      <y>0.44666666</y>
      <w>0.5718475</w>
      <t>734</t>
    </point>
    <point>
      <x>0.325</x>
      <y>0.45166665</y>
      <w>0.5718475</w>
      <t>734</t>
    </point>
    <point>
      <x>0.325</x>
      <y>0.455</y>
      <w>0.5718475</w>
      <t>736</t>
    </point>
    <point>
      <x>0.325</x>
      <y>0.46</y>
      <w>0.53176934</w>
      <t>767</t>
    </point>
    <point>
      <x>0.325</x>
      <y>0.465</y>
      <w>0.53176934</w>
      <t>767</t>
    </point>
    <point>
      <x>0.325</x>
      <y>0.46833333</y>
      <w>0.53176934</w>
      <t>767</t>
    </point>
    <point>
      <x>0.32666665</x>
      <y>0.47333333</y>
      <w>0.53176934</w>
      <t>767</t>
    </point>
    <point>
      <x>0.32666665</x>
      <y>0.47666666</y>
      <w>0.51221895</w>
      <t>800</t>
    </point>
    <point>
      <x>0.32666665</x>
      <y>0.48</y>
      <w>0.51221895</w>
      <t>800</t>
    </point>
    <point>
      <x>0.32666665</x>
      <y>0.48333332</y>
      <w>0.51221895</w>
      <t>800</t>
    </point>
    <point>
      <x>0.32833335</x>
      <y>0.48833334</y>
      <w>0.51221895</w>
      <t>800</t>
    </point>
    <point>
      <x>0.32833335</x>
      <y>0.49166667</y>
      <w>0.50048876</w>
      <t>834</t>
    </point>
    <point>
      <x>0.32833335</x>
      <y>0.495</y>
      <w>0.50048876</w>
      <t>834</t>
    </point>
    <point>
      <x>0.33</x>
      <y>0.49833333</y>
      <w>0.50048876</w>
      <t>834</t>
    </point>
    <point>
      <x>0.33</x>
      <y>0.50166667</y>
      <w>0.50048876</w>
      <t>834</t>
    </point>
    <point>
      <x>0.33</x>
      <y>0.50666666</y>
      <w>0.50048876</w>
      <t>834</t>
    </point>
    <point>
      <x>0.33166668</x>
      <y>0.51</y>
      <w>0.4975562</w>
      <t>867</t>
    </point>
    <point>
      <x>0.33166668</x>
      <y>0.5133333</y>
      <w>0.4975562</w>
      <t>867</t>
    </point>
    <point>
      <x>0.33333334</x>
      <y>0.5183333</y>
      <w>0.4975562</w>
      <t>867</t>
    </point>
    <point>
      <x>0.33333334</x>
      <y>0.52166665</y>
      <w>0.4975562</w>
      <t>867</t>
    </point>
    <point>
      <x>0.335</x>
      <y>0.525</y>
      <w>0.4975562</w>
      <t>900</t>
    </point>
    <point>
      <x>0.335</x>
      <y>0.5283333</y>
      <w>0.4975562</w>
      <t>900</t>
    </point>
    <point>
      <x>0.335</x>
      <y>0.53333336</y>
      <w>0.4975562</w>
      <t>900</t>
    </point>
    <point>
      <x>0.33666667</x>
      <y>0.5366667</y>
      <w>0.4975562</w>
      <t>900</t>
    </point>
    <point>
      <x>0.33666667</x>
      <y>0.5416667</y>
      <w>0.4975562</w>
      <t>900</t>
    </point>
    <point>
      <x>0.33833334</x>
      <y>0.545</y>
      <w>0.4975562</w>
      <t>934</t>
    </point>
    <point>
      <x>0.34</x>
      <y>0.55</y>
      <w>0.4975562</w>
      <t>934</t>
    </point>
    <point>
      <x>0.34</x>
      <y>0.555</y>
      <w>0.4975562</w>
      <t>934</t>
    </point>
    <point>
      <x>0.34166667</x>
      <y>0.56</y>
      <w>0.4975562</w>
      <t>934</t>
    </point>
    <point>
      <x>0.34166667</x>
      <y>0.565</y>
      <w>0.49853373</w>
      <t>967</t>
    </point>
    <point>
      <x>0.34166667</x>
      <y>0.57</y>
      <w>0.49853373</w>
      <t>967</t>
    </point>
    <point>
      <x>0.34333333</x>
      <y>0.575</y>
      <w>0.49853373</w>
      <t>967</t>
    </point>
    <point>
      <x>0.34333333</x>
      <y>0.58</y>
      <w>0.49853373</w>
      <t>967</t>
    </point>
    <point>
      <x>0.34333333</x>
      <y>0.585</y>
      <w>0.49853373</w>
      <t>967</t>
    </point>
    <point>
      <x>0.345</x>
      <y>0.5883333</y>
      <w>0.49951124</w>
      <t>1000</t>
    </point>
    <point>
      <x>0.345</x>
      <y>0.5933333</y>
      <w>0.49951124</w>
      <t>1000</t>
    </point>
    <point>
      <x>0.345</x>
      <y>0.59833336</y>
      <w>0.49951124</w>
      <t>1000</t>
    </point>
    <point>
      <x>0.34666666</x>
      <y>0.60333335</y>
      <w>0.49951124</w>
      <t>1000</t>
    </point>
    <point>
      <x>0.34666666</x>
      <y>0.60833335</y>
      <w>0.5043988</w>
      <t>1034</t>
    </point>
    <point>
      <x>0.34666666</x>
      <y>0.61333334</y>
      <w>0.5043988</w>
      <t>1034</t>
    </point>
    <point>
      <x>0.34833333</x>
      <y>0.61833334</y>
      <w>0.5043988</w>
      <t>1034</t>
    </point>
    <point>
      <x>0.34833333</x>
      <y>0.625</y>
      <w>0.5043988</w>
      <t>1034</t>
    </point>
    <point>
      <x>0.34833333</x>
      <y>0.63</y>
      <w>0.5043988</w>
      <t>1035</t>
    </point>
    <point>
      <x>0.35</x>
      <y>0.635</y>
      <w>0.52492666</w>
      <t>1067</t>
    </point>
    <point>
      <x>0.35</x>
      <y>0.64</y>
      <w>0.52492666</w>
      <t>1067</t>
    </point>
    <point>
      <x>0.35</x>
      <y>0.6433333</y>
      <w>0.52492666</w>
      <t>1067</t>
    </point>
    <point>
      <x>0.35</x>
      <y>0.6483333</y>
      <w>0.52492666</w>
      <t>1068</t>
    </point>
    <point>
      <x>0.35</x>
      <y>0.6533333</y>
      <w>0.53079176</w>
      <t>1100</t>
    </point>
    <point>
      <x>0.35</x>
      <y>0.66</y>
      <w>0.53079176</w>
      <t>1100</t>
    </point>
    <point>
      <x>0.35</x>
      <y>0.665</y>
      <w>0.53079176</w>
      <t>1100</t>
    </point>
    <point>
      <x>0.35</x>
      <y>0.67</y>
      <w>0.53079176</w>
      <t>1100</t>
    </point>
    <point>
      <x>0.35</x>
      <y>0.675</y>
      <w>0.5532747</w>
      <t>1134</t>
    </point>
    <point>
      <x>0.35</x>
      <y>0.6816667</y>
      <w>0.5532747</w>
      <t>1134</t>
    </point>
    <point>
      <x>0.35</x>
      <y>0.685</y>
      <w>0.5532747</w>
      <t>1134</t>
    </point>
    <point>
      <x>0.35</x>
      <y>0.69</y>
      <w>0.5532747</w>
      <t>1134</t>
    </point>
    <point>
      <x>0.35</x>
      <y>0.6933333</y>
      <w>0.5532747</w>
      <t>1134</t>
    </point>
    <point>
      <x>0.35166666</x>
      <y>0.6983333</y>
      <w>0.5650049</w>
      <t>1167</t>
    </point>
    <point>
      <x>0.35166666</x>
      <y>0.70166665</y>
      <w>0.5650049</w>
      <t>1167</t>
    </point>
    <point>
      <x>0.35166666</x>
      <y>0.705</y>
      <w>0.5650049</w>
      <t>1167</t>
    </point>
    <point>
      <x>0.35166666</x>
      <y>0.71</y>
      <w>0.5650049</w>
      <t>1167</t>
    </point>
    <point>
      <x>0.35166666</x>
      <y>0.7133333</y>
      <w>0.5659824</w>
      <t>1200</t>
    </point>
    <point>
      <x>0.35166666</x>
      <y>0.7183333</y>
      <w>0.5659824</w>
      <t>1200</t>
    </point>
    <point>
      <x>0.35166666</x>
      <y>0.72333336</y>
      <w>0.5659824</w>
      <t>1200</t>
    </point>
    <point>
      <x>0.35166666</x>
      <y>0.72833335</y>
      <w>0.5659824</w>
      <t>1200</t>
    </point>
    <point>
      <x>0.35166666</x>
      <y>0.7316667</y>
      <w>0.5659824</w>
      <t>1200</t>
    </point>
    <point>
      <x>0.35166666</x>
      <y>0.7366667</y>
      <w>0.5767351</w>
      <t>1234</t>
    </point>
    <point>
      <x>0.35166666</x>
      <y>0.7416667</y>
      <w>0.5767351</w>
      <t>1234</t>
    </point>
    <point>
      <x>0.35166666</x>
      <y>0.745</y>
      <w>0.5767351</w>
      <t>1234</t>
    </point>
    <point>
      <x>0.35</x>
      <y>0.75</y>
      <w>0.5767351</w>
      <t>1234</t>
    </point>
    <point>
      <x>0.35</x>
      <y>0.75333333</y>
      <w>0.5835777</w>
      <t>1267</t>
    </point>
    <point>
      <x>0.35</x>
      <y>0.7583333</y>
      <w>0.5835777</w>
      <t>1267</t>
    </point>
    <point>
      <x>0.35</x>
      <y>0.76166666</y>
      <w>0.5835777</w>
      <t>1267</t>
    </point>
    <point>
      <x>0.35</x>
      <y>0.76666665</y>
      <w>0.5835777</w>
      <t>1267</t>
    </point>
    <point>
      <x>0.34833333</x>
      <y>0.77</y>
      <w>0.5835777</w>
      <t>1267</t>
    </point>
    <point>
      <x>0.34833333</x>
      <y>0.7733333</y>
      <w>0.5855327</w>
      <t>1300</t>
    </point>
    <point>
      <x>0.34666666</x>
      <y>0.77666664</y>
      <w>0.5855327</w>
      <t>1300</t>
    </point>
    <point>
      <x>0.34666666</x>
      <y>0.78</y>
      <w>0.5855327</w>
      <t>1300</t>
    </point>
    <point>
      <x>0.345</x>
      <y>0.78333336</y>
      <w>0.5855327</w>
      <t>1300</t>
    </point>
    <point>
      <x>0.34333333</x>
      <y>0.7866667</y>
      <w>0.58748776</w>
      <t>1334</t>
    </point>
    <point>
      <x>0.34333333</x>
      <y>0.78833336</y>
      <w>0.58748776</w>
      <t>1334</t>
    </point>
    <point>
      <x>0.34166667</x>
      <y>0.79</y>
      <w>0.58748776</w>
      <t>1334</t>
    </point>
    <point>
      <x>0.34166667</x>
      <y>0.7916667</y>
      <w>0.58748776</w>
      <t>1334</t>
    </point>
    <point>
      <x>0.34</x>
      <y>0.79333335</y>
      <w>0.58748776</w>
      <t>1334</t>
    </point>
    <point>
      <x>0.33833334</x>
      <y>0.79333335</y>
      <w>0.5777126</w>
      <t>1367</t>
    </point>
    <point>
      <x>0.33666667</x>
      <y>0.795</y>
      <w>0.5777126</w>
      <t>1367</t>
    </point>
    <point>
      <x>0.335</x>
      <y>0.7966667</y>
      <w>0.5777126</w>
      <t>1367</t>
    </point>
    <point>
      <x>0.33333334</x>
      <y>0.7966667</y>
      <w>0.5777126</w>
      <t>1367</t>
    </point>
    <point>
      <x>0.33166668</x>
      <y>0.79833335</y>
      <w>0.5650049</w>
      <t>1401</t>
    </point>
    <point>
      <x>0.33</x>
      <y>0.79833335</y>
      <w>0.5650049</w>
      <t>1401</t>
    </point>
    <point>
      <x>0.32833335</x>
      <y>0.8</y>
      <w>0.5650049</w>
      <t>1401</t>
    </point>
    <point>
      <x>0.32666665</x>
      <y>0.8</y>
      <w>0.5650049</w>
      <t>1402</t>
    </point>
    <point>
      <x>0.325</x>
      <y>0.8</y>
      <w>0.5650049</w>
      <t>1402</t>
    </point>
    <point>
      <x>0.32333332</x>
      <y>0.8</y>
      <w>0.5610948</w>
      <t>1434</t>
    </point>
    <point>
      <x>0.32166666</x>
      <y>0.8</y>
      <w>0.5610948</w>
      <t>1434</t>
    </point>
    <point>
      <x>0.32</x>
      <y>0.8</y>
      <w>0.5288367</w>
      <t>1467</t>
    </point>
    <point>
      <x>0.31833333</x>
      <y>0.79833335</y>
      <w>0.5288367</w>
      <t>1467</t>
    </point>
    <point>
      <x>0.31666666</x>
      <y>0.7966667</y>
      <w>0.5288367</w>
      <t>1467</t>
    </point>
    <point>
      <x>0.31333333</x>
      <y>0.79333335</y>
      <w>0.5288367</w>
      <t>1467</t>
    </point>
    <point>
      <x>0.31166667</x>
      <y>0.79</y>
      <w>0.50635386</w>
      <t>1500</t>
    </point>
    <point>
      <x>0.31</x>
      <y>0.7866667</y>
      <w>0.50635386</w>
      <t>1500</t>
    </point>
    <point>
      <x>0.30666667</x>
      <y>0.78333336</y>
      <w>0.50635386</w>
      <t>1500</t>
    </point>
    <point>
      <x>0.305</x>
      <y>0.78</y>
      <w>0.50635386</w>
      <t>1500</t>
    </point>
    <point>
      <x>0.30166668</x>
      <y>0.7783333</y>
      <w>0.50635386</w>
      <t>1500</t>
    </point>
    <point>
      <x>0.3</x>
      <y>0.775</y>
      <w>0.5024438</w>
      <t>1534</t>
    </point>
    <point>
      <x>0.29666665</x>
      <y>0.77166665</y>
      <w>0.5024438</w>
      <t>1534</t>
    </point>
    <point>
      <x>0.29333332</x>
      <y>0.7683333</y>
      <w>0.5024438</w>
      <t>1534</t>
    </point>
    <point>
      <x>0.29</x>
      <y>0.765</y>
      <w>0.5024438</w>
      <t>1534</t>
    </point>
    <point>
      <x>0.285</x>
      <y>0.76</y>
      <w>0.5034213</w>
      <t>1567</t>
    </point>
    <point>
      <x>0.28166667</x>
      <y>0.75666666</y>
      <w>0.5034213</w>
      <t>1567</t>
    </point>
    <point>
      <x>0.27833334</x>
      <y>0.75166667</y>
      <w>0.5034213</w>
      <t>1567</t>
    </point>
    <point>
      <x>0.275</x>
      <y>0.74666667</y>
      <w>0.5034213</w>
      <t>1567</t>
    </point>
    <point>
      <x>0.27</x>
      <y>0.7416667</y>
      <w>0.5034213</w>
      <t>1567</t>
    </point>
    <point>
      <x>0.265</x>
      <y>0.7366667</y>
      <w>0.50048876</w>
      <t>1601</t>
    </point>
    <point>
      <x>0.26166666</x>
      <y>0.7316667</y>
      <w>0.50048876</w>
      <t>1601</t>
    </point>
    <point>
      <x>0.25666666</x>
      <y>0.7266667</y>
      <w>0.50048876</w>
      <t>1601</t>
    </point>
    <point>
      <x>0.25166667</x>
      <y>0.7216667</y>
      <w>0.50048876</w>
      <t>1601</t>
    </point>
    <point>
      <x>0.24666667</x>
      <y>0.71666664</y>
      <w>0.5043988</w>
      <t>1634</t>
    </point>
    <point>
      <x>0.24333334</x>
      <y>0.71166664</y>
      <w>0.5043988</w>
      <t>1634</t>
    </point>
    <point>
      <x>0.23833333</x>
      <y>0.70666665</y>
      <w>0.5043988</w>
      <t>1634</t>
    </point>
    <point>
      <x>0.23333333</x>
      <y>0.7</y>
      <w>0.5043988</w>
      <t>1634</t>
    </point>
    <point>
      <x>0.23</x>
      <y>0.6933333</y>
      <w>0.5043988</w>
      <t>1634</t>
    </point>
    <point>
      <x>0.22666667</x>
      <y>0.68833333</y>
      <w>0.50537634</w>
      <t>1667</t>
    </point>
    <point>
      <x>0.22333333</x>
      <y>0.6816667</y>
      <w>0.50537634</w>
      <t>1667</t>
    </point>
    <point>
      <x>0.22</x>
      <y>0.6766667</y>
      <w>0.50537634</w>
      <t>1667</t>
    </point>
    <point>
      <x>0.21833333</x>
      <y>0.6716667</y>
      <w>0.50537634</w>
      <t>1667</t>
    </point>
    <point>
      <x>0.215</x>
      <y>0.6666667</y>
      <w>0.50537634</w>
      <t>1701</t>
    </point>
    <point>
      <x>0.21333334</x>
      <y>0.6616667</y>
      <w>0.50537634</w>
      <t>1701</t>
    </point>
    <point>
      <x>0.21166667</x>
      <y>0.6566667</y>
      <w>0.50537634</w>
      <t>1701</t>
    </point>
    <point>
      <x>0.21</x>
      <y>0.65166664</y>
      <w>0.50537634</w>
      <t>1701</t>
    </point>
    <point>
      <x>0.20833333</x>
      <y>0.64666665</y>
      <w>0.5092864</w>
      <t>1734</t>
    </point>
    <point>
      <x>0.20666666</x>
      <y>0.64166665</y>
      <w>0.5092864</w>
      <t>1734</t>
    </point>
    <point>
      <x>0.205</x>
      <y>0.635</y>
      <w>0.5092864</w>
      <t>1734</t>
    </point>
    <point>
      <x>0.205</x>
      <y>0.63</y>
      <w>0.5092864</w>
      <t>1734</t>
    </point>
    <point>
      <x>0.20333333</x>
      <y>0.62666667</y>
      <w>0.5092864</w>
      <t>1734</t>
    </point>
    <point>
      <x>0.20333333</x>
      <y>0.62333333</y>
      <w>0.51710653</w>
      <t>1767</t>
    </point>
    <point>
      <x>0.20333333</x>
      <y>0.62</y>
      <w>0.51710653</w>
      <t>1767</t>
    </point>
    <point>
      <x>0.20333333</x>
      <y>0.615</y>
      <w>0.51710653</w>
      <t>1767</t>
    </point>
    <point>
      <x>0.20333333</x>
      <y>0.6116667</y>
      <w>0.51710653</w>
      <t>1767</t>
    </point>
    <point>
      <x>0.20333333</x>
      <y>0.6066667</y>
      <w>0.53274685</w>
      <t>1801</t>
    </point>
    <point>
      <x>0.205</x>
      <y>0.6016667</y>
      <w>0.53274685</w>
      <t>1801</t>
    </point>
    <point>
      <x>0.20666666</x>
      <y>0.5966667</y>
      <w>0.53274685</w>
      <t>1801</t>
    </point>
    <point>
      <x>0.21</x>
      <y>0.5883333</y>
      <w>0.53274685</w>
      <t>1801</t>
    </point>
    <point>
      <x>0.21166667</x>
      <y>0.58166665</y>
      <w>0.53274685</w>
      <t>1801</t>
    </point>
    <point>
      <x>0.21666667</x>
      <y>0.5733333</y>
      <w>0.5356794</w>
      <t>1834</t>
    </point>
    <point>
      <x>0.22</x>
      <y>0.565</y>
      <w>0.5356794</w>
      <t>1834</t>
    </point>
    <point>
      <x>0.225</x>
      <y>0.5566667</y>
      <w>0.5356794</w>
      <t>1834</t>
    </point>
    <point>
      <x>0.22833334</x>
      <y>0.55</y>
      <w>0.5356794</w>
      <t>1834</t>
    </point>
    <point>
      <x>0.23333333</x>
      <y>0.5416667</y>
      <w>0.53861195</w>
      <t>1867</t>
    </point>
    <point>
      <x>0.23833333</x>
      <y>0.535</y>
      <w>0.53861195</w>
      <t>1867</t>
    </point>
    <point>
      <x>0.24333334</x>
      <y>0.5283333</y>
      <w>0.53861195</w>
      <t>1867</t>
    </point>
    <point>
      <x>0.25</x>
      <y>0.52</y>
      <w>0.53861195</w>
      <t>1867</t>
    </point>
    <point>
      <x>0.25666666</x>
      <y>0.5133333</y>
      <w>0.53861195</w>
      <t>1867</t>
    </point>
    <point>
      <x>0.265</x>
      <y>0.505</y>
      <w>0.5542522</w>
      <t>1901</t>
    </point>
    <point>
      <x>0.27333334</x>
      <y>0.49666667</y>
      <w>0.5542522</w>
      <t>1901</t>
    </point>
    <point>
      <x>0.28166667</x>
      <y>0.48833334</y>
      <w>0.5542522</w>
      <t>1901</t>
    </point>
    <point>
      <x>0.29</x>
      <y>0.48166665</y>
      <w>0.5542522</w>
      <t>1901</t>
    </point>
    <point>
      <x>0.29833335</x>
      <y>0.475</y>
      <w>0.56989247</w>
      <t>1934</t>
    </point>
    <point>
      <x>0.305</x>
      <y>0.46833333</y>
      <w>0.56989247</w>
      <t>1934</t>
    </point>
    <point>
      <x>0.31166667</x>
      <y>0.46333334</y>
      <w>0.56989247</w>
      <t>1934</t>
    </point>
    <point>
      <x>0.31666666</x>
      <y>0.46</y>
      <w>0.56989247</w>
      <t>1934</t>
    </point>
    <point>
      <x>0.32166666</x>
      <y>0.45666668</y>
      <w>0.56989247</w>
      <t>1934</t>
    </point>
    <point>
      <x>0.32833335</x>
      <y>0.45333335</y>
      <w>0.5904203</w>
      <t>1967</t>
    </point>
    <point>
      <x>0.33333334</x>
      <y>0.45</y>
      <w>0.5904203</w>
      <t>1967</t>
    </point>
    <point>
      <x>0.33833334</x>
      <y>0.44666666</y>
      <w>0.5904203</w>
      <t>1967</t>
    </point>
    <point>
      <x>0.34333333</x>
      <y>0.445</y>
      <w>0.5904203</w>
      <t>1967</t>
    </point>
    <point>
      <x>0.34833333</x>
      <y>0.44333333</y>
      <w>0.59628546</w>
      <t>2001</t>
    </point>
    <point>
      <x>0.35333332</x>
      <y>0.44166666</y>
      <w>0.59628546</w>
      <t>2001</t>
    </point>
    <point>
      <x>0.35666665</x>
      <y>0.44</y>
      <w>0.59628546</w>
      <t>2001</t>
    </point>
    <point>
      <x>0.35833332</x>
      <y>0.44</y>
      <w>0.59628546</w>
      <t>2001</t>
    </point>
    <point>
      <x>0.36</x>
      <y>0.44</y>
      <w>0.61485827</w>
      <t>2034</t>
    </point>
    <point>
      <x>0.36333334</x>
      <y>0.44</y>
      <w>0.61485827</w>
      <t>2034</t>
    </point>
    <point>
      <x>0.365</x>
      <y>0.44</y>
      <w>0.61485827</w>
      <t>2034</t>
    </point>
    <point>
      <x>0.36666667</x>
      <y>0.44</y>
      <w>0.61485827</w>
      <t>2034</t>
    </point>
    <point>
      <x>0.36833334</x>
      <y>0.44</y>
      <w>0.6353861</w>
      <t>2067</t>
    </point>
    <point>
      <x>0.36833334</x>
      <y>0.44166666</y>
      <w>0.6471163</w>
      <t>2101</t>
    </point>
    <point>
      <x>0.37</x>
      <y>0.44166666</y>
      <w>0.6471163</w>
      <t>2101</t>
    </point>
    <point>
      <x>0.37</x>
      <y>0.44333333</y>
      <w>0.6901271</w>
      <t>2134</t>
    </point>
    <point>
      <x>0.37</x>
      <y>0.445</y>
      <w>0.6901271</w>
      <t>2134</t>
    </point>
    <point>
      <x>0.36833334</x>
      <y>0.44833332</y>
      <w>0.6901271</w>
      <t>2134</t>
    </point>
    <point>
      <x>0.36666667</x>
      <y>0.45</y>
      <w>0.7047898</w>
      <t>2167</t>
    </point>
    <point>
      <x>0.365</x>
      <y>0.45333335</y>
      <w>0.7047898</w>
      <t>2167</t>
    </point>
    <point>
      <x>0.36333334</x>
      <y>0.45666668</y>
      <w>0.7047898</w>
      <t>2167</t>
    </point>
    <point>
      <x>0.36166668</x>
      <y>0.45833334</y>
      <w>0.7047898</w>
      <t>2167</t>
    </point>
    <point>
      <x>0.35833332</x>
      <y>0.46333334</y>
      <w>0.7047898</w>
      <t>2167</t>
    </point>
    <point>
      <x>0.355</x>
      <y>0.46666667</y>
      <w>0.7174975</w>
      <t>2200</t>
    </point>
    <point>
      <x>0.35166666</x>
      <y>0.47</y>
      <w>0.7174975</w>
      <t>2200</t>
    </point>
    <point>
      <x>0.34833333</x>
      <y>0.47333333</y>
      <w>0.7174975</w>
      <t>2200</t>
    </point>
    <point>
      <x>0.345</x>
      <y>0.47666666</y>
      <w>0.7174975</w>
      <t>2200</t>
    </point>
    <point>
      <x>0.34166667</x>
      <y>0.48166665</y>
      <w>0.72629523</w>
      <t>2234</t>
    </point>
    <point>
      <x>0.33833334</x>
      <y>0.485</y>
      <w>0.72629523</w>
      <t>2234</t>
    </point>
    <point>
      <x>0.335</x>
      <y>0.48833334</y>
      <w>0.72629523</w>
      <t>2234</t>
    </point>
    <point>
      <x>0.33333334</x>
      <y>0.49166667</y>
      <w>0.72629523</w>
      <t>2234</t>
    </point>
    <point>
      <x>0.33</x>
      <y>0.495</y>
      <w>0.72629523</w>
      <t>2234</t>
    </point>
    <point>
      <x>0.32833335</x>
      <y>0.49833333</y>
      <w>0.72825027</w>
      <t>2267</t>
    </point>
    <point>
      <x>0.325</x>
      <y>0.50333333</y>
      <w>0.72825027</w>
      <t>2267</t>
    </point>
    <point>
      <x>0.32166666</x>
      <y>0.50666666</y>
      <w>0.72825027</w>
      <t>2267</t>
    </point>
    <point>
      <x>0.31833333</x>
      <y>0.51</y>
      <w>0.72825027</w>
      <t>2267</t>
    </point>
    <point>
      <x>0.31666666</x>
      <y>0.515</y>
      <w>0.7311828</w>
      <t>2301</t>
    </point>
    <point>
      <x>0.31333333</x>
      <y>0.5183333</y>
      <w>0.7311828</w>
      <t>2301</t>
    </point>
    <point>
      <x>0.31</x>
      <y>0.52166665</y>
      <w>0.7311828</w>
      <t>2301</t>
    </point>
    <point>
      <x>0.30833334</x>
      <y>0.52666664</y>
      <w>0.7311828</w>
      <t>2301</t>
    </point>
    <point>
      <x>0.30666667</x>
      <y>0.53</y>
      <w>0.7380254</w>
      <t>2334</t>
    </point>
    <point>
      <x>0.305</x>
      <y>0.53333336</y>
      <w>0.7380254</w>
      <t>2334</t>
    </point>
    <point>
      <x>0.30333334</x>
      <y>0.535</y>
      <w>0.7380254</w>
      <t>2334</t>
    </point>
    <point>
      <x>0.30166668</x>
      <y>0.53833336</y>
      <w>0.7380254</w>
      <t>2334</t>
    </point>
    <point>
      <x>0.30166668</x>
      <y>0.54</y>
      <w>0.7380254</w>
      <t>2334</t>
    </point>
    <point>
      <x>0.3</x>
      <y>0.54333335</y>
      <w>0.7380254</w>
      <t>2367</t>
    </point>
    <point>
      <x>0.3</x>
      <y>0.545</y>
      <w>0.7380254</w>
      <t>2367</t>
    </point>
    <point>
      <x>0.3</x>
      <y>0.5466667</y>
      <w>0.7380254</w>
      <t>2367</t>
    </point>
    <point>
      <x>0.29833335</x>
      <y>0.54833335</y>
      <w>0.7380254</w>
      <t>2367</t>
    </point>
    <point>
      <x>0.29833335</x>
      <y>0.55</y>
      <w>0.7370479</w>
      <t>2401</t>
    </point>
    <point>
      <x>0.29833335</x>
      <y>0.5516667</y>
      <w>0.7370479</w>
      <t>2401</t>
    </point>
    <point>
      <x>0.29833335</x>
      <y>0.55333334</y>
      <w>0.7370479</w>
      <t>2401</t>
    </point>
    <point>
      <x>0.29833335</x>
      <y>0.555</y>
      <w>0.7370479</w>
      <t>2401</t>
    </point>
    <point>
      <x>0.29833335</x>
      <y>0.5566667</y>
      <w>0.73313785</w>
      <t>2434</t>
    </point>
    <point>
      <x>0.29833335</x>
      <y>0.55833334</y>
      <w>0.73313785</w>
      <t>2434</t>
    </point>
    <point>
      <x>0.29833335</x>
      <y>0.56</y>
      <w>0.7302053</w>
      <t>2467</t>
    </point>
    <point>
      <x>0.29833335</x>
      <y>0.56166667</y>
      <w>0.7302053</w>
      <t>2467</t>
    </point>
    <point>
      <x>0.29833335</x>
      <y>0.56333333</y>
      <w>0.7302053</w>
      <t>2467</t>
    </point>
    <point>
      <x>0.3</x>
      <y>0.56333333</y>
      <w>0.7302053</w>
      <t>2467</t>
    </point>
    <point>
      <x>0.30166668</x>
      <y>0.565</y>
      <w>0.7194526</w>
      <t>2501</t>
    </point>
    <point>
      <x>0.30333334</x>
      <y>0.565</y>
      <w>0.7194526</w>
      <t>2501</t>
    </point>
    <point>
      <x>0.305</x>
      <y>0.565</y>
      <w>0.7106549</w>
      <t>2534</t>
    </point>
    <point>
      <x>0.305</x>
      <y>0.56666666</y>
      <w>0.7106549</w>
      <t>2534</t>
    </point>
    <point>
      <x>0.30666667</x>
      <y>0.56666666</y>
      <w>0.7106549</w>
      <t>2534</t>
    </point>
    <point>
      <x>0.30833334</x>
      <y>0.56666666</y>
      <w>0.7106549</w>
      <t>2534</t>
    </point>
    <point>
      <x>0.31</x>
      <y>0.56666666</y>
      <w>0.7106549</w>
      <t>2534</t>
    </point>
    <point>
      <x>0.31166667</x>
      <y>0.56666666</y>
      <w>0.67741936</w>
      <t>2567</t>
    </point>
    <point>
      <x>0.31333333</x>
      <y>0.565</y>
      <w>0.67741936</w>
      <t>2567</t>
    </point>
    <point>
      <x>0.315</x>
      <y>0.565</y>
      <w>0.67741936</w>
      <t>2567</t>
    </point>
    <point>
      <x>0.31833333</x>
      <y>0.56333333</y>
      <w>0.67741936</w>
      <t>2567</t>
    </point>
    <point>
      <x>0.32</x>
      <y>0.56166667</y>
      <w>0.66959924</w>
      <t>2601</t>
    </point>
    <point>
      <x>0.32333332</x>
      <y>0.56</y>
      <w>0.66959924</w>
      <t>2601</t>
    </point>
    <point>
      <x>0.32666665</x>
      <y>0.55833334</y>
      <w>0.66959924</w>
      <t>2601</t>
    </point>
    <point>
      <x>0.32833335</x>
      <y>0.5566667</y>
      <w>0.66959924</w>
      <t>2601</t>
    </point>
    <point>
      <x>0.33166668</x>
      <y>0.555</y>
      <w>0.6539589</w>
      <t>2634</t>
    </point>
    <point>
      <x>0.335</x>
      <y>0.5516667</y>
      <w>0.6539589</w>
      <t>2634</t>
    </point>
    <point>
      <x>0.33666667</x>
      <y>0.55</y>
      <w>0.6539589</w>
      <t>2634</t>
    </point>
    <point>
      <x>0.34</x>
      <y>0.54833335</y>
      <w>0.6539589</w>
      <t>2634</t>
    </point>
    <point>
      <x>0.34333333</x>
      <y>0.545</y>
      <w>0.6539589</w>
      <t>2634</t>
    </point>
    <point>
      <x>0.34666666</x>
      <y>0.5416667</y>
      <w>0.61485827</w>
      <t>2667</t>
    </point>
    <point>
      <x>0.35</x>
      <y>0.53833336</y>
      <w>0.61485827</w>
      <t>2667</t>
    </point>
    <point>
      <x>0.355</x>
      <y>0.535</y>
      <w>0.61485827</w>
      <t>2667</t>
    </point>
    <point>
      <x>0.36166668</x>
      <y>0.5316667</y>
      <w>0.61485827</w>
      <t>2667</t>
    </point>
    <point>
      <x>0.36666667</x>
      <y>0.5283333</y>
      <w>0.59433043</w>
      <t>2701</t>
    </point>
    <point>
      <x>0.37333333</x>
      <y>0.5233333</y>
      <w>0.59433043</w>
      <t>2701</t>
    </point>
    <point>
      <x>0.38</x>
      <y>0.52</y>
      <w>0.59433043</w>
      <t>2701</t>
    </point>
    <point>
      <x>0.38666666</x>
      <y>0.51666665</y>
      <w>0.59433043</w>
      <t>2701</t>
    </point>
    <point>
      <x>0.39333335</x>
      <y>0.5133333</y>
      <w>0.59433043</w>
      <t>2701</t>
    </point>
    <point>
      <x>0.39833334</x>
      <y>0.51</y>
      <w>0.5542522</w>
      <t>2734</t>
    </point>
    <point>
      <x>0.405</x>
      <y>0.50666666</y>
      <w>0.5542522</w>
      <t>2734</t>
    </point>
    <point>
      <x>0.41</x>
      <y>0.50333333</y>
      <w>0.5542522</w>
      <t>2734</t>
    </point>
    <point>
      <x>0.415</x>
      <y>0.5</y>
      <w>0.5542522</w>
      <t>2734</t>
    </point>
    <point>
      <x>0.42166665</x>
      <y>0.49666667</y>
      <w>0.51319647</w>
      <t>2767</t>
    </point>
    <point>
      <x>0.42833334</x>
      <y>0.49333334</y>
      <w>0.51319647</w>
      <t>2767</t>
    </point>
    <point>
      <x>0.435</x>
      <y>0.49</y>
      <w>0.51319647</w>
      <t>2767</t>
    </point>
    <point>
      <x>0.44</x>
      <y>0.48666668</y>
      <w>0.51319647</w>
      <t>2767</t>
    </point>
    <point>
      <x>0.445</x>
      <y>0.485</y>
      <w>0.51319647</w>
      <t>2767</t>
    </point>
    <point>
      <x>0.45166665</x>
      <y>0.48333332</y>
      <w>0.5043988</w>
      <t>2801</t>
    </point>
    <point>
      <x>0.45666668</x>
      <y>0.48</y>
      <w>0.5043988</w>
      <t>2801</t>
    </point>
    <point>
      <x>0.46166667</x>
      <y>0.47833332</y>
      <w>0.5043988</w>
      <t>2801</t>
    </point>
    <point>
      <x>0.46833333</x>
      <y>0.47666666</y>
      <w>0.5043988</w>
      <t>2801</t>
    </point>
    <point>
      <x>0.475</x>
      <y>0.475</y>
      <w>0.5043988</w>
      <t>2834</t>
    </point>
    <point>
      <x>0.48</x>
      <y>0.47166666</y>
      <w>0.5043988</w>
      <t>2834</t>
    </point>
    <point>
      <x>0.48666668</x>
      <y>0.47</y>
      <w>0.5043988</w>
      <t>2834</t>
    </point>
    <point>
      <x>0.49166667</x>
      <y>0.47</y>
      <w>0.5043988</w>
      <t>2834</t>
    </point>
    <point>
      <x>0.49666667</x>
      <y>0.46833333</y>
      <w>0.5043988</w>
      <t>2834</t>
    </point>
    <point>
      <x>0.5</x>
      <y>0.46666667</y>
      <w>0.5083089</w>
      <t>2867</t>
    </point>
    <point>
      <x>0.505</x>
      <y>0.46666667</y>
      <w>0.5083089</w>
      <t>2867</t>
    </point>
    <point>
      <x>0.5083333</x>
      <y>0.46666667</y>
      <w>0.5083089</w>
      <t>2867</t>
    </point>
    <point>
      <x>0.51166666</x>
      <y>0.46666667</y>
      <w>0.5083089</w>
      <t>2867</t>
    </point>
    <point>
      <x>0.51666665</x>
      <y>0.46666667</y>
      <w>0.5219941</w>
      <t>2900</t>
    </point>
    <point>
      <x>0.5183333</x>
      <y>0.46666667</y>
      <w>0.5219941</w>
      <t>2900</t>
    </point>
    <point>
      <x>0.52166665</x>
      <y>0.46666667</y>
      <w>0.5219941</w>
      <t>2900</t>
    </point>
    <point>
      <x>0.5233333</x>
      <y>0.46666667</y>
      <w>0.5219941</w>
      <t>2900</t>
    </point>
    <point>
      <x>0.525</x>
      <y>0.46666667</y>
      <w>0.542522</w>
      <t>2934</t>
    </point>
    <point>
      <x>0.52666664</x>
      <y>0.46666667</y>
      <w>0.542522</w>
      <t>2934</t>
    </point>
    <point>
      <x>0.5283333</x>
      <y>0.46666667</y>
      <w>0.542522</w>
      <t>2934</t>
    </point>
    <point>
      <x>0.53</x>
      <y>0.46833333</y>
      <w>0.5767351</w>
      <t>2967</t>
    </point>
    <point>
      <x>0.5316667</x>
      <y>0.46833333</y>
      <w>0.5767351</w>
      <t>2967</t>
    </point>
    <point>
      <x>0.53333336</x>
      <y>0.47</y>
      <w>0.5767351</w>
      <t>2967</t>
    </point>
    <point>
      <x>0.535</x>
      <y>0.47166666</y>
      <w>0.5767351</w>
      <t>2967</t>
    </point>
    <point>
      <x>0.5366667</x>
      <y>0.47333333</y>
      <w>0.5826002</w>
      <t>3001</t>
    </point>
    <point>
      <x>0.53833336</x>
      <y>0.475</y>
      <w>0.5826002</w>
      <t>3001</t>
    </point>
    <point>
      <x>0.54</x>
      <y>0.47666666</y>
      <w>0.5826002</w>
      <t>3001</t>
    </point>
    <point>
      <x>0.5416667</x>
      <y>0.47833332</y>
      <w>0.5826002</w>
      <t>3001</t>
    </point>
    <point>
      <x>0.54333335</x>
      <y>0.48</y>
      <w>0.5826002</w>
      <t>3001</t>
    </point>
    <point>
      <x>0.545</x>
      <y>0.48166665</y>
      <w>0.599218</w>
      <t>3034</t>
    </point>
    <point>
      <x>0.5466667</x>
      <y>0.48333332</y>
      <w>0.599218</w>
      <t>3034</t>
    </point>
    <point>
      <x>0.54833335</x>
      <y>0.485</y>
      <w>0.599218</w>
      <t>3034</t>
    </point>
    <point>
      <x>0.55</x>
      <y>0.48666668</y>
      <w>0.599218</w>
      <t>3034</t>
    </point>
    <point>
      <x>0.5516667</x>
      <y>0.48833334</y>
      <w>0.6168133</w>
      <t>3067</t>
    </point>
    <point>
      <x>0.55333334</x>
      <y>0.49</y>
      <w>0.6168133</w>
      <t>3067</t>
    </point>
    <point>
      <x>0.555</x>
      <y>0.49166667</y>
      <w>0.6168133</w>
      <t>3067</t>
    </point>
    <point>
      <x>0.55833334</x>
      <y>0.49333334</y>
      <w>0.6168133</w>
      <t>3067</t>
    </point>
    <point>
      <x>0.56</x>
      <y>0.495</y>
      <w>0.6168133</w>
      <t>3067</t>
    </point>
    <point>
      <x>0.56166667</x>
      <y>0.49666667</y>
      <w>0.62658846</w>
      <t>3101</t>
    </point>
    <point>
      <x>0.565</x>
      <y>0.49833333</y>
      <w>0.62658846</w>
      <t>3101</t>
    </point>
    <point>
      <x>0.56666666</x>
      <y>0.5</y>
      <w>0.62658846</w>
      <t>3101</t>
    </point>
    <point>
      <x>0.5683333</x>
      <y>0.50166667</y>
      <w>0.62658846</w>
      <t>3101</t>
    </point>
    <point>
      <x>0.57</x>
      <y>0.50166667</y>
      <w>0.6304985</w>
      <t>3134</t>
    </point>
    <point>
      <x>0.5733333</x>
      <y>0.50333333</y>
      <w>0.6304985</w>
      <t>3134</t>
    </point>
    <point>
      <x>0.575</x>
      <y>0.505</y>
      <w>0.6304985</w>
      <t>3134</t>
    </point>
    <point>
      <x>0.57666665</x>
      <y>0.505</y>
      <w>0.6304985</w>
      <t>3134</t>
    </point>
    <point>
      <x>0.58</x>
      <y>0.50666666</y>
      <w>0.6304985</w>
      <t>3134</t>
    </point>
    <point>
      <x>0.58166665</x>
      <y>0.50666666</y>
      <w>0.63245356</w>
      <t>3167</t>
    </point>
    <point>
      <x>0.5833333</x>
      <y>0.5083333</y>
      <w>0.63245356</w>
      <t>3167</t>
    </point>
    <point>
      <x>0.585</x>
      <y>0.5083333</y>
      <w>0.63245356</w>
      <t>3167</t>
    </point>
    <point>
      <x>0.5883333</x>
      <y>0.51</y>
      <w>0.63245356</w>
      <t>3167</t>
    </point>
    <point>
      <x>0.59166664</x>
      <y>0.51</y>
      <w>0.63245356</w>
      <t>3201</t>
    </point>
    <point>
      <x>0.5933333</x>
      <y>0.51</y>
      <w>0.63245356</w>
      <t>3201</t>
    </point>
    <point>
      <x>0.5966667</x>
      <y>0.51</y>
      <w>0.63245356</w>
      <t>3201</t>
    </point>
    <point>
      <x>0.59833336</x>
      <y>0.51</y>
      <w>0.63245356</w>
      <t>3201</t>
    </point>
    <point>
      <x>0.6016667</x>
      <y>0.51</y>
      <w>0.6344086</w>
      <t>3234</t>
    </point>
    <point>
      <x>0.605</x>
      <y>0.51</y>
      <w>0.6344086</w>
      <t>3234</t>
    </point>
    <point>
      <x>0.6066667</x>
      <y>0.51</y>
      <w>0.6344086</w>
      <t>3234</t>
    </point>
    <point>
      <x>0.61</x>
      <y>0.51</y>
      <w>0.6344086</w>
      <t>3234</t>
    </point>
    <point>
      <x>0.61333334</x>
      <y>0.51</y>
      <w>0.6344086</w>
      <t>3234</t>
    </point>
    <point>
      <x>0.6166667</x>
      <y>0.51</y>
      <w>0.63147604</w>
      <t>3267</t>
    </point>
    <point>
      <x>0.62166667</x>
      <y>0.5083333</y>
      <w>0.63147604</w>
      <t>3267</t>
    </point>
    <point>
      <x>0.625</x>
      <y>0.50666666</y>
      <w>0.63147604</w>
      <t>3267</t>
    </point>
    <point>
      <x>0.63</x>
      <y>0.50666666</y>
      <w>0.63147604</w>
      <t>3267</t>
    </point>
    <point>
      <x>0.635</x>
      <y>0.50333333</y>
      <w>0.62561095</w>
      <t>3300</t>
    </point>
    <point>
      <x>0.6383333</x>
      <y>0.50166667</y>
      <w>0.62561095</w>
      <t>3300</t>
    </point>
    <point>
      <x>0.6433333</x>
      <y>0.5</y>
      <w>0.62561095</w>
      <t>3300</t>
    </point>
    <point>
      <x>0.6483333</x>
      <y>0.49833333</y>
      <w>0.62561095</w>
      <t>3300</t>
    </point>
    <point>
      <x>0.65166664</x>
      <y>0.49666667</y>
      <w>0.62561095</w>
      <t>3300</t>
    </point>
    <point>
      <x>0.6566667</x>
      <y>0.495</y>
      <w>0.6109482</w>
      <t>3334</t>
    </point>
    <point>
      <x>0.66</x>
      <y>0.49333334</y>
      <w>0.6109482</w>
      <t>3334</t>
    </point>
    <point>
      <x>0.665</x>
      <y>0.49166667</y>
      <w>0.6109482</w>
      <t>3334</t>
    </point>
    <point>
      <x>0.66833335</x>
      <y>0.49</y>
      <w>0.6109482</w>
      <t>3334</t>
    </point>
    <point>
      <x>0.67333335</x>
      <y>0.48833334</y>
      <w>0.597263</w>
      <t>3367</t>
    </point>
    <point>
      <x>0.67833334</x>
      <y>0.485</y>
      <w>0.597263</w>
      <t>3367</t>
    </point>
    <point>
      <x>0.68333334</x>
      <y>0.48333332</y>
      <w>0.597263</w>
      <t>3367</t>
    </point>
    <point>
      <x>0.68833333</x>
      <y>0.48333332</y>
      <w>0.597263</w>
      <t>3367</t>
    </point>
    <point>
      <x>0.69166666</x>
      <y>0.48166665</y>
      <w>0.597263</w>
      <t>3367</t>
    </point>
    <point>
      <x>0.69666666</x>
      <y>0.48</y>
      <w>0.59628546</w>
      <t>3401</t>
    </point>
    <point>
      <x>0.70166665</x>
      <y>0.47833332</y>
      <w>0.59628546</w>
      <t>3401</t>
    </point>
    <point>
      <x>0.705</x>
      <y>0.47666666</y>
      <w>0.59628546</w>
      <t>3401</t>
    </point>
    <point>
      <x>0.71</x>
      <y>0.47666666</y>
      <w>0.59628546</w>
      <t>3401</t>
    </point>
    <point>
      <x>0.7133333</x>
      <y>0.475</y>
      <w>0.59530795</w>
      <t>3434</t>
    </point>
    <point>
      <x>0.71666664</x>
      <y>0.475</y>
      <w>0.59530795</w>
      <t>3434</t>
    </point>
    <point>
      <x>0.7183333</x>
      <y>0.475</y>
      <w>0.59530795</w>
      <t>3434</t>
    </point>
    <point>
      <x>0.7216667</x>
      <y>0.475</y>
      <w>0.59530795</w>
      <t>3434</t>
    </point>
    <point>
      <x>0.72333336</x>
      <y>0.475</y>
      <w>0.59530795</w>
      <t>3434</t>
    </point>
    <point>
      <x>0.7266667</x>
      <y>0.475</y>
      <w>0.59530795</w>
      <t>3467</t>
    </point>
    <point>
      <x>0.72833335</x>
      <y>0.475</y>
      <w>0.59530795</w>
      <t>3467</t>
    </point>
    <point>
      <x>0.7316667</x>
      <y>0.475</y>
      <w>0.59530795</w>
      <t>3467</t>
    </point>
    <point>
      <x>0.735</x>
      <y>0.475</y>
      <w>0.59530795</w>
      <t>3467</t>
    </point>
    <point>
      <x>0.73833334</x>
      <y>0.47666666</y>
      <w>0.6099707</w>
      <t>3501</t>
    </point>
    <point>
      <x>0.74333334</x>
      <y>0.47666666</y>
      <w>0.6099707</w>
      <t>3501</t>
    </point>
    <point>
      <x>0.74666667</x>
      <y>0.47833332</y>
      <w>0.6099707</w>
      <t>3501</t>
    </point>
    <point>
      <x>0.75166667</x>
      <y>0.48</y>
      <w>0.6099707</w>
      <t>3501</t>
    </point>
    <point>
      <x>0.75666666</x>
      <y>0.48166665</y>
      <w>0.63147604</w>
      <t>3534</t>
    </point>
    <point>
      <x>0.76166666</x>
      <y>0.48333332</y>
      <w>0.63147604</w>
      <t>3534</t>
    </point>
    <point>
      <x>0.765</x>
      <y>0.48333332</y>
      <w>0.63147604</w>
      <t>3534</t>
    </point>
    <point>
      <x>0.7683333</x>
      <y>0.485</y>
      <w>0.63147604</w>
      <t>3534</t>
    </point>
    <point>
      <x>0.7733333</x>
      <y>0.48666668</y>
      <w>0.63147604</w>
      <t>3534</t>
    </point>
    <point>
      <x>0.775</x>
      <y>0.48833334</y>
      <w>0.6676442</w>
      <t>3567</t>
    </point>
    <point>
      <x>0.7783333</x>
      <y>0.49</y>
      <w>0.6676442</w>
      <t>3567</t>
    </point>
    <point>
      <x>0.78</x>
      <y>0.49166667</y>
      <w>0.6676442</w>
      <t>3567</t>
    </point>
    <point>
      <x>0.78333336</x>
      <y>0.49333334</y>
      <w>0.6676442</w>
      <t>3567</t>
    </point>
    <point>
      <x>0.785</x>
      <y>0.495</y>
      <w>0.6979472</w>
      <t>3601</t>
    </point>
    <point>
      <x>0.78833336</x>
      <y>0.49666667</y>
      <w>0.6979472</w>
      <t>3601</t>
    </point>
    <point>
      <x>0.79</x>
      <y>0.5</y>
      <w>0.6979472</w>
      <t>3601</t>
    </point>
    <point>
      <x>0.7916667</x>
      <y>0.50166667</y>
      <w>0.6979472</w>
      <t>3601</t>
    </point>
    <point>
      <x>0.795</x>
      <y>0.50333333</y>
      <w>0.6979472</w>
      <t>3601</t>
    </point>
    <point>
      <x>0.79833335</x>
      <y>0.50666666</y>
      <w>0.742913</w>
      <t>3634</t>
    </point>
    <point>
      <x>0.8</x>
      <y>0.5083333</y>
      <w>0.742913</w>
      <t>3634</t>
    </point>
    <point>
      <x>0.80333334</x>
      <y>0.51166666</y>
      <w>0.742913</w>
      <t>3634</t>
    </point>
    <point>
      <x>0.8066667</x>
      <y>0.515</y>
      <w>0.742913</w>
      <t>3634</t>
    </point>
    <point>
      <x>0.81</x>
      <y>0.5183333</y>
      <w>0.7663734</w>
      <t>3667</t>
    </point>
    <point>
      <x>0.81166667</x>
      <y>0.52</y>
      <w>0.7663734</w>
      <t>3667</t>
    </point>
    <point>
      <x>0.815</x>
      <y>0.5233333</y>
      <w>0.7663734</w>
      <t>3667</t>
    </point>
    <point>
      <x>0.81666666</x>
      <y>0.525</y>
      <w>0.7663734</w>
      <t>3667</t>
    </point>
    <point>
      <x>0.8183333</x>
      <y>0.52666664</y>
      <w>0.7663734</w>
      <t>3667</t>
    </point>
    <point>
      <x>0.82</x>
      <y>0.5283333</y>
      <w>0.7790811</w>
      <t>3701</t>
    </point>
    <point>
      <x>0.82166666</x>
      <y>0.5316667</y>
      <w>0.7790811</w>
      <t>3701</t>
    </point>
    <point>
      <x>0.8233333</x>
      <y>0.53333336</y>
      <w>0.7790811</w>
      <t>3701</t>
    </point>
    <point>
      <x>0.825</x>
      <y>0.535</y>
      <w>0.7790811</w>
      <t>3701</t>
    </point>
    <point>
      <x>0.82666665</x>
      <y>0.5366667</y>
      <w>0.78396875</w>
      <t>3734</t>
    </point>
    <point>
      <x>0.8283333</x>
      <y>0.53833336</y>
      <w>0.78396875</w>
      <t>3734</t>
    </point>
    <point>
      <x>0.83</x>
      <y>0.54</y>
      <w>0.78396875</w>
      <t>3734</t>
    </point>
    <point>
      <x>0.83166665</x>
      <y>0.5416667</y>
      <w>0.78396875</w>
      <t>3734</t>
    </point>
    <point>
      <x>0.8333333</x>
      <y>0.54333335</y>
      <w>0.7859238</w>
      <t>3767</t>
    </point>
    <point>
      <x>0.835</x>
      <y>0.545</y>
      <w>0.7859238</w>
      <t>3767</t>
    </point>
    <point>
      <x>0.835</x>
      <y>0.5466667</y>
      <w>0.7859238</w>
      <t>3767</t>
    </point>
    <point>
      <x>0.83666664</x>
      <y>0.54833335</y>
      <w>0.7869013</w>
      <t>3801</t>
    </point>
    <point>
      <x>0.83666664</x>
      <y>0.55</y>
      <w>0.7869013</w>
      <t>3801</t>
    </point>
    <point>
      <x>0.83666664</x>
      <y>0.5516667</y>
      <w>0.78983384</w>
      <t>3833</t>
    </point>
    <point>
      <x>0.8383333</x>
      <y>0.5516667</y>
      <w>0.78983384</w>
      <t>3833</t>
    </point>
    <point>
      <x>0.83666664</x>
      <y>0.5516667</y>
      <w>0.7781036</w>
      <t>3934</t>
    </point>
    <point>
      <x>0.835</x>
      <y>0.5516667</y>
      <w>0.7468231</w>
      <t>3968</t>
    </point>
    <point>
      <x>0.83166665</x>
      <y>0.5516667</y>
      <w>0.7468231</w>
      <t>3968</t>
    </point>
    <point>
      <x>0.83</x>
      <y>0.55333334</y>
      <w>0.7468231</w>
      <t>3968</t>
    </point>
    <point>
      <x>0.82666665</x>
      <y>0.55333334</y>
      <w>0.7468231</w>
      <t>3968</t>
    </point>
    <point>
      <x>0.8233333</x>
      <y>0.555</y>
      <w>0.7468231</w>
      <t>3968</t>
    </point>
    <point>
      <x>0.82166666</x>
      <y>0.555</y>
      <w>0.7194526</w>
      <t>4000</t>
    </point>
    <point>
      <x>0.8183333</x>
      <y>0.555</y>
      <w>0.7194526</w>
      <t>4000</t>
    </point>
    <point>
      <x>0.815</x>
      <y>0.5566667</y>
      <w>0.7194526</w>
      <t>4000</t>
    </point>
    <point>
      <x>0.81333333</x>
      <y>0.5566667</y>
      <w>0.7194526</w>
      <t>4000</t>
    </point>
    <point>
      <x>0.81</x>
      <y>0.55833334</y>
      <w>0.67741936</w>
      <t>4034</t>
    </point>
    <point>
      <x>0.8066667</x>
      <y>0.56</y>
      <w>0.67741936</w>
      <t>4034</t>
    </point>
    <point>
      <x>0.8016667</x>
      <y>0.56</y>
      <w>0.67741936</w>
      <t>4034</t>
    </point>
    <point>
      <x>0.7966667</x>
      <y>0.56166667</y>
      <w>0.67741936</w>
      <t>4034</t>
    </point>
    <point>
      <x>0.78833336</x>
      <y>0.56333333</y>
      <w>0.67741936</w>
      <t>4034</t>
    </point>
    <point>
      <x>0.78</x>
      <y>0.56333333</y>
      <w>0.36363637</w>
      <t>4067</t>
    </point>
    <point>
      <x>0.77</x>
      <y>0.56333333</y>
      <w>0.36363637</w>
      <t>4067</t>
    </point>
    <point>
      <x>0.76166666</x>
      <y>0.565</y>
      <w>0.36363637</w>
      <t>4067</t>
    </point>
    <point>
      <x>0.75333333</x>
      <y>0.565</y>
      <w>0.36363637</w>
      <t>4067</t>
    </point>
  </stroke>
</character>
