<?xml version="1.0" encoding="UTF-8"?>
<character>
  <stroke time="0">
    <point>
      <x>0.37</x>
      <y>0.32833335</y>
      <w>0.4633431</w>
      <t>70</t>
    </point>
    <point>
      <x>0.37166667</x>
      <y>0.32666665</y>
      <w>0.59237534</w>
      <t>133</t>
    </point>
    <point>
      <x>0.375</x>
      <y>0.325</y>
      <w>0.59237534</w>
      <t>133</t>
    </point>
    <point>
      <x>0.37833333</x>
      <y>0.32333332</y>
      <w>0.59237534</w>
      <t>133</t>
    </point>
    <point>
      <x>0.38333333</x>
      <y>0.32166666</y>
      <w>0.59237534</w>
      <t>134</t>
    </point>
    <point>
      <x>0.38833332</x>
      <y>0.32</y>
      <w>0.63734114</w>
      <t>167</t>
    </point>
    <point>
      <x>0.39333335</x>
      <y>0.31833333</y>
      <w>0.63734114</w>
      <t>167</t>
    </point>
    <point>
      <x>0.4</x>
      <y>0.315</y>
      <w>0.63734114</w>
      <t>167</t>
    </point>
    <point>
      <x>0.40833333</x>
      <y>0.31333333</y>
      <w>0.63734114</w>
      <t>168</t>
    </point>
    <point>
      <x>0.415</x>
      <y>0.31166667</y>
      <w>0.63734114</w>
      <t>168</t>
    </point>
    <point>
      <x>0.425</x>
      <y>0.30833334</y>
      <w>0.6676442</w>
      <t>200</t>
    </point>
    <point>
      <x>0.435</x>
      <y>0.30666667</y>
      <w>0.6676442</w>
      <t>200</t>
    </point>
    <point>
      <x>0.445</x>
      <y>0.305</y>
      <w>0.6676442</w>
      <t>200</t>
    </point>
    <point>
      <x>0.455</x>
      <y>0.30333334</y>
      <w>0.6676442</w>
      <t>201</t>
    </point>
    <point>
      <x>0.46666667</x>
      <y>0.30333334</y>
      <w>0.69501466</w>
      <t>233</t>
    </point>
    <point>
      <x>0.47666666</x>
      <y>0.30166668</y>
      <w>0.69501466</w>
      <t>233</t>
    </point>
    <point>
      <x>0.48666668</x>
      <y>0.30166668</y>
      <w>0.69501466</w>
      <t>233</t>
    </point>
    <point>
      <x>0.49333334</x>
      <y>0.30166668</y>
      <w>0.69501466</w>
      <t>234</t>
    </point>
    <point>
      <x>0.50166667</x>
      <y>0.30166668</y>
      <w>0.69501466</w>
      <t>234</t>
    </point>
    <point>
      <x>0.50666666</x>
      <y>0.30166668</y>
      <w>0.7028348</w>
      <t>267</t>
    </point>
    <point>
      <x>0.5133333</x>
      <y>0.30166668</y>
      <w>0.7028348</w>
      <t>269</t>
    </point>
    <point>
      <x>0.51666665</x>
      <y>0.30333334</y>
      <w>0.7028348</w>
      <t>269</t>
    </point>
    <point>
      <x>0.52166665</x>
      <y>0.305</y>
      <w>0.7028348</w>
      <t>269</t>
    </point>
    <point>
      <x>0.525</x>
      <y>0.30666667</y>
      <w>0.72629523</w>
      <t>300</t>
    </point>
    <point>
      <x>0.52666664</x>
      <y>0.30833334</y>
      <w>0.72629523</w>
      <t>300</t>
    </point>
    <point>
      <x>0.5283333</x>
      <y>0.30833334</y>
      <w>0.72629523</w>
      <t>300</t>
    </point>
    <point>
      <x>0.53</x>
      <y>0.31</y>
      <w>0.72629523</w>
      <t>301</t>
    </point>
    <point>
      <x>0.53</x>
      <y>0.31166667</y>
      <w>0.7380254</w>
      <t>333</t>
    </point>
    <point>
      <x>0.53</x>
      <y>0.31333333</y>
      <w>0.76930594</w>
      <t>367</t>
    </point>
    <point>
      <x>0.5283333</x>
      <y>0.31666666</y>
      <w>0.76930594</w>
      <t>367</t>
    </point>
    <point>
      <x>0.525</x>
      <y>0.32</y>
      <w>0.76930594</w>
      <t>367</t>
    </point>
    <point>
      <x>0.5233333</x>
      <y>0.32333332</y>
      <w>0.7790811</w>
      <t>400</t>
    </point>
    <point>
      <x>0.52</x>
      <y>0.32833335</y>
      <w>0.7790811</w>
      <t>400</t>
    </point>
    <point>
      <x>0.51666665</x>
      <y>0.33333334</y>
      <w>0.7790811</w>
      <t>400</t>
    </point>
    <point>
      <x>0.5133333</x>
      <y>0.33833334</y>
      <w>0.7790811</w>
      <t>401</t>
    </point>
    <point>
      <x>0.5083333</x>
      <y>0.345</y>
      <w>0.7790811</w>
      <t>401</t>
    </point>
    <point>
      <x>0.505</x>
      <y>0.35166666</y>
      <w>0.78103614</w>
      <t>433</t>
    </point>
    <point>
      <x>0.5</x>
      <y>0.35833332</y>
      <w>0.78103614</w>
      <t>433</t>
    </point>
    <point>
      <x>0.495</x>
      <y>0.365</y>
      <w>0.78103614</w>
      <t>433</t>
    </point>
    <point>
      <x>0.49166667</x>
      <y>0.37166667</y>
      <w>0.78103614</w>
      <t>434</t>
    </point>
    <point>
      <x>0.48666668</x>
      <y>0.37833333</y>
      <w>0.78103614</w>
      <t>466</t>
    </point>
    <point>
      <x>0.48166665</x>
      <y>0.385</y>
      <w>0.78103614</w>
      <t>466</t>
    </point>
    <point>
      <x>0.47833332</x>
      <y>0.39166668</y>
      <w>0.78103614</w>
      <t>467</t>
    </point>
    <point>
      <x>0.47333333</x>
      <y>0.39666668</y>
      <w>0.78103614</w>
      <t>467</t>
    </point>
    <point>
      <x>0.47166666</x>
      <y>0.40333334</y>
      <w>0.78103614</w>
      <t>467</t>
    </point>
    <point>
      <x>0.46833333</x>
      <y>0.40666667</y>
      <w>0.7800586</w>
      <t>500</t>
    </point>
    <point>
      <x>0.46666667</x>
      <y>0.41166666</y>
      <w>0.7800586</w>
      <t>500</t>
    </point>
    <point>
      <x>0.465</x>
      <y>0.41666666</y>
      <w>0.7800586</w>
      <t>500</t>
    </point>
    <point>
      <x>0.46333334</x>
      <y>0.42</y>
      <w>0.7800586</w>
      <t>501</t>
    </point>
    <point>
      <x>0.46166667</x>
      <y>0.42333335</y>
      <w>0.7771261</w>
      <t>533</t>
    </point>
    <point>
      <x>0.46166667</x>
      <y>0.42666668</y>
      <w>0.7771261</w>
      <t>533</t>
    </point>
    <point>
      <x>0.46</x>
      <y>0.43</y>
      <w>0.7771261</w>
      <t>533</t>
    </point>
    <point>
      <x>0.46</x>
      <y>0.43166667</y>
      <w>0.7771261</w>
      <t>533</t>
    </point>
    <point>
      <x>0.46</x>
      <y>0.43333334</y>
      <w>0.7771261</w>
      <t>534</t>
    </point>
    <point>
      <x>0.46</x>
      <y>0.435</y>
      <w>0.77517104</w>
      <t>566</t>
    </point>
    <point>
      <x>0.46</x>
      <y>0.43666667</y>
      <w>0.77517104</w>
      <t>566</t>
    </point>
    <point>
      <x>0.46</x>
      <y>0.43833333</y>
      <w>0.77517104</w>
      <t>566</t>
    </point>
    <point>
      <x>0.46166667</x>
      <y>0.44</y>
      <w>0.771261</w>
      <t>600</t>
    </point>
    <point>
      <x>0.46166667</x>
      <y>0.44166666</y>
      <w>0.771261</w>
      <t>600</t>
    </point>
    <point>
      <x>0.46333334</x>
      <y>0.44333333</y>
      <w>0.771261</w>
      <t>600</t>
    </point>
    <point>
      <x>0.465</x>
      <y>0.445</y>
      <w>0.76930594</w>
      <t>633</t>
    </point>
    <point>
      <x>0.46666667</x>
      <y>0.44666666</y>
      <w>0.76930594</w>
      <t>633</t>
    </point>
    <point>
      <x>0.47</x>
      <y>0.45</y>
      <w>0.76930594</w>
      <t>633</t>
    </point>
    <point>
      <x>0.47166666</x>
      <y>0.45166665</y>
      <w>0.76930594</w>
      <t>633</t>
    </point>
    <point>
      <x>0.475</x>
      <y>0.455</y>
      <w>0.76930594</w>
      <t>634</t>
    </point>
    <point>
      <x>0.47833332</x>
      <y>0.45666668</y>
      <w>0.77028346</w>
      <t>667</t>
    </point>
    <point>
      <x>0.48166665</x>
      <y>0.46</y>
      <w>0.77028346</w>
      <t>667</t>
    </point>
    <point>
      <x>0.485</x>
      <y>0.46333334</y>
      <w>0.77028346</w>
      <t>667</t>
    </point>
    <point>
      <x>0.48833334</x>
      <y>0.46666667</y>
      <w>0.77028346</w>
      <t>667</t>
    </point>
    <point>
      <x>0.49166667</x>
      <y>0.47</y>
      <w>0.771261</w>
      <t>700</t>
    </point>
    <point>
      <x>0.495</x>
      <y>0.475</y>
      <w>0.771261</w>
      <t>700</t>
    </point>
    <point>
      <x>0.49833333</x>
      <y>0.48</y>
      <w>0.771261</w>
      <t>700</t>
    </point>
    <point>
      <x>0.50166667</x>
      <y>0.485</y>
      <w>0.771261</w>
      <t>700</t>
    </point>
    <point>
      <x>0.505</x>
      <y>0.49</y>
      <w>0.771261</w>
      <t>701</t>
    </point>
    <point>
      <x>0.50666666</x>
      <y>0.49666667</y>
      <w>0.7722385</w>
      <t>733</t>
    </point>
    <point>
      <x>0.51</x>
      <y>0.50166667</y>
      <w>0.7722385</w>
      <t>733</t>
    </point>
    <point>
      <x>0.51166666</x>
      <y>0.5083333</y>
      <w>0.7722385</w>
      <t>733</t>
    </point>
    <point>
      <x>0.5133333</x>
      <y>0.5133333</y>
      <w>0.7722385</w>
      <t>733</t>
    </point>
    <point>
      <x>0.51666665</x>
      <y>0.52</y>
      <w>0.77614856</w>
      <t>766</t>
    </point>
    <point>
      <x>0.51666665</x>
      <y>0.525</y>
      <w>0.77614856</w>
      <t>766</t>
    </point>
    <point>
      <x>0.5183333</x>
      <y>0.5316667</y>
      <w>0.77614856</w>
      <t>766</t>
    </point>
    <point>
      <x>0.52</x>
      <y>0.54</y>
      <w>0.77614856</w>
      <t>766</t>
    </point>
    <point>
      <x>0.52166665</x>
      <y>0.5466667</y>
      <w>0.7869013</w>
      <t>800</t>
    </point>
    <point>
      <x>0.52166665</x>
      <y>0.55333334</y>
      <w>0.7869013</w>
      <t>800</t>
    </point>
    <point>
      <x>0.52166665</x>
      <y>0.56</y>
      <w>0.7869013</w>
      <t>802</t>
    </point>
    <point>
      <x>0.52166665</x>
      <y>0.56666666</y>
      <w>0.7888563</w>
      <t>802</t>
    </point>
    <point>
      <x>0.5233333</x>
      <y>0.575</y>
      <w>0.7888563</w>
      <t>802</t>
    </point>
    <point>
      <x>0.5233333</x>
      <y>0.58166665</y>
      <w>0.7927664</w>
      <t>833</t>
    </point>
    <point>
      <x>0.5233333</x>
      <y>0.5883333</y>
      <w>0.7927664</w>
      <t>833</t>
    </point>
    <point>
      <x>0.5233333</x>
      <y>0.5966667</y>
      <w>0.7927664</w>
      <t>833</t>
    </point>
    <point>
      <x>0.5233333</x>
      <y>0.60333335</y>
      <w>0.7927664</w>
      <t>833</t>
    </point>
    <point>
      <x>0.5233333</x>
      <y>0.6116667</y>
      <w>0.7927664</w>
      <t>834</t>
    </point>
    <point>
      <x>0.5233333</x>
      <y>0.62</y>
      <w>0.8064516</w>
      <t>866</t>
    </point>
    <point>
      <x>0.5233333</x>
      <y>0.62833333</y>
      <w>0.8064516</w>
      <t>866</t>
    </point>
    <point>
      <x>0.52166665</x>
      <y>0.63666666</y>
      <w>0.8064516</w>
      <t>866</t>
    </point>
    <point>
      <x>0.52</x>
      <y>0.64666665</y>
      <w>0.8064516</w>
      <t>866</t>
    </point>
    <point>
      <x>0.52</x>
      <y>0.655</y>
      <w>0.80840665</w>
      <t>900</t>
    </point>
    <point>
      <x>0.5183333</x>
      <y>0.66333336</y>
      <w>0.80840665</w>
      <t>900</t>
    </point>
    <point>
      <x>0.5183333</x>
      <y>0.6716667</y>
      <w>0.80840665</w>
      <t>900</t>
    </point>
    <point>
      <x>0.51666665</x>
      <y>0.67833334</y>
      <w>0.80840665</w>
      <t>900</t>
    </point>
    <point>
      <x>0.515</x>
      <y>0.685</y>
      <w>0.8113392</w>
      <t>933</t>
    </point>
    <point>
      <x>0.5133333</x>
      <y>0.69166666</y>
      <w>0.8113392</w>
      <t>933</t>
    </point>
    <point>
      <x>0.5133333</x>
      <y>0.6983333</y>
      <w>0.8113392</w>
      <t>933</t>
    </point>
    <point>
      <x>0.51166666</x>
      <y>0.7033333</y>
      <w>0.8113392</w>
      <t>933</t>
    </point>
    <point>
      <x>0.51</x>
      <y>0.71</y>
      <w>0.8113392</w>
      <t>934</t>
    </point>
    <point>
      <x>0.51</x>
      <y>0.7133333</y>
      <w>0.8123167</w>
      <t>966</t>
    </point>
    <point>
      <x>0.5083333</x>
      <y>0.7183333</y>
      <w>0.8123167</w>
      <t>966</t>
    </point>
    <point>
      <x>0.50666666</x>
      <y>0.7216667</y>
      <w>0.8123167</w>
      <t>966</t>
    </point>
    <point>
      <x>0.505</x>
      <y>0.725</y>
      <w>0.8123167</w>
      <t>966</t>
    </point>
    <point>
      <x>0.505</x>
      <y>0.72833335</y>
      <w>0.81329423</w>
      <t>1000</t>
    </point>
    <point>
      <x>0.50333333</x>
      <y>0.7316667</y>
      <w>0.81329423</w>
      <t>1000</t>
    </point>
    <point>
      <x>0.50166667</x>
      <y>0.73333335</y>
      <w>0.81329423</w>
      <t>1000</t>
    </point>
    <point>
      <x>0.5</x>
      <y>0.7366667</y>
      <w>0.81329423</w>
      <t>1000</t>
    </point>
    <point>
      <x>0.49833333</x>
      <y>0.74</y>
      <w>0.81329423</w>
      <t>1000</t>
    </point>
    <point>
      <x>0.49666667</x>
      <y>0.7416667</y>
      <w>0.8103617</w>
      <t>1033</t>
    </point>
    <point>
      <x>0.495</x>
      <y>0.745</y>
      <w>0.8103617</w>
      <t>1033</t>
    </point>
    <point>
      <x>0.495</x>
      <y>0.74666667</y>
      <w>0.8103617</w>
      <t>1033</t>
    </point>
    <point>
      <x>0.49333334</x>
      <y>0.74833333</y>
      <w>0.8103617</w>
      <t>1033</t>
    </point>
    <point>
      <x>0.49166667</x>
      <y>0.75</y>
      <w>0.7937439</w>
      <t>1068</t>
    </point>
    <point>
      <x>0.49</x>
      <y>0.75166667</y>
      <w>0.7937439</w>
      <t>1069</t>
    </point>
    <point>
      <x>0.48833334</x>
      <y>0.75333333</y>
      <w>0.7937439</w>
      <t>1069</t>
    </point>
    <point>
      <x>0.48666668</x>
      <y>0.75333333</y>
      <w>0.7937439</w>
      <t>1069</t>
    </point>
    <point>
      <x>0.485</x>
      <y>0.75333333</y>
      <w>0.76441836</w>
      <t>1100</t>
    </point>
    <point>
      <x>0.485</x>
      <y>0.755</y>
      <w>0.76441836</w>
      <t>1100</t>
    </point>
    <point>
      <x>0.48333332</x>
      <y>0.755</y>
      <w>0.76441836</w>
      <t>1100</t>
    </point>
    <point>
      <x>0.48166665</x>
      <y>0.755</y>
      <w>0.7350929</w>
      <t>1133</t>
    </point>
    <point>
      <x>0.47833332</x>
      <y>0.755</y>
      <w>0.7350929</w>
      <t>1133</t>
    </point>
    <point>
      <x>0.47666666</x>
      <y>0.75333333</y>
      <w>0.7350929</w>
      <t>1133</t>
    </point>
    <point>
      <x>0.47333333</x>
      <y>0.75166667</y>
      <w>0.7350929</w>
      <t>1133</t>
    </point>
    <point>
      <x>0.47</x>
      <y>0.75</y>
      <w>0.7350929</w>
      <t>1134</t>
    </point>
    <point>
      <x>0.465</x>
      <y>0.74833333</y>
      <w>0.6979472</w>
      <t>1167</t>
    </point>
    <point>
      <x>0.46166667</x>
      <y>0.745</y>
      <w>0.6979472</w>
      <t>1167</t>
    </point>
    <point>
      <x>0.45666668</x>
      <y>0.7416667</y>
      <w>0.6979472</w>
      <t>1167</t>
    </point>
    <point>
      <x>0.45333335</x>
      <y>0.73833334</y>
      <w>0.6979472</w>
      <t>1167</t>
    </point>
    <point>
      <x>0.44833332</x>
      <y>0.735</y>
      <w>0.6334311</w>
      <t>1200</t>
    </point>
    <point>
      <x>0.44333333</x>
      <y>0.7316667</y>
      <w>0.6334311</w>
      <t>1200</t>
    </point>
    <point>
      <x>0.43833333</x>
      <y>0.73</y>
      <w>0.6334311</w>
      <t>1200</t>
    </point>
    <point>
      <x>0.43333334</x>
      <y>0.7266667</y>
      <w>0.6334311</w>
      <t>1200</t>
    </point>
    <point>
      <x>0.42833334</x>
      <y>0.72333336</y>
      <w>0.5835777</w>
      <t>1233</t>
    </point>
    <point>
      <x>0.42333335</x>
      <y>0.7216667</y>
      <w>0.5835777</w>
      <t>1233</t>
    </point>
    <point>
      <x>0.41666666</x>
      <y>0.7183333</y>
      <w>0.5835777</w>
      <t>1233</t>
    </point>
    <point>
      <x>0.41166666</x>
      <y>0.715</y>
      <w>0.5835777</w>
      <t>1233</t>
    </point>
    <point>
      <x>0.40666667</x>
      <y>0.71166664</y>
      <w>0.5835777</w>
      <t>1233</t>
    </point>
    <point>
      <x>0.4</x>
      <y>0.7083333</y>
      <w>0.5415445</w>
      <t>1267</t>
    </point>
    <point>
      <x>0.395</x>
      <y>0.705</y>
      <w>0.5415445</w>
      <t>1267</t>
    </point>
    <point>
      <x>0.38833332</x>
      <y>0.70166665</y>
      <w>0.5415445</w>
      <t>1267</t>
    </point>
    <point>
      <x>0.38166666</x>
      <y>0.69666666</y>
      <w>0.5415445</w>
      <t>1267</t>
    </point>
    <point>
      <x>0.37666667</x>
      <y>0.6933333</y>
      <w>0.49266863</w>
      <t>1300</t>
    </point>
    <point>
      <x>0.37</x>
      <y>0.69</y>
      <w>0.49266863</w>
      <t>1300</t>
    </point>
    <point>
      <x>0.365</x>
      <y>0.68666667</y>
      <w>0.49266863</w>
      <t>1300</t>
    </point>
    <point>
      <x>0.36</x>
      <y>0.68333334</y>
      <w>0.49266863</w>
      <t>1300</t>
    </point>
    <point>
      <x>0.355</x>
      <y>0.68</y>
      <w>0.49266863</w>
      <t>1300</t>
    </point>
    <point>
      <x>0.35</x>
      <y>0.6766667</y>
      <w>0.48191592</w>
      <t>1333</t>
    </point>
    <point>
      <x>0.34666666</x>
      <y>0.675</y>
      <w>0.48191592</w>
      <t>1333</t>
    </point>
    <point>
      <x>0.34166667</x>
      <y>0.67</y>
      <w>0.48191592</w>
      <t>1333</t>
    </point>
    <point>
      <x>0.33833334</x>
      <y>0.6666667</y>
      <w>0.48191592</w>
      <t>1333</t>
    </point>
    <point>
      <x>0.33333334</x>
      <y>0.66333336</y>
      <w>0.36168134</w>
      <t>1367</t>
    </point>
    <point>
      <x>0.33</x>
      <y>0.65833336</y>
      <w>0.36168134</w>
      <t>1367</t>
    </point>
    <point>
      <x>0.32666665</x>
      <y>0.655</y>
      <w>0.36168134</w>
      <t>1367</t>
    </point>
    <point>
      <x>0.32333332</x>
      <y>0.65166664</y>
      <w>0.36168134</w>
      <t>1367</t>
    </point>
    <point>
      <x>0.32166666</x>
      <y>0.64666665</y>
      <w>0.36168134</w>
      <t>1367</t>
    </point>
    <point>
      <x>0.32</x>
      <y>0.6433333</y>
      <w>0.21994135</w>
      <t>1400</t>
    </point>
    <point>
      <x>0.31833333</x>
      <y>0.6383333</y>
      <w>0.21994135</w>
      <t>1400</t>
    </point>
    <point>
      <x>0.31666666</x>
      <y>0.635</y>
      <w>0.21994135</w>
      <t>1400</t>
    </point>
    <point>
      <x>0.31666666</x>
      <y>0.63166666</y>
      <w>0.21994135</w>
      <t>1400</t>
    </point>
    <point>
      <x>0.315</x>
      <y>0.62833333</y>
      <w>0.12414467</w>
      <t>1434</t>
    </point>
    <point>
      <x>0.315</x>
      <y>0.62666667</y>
      <w>0.12414467</w>
      <t>1434</t>
    </point>
    <point>
      <x>0.315</x>
      <y>0.62333333</y>
      <w>0.12414467</w>
      <t>1434</t>
    </point>
    <point>
      <x>0.315</x>
      <y>0.62166667</y>
      <w>0.12414467</w>
      <t>1434</t>
    </point>
    <point>
      <x>0.315</x>
      <y>0.62</y>
      <w>0.109481916</w>
      <t>1467</t>
    </point>
    <point>
      <x>0.315</x>
      <y>0.61833334</y>
      <w>0.109481916</w>
      <t>1467</t>
    </point>
    <point>
      <x>0.31666666</x>
      <y>0.6166667</y>
      <w>0.1652004</w>
      <t>1500</t>
    </point>
    <point>
      <x>0.31666666</x>
      <y>0.615</y>
      <w>0.1652004</w>
      <t>1500</t>
    </point>
    <point>
      <x>0.31833333</x>
      <y>0.615</y>
      <w>0.1652004</w>
      <t>1500</t>
    </point>
    <point>
      <x>0.32</x>
      <y>0.61333334</y>
      <w>0.1652004</w>
      <t>1500</t>
    </point>
    <point>
      <x>0.32166666</x>
      <y>0.6116667</y>
      <w>0.2111437</w>
      <t>1533</t>
    </point>
    <point>
      <x>0.325</x>
      <y>0.61</y>
      <w>0.2111437</w>
      <t>1533</t>
    </point>
    <point>
      <x>0.32666665</x>
      <y>0.60833335</y>
      <w>0.2111437</w>
      <t>1533</t>
    </point>
    <point>
      <x>0.33</x>
      <y>0.6066667</y>
      <w>0.2111437</w>
      <t>1533</t>
    </point>
    <point>
      <x>0.33333334</x>
      <y>0.605</y>
      <w>0.2111437</w>
      <t>1533</t>
    </point>
    <point>
      <x>0.33833334</x>
      <y>0.60333335</y>
      <w>0.30107528</w>
      <t>1567</t>
    </point>
    <point>
      <x>0.34333333</x>
      <y>0.6016667</y>
      <w>0.30107528</w>
      <t>1567</t>
    </point>
    <point>
      <x>0.34833333</x>
      <y>0.6</y>
      <w>0.30107528</w>
      <t>1567</t>
    </point>
    <point>
      <x>0.35333332</x>
      <y>0.5966667</y>
      <w>0.30107528</w>
      <t>1567</t>
    </point>
    <point>
      <x>0.36</x>
      <y>0.595</y>
      <w>0.38807428</w>
      <t>1600</t>
    </point>
    <point>
      <x>0.36666667</x>
      <y>0.59166664</y>
      <w>0.38807428</w>
      <t>1600</t>
    </point>
    <point>
      <x>0.37333333</x>
      <y>0.59</y>
      <w>0.38807428</w>
      <t>1600</t>
    </point>
    <point>
      <x>0.38</x>
      <y>0.58666664</y>
      <w>0.38807428</w>
      <t>1600</t>
    </point>
    <point>
      <x>0.38666666</x>
      <y>0.585</y>
      <w>0.38807428</w>
      <t>1600</t>
    </point>
    <point>
      <x>0.39333335</x>
      <y>0.5833333</y>
      <w>0.4633431</w>
      <t>1633</t>
    </point>
    <point>
      <x>0.4</x>
      <y>0.58166665</y>
      <w>0.4633431</w>
      <t>1633</t>
    </point>
    <point>
      <x>0.40833333</x>
      <y>0.58</y>
      <w>0.4633431</w>
      <t>1633</t>
    </point>
    <point>
      <x>0.41666666</x>
      <y>0.5783333</y>
      <w>0.4633431</w>
      <t>1633</t>
    </point>
    <point>
      <x>0.425</x>
      <y>0.57666665</y>
      <w>0.57380253</w>
      <t>1667</t>
    </point>
    <point>
      <x>0.435</x>
      <y>0.575</y>
      <w>0.57380253</w>
      <t>1667</t>
    </point>
    <point>
      <x>0.44333333</x>
      <y>0.57166666</y>
      <w>0.57380253</w>
      <t>1667</t>
    </point>
    <point>
      <x>0.455</x>
      <y>0.57</y>
      <w>0.57380253</w>
      <t>1667</t>
    </point>
    <point>
      <x>0.465</x>
      <y>0.56666666</y>
      <w>0.57380253</w>
      <t>1667</t>
    </point>
    <point>
      <x>0.475</x>
      <y>0.565</y>
      <w>0.684262</w>
      <t>1700</t>
    </point>
    <point>
      <x>0.485</x>
      <y>0.56333333</y>
      <w>0.684262</w>
      <t>1700</t>
    </point>
    <point>
      <x>0.495</x>
      <y>0.56166667</y>
      <w>0.684262</w>
      <t>1700</t>
    </point>
    <point>
      <x>0.50666666</x>
      <y>0.56166667</y>
      <w>0.684262</w>
      <t>1700</t>
    </point>
    <point>
      <x>0.51666665</x>
      <y>0.56166667</y>
      <w>0.7438905</w>
      <t>1733</t>
    </point>
    <point>
      <x>0.52666664</x>
      <y>0.56166667</y>
      <w>0.7438905</w>
      <t>1733</t>
    </point>
    <point>
      <x>0.53833336</x>
      <y>0.56166667</y>
      <w>0.7438905</w>
      <t>1733</t>
    </point>
    <point>
      <x>0.54833335</x>
      <y>0.56166667</y>
      <w>0.7438905</w>
      <t>1733</t>
    </point>
    <point>
      <x>0.56</x>
      <y>0.56333333</y>
      <w>0.7438905</w>
      <t>1733</t>
    </point>
    <point>
      <x>0.57</x>
      <y>0.56333333</y>
      <w>0.7820137</w>
      <t>1766</t>
    </point>
    <point>
      <x>0.58166665</x>
      <y>0.565</y>
      <w>0.7820137</w>
      <t>1766</t>
    </point>
    <point>
      <x>0.59</x>
      <y>0.56666666</y>
      <w>0.7820137</w>
      <t>1766</t>
    </point>
    <point>
      <x>0.6</x>
      <y>0.5683333</y>
      <w>0.7820137</w>
      <t>1766</t>
    </point>
    <point>
      <x>0.60833335</x>
      <y>0.57</y>
      <w>0.797654</w>
      <t>1800</t>
    </point>
    <point>
      <x>0.615</x>
      <y>0.57166666</y>
      <w>0.797654</w>
      <t>1800</t>
    </point>
    <point>
      <x>0.62166667</x>
      <y>0.5733333</y>
      <w>0.797654</w>
      <t>1800</t>
    </point>
    <point>
      <x>0.62833333</x>
      <y>0.575</y>
      <w>0.797654</w>
      <t>1800</t>
    </point>
    <point>
      <x>0.635</x>
      <y>0.57666665</y>
      <w>0.8103617</w>
      <t>1833</t>
    </point>
    <point>
      <x>0.64</x>
      <y>0.5783333</y>
      <w>0.8103617</w>
      <t>1833</t>
    </point>
    <point>
      <x>0.645</x>
      <y>0.58</y>
      <w>0.8103617</w>
      <t>1833</t>
    </point>
    <point>
      <x>0.6483333</x>
      <y>0.58166665</y>
      <w>0.8103617</w>
      <t>1833</t>
    </point>
    <point>
      <x>0.65166664</x>
      <y>0.5833333</y>
      <w>0.8103617</w>
      <t>1833</t>
    </point>
    <point>
      <x>0.6566667</x>
      <y>0.585</y>
      <w>0.8338221</w>
      <t>1867</t>
    </point>
    <point>
      <x>0.65833336</x>
      <y>0.58666664</y>
      <w>0.8338221</w>
      <t>1867</t>
    </point>
    <point>
      <x>0.6616667</x>
      <y>0.5883333</y>
      <w>0.8338221</w>
      <t>1867</t>
    </point>
    <point>
      <x>0.66333336</x>
      <y>0.5883333</y>
      <w>0.8338221</w>
      <t>1867</t>
    </point>
    <point>
      <x>0.6616667</x>
      <y>0.58666664</y>
      <w>0.55620724</w>
      <t>1966</t>
    </point>
    <point>
      <x>0.66</x>
      <y>0.585</y>
      <w>0.55620724</w>
      <t>1966</t>
    </point>
  </stroke>
</character>
