<?xml version="1.0" encoding="UTF-8"?>
<character>
  <stroke time="0">
    <point>
      <x>0.34666666</x>
      <y>0.32666665</y>
      <w>0.43890518</w>
      <t>169</t>
    </point>
    <point>
      <x>0.34833333</x>
      <y>0.32666665</y>
      <w>0.43890518</w>
      <t>169</t>
    </point>
    <point>
      <x>0.34833333</x>
      <y>0.32833335</y>
      <w>0.47214076</w>
      <t>200</t>
    </point>
    <point>
      <x>0.35</x>
      <y>0.32833335</y>
      <w>0.47214076</w>
      <t>200</t>
    </point>
    <point>
      <x>0.35166666</x>
      <y>0.33</y>
      <w>0.47214076</w>
      <t>200</t>
    </point>
    <point>
      <x>0.35333332</x>
      <y>0.33</y>
      <w>0.47214076</w>
      <t>201</t>
    </point>
    <point>
      <x>0.355</x>
      <y>0.33166668</y>
      <w>0.48582602</w>
      <t>233</t>
    </point>
    <point>
      <x>0.35666665</x>
      <y>0.33166668</y>
      <w>0.48582602</w>
      <t>233</t>
    </point>
    <point>
      <x>0.35833332</x>
      <y>0.33166668</y>
      <w>0.48582602</w>
      <t>233</t>
    </point>
    <point>
      <x>0.36</x>
      <y>0.33166668</y>
      <w>0.48582602</w>
      <t>233</t>
    </point>
    <point>
      <x>0.36166668</x>
      <y>0.33333334</y>
      <w>0.49853373</w>
      <t>266</t>
    </point>
    <point>
      <x>0.365</x>
      <y>0.33333334</y>
      <w>0.49853373</w>
      <t>266</t>
    </point>
    <point>
      <x>0.36666667</x>
      <y>0.33333334</y>
      <w>0.49853373</w>
      <t>266</t>
    </point>
    <point>
      <x>0.36833334</x>
      <y>0.33333334</y>
      <w>0.49853373</w>
      <t>267</t>
    </point>
    <point>
      <x>0.37166667</x>
      <y>0.33333334</y>
      <w>0.51906157</w>
      <t>300</t>
    </point>
    <point>
      <x>0.375</x>
      <y>0.33333334</y>
      <w>0.51906157</w>
      <t>300</t>
    </point>
    <point>
      <x>0.37666667</x>
      <y>0.33333334</y>
      <w>0.51906157</w>
      <t>300</t>
    </point>
    <point>
      <x>0.38166666</x>
      <y>0.33333334</y>
      <w>0.51906157</w>
      <t>300</t>
    </point>
    <point>
      <x>0.385</x>
      <y>0.33166668</y>
      <w>0.51906157</w>
      <t>300</t>
    </point>
    <point>
      <x>0.38833332</x>
      <y>0.33166668</y>
      <w>0.53079176</w>
      <t>333</t>
    </point>
    <point>
      <x>0.39333335</x>
      <y>0.33</y>
      <w>0.53079176</w>
      <t>335</t>
    </point>
    <point>
      <x>0.39833334</x>
      <y>0.32833335</y>
      <w>0.53079176</w>
      <t>335</t>
    </point>
    <point>
      <x>0.40333334</x>
      <y>0.32833335</y>
      <w>0.53079176</w>
      <t>335</t>
    </point>
    <point>
      <x>0.40833333</x>
      <y>0.32666665</y>
      <w>0.53079176</w>
      <t>335</t>
    </point>
    <point>
      <x>0.41333333</x>
      <y>0.325</y>
      <w>0.5483871</w>
      <t>367</t>
    </point>
    <point>
      <x>0.42</x>
      <y>0.32333332</y>
      <w>0.5483871</w>
      <t>367</t>
    </point>
    <point>
      <x>0.42666668</x>
      <y>0.32166666</y>
      <w>0.5483871</w>
      <t>367</t>
    </point>
    <point>
      <x>0.435</x>
      <y>0.32</y>
      <w>0.5483871</w>
      <t>368</t>
    </point>
    <point>
      <x>0.44333333</x>
      <y>0.31833333</y>
      <w>0.5483871</w>
      <t>400</t>
    </point>
    <point>
      <x>0.45</x>
      <y>0.31666666</y>
      <w>0.5483871</w>
      <t>400</t>
    </point>
    <point>
      <x>0.45833334</x>
      <y>0.31333333</y>
      <w>0.5483871</w>
      <t>400</t>
    </point>
    <point>
      <x>0.46666667</x>
      <y>0.31166667</y>
      <w>0.5483871</w>
      <t>401</t>
    </point>
    <point>
      <x>0.475</x>
      <y>0.31</y>
      <w>0.55131966</w>
      <t>433</t>
    </point>
    <point>
      <x>0.48166665</x>
      <y>0.30833334</y>
      <w>0.55131966</w>
      <t>433</t>
    </point>
    <point>
      <x>0.49</x>
      <y>0.305</y>
      <w>0.55131966</w>
      <t>433</t>
    </point>
    <point>
      <x>0.49666667</x>
      <y>0.30333334</y>
      <w>0.55131966</w>
      <t>434</t>
    </point>
    <point>
      <x>0.50333333</x>
      <y>0.30166668</y>
      <w>0.55131966</w>
      <t>434</t>
    </point>
    <point>
      <x>0.51166666</x>
      <y>0.29833335</y>
      <w>0.5483871</w>
      <t>466</t>
    </point>
    <point>
      <x>0.5183333</x>
      <y>0.295</y>
      <w>0.5483871</w>
      <t>466</t>
    </point>
    <point>
      <x>0.52666664</x>
      <y>0.29333332</y>
      <w>0.5483871</w>
      <t>466</t>
    </point>
    <point>
      <x>0.53333336</x>
      <y>0.29</y>
      <w>0.5483871</w>
      <t>467</t>
    </point>
    <point>
      <x>0.54</x>
      <y>0.28666666</y>
      <w>0.54545456</w>
      <t>499</t>
    </point>
    <point>
      <x>0.54833335</x>
      <y>0.28333333</y>
      <w>0.54545456</w>
      <t>499</t>
    </point>
    <point>
      <x>0.55333334</x>
      <y>0.28</y>
      <w>0.54545456</w>
      <t>499</t>
    </point>
    <point>
      <x>0.56</x>
      <y>0.27666667</y>
      <w>0.54545456</w>
      <t>500</t>
    </point>
    <point>
      <x>0.56666666</x>
      <y>0.27333334</y>
      <w>0.54545456</w>
      <t>500</t>
    </point>
    <point>
      <x>0.5733333</x>
      <y>0.27166668</y>
      <w>0.54545456</w>
      <t>533</t>
    </point>
    <point>
      <x>0.5783333</x>
      <y>0.26833335</y>
      <w>0.54545456</w>
      <t>533</t>
    </point>
    <point>
      <x>0.585</x>
      <y>0.265</y>
      <w>0.54545456</w>
      <t>533</t>
    </point>
    <point>
      <x>0.59166664</x>
      <y>0.26</y>
      <w>0.54545456</w>
      <t>533</t>
    </point>
    <point>
      <x>0.5966667</x>
      <y>0.25666666</y>
      <w>0.53763443</w>
      <t>566</t>
    </point>
    <point>
      <x>0.60333335</x>
      <y>0.25333333</y>
      <w>0.53763443</w>
      <t>566</t>
    </point>
    <point>
      <x>0.60833335</x>
      <y>0.25</y>
      <w>0.53763443</w>
      <t>566</t>
    </point>
    <point>
      <x>0.61333334</x>
      <y>0.24666667</y>
      <w>0.53763443</w>
      <t>567</t>
    </point>
    <point>
      <x>0.6166667</x>
      <y>0.24333334</y>
      <w>0.53079176</w>
      <t>600</t>
    </point>
    <point>
      <x>0.62</x>
      <y>0.24166666</y>
      <w>0.53079176</w>
      <t>600</t>
    </point>
    <point>
      <x>0.62166667</x>
      <y>0.24</y>
      <w>0.53079176</w>
      <t>600</t>
    </point>
    <point>
      <x>0.62333333</x>
      <y>0.24</y>
      <w>0.53079176</w>
      <t>601</t>
    </point>
    <point>
      <x>0.62333333</x>
      <y>0.23833333</y>
      <w>0.5278592</w>
      <t>633</t>
    </point>
    <point>
      <x>0.62333333</x>
      <y>0.23666666</y>
      <w>0.5278592</w>
      <t>633</t>
    </point>
    <point>
      <x>0.62333333</x>
      <y>0.235</y>
      <w>0.5278592</w>
      <t>633</t>
    </point>
    <point>
      <x>0.62333333</x>
      <y>0.23166667</y>
      <w>0.5278592</w>
      <t>633</t>
    </point>
    <point>
      <x>0.62333333</x>
      <y>0.23</y>
      <w>0.52492666</w>
      <t>666</t>
    </point>
    <point>
      <x>0.62333333</x>
      <y>0.22666667</y>
      <w>0.52492666</w>
      <t>666</t>
    </point>
    <point>
      <x>0.62333333</x>
      <y>0.225</y>
      <w>0.52492666</w>
      <t>666</t>
    </point>
    <point>
      <x>0.62333333</x>
      <y>0.22166666</y>
      <w>0.52492666</w>
      <t>666</t>
    </point>
    <point>
      <x>0.62333333</x>
      <y>0.21833333</y>
      <w>0.52492666</w>
      <t>667</t>
    </point>
    <point>
      <x>0.62333333</x>
      <y>0.215</y>
      <w>0.5034213</w>
      <t>699</t>
    </point>
    <point>
      <x>0.62333333</x>
      <y>0.21166667</y>
      <w>0.5034213</w>
      <t>699</t>
    </point>
    <point>
      <x>0.62333333</x>
      <y>0.20833333</y>
      <w>0.5034213</w>
      <t>699</t>
    </point>
    <point>
      <x>0.62166667</x>
      <y>0.20666666</y>
      <w>0.5034213</w>
      <t>699</t>
    </point>
    <point>
      <x>0.62166667</x>
      <y>0.20333333</y>
      <w>0.4965787</w>
      <t>734</t>
    </point>
    <point>
      <x>0.62</x>
      <y>0.20166667</y>
      <w>0.4965787</w>
      <t>735</t>
    </point>
    <point>
      <x>0.62</x>
      <y>0.2</y>
      <w>0.4965787</w>
      <t>735</t>
    </point>
    <point>
      <x>0.61833334</x>
      <y>0.2</y>
      <w>0.4965787</w>
      <t>735</t>
    </point>
    <point>
      <x>0.61833334</x>
      <y>0.19833334</y>
      <w>0.4965787</w>
      <t>735</t>
    </point>
    <point>
      <x>0.6166667</x>
      <y>0.19833334</y>
      <w>0.4907136</w>
      <t>766</t>
    </point>
    <point>
      <x>0.615</x>
      <y>0.19833334</y>
      <w>0.4907136</w>
      <t>766</t>
    </point>
    <point>
      <x>0.61333334</x>
      <y>0.19666667</y>
      <w>0.4907136</w>
      <t>766</t>
    </point>
    <point>
      <x>0.6116667</x>
      <y>0.19666667</y>
      <w>0.50635386</w>
      <t>833</t>
    </point>
    <point>
      <x>0.61</x>
      <y>0.19666667</y>
      <w>0.50635386</w>
      <t>833</t>
    </point>
    <point>
      <x>0.60833335</x>
      <y>0.19666667</y>
      <w>0.50635386</w>
      <t>833</t>
    </point>
    <point>
      <x>0.6066667</x>
      <y>0.19833334</y>
      <w>0.5083089</w>
      <t>866</t>
    </point>
    <point>
      <x>0.605</x>
      <y>0.19833334</y>
      <w>0.5083089</w>
      <t>866</t>
    </point>
    <point>
      <x>0.60333335</x>
      <y>0.2</y>
      <w>0.5083089</w>
      <t>868</t>
    </point>
    <point>
      <x>0.6016667</x>
      <y>0.20166667</y>
      <w>0.5083089</w>
      <t>868</t>
    </point>
    <point>
      <x>0.6</x>
      <y>0.20333333</y>
      <w>0.51221895</w>
      <t>900</t>
    </point>
    <point>
      <x>0.5966667</x>
      <y>0.20666666</y>
      <w>0.51221895</w>
      <t>900</t>
    </point>
    <point>
      <x>0.595</x>
      <y>0.20833333</y>
      <w>0.51221895</w>
      <t>900</t>
    </point>
    <point>
      <x>0.59166664</x>
      <y>0.21166667</y>
      <w>0.51221895</w>
      <t>900</t>
    </point>
    <point>
      <x>0.5883333</x>
      <y>0.215</y>
      <w>0.5288367</w>
      <t>933</t>
    </point>
    <point>
      <x>0.5833333</x>
      <y>0.22</y>
      <w>0.5288367</w>
      <t>933</t>
    </point>
    <point>
      <x>0.58</x>
      <y>0.22333333</y>
      <w>0.5288367</w>
      <t>933</t>
    </point>
    <point>
      <x>0.575</x>
      <y>0.22833334</y>
      <w>0.5288367</w>
      <t>933</t>
    </point>
    <point>
      <x>0.57</x>
      <y>0.235</y>
      <w>0.5415445</w>
      <t>966</t>
    </point>
    <point>
      <x>0.56666666</x>
      <y>0.24</y>
      <w>0.5415445</w>
      <t>966</t>
    </point>
    <point>
      <x>0.56166667</x>
      <y>0.24666667</y>
      <w>0.5415445</w>
      <t>966</t>
    </point>
    <point>
      <x>0.55833334</x>
      <y>0.25166667</y>
      <w>0.5415445</w>
      <t>966</t>
    </point>
    <point>
      <x>0.55333334</x>
      <y>0.25833333</y>
      <w>0.5415445</w>
      <t>966</t>
    </point>
    <point>
      <x>0.55</x>
      <y>0.265</y>
      <w>0.56402737</w>
      <t>999</t>
    </point>
    <point>
      <x>0.545</x>
      <y>0.27166668</y>
      <w>0.56402737</w>
      <t>999</t>
    </point>
    <point>
      <x>0.54</x>
      <y>0.27833334</y>
      <w>0.56402737</w>
      <t>999</t>
    </point>
    <point>
      <x>0.53333336</x>
      <y>0.28666666</y>
      <w>0.56402737</w>
      <t>999</t>
    </point>
    <point>
      <x>0.5283333</x>
      <y>0.295</y>
      <w>0.5826002</w>
      <t>1033</t>
    </point>
    <point>
      <x>0.5233333</x>
      <y>0.30333334</y>
      <w>0.5826002</w>
      <t>1033</t>
    </point>
    <point>
      <x>0.51666665</x>
      <y>0.31333333</y>
      <w>0.5826002</w>
      <t>1033</t>
    </point>
    <point>
      <x>0.51</x>
      <y>0.32333332</y>
      <w>0.5826002</w>
      <t>1033</t>
    </point>
    <point>
      <x>0.50333333</x>
      <y>0.335</y>
      <w>0.5826002</w>
      <t>1033</t>
    </point>
    <point>
      <x>0.495</x>
      <y>0.34666666</y>
      <w>0.61290324</w>
      <t>1066</t>
    </point>
    <point>
      <x>0.48833334</x>
      <y>0.35833332</y>
      <w>0.61290324</w>
      <t>1066</t>
    </point>
    <point>
      <x>0.48</x>
      <y>0.37166667</y>
      <w>0.61290324</w>
      <t>1066</t>
    </point>
    <point>
      <x>0.47333333</x>
      <y>0.38666666</y>
      <w>0.61290324</w>
      <t>1066</t>
    </point>
    <point>
      <x>0.465</x>
      <y>0.4</y>
      <w>0.65004885</w>
      <t>1100</t>
    </point>
    <point>
      <x>0.45666668</x>
      <y>0.415</y>
      <w>0.65004885</w>
      <t>1100</t>
    </point>
    <point>
      <x>0.45</x>
      <y>0.43166667</y>
      <w>0.65004885</w>
      <t>1100</t>
    </point>
    <point>
      <x>0.44166666</x>
      <y>0.44833332</y>
      <w>0.65004885</w>
      <t>1100</t>
    </point>
    <point>
      <x>0.43166667</x>
      <y>0.465</y>
      <w>0.65004885</w>
      <t>1101</t>
    </point>
    <point>
      <x>0.42333335</x>
      <y>0.48333332</y>
      <w>0.6656892</w>
      <t>1133</t>
    </point>
    <point>
      <x>0.41333333</x>
      <y>0.5</y>
      <w>0.6656892</w>
      <t>1133</t>
    </point>
    <point>
      <x>0.40666667</x>
      <y>0.51666665</y>
      <w>0.6656892</w>
      <t>1133</t>
    </point>
    <point>
      <x>0.39833334</x>
      <y>0.53333336</y>
      <w>0.6656892</w>
      <t>1133</t>
    </point>
    <point>
      <x>0.39166668</x>
      <y>0.54833335</y>
      <w>0.6735093</w>
      <t>1166</t>
    </point>
    <point>
      <x>0.385</x>
      <y>0.565</y>
      <w>0.6735093</w>
      <t>1166</t>
    </point>
    <point>
      <x>0.37833333</x>
      <y>0.58</y>
      <w>0.6735093</w>
      <t>1166</t>
    </point>
    <point>
      <x>0.37166667</x>
      <y>0.5966667</y>
      <w>0.6735093</w>
      <t>1167</t>
    </point>
    <point>
      <x>0.365</x>
      <y>0.61333334</y>
      <w>0.6735093</w>
      <t>1167</t>
    </point>
    <point>
      <x>0.35833332</x>
      <y>0.63</y>
      <w>0.68328446</w>
      <t>1200</t>
    </point>
    <point>
      <x>0.35166666</x>
      <y>0.645</y>
      <w>0.68328446</w>
      <t>1200</t>
    </point>
    <point>
      <x>0.345</x>
      <y>0.65833336</y>
      <w>0.68328446</w>
      <t>1200</t>
    </point>
    <point>
      <x>0.34</x>
      <y>0.67</y>
      <w>0.68328446</w>
      <t>1200</t>
    </point>
    <point>
      <x>0.33666667</x>
      <y>0.67833334</y>
      <w>0.6852395</w>
      <t>1233</t>
    </point>
    <point>
      <x>0.33333334</x>
      <y>0.685</y>
      <w>0.6852395</w>
      <t>1233</t>
    </point>
    <point>
      <x>0.33166668</x>
      <y>0.69</y>
      <w>0.6852395</w>
      <t>1233</t>
    </point>
    <point>
      <x>0.33</x>
      <y>0.6933333</y>
      <w>0.6852395</w>
      <t>1233</t>
    </point>
    <point>
      <x>0.32833335</x>
      <y>0.69666666</y>
      <w>0.686217</w>
      <t>1266</t>
    </point>
    <point>
      <x>0.32666665</x>
      <y>0.6983333</y>
      <w>0.686217</w>
      <t>1266</t>
    </point>
    <point>
      <x>0.32666665</x>
      <y>0.7</y>
      <w>0.686217</w>
      <t>1266</t>
    </point>
    <point>
      <x>0.325</x>
      <y>0.70166665</y>
      <w>0.686217</w>
      <t>1266</t>
    </point>
    <point>
      <x>0.325</x>
      <y>0.7033333</y>
      <w>0.65493643</w>
      <t>1299</t>
    </point>
    <point>
      <x>0.32333332</x>
      <y>0.7033333</y>
      <w>0.65493643</w>
      <t>1299</t>
    </point>
    <point>
      <x>0.32333332</x>
      <y>0.70166665</y>
      <w>0.4623656</w>
      <t>1333</t>
    </point>
    <point>
      <x>0.32166666</x>
      <y>0.7</y>
      <w>0.4623656</w>
      <t>1333</t>
    </point>
    <point>
      <x>0.32</x>
      <y>0.6983333</y>
      <w>0.4623656</w>
      <t>1333</t>
    </point>
    <point>
      <x>0.31833333</x>
      <y>0.695</y>
      <w>0.4623656</w>
      <t>1333</t>
    </point>
    <point>
      <x>0.31666666</x>
      <y>0.69166666</y>
      <w>0.4623656</w>
      <t>1333</t>
    </point>
    <point>
      <x>0.31666666</x>
      <y>0.68833333</y>
      <w>0.37536657</w>
      <t>1366</t>
    </point>
    <point>
      <x>0.315</x>
      <y>0.68333334</y>
      <w>0.37536657</w>
      <t>1366</t>
    </point>
    <point>
      <x>0.31333333</x>
      <y>0.67833334</y>
      <w>0.37536657</w>
      <t>1366</t>
    </point>
    <point>
      <x>0.31333333</x>
      <y>0.67333335</y>
      <w>0.37536657</w>
      <t>1366</t>
    </point>
    <point>
      <x>0.31333333</x>
      <y>0.66833335</y>
      <w>0.21603128</w>
      <t>1400</t>
    </point>
    <point>
      <x>0.31333333</x>
      <y>0.66333336</y>
      <w>0.21603128</w>
      <t>1400</t>
    </point>
    <point>
      <x>0.31333333</x>
      <y>0.65833336</y>
      <w>0.21603128</w>
      <t>1400</t>
    </point>
    <point>
      <x>0.31166667</x>
      <y>0.65166664</y>
      <w>0.21603128</w>
      <t>1400</t>
    </point>
    <point>
      <x>0.31166667</x>
      <y>0.64666665</y>
      <w>0.21603128</w>
      <t>1400</t>
    </point>
    <point>
      <x>0.31166667</x>
      <y>0.6433333</y>
      <w>0.18377322</w>
      <t>1433</t>
    </point>
    <point>
      <x>0.31166667</x>
      <y>0.6383333</y>
      <w>0.18377322</w>
      <t>1433</t>
    </point>
    <point>
      <x>0.31166667</x>
      <y>0.635</y>
      <w>0.18377322</w>
      <t>1433</t>
    </point>
    <point>
      <x>0.31333333</x>
      <y>0.63166666</y>
      <w>0.18377322</w>
      <t>1433</t>
    </point>
    <point>
      <x>0.315</x>
      <y>0.62833333</y>
      <w>0.21896383</w>
      <t>1466</t>
    </point>
    <point>
      <x>0.31666666</x>
      <y>0.625</y>
      <w>0.21896383</w>
      <t>1466</t>
    </point>
    <point>
      <x>0.31833333</x>
      <y>0.62</y>
      <w>0.21896383</w>
      <t>1466</t>
    </point>
    <point>
      <x>0.32</x>
      <y>0.615</y>
      <w>0.21896383</w>
      <t>1466</t>
    </point>
    <point>
      <x>0.32166666</x>
      <y>0.60833335</y>
      <w>0.29521015</w>
      <t>1500</t>
    </point>
    <point>
      <x>0.325</x>
      <y>0.6016667</y>
      <w>0.29521015</w>
      <t>1500</t>
    </point>
    <point>
      <x>0.32666665</x>
      <y>0.5966667</y>
      <w>0.29521015</w>
      <t>1500</t>
    </point>
    <point>
      <x>0.33</x>
      <y>0.59</y>
      <w>0.29521015</w>
      <t>1500</t>
    </point>
    <point>
      <x>0.33333334</x>
      <y>0.585</y>
      <w>0.29521015</w>
      <t>1500</t>
    </point>
    <point>
      <x>0.33666667</x>
      <y>0.58</y>
      <w>0.31085044</w>
      <t>1533</t>
    </point>
    <point>
      <x>0.33833334</x>
      <y>0.575</y>
      <w>0.31085044</w>
      <t>1533</t>
    </point>
    <point>
      <x>0.34166667</x>
      <y>0.57</y>
      <w>0.31085044</w>
      <t>1533</t>
    </point>
    <point>
      <x>0.345</x>
      <y>0.565</y>
      <w>0.31085044</w>
      <t>1533</t>
    </point>
    <point>
      <x>0.34833333</x>
      <y>0.56</y>
      <w>0.34017596</w>
      <t>1566</t>
    </point>
    <point>
      <x>0.35166666</x>
      <y>0.555</y>
      <w>0.34017596</w>
      <t>1566</t>
    </point>
    <point>
      <x>0.355</x>
      <y>0.55</y>
      <w>0.34017596</w>
      <t>1566</t>
    </point>
    <point>
      <x>0.36</x>
      <y>0.54333335</y>
      <w>0.34017596</w>
      <t>1566</t>
    </point>
    <point>
      <x>0.36333334</x>
      <y>0.53833336</y>
      <w>0.34017596</w>
      <t>1566</t>
    </point>
    <point>
      <x>0.36833334</x>
      <y>0.53333336</y>
      <w>0.3714565</w>
      <t>1600</t>
    </point>
    <point>
      <x>0.37333333</x>
      <y>0.52666664</y>
      <w>0.3714565</w>
      <t>1600</t>
    </point>
    <point>
      <x>0.37833333</x>
      <y>0.52166665</y>
      <w>0.3714565</w>
      <t>1600</t>
    </point>
    <point>
      <x>0.38333333</x>
      <y>0.51666665</y>
      <w>0.3714565</w>
      <t>1600</t>
    </point>
    <point>
      <x>0.38833332</x>
      <y>0.5133333</y>
      <w>0.3939394</w>
      <t>1633</t>
    </point>
    <point>
      <x>0.39166668</x>
      <y>0.5083333</y>
      <w>0.3939394</w>
      <t>1633</t>
    </point>
    <point>
      <x>0.39666668</x>
      <y>0.50333333</y>
      <w>0.3939394</w>
      <t>1633</t>
    </point>
    <point>
      <x>0.40166667</x>
      <y>0.49833333</y>
      <w>0.3939394</w>
      <t>1633</t>
    </point>
    <point>
      <x>0.40833333</x>
      <y>0.49333334</y>
      <w>0.3939394</w>
      <t>1633</t>
    </point>
    <point>
      <x>0.415</x>
      <y>0.48833334</y>
      <w>0.41348973</w>
      <t>1667</t>
    </point>
    <point>
      <x>0.42333335</x>
      <y>0.48333332</y>
      <w>0.41348973</w>
      <t>1667</t>
    </point>
    <point>
      <x>0.43166667</x>
      <y>0.47833332</y>
      <w>0.41348973</w>
      <t>1667</t>
    </point>
    <point>
      <x>0.43833333</x>
      <y>0.47166666</y>
      <w>0.41348973</w>
      <t>1667</t>
    </point>
    <point>
      <x>0.44666666</x>
      <y>0.46666667</y>
      <w>0.41935483</w>
      <t>1700</t>
    </point>
    <point>
      <x>0.455</x>
      <y>0.46</y>
      <w>0.41935483</w>
      <t>1700</t>
    </point>
    <point>
      <x>0.46333334</x>
      <y>0.455</y>
      <w>0.41935483</w>
      <t>1700</t>
    </point>
    <point>
      <x>0.47</x>
      <y>0.45</y>
      <w>0.41935483</w>
      <t>1700</t>
    </point>
    <point>
      <x>0.47833332</x>
      <y>0.445</y>
      <w>0.41935483</w>
      <t>1700</t>
    </point>
    <point>
      <x>0.48666668</x>
      <y>0.44</y>
      <w>0.4281525</w>
      <t>1733</t>
    </point>
    <point>
      <x>0.495</x>
      <y>0.43666667</y>
      <w>0.4281525</w>
      <t>1733</t>
    </point>
    <point>
      <x>0.50333333</x>
      <y>0.43166667</y>
      <w>0.4281525</w>
      <t>1733</t>
    </point>
    <point>
      <x>0.51166666</x>
      <y>0.42833334</y>
      <w>0.4281525</w>
      <t>1733</t>
    </point>
    <point>
      <x>0.52</x>
      <y>0.425</y>
      <w>0.44477028</w>
      <t>1766</t>
    </point>
    <point>
      <x>0.5283333</x>
      <y>0.42</y>
      <w>0.44477028</w>
      <t>1766</t>
    </point>
    <point>
      <x>0.535</x>
      <y>0.41833332</y>
      <w>0.44477028</w>
      <t>1766</t>
    </point>
    <point>
      <x>0.54333335</x>
      <y>0.415</y>
      <w>0.44477028</w>
      <t>1766</t>
    </point>
    <point>
      <x>0.55</x>
      <y>0.41333333</y>
      <w>0.46627566</w>
      <t>1800</t>
    </point>
    <point>
      <x>0.55833334</x>
      <y>0.41</y>
      <w>0.46627566</w>
      <t>1800</t>
    </point>
    <point>
      <x>0.565</x>
      <y>0.41</y>
      <w>0.46627566</w>
      <t>1800</t>
    </point>
    <point>
      <x>0.5733333</x>
      <y>0.40833333</y>
      <w>0.46627566</w>
      <t>1800</t>
    </point>
    <point>
      <x>0.58</x>
      <y>0.40666667</y>
      <w>0.46627566</w>
      <t>1800</t>
    </point>
    <point>
      <x>0.5883333</x>
      <y>0.40666667</y>
      <w>0.47702834</w>
      <t>1833</t>
    </point>
    <point>
      <x>0.595</x>
      <y>0.405</y>
      <w>0.47702834</w>
      <t>1833</t>
    </point>
    <point>
      <x>0.6016667</x>
      <y>0.405</y>
      <w>0.47702834</w>
      <t>1833</t>
    </point>
    <point>
      <x>0.60833335</x>
      <y>0.405</y>
      <w>0.47702834</w>
      <t>1833</t>
    </point>
    <point>
      <x>0.61333334</x>
      <y>0.405</y>
      <w>0.47702834</w>
      <t>1833</t>
    </point>
    <point>
      <x>0.62</x>
      <y>0.405</y>
      <w>0.48582602</w>
      <t>1867</t>
    </point>
    <point>
      <x>0.625</x>
      <y>0.405</y>
      <w>0.48582602</w>
      <t>1867</t>
    </point>
    <point>
      <x>0.63</x>
      <y>0.40666667</y>
      <w>0.48582602</w>
      <t>1867</t>
    </point>
    <point>
      <x>0.635</x>
      <y>0.40833333</y>
      <w>0.48582602</w>
      <t>1867</t>
    </point>
    <point>
      <x>0.64</x>
      <y>0.41</y>
      <w>0.51906157</w>
      <t>1900</t>
    </point>
    <point>
      <x>0.6433333</x>
      <y>0.41333333</y>
      <w>0.51906157</w>
      <t>1900</t>
    </point>
    <point>
      <x>0.64666665</x>
      <y>0.415</y>
      <w>0.51906157</w>
      <t>1900</t>
    </point>
    <point>
      <x>0.65</x>
      <y>0.41833332</y>
      <w>0.51906157</w>
      <t>1900</t>
    </point>
    <point>
      <x>0.65166664</x>
      <y>0.42</y>
      <w>0.55131966</w>
      <t>1933</t>
    </point>
    <point>
      <x>0.6533333</x>
      <y>0.42333335</y>
      <w>0.55131966</w>
      <t>1933</t>
    </point>
    <point>
      <x>0.655</x>
      <y>0.42666668</y>
      <w>0.55131966</w>
      <t>1933</t>
    </point>
    <point>
      <x>0.6566667</x>
      <y>0.43</y>
      <w>0.55131966</w>
      <t>1933</t>
    </point>
    <point>
      <x>0.65833336</x>
      <y>0.43333334</y>
      <w>0.55131966</w>
      <t>1933</t>
    </point>
    <point>
      <x>0.66</x>
      <y>0.43833333</y>
      <w>0.57087</w>
      <t>1966</t>
    </point>
    <point>
      <x>0.66</x>
      <y>0.44166666</y>
      <w>0.57087</w>
      <t>1966</t>
    </point>
    <point>
      <x>0.66</x>
      <y>0.44666666</y>
      <w>0.57087</w>
      <t>1966</t>
    </point>
    <point>
      <x>0.6616667</x>
      <y>0.45</y>
      <w>0.57087</w>
      <t>1966</t>
    </point>
    <point>
      <x>0.6616667</x>
      <y>0.455</y>
      <w>0.58651024</w>
      <t>2000</t>
    </point>
    <point>
      <x>0.6616667</x>
      <y>0.46166667</y>
      <w>0.58651024</w>
      <t>2000</t>
    </point>
    <point>
      <x>0.6616667</x>
      <y>0.46666667</y>
      <w>0.58651024</w>
      <t>2000</t>
    </point>
    <point>
      <x>0.6616667</x>
      <y>0.47</y>
      <w>0.58651024</w>
      <t>2000</t>
    </point>
    <point>
      <x>0.6616667</x>
      <y>0.475</y>
      <w>0.58651024</w>
      <t>2000</t>
    </point>
    <point>
      <x>0.66</x>
      <y>0.48</y>
      <w>0.5982405</w>
      <t>2033</t>
    </point>
    <point>
      <x>0.65833336</x>
      <y>0.485</y>
      <w>0.5982405</w>
      <t>2033</t>
    </point>
    <point>
      <x>0.655</x>
      <y>0.49166667</y>
      <w>0.5982405</w>
      <t>2033</t>
    </point>
    <point>
      <x>0.6533333</x>
      <y>0.49666667</y>
      <w>0.5982405</w>
      <t>2033</t>
    </point>
    <point>
      <x>0.65</x>
      <y>0.505</y>
      <w>0.6050831</w>
      <t>2066</t>
    </point>
    <point>
      <x>0.64666665</x>
      <y>0.51166666</y>
      <w>0.6050831</w>
      <t>2066</t>
    </point>
    <point>
      <x>0.6433333</x>
      <y>0.5183333</y>
      <w>0.6050831</w>
      <t>2066</t>
    </point>
    <point>
      <x>0.6383333</x>
      <y>0.52666664</y>
      <w>0.6050831</w>
      <t>2066</t>
    </point>
    <point>
      <x>0.6333333</x>
      <y>0.53333336</y>
      <w>0.61485827</w>
      <t>2099</t>
    </point>
    <point>
      <x>0.62833333</x>
      <y>0.5416667</y>
      <w>0.61485827</w>
      <t>2099</t>
    </point>
    <point>
      <x>0.62333333</x>
      <y>0.54833335</y>
      <w>0.61485827</w>
      <t>2099</t>
    </point>
    <point>
      <x>0.61833334</x>
      <y>0.555</y>
      <w>0.61485827</w>
      <t>2099</t>
    </point>
    <point>
      <x>0.61333334</x>
      <y>0.56333333</y>
      <w>0.61485827</w>
      <t>2099</t>
    </point>
    <point>
      <x>0.60833335</x>
      <y>0.57</y>
      <w>0.61974585</w>
      <t>2133</t>
    </point>
    <point>
      <x>0.60333335</x>
      <y>0.57666665</y>
      <w>0.61974585</w>
      <t>2133</t>
    </point>
    <point>
      <x>0.59833336</x>
      <y>0.5833333</y>
      <w>0.61974585</w>
      <t>2133</t>
    </point>
    <point>
      <x>0.59166664</x>
      <y>0.59166664</y>
      <w>0.61974585</w>
      <t>2133</t>
    </point>
    <point>
      <x>0.585</x>
      <y>0.59833336</y>
      <w>0.61974585</w>
      <t>2133</t>
    </point>
    <point>
      <x>0.5783333</x>
      <y>0.6066667</y>
      <w>0.61974585</w>
      <t>2166</t>
    </point>
    <point>
      <x>0.57166666</x>
      <y>0.61333334</y>
      <w>0.61974585</w>
      <t>2166</t>
    </point>
    <point>
      <x>0.56333333</x>
      <y>0.62166667</y>
      <w>0.61974585</w>
      <t>2166</t>
    </point>
    <point>
      <x>0.555</x>
      <y>0.62833333</y>
      <w>0.61974585</w>
      <t>2166</t>
    </point>
    <point>
      <x>0.5466667</x>
      <y>0.635</y>
      <w>0.6158358</w>
      <t>2200</t>
    </point>
    <point>
      <x>0.53833336</x>
      <y>0.64166665</y>
      <w>0.6158358</w>
      <t>2200</t>
    </point>
    <point>
      <x>0.53</x>
      <y>0.64666665</y>
      <w>0.6158358</w>
      <t>2200</t>
    </point>
    <point>
      <x>0.52166665</x>
      <y>0.6533333</y>
      <w>0.6158358</w>
      <t>2200</t>
    </point>
    <point>
      <x>0.5133333</x>
      <y>0.65833336</y>
      <w>0.60215056</w>
      <t>2233</t>
    </point>
    <point>
      <x>0.505</x>
      <y>0.66333336</y>
      <w>0.60215056</w>
      <t>2233</t>
    </point>
    <point>
      <x>0.49666667</x>
      <y>0.66833335</y>
      <w>0.60215056</w>
      <t>2233</t>
    </point>
    <point>
      <x>0.48833334</x>
      <y>0.6716667</y>
      <w>0.60215056</w>
      <t>2233</t>
    </point>
    <point>
      <x>0.48</x>
      <y>0.67333335</y>
      <w>0.60215056</w>
      <t>2233</t>
    </point>
    <point>
      <x>0.47333333</x>
      <y>0.675</y>
      <w>0.57380253</w>
      <t>2266</t>
    </point>
    <point>
      <x>0.46666667</x>
      <y>0.6766667</y>
      <w>0.57380253</w>
      <t>2266</t>
    </point>
    <point>
      <x>0.46</x>
      <y>0.6766667</y>
      <w>0.57380253</w>
      <t>2266</t>
    </point>
    <point>
      <x>0.455</x>
      <y>0.6766667</y>
      <w>0.57380253</w>
      <t>2266</t>
    </point>
    <point>
      <x>0.45166665</x>
      <y>0.6766667</y>
      <w>0.4750733</w>
      <t>2300</t>
    </point>
    <point>
      <x>0.44666666</x>
      <y>0.6766667</y>
      <w>0.4750733</w>
      <t>2300</t>
    </point>
    <point>
      <x>0.44333333</x>
      <y>0.6766667</y>
      <w>0.4750733</w>
      <t>2300</t>
    </point>
    <point>
      <x>0.44166666</x>
      <y>0.675</y>
      <w>0.4750733</w>
      <t>2300</t>
    </point>
    <point>
      <x>0.43833333</x>
      <y>0.67333335</y>
      <w>0.4750733</w>
      <t>2300</t>
    </point>
    <point>
      <x>0.43666667</x>
      <y>0.6716667</y>
      <w>0.32453567</w>
      <t>2333</t>
    </point>
    <point>
      <x>0.43666667</x>
      <y>0.66833335</y>
      <w>0.32453567</w>
      <t>2333</t>
    </point>
    <point>
      <x>0.435</x>
      <y>0.6666667</y>
      <w>0.32453567</w>
      <t>2333</t>
    </point>
    <point>
      <x>0.435</x>
      <y>0.66333336</y>
      <w>0.32453567</w>
      <t>2333</t>
    </point>
    <point>
      <x>0.435</x>
      <y>0.66</y>
      <w>0.2512219</w>
      <t>2367</t>
    </point>
    <point>
      <x>0.435</x>
      <y>0.6566667</y>
      <w>0.2512219</w>
      <t>2367</t>
    </point>
    <point>
      <x>0.435</x>
      <y>0.6533333</y>
      <w>0.2512219</w>
      <t>2367</t>
    </point>
    <point>
      <x>0.435</x>
      <y>0.65</y>
      <w>0.2512219</w>
      <t>2367</t>
    </point>
    <point>
      <x>0.435</x>
      <y>0.64666665</y>
      <w>0.23655914</w>
      <t>2400</t>
    </point>
    <point>
      <x>0.435</x>
      <y>0.6433333</y>
      <w>0.23655914</w>
      <t>2400</t>
    </point>
    <point>
      <x>0.435</x>
      <y>0.64</y>
      <w>0.23655914</w>
      <t>2400</t>
    </point>
    <point>
      <x>0.435</x>
      <y>0.63666666</y>
      <w>0.23655914</w>
      <t>2400</t>
    </point>
    <point>
      <x>0.435</x>
      <y>0.6333333</y>
      <w>0.23655914</w>
      <t>2400</t>
    </point>
    <point>
      <x>0.43666667</x>
      <y>0.63</y>
      <w>0.20039101</w>
      <t>2433</t>
    </point>
    <point>
      <x>0.43833333</x>
      <y>0.62666667</y>
      <w>0.20039101</w>
      <t>2433</t>
    </point>
    <point>
      <x>0.43833333</x>
      <y>0.62333333</y>
      <w>0.20039101</w>
      <t>2433</t>
    </point>
    <point>
      <x>0.44</x>
      <y>0.62</y>
      <w>0.20039101</w>
      <t>2433</t>
    </point>
    <point>
      <x>0.44166666</x>
      <y>0.6166667</y>
      <w>0.20039101</w>
      <t>2433</t>
    </point>
    <point>
      <x>0.44333333</x>
      <y>0.61333334</y>
      <w>0.21798632</w>
      <t>2467</t>
    </point>
    <point>
      <x>0.445</x>
      <y>0.61</y>
      <w>0.21798632</w>
      <t>2467</t>
    </point>
    <point>
      <x>0.44666666</x>
      <y>0.60833335</y>
      <w>0.21798632</w>
      <t>2467</t>
    </point>
    <point>
      <x>0.44833332</x>
      <y>0.605</y>
      <w>0.21798632</w>
      <t>2467</t>
    </point>
    <point>
      <x>0.45166665</x>
      <y>0.6016667</y>
      <w>0.22385141</w>
      <t>2500</t>
    </point>
    <point>
      <x>0.45333335</x>
      <y>0.59833336</y>
      <w>0.22385141</w>
      <t>2500</t>
    </point>
    <point>
      <x>0.45666668</x>
      <y>0.5966667</y>
      <w>0.22385141</w>
      <t>2500</t>
    </point>
    <point>
      <x>0.45833334</x>
      <y>0.5933333</y>
      <w>0.22385141</w>
      <t>2500</t>
    </point>
    <point>
      <x>0.46166667</x>
      <y>0.59166664</y>
      <w>0.2678397</w>
      <t>2533</t>
    </point>
    <point>
      <x>0.465</x>
      <y>0.59</y>
      <w>0.2678397</w>
      <t>2533</t>
    </point>
    <point>
      <x>0.46833333</x>
      <y>0.5883333</y>
      <w>0.2678397</w>
      <t>2533</t>
    </point>
    <point>
      <x>0.47166666</x>
      <y>0.58666664</y>
      <w>0.2678397</w>
      <t>2533</t>
    </point>
    <point>
      <x>0.475</x>
      <y>0.585</y>
      <w>0.2678397</w>
      <t>2533</t>
    </point>
    <point>
      <x>0.47833332</x>
      <y>0.5833333</y>
      <w>0.3088954</w>
      <t>2567</t>
    </point>
    <point>
      <x>0.48166665</x>
      <y>0.5833333</y>
      <w>0.3088954</w>
      <t>2567</t>
    </point>
    <point>
      <x>0.485</x>
      <y>0.5833333</y>
      <w>0.3088954</w>
      <t>2567</t>
    </point>
    <point>
      <x>0.49</x>
      <y>0.58166665</y>
      <w>0.3088954</w>
      <t>2567</t>
    </point>
    <point>
      <x>0.49333334</x>
      <y>0.58166665</y>
      <w>0.3313783</w>
      <t>2599</t>
    </point>
    <point>
      <x>0.49666667</x>
      <y>0.58</y>
      <w>0.3313783</w>
      <t>2599</t>
    </point>
    <point>
      <x>0.5</x>
      <y>0.58</y>
      <w>0.3313783</w>
      <t>2599</t>
    </point>
    <point>
      <x>0.50333333</x>
      <y>0.58</y>
      <w>0.3313783</w>
      <t>2599</t>
    </point>
    <point>
      <x>0.5083333</x>
      <y>0.5783333</y>
      <w>0.3313783</w>
      <t>2599</t>
    </point>
    <point>
      <x>0.51166666</x>
      <y>0.5783333</y>
      <w>0.34506354</w>
      <t>2633</t>
    </point>
    <point>
      <x>0.515</x>
      <y>0.5783333</y>
      <w>0.34506354</w>
      <t>2633</t>
    </point>
    <point>
      <x>0.5183333</x>
      <y>0.5783333</y>
      <w>0.34506354</w>
      <t>2633</t>
    </point>
    <point>
      <x>0.52166665</x>
      <y>0.5783333</y>
      <w>0.34506354</w>
      <t>2633</t>
    </point>
    <point>
      <x>0.525</x>
      <y>0.5783333</y>
      <w>0.37438905</w>
      <t>2667</t>
    </point>
    <point>
      <x>0.5283333</x>
      <y>0.5783333</y>
      <w>0.37438905</w>
      <t>2667</t>
    </point>
    <point>
      <x>0.53</x>
      <y>0.5783333</y>
      <w>0.37438905</w>
      <t>2667</t>
    </point>
    <point>
      <x>0.53333336</x>
      <y>0.5783333</y>
      <w>0.37438905</w>
      <t>2667</t>
    </point>
    <point>
      <x>0.5366667</x>
      <y>0.5783333</y>
      <w>0.37438905</w>
      <t>2667</t>
    </point>
    <point>
      <x>0.53833336</x>
      <y>0.5783333</y>
      <w>0.40273705</w>
      <t>2700</t>
    </point>
    <point>
      <x>0.5416667</x>
      <y>0.5783333</y>
      <w>0.40273705</w>
      <t>2700</t>
    </point>
    <point>
      <x>0.545</x>
      <y>0.5783333</y>
      <w>0.40273705</w>
      <t>2700</t>
    </point>
    <point>
      <x>0.5466667</x>
      <y>0.5783333</y>
      <w>0.40273705</w>
      <t>2700</t>
    </point>
    <point>
      <x>0.55</x>
      <y>0.5783333</y>
      <w>0.45552298</w>
      <t>2733</t>
    </point>
    <point>
      <x>0.55333334</x>
      <y>0.58</y>
      <w>0.45552298</w>
      <t>2733</t>
    </point>
    <point>
      <x>0.5566667</x>
      <y>0.58</y>
      <w>0.45552298</w>
      <t>2733</t>
    </point>
    <point>
      <x>0.55833334</x>
      <y>0.58166665</y>
      <w>0.45552298</w>
      <t>2733</t>
    </point>
    <point>
      <x>0.56166667</x>
      <y>0.5833333</y>
      <w>0.45552298</w>
      <t>2733</t>
    </point>
    <point>
      <x>0.565</x>
      <y>0.5833333</y>
      <w>0.5024438</w>
      <t>2766</t>
    </point>
    <point>
      <x>0.5683333</x>
      <y>0.585</y>
      <w>0.5024438</w>
      <t>2766</t>
    </point>
    <point>
      <x>0.5733333</x>
      <y>0.58666664</y>
      <w>0.5024438</w>
      <t>2766</t>
    </point>
    <point>
      <x>0.57666665</x>
      <y>0.58666664</y>
      <w>0.5024438</w>
      <t>2766</t>
    </point>
    <point>
      <x>0.58</x>
      <y>0.5883333</y>
      <w>0.55620724</w>
      <t>2800</t>
    </point>
    <point>
      <x>0.5833333</x>
      <y>0.59</y>
      <w>0.55620724</w>
      <t>2800</t>
    </point>
    <point>
      <x>0.58666664</x>
      <y>0.59166664</y>
      <w>0.55620724</w>
      <t>2800</t>
    </point>
    <point>
      <x>0.59</x>
      <y>0.5933333</y>
      <w>0.55620724</w>
      <t>2800</t>
    </point>
    <point>
      <x>0.595</x>
      <y>0.595</y>
      <w>0.58162266</w>
      <t>2833</t>
    </point>
    <point>
      <x>0.59833336</x>
      <y>0.5966667</y>
      <w>0.58162266</w>
      <t>2833</t>
    </point>
    <point>
      <x>0.60333335</x>
      <y>0.59833336</y>
      <w>0.58162266</w>
      <t>2833</t>
    </point>
    <point>
      <x>0.6066667</x>
      <y>0.6</y>
      <w>0.58162266</w>
      <t>2833</t>
    </point>
    <point>
      <x>0.6116667</x>
      <y>0.6016667</y>
      <w>0.58162266</w>
      <t>2833</t>
    </point>
    <point>
      <x>0.615</x>
      <y>0.60333335</y>
      <w>0.59433043</w>
      <t>2867</t>
    </point>
    <point>
      <x>0.62</x>
      <y>0.605</y>
      <w>0.59433043</w>
      <t>2867</t>
    </point>
    <point>
      <x>0.62333333</x>
      <y>0.6066667</y>
      <w>0.59433043</w>
      <t>2867</t>
    </point>
    <point>
      <x>0.62833333</x>
      <y>0.61</y>
      <w>0.59433043</w>
      <t>2867</t>
    </point>
    <point>
      <x>0.63166666</x>
      <y>0.6116667</y>
      <w>0.6158358</w>
      <t>2900</t>
    </point>
    <point>
      <x>0.63666666</x>
      <y>0.61333334</y>
      <w>0.6158358</w>
      <t>2900</t>
    </point>
    <point>
      <x>0.64166665</x>
      <y>0.6166667</y>
      <w>0.6158358</w>
      <t>2900</t>
    </point>
    <point>
      <x>0.645</x>
      <y>0.61833334</y>
      <w>0.6158358</w>
      <t>2900</t>
    </point>
    <point>
      <x>0.65</x>
      <y>0.62166667</y>
      <w>0.6158358</w>
      <t>2900</t>
    </point>
    <point>
      <x>0.6533333</x>
      <y>0.62333333</y>
      <w>0.6344086</w>
      <t>2933</t>
    </point>
    <point>
      <x>0.65833336</x>
      <y>0.62666667</y>
      <w>0.6344086</w>
      <t>2933</t>
    </point>
    <point>
      <x>0.6616667</x>
      <y>0.62833333</y>
      <w>0.6344086</w>
      <t>2933</t>
    </point>
    <point>
      <x>0.665</x>
      <y>0.63166666</y>
      <w>0.6344086</w>
      <t>2933</t>
    </point>
    <point>
      <x>0.67</x>
      <y>0.6333333</y>
      <w>0.6529814</w>
      <t>2967</t>
    </point>
    <point>
      <x>0.67333335</x>
      <y>0.63666666</y>
      <w>0.6529814</w>
      <t>2967</t>
    </point>
    <point>
      <x>0.6766667</x>
      <y>0.6383333</y>
      <w>0.6529814</w>
      <t>2967</t>
    </point>
    <point>
      <x>0.68</x>
      <y>0.64166665</y>
      <w>0.6529814</w>
      <t>2967</t>
    </point>
    <point>
      <x>0.68333334</x>
      <y>0.6433333</y>
      <w>0.6529814</w>
      <t>2967</t>
    </point>
    <point>
      <x>0.68833333</x>
      <y>0.64666665</y>
      <w>0.6686217</w>
      <t>3000</t>
    </point>
    <point>
      <x>0.69166666</x>
      <y>0.65</y>
      <w>0.6686217</w>
      <t>3000</t>
    </point>
    <point>
      <x>0.695</x>
      <y>0.6533333</y>
      <w>0.6686217</w>
      <t>3000</t>
    </point>
    <point>
      <x>0.6983333</x>
      <y>0.6566667</y>
      <w>0.6686217</w>
      <t>3000</t>
    </point>
    <point>
      <x>0.7033333</x>
      <y>0.6616667</y>
      <w>0.68328446</w>
      <t>3033</t>
    </point>
    <point>
      <x>0.70666665</x>
      <y>0.665</y>
      <w>0.68328446</w>
      <t>3033</t>
    </point>
    <point>
      <x>0.71166664</x>
      <y>0.66833335</y>
      <w>0.68328446</w>
      <t>3033</t>
    </point>
    <point>
      <x>0.71666664</x>
      <y>0.6716667</y>
      <w>0.68328446</w>
      <t>3033</t>
    </point>
    <point>
      <x>0.7216667</x>
      <y>0.6766667</y>
      <w>0.68328446</w>
      <t>3033</t>
    </point>
    <point>
      <x>0.7266667</x>
      <y>0.68</y>
      <w>0.6871945</w>
      <t>3066</t>
    </point>
    <point>
      <x>0.7316667</x>
      <y>0.68333334</y>
      <w>0.6871945</w>
      <t>3066</t>
    </point>
    <point>
      <x>0.7366667</x>
      <y>0.68666667</y>
      <w>0.6871945</w>
      <t>3066</t>
    </point>
    <point>
      <x>0.74</x>
      <y>0.69</y>
      <w>0.6871945</w>
      <t>3066</t>
    </point>
    <point>
      <x>0.745</x>
      <y>0.695</y>
      <w>0.6930596</w>
      <t>3100</t>
    </point>
    <point>
      <x>0.74833333</x>
      <y>0.6983333</y>
      <w>0.6930596</w>
      <t>3100</t>
    </point>
    <point>
      <x>0.75333333</x>
      <y>0.70166665</y>
      <w>0.6930596</w>
      <t>3100</t>
    </point>
    <point>
      <x>0.75666666</x>
      <y>0.705</y>
      <w>0.6930596</w>
      <t>3100</t>
    </point>
    <point>
      <x>0.76166666</x>
      <y>0.71</y>
      <w>0.69403714</w>
      <t>3133</t>
    </point>
    <point>
      <x>0.76666665</x>
      <y>0.7133333</y>
      <w>0.69403714</w>
      <t>3133</t>
    </point>
    <point>
      <x>0.77166665</x>
      <y>0.71666664</y>
      <w>0.69403714</w>
      <t>3133</t>
    </point>
    <point>
      <x>0.77666664</x>
      <y>0.72</y>
      <w>0.69403714</w>
      <t>3133</t>
    </point>
    <point>
      <x>0.78</x>
      <y>0.72333336</y>
      <w>0.69403714</w>
      <t>3133</t>
    </point>
    <point>
      <x>0.785</x>
      <y>0.7266667</y>
      <w>0.69403714</w>
      <t>3166</t>
    </point>
    <point>
      <x>0.78833336</x>
      <y>0.73</y>
      <w>0.69403714</w>
      <t>3166</t>
    </point>
    <point>
      <x>0.7916667</x>
      <y>0.73333335</y>
      <w>0.69403714</w>
      <t>3166</t>
    </point>
    <point>
      <x>0.795</x>
      <y>0.7366667</y>
      <w>0.69403714</w>
      <t>3166</t>
    </point>
    <point>
      <x>0.7966667</x>
      <y>0.74</y>
      <w>0.68817204</w>
      <t>3200</t>
    </point>
    <point>
      <x>0.8</x>
      <y>0.74333334</y>
      <w>0.68817204</w>
      <t>3200</t>
    </point>
    <point>
      <x>0.8016667</x>
      <y>0.745</y>
      <w>0.68817204</w>
      <t>3200</t>
    </point>
    <point>
      <x>0.80333334</x>
      <y>0.74666667</y>
      <w>0.68817204</w>
      <t>3200</t>
    </point>
    <point>
      <x>0.805</x>
      <y>0.74666667</y>
      <w>0.30498534</w>
      <t>3233</t>
    </point>
  </stroke>
</character>
