<?xml version="1.0" encoding="UTF-8"?>
<character>
  <stroke time="0">
    <point>
      <x>0.15166667</x>
      <y>0.41166666</y>
      <w>0.13000977</w>
      <t>37</t>
    </point>
    <point>
      <x>0.15166667</x>
      <y>0.41333333</y>
      <w>0.13000977</w>
      <t>37</t>
    </point>
    <point>
      <x>0.15333334</x>
      <y>0.41333333</y>
      <w>0.13000977</w>
      <t>37</t>
    </point>
    <point>
      <x>0.155</x>
      <y>0.415</y>
      <w>0.13000977</w>
      <t>38</t>
    </point>
    <point>
      <x>0.15666667</x>
      <y>0.415</y>
      <w>0.2062561</w>
      <t>67</t>
    </point>
    <point>
      <x>0.15833333</x>
      <y>0.41666666</y>
      <w>0.2062561</w>
      <t>67</t>
    </point>
    <point>
      <x>0.16166666</x>
      <y>0.41666666</y>
      <w>0.2062561</w>
      <t>67</t>
    </point>
    <point>
      <x>0.16333333</x>
      <y>0.41666666</y>
      <w>0.2062561</w>
      <t>68</t>
    </point>
    <point>
      <x>0.165</x>
      <y>0.41833332</y>
      <w>0.2746823</w>
      <t>101</t>
    </point>
    <point>
      <x>0.16833334</x>
      <y>0.41833332</y>
      <w>0.2746823</w>
      <t>101</t>
    </point>
    <point>
      <x>0.17166667</x>
      <y>0.42</y>
      <w>0.2746823</w>
      <t>101</t>
    </point>
    <point>
      <x>0.175</x>
      <y>0.42</y>
      <w>0.2746823</w>
      <t>102</t>
    </point>
    <point>
      <x>0.17666666</x>
      <y>0.42</y>
      <w>0.2746823</w>
      <t>102</t>
    </point>
    <point>
      <x>0.18</x>
      <y>0.42</y>
      <w>0.37243402</w>
      <t>134</t>
    </point>
    <point>
      <x>0.18166667</x>
      <y>0.42</y>
      <w>0.37243402</w>
      <t>134</t>
    </point>
    <point>
      <x>0.18333334</x>
      <y>0.42</y>
      <w>0.37243402</w>
      <t>134</t>
    </point>
    <point>
      <x>0.185</x>
      <y>0.42</y>
      <w>0.37243402</w>
      <t>135</t>
    </point>
    <point>
      <x>0.18666667</x>
      <y>0.42</y>
      <w>0.46529815</w>
      <t>168</t>
    </point>
    <point>
      <x>0.18833333</x>
      <y>0.42</y>
      <w>0.46529815</w>
      <t>168</t>
    </point>
    <point>
      <x>0.19166666</x>
      <y>0.42</y>
      <w>0.46529815</w>
      <t>168</t>
    </point>
    <point>
      <x>0.19666667</x>
      <y>0.41833332</y>
      <w>0.46529815</w>
      <t>170</t>
    </point>
    <point>
      <x>0.20166667</x>
      <y>0.41666666</y>
      <w>0.46529815</w>
      <t>170</t>
    </point>
    <point>
      <x>0.20833333</x>
      <y>0.41333333</y>
      <w>0.542522</w>
      <t>201</t>
    </point>
    <point>
      <x>0.215</x>
      <y>0.41166666</y>
      <w>0.542522</w>
      <t>201</t>
    </point>
    <point>
      <x>0.22333333</x>
      <y>0.40666667</y>
      <w>0.542522</w>
      <t>201</t>
    </point>
    <point>
      <x>0.23333333</x>
      <y>0.40333334</y>
      <w>0.542522</w>
      <t>202</t>
    </point>
    <point>
      <x>0.24333334</x>
      <y>0.39833334</y>
      <w>0.57478005</w>
      <t>234</t>
    </point>
    <point>
      <x>0.25333333</x>
      <y>0.39333335</y>
      <w>0.57478005</w>
      <t>234</t>
    </point>
    <point>
      <x>0.26333332</x>
      <y>0.38833332</y>
      <w>0.57478005</w>
      <t>234</t>
    </point>
    <point>
      <x>0.275</x>
      <y>0.38166666</y>
      <w>0.57478005</w>
      <t>235</t>
    </point>
    <point>
      <x>0.28666666</x>
      <y>0.37666667</y>
      <w>0.57478005</w>
      <t>235</t>
    </point>
    <point>
      <x>0.29833335</x>
      <y>0.37</y>
      <w>0.58651024</w>
      <t>267</t>
    </point>
    <point>
      <x>0.31</x>
      <y>0.365</y>
      <w>0.58651024</w>
      <t>267</t>
    </point>
    <point>
      <x>0.32166666</x>
      <y>0.36</y>
      <w>0.58651024</w>
      <t>267</t>
    </point>
    <point>
      <x>0.33333334</x>
      <y>0.35333332</y>
      <w>0.58651024</w>
      <t>268</t>
    </point>
    <point>
      <x>0.34333333</x>
      <y>0.34833333</y>
      <w>0.5982405</w>
      <t>301</t>
    </point>
    <point>
      <x>0.35333332</x>
      <y>0.345</y>
      <w>0.5982405</w>
      <t>301</t>
    </point>
    <point>
      <x>0.36166668</x>
      <y>0.34166667</y>
      <w>0.5982405</w>
      <t>301</t>
    </point>
    <point>
      <x>0.36833334</x>
      <y>0.33833334</y>
      <w>0.5982405</w>
      <t>302</t>
    </point>
    <point>
      <x>0.37333333</x>
      <y>0.33666667</y>
      <w>0.6031281</w>
      <t>334</t>
    </point>
    <point>
      <x>0.37666667</x>
      <y>0.335</y>
      <w>0.6031281</w>
      <t>334</t>
    </point>
    <point>
      <x>0.37833333</x>
      <y>0.335</y>
      <w>0.6031281</w>
      <t>334</t>
    </point>
    <point>
      <x>0.375</x>
      <y>0.335</y>
      <w>0.5552297</w>
      <t>467</t>
    </point>
    <point>
      <x>0.37166667</x>
      <y>0.335</y>
      <w>0.5552297</w>
      <t>467</t>
    </point>
    <point>
      <x>0.36833334</x>
      <y>0.33333334</y>
      <w>0.5552297</w>
      <t>467</t>
    </point>
    <point>
      <x>0.365</x>
      <y>0.33166668</y>
      <w>0.5552297</w>
      <t>468</t>
    </point>
    <point>
      <x>0.36166668</x>
      <y>0.33</y>
      <w>0.5552297</w>
      <t>468</t>
    </point>
    <point>
      <x>0.35833332</x>
      <y>0.32666665</y>
      <w>0.41544476</w>
      <t>501</t>
    </point>
    <point>
      <x>0.355</x>
      <y>0.32166666</y>
      <w>0.41544476</w>
      <t>501</t>
    </point>
    <point>
      <x>0.35166666</x>
      <y>0.31666666</y>
      <w>0.41544476</w>
      <t>501</t>
    </point>
    <point>
      <x>0.34833333</x>
      <y>0.31166667</y>
      <w>0.41544476</w>
      <t>501</t>
    </point>
    <point>
      <x>0.345</x>
      <y>0.305</y>
      <w>0.20918866</w>
      <t>534</t>
    </point>
    <point>
      <x>0.34333333</x>
      <y>0.29833335</y>
      <w>0.20918866</w>
      <t>534</t>
    </point>
    <point>
      <x>0.34</x>
      <y>0.29333332</y>
      <w>0.20918866</w>
      <t>534</t>
    </point>
    <point>
      <x>0.33833334</x>
      <y>0.29</y>
      <w>0.20918866</w>
      <t>534</t>
    </point>
    <point>
      <x>0.33666667</x>
      <y>0.28666666</y>
      <w>0.21309873</w>
      <t>535</t>
    </point>
    <point>
      <x>0.33666667</x>
      <y>0.285</y>
      <w>0.3088954</w>
      <t>567</t>
    </point>
    <point>
      <x>0.335</x>
      <y>0.28333333</y>
      <w>0.3088954</w>
      <t>567</t>
    </point>
    <point>
      <x>0.33333334</x>
      <y>0.28333333</y>
      <w>0.48387095</w>
      <t>601</t>
    </point>
    <point>
      <x>0.33333334</x>
      <y>0.285</y>
      <w>0.5415445</w>
      <t>634</t>
    </point>
    <point>
      <x>0.33333334</x>
      <y>0.28666666</y>
      <w>0.5415445</w>
      <t>634</t>
    </point>
    <point>
      <x>0.33333334</x>
      <y>0.29166666</y>
      <w>0.6236559</w>
      <t>668</t>
    </point>
    <point>
      <x>0.33166668</x>
      <y>0.29666665</y>
      <w>0.6236559</w>
      <t>668</t>
    </point>
    <point>
      <x>0.33166668</x>
      <y>0.305</y>
      <w>0.6236559</w>
      <t>668</t>
    </point>
    <point>
      <x>0.33</x>
      <y>0.31166667</y>
      <w>0.6236559</w>
      <t>668</t>
    </point>
    <point>
      <x>0.33</x>
      <y>0.32</y>
      <w>0.6236559</w>
      <t>669</t>
    </point>
    <point>
      <x>0.33</x>
      <y>0.32833335</y>
      <w>0.6803519</w>
      <t>700</t>
    </point>
    <point>
      <x>0.32833335</x>
      <y>0.33833334</y>
      <w>0.6803519</w>
      <t>700</t>
    </point>
    <point>
      <x>0.32833335</x>
      <y>0.35</y>
      <w>0.6803519</w>
      <t>700</t>
    </point>
    <point>
      <x>0.32666665</x>
      <y>0.36</y>
      <w>0.6803519</w>
      <t>700</t>
    </point>
    <point>
      <x>0.32666665</x>
      <y>0.37166667</y>
      <w>0.7194526</w>
      <t>734</t>
    </point>
    <point>
      <x>0.32666665</x>
      <y>0.38166666</y>
      <w>0.7194526</w>
      <t>736</t>
    </point>
    <point>
      <x>0.32666665</x>
      <y>0.39333335</y>
      <w>0.7194526</w>
      <t>736</t>
    </point>
    <point>
      <x>0.32666665</x>
      <y>0.405</y>
      <w>0.7194526</w>
      <t>736</t>
    </point>
    <point>
      <x>0.32666665</x>
      <y>0.41666666</y>
      <w>0.7194526</w>
      <t>736</t>
    </point>
    <point>
      <x>0.32666665</x>
      <y>0.42666668</y>
      <w>0.75757575</w>
      <t>767</t>
    </point>
    <point>
      <x>0.32666665</x>
      <y>0.43833333</y>
      <w>0.75757575</w>
      <t>767</t>
    </point>
    <point>
      <x>0.32833335</x>
      <y>0.45</y>
      <w>0.75757575</w>
      <t>767</t>
    </point>
    <point>
      <x>0.32833335</x>
      <y>0.46</y>
      <w>0.75757575</w>
      <t>767</t>
    </point>
    <point>
      <x>0.33</x>
      <y>0.46833333</y>
      <w>0.76441836</w>
      <t>801</t>
    </point>
    <point>
      <x>0.33</x>
      <y>0.47333333</y>
      <w>0.76441836</w>
      <t>801</t>
    </point>
    <point>
      <x>0.33166668</x>
      <y>0.48</y>
      <w>0.76441836</w>
      <t>801</t>
    </point>
    <point>
      <x>0.33166668</x>
      <y>0.48333332</y>
      <w>0.76441836</w>
      <t>801</t>
    </point>
    <point>
      <x>0.33333334</x>
      <y>0.485</y>
      <w>0.7663734</w>
      <t>834</t>
    </point>
    <point>
      <x>0.33333334</x>
      <y>0.48666668</y>
      <w>0.7663734</w>
      <t>836</t>
    </point>
    <point>
      <x>0.33333334</x>
      <y>0.48833334</y>
      <w>0.7722385</w>
      <t>867</t>
    </point>
    <point>
      <x>0.335</x>
      <y>0.48833334</y>
      <w>0.7722385</w>
      <t>867</t>
    </point>
    <point>
      <x>0.33666667</x>
      <y>0.48666668</y>
      <w>0.7790811</w>
      <t>901</t>
    </point>
    <point>
      <x>0.34</x>
      <y>0.485</y>
      <w>0.7790811</w>
      <t>901</t>
    </point>
    <point>
      <x>0.34333333</x>
      <y>0.48</y>
      <w>0.7790811</w>
      <t>901</t>
    </point>
    <point>
      <x>0.34833333</x>
      <y>0.475</y>
      <w>0.7790811</w>
      <t>901</t>
    </point>
    <point>
      <x>0.355</x>
      <y>0.46833333</y>
      <w>0.7800586</w>
      <t>934</t>
    </point>
    <point>
      <x>0.36166668</x>
      <y>0.46166667</y>
      <w>0.7800586</w>
      <t>934</t>
    </point>
    <point>
      <x>0.36666667</x>
      <y>0.45333335</y>
      <w>0.7800586</w>
      <t>934</t>
    </point>
    <point>
      <x>0.37333333</x>
      <y>0.445</y>
      <w>0.7800586</w>
      <t>934</t>
    </point>
    <point>
      <x>0.38</x>
      <y>0.43833333</y>
      <w>0.7800586</w>
      <t>935</t>
    </point>
    <point>
      <x>0.38666666</x>
      <y>0.43</y>
      <w>0.7595308</w>
      <t>967</t>
    </point>
    <point>
      <x>0.395</x>
      <y>0.42166665</y>
      <w>0.7595308</w>
      <t>967</t>
    </point>
    <point>
      <x>0.40166667</x>
      <y>0.41166666</y>
      <w>0.7595308</w>
      <t>967</t>
    </point>
    <point>
      <x>0.41</x>
      <y>0.40166667</y>
      <w>0.7595308</w>
      <t>967</t>
    </point>
    <point>
      <x>0.41666666</x>
      <y>0.39333335</y>
      <w>0.6803519</w>
      <t>1000</t>
    </point>
    <point>
      <x>0.42666668</x>
      <y>0.38333333</y>
      <w>0.6803519</w>
      <t>1000</t>
    </point>
    <point>
      <x>0.435</x>
      <y>0.37666667</y>
      <w>0.6803519</w>
      <t>1000</t>
    </point>
    <point>
      <x>0.44166666</x>
      <y>0.36833334</y>
      <w>0.6803519</w>
      <t>1000</t>
    </point>
    <point>
      <x>0.45</x>
      <y>0.36166668</y>
      <w>0.6803519</w>
      <t>1001</t>
    </point>
    <point>
      <x>0.455</x>
      <y>0.355</y>
      <w>0.51906157</w>
      <t>1034</t>
    </point>
    <point>
      <x>0.46166667</x>
      <y>0.34833333</y>
      <w>0.51906157</w>
      <t>1034</t>
    </point>
    <point>
      <x>0.46666667</x>
      <y>0.34166667</y>
      <w>0.51906157</w>
      <t>1034</t>
    </point>
    <point>
      <x>0.47166666</x>
      <y>0.33666667</y>
      <w>0.51906157</w>
      <t>1034</t>
    </point>
    <point>
      <x>0.47666666</x>
      <y>0.33166668</y>
      <w>0.09677419</w>
      <t>1067</t>
    </point>
    <point>
      <x>0.48</x>
      <y>0.325</y>
      <w>0.09677419</w>
      <t>1067</t>
    </point>
    <point>
      <x>0.485</x>
      <y>0.32166666</y>
      <w>0.09677419</w>
      <t>1067</t>
    </point>
    <point>
      <x>0.49</x>
      <y>0.31666666</y>
      <w>0.09677419</w>
      <t>1067</t>
    </point>
  </stroke>
  <stroke time="1201">
    <point>
      <x>0.56666666</x>
      <y>0.26</y>
      <w>0.11632454</w>
      <t>1201</t>
    </point>
    <point>
      <x>0.5733333</x>
      <y>0.25666666</y>
      <w>0.16226783</w>
      <t>1235</t>
    </point>
    <point>
      <x>0.58166665</x>
      <y>0.25333333</y>
      <w>0.16226783</w>
      <t>1235</t>
    </point>
    <point>
      <x>0.59</x>
      <y>0.25</y>
      <w>0.16226783</w>
      <t>1235</t>
    </point>
    <point>
      <x>0.6</x>
      <y>0.24666667</y>
      <w>0.16226783</w>
      <t>1235</t>
    </point>
    <point>
      <x>0.60833335</x>
      <y>0.24333334</y>
      <w>0.16226783</w>
      <t>1235</t>
    </point>
    <point>
      <x>0.61833334</x>
      <y>0.24166666</y>
      <w>0.3079179</w>
      <t>1267</t>
    </point>
    <point>
      <x>0.62666667</x>
      <y>0.23833333</y>
      <w>0.3079179</w>
      <t>1267</t>
    </point>
    <point>
      <x>0.635</x>
      <y>0.23666666</y>
      <w>0.3079179</w>
      <t>1267</t>
    </point>
    <point>
      <x>0.6433333</x>
      <y>0.23666666</y>
      <w>0.3079179</w>
      <t>1267</t>
    </point>
    <point>
      <x>0.65166664</x>
      <y>0.23666666</y>
      <w>0.37243402</w>
      <t>1301</t>
    </point>
    <point>
      <x>0.66</x>
      <y>0.23666666</y>
      <w>0.37243402</w>
      <t>1301</t>
    </point>
    <point>
      <x>0.66833335</x>
      <y>0.23666666</y>
      <w>0.37243402</w>
      <t>1301</t>
    </point>
    <point>
      <x>0.675</x>
      <y>0.23666666</y>
      <w>0.37243402</w>
      <t>1302</t>
    </point>
    <point>
      <x>0.68333334</x>
      <y>0.23666666</y>
      <w>0.37243402</w>
      <t>1302</t>
    </point>
    <point>
      <x>0.69</x>
      <y>0.23666666</y>
      <w>0.43010753</w>
      <t>1334</t>
    </point>
    <point>
      <x>0.6983333</x>
      <y>0.23833333</y>
      <w>0.43010753</w>
      <t>1334</t>
    </point>
    <point>
      <x>0.70666665</x>
      <y>0.24</y>
      <w>0.43010753</w>
      <t>1334</t>
    </point>
    <point>
      <x>0.715</x>
      <y>0.24166666</y>
      <w>0.43010753</w>
      <t>1334</t>
    </point>
    <point>
      <x>0.72333336</x>
      <y>0.24333334</y>
      <w>0.50635386</w>
      <t>1367</t>
    </point>
    <point>
      <x>0.7316667</x>
      <y>0.245</y>
      <w>0.50635386</w>
      <t>1367</t>
    </point>
    <point>
      <x>0.74</x>
      <y>0.24833333</y>
      <w>0.50635386</w>
      <t>1367</t>
    </point>
    <point>
      <x>0.74666667</x>
      <y>0.25166667</y>
      <w>0.50635386</w>
      <t>1367</t>
    </point>
    <point>
      <x>0.75333333</x>
      <y>0.255</y>
      <w>0.50635386</w>
      <t>1367</t>
    </point>
    <point>
      <x>0.76</x>
      <y>0.25666666</y>
      <w>0.540567</w>
      <t>1401</t>
    </point>
    <point>
      <x>0.765</x>
      <y>0.26</y>
      <w>0.540567</w>
      <t>1401</t>
    </point>
    <point>
      <x>0.77</x>
      <y>0.26333332</y>
      <w>0.540567</w>
      <t>1401</t>
    </point>
    <point>
      <x>0.775</x>
      <y>0.26666668</y>
      <w>0.540567</w>
      <t>1401</t>
    </point>
    <point>
      <x>0.78</x>
      <y>0.27</y>
      <w>0.5493646</w>
      <t>1434</t>
    </point>
    <point>
      <x>0.78333336</x>
      <y>0.275</y>
      <w>0.5493646</w>
      <t>1434</t>
    </point>
    <point>
      <x>0.78833336</x>
      <y>0.27833334</y>
      <w>0.5493646</w>
      <t>1434</t>
    </point>
    <point>
      <x>0.7916667</x>
      <y>0.28333333</y>
      <w>0.5493646</w>
      <t>1435</t>
    </point>
    <point>
      <x>0.795</x>
      <y>0.29</y>
      <w>0.5493646</w>
      <t>1435</t>
    </point>
    <point>
      <x>0.79833335</x>
      <y>0.29666665</y>
      <w>0.627566</w>
      <t>1467</t>
    </point>
    <point>
      <x>0.8016667</x>
      <y>0.30333334</y>
      <w>0.627566</w>
      <t>1467</t>
    </point>
    <point>
      <x>0.80333334</x>
      <y>0.31</y>
      <w>0.627566</w>
      <t>1467</t>
    </point>
    <point>
      <x>0.8066667</x>
      <y>0.31666666</y>
      <w>0.627566</w>
      <t>1467</t>
    </point>
    <point>
      <x>0.80833334</x>
      <y>0.325</y>
      <w>0.6471163</w>
      <t>1501</t>
    </point>
    <point>
      <x>0.81</x>
      <y>0.33166668</y>
      <w>0.6471163</w>
      <t>1501</t>
    </point>
    <point>
      <x>0.81166667</x>
      <y>0.34</y>
      <w>0.6471163</w>
      <t>1501</t>
    </point>
    <point>
      <x>0.81166667</x>
      <y>0.34666666</y>
      <w>0.6471163</w>
      <t>1501</t>
    </point>
    <point>
      <x>0.81166667</x>
      <y>0.355</y>
      <w>0.65591395</w>
      <t>1534</t>
    </point>
    <point>
      <x>0.81166667</x>
      <y>0.36333334</y>
      <w>0.65591395</w>
      <t>1534</t>
    </point>
    <point>
      <x>0.81166667</x>
      <y>0.37166667</y>
      <w>0.65591395</w>
      <t>1534</t>
    </point>
    <point>
      <x>0.81</x>
      <y>0.38</y>
      <w>0.65591395</w>
      <t>1534</t>
    </point>
    <point>
      <x>0.8066667</x>
      <y>0.38833332</y>
      <w>0.65591395</w>
      <t>1534</t>
    </point>
    <point>
      <x>0.80333334</x>
      <y>0.39666668</y>
      <w>0.6676442</w>
      <t>1567</t>
    </point>
    <point>
      <x>0.8</x>
      <y>0.405</y>
      <w>0.6676442</w>
      <t>1567</t>
    </point>
    <point>
      <x>0.795</x>
      <y>0.41333333</y>
      <w>0.6676442</w>
      <t>1567</t>
    </point>
    <point>
      <x>0.7916667</x>
      <y>0.42166665</y>
      <w>0.6676442</w>
      <t>1567</t>
    </point>
    <point>
      <x>0.7866667</x>
      <y>0.43</y>
      <w>0.686217</w>
      <t>1601</t>
    </point>
    <point>
      <x>0.7816667</x>
      <y>0.43833333</y>
      <w>0.686217</w>
      <t>1601</t>
    </point>
    <point>
      <x>0.77666664</x>
      <y>0.44666666</y>
      <w>0.686217</w>
      <t>1601</t>
    </point>
    <point>
      <x>0.77</x>
      <y>0.455</y>
      <w>0.686217</w>
      <t>1601</t>
    </point>
    <point>
      <x>0.765</x>
      <y>0.465</y>
      <w>0.686217</w>
      <t>1601</t>
    </point>
    <point>
      <x>0.7583333</x>
      <y>0.47333333</y>
      <w>0.70185727</w>
      <t>1634</t>
    </point>
    <point>
      <x>0.75333333</x>
      <y>0.48333332</y>
      <w>0.70185727</w>
      <t>1634</t>
    </point>
    <point>
      <x>0.745</x>
      <y>0.49333334</y>
      <w>0.70185727</w>
      <t>1634</t>
    </point>
    <point>
      <x>0.73833334</x>
      <y>0.50333333</y>
      <w>0.70185727</w>
      <t>1634</t>
    </point>
    <point>
      <x>0.73</x>
      <y>0.51166666</y>
      <w>0.7047898</w>
      <t>1667</t>
    </point>
    <point>
      <x>0.72</x>
      <y>0.52166665</y>
      <w>0.7047898</w>
      <t>1667</t>
    </point>
    <point>
      <x>0.71</x>
      <y>0.53</y>
      <w>0.7047898</w>
      <t>1667</t>
    </point>
    <point>
      <x>0.7</x>
      <y>0.53833336</y>
      <w>0.7047898</w>
      <t>1667</t>
    </point>
    <point>
      <x>0.69</x>
      <y>0.545</y>
      <w>0.7047898</w>
      <t>1667</t>
    </point>
    <point>
      <x>0.68</x>
      <y>0.55</y>
      <w>0.70674485</w>
      <t>1701</t>
    </point>
    <point>
      <x>0.67</x>
      <y>0.555</y>
      <w>0.70674485</w>
      <t>1701</t>
    </point>
    <point>
      <x>0.65833336</x>
      <y>0.55833334</y>
      <w>0.70674485</w>
      <t>1701</t>
    </point>
    <point>
      <x>0.6483333</x>
      <y>0.56</y>
      <w>0.70674485</w>
      <t>1701</t>
    </point>
    <point>
      <x>0.63666666</x>
      <y>0.56</y>
      <w>0.6979472</w>
      <t>1734</t>
    </point>
    <point>
      <x>0.625</x>
      <y>0.56</y>
      <w>0.6979472</w>
      <t>1734</t>
    </point>
    <point>
      <x>0.61333334</x>
      <y>0.5566667</y>
      <w>0.6979472</w>
      <t>1734</t>
    </point>
    <point>
      <x>0.6016667</x>
      <y>0.55</y>
      <w>0.6979472</w>
      <t>1734</t>
    </point>
    <point>
      <x>0.59</x>
      <y>0.54333335</y>
      <w>0.6979472</w>
      <t>1734</t>
    </point>
    <point>
      <x>0.58</x>
      <y>0.53333336</y>
      <w>0.629521</w>
      <t>1767</t>
    </point>
    <point>
      <x>0.57</x>
      <y>0.52166665</y>
      <w>0.629521</w>
      <t>1767</t>
    </point>
    <point>
      <x>0.56166667</x>
      <y>0.5083333</y>
      <w>0.629521</w>
      <t>1767</t>
    </point>
    <point>
      <x>0.55333334</x>
      <y>0.495</y>
      <w>0.629521</w>
      <t>1767</t>
    </point>
    <point>
      <x>0.5466667</x>
      <y>0.48166665</y>
      <w>0.19354838</w>
      <t>1801</t>
    </point>
    <point>
      <x>0.54</x>
      <y>0.46666667</y>
      <w>0.19354838</w>
      <t>1801</t>
    </point>
    <point>
      <x>0.5366667</x>
      <y>0.45333335</y>
      <w>0.19354838</w>
      <t>1801</t>
    </point>
    <point>
      <x>0.53333336</x>
      <y>0.44166666</y>
      <w>0.19354838</w>
      <t>1801</t>
    </point>
  </stroke>
  <stroke time="2601">
    <point>
      <x>0.635</x>
      <y>0.3</y>
      <w>0.0</w>
      <t>2601</t>
    </point>
    <point>
      <x>0.635</x>
      <y>0.30666667</y>
      <w>0.18963832</w>
      <t>2634</t>
    </point>
    <point>
      <x>0.6333333</x>
      <y>0.31333333</y>
      <w>0.18963832</w>
      <t>2634</t>
    </point>
    <point>
      <x>0.6333333</x>
      <y>0.32</y>
      <w>0.18963832</w>
      <t>2634</t>
    </point>
    <point>
      <x>0.6333333</x>
      <y>0.32833335</y>
      <w>0.18963832</w>
      <t>2634</t>
    </point>
    <point>
      <x>0.63166666</x>
      <y>0.33833334</y>
      <w>0.18963832</w>
      <t>2634</t>
    </point>
    <point>
      <x>0.63</x>
      <y>0.35</y>
      <w>0.36656892</w>
      <t>2668</t>
    </point>
    <point>
      <x>0.62666667</x>
      <y>0.36333334</y>
      <w>0.36656892</w>
      <t>2668</t>
    </point>
    <point>
      <x>0.62333333</x>
      <y>0.38</y>
      <w>0.36656892</w>
      <t>2668</t>
    </point>
    <point>
      <x>0.61833334</x>
      <y>0.39833334</y>
      <w>0.36656892</w>
      <t>2668</t>
    </point>
    <point>
      <x>0.6116667</x>
      <y>0.41666666</y>
      <w>0.5259042</w>
      <t>2701</t>
    </point>
    <point>
      <x>0.605</x>
      <y>0.43666667</y>
      <w>0.5259042</w>
      <t>2701</t>
    </point>
    <point>
      <x>0.5966667</x>
      <y>0.45833334</y>
      <w>0.5259042</w>
      <t>2701</t>
    </point>
    <point>
      <x>0.58666664</x>
      <y>0.48</y>
      <w>0.5259042</w>
      <t>2701</t>
    </point>
    <point>
      <x>0.575</x>
      <y>0.50166667</y>
      <w>0.57478005</w>
      <t>2734</t>
    </point>
    <point>
      <x>0.56333333</x>
      <y>0.5233333</y>
      <w>0.57478005</w>
      <t>2734</t>
    </point>
    <point>
      <x>0.55</x>
      <y>0.5466667</y>
      <w>0.57478005</w>
      <t>2734</t>
    </point>
    <point>
      <x>0.5366667</x>
      <y>0.5683333</y>
      <w>0.57478005</w>
      <t>2734</t>
    </point>
    <point>
      <x>0.5233333</x>
      <y>0.5883333</y>
      <w>0.57478005</w>
      <t>2734</t>
    </point>
    <point>
      <x>0.51166666</x>
      <y>0.60833335</y>
      <w>0.4457478</w>
      <t>2768</t>
    </point>
    <point>
      <x>0.50166667</x>
      <y>0.62333333</y>
      <w>0.4457478</w>
      <t>2768</t>
    </point>
    <point>
      <x>0.49166667</x>
      <y>0.635</y>
      <w>0.4457478</w>
      <t>2768</t>
    </point>
    <point>
      <x>0.48166665</x>
      <y>0.6433333</y>
      <w>0.4457478</w>
      <t>2768</t>
    </point>
    <point>
      <x>0.475</x>
      <y>0.6483333</y>
      <w>0.4457478</w>
      <t>2768</t>
    </point>
  </stroke>
</character>
