<?xml version="1.0" encoding="UTF-8"?>
<character>
  <stroke time="0">
    <point>
      <x>0.30833334</x>
      <y>0.16833334</y>
      <w>0.097751714</w>
      <t>37</t>
    </point>
    <point>
      <x>0.30833334</x>
      <y>0.17</y>
      <w>0.17888562</w>
      <t>67</t>
    </point>
    <point>
      <x>0.30833334</x>
      <y>0.17166667</y>
      <w>0.17888562</w>
      <t>67</t>
    </point>
    <point>
      <x>0.30833334</x>
      <y>0.17333333</y>
      <w>0.17888562</w>
      <t>67</t>
    </point>
    <point>
      <x>0.31</x>
      <y>0.17666666</y>
      <w>0.17888562</w>
      <t>67</t>
    </point>
    <point>
      <x>0.31</x>
      <y>0.17833333</y>
      <w>0.25610948</w>
      <t>100</t>
    </point>
    <point>
      <x>0.31</x>
      <y>0.18</y>
      <w>0.25610948</w>
      <t>100</t>
    </point>
    <point>
      <x>0.31</x>
      <y>0.18166667</y>
      <w>0.25610948</w>
      <t>100</t>
    </point>
    <point>
      <x>0.31166667</x>
      <y>0.185</y>
      <w>0.25610948</w>
      <t>101</t>
    </point>
    <point>
      <x>0.31166667</x>
      <y>0.18666667</y>
      <w>0.36070383</w>
      <t>133</t>
    </point>
    <point>
      <x>0.31333333</x>
      <y>0.19</y>
      <w>0.36070383</w>
      <t>133</t>
    </point>
    <point>
      <x>0.31333333</x>
      <y>0.19166666</y>
      <w>0.36070383</w>
      <t>133</t>
    </point>
    <point>
      <x>0.315</x>
      <y>0.19333333</y>
      <w>0.36070383</w>
      <t>133</t>
    </point>
    <point>
      <x>0.315</x>
      <y>0.195</y>
      <w>0.36070383</w>
      <t>134</t>
    </point>
    <point>
      <x>0.31666666</x>
      <y>0.19666667</y>
      <w>0.47898337</w>
      <t>167</t>
    </point>
    <point>
      <x>0.31833333</x>
      <y>0.19833334</y>
      <w>0.47898337</w>
      <t>167</t>
    </point>
    <point>
      <x>0.32</x>
      <y>0.20166667</y>
      <w>0.47898337</w>
      <t>167</t>
    </point>
    <point>
      <x>0.32166666</x>
      <y>0.20333333</y>
      <w>0.47898337</w>
      <t>168</t>
    </point>
    <point>
      <x>0.32333332</x>
      <y>0.205</y>
      <w>0.5718475</w>
      <t>200</t>
    </point>
    <point>
      <x>0.325</x>
      <y>0.20833333</y>
      <w>0.5718475</w>
      <t>200</t>
    </point>
    <point>
      <x>0.32666665</x>
      <y>0.21</y>
      <w>0.5718475</w>
      <t>200</t>
    </point>
    <point>
      <x>0.32833335</x>
      <y>0.21166667</y>
      <w>0.5718475</w>
      <t>201</t>
    </point>
    <point>
      <x>0.33</x>
      <y>0.21333334</y>
      <w>0.5718475</w>
      <t>201</t>
    </point>
    <point>
      <x>0.33166668</x>
      <y>0.21333334</y>
      <w>0.6334311</w>
      <t>233</t>
    </point>
    <point>
      <x>0.33166668</x>
      <y>0.215</y>
      <w>0.6334311</w>
      <t>233</t>
    </point>
    <point>
      <x>0.33333334</x>
      <y>0.21666667</y>
      <w>0.6334311</w>
      <t>233</t>
    </point>
    <point>
      <x>0.335</x>
      <y>0.21666667</y>
      <w>0.6334311</w>
      <t>234</t>
    </point>
    <point>
      <x>0.33666667</x>
      <y>0.21833333</y>
      <w>0.6568915</w>
      <t>267</t>
    </point>
    <point>
      <x>0.33833334</x>
      <y>0.21833333</y>
      <w>0.6568915</w>
      <t>267</t>
    </point>
    <point>
      <x>0.33833334</x>
      <y>0.22</y>
      <w>0.6568915</w>
      <t>267</t>
    </point>
    <point>
      <x>0.34</x>
      <y>0.22</y>
      <w>0.6568915</w>
      <t>268</t>
    </point>
    <point>
      <x>0.34166667</x>
      <y>0.22</y>
      <w>0.6568915</w>
      <t>270</t>
    </point>
    <point>
      <x>0.34333333</x>
      <y>0.22</y>
      <w>0.68230695</w>
      <t>300</t>
    </point>
    <point>
      <x>0.345</x>
      <y>0.22166666</y>
      <w>0.68230695</w>
      <t>300</t>
    </point>
    <point>
      <x>0.34833333</x>
      <y>0.22166666</y>
      <w>0.68230695</w>
      <t>300</t>
    </point>
    <point>
      <x>0.35</x>
      <y>0.22166666</y>
      <w>0.69501466</w>
      <t>333</t>
    </point>
    <point>
      <x>0.35166666</x>
      <y>0.22166666</y>
      <w>0.69501466</w>
      <t>333</t>
    </point>
    <point>
      <x>0.35333332</x>
      <y>0.22166666</y>
      <w>0.69501466</w>
      <t>333</t>
    </point>
    <point>
      <x>0.35666665</x>
      <y>0.22166666</y>
      <w>0.69501466</w>
      <t>334</t>
    </point>
    <point>
      <x>0.35833332</x>
      <y>0.22333333</y>
      <w>0.69501466</w>
      <t>334</t>
    </point>
    <point>
      <x>0.36</x>
      <y>0.22333333</y>
      <w>0.70576733</w>
      <t>367</t>
    </point>
    <point>
      <x>0.36333334</x>
      <y>0.22333333</y>
      <w>0.70576733</w>
      <t>367</t>
    </point>
    <point>
      <x>0.365</x>
      <y>0.22333333</y>
      <w>0.70576733</w>
      <t>367</t>
    </point>
    <point>
      <x>0.36833334</x>
      <y>0.22333333</y>
      <w>0.70576733</w>
      <t>368</t>
    </point>
    <point>
      <x>0.37</x>
      <y>0.22333333</y>
      <w>0.71358746</w>
      <t>400</t>
    </point>
    <point>
      <x>0.37166667</x>
      <y>0.22333333</y>
      <w>0.71358746</w>
      <t>400</t>
    </point>
    <point>
      <x>0.37333333</x>
      <y>0.22333333</y>
      <w>0.71358746</w>
      <t>400</t>
    </point>
    <point>
      <x>0.37666667</x>
      <y>0.22333333</y>
      <w>0.71358746</w>
      <t>400</t>
    </point>
    <point>
      <x>0.37833333</x>
      <y>0.22166666</y>
      <w>0.71652</w>
      <t>433</t>
    </point>
    <point>
      <x>0.38</x>
      <y>0.22166666</y>
      <w>0.71652</w>
      <t>433</t>
    </point>
    <point>
      <x>0.38333333</x>
      <y>0.22</y>
      <w>0.71652</w>
      <t>433</t>
    </point>
    <point>
      <x>0.385</x>
      <y>0.22</y>
      <w>0.71652</w>
      <t>433</t>
    </point>
    <point>
      <x>0.38833332</x>
      <y>0.21833333</y>
      <w>0.71652</w>
      <t>434</t>
    </point>
    <point>
      <x>0.39</x>
      <y>0.21666667</y>
      <w>0.72043014</w>
      <t>467</t>
    </point>
    <point>
      <x>0.39333335</x>
      <y>0.21666667</y>
      <w>0.72043014</w>
      <t>467</t>
    </point>
    <point>
      <x>0.39666668</x>
      <y>0.215</y>
      <w>0.72043014</w>
      <t>467</t>
    </point>
    <point>
      <x>0.4</x>
      <y>0.21333334</y>
      <w>0.72043014</w>
      <t>467</t>
    </point>
    <point>
      <x>0.40333334</x>
      <y>0.21166667</y>
      <w>0.72140765</w>
      <t>500</t>
    </point>
    <point>
      <x>0.40833333</x>
      <y>0.20833333</y>
      <w>0.72140765</w>
      <t>500</t>
    </point>
    <point>
      <x>0.41166666</x>
      <y>0.20666666</y>
      <w>0.72140765</w>
      <t>500</t>
    </point>
    <point>
      <x>0.415</x>
      <y>0.205</y>
      <w>0.72140765</w>
      <t>500</t>
    </point>
    <point>
      <x>0.41833332</x>
      <y>0.20333333</y>
      <w>0.72140765</w>
      <t>501</t>
    </point>
    <point>
      <x>0.42166665</x>
      <y>0.2</y>
      <w>0.7243402</w>
      <t>534</t>
    </point>
    <point>
      <x>0.425</x>
      <y>0.19833334</y>
      <w>0.7243402</w>
      <t>534</t>
    </point>
    <point>
      <x>0.42666668</x>
      <y>0.195</y>
      <w>0.7243402</w>
      <t>534</t>
    </point>
    <point>
      <x>0.43</x>
      <y>0.19333333</y>
      <w>0.7243402</w>
      <t>534</t>
    </point>
    <point>
      <x>0.43333334</x>
      <y>0.19</y>
      <w>0.72238517</w>
      <t>567</t>
    </point>
    <point>
      <x>0.43666667</x>
      <y>0.18833333</y>
      <w>0.72238517</w>
      <t>567</t>
    </point>
    <point>
      <x>0.44</x>
      <y>0.185</y>
      <w>0.72238517</w>
      <t>567</t>
    </point>
    <point>
      <x>0.44333333</x>
      <y>0.18333334</y>
      <w>0.72238517</w>
      <t>567</t>
    </point>
    <point>
      <x>0.44666666</x>
      <y>0.18</y>
      <w>0.72238517</w>
      <t>600</t>
    </point>
    <point>
      <x>0.45</x>
      <y>0.17833333</y>
      <w>0.72238517</w>
      <t>600</t>
    </point>
    <point>
      <x>0.45333335</x>
      <y>0.175</y>
      <w>0.72238517</w>
      <t>600</t>
    </point>
    <point>
      <x>0.45666668</x>
      <y>0.17166667</y>
      <w>0.72238517</w>
      <t>600</t>
    </point>
    <point>
      <x>0.46166667</x>
      <y>0.17</y>
      <w>0.72238517</w>
      <t>600</t>
    </point>
    <point>
      <x>0.465</x>
      <y>0.16666667</y>
      <w>0.7243402</w>
      <t>633</t>
    </point>
    <point>
      <x>0.46833333</x>
      <y>0.165</y>
      <w>0.7243402</w>
      <t>633</t>
    </point>
    <point>
      <x>0.47166666</x>
      <y>0.16333333</y>
      <w>0.7243402</w>
      <t>633</t>
    </point>
    <point>
      <x>0.475</x>
      <y>0.16166666</y>
      <w>0.7243402</w>
      <t>633</t>
    </point>
    <point>
      <x>0.47666666</x>
      <y>0.15833333</y>
      <w>0.7243402</w>
      <t>667</t>
    </point>
    <point>
      <x>0.48</x>
      <y>0.15666667</y>
      <w>0.7243402</w>
      <t>667</t>
    </point>
    <point>
      <x>0.48166665</x>
      <y>0.155</y>
      <w>0.7243402</w>
      <t>667</t>
    </point>
    <point>
      <x>0.485</x>
      <y>0.15166667</y>
      <w>0.7243402</w>
      <t>667</t>
    </point>
    <point>
      <x>0.48833334</x>
      <y>0.14833333</y>
      <w>0.7243402</w>
      <t>668</t>
    </point>
    <point>
      <x>0.49166667</x>
      <y>0.14666666</y>
      <w>0.72238517</w>
      <t>701</t>
    </point>
    <point>
      <x>0.495</x>
      <y>0.14333333</y>
      <w>0.72238517</w>
      <t>702</t>
    </point>
    <point>
      <x>0.49833333</x>
      <y>0.14</y>
      <w>0.72238517</w>
      <t>702</t>
    </point>
    <point>
      <x>0.50333333</x>
      <y>0.13833334</y>
      <w>0.72238517</w>
      <t>702</t>
    </point>
    <point>
      <x>0.50666666</x>
      <y>0.135</y>
      <w>0.72238517</w>
      <t>702</t>
    </point>
    <point>
      <x>0.51</x>
      <y>0.13333334</y>
      <w>0.7155425</w>
      <t>733</t>
    </point>
    <point>
      <x>0.5133333</x>
      <y>0.13</y>
      <w>0.7155425</w>
      <t>733</t>
    </point>
    <point>
      <x>0.51666665</x>
      <y>0.12833333</y>
      <w>0.7155425</w>
      <t>733</t>
    </point>
    <point>
      <x>0.5183333</x>
      <y>0.12666667</y>
      <w>0.7155425</w>
      <t>733</t>
    </point>
    <point>
      <x>0.52166665</x>
      <y>0.125</y>
      <w>0.71358746</w>
      <t>767</t>
    </point>
    <point>
      <x>0.525</x>
      <y>0.123333335</y>
      <w>0.71358746</w>
      <t>767</t>
    </point>
    <point>
      <x>0.52666664</x>
      <y>0.123333335</y>
      <w>0.71358746</w>
      <t>767</t>
    </point>
    <point>
      <x>0.53</x>
      <y>0.12166667</y>
      <w>0.71358746</w>
      <t>767</t>
    </point>
    <point>
      <x>0.5316667</x>
      <y>0.12</y>
      <w>0.6989247</w>
      <t>800</t>
    </point>
    <point>
      <x>0.535</x>
      <y>0.12</y>
      <w>0.6989247</w>
      <t>800</t>
    </point>
    <point>
      <x>0.5366667</x>
      <y>0.11833333</y>
      <w>0.6989247</w>
      <t>800</t>
    </point>
    <point>
      <x>0.54</x>
      <y>0.11833333</y>
      <w>0.6989247</w>
      <t>800</t>
    </point>
    <point>
      <x>0.54333335</x>
      <y>0.11666667</y>
      <w>0.6989247</w>
      <t>800</t>
    </point>
    <point>
      <x>0.5466667</x>
      <y>0.11666667</y>
      <w>0.6920821</w>
      <t>833</t>
    </point>
    <point>
      <x>0.55</x>
      <y>0.115</y>
      <w>0.6920821</w>
      <t>833</t>
    </point>
    <point>
      <x>0.55333334</x>
      <y>0.11333334</y>
      <w>0.6920821</w>
      <t>833</t>
    </point>
    <point>
      <x>0.5566667</x>
      <y>0.11333334</y>
      <w>0.6920821</w>
      <t>833</t>
    </point>
    <point>
      <x>0.56166667</x>
      <y>0.11333334</y>
      <w>0.6686217</w>
      <t>867</t>
    </point>
    <point>
      <x>0.56333333</x>
      <y>0.11333334</y>
      <w>0.6686217</w>
      <t>867</t>
    </point>
    <point>
      <x>0.56666666</x>
      <y>0.11333334</y>
      <w>0.6686217</w>
      <t>867</t>
    </point>
    <point>
      <x>0.57</x>
      <y>0.11333334</y>
      <w>0.6686217</w>
      <t>867</t>
    </point>
    <point>
      <x>0.5733333</x>
      <y>0.11333334</y>
      <w>0.65884656</w>
      <t>900</t>
    </point>
    <point>
      <x>0.575</x>
      <y>0.11333334</y>
      <w>0.65884656</w>
      <t>900</t>
    </point>
    <point>
      <x>0.5783333</x>
      <y>0.11333334</y>
      <w>0.65884656</w>
      <t>900</t>
    </point>
    <point>
      <x>0.58</x>
      <y>0.11333334</y>
      <w>0.65884656</w>
      <t>900</t>
    </point>
    <point>
      <x>0.58166665</x>
      <y>0.11333334</y>
      <w>0.65884656</w>
      <t>900</t>
    </point>
    <point>
      <x>0.5833333</x>
      <y>0.11333334</y>
      <w>0.6461388</w>
      <t>933</t>
    </point>
    <point>
      <x>0.58666664</x>
      <y>0.115</y>
      <w>0.6461388</w>
      <t>933</t>
    </point>
    <point>
      <x>0.5883333</x>
      <y>0.115</y>
      <w>0.6461388</w>
      <t>933</t>
    </point>
    <point>
      <x>0.59</x>
      <y>0.115</y>
      <w>0.6461388</w>
      <t>933</t>
    </point>
    <point>
      <x>0.59166664</x>
      <y>0.11666667</y>
      <w>0.6304985</w>
      <t>968</t>
    </point>
    <point>
      <x>0.5933333</x>
      <y>0.11666667</y>
      <w>0.62561095</w>
      <t>969</t>
    </point>
    <point>
      <x>0.595</x>
      <y>0.11833333</y>
      <w>0.62561095</w>
      <t>969</t>
    </point>
    <point>
      <x>0.5966667</x>
      <y>0.11833333</y>
      <w>0.62561095</w>
      <t>969</t>
    </point>
    <point>
      <x>0.59833336</x>
      <y>0.12</y>
      <w>0.62561095</w>
      <t>969</t>
    </point>
    <point>
      <x>0.6</x>
      <y>0.12166667</y>
      <w>0.61876833</w>
      <t>1000</t>
    </point>
    <point>
      <x>0.6016667</x>
      <y>0.123333335</y>
      <w>0.61876833</w>
      <t>1000</t>
    </point>
    <point>
      <x>0.60333335</x>
      <y>0.123333335</y>
      <w>0.61876833</w>
      <t>1000</t>
    </point>
    <point>
      <x>0.605</x>
      <y>0.125</y>
      <w>0.6089932</w>
      <t>1034</t>
    </point>
    <point>
      <x>0.6066667</x>
      <y>0.12666667</y>
      <w>0.6089932</w>
      <t>1034</t>
    </point>
    <point>
      <x>0.60833335</x>
      <y>0.12833333</y>
      <w>0.6089932</w>
      <t>1034</t>
    </point>
    <point>
      <x>0.61</x>
      <y>0.12833333</y>
      <w>0.6089932</w>
      <t>1034</t>
    </point>
    <point>
      <x>0.61</x>
      <y>0.13</y>
      <w>0.5982405</w>
      <t>1067</t>
    </point>
    <point>
      <x>0.6116667</x>
      <y>0.13166666</y>
      <w>0.5982405</w>
      <t>1067</t>
    </point>
    <point>
      <x>0.61333334</x>
      <y>0.13333334</y>
      <w>0.5982405</w>
      <t>1067</t>
    </point>
    <point>
      <x>0.615</x>
      <y>0.135</y>
      <w>0.5982405</w>
      <t>1067</t>
    </point>
    <point>
      <x>0.615</x>
      <y>0.13666667</y>
      <w>0.5835777</w>
      <t>1100</t>
    </point>
    <point>
      <x>0.6166667</x>
      <y>0.13833334</y>
      <w>0.5835777</w>
      <t>1100</t>
    </point>
    <point>
      <x>0.61833334</x>
      <y>0.14</y>
      <w>0.5835777</w>
      <t>1100</t>
    </point>
    <point>
      <x>0.62</x>
      <y>0.14166667</y>
      <w>0.5835777</w>
      <t>1100</t>
    </point>
    <point>
      <x>0.62</x>
      <y>0.14333333</y>
      <w>0.5835777</w>
      <t>1100</t>
    </point>
    <point>
      <x>0.62166667</x>
      <y>0.145</y>
      <w>0.5826002</w>
      <t>1134</t>
    </point>
    <point>
      <x>0.62333333</x>
      <y>0.14666666</y>
      <w>0.5826002</w>
      <t>1134</t>
    </point>
    <point>
      <x>0.62333333</x>
      <y>0.15</y>
      <w>0.5826002</w>
      <t>1134</t>
    </point>
    <point>
      <x>0.625</x>
      <y>0.15166667</y>
      <w>0.5826002</w>
      <t>1134</t>
    </point>
    <point>
      <x>0.625</x>
      <y>0.15333334</y>
      <w>0.57575756</w>
      <t>1167</t>
    </point>
    <point>
      <x>0.62666667</x>
      <y>0.155</y>
      <w>0.57575756</w>
      <t>1167</t>
    </point>
    <point>
      <x>0.62833333</x>
      <y>0.15666667</y>
      <w>0.57575756</w>
      <t>1167</t>
    </point>
    <point>
      <x>0.63</x>
      <y>0.15833333</y>
      <w>0.57575756</w>
      <t>1167</t>
    </point>
    <point>
      <x>0.63</x>
      <y>0.16</y>
      <w>0.57575756</w>
      <t>1200</t>
    </point>
    <point>
      <x>0.63166666</x>
      <y>0.16</y>
      <w>0.57575756</w>
      <t>1200</t>
    </point>
    <point>
      <x>0.6333333</x>
      <y>0.16166666</y>
      <w>0.57575756</w>
      <t>1200</t>
    </point>
    <point>
      <x>0.635</x>
      <y>0.16333333</y>
      <w>0.57575756</w>
      <t>1200</t>
    </point>
    <point>
      <x>0.63666666</x>
      <y>0.165</y>
      <w>0.57575756</w>
      <t>1233</t>
    </point>
    <point>
      <x>0.6383333</x>
      <y>0.16666667</y>
      <w>0.57575756</w>
      <t>1233</t>
    </point>
    <point>
      <x>0.64</x>
      <y>0.16666667</y>
      <w>0.57575756</w>
      <t>1233</t>
    </point>
    <point>
      <x>0.64</x>
      <y>0.16833334</y>
      <w>0.57575756</w>
      <t>1233</t>
    </point>
    <point>
      <x>0.64166665</x>
      <y>0.16833334</y>
      <w>0.57478005</w>
      <t>1267</t>
    </point>
    <point>
      <x>0.6433333</x>
      <y>0.17</y>
      <w>0.57478005</w>
      <t>1267</t>
    </point>
    <point>
      <x>0.645</x>
      <y>0.17</y>
      <w>0.57478005</w>
      <t>1267</t>
    </point>
    <point>
      <x>0.64666665</x>
      <y>0.17166667</y>
      <w>0.57478005</w>
      <t>1267</t>
    </point>
    <point>
      <x>0.6483333</x>
      <y>0.17166667</y>
      <w>0.57478005</w>
      <t>1267</t>
    </point>
    <point>
      <x>0.65</x>
      <y>0.17166667</y>
      <w>0.57478005</w>
      <t>1300</t>
    </point>
    <point>
      <x>0.65166664</x>
      <y>0.17166667</y>
      <w>0.57478005</w>
      <t>1300</t>
    </point>
    <point>
      <x>0.6533333</x>
      <y>0.17333333</y>
      <w>0.57478005</w>
      <t>1300</t>
    </point>
    <point>
      <x>0.6566667</x>
      <y>0.17333333</y>
      <w>0.57478005</w>
      <t>1300</t>
    </point>
    <point>
      <x>0.65833336</x>
      <y>0.17333333</y>
      <w>0.57478005</w>
      <t>1333</t>
    </point>
    <point>
      <x>0.6616667</x>
      <y>0.17333333</y>
      <w>0.57478005</w>
      <t>1333</t>
    </point>
    <point>
      <x>0.66333336</x>
      <y>0.175</y>
      <w>0.57478005</w>
      <t>1333</t>
    </point>
    <point>
      <x>0.665</x>
      <y>0.175</y>
      <w>0.57478005</w>
      <t>1333</t>
    </point>
    <point>
      <x>0.66833335</x>
      <y>0.175</y>
      <w>0.57478005</w>
      <t>1333</t>
    </point>
    <point>
      <x>0.67</x>
      <y>0.175</y>
      <w>0.57575756</w>
      <t>1367</t>
    </point>
    <point>
      <x>0.67333335</x>
      <y>0.175</y>
      <w>0.57575756</w>
      <t>1367</t>
    </point>
    <point>
      <x>0.675</x>
      <y>0.17666666</y>
      <w>0.57575756</w>
      <t>1367</t>
    </point>
    <point>
      <x>0.67833334</x>
      <y>0.17666666</y>
      <w>0.57575756</w>
      <t>1367</t>
    </point>
    <point>
      <x>0.68</x>
      <y>0.17666666</y>
      <w>0.57478005</w>
      <t>1400</t>
    </point>
    <point>
      <x>0.6816667</x>
      <y>0.17666666</y>
      <w>0.57478005</w>
      <t>1400</t>
    </point>
    <point>
      <x>0.68333334</x>
      <y>0.17666666</y>
      <w>0.57478005</w>
      <t>1400</t>
    </point>
    <point>
      <x>0.685</x>
      <y>0.17833333</y>
      <w>0.57478005</w>
      <t>1400</t>
    </point>
    <point>
      <x>0.68666667</x>
      <y>0.17833333</y>
      <w>0.57478005</w>
      <t>1400</t>
    </point>
    <point>
      <x>0.68833333</x>
      <y>0.18</y>
      <w>0.57380253</w>
      <t>1434</t>
    </point>
    <point>
      <x>0.69</x>
      <y>0.18</y>
      <w>0.57380253</w>
      <t>1434</t>
    </point>
    <point>
      <x>0.69166666</x>
      <y>0.18166667</y>
      <w>0.57380253</w>
      <t>1434</t>
    </point>
    <point>
      <x>0.6933333</x>
      <y>0.18333334</y>
      <w>0.57575756</w>
      <t>1467</t>
    </point>
    <point>
      <x>0.6933333</x>
      <y>0.185</y>
      <w>0.57575756</w>
      <t>1467</t>
    </point>
    <point>
      <x>0.695</x>
      <y>0.18666667</y>
      <w>0.57575756</w>
      <t>1467</t>
    </point>
    <point>
      <x>0.695</x>
      <y>0.18833333</y>
      <w>0.57478005</w>
      <t>1500</t>
    </point>
    <point>
      <x>0.695</x>
      <y>0.19</y>
      <w>0.57478005</w>
      <t>1500</t>
    </point>
    <point>
      <x>0.69666666</x>
      <y>0.19166666</y>
      <w>0.57478005</w>
      <t>1500</t>
    </point>
    <point>
      <x>0.69666666</x>
      <y>0.19333333</y>
      <w>0.57478005</w>
      <t>1500</t>
    </point>
    <point>
      <x>0.69666666</x>
      <y>0.195</y>
      <w>0.56402737</w>
      <t>1533</t>
    </point>
    <point>
      <x>0.69666666</x>
      <y>0.19666667</y>
      <w>0.56402737</w>
      <t>1533</t>
    </point>
    <point>
      <x>0.69666666</x>
      <y>0.19833334</y>
      <w>0.56402737</w>
      <t>1533</t>
    </point>
    <point>
      <x>0.69666666</x>
      <y>0.2</y>
      <w>0.56402737</w>
      <t>1533</t>
    </point>
    <point>
      <x>0.69666666</x>
      <y>0.20166667</y>
      <w>0.53274685</w>
      <t>1567</t>
    </point>
    <point>
      <x>0.69666666</x>
      <y>0.20333333</y>
      <w>0.53274685</w>
      <t>1567</t>
    </point>
    <point>
      <x>0.695</x>
      <y>0.205</y>
      <w>0.53274685</w>
      <t>1567</t>
    </point>
    <point>
      <x>0.695</x>
      <y>0.20666666</y>
      <w>0.53274685</w>
      <t>1567</t>
    </point>
    <point>
      <x>0.6933333</x>
      <y>0.20833333</y>
      <w>0.53274685</w>
      <t>1567</t>
    </point>
    <point>
      <x>0.69166666</x>
      <y>0.21</y>
      <w>0.45552298</w>
      <t>1600</t>
    </point>
    <point>
      <x>0.69166666</x>
      <y>0.21166667</y>
      <w>0.45552298</w>
      <t>1600</t>
    </point>
    <point>
      <x>0.69</x>
      <y>0.215</y>
      <w>0.45552298</w>
      <t>1600</t>
    </point>
    <point>
      <x>0.68833333</x>
      <y>0.21666667</y>
      <w>0.45552298</w>
      <t>1600</t>
    </point>
    <point>
      <x>0.68666667</x>
      <y>0.21833333</y>
      <w>0.4349951</w>
      <t>1634</t>
    </point>
    <point>
      <x>0.685</x>
      <y>0.22</y>
      <w>0.4349951</w>
      <t>1634</t>
    </point>
    <point>
      <x>0.68333334</x>
      <y>0.22166666</y>
      <w>0.4349951</w>
      <t>1634</t>
    </point>
    <point>
      <x>0.6816667</x>
      <y>0.22333333</y>
      <w>0.4349951</w>
      <t>1634</t>
    </point>
    <point>
      <x>0.67833334</x>
      <y>0.225</y>
      <w>0.4349951</w>
      <t>1634</t>
    </point>
    <point>
      <x>0.6766667</x>
      <y>0.22666667</y>
      <w>0.4115347</w>
      <t>1667</t>
    </point>
    <point>
      <x>0.67333335</x>
      <y>0.23</y>
      <w>0.4115347</w>
      <t>1667</t>
    </point>
    <point>
      <x>0.67</x>
      <y>0.23333333</y>
      <w>0.4115347</w>
      <t>1667</t>
    </point>
    <point>
      <x>0.6666667</x>
      <y>0.235</y>
      <w>0.4115347</w>
      <t>1667</t>
    </point>
    <point>
      <x>0.66333336</x>
      <y>0.23833333</y>
      <w>0.36656892</w>
      <t>1701</t>
    </point>
    <point>
      <x>0.66</x>
      <y>0.24</y>
      <w>0.36656892</w>
      <t>1701</t>
    </point>
    <point>
      <x>0.655</x>
      <y>0.24333334</y>
      <w>0.36656892</w>
      <t>1701</t>
    </point>
    <point>
      <x>0.65</x>
      <y>0.24666667</y>
      <w>0.36656892</w>
      <t>1701</t>
    </point>
    <point>
      <x>0.645</x>
      <y>0.25</y>
      <w>0.36656892</w>
      <t>1701</t>
    </point>
    <point>
      <x>0.6383333</x>
      <y>0.25333333</y>
      <w>0.2678397</w>
      <t>1734</t>
    </point>
    <point>
      <x>0.6333333</x>
      <y>0.25666666</y>
      <w>0.2678397</w>
      <t>1734</t>
    </point>
    <point>
      <x>0.62666667</x>
      <y>0.26</y>
      <w>0.2678397</w>
      <t>1734</t>
    </point>
    <point>
      <x>0.62</x>
      <y>0.265</y>
      <w>0.2678397</w>
      <t>1734</t>
    </point>
    <point>
      <x>0.61333334</x>
      <y>0.26833335</y>
      <w>0.09188661</w>
      <t>1767</t>
    </point>
    <point>
      <x>0.605</x>
      <y>0.27333334</y>
      <w>0.09188661</w>
      <t>1767</t>
    </point>
  </stroke>
  <stroke time="2800">
    <point>
      <x>0.44</x>
      <y>0.32333332</y>
      <w>0.22580644</w>
      <t>2800</t>
    </point>
    <point>
      <x>0.44</x>
      <y>0.325</y>
      <w>0.35581622</w>
      <t>2834</t>
    </point>
    <point>
      <x>0.43833333</x>
      <y>0.325</y>
      <w>0.35581622</w>
      <t>2834</t>
    </point>
    <point>
      <x>0.43666667</x>
      <y>0.32666665</y>
      <w>0.35581622</w>
      <t>2834</t>
    </point>
    <point>
      <x>0.435</x>
      <y>0.33</y>
      <w>0.35581622</w>
      <t>2834</t>
    </point>
    <point>
      <x>0.43166667</x>
      <y>0.33333334</y>
      <w>0.42033234</w>
      <t>2867</t>
    </point>
    <point>
      <x>0.42833334</x>
      <y>0.33666667</y>
      <w>0.42033234</w>
      <t>2867</t>
    </point>
    <point>
      <x>0.425</x>
      <y>0.34</y>
      <w>0.42033234</w>
      <t>2867</t>
    </point>
    <point>
      <x>0.42</x>
      <y>0.345</y>
      <w>0.42033234</w>
      <t>2867</t>
    </point>
    <point>
      <x>0.415</x>
      <y>0.35</y>
      <w>0.47018573</w>
      <t>2901</t>
    </point>
    <point>
      <x>0.41</x>
      <y>0.355</y>
      <w>0.47018573</w>
      <t>2901</t>
    </point>
    <point>
      <x>0.405</x>
      <y>0.35833332</y>
      <w>0.47018573</w>
      <t>2901</t>
    </point>
    <point>
      <x>0.39833334</x>
      <y>0.36333334</y>
      <w>0.47018573</w>
      <t>2901</t>
    </point>
    <point>
      <x>0.39333335</x>
      <y>0.36666667</y>
      <w>0.47018573</w>
      <t>2901</t>
    </point>
    <point>
      <x>0.38833332</x>
      <y>0.37166667</y>
      <w>0.51319647</w>
      <t>2934</t>
    </point>
    <point>
      <x>0.385</x>
      <y>0.375</y>
      <w>0.51319647</w>
      <t>2934</t>
    </point>
    <point>
      <x>0.38166666</x>
      <y>0.38</y>
      <w>0.51319647</w>
      <t>2934</t>
    </point>
    <point>
      <x>0.37833333</x>
      <y>0.38333333</y>
      <w>0.51319647</w>
      <t>2934</t>
    </point>
    <point>
      <x>0.37666667</x>
      <y>0.385</y>
      <w>0.54447705</w>
      <t>2967</t>
    </point>
    <point>
      <x>0.375</x>
      <y>0.38833332</y>
      <w>0.54447705</w>
      <t>2967</t>
    </point>
    <point>
      <x>0.37333333</x>
      <y>0.39</y>
      <w>0.54447705</w>
      <t>2967</t>
    </point>
    <point>
      <x>0.37166667</x>
      <y>0.39166668</y>
      <w>0.54447705</w>
      <t>2967</t>
    </point>
    <point>
      <x>0.37166667</x>
      <y>0.39333335</y>
      <w>0.5659824</w>
      <t>3000</t>
    </point>
    <point>
      <x>0.37</x>
      <y>0.39333335</y>
      <w>0.5659824</w>
      <t>3000</t>
    </point>
    <point>
      <x>0.37</x>
      <y>0.395</y>
      <w>0.5659824</w>
      <t>3000</t>
    </point>
    <point>
      <x>0.37166667</x>
      <y>0.395</y>
      <w>0.572825</w>
      <t>3067</t>
    </point>
    <point>
      <x>0.37333333</x>
      <y>0.395</y>
      <w>0.57380253</w>
      <t>3100</t>
    </point>
    <point>
      <x>0.375</x>
      <y>0.39666668</y>
      <w>0.57380253</w>
      <t>3100</t>
    </point>
    <point>
      <x>0.37666667</x>
      <y>0.39666668</y>
      <w>0.57380253</w>
      <t>3100</t>
    </point>
    <point>
      <x>0.38</x>
      <y>0.39666668</y>
      <w>0.57380253</w>
      <t>3100</t>
    </point>
    <point>
      <x>0.38333333</x>
      <y>0.39666668</y>
      <w>0.57478005</w>
      <t>3134</t>
    </point>
    <point>
      <x>0.38666666</x>
      <y>0.39666668</y>
      <w>0.57478005</w>
      <t>3134</t>
    </point>
    <point>
      <x>0.39166668</x>
      <y>0.39666668</y>
      <w>0.57478005</w>
      <t>3134</t>
    </point>
    <point>
      <x>0.395</x>
      <y>0.39666668</y>
      <w>0.57478005</w>
      <t>3134</t>
    </point>
    <point>
      <x>0.40166667</x>
      <y>0.39666668</y>
      <w>0.57478005</w>
      <t>3134</t>
    </point>
    <point>
      <x>0.40666667</x>
      <y>0.39666668</y>
      <w>0.5845552</w>
      <t>3167</t>
    </point>
    <point>
      <x>0.41333333</x>
      <y>0.39666668</y>
      <w>0.5845552</w>
      <t>3167</t>
    </point>
    <point>
      <x>0.42</x>
      <y>0.39666668</y>
      <w>0.5845552</w>
      <t>3167</t>
    </point>
    <point>
      <x>0.42666668</x>
      <y>0.395</y>
      <w>0.5845552</w>
      <t>3167</t>
    </point>
    <point>
      <x>0.43333334</x>
      <y>0.395</y>
      <w>0.5913978</w>
      <t>3200</t>
    </point>
    <point>
      <x>0.44</x>
      <y>0.39333335</y>
      <w>0.5913978</w>
      <t>3200</t>
    </point>
    <point>
      <x>0.44666666</x>
      <y>0.39333335</y>
      <w>0.5913978</w>
      <t>3200</t>
    </point>
    <point>
      <x>0.455</x>
      <y>0.39166668</y>
      <w>0.5913978</w>
      <t>3200</t>
    </point>
    <point>
      <x>0.46333334</x>
      <y>0.39166668</y>
      <w>0.5913978</w>
      <t>3200</t>
    </point>
    <point>
      <x>0.47166666</x>
      <y>0.39</y>
      <w>0.59335285</w>
      <t>3234</t>
    </point>
    <point>
      <x>0.47833332</x>
      <y>0.39</y>
      <w>0.59335285</w>
      <t>3234</t>
    </point>
    <point>
      <x>0.48666668</x>
      <y>0.38833332</y>
      <w>0.59335285</w>
      <t>3234</t>
    </point>
    <point>
      <x>0.49333334</x>
      <y>0.38666666</y>
      <w>0.59335285</w>
      <t>3234</t>
    </point>
    <point>
      <x>0.50166667</x>
      <y>0.385</y>
      <w>0.59335285</w>
      <t>3267</t>
    </point>
    <point>
      <x>0.5083333</x>
      <y>0.38333333</y>
      <w>0.59335285</w>
      <t>3267</t>
    </point>
    <point>
      <x>0.515</x>
      <y>0.38166666</y>
      <w>0.59335285</w>
      <t>3267</t>
    </point>
    <point>
      <x>0.52166665</x>
      <y>0.38</y>
      <w>0.59335285</w>
      <t>3267</t>
    </point>
    <point>
      <x>0.5283333</x>
      <y>0.37833333</y>
      <w>0.59433043</w>
      <t>3300</t>
    </point>
    <point>
      <x>0.535</x>
      <y>0.37666667</y>
      <w>0.59433043</w>
      <t>3300</t>
    </point>
    <point>
      <x>0.54333335</x>
      <y>0.375</y>
      <w>0.59433043</w>
      <t>3300</t>
    </point>
    <point>
      <x>0.55</x>
      <y>0.37333333</y>
      <w>0.59433043</w>
      <t>3300</t>
    </point>
    <point>
      <x>0.55833334</x>
      <y>0.37166667</y>
      <w>0.59433043</w>
      <t>3300</t>
    </point>
    <point>
      <x>0.56333333</x>
      <y>0.37166667</y>
      <w>0.59335285</w>
      <t>3334</t>
    </point>
    <point>
      <x>0.57</x>
      <y>0.37</y>
      <w>0.59335285</w>
      <t>3334</t>
    </point>
    <point>
      <x>0.5733333</x>
      <y>0.36833334</y>
      <w>0.59335285</w>
      <t>3334</t>
    </point>
    <point>
      <x>0.57666665</x>
      <y>0.36666667</y>
      <w>0.59335285</w>
      <t>3334</t>
    </point>
    <point>
      <x>0.58</x>
      <y>0.365</y>
      <w>0.59335285</w>
      <t>3334</t>
    </point>
    <point>
      <x>0.58166665</x>
      <y>0.365</y>
      <w>0.5835777</w>
      <t>3367</t>
    </point>
    <point>
      <x>0.5833333</x>
      <y>0.365</y>
      <w>0.5835777</w>
      <t>3367</t>
    </point>
    <point>
      <x>0.585</x>
      <y>0.36333334</y>
      <w>0.5835777</w>
      <t>3367</t>
    </point>
    <point>
      <x>0.585</x>
      <y>0.36166668</y>
      <w>0.5659824</w>
      <t>3434</t>
    </point>
    <point>
      <x>0.585</x>
      <y>0.36</y>
      <w>0.5659824</w>
      <t>3434</t>
    </point>
    <point>
      <x>0.585</x>
      <y>0.35833332</y>
      <w>0.5659824</w>
      <t>3434</t>
    </point>
    <point>
      <x>0.585</x>
      <y>0.35666665</y>
      <w>0.5659824</w>
      <t>3467</t>
    </point>
    <point>
      <x>0.5833333</x>
      <y>0.355</y>
      <w>0.5659824</w>
      <t>3467</t>
    </point>
    <point>
      <x>0.5833333</x>
      <y>0.35166666</y>
      <w>0.5659824</w>
      <t>3467</t>
    </point>
    <point>
      <x>0.58166665</x>
      <y>0.34833333</y>
      <w>0.5659824</w>
      <t>3467</t>
    </point>
    <point>
      <x>0.58</x>
      <y>0.34666666</y>
      <w>0.55620724</w>
      <t>3501</t>
    </point>
    <point>
      <x>0.5783333</x>
      <y>0.34333333</y>
      <w>0.55620724</w>
      <t>3501</t>
    </point>
    <point>
      <x>0.57666665</x>
      <y>0.34</y>
      <w>0.55620724</w>
      <t>3501</t>
    </point>
    <point>
      <x>0.575</x>
      <y>0.33666667</y>
      <w>0.55620724</w>
      <t>3501</t>
    </point>
    <point>
      <x>0.5733333</x>
      <y>0.335</y>
      <w>0.55620724</w>
      <t>3501</t>
    </point>
    <point>
      <x>0.57</x>
      <y>0.33333334</y>
      <w>0.5493646</w>
      <t>3534</t>
    </point>
    <point>
      <x>0.56666666</x>
      <y>0.33166668</y>
      <w>0.5493646</w>
      <t>3534</t>
    </point>
    <point>
      <x>0.56333333</x>
      <y>0.33</y>
      <w>0.5493646</w>
      <t>3534</t>
    </point>
    <point>
      <x>0.56166667</x>
      <y>0.33</y>
      <w>0.5493646</w>
      <t>3534</t>
    </point>
    <point>
      <x>0.55833334</x>
      <y>0.32833335</y>
      <w>0.5552297</w>
      <t>3567</t>
    </point>
    <point>
      <x>0.555</x>
      <y>0.32833335</y>
      <w>0.5552297</w>
      <t>3567</t>
    </point>
    <point>
      <x>0.55333334</x>
      <y>0.32833335</y>
      <w>0.5552297</w>
      <t>3567</t>
    </point>
    <point>
      <x>0.5516667</x>
      <y>0.32833335</y>
      <w>0.5552297</w>
      <t>3567</t>
    </point>
    <point>
      <x>0.54833335</x>
      <y>0.32833335</y>
      <w>0.56989247</w>
      <t>3600</t>
    </point>
    <point>
      <x>0.5466667</x>
      <y>0.32666665</y>
      <w>0.56989247</w>
      <t>3600</t>
    </point>
    <point>
      <x>0.545</x>
      <y>0.32666665</y>
      <w>0.56989247</w>
      <t>3600</t>
    </point>
    <point>
      <x>0.54333335</x>
      <y>0.32666665</y>
      <w>0.56989247</w>
      <t>3600</t>
    </point>
    <point>
      <x>0.5416667</x>
      <y>0.32666665</y>
      <w>0.5659824</w>
      <t>3634</t>
    </point>
    <point>
      <x>0.54</x>
      <y>0.32666665</y>
      <w>0.5659824</w>
      <t>3634</t>
    </point>
    <point>
      <x>0.54</x>
      <y>0.32833335</y>
      <w>0.5659824</w>
      <t>3634</t>
    </point>
    <point>
      <x>0.53833336</x>
      <y>0.33</y>
      <w>0.5581623</w>
      <t>3667</t>
    </point>
    <point>
      <x>0.53833336</x>
      <y>0.33166668</y>
      <w>0.5581623</w>
      <t>3667</t>
    </point>
    <point>
      <x>0.5366667</x>
      <y>0.335</y>
      <w>0.5581623</w>
      <t>3667</t>
    </point>
    <point>
      <x>0.5366667</x>
      <y>0.33666667</y>
      <w>0.5581623</w>
      <t>3667</t>
    </point>
    <point>
      <x>0.535</x>
      <y>0.34</y>
      <w>0.55620724</w>
      <t>3700</t>
    </point>
    <point>
      <x>0.535</x>
      <y>0.34333333</y>
      <w>0.55620724</w>
      <t>3700</t>
    </point>
    <point>
      <x>0.53333336</x>
      <y>0.34666666</y>
      <w>0.55620724</w>
      <t>3700</t>
    </point>
    <point>
      <x>0.53333336</x>
      <y>0.35</y>
      <w>0.55620724</w>
      <t>3700</t>
    </point>
    <point>
      <x>0.53333336</x>
      <y>0.35333332</y>
      <w>0.5532747</w>
      <t>3734</t>
    </point>
    <point>
      <x>0.53333336</x>
      <y>0.35666665</y>
      <w>0.5532747</w>
      <t>3734</t>
    </point>
    <point>
      <x>0.53333336</x>
      <y>0.36</y>
      <w>0.5532747</w>
      <t>3734</t>
    </point>
    <point>
      <x>0.53333336</x>
      <y>0.36333334</y>
      <w>0.5532747</w>
      <t>3734</t>
    </point>
    <point>
      <x>0.53333336</x>
      <y>0.36666667</y>
      <w>0.5532747</w>
      <t>3734</t>
    </point>
    <point>
      <x>0.5316667</x>
      <y>0.37</y>
      <w>0.5542522</w>
      <t>3767</t>
    </point>
    <point>
      <x>0.5316667</x>
      <y>0.375</y>
      <w>0.5542522</w>
      <t>3767</t>
    </point>
    <point>
      <x>0.5316667</x>
      <y>0.38</y>
      <w>0.5542522</w>
      <t>3767</t>
    </point>
    <point>
      <x>0.5316667</x>
      <y>0.385</y>
      <w>0.5542522</w>
      <t>3767</t>
    </point>
    <point>
      <x>0.5316667</x>
      <y>0.39</y>
      <w>0.5532747</w>
      <t>3801</t>
    </point>
    <point>
      <x>0.5316667</x>
      <y>0.395</y>
      <w>0.5532747</w>
      <t>3801</t>
    </point>
    <point>
      <x>0.5316667</x>
      <y>0.40166667</y>
      <w>0.5532747</w>
      <t>3801</t>
    </point>
    <point>
      <x>0.5316667</x>
      <y>0.40666667</y>
      <w>0.5532747</w>
      <t>3801</t>
    </point>
    <point>
      <x>0.53333336</x>
      <y>0.41166666</y>
      <w>0.5532747</w>
      <t>3801</t>
    </point>
    <point>
      <x>0.53333336</x>
      <y>0.41833332</y>
      <w>0.5581623</w>
      <t>3834</t>
    </point>
    <point>
      <x>0.535</x>
      <y>0.42333335</y>
      <w>0.5581623</w>
      <t>3834</t>
    </point>
    <point>
      <x>0.5366667</x>
      <y>0.43</y>
      <w>0.5581623</w>
      <t>3834</t>
    </point>
    <point>
      <x>0.53833336</x>
      <y>0.43666667</y>
      <w>0.5581623</w>
      <t>3834</t>
    </point>
    <point>
      <x>0.54</x>
      <y>0.44333333</y>
      <w>0.56989247</w>
      <t>3867</t>
    </point>
    <point>
      <x>0.54</x>
      <y>0.45</y>
      <w>0.56989247</w>
      <t>3867</t>
    </point>
    <point>
      <x>0.5416667</x>
      <y>0.45666668</y>
      <w>0.56989247</w>
      <t>3867</t>
    </point>
    <point>
      <x>0.54333335</x>
      <y>0.465</y>
      <w>0.56989247</w>
      <t>3867</t>
    </point>
    <point>
      <x>0.545</x>
      <y>0.47166666</y>
      <w>0.58162266</w>
      <t>3901</t>
    </point>
    <point>
      <x>0.5466667</x>
      <y>0.47833332</y>
      <w>0.58162266</w>
      <t>3901</t>
    </point>
    <point>
      <x>0.54833335</x>
      <y>0.48666668</y>
      <w>0.58162266</w>
      <t>3901</t>
    </point>
    <point>
      <x>0.5516667</x>
      <y>0.49333334</y>
      <w>0.58162266</w>
      <t>3901</t>
    </point>
    <point>
      <x>0.55333334</x>
      <y>0.50166667</y>
      <w>0.58162266</w>
      <t>3901</t>
    </point>
    <point>
      <x>0.5566667</x>
      <y>0.5083333</y>
      <w>0.58651024</w>
      <t>3934</t>
    </point>
    <point>
      <x>0.56</x>
      <y>0.51666665</y>
      <w>0.58651024</w>
      <t>3934</t>
    </point>
    <point>
      <x>0.56166667</x>
      <y>0.525</y>
      <w>0.58651024</w>
      <t>3934</t>
    </point>
    <point>
      <x>0.565</x>
      <y>0.535</y>
      <w>0.58651024</w>
      <t>3934</t>
    </point>
    <point>
      <x>0.57</x>
      <y>0.545</y>
      <w>0.58651024</w>
      <t>3934</t>
    </point>
    <point>
      <x>0.5733333</x>
      <y>0.555</y>
      <w>0.599218</w>
      <t>3967</t>
    </point>
    <point>
      <x>0.5783333</x>
      <y>0.56666666</y>
      <w>0.599218</w>
      <t>3967</t>
    </point>
    <point>
      <x>0.5833333</x>
      <y>0.5783333</y>
      <w>0.599218</w>
      <t>3967</t>
    </point>
    <point>
      <x>0.5883333</x>
      <y>0.59</y>
      <w>0.599218</w>
      <t>3967</t>
    </point>
    <point>
      <x>0.595</x>
      <y>0.6</y>
      <w>0.61485827</w>
      <t>4000</t>
    </point>
    <point>
      <x>0.6016667</x>
      <y>0.6116667</y>
      <w>0.61485827</w>
      <t>4000</t>
    </point>
    <point>
      <x>0.60833335</x>
      <y>0.62333333</y>
      <w>0.61485827</w>
      <t>4000</t>
    </point>
    <point>
      <x>0.6166667</x>
      <y>0.635</y>
      <w>0.61485827</w>
      <t>4000</t>
    </point>
    <point>
      <x>0.62666667</x>
      <y>0.6483333</y>
      <w>0.6158358</w>
      <t>4034</t>
    </point>
    <point>
      <x>0.635</x>
      <y>0.6616667</y>
      <w>0.6158358</w>
      <t>4034</t>
    </point>
    <point>
      <x>0.645</x>
      <y>0.67333335</y>
      <w>0.6158358</w>
      <t>4034</t>
    </point>
    <point>
      <x>0.655</x>
      <y>0.68666667</y>
      <w>0.6158358</w>
      <t>4034</t>
    </point>
    <point>
      <x>0.6666667</x>
      <y>0.70166665</y>
      <w>0.6158358</w>
      <t>4034</t>
    </point>
    <point>
      <x>0.6766667</x>
      <y>0.715</y>
      <w>0.61974585</w>
      <t>4067</t>
    </point>
    <point>
      <x>0.68666667</x>
      <y>0.72833335</y>
      <w>0.61974585</w>
      <t>4067</t>
    </point>
    <point>
      <x>0.6983333</x>
      <y>0.74333334</y>
      <w>0.61974585</w>
      <t>4067</t>
    </point>
    <point>
      <x>0.71166664</x>
      <y>0.75666666</y>
      <w>0.61974585</w>
      <t>4067</t>
    </point>
    <point>
      <x>0.72333336</x>
      <y>0.77</y>
      <w>0.6226784</w>
      <t>4101</t>
    </point>
    <point>
      <x>0.7366667</x>
      <y>0.7816667</y>
      <w>0.6226784</w>
      <t>4101</t>
    </point>
    <point>
      <x>0.74833333</x>
      <y>0.79333335</y>
      <w>0.6226784</w>
      <t>4101</t>
    </point>
    <point>
      <x>0.76</x>
      <y>0.805</y>
      <w>0.6226784</w>
      <t>4101</t>
    </point>
    <point>
      <x>0.77166665</x>
      <y>0.81333333</y>
      <w>0.6226784</w>
      <t>4101</t>
    </point>
    <point>
      <x>0.7816667</x>
      <y>0.82166666</y>
      <w>0.6217009</w>
      <t>4134</t>
    </point>
    <point>
      <x>0.79</x>
      <y>0.83</y>
      <w>0.6217009</w>
      <t>4134</t>
    </point>
    <point>
      <x>0.79833335</x>
      <y>0.83666664</y>
      <w>0.6217009</w>
      <t>4134</t>
    </point>
    <point>
      <x>0.80333334</x>
      <y>0.84166664</y>
      <w>0.6217009</w>
      <t>4134</t>
    </point>
    <point>
      <x>0.80833334</x>
      <y>0.8466667</y>
      <w>0.61974585</w>
      <t>4167</t>
    </point>
    <point>
      <x>0.81166667</x>
      <y>0.85</y>
      <w>0.61974585</w>
      <t>4167</t>
    </point>
    <point>
      <x>0.815</x>
      <y>0.8516667</y>
      <w>0.61974585</w>
      <t>4167</t>
    </point>
    <point>
      <x>0.81666666</x>
      <y>0.85333335</y>
      <w>0.61974585</w>
      <t>4167</t>
    </point>
    <point>
      <x>0.81666666</x>
      <y>0.8516667</y>
      <w>0.26588467</w>
      <t>4267</t>
    </point>
    <point>
      <x>0.81666666</x>
      <y>0.84833336</y>
      <w>0.26588467</w>
      <t>4267</t>
    </point>
    <point>
      <x>0.81666666</x>
      <y>0.845</y>
      <w>0.26588467</w>
      <t>4267</t>
    </point>
    <point>
      <x>0.815</x>
      <y>0.84</y>
      <w>0.0</w>
      <t>4300</t>
    </point>
  </stroke>
  <stroke time="5300">
    <point>
      <x>0.35666665</x>
      <y>0.45666668</y>
      <w>0.10459433</w>
      <t>5334</t>
    </point>
    <point>
      <x>0.35833332</x>
      <y>0.45666668</y>
      <w>0.21798632</w>
      <t>5367</t>
    </point>
    <point>
      <x>0.36</x>
      <y>0.45666668</y>
      <w>0.21798632</w>
      <t>5367</t>
    </point>
    <point>
      <x>0.36333334</x>
      <y>0.45666668</y>
      <w>0.21798632</w>
      <t>5367</t>
    </point>
    <point>
      <x>0.36666667</x>
      <y>0.45833334</y>
      <w>0.21798632</w>
      <t>5367</t>
    </point>
    <point>
      <x>0.37166667</x>
      <y>0.45833334</y>
      <w>0.36265886</w>
      <t>5401</t>
    </point>
    <point>
      <x>0.37666667</x>
      <y>0.46</y>
      <w>0.36265886</w>
      <t>5401</t>
    </point>
    <point>
      <x>0.38</x>
      <y>0.46</y>
      <w>0.36265886</w>
      <t>5401</t>
    </point>
    <point>
      <x>0.385</x>
      <y>0.46166667</y>
      <w>0.36265886</w>
      <t>5401</t>
    </point>
    <point>
      <x>0.39</x>
      <y>0.46166667</y>
      <w>0.36265886</w>
      <t>5401</t>
    </point>
    <point>
      <x>0.39333335</x>
      <y>0.46333334</y>
      <w>0.40273705</w>
      <t>5434</t>
    </point>
    <point>
      <x>0.39833334</x>
      <y>0.46333334</y>
      <w>0.40273705</w>
      <t>5434</t>
    </point>
    <point>
      <x>0.40166667</x>
      <y>0.46333334</y>
      <w>0.40273705</w>
      <t>5434</t>
    </point>
    <point>
      <x>0.405</x>
      <y>0.46333334</y>
      <w>0.40273705</w>
      <t>5434</t>
    </point>
    <point>
      <x>0.40833333</x>
      <y>0.46333334</y>
      <w>0.40273705</w>
      <t>5434</t>
    </point>
    <point>
      <x>0.41166666</x>
      <y>0.465</y>
      <w>0.4222874</w>
      <t>5467</t>
    </point>
    <point>
      <x>0.41333333</x>
      <y>0.465</y>
      <w>0.4222874</w>
      <t>5467</t>
    </point>
    <point>
      <x>0.415</x>
      <y>0.465</y>
      <w>0.4222874</w>
      <t>5467</t>
    </point>
    <point>
      <x>0.41666666</x>
      <y>0.46666667</y>
      <w>0.4222874</w>
      <t>5467</t>
    </point>
    <point>
      <x>0.41833332</x>
      <y>0.46833333</y>
      <w>0.47800586</w>
      <t>5501</t>
    </point>
    <point>
      <x>0.42</x>
      <y>0.47</y>
      <w>0.47800586</w>
      <t>5501</t>
    </point>
    <point>
      <x>0.42</x>
      <y>0.47166666</y>
      <w>0.47800586</w>
      <t>5501</t>
    </point>
    <point>
      <x>0.42</x>
      <y>0.47333333</y>
      <w>0.5278592</w>
      <t>5534</t>
    </point>
    <point>
      <x>0.42</x>
      <y>0.475</y>
      <w>0.5278592</w>
      <t>5534</t>
    </point>
    <point>
      <x>0.42</x>
      <y>0.47666666</y>
      <w>0.5278592</w>
      <t>5534</t>
    </point>
    <point>
      <x>0.42</x>
      <y>0.47833332</y>
      <w>0.5278592</w>
      <t>5534</t>
    </point>
    <point>
      <x>0.42</x>
      <y>0.48</y>
      <w>0.5278592</w>
      <t>5534</t>
    </point>
    <point>
      <x>0.42</x>
      <y>0.48166665</y>
      <w>0.5493646</w>
      <t>5567</t>
    </point>
    <point>
      <x>0.42</x>
      <y>0.485</y>
      <w>0.5493646</w>
      <t>5567</t>
    </point>
    <point>
      <x>0.41666666</x>
      <y>0.49</y>
      <w>0.5493646</w>
      <t>5567</t>
    </point>
    <point>
      <x>0.415</x>
      <y>0.495</y>
      <w>0.5493646</w>
      <t>5567</t>
    </point>
    <point>
      <x>0.41166666</x>
      <y>0.49833333</y>
      <w>0.5650049</w>
      <t>5601</t>
    </point>
    <point>
      <x>0.40833333</x>
      <y>0.50333333</y>
      <w>0.5650049</w>
      <t>5601</t>
    </point>
    <point>
      <x>0.405</x>
      <y>0.50666666</y>
      <w>0.5650049</w>
      <t>5601</t>
    </point>
    <point>
      <x>0.40333334</x>
      <y>0.51</y>
      <w>0.5650049</w>
      <t>5601</t>
    </point>
    <point>
      <x>0.4</x>
      <y>0.5133333</y>
      <w>0.5650049</w>
      <t>5601</t>
    </point>
    <point>
      <x>0.39833334</x>
      <y>0.515</y>
      <w>0.57087</w>
      <t>5634</t>
    </point>
    <point>
      <x>0.39666668</x>
      <y>0.51666665</y>
      <w>0.57087</w>
      <t>5634</t>
    </point>
    <point>
      <x>0.39666668</x>
      <y>0.5183333</y>
      <w>0.57087</w>
      <t>5634</t>
    </point>
    <point>
      <x>0.39666668</x>
      <y>0.52</y>
      <w>0.5669599</w>
      <t>5667</t>
    </point>
    <point>
      <x>0.39666668</x>
      <y>0.52166665</y>
      <w>0.5669599</w>
      <t>5667</t>
    </point>
    <point>
      <x>0.39666668</x>
      <y>0.5233333</y>
      <w>0.56207234</w>
      <t>5700</t>
    </point>
    <point>
      <x>0.39833334</x>
      <y>0.525</y>
      <w>0.56207234</w>
      <t>5700</t>
    </point>
    <point>
      <x>0.4</x>
      <y>0.52666664</y>
      <w>0.56207234</w>
      <t>5700</t>
    </point>
    <point>
      <x>0.40166667</x>
      <y>0.53</y>
      <w>0.56207234</w>
      <t>5700</t>
    </point>
    <point>
      <x>0.40333334</x>
      <y>0.5316667</y>
      <w>0.5610948</w>
      <t>5734</t>
    </point>
    <point>
      <x>0.40666667</x>
      <y>0.535</y>
      <w>0.5610948</w>
      <t>5734</t>
    </point>
    <point>
      <x>0.40833333</x>
      <y>0.53833336</y>
      <w>0.5610948</w>
      <t>5734</t>
    </point>
    <point>
      <x>0.41166666</x>
      <y>0.54</y>
      <w>0.5610948</w>
      <t>5734</t>
    </point>
    <point>
      <x>0.41333333</x>
      <y>0.54333335</y>
      <w>0.5610948</w>
      <t>5734</t>
    </point>
    <point>
      <x>0.41666666</x>
      <y>0.5466667</y>
      <w>0.56304985</w>
      <t>5767</t>
    </point>
    <point>
      <x>0.41833332</x>
      <y>0.55</y>
      <w>0.56304985</w>
      <t>5767</t>
    </point>
    <point>
      <x>0.42166665</x>
      <y>0.55333334</y>
      <w>0.56304985</w>
      <t>5767</t>
    </point>
    <point>
      <x>0.42333335</x>
      <y>0.5566667</y>
      <w>0.56304985</w>
      <t>5767</t>
    </point>
    <point>
      <x>0.425</x>
      <y>0.56</y>
      <w>0.5659824</w>
      <t>5801</t>
    </point>
    <point>
      <x>0.42666668</x>
      <y>0.56333333</y>
      <w>0.5659824</w>
      <t>5801</t>
    </point>
    <point>
      <x>0.42833334</x>
      <y>0.56666666</y>
      <w>0.5659824</w>
      <t>5801</t>
    </point>
    <point>
      <x>0.43</x>
      <y>0.57166666</y>
      <w>0.5659824</w>
      <t>5801</t>
    </point>
    <point>
      <x>0.43166667</x>
      <y>0.57666665</y>
      <w>0.58748776</w>
      <t>5834</t>
    </point>
    <point>
      <x>0.43333334</x>
      <y>0.58166665</y>
      <w>0.58748776</w>
      <t>5834</t>
    </point>
    <point>
      <x>0.43333334</x>
      <y>0.58666664</y>
      <w>0.58748776</w>
      <t>5834</t>
    </point>
    <point>
      <x>0.435</x>
      <y>0.59166664</y>
      <w>0.58748776</w>
      <t>5834</t>
    </point>
    <point>
      <x>0.43666667</x>
      <y>0.5966667</y>
      <w>0.58748776</w>
      <t>5834</t>
    </point>
    <point>
      <x>0.43833333</x>
      <y>0.6016667</y>
      <w>0.59433043</w>
      <t>5867</t>
    </point>
    <point>
      <x>0.43833333</x>
      <y>0.6066667</y>
      <w>0.59433043</w>
      <t>5867</t>
    </point>
    <point>
      <x>0.44</x>
      <y>0.6116667</y>
      <w>0.59433043</w>
      <t>5867</t>
    </point>
    <point>
      <x>0.44</x>
      <y>0.6166667</y>
      <w>0.59433043</w>
      <t>5867</t>
    </point>
    <point>
      <x>0.44</x>
      <y>0.62166667</y>
      <w>0.5982405</w>
      <t>5901</t>
    </point>
    <point>
      <x>0.44</x>
      <y>0.62833333</y>
      <w>0.5982405</w>
      <t>5901</t>
    </point>
    <point>
      <x>0.44</x>
      <y>0.6333333</y>
      <w>0.5982405</w>
      <t>5901</t>
    </point>
    <point>
      <x>0.44</x>
      <y>0.64</y>
      <w>0.5982405</w>
      <t>5901</t>
    </point>
    <point>
      <x>0.44</x>
      <y>0.645</y>
      <w>0.5982405</w>
      <t>5901</t>
    </point>
    <point>
      <x>0.44</x>
      <y>0.65</y>
      <w>0.6060606</w>
      <t>5934</t>
    </point>
    <point>
      <x>0.44</x>
      <y>0.6566667</y>
      <w>0.6060606</w>
      <t>5934</t>
    </point>
    <point>
      <x>0.43833333</x>
      <y>0.66</y>
      <w>0.6060606</w>
      <t>5934</t>
    </point>
    <point>
      <x>0.43666667</x>
      <y>0.665</y>
      <w>0.6060606</w>
      <t>5934</t>
    </point>
    <point>
      <x>0.435</x>
      <y>0.67</y>
      <w>0.60801566</w>
      <t>5967</t>
    </point>
    <point>
      <x>0.43333334</x>
      <y>0.67333335</y>
      <w>0.60801566</w>
      <t>5967</t>
    </point>
    <point>
      <x>0.43166667</x>
      <y>0.6766667</y>
      <w>0.60801566</w>
      <t>5967</t>
    </point>
    <point>
      <x>0.42833334</x>
      <y>0.68</y>
      <w>0.60801566</w>
      <t>5967</t>
    </point>
    <point>
      <x>0.42666668</x>
      <y>0.68333334</y>
      <w>0.6109482</w>
      <t>6000</t>
    </point>
    <point>
      <x>0.425</x>
      <y>0.685</y>
      <w>0.6109482</w>
      <t>6000</t>
    </point>
    <point>
      <x>0.42333335</x>
      <y>0.68666667</y>
      <w>0.6109482</w>
      <t>6000</t>
    </point>
    <point>
      <x>0.42</x>
      <y>0.69</y>
      <w>0.6109482</w>
      <t>6000</t>
    </point>
    <point>
      <x>0.41833332</x>
      <y>0.69166666</y>
      <w>0.6109482</w>
      <t>6000</t>
    </point>
    <point>
      <x>0.41666666</x>
      <y>0.69166666</y>
      <w>0.6060606</w>
      <t>6034</t>
    </point>
    <point>
      <x>0.415</x>
      <y>0.6933333</y>
      <w>0.6060606</w>
      <t>6034</t>
    </point>
    <point>
      <x>0.41333333</x>
      <y>0.6933333</y>
      <w>0.6060606</w>
      <t>6034</t>
    </point>
    <point>
      <x>0.41166666</x>
      <y>0.695</y>
      <w>0.6060606</w>
      <t>6034</t>
    </point>
    <point>
      <x>0.41</x>
      <y>0.695</y>
      <w>0.6060606</w>
      <t>6034</t>
    </point>
    <point>
      <x>0.40833333</x>
      <y>0.695</y>
      <w>0.5855327</w>
      <t>6067</t>
    </point>
    <point>
      <x>0.40666667</x>
      <y>0.695</y>
      <w>0.5855327</w>
      <t>6067</t>
    </point>
    <point>
      <x>0.405</x>
      <y>0.695</y>
      <w>0.5855327</w>
      <t>6067</t>
    </point>
    <point>
      <x>0.40333334</x>
      <y>0.695</y>
      <w>0.53958946</w>
      <t>6100</t>
    </point>
    <point>
      <x>0.4</x>
      <y>0.6933333</y>
      <w>0.53958946</w>
      <t>6100</t>
    </point>
    <point>
      <x>0.39666668</x>
      <y>0.69166666</y>
      <w>0.53958946</w>
      <t>6100</t>
    </point>
    <point>
      <x>0.39333335</x>
      <y>0.69</y>
      <w>0.53958946</w>
      <t>6100</t>
    </point>
    <point>
      <x>0.39</x>
      <y>0.68666667</y>
      <w>0.4965787</w>
      <t>6134</t>
    </point>
    <point>
      <x>0.38666666</x>
      <y>0.685</y>
      <w>0.4965787</w>
      <t>6134</t>
    </point>
    <point>
      <x>0.38333333</x>
      <y>0.68333334</y>
      <w>0.4965787</w>
      <t>6134</t>
    </point>
    <point>
      <x>0.38</x>
      <y>0.68</y>
      <w>0.4965787</w>
      <t>6134</t>
    </point>
    <point>
      <x>0.37666667</x>
      <y>0.67833334</y>
      <w>0.4965787</w>
      <t>6134</t>
    </point>
    <point>
      <x>0.37333333</x>
      <y>0.6766667</y>
      <w>0.44868034</w>
      <t>6167</t>
    </point>
    <point>
      <x>0.37</x>
      <y>0.675</y>
      <w>0.44868034</w>
      <t>6167</t>
    </point>
    <point>
      <x>0.36666667</x>
      <y>0.6716667</y>
      <w>0.44868034</w>
      <t>6167</t>
    </point>
    <point>
      <x>0.36333334</x>
      <y>0.67</y>
      <w>0.44868034</w>
      <t>6167</t>
    </point>
    <point>
      <x>0.36</x>
      <y>0.6666667</y>
      <w>0.41935483</w>
      <t>6200</t>
    </point>
    <point>
      <x>0.35666665</x>
      <y>0.66333336</y>
      <w>0.41935483</w>
      <t>6200</t>
    </point>
    <point>
      <x>0.35333332</x>
      <y>0.66</y>
      <w>0.41935483</w>
      <t>6200</t>
    </point>
    <point>
      <x>0.35166666</x>
      <y>0.65833336</y>
      <w>0.41935483</w>
      <t>6200</t>
    </point>
    <point>
      <x>0.34833333</x>
      <y>0.655</y>
      <w>0.41935483</w>
      <t>6200</t>
    </point>
    <point>
      <x>0.34666666</x>
      <y>0.65166664</y>
      <w>0.34408602</w>
      <t>6234</t>
    </point>
    <point>
      <x>0.345</x>
      <y>0.6483333</y>
      <w>0.34408602</w>
      <t>6234</t>
    </point>
    <point>
      <x>0.345</x>
      <y>0.64666665</y>
      <w>0.34408602</w>
      <t>6234</t>
    </point>
    <point>
      <x>0.34333333</x>
      <y>0.645</y>
      <w>0.34408602</w>
      <t>6234</t>
    </point>
    <point>
      <x>0.34333333</x>
      <y>0.6433333</y>
      <w>0.33822092</w>
      <t>6267</t>
    </point>
    <point>
      <x>0.34166667</x>
      <y>0.64</y>
      <w>0.33822092</w>
      <t>6267</t>
    </point>
    <point>
      <x>0.34166667</x>
      <y>0.63666666</y>
      <w>0.33822092</w>
      <t>6267</t>
    </point>
    <point>
      <x>0.34166667</x>
      <y>0.6333333</y>
      <w>0.33822092</w>
      <t>6267</t>
    </point>
    <point>
      <x>0.34166667</x>
      <y>0.63</y>
      <w>0.3362659</w>
      <t>6301</t>
    </point>
    <point>
      <x>0.34166667</x>
      <y>0.62833333</y>
      <w>0.3362659</w>
      <t>6301</t>
    </point>
    <point>
      <x>0.34166667</x>
      <y>0.625</y>
      <w>0.3362659</w>
      <t>6301</t>
    </point>
    <point>
      <x>0.34333333</x>
      <y>0.62166667</y>
      <w>0.3362659</w>
      <t>6301</t>
    </point>
    <point>
      <x>0.345</x>
      <y>0.61833334</y>
      <w>0.3362659</w>
      <t>6302</t>
    </point>
    <point>
      <x>0.34666666</x>
      <y>0.615</y>
      <w>0.33235583</w>
      <t>6334</t>
    </point>
    <point>
      <x>0.35</x>
      <y>0.6116667</y>
      <w>0.33235583</w>
      <t>6334</t>
    </point>
    <point>
      <x>0.35166666</x>
      <y>0.60833335</y>
      <w>0.33235583</w>
      <t>6334</t>
    </point>
    <point>
      <x>0.355</x>
      <y>0.6066667</y>
      <w>0.33235583</w>
      <t>6334</t>
    </point>
    <point>
      <x>0.35833332</x>
      <y>0.60333335</y>
      <w>0.33235583</w>
      <t>6334</t>
    </point>
    <point>
      <x>0.36166668</x>
      <y>0.6</y>
      <w>0.33431086</w>
      <t>6367</t>
    </point>
    <point>
      <x>0.365</x>
      <y>0.5966667</y>
      <w>0.33431086</w>
      <t>6367</t>
    </point>
    <point>
      <x>0.36833334</x>
      <y>0.5933333</y>
      <w>0.33431086</w>
      <t>6367</t>
    </point>
    <point>
      <x>0.37166667</x>
      <y>0.5883333</y>
      <w>0.33431086</w>
      <t>6367</t>
    </point>
    <point>
      <x>0.37666667</x>
      <y>0.585</y>
      <w>0.33919844</w>
      <t>6400</t>
    </point>
    <point>
      <x>0.38166666</x>
      <y>0.58</y>
      <w>0.33919844</w>
      <t>6400</t>
    </point>
    <point>
      <x>0.38666666</x>
      <y>0.57666665</y>
      <w>0.33919844</w>
      <t>6400</t>
    </point>
    <point>
      <x>0.39333335</x>
      <y>0.5733333</y>
      <w>0.33919844</w>
      <t>6400</t>
    </point>
    <point>
      <x>0.4</x>
      <y>0.57</y>
      <w>0.3548387</w>
      <t>6434</t>
    </point>
    <point>
      <x>0.40666667</x>
      <y>0.56666666</y>
      <w>0.3548387</w>
      <t>6434</t>
    </point>
    <point>
      <x>0.415</x>
      <y>0.56333333</y>
      <w>0.3548387</w>
      <t>6434</t>
    </point>
    <point>
      <x>0.42333335</x>
      <y>0.56</y>
      <w>0.3548387</w>
      <t>6434</t>
    </point>
    <point>
      <x>0.43166667</x>
      <y>0.555</y>
      <w>0.3548387</w>
      <t>6434</t>
    </point>
    <point>
      <x>0.44166666</x>
      <y>0.5516667</y>
      <w>0.37829912</w>
      <t>6467</t>
    </point>
    <point>
      <x>0.45</x>
      <y>0.54833335</y>
      <w>0.37829912</w>
      <t>6467</t>
    </point>
    <point>
      <x>0.46</x>
      <y>0.545</y>
      <w>0.37829912</w>
      <t>6467</t>
    </point>
    <point>
      <x>0.47</x>
      <y>0.5416667</y>
      <w>0.37829912</w>
      <t>6467</t>
    </point>
    <point>
      <x>0.47833332</x>
      <y>0.54</y>
      <w>0.38807428</w>
      <t>6501</t>
    </point>
    <point>
      <x>0.48666668</x>
      <y>0.5366667</y>
      <w>0.38807428</w>
      <t>6501</t>
    </point>
    <point>
      <x>0.495</x>
      <y>0.535</y>
      <w>0.38807428</w>
      <t>6501</t>
    </point>
    <point>
      <x>0.50333333</x>
      <y>0.5316667</y>
      <w>0.38807428</w>
      <t>6501</t>
    </point>
    <point>
      <x>0.51166666</x>
      <y>0.53</y>
      <w>0.38807428</w>
      <t>6501</t>
    </point>
    <point>
      <x>0.52</x>
      <y>0.5283333</y>
      <w>0.3939394</w>
      <t>6534</t>
    </point>
    <point>
      <x>0.5283333</x>
      <y>0.52666664</y>
      <w>0.3939394</w>
      <t>6534</t>
    </point>
    <point>
      <x>0.5366667</x>
      <y>0.525</y>
      <w>0.3939394</w>
      <t>6534</t>
    </point>
    <point>
      <x>0.545</x>
      <y>0.525</y>
      <w>0.3939394</w>
      <t>6534</t>
    </point>
    <point>
      <x>0.55333334</x>
      <y>0.5233333</y>
      <w>0.41544476</w>
      <t>6567</t>
    </point>
    <point>
      <x>0.56166667</x>
      <y>0.5233333</y>
      <w>0.41544476</w>
      <t>6567</t>
    </point>
    <point>
      <x>0.57</x>
      <y>0.5233333</y>
      <w>0.41544476</w>
      <t>6567</t>
    </point>
    <point>
      <x>0.5783333</x>
      <y>0.5233333</y>
      <w>0.41544476</w>
      <t>6567</t>
    </point>
    <point>
      <x>0.585</x>
      <y>0.5233333</y>
      <w>0.43597263</w>
      <t>6601</t>
    </point>
    <point>
      <x>0.5933333</x>
      <y>0.5233333</y>
      <w>0.43597263</w>
      <t>6601</t>
    </point>
    <point>
      <x>0.6</x>
      <y>0.5233333</y>
      <w>0.43597263</w>
      <t>6601</t>
    </point>
    <point>
      <x>0.6066667</x>
      <y>0.525</y>
      <w>0.43597263</w>
      <t>6601</t>
    </point>
    <point>
      <x>0.61333334</x>
      <y>0.525</y>
      <w>0.43597263</w>
      <t>6601</t>
    </point>
    <point>
      <x>0.62</x>
      <y>0.52666664</y>
      <w>0.46725318</w>
      <t>6634</t>
    </point>
    <point>
      <x>0.625</x>
      <y>0.5283333</y>
      <w>0.46725318</w>
      <t>6634</t>
    </point>
    <point>
      <x>0.63166666</x>
      <y>0.53</y>
      <w>0.46725318</w>
      <t>6634</t>
    </point>
    <point>
      <x>0.635</x>
      <y>0.5316667</y>
      <w>0.46725318</w>
      <t>6634</t>
    </point>
    <point>
      <x>0.64</x>
      <y>0.53333336</y>
      <w>0.46725318</w>
      <t>6634</t>
    </point>
    <point>
      <x>0.645</x>
      <y>0.535</y>
      <w>0.49266863</w>
      <t>6667</t>
    </point>
    <point>
      <x>0.6483333</x>
      <y>0.5366667</y>
      <w>0.49266863</w>
      <t>6667</t>
    </point>
    <point>
      <x>0.65166664</x>
      <y>0.54</y>
      <w>0.49266863</w>
      <t>6667</t>
    </point>
    <point>
      <x>0.655</x>
      <y>0.5416667</y>
      <w>0.49266863</w>
      <t>6667</t>
    </point>
    <point>
      <x>0.6566667</x>
      <y>0.54333335</y>
      <w>0.52297163</w>
      <t>6701</t>
    </point>
    <point>
      <x>0.66</x>
      <y>0.5466667</y>
      <w>0.52297163</w>
      <t>6701</t>
    </point>
    <point>
      <x>0.6616667</x>
      <y>0.54833335</y>
      <w>0.52297163</w>
      <t>6701</t>
    </point>
    <point>
      <x>0.665</x>
      <y>0.5516667</y>
      <w>0.52297163</w>
      <t>6701</t>
    </point>
    <point>
      <x>0.6666667</x>
      <y>0.555</y>
      <w>0.53372437</w>
      <t>6734</t>
    </point>
    <point>
      <x>0.66833335</x>
      <y>0.5566667</y>
      <w>0.53372437</w>
      <t>6734</t>
    </point>
    <point>
      <x>0.6716667</x>
      <y>0.56</y>
      <w>0.53372437</w>
      <t>6734</t>
    </point>
    <point>
      <x>0.67333335</x>
      <y>0.56166667</y>
      <w>0.53372437</w>
      <t>6734</t>
    </point>
    <point>
      <x>0.675</x>
      <y>0.565</y>
      <w>0.53372437</w>
      <t>6734</t>
    </point>
    <point>
      <x>0.6766667</x>
      <y>0.5683333</y>
      <w>0.542522</w>
      <t>6767</t>
    </point>
    <point>
      <x>0.67833334</x>
      <y>0.57</y>
      <w>0.542522</w>
      <t>6767</t>
    </point>
    <point>
      <x>0.68</x>
      <y>0.5733333</y>
      <w>0.542522</w>
      <t>6767</t>
    </point>
    <point>
      <x>0.68</x>
      <y>0.57666665</y>
      <w>0.542522</w>
      <t>6767</t>
    </point>
    <point>
      <x>0.6816667</x>
      <y>0.5783333</y>
      <w>0.5522972</w>
      <t>6800</t>
    </point>
    <point>
      <x>0.6816667</x>
      <y>0.58166665</y>
      <w>0.5522972</w>
      <t>6800</t>
    </point>
    <point>
      <x>0.68333334</x>
      <y>0.585</y>
      <w>0.5522972</w>
      <t>6800</t>
    </point>
    <point>
      <x>0.68333334</x>
      <y>0.5883333</y>
      <w>0.5522972</w>
      <t>6800</t>
    </point>
    <point>
      <x>0.68333334</x>
      <y>0.59</y>
      <w>0.5522972</w>
      <t>6800</t>
    </point>
    <point>
      <x>0.685</x>
      <y>0.5933333</y>
      <w>0.5659824</w>
      <t>6834</t>
    </point>
    <point>
      <x>0.685</x>
      <y>0.595</y>
      <w>0.5659824</w>
      <t>6834</t>
    </point>
    <point>
      <x>0.685</x>
      <y>0.59833336</y>
      <w>0.5659824</w>
      <t>6834</t>
    </point>
    <point>
      <x>0.685</x>
      <y>0.6</y>
      <w>0.5659824</w>
      <t>6834</t>
    </point>
    <point>
      <x>0.685</x>
      <y>0.60333335</y>
      <w>0.572825</w>
      <t>6866</t>
    </point>
    <point>
      <x>0.685</x>
      <y>0.605</y>
      <w>0.572825</w>
      <t>6866</t>
    </point>
    <point>
      <x>0.685</x>
      <y>0.6066667</y>
      <w>0.572825</w>
      <t>6866</t>
    </point>
    <point>
      <x>0.68333334</x>
      <y>0.61</y>
      <w>0.572825</w>
      <t>6866</t>
    </point>
    <point>
      <x>0.68333334</x>
      <y>0.6116667</y>
      <w>0.58064514</w>
      <t>6901</t>
    </point>
    <point>
      <x>0.6816667</x>
      <y>0.615</y>
      <w>0.58064514</w>
      <t>6901</t>
    </point>
    <point>
      <x>0.6816667</x>
      <y>0.6166667</y>
      <w>0.58064514</w>
      <t>6901</t>
    </point>
    <point>
      <x>0.68</x>
      <y>0.62</y>
      <w>0.58064514</w>
      <t>6901</t>
    </point>
    <point>
      <x>0.67833334</x>
      <y>0.62333333</y>
      <w>0.58064514</w>
      <t>6901</t>
    </point>
    <point>
      <x>0.6766667</x>
      <y>0.625</y>
      <w>0.5845552</w>
      <t>6934</t>
    </point>
    <point>
      <x>0.675</x>
      <y>0.62833333</y>
      <w>0.5845552</w>
      <t>6934</t>
    </point>
    <point>
      <x>0.67333335</x>
      <y>0.63166666</y>
      <w>0.5845552</w>
      <t>6934</t>
    </point>
    <point>
      <x>0.6716667</x>
      <y>0.6333333</y>
      <w>0.5845552</w>
      <t>6934</t>
    </point>
    <point>
      <x>0.67</x>
      <y>0.63666666</y>
      <w>0.5845552</w>
      <t>6934</t>
    </point>
    <point>
      <x>0.66833335</x>
      <y>0.64</y>
      <w>0.58651024</w>
      <t>6967</t>
    </point>
    <point>
      <x>0.665</x>
      <y>0.6433333</y>
      <w>0.58651024</w>
      <t>6967</t>
    </point>
    <point>
      <x>0.66333336</x>
      <y>0.645</y>
      <w>0.58651024</w>
      <t>6967</t>
    </point>
    <point>
      <x>0.6616667</x>
      <y>0.6483333</y>
      <w>0.58651024</w>
      <t>6967</t>
    </point>
    <point>
      <x>0.66</x>
      <y>0.65</y>
      <w>0.58748776</w>
      <t>7000</t>
    </point>
    <point>
      <x>0.6566667</x>
      <y>0.65166664</y>
      <w>0.58748776</w>
      <t>7000</t>
    </point>
    <point>
      <x>0.655</x>
      <y>0.655</y>
      <w>0.58748776</w>
      <t>7000</t>
    </point>
    <point>
      <x>0.6533333</x>
      <y>0.6566667</y>
      <w>0.58748776</w>
      <t>7000</t>
    </point>
    <point>
      <x>0.65</x>
      <y>0.65833336</y>
      <w>0.5581623</w>
      <t>7034</t>
    </point>
    <point>
      <x>0.6483333</x>
      <y>0.66</y>
      <w>0.5581623</w>
      <t>7034</t>
    </point>
    <point>
      <x>0.645</x>
      <y>0.66333336</y>
      <w>0.5581623</w>
      <t>7034</t>
    </point>
    <point>
      <x>0.6433333</x>
      <y>0.665</y>
      <w>0.5581623</w>
      <t>7034</t>
    </point>
    <point>
      <x>0.64</x>
      <y>0.6666667</y>
      <w>0.5581623</w>
      <t>7034</t>
    </point>
    <point>
      <x>0.63666666</x>
      <y>0.66833335</y>
      <w>0.5034213</w>
      <t>7067</t>
    </point>
    <point>
      <x>0.6333333</x>
      <y>0.6716667</y>
      <w>0.5034213</w>
      <t>7067</t>
    </point>
    <point>
      <x>0.62833333</x>
      <y>0.675</y>
      <w>0.5034213</w>
      <t>7067</t>
    </point>
    <point>
      <x>0.62333333</x>
      <y>0.6766667</y>
      <w>0.5034213</w>
      <t>7067</t>
    </point>
    <point>
      <x>0.61833334</x>
      <y>0.68</y>
      <w>0.4349951</w>
      <t>7101</t>
    </point>
    <point>
      <x>0.61333334</x>
      <y>0.68333334</y>
      <w>0.4349951</w>
      <t>7101</t>
    </point>
    <point>
      <x>0.60833335</x>
      <y>0.68666667</y>
      <w>0.4349951</w>
      <t>7101</t>
    </point>
    <point>
      <x>0.6016667</x>
      <y>0.69</y>
      <w>0.4349951</w>
      <t>7101</t>
    </point>
    <point>
      <x>0.595</x>
      <y>0.6933333</y>
      <w>0.4349951</w>
      <t>7101</t>
    </point>
    <point>
      <x>0.59</x>
      <y>0.69666666</y>
      <w>0.35288367</w>
      <t>7134</t>
    </point>
    <point>
      <x>0.5833333</x>
      <y>0.7</y>
      <w>0.35288367</w>
      <t>7134</t>
    </point>
    <point>
      <x>0.575</x>
      <y>0.705</y>
      <w>0.35288367</w>
      <t>7134</t>
    </point>
    <point>
      <x>0.56666666</x>
      <y>0.7083333</y>
      <w>0.35288367</w>
      <t>7134</t>
    </point>
    <point>
      <x>0.55833334</x>
      <y>0.71166664</y>
      <w>0.20723362</w>
      <t>7167</t>
    </point>
    <point>
      <x>0.55</x>
      <y>0.715</y>
      <w>0.20723362</w>
      <t>7167</t>
    </point>
    <point>
      <x>0.54333335</x>
      <y>0.7183333</y>
      <w>0.20723362</w>
      <t>7167</t>
    </point>
    <point>
      <x>0.535</x>
      <y>0.7216667</y>
      <w>0.20723362</w>
      <t>7167</t>
    </point>
  </stroke>
</character>
