<?xml version="1.0" encoding="UTF-8"?>
<character>
  <stroke time="0">
    <point>
      <x>0.35166666</x>
      <y>0.25</y>
      <w>0.2746823</w>
      <t>69</t>
    </point>
    <point>
      <x>0.35166666</x>
      <y>0.25166667</y>
      <w>0.2746823</w>
      <t>69</t>
    </point>
    <point>
      <x>0.35166666</x>
      <y>0.25333333</y>
      <w>0.2746823</w>
      <t>69</t>
    </point>
    <point>
      <x>0.35</x>
      <y>0.255</y>
      <w>0.32551318</w>
      <t>100</t>
    </point>
    <point>
      <x>0.35</x>
      <y>0.25833333</y>
      <w>0.32551318</w>
      <t>100</t>
    </point>
    <point>
      <x>0.35</x>
      <y>0.26166666</y>
      <w>0.32551318</w>
      <t>100</t>
    </point>
    <point>
      <x>0.35</x>
      <y>0.265</y>
      <w>0.32551318</w>
      <t>101</t>
    </point>
    <point>
      <x>0.35</x>
      <y>0.26666668</y>
      <w>0.35288367</w>
      <t>133</t>
    </point>
    <point>
      <x>0.35</x>
      <y>0.27</y>
      <w>0.35288367</w>
      <t>133</t>
    </point>
    <point>
      <x>0.35166666</x>
      <y>0.27166668</y>
      <w>0.35288367</w>
      <t>133</t>
    </point>
    <point>
      <x>0.35166666</x>
      <y>0.27333334</y>
      <w>0.35288367</w>
      <t>134</t>
    </point>
    <point>
      <x>0.35333332</x>
      <y>0.275</y>
      <w>0.35288367</w>
      <t>134</t>
    </point>
    <point>
      <x>0.35333332</x>
      <y>0.27666667</y>
      <w>0.36950147</w>
      <t>166</t>
    </point>
    <point>
      <x>0.355</x>
      <y>0.27833334</y>
      <w>0.36950147</w>
      <t>166</t>
    </point>
    <point>
      <x>0.35666665</x>
      <y>0.28</y>
      <w>0.36950147</w>
      <t>166</t>
    </point>
    <point>
      <x>0.35833332</x>
      <y>0.28166667</y>
      <w>0.42424244</w>
      <t>199</t>
    </point>
    <point>
      <x>0.35833332</x>
      <y>0.28333333</y>
      <w>0.42424244</w>
      <t>199</t>
    </point>
    <point>
      <x>0.36</x>
      <y>0.285</y>
      <w>0.42424244</w>
      <t>199</t>
    </point>
    <point>
      <x>0.36333334</x>
      <y>0.28666666</y>
      <w>0.42424244</w>
      <t>199</t>
    </point>
    <point>
      <x>0.36666667</x>
      <y>0.29</y>
      <w>0.43890518</w>
      <t>233</t>
    </point>
    <point>
      <x>0.36833334</x>
      <y>0.29166666</y>
      <w>0.43890518</w>
      <t>235</t>
    </point>
    <point>
      <x>0.37</x>
      <y>0.29333332</y>
      <w>0.43890518</w>
      <t>235</t>
    </point>
    <point>
      <x>0.37333333</x>
      <y>0.29333332</y>
      <w>0.43890518</w>
      <t>235</t>
    </point>
    <point>
      <x>0.375</x>
      <y>0.295</y>
      <w>0.43890518</w>
      <t>266</t>
    </point>
    <point>
      <x>0.37666667</x>
      <y>0.295</y>
      <w>0.4525904</w>
      <t>266</t>
    </point>
    <point>
      <x>0.37833333</x>
      <y>0.295</y>
      <w>0.4525904</w>
      <t>266</t>
    </point>
    <point>
      <x>0.38</x>
      <y>0.29666665</y>
      <w>0.4525904</w>
      <t>267</t>
    </point>
    <point>
      <x>0.38166666</x>
      <y>0.29666665</y>
      <w>0.4525904</w>
      <t>267</t>
    </point>
    <point>
      <x>0.38333333</x>
      <y>0.29666665</y>
      <w>0.47214076</w>
      <t>299</t>
    </point>
    <point>
      <x>0.38666666</x>
      <y>0.29666665</y>
      <w>0.47214076</w>
      <t>299</t>
    </point>
    <point>
      <x>0.38833332</x>
      <y>0.29666665</y>
      <w>0.47214076</w>
      <t>299</t>
    </point>
    <point>
      <x>0.39166668</x>
      <y>0.29666665</y>
      <w>0.47214076</w>
      <t>300</t>
    </point>
    <point>
      <x>0.395</x>
      <y>0.29666665</y>
      <w>0.4750733</w>
      <t>333</t>
    </point>
    <point>
      <x>0.4</x>
      <y>0.29666665</y>
      <w>0.4750733</w>
      <t>333</t>
    </point>
    <point>
      <x>0.40333334</x>
      <y>0.29666665</y>
      <w>0.4750733</w>
      <t>333</t>
    </point>
    <point>
      <x>0.40666667</x>
      <y>0.295</y>
      <w>0.4750733</w>
      <t>333</t>
    </point>
    <point>
      <x>0.41166666</x>
      <y>0.29333332</y>
      <w>0.47605082</w>
      <t>366</t>
    </point>
    <point>
      <x>0.415</x>
      <y>0.29166666</y>
      <w>0.47605082</w>
      <t>366</t>
    </point>
    <point>
      <x>0.42</x>
      <y>0.29</y>
      <w>0.47605082</w>
      <t>366</t>
    </point>
    <point>
      <x>0.425</x>
      <y>0.28833333</y>
      <w>0.47605082</w>
      <t>367</t>
    </point>
    <point>
      <x>0.42833334</x>
      <y>0.28666666</y>
      <w>0.47605082</w>
      <t>367</t>
    </point>
    <point>
      <x>0.43333334</x>
      <y>0.285</y>
      <w>0.4750733</w>
      <t>399</t>
    </point>
    <point>
      <x>0.43833333</x>
      <y>0.28166667</y>
      <w>0.4750733</w>
      <t>399</t>
    </point>
    <point>
      <x>0.44333333</x>
      <y>0.27833334</y>
      <w>0.4750733</w>
      <t>399</t>
    </point>
    <point>
      <x>0.44833332</x>
      <y>0.275</y>
      <w>0.4750733</w>
      <t>399</t>
    </point>
    <point>
      <x>0.455</x>
      <y>0.27166668</y>
      <w>0.45943305</w>
      <t>432</t>
    </point>
    <point>
      <x>0.46</x>
      <y>0.26666668</y>
      <w>0.45943305</w>
      <t>432</t>
    </point>
    <point>
      <x>0.465</x>
      <y>0.26333332</y>
      <w>0.45943305</w>
      <t>432</t>
    </point>
    <point>
      <x>0.47</x>
      <y>0.26</y>
      <w>0.45943305</w>
      <t>432</t>
    </point>
    <point>
      <x>0.475</x>
      <y>0.25666666</y>
      <w>0.45943305</w>
      <t>433</t>
    </point>
    <point>
      <x>0.47833332</x>
      <y>0.255</y>
      <w>0.4340176</w>
      <t>466</t>
    </point>
    <point>
      <x>0.48166665</x>
      <y>0.25166667</y>
      <w>0.4340176</w>
      <t>466</t>
    </point>
    <point>
      <x>0.485</x>
      <y>0.25</y>
      <w>0.4340176</w>
      <t>466</t>
    </point>
    <point>
      <x>0.49</x>
      <y>0.24666667</y>
      <w>0.4340176</w>
      <t>466</t>
    </point>
    <point>
      <x>0.49333334</x>
      <y>0.245</y>
      <w>0.36363637</w>
      <t>499</t>
    </point>
    <point>
      <x>0.49666667</x>
      <y>0.24166666</y>
      <w>0.36363637</w>
      <t>499</t>
    </point>
    <point>
      <x>0.5</x>
      <y>0.24</y>
      <w>0.36363637</w>
      <t>499</t>
    </point>
    <point>
      <x>0.50333333</x>
      <y>0.23833333</y>
      <w>0.36363637</w>
      <t>500</t>
    </point>
    <point>
      <x>0.50666666</x>
      <y>0.235</y>
      <w>0.36363637</w>
      <t>500</t>
    </point>
    <point>
      <x>0.51</x>
      <y>0.23333333</y>
      <w>0.2805474</w>
      <t>533</t>
    </point>
    <point>
      <x>0.51166666</x>
      <y>0.23333333</y>
      <w>0.2805474</w>
      <t>533</t>
    </point>
    <point>
      <x>0.5133333</x>
      <y>0.23166667</y>
      <w>0.2805474</w>
      <t>533</t>
    </point>
    <point>
      <x>0.515</x>
      <y>0.23</y>
      <w>0.18670577</w>
      <t>566</t>
    </point>
    <point>
      <x>0.51666665</x>
      <y>0.23</y>
      <w>0.18670577</w>
      <t>566</t>
    </point>
    <point>
      <x>0.51666665</x>
      <y>0.23166667</y>
      <w>0.3304008</w>
      <t>699</t>
    </point>
    <point>
      <x>0.515</x>
      <y>0.23333333</y>
      <w>0.3304008</w>
      <t>699</t>
    </point>
    <point>
      <x>0.515</x>
      <y>0.235</y>
      <w>0.3304008</w>
      <t>699</t>
    </point>
    <point>
      <x>0.5133333</x>
      <y>0.23666666</y>
      <w>0.3304008</w>
      <t>699</t>
    </point>
    <point>
      <x>0.5133333</x>
      <y>0.23833333</y>
      <w>0.4115347</w>
      <t>732</t>
    </point>
    <point>
      <x>0.51166666</x>
      <y>0.24</y>
      <w>0.4115347</w>
      <t>732</t>
    </point>
    <point>
      <x>0.51</x>
      <y>0.24333334</y>
      <w>0.4115347</w>
      <t>734</t>
    </point>
    <point>
      <x>0.51</x>
      <y>0.245</y>
      <w>0.4115347</w>
      <t>734</t>
    </point>
    <point>
      <x>0.5083333</x>
      <y>0.24833333</y>
      <w>0.4115347</w>
      <t>734</t>
    </point>
    <point>
      <x>0.50666666</x>
      <y>0.25166667</y>
      <w>0.4623656</w>
      <t>766</t>
    </point>
    <point>
      <x>0.505</x>
      <y>0.255</y>
      <w>0.4623656</w>
      <t>766</t>
    </point>
    <point>
      <x>0.50333333</x>
      <y>0.25833333</y>
      <w>0.4623656</w>
      <t>766</t>
    </point>
    <point>
      <x>0.50333333</x>
      <y>0.26166666</y>
      <w>0.4623656</w>
      <t>766</t>
    </point>
    <point>
      <x>0.50166667</x>
      <y>0.26666668</y>
      <w>0.4965787</w>
      <t>799</t>
    </point>
    <point>
      <x>0.5</x>
      <y>0.27166668</y>
      <w>0.4965787</w>
      <t>799</t>
    </point>
    <point>
      <x>0.49666667</x>
      <y>0.27833334</y>
      <w>0.4965787</w>
      <t>799</t>
    </point>
    <point>
      <x>0.495</x>
      <y>0.285</y>
      <w>0.4965787</w>
      <t>799</t>
    </point>
    <point>
      <x>0.49333334</x>
      <y>0.29166666</y>
      <w>0.4965787</w>
      <t>800</t>
    </point>
    <point>
      <x>0.49166667</x>
      <y>0.3</y>
      <w>0.52981424</w>
      <t>832</t>
    </point>
    <point>
      <x>0.49</x>
      <y>0.31</y>
      <w>0.52981424</w>
      <t>832</t>
    </point>
    <point>
      <x>0.48666668</x>
      <y>0.31833333</y>
      <w>0.52981424</w>
      <t>834</t>
    </point>
    <point>
      <x>0.485</x>
      <y>0.32666665</y>
      <w>0.52981424</w>
      <t>834</t>
    </point>
    <point>
      <x>0.48333332</x>
      <y>0.33666667</y>
      <w>0.57087</w>
      <t>866</t>
    </point>
    <point>
      <x>0.48</x>
      <y>0.34666666</y>
      <w>0.57087</w>
      <t>866</t>
    </point>
    <point>
      <x>0.47666666</x>
      <y>0.35666665</y>
      <w>0.57087</w>
      <t>866</t>
    </point>
    <point>
      <x>0.475</x>
      <y>0.36833334</y>
      <w>0.57087</w>
      <t>866</t>
    </point>
    <point>
      <x>0.47166666</x>
      <y>0.38</y>
      <w>0.57087</w>
      <t>867</t>
    </point>
    <point>
      <x>0.46666667</x>
      <y>0.39333335</y>
      <w>0.5982405</w>
      <t>899</t>
    </point>
    <point>
      <x>0.46333334</x>
      <y>0.40833333</y>
      <w>0.5982405</w>
      <t>899</t>
    </point>
    <point>
      <x>0.46</x>
      <y>0.42333335</y>
      <w>0.5982405</w>
      <t>899</t>
    </point>
    <point>
      <x>0.45666668</x>
      <y>0.44</y>
      <w>0.5982405</w>
      <t>899</t>
    </point>
    <point>
      <x>0.45333335</x>
      <y>0.45666668</y>
      <w>0.6217009</w>
      <t>933</t>
    </point>
    <point>
      <x>0.45</x>
      <y>0.47333333</y>
      <w>0.6217009</w>
      <t>933</t>
    </point>
    <point>
      <x>0.44666666</x>
      <y>0.49</y>
      <w>0.6217009</w>
      <t>933</t>
    </point>
    <point>
      <x>0.44333333</x>
      <y>0.50666666</y>
      <w>0.6217009</w>
      <t>933</t>
    </point>
    <point>
      <x>0.44</x>
      <y>0.52166665</y>
      <w>0.6392962</w>
      <t>966</t>
    </point>
    <point>
      <x>0.43666667</x>
      <y>0.53833336</y>
      <w>0.6392962</w>
      <t>966</t>
    </point>
    <point>
      <x>0.43333334</x>
      <y>0.55333334</y>
      <w>0.6392962</w>
      <t>966</t>
    </point>
    <point>
      <x>0.43</x>
      <y>0.5683333</y>
      <w>0.6392962</w>
      <t>966</t>
    </point>
    <point>
      <x>0.42666668</x>
      <y>0.58166665</y>
      <w>0.6392962</w>
      <t>967</t>
    </point>
    <point>
      <x>0.425</x>
      <y>0.595</y>
      <w>0.6451613</w>
      <t>999</t>
    </point>
    <point>
      <x>0.42333335</x>
      <y>0.60833335</y>
      <w>0.6451613</w>
      <t>999</t>
    </point>
    <point>
      <x>0.42166665</x>
      <y>0.61833334</y>
      <w>0.6451613</w>
      <t>999</t>
    </point>
    <point>
      <x>0.42</x>
      <y>0.63</y>
      <w>0.6451613</w>
      <t>999</t>
    </point>
    <point>
      <x>0.41833332</x>
      <y>0.64</y>
      <w>0.64320624</w>
      <t>1032</t>
    </point>
    <point>
      <x>0.41833332</x>
      <y>0.64666665</y>
      <w>0.64320624</w>
      <t>1032</t>
    </point>
    <point>
      <x>0.41666666</x>
      <y>0.6533333</y>
      <w>0.64320624</w>
      <t>1032</t>
    </point>
    <point>
      <x>0.41666666</x>
      <y>0.66</y>
      <w>0.64320624</w>
      <t>1032</t>
    </point>
    <point>
      <x>0.41666666</x>
      <y>0.66333336</y>
      <w>0.64320624</w>
      <t>1032</t>
    </point>
    <point>
      <x>0.41666666</x>
      <y>0.6666667</y>
      <w>0.6177908</w>
      <t>1066</t>
    </point>
    <point>
      <x>0.41666666</x>
      <y>0.66833335</y>
      <w>0.6177908</w>
      <t>1066</t>
    </point>
    <point>
      <x>0.41666666</x>
      <y>0.67</y>
      <w>0.6177908</w>
      <t>1066</t>
    </point>
    <point>
      <x>0.41666666</x>
      <y>0.66833335</y>
      <w>0.34701857</w>
      <t>1133</t>
    </point>
    <point>
      <x>0.41666666</x>
      <y>0.665</y>
      <w>0.34701857</w>
      <t>1133</t>
    </point>
    <point>
      <x>0.41666666</x>
      <y>0.6616667</y>
      <w>0.34701857</w>
      <t>1133</t>
    </point>
    <point>
      <x>0.41833332</x>
      <y>0.65833336</y>
      <w>0.34701857</w>
      <t>1133</t>
    </point>
    <point>
      <x>0.41833332</x>
      <y>0.655</y>
      <w>0.2062561</w>
      <t>1166</t>
    </point>
    <point>
      <x>0.42</x>
      <y>0.65</y>
      <w>0.2062561</w>
      <t>1166</t>
    </point>
    <point>
      <x>0.42166665</x>
      <y>0.6433333</y>
      <w>0.2062561</w>
      <t>1166</t>
    </point>
    <point>
      <x>0.42166665</x>
      <y>0.6383333</y>
      <w>0.2062561</w>
      <t>1166</t>
    </point>
    <point>
      <x>0.42333335</x>
      <y>0.63166666</y>
      <w>0.2062561</w>
      <t>1167</t>
    </point>
    <point>
      <x>0.42333335</x>
      <y>0.625</y>
      <w>0.012707722</w>
      <t>1199</t>
    </point>
    <point>
      <x>0.425</x>
      <y>0.62</y>
      <w>0.012707722</w>
      <t>1199</t>
    </point>
  </stroke>
  <stroke time="1299">
    <point>
      <x>0.43666667</x>
      <y>0.55333334</y>
      <w>0.017595308</w>
      <t>1299</t>
    </point>
    <point>
      <x>0.43833333</x>
      <y>0.55</y>
      <w>0.07722385</w>
      <t>1333</t>
    </point>
    <point>
      <x>0.44166666</x>
      <y>0.5466667</y>
      <w>0.07722385</w>
      <t>1333</t>
    </point>
    <point>
      <x>0.44333333</x>
      <y>0.5416667</y>
      <w>0.07722385</w>
      <t>1333</t>
    </point>
    <point>
      <x>0.44666666</x>
      <y>0.53833336</y>
      <w>0.07722385</w>
      <t>1333</t>
    </point>
    <point>
      <x>0.44833332</x>
      <y>0.53333336</y>
      <w>0.07722385</w>
      <t>1333</t>
    </point>
    <point>
      <x>0.45166665</x>
      <y>0.5283333</y>
      <w>0.08993158</w>
      <t>1366</t>
    </point>
    <point>
      <x>0.455</x>
      <y>0.525</y>
      <w>0.08993158</w>
      <t>1366</t>
    </point>
    <point>
      <x>0.45666668</x>
      <y>0.52</y>
      <w>0.08993158</w>
      <t>1366</t>
    </point>
    <point>
      <x>0.46</x>
      <y>0.51666665</y>
      <w>0.08993158</w>
      <t>1366</t>
    </point>
    <point>
      <x>0.46166667</x>
      <y>0.5133333</y>
      <w>0.10459433</w>
      <t>1399</t>
    </point>
    <point>
      <x>0.465</x>
      <y>0.51</y>
      <w>0.10459433</w>
      <t>1399</t>
    </point>
    <point>
      <x>0.46666667</x>
      <y>0.50666666</y>
      <w>0.10459433</w>
      <t>1399</t>
    </point>
    <point>
      <x>0.47</x>
      <y>0.50333333</y>
      <w>0.10459433</w>
      <t>1399</t>
    </point>
    <point>
      <x>0.47166666</x>
      <y>0.5</y>
      <w>0.11827957</w>
      <t>1433</t>
    </point>
    <point>
      <x>0.475</x>
      <y>0.49666667</y>
      <w>0.11827957</w>
      <t>1433</t>
    </point>
    <point>
      <x>0.47666666</x>
      <y>0.49333334</y>
      <w>0.11827957</w>
      <t>1433</t>
    </point>
    <point>
      <x>0.48</x>
      <y>0.49</y>
      <w>0.11827957</w>
      <t>1433</t>
    </point>
    <point>
      <x>0.48333332</x>
      <y>0.48666668</y>
      <w>0.11827957</w>
      <t>1433</t>
    </point>
    <point>
      <x>0.485</x>
      <y>0.485</y>
      <w>0.13294233</w>
      <t>1466</t>
    </point>
    <point>
      <x>0.48833334</x>
      <y>0.48166665</y>
      <w>0.16129032</w>
      <t>1466</t>
    </point>
    <point>
      <x>0.49166667</x>
      <y>0.48</y>
      <w>0.16129032</w>
      <t>1466</t>
    </point>
    <point>
      <x>0.49333334</x>
      <y>0.47833332</y>
      <w>0.16129032</w>
      <t>1466</t>
    </point>
    <point>
      <x>0.49666667</x>
      <y>0.47666666</y>
      <w>0.16129032</w>
      <t>1466</t>
    </point>
    <point>
      <x>0.5</x>
      <y>0.475</y>
      <w>0.18475074</w>
      <t>1499</t>
    </point>
    <point>
      <x>0.50333333</x>
      <y>0.475</y>
      <w>0.18475074</w>
      <t>1499</t>
    </point>
    <point>
      <x>0.50666666</x>
      <y>0.47333333</y>
      <w>0.18475074</w>
      <t>1499</t>
    </point>
    <point>
      <x>0.51166666</x>
      <y>0.47166666</y>
      <w>0.18475074</w>
      <t>1499</t>
    </point>
    <point>
      <x>0.515</x>
      <y>0.47166666</y>
      <w>0.19648094</w>
      <t>1533</t>
    </point>
    <point>
      <x>0.5183333</x>
      <y>0.47166666</y>
      <w>0.19648094</w>
      <t>1533</t>
    </point>
    <point>
      <x>0.52166665</x>
      <y>0.47</y>
      <w>0.19648094</w>
      <t>1533</t>
    </point>
    <point>
      <x>0.525</x>
      <y>0.47</y>
      <w>0.19648094</w>
      <t>1533</t>
    </point>
    <point>
      <x>0.5283333</x>
      <y>0.47</y>
      <w>0.23167156</w>
      <t>1566</t>
    </point>
    <point>
      <x>0.53</x>
      <y>0.47</y>
      <w>0.23167156</w>
      <t>1566</t>
    </point>
    <point>
      <x>0.53333336</x>
      <y>0.47</y>
      <w>0.23167156</w>
      <t>1566</t>
    </point>
    <point>
      <x>0.5366667</x>
      <y>0.47</y>
      <w>0.23167156</w>
      <t>1566</t>
    </point>
    <point>
      <x>0.53833336</x>
      <y>0.47</y>
      <w>0.23167156</w>
      <t>1566</t>
    </point>
    <point>
      <x>0.5416667</x>
      <y>0.47166666</y>
      <w>0.2629521</w>
      <t>1600</t>
    </point>
    <point>
      <x>0.54333335</x>
      <y>0.47166666</y>
      <w>0.2629521</w>
      <t>1600</t>
    </point>
    <point>
      <x>0.5466667</x>
      <y>0.47166666</y>
      <w>0.2629521</w>
      <t>1600</t>
    </point>
    <point>
      <x>0.54833335</x>
      <y>0.47166666</y>
      <w>0.2629521</w>
      <t>1600</t>
    </point>
    <point>
      <x>0.55</x>
      <y>0.47333333</y>
      <w>0.31280547</w>
      <t>1633</t>
    </point>
    <point>
      <x>0.55333334</x>
      <y>0.475</y>
      <w>0.31280547</w>
      <t>1633</t>
    </point>
    <point>
      <x>0.555</x>
      <y>0.475</y>
      <w>0.31280547</w>
      <t>1633</t>
    </point>
    <point>
      <x>0.5566667</x>
      <y>0.47666666</y>
      <w>0.31280547</w>
      <t>1633</t>
    </point>
    <point>
      <x>0.56</x>
      <y>0.47833332</y>
      <w>0.31280547</w>
      <t>1633</t>
    </point>
    <point>
      <x>0.56166667</x>
      <y>0.48</y>
      <w>0.3548387</w>
      <t>1666</t>
    </point>
    <point>
      <x>0.56333333</x>
      <y>0.48166665</y>
      <w>0.3548387</w>
      <t>1666</t>
    </point>
    <point>
      <x>0.565</x>
      <y>0.48333332</y>
      <w>0.3548387</w>
      <t>1666</t>
    </point>
    <point>
      <x>0.56666666</x>
      <y>0.485</y>
      <w>0.3548387</w>
      <t>1666</t>
    </point>
    <point>
      <x>0.5683333</x>
      <y>0.48666668</y>
      <w>0.3714565</w>
      <t>1700</t>
    </point>
    <point>
      <x>0.57</x>
      <y>0.48833334</y>
      <w>0.3714565</w>
      <t>1700</t>
    </point>
    <point>
      <x>0.57166666</x>
      <y>0.49</y>
      <w>0.3714565</w>
      <t>1700</t>
    </point>
    <point>
      <x>0.57166666</x>
      <y>0.49333334</y>
      <w>0.3714565</w>
      <t>1700</t>
    </point>
    <point>
      <x>0.5733333</x>
      <y>0.495</y>
      <w>0.3714565</w>
      <t>1700</t>
    </point>
    <point>
      <x>0.5733333</x>
      <y>0.49833333</y>
      <w>0.39589444</w>
      <t>1733</t>
    </point>
    <point>
      <x>0.5733333</x>
      <y>0.5</y>
      <w>0.39589444</w>
      <t>1733</t>
    </point>
    <point>
      <x>0.575</x>
      <y>0.50333333</y>
      <w>0.39589444</w>
      <t>1733</t>
    </point>
    <point>
      <x>0.575</x>
      <y>0.50666666</y>
      <w>0.39589444</w>
      <t>1733</t>
    </point>
    <point>
      <x>0.575</x>
      <y>0.5083333</y>
      <w>0.41642228</w>
      <t>1766</t>
    </point>
    <point>
      <x>0.575</x>
      <y>0.51166666</y>
      <w>0.41642228</w>
      <t>1766</t>
    </point>
    <point>
      <x>0.575</x>
      <y>0.515</y>
      <w>0.41642228</w>
      <t>1766</t>
    </point>
    <point>
      <x>0.575</x>
      <y>0.5183333</y>
      <w>0.41642228</w>
      <t>1766</t>
    </point>
    <point>
      <x>0.575</x>
      <y>0.52166665</y>
      <w>0.41642228</w>
      <t>1766</t>
    </point>
    <point>
      <x>0.575</x>
      <y>0.525</y>
      <w>0.43010753</w>
      <t>1800</t>
    </point>
    <point>
      <x>0.575</x>
      <y>0.5283333</y>
      <w>0.43010753</w>
      <t>1800</t>
    </point>
    <point>
      <x>0.575</x>
      <y>0.5316667</y>
      <w>0.43010753</w>
      <t>1800</t>
    </point>
    <point>
      <x>0.575</x>
      <y>0.535</y>
      <w>0.43010753</w>
      <t>1800</t>
    </point>
    <point>
      <x>0.575</x>
      <y>0.54</y>
      <w>0.4398827</w>
      <t>1833</t>
    </point>
    <point>
      <x>0.5733333</x>
      <y>0.54333335</y>
      <w>0.4398827</w>
      <t>1833</t>
    </point>
    <point>
      <x>0.57166666</x>
      <y>0.5466667</y>
      <w>0.4398827</w>
      <t>1833</t>
    </point>
    <point>
      <x>0.57166666</x>
      <y>0.5516667</y>
      <w>0.4398827</w>
      <t>1833</t>
    </point>
    <point>
      <x>0.57</x>
      <y>0.555</y>
      <w>0.4623656</w>
      <t>1866</t>
    </point>
    <point>
      <x>0.5683333</x>
      <y>0.55833334</y>
      <w>0.4623656</w>
      <t>1866</t>
    </point>
    <point>
      <x>0.56666666</x>
      <y>0.56166667</y>
      <w>0.4623656</w>
      <t>1866</t>
    </point>
    <point>
      <x>0.565</x>
      <y>0.565</y>
      <w>0.4623656</w>
      <t>1866</t>
    </point>
    <point>
      <x>0.56166667</x>
      <y>0.5683333</y>
      <w>0.4623656</w>
      <t>1866</t>
    </point>
    <point>
      <x>0.56</x>
      <y>0.5733333</y>
      <w>0.4692082</w>
      <t>1899</t>
    </point>
    <point>
      <x>0.5566667</x>
      <y>0.575</y>
      <w>0.4692082</w>
      <t>1899</t>
    </point>
    <point>
      <x>0.555</x>
      <y>0.5783333</y>
      <w>0.4692082</w>
      <t>1899</t>
    </point>
    <point>
      <x>0.5516667</x>
      <y>0.5833333</y>
      <w>0.4692082</w>
      <t>1899</t>
    </point>
    <point>
      <x>0.54833335</x>
      <y>0.58666664</y>
      <w>0.4682307</w>
      <t>1933</t>
    </point>
    <point>
      <x>0.54333335</x>
      <y>0.59166664</y>
      <w>0.4682307</w>
      <t>1933</t>
    </point>
    <point>
      <x>0.54</x>
      <y>0.5966667</y>
      <w>0.4682307</w>
      <t>1933</t>
    </point>
    <point>
      <x>0.535</x>
      <y>0.6016667</y>
      <w>0.4682307</w>
      <t>1933</t>
    </point>
    <point>
      <x>0.53</x>
      <y>0.605</y>
      <w>0.4682307</w>
      <t>1933</t>
    </point>
    <point>
      <x>0.525</x>
      <y>0.61</y>
      <w>0.4565005</w>
      <t>1966</t>
    </point>
    <point>
      <x>0.5183333</x>
      <y>0.61333334</y>
      <w>0.4565005</w>
      <t>1966</t>
    </point>
    <point>
      <x>0.5133333</x>
      <y>0.6166667</y>
      <w>0.4565005</w>
      <t>1966</t>
    </point>
    <point>
      <x>0.50666666</x>
      <y>0.62</y>
      <w>0.4565005</w>
      <t>1966</t>
    </point>
    <point>
      <x>0.5</x>
      <y>0.62333333</y>
      <w>0.3998045</w>
      <t>1999</t>
    </point>
    <point>
      <x>0.495</x>
      <y>0.62833333</y>
      <w>0.3998045</w>
      <t>1999</t>
    </point>
    <point>
      <x>0.48833334</x>
      <y>0.63</y>
      <w>0.3998045</w>
      <t>1999</t>
    </point>
    <point>
      <x>0.48166665</x>
      <y>0.6333333</y>
      <w>0.3998045</w>
      <t>1999</t>
    </point>
    <point>
      <x>0.47666666</x>
      <y>0.63666666</y>
      <w>0.3998045</w>
      <t>1999</t>
    </point>
    <point>
      <x>0.47</x>
      <y>0.64</y>
      <w>0.18670577</w>
      <t>2033</t>
    </point>
    <point>
      <x>0.465</x>
      <y>0.64166665</y>
      <w>0.18670577</w>
      <t>2033</t>
    </point>
    <point>
      <x>0.46166667</x>
      <y>0.6433333</y>
      <w>0.18670577</w>
      <t>2033</t>
    </point>
  </stroke>
  <stroke time="2866">
    <point>
      <x>0.27833334</x>
      <y>0.55333334</y>
      <w>0.114369504</w>
      <t>2866</t>
    </point>
    <point>
      <x>0.27833334</x>
      <y>0.555</y>
      <w>0.21603128</w>
      <t>2900</t>
    </point>
    <point>
      <x>0.27833334</x>
      <y>0.55833334</y>
      <w>0.21603128</w>
      <t>2900</t>
    </point>
    <point>
      <x>0.27666667</x>
      <y>0.56</y>
      <w>0.21603128</w>
      <t>2900</t>
    </point>
    <point>
      <x>0.27666667</x>
      <y>0.56333333</y>
      <w>0.21603128</w>
      <t>2900</t>
    </point>
    <point>
      <x>0.27666667</x>
      <y>0.56666666</y>
      <w>0.21603128</w>
      <t>2900</t>
    </point>
    <point>
      <x>0.275</x>
      <y>0.57</y>
      <w>0.3147605</w>
      <t>2933</t>
    </point>
    <point>
      <x>0.275</x>
      <y>0.575</y>
      <w>0.3147605</w>
      <t>2933</t>
    </point>
    <point>
      <x>0.27333334</x>
      <y>0.5783333</y>
      <w>0.3147605</w>
      <t>2933</t>
    </point>
    <point>
      <x>0.27333334</x>
      <y>0.58166665</y>
      <w>0.3147605</w>
      <t>2933</t>
    </point>
    <point>
      <x>0.27166668</x>
      <y>0.585</y>
      <w>0.43597263</w>
      <t>2966</t>
    </point>
    <point>
      <x>0.27166668</x>
      <y>0.59</y>
      <w>0.43597263</w>
      <t>2966</t>
    </point>
    <point>
      <x>0.27</x>
      <y>0.595</y>
      <w>0.43597263</w>
      <t>2966</t>
    </point>
    <point>
      <x>0.26833335</x>
      <y>0.6</y>
      <w>0.43597263</w>
      <t>2966</t>
    </point>
    <point>
      <x>0.26833335</x>
      <y>0.605</y>
      <w>0.43597263</w>
      <t>2966</t>
    </point>
    <point>
      <x>0.26666668</x>
      <y>0.61</y>
      <w>0.516129</w>
      <t>3000</t>
    </point>
    <point>
      <x>0.265</x>
      <y>0.615</y>
      <w>0.516129</w>
      <t>3000</t>
    </point>
    <point>
      <x>0.265</x>
      <y>0.62166667</y>
      <w>0.516129</w>
      <t>3000</t>
    </point>
    <point>
      <x>0.265</x>
      <y>0.625</y>
      <w>0.516129</w>
      <t>3000</t>
    </point>
    <point>
      <x>0.26333332</x>
      <y>0.63</y>
      <w>0.5581623</w>
      <t>3033</t>
    </point>
    <point>
      <x>0.26333332</x>
      <y>0.635</y>
      <w>0.5581623</w>
      <t>3033</t>
    </point>
    <point>
      <x>0.26333332</x>
      <y>0.64</y>
      <w>0.5581623</w>
      <t>3033</t>
    </point>
    <point>
      <x>0.26333332</x>
      <y>0.645</y>
      <w>0.5581623</w>
      <t>3033</t>
    </point>
    <point>
      <x>0.26333332</x>
      <y>0.6483333</y>
      <w>0.5777126</w>
      <t>3066</t>
    </point>
    <point>
      <x>0.26333332</x>
      <y>0.6533333</y>
      <w>0.5777126</w>
      <t>3066</t>
    </point>
    <point>
      <x>0.26333332</x>
      <y>0.65833336</y>
      <w>0.5777126</w>
      <t>3066</t>
    </point>
    <point>
      <x>0.26333332</x>
      <y>0.66333336</y>
      <w>0.5777126</w>
      <t>3066</t>
    </point>
    <point>
      <x>0.26333332</x>
      <y>0.6666667</y>
      <w>0.5777126</w>
      <t>3066</t>
    </point>
    <point>
      <x>0.265</x>
      <y>0.6716667</y>
      <w>0.597263</w>
      <t>3099</t>
    </point>
    <point>
      <x>0.26666668</x>
      <y>0.675</y>
      <w>0.597263</w>
      <t>3099</t>
    </point>
    <point>
      <x>0.26833335</x>
      <y>0.67833334</y>
      <w>0.597263</w>
      <t>3099</t>
    </point>
    <point>
      <x>0.27</x>
      <y>0.6816667</y>
      <w>0.597263</w>
      <t>3099</t>
    </point>
    <point>
      <x>0.27166668</x>
      <y>0.685</y>
      <w>0.5982405</w>
      <t>3133</t>
    </point>
    <point>
      <x>0.27166668</x>
      <y>0.68833333</y>
      <w>0.5982405</w>
      <t>3133</t>
    </point>
    <point>
      <x>0.275</x>
      <y>0.69166666</y>
      <w>0.5982405</w>
      <t>3133</t>
    </point>
    <point>
      <x>0.27666667</x>
      <y>0.695</y>
      <w>0.5982405</w>
      <t>3133</t>
    </point>
    <point>
      <x>0.27833334</x>
      <y>0.6983333</y>
      <w>0.5982405</w>
      <t>3133</t>
    </point>
    <point>
      <x>0.28</x>
      <y>0.70166665</y>
      <w>0.59433043</w>
      <t>3166</t>
    </point>
    <point>
      <x>0.28166667</x>
      <y>0.705</y>
      <w>0.59433043</w>
      <t>3166</t>
    </point>
    <point>
      <x>0.28333333</x>
      <y>0.7083333</y>
      <w>0.59433043</w>
      <t>3166</t>
    </point>
    <point>
      <x>0.28666666</x>
      <y>0.71</y>
      <w>0.59433043</w>
      <t>3166</t>
    </point>
    <point>
      <x>0.28833333</x>
      <y>0.7133333</y>
      <w>0.59237534</w>
      <t>3199</t>
    </point>
    <point>
      <x>0.29</x>
      <y>0.715</y>
      <w>0.59237534</w>
      <t>3199</t>
    </point>
    <point>
      <x>0.29166666</x>
      <y>0.71666664</y>
      <w>0.59237534</w>
      <t>3199</t>
    </point>
    <point>
      <x>0.295</x>
      <y>0.7183333</y>
      <w>0.59237534</w>
      <t>3199</t>
    </point>
    <point>
      <x>0.29666665</x>
      <y>0.72</y>
      <w>0.59237534</w>
      <t>3199</t>
    </point>
    <point>
      <x>0.29833335</x>
      <y>0.7216667</y>
      <w>0.59530795</w>
      <t>3233</t>
    </point>
    <point>
      <x>0.3</x>
      <y>0.72333336</y>
      <w>0.59530795</w>
      <t>3233</t>
    </point>
    <point>
      <x>0.30166668</x>
      <y>0.725</y>
      <w>0.59530795</w>
      <t>3233</t>
    </point>
    <point>
      <x>0.30333334</x>
      <y>0.7266667</y>
      <w>0.59530795</w>
      <t>3233</t>
    </point>
    <point>
      <x>0.305</x>
      <y>0.72833335</y>
      <w>0.5913978</w>
      <t>3266</t>
    </point>
    <point>
      <x>0.30666667</x>
      <y>0.72833335</y>
      <w>0.5913978</w>
      <t>3266</t>
    </point>
    <point>
      <x>0.31</x>
      <y>0.73</y>
      <w>0.5913978</w>
      <t>3266</t>
    </point>
    <point>
      <x>0.31166667</x>
      <y>0.7316667</y>
      <w>0.5913978</w>
      <t>3266</t>
    </point>
    <point>
      <x>0.31333333</x>
      <y>0.73333335</y>
      <w>0.5913978</w>
      <t>3266</t>
    </point>
    <point>
      <x>0.31666666</x>
      <y>0.73333335</y>
      <w>0.5884653</w>
      <t>3300</t>
    </point>
    <point>
      <x>0.31833333</x>
      <y>0.735</y>
      <w>0.5884653</w>
      <t>3300</t>
    </point>
    <point>
      <x>0.32166666</x>
      <y>0.7366667</y>
      <w>0.5884653</w>
      <t>3300</t>
    </point>
    <point>
      <x>0.325</x>
      <y>0.73833334</y>
      <w>0.5884653</w>
      <t>3300</t>
    </point>
    <point>
      <x>0.32833335</x>
      <y>0.73833334</y>
      <w>0.59237534</w>
      <t>3333</t>
    </point>
    <point>
      <x>0.33</x>
      <y>0.74</y>
      <w>0.59237534</w>
      <t>3333</t>
    </point>
    <point>
      <x>0.33333334</x>
      <y>0.7416667</y>
      <w>0.59237534</w>
      <t>3333</t>
    </point>
    <point>
      <x>0.33666667</x>
      <y>0.74333334</y>
      <w>0.59237534</w>
      <t>3333</t>
    </point>
    <point>
      <x>0.34</x>
      <y>0.74333334</y>
      <w>0.5913978</w>
      <t>3366</t>
    </point>
    <point>
      <x>0.34333333</x>
      <y>0.745</y>
      <w>0.5913978</w>
      <t>3366</t>
    </point>
    <point>
      <x>0.34833333</x>
      <y>0.74666667</y>
      <w>0.5913978</w>
      <t>3366</t>
    </point>
    <point>
      <x>0.35166666</x>
      <y>0.74666667</y>
      <w>0.5913978</w>
      <t>3366</t>
    </point>
    <point>
      <x>0.35666665</x>
      <y>0.74833333</y>
      <w>0.5913978</w>
      <t>3366</t>
    </point>
    <point>
      <x>0.36166668</x>
      <y>0.74833333</y>
      <w>0.5884653</w>
      <t>3399</t>
    </point>
    <point>
      <x>0.365</x>
      <y>0.74833333</y>
      <w>0.5884653</w>
      <t>3399</t>
    </point>
    <point>
      <x>0.37</x>
      <y>0.75</y>
      <w>0.5884653</w>
      <t>3399</t>
    </point>
    <point>
      <x>0.375</x>
      <y>0.75</y>
      <w>0.5884653</w>
      <t>3399</t>
    </point>
    <point>
      <x>0.38</x>
      <y>0.75</y>
      <w>0.58651024</w>
      <t>3433</t>
    </point>
    <point>
      <x>0.385</x>
      <y>0.75</y>
      <w>0.58651024</w>
      <t>3433</t>
    </point>
    <point>
      <x>0.39166668</x>
      <y>0.75</y>
      <w>0.58651024</w>
      <t>3433</t>
    </point>
    <point>
      <x>0.39666668</x>
      <y>0.75</y>
      <w>0.58651024</w>
      <t>3433</t>
    </point>
    <point>
      <x>0.40333334</x>
      <y>0.75</y>
      <w>0.58651024</w>
      <t>3433</t>
    </point>
    <point>
      <x>0.40833333</x>
      <y>0.75</y>
      <w>0.5826002</w>
      <t>3466</t>
    </point>
    <point>
      <x>0.415</x>
      <y>0.75</y>
      <w>0.5826002</w>
      <t>3466</t>
    </point>
    <point>
      <x>0.42166665</x>
      <y>0.74833333</y>
      <w>0.5826002</w>
      <t>3466</t>
    </point>
    <point>
      <x>0.42833334</x>
      <y>0.74833333</y>
      <w>0.5826002</w>
      <t>3466</t>
    </point>
    <point>
      <x>0.435</x>
      <y>0.74666667</y>
      <w>0.56989247</w>
      <t>3499</t>
    </point>
    <point>
      <x>0.44166666</x>
      <y>0.745</y>
      <w>0.56989247</w>
      <t>3499</t>
    </point>
    <point>
      <x>0.44833332</x>
      <y>0.74333334</y>
      <w>0.56989247</w>
      <t>3499</t>
    </point>
    <point>
      <x>0.455</x>
      <y>0.7416667</y>
      <w>0.56989247</w>
      <t>3499</t>
    </point>
    <point>
      <x>0.46333334</x>
      <y>0.74</y>
      <w>0.56989247</w>
      <t>3499</t>
    </point>
    <point>
      <x>0.47</x>
      <y>0.73833334</y>
      <w>0.56402737</w>
      <t>3533</t>
    </point>
    <point>
      <x>0.47666666</x>
      <y>0.7366667</y>
      <w>0.56402737</w>
      <t>3533</t>
    </point>
    <point>
      <x>0.485</x>
      <y>0.73333335</y>
      <w>0.56402737</w>
      <t>3533</t>
    </point>
    <point>
      <x>0.49333334</x>
      <y>0.7316667</y>
      <w>0.56402737</w>
      <t>3533</t>
    </point>
    <point>
      <x>0.50166667</x>
      <y>0.72833335</y>
      <w>0.5532747</w>
      <t>3566</t>
    </point>
    <point>
      <x>0.51</x>
      <y>0.7266667</y>
      <w>0.5532747</w>
      <t>3566</t>
    </point>
    <point>
      <x>0.52</x>
      <y>0.72333336</y>
      <w>0.5532747</w>
      <t>3566</t>
    </point>
    <point>
      <x>0.5283333</x>
      <y>0.72</y>
      <w>0.5532747</w>
      <t>3566</t>
    </point>
    <point>
      <x>0.5366667</x>
      <y>0.71666664</y>
      <w>0.5532747</w>
      <t>3566</t>
    </point>
    <point>
      <x>0.545</x>
      <y>0.7133333</y>
      <w>0.5434995</w>
      <t>3599</t>
    </point>
    <point>
      <x>0.55333334</x>
      <y>0.71</y>
      <w>0.5434995</w>
      <t>3599</t>
    </point>
    <point>
      <x>0.56333333</x>
      <y>0.70666665</y>
      <w>0.5434995</w>
      <t>3599</t>
    </point>
    <point>
      <x>0.57166666</x>
      <y>0.7033333</y>
      <w>0.5434995</w>
      <t>3599</t>
    </point>
    <point>
      <x>0.58</x>
      <y>0.7</y>
      <w>0.51808405</w>
      <t>3633</t>
    </point>
    <point>
      <x>0.5883333</x>
      <y>0.69666666</y>
      <w>0.51808405</w>
      <t>3633</t>
    </point>
    <point>
      <x>0.5966667</x>
      <y>0.6933333</y>
      <w>0.51808405</w>
      <t>3633</t>
    </point>
    <point>
      <x>0.605</x>
      <y>0.69</y>
      <w>0.51808405</w>
      <t>3633</t>
    </point>
    <point>
      <x>0.61333334</x>
      <y>0.68666667</y>
      <w>0.47702834</w>
      <t>3666</t>
    </point>
    <point>
      <x>0.62166667</x>
      <y>0.68333334</y>
      <w>0.47702834</w>
      <t>3666</t>
    </point>
    <point>
      <x>0.63</x>
      <y>0.68</y>
      <w>0.47702834</w>
      <t>3666</t>
    </point>
    <point>
      <x>0.6383333</x>
      <y>0.675</y>
      <w>0.47702834</w>
      <t>3666</t>
    </point>
    <point>
      <x>0.64666665</x>
      <y>0.6716667</y>
      <w>0.47702834</w>
      <t>3666</t>
    </point>
    <point>
      <x>0.6533333</x>
      <y>0.6666667</y>
      <w>0.19061583</w>
      <t>3699</t>
    </point>
    <point>
      <x>0.6616667</x>
      <y>0.66333336</y>
      <w>0.19061583</w>
      <t>3699</t>
    </point>
    <point>
      <x>0.67</x>
      <y>0.65833336</y>
      <w>0.19061583</w>
      <t>3699</t>
    </point>
    <point>
      <x>0.6766667</x>
      <y>0.655</y>
      <w>0.19061583</w>
      <t>3699</t>
    </point>
  </stroke>
</character>
