<?xml version="1.0" encoding="UTF-8"?>
<character>
  <stroke time="0">
    <point>
      <x>0.3</x>
      <y>0.26166666</y>
      <w>0.41935483</w>
      <t>70</t>
    </point>
    <point>
      <x>0.30166668</x>
      <y>0.26333332</y>
      <w>0.41935483</w>
      <t>70</t>
    </point>
    <point>
      <x>0.30333334</x>
      <y>0.265</y>
      <w>0.41935483</w>
      <t>71</t>
    </point>
    <point>
      <x>0.305</x>
      <y>0.265</y>
      <w>0.5483871</w>
      <t>100</t>
    </point>
    <point>
      <x>0.305</x>
      <y>0.26666668</y>
      <w>0.5483871</w>
      <t>100</t>
    </point>
    <point>
      <x>0.30666667</x>
      <y>0.26833335</y>
      <w>0.5483871</w>
      <t>100</t>
    </point>
    <point>
      <x>0.30833334</x>
      <y>0.26833335</y>
      <w>0.63734114</w>
      <t>134</t>
    </point>
    <point>
      <x>0.31</x>
      <y>0.27</y>
      <w>0.63734114</w>
      <t>134</t>
    </point>
    <point>
      <x>0.31166667</x>
      <y>0.27</y>
      <w>0.63734114</w>
      <t>134</t>
    </point>
    <point>
      <x>0.31333333</x>
      <y>0.27166668</y>
      <w>0.63734114</w>
      <t>135</t>
    </point>
    <point>
      <x>0.315</x>
      <y>0.27333334</y>
      <w>0.6969697</w>
      <t>167</t>
    </point>
    <point>
      <x>0.31666666</x>
      <y>0.275</y>
      <w>0.6969697</w>
      <t>167</t>
    </point>
    <point>
      <x>0.31833333</x>
      <y>0.27666667</y>
      <w>0.6969697</w>
      <t>167</t>
    </point>
    <point>
      <x>0.32</x>
      <y>0.27666667</y>
      <w>0.73216033</w>
      <t>200</t>
    </point>
    <point>
      <x>0.32</x>
      <y>0.27833334</y>
      <w>0.73216033</w>
      <t>200</t>
    </point>
    <point>
      <x>0.32166666</x>
      <y>0.27833334</y>
      <w>0.73216033</w>
      <t>200</t>
    </point>
    <point>
      <x>0.32166666</x>
      <y>0.28</y>
      <w>0.73216033</w>
      <t>201</t>
    </point>
    <point>
      <x>0.32333332</x>
      <y>0.28166667</y>
      <w>0.73216033</w>
      <t>201</t>
    </point>
    <point>
      <x>0.325</x>
      <y>0.28333333</y>
      <w>0.75855327</w>
      <t>234</t>
    </point>
    <point>
      <x>0.325</x>
      <y>0.285</y>
      <w>0.75855327</w>
      <t>234</t>
    </point>
    <point>
      <x>0.32666665</x>
      <y>0.285</y>
      <w>0.75855327</w>
      <t>236</t>
    </point>
    <point>
      <x>0.32666665</x>
      <y>0.28666666</y>
      <w>0.7937439</w>
      <t>267</t>
    </point>
    <point>
      <x>0.32833335</x>
      <y>0.29</y>
      <w>0.7937439</w>
      <t>267</t>
    </point>
    <point>
      <x>0.32833335</x>
      <y>0.29166666</y>
      <w>0.7937439</w>
      <t>267</t>
    </point>
    <point>
      <x>0.33</x>
      <y>0.295</y>
      <w>0.7937439</w>
      <t>268</t>
    </point>
    <point>
      <x>0.33</x>
      <y>0.29833335</y>
      <w>0.7937439</w>
      <t>268</t>
    </point>
    <point>
      <x>0.33166668</x>
      <y>0.3</y>
      <w>0.8250244</w>
      <t>301</t>
    </point>
    <point>
      <x>0.33166668</x>
      <y>0.30333334</y>
      <w>0.8250244</w>
      <t>301</t>
    </point>
    <point>
      <x>0.33333334</x>
      <y>0.30666667</y>
      <w>0.8250244</w>
      <t>301</t>
    </point>
    <point>
      <x>0.33333334</x>
      <y>0.30833334</y>
      <w>0.8250244</w>
      <t>302</t>
    </point>
    <point>
      <x>0.33333334</x>
      <y>0.31166667</y>
      <w>0.8426197</w>
      <t>334</t>
    </point>
    <point>
      <x>0.335</x>
      <y>0.315</y>
      <w>0.8426197</w>
      <t>334</t>
    </point>
    <point>
      <x>0.335</x>
      <y>0.31833333</y>
      <w>0.8426197</w>
      <t>334</t>
    </point>
    <point>
      <x>0.335</x>
      <y>0.32333332</y>
      <w>0.8426197</w>
      <t>335</t>
    </point>
    <point>
      <x>0.335</x>
      <y>0.32833335</y>
      <w>0.8426197</w>
      <t>335</t>
    </point>
    <point>
      <x>0.335</x>
      <y>0.335</y>
      <w>0.8680352</w>
      <t>367</t>
    </point>
    <point>
      <x>0.335</x>
      <y>0.34166667</y>
      <w>0.8680352</w>
      <t>367</t>
    </point>
    <point>
      <x>0.335</x>
      <y>0.34833333</y>
      <w>0.8680352</w>
      <t>367</t>
    </point>
    <point>
      <x>0.335</x>
      <y>0.355</y>
      <w>0.8680352</w>
      <t>368</t>
    </point>
    <point>
      <x>0.335</x>
      <y>0.36166668</y>
      <w>0.88269794</w>
      <t>401</t>
    </point>
    <point>
      <x>0.335</x>
      <y>0.36666667</y>
      <w>0.88269794</w>
      <t>401</t>
    </point>
    <point>
      <x>0.335</x>
      <y>0.37333333</y>
      <w>0.88269794</w>
      <t>401</t>
    </point>
    <point>
      <x>0.335</x>
      <y>0.38</y>
      <w>0.88269794</w>
      <t>402</t>
    </point>
    <point>
      <x>0.335</x>
      <y>0.38833332</y>
      <w>0.8973607</w>
      <t>433</t>
    </point>
    <point>
      <x>0.335</x>
      <y>0.395</y>
      <w>0.8973607</w>
      <t>433</t>
    </point>
    <point>
      <x>0.335</x>
      <y>0.40333334</y>
      <w>0.8973607</w>
      <t>433</t>
    </point>
    <point>
      <x>0.335</x>
      <y>0.41166666</y>
      <w>0.8973607</w>
      <t>433</t>
    </point>
    <point>
      <x>0.335</x>
      <y>0.42</y>
      <w>0.8973607</w>
      <t>434</t>
    </point>
    <point>
      <x>0.335</x>
      <y>0.42833334</y>
      <w>0.9071359</w>
      <t>467</t>
    </point>
    <point>
      <x>0.335</x>
      <y>0.435</y>
      <w>0.9071359</w>
      <t>467</t>
    </point>
    <point>
      <x>0.335</x>
      <y>0.44333333</y>
      <w>0.9071359</w>
      <t>467</t>
    </point>
    <point>
      <x>0.335</x>
      <y>0.45166665</y>
      <w>0.9071359</w>
      <t>468</t>
    </point>
    <point>
      <x>0.335</x>
      <y>0.46</y>
      <w>0.9257087</w>
      <t>500</t>
    </point>
    <point>
      <x>0.33333334</x>
      <y>0.46833333</y>
      <w>0.9257087</w>
      <t>500</t>
    </point>
    <point>
      <x>0.33333334</x>
      <y>0.47833332</y>
      <w>0.9257087</w>
      <t>500</t>
    </point>
    <point>
      <x>0.33333334</x>
      <y>0.48666668</y>
      <w>0.9257087</w>
      <t>501</t>
    </point>
    <point>
      <x>0.33333334</x>
      <y>0.49666667</y>
      <w>0.9257087</w>
      <t>501</t>
    </point>
    <point>
      <x>0.33333334</x>
      <y>0.50666666</y>
      <w>0.9354839</w>
      <t>533</t>
    </point>
    <point>
      <x>0.33333334</x>
      <y>0.51666665</y>
      <w>0.9354839</w>
      <t>533</t>
    </point>
    <point>
      <x>0.33333334</x>
      <y>0.525</y>
      <w>0.9354839</w>
      <t>533</t>
    </point>
    <point>
      <x>0.33333334</x>
      <y>0.535</y>
      <w>0.9354839</w>
      <t>534</t>
    </point>
    <point>
      <x>0.33333334</x>
      <y>0.54333335</y>
      <w>0.94134897</w>
      <t>567</t>
    </point>
    <point>
      <x>0.33333334</x>
      <y>0.55333334</y>
      <w>0.94134897</w>
      <t>567</t>
    </point>
    <point>
      <x>0.33333334</x>
      <y>0.56333333</y>
      <w>0.94134897</w>
      <t>567</t>
    </point>
    <point>
      <x>0.33333334</x>
      <y>0.57166666</y>
      <w>0.94134897</w>
      <t>567</t>
    </point>
    <point>
      <x>0.33333334</x>
      <y>0.58</y>
      <w>0.94134897</w>
      <t>568</t>
    </point>
    <point>
      <x>0.33333334</x>
      <y>0.59</y>
      <w>0.9491691</w>
      <t>600</t>
    </point>
    <point>
      <x>0.33333334</x>
      <y>0.59833336</y>
      <w>0.9491691</w>
      <t>600</t>
    </point>
    <point>
      <x>0.33333334</x>
      <y>0.6066667</y>
      <w>0.9491691</w>
      <t>600</t>
    </point>
    <point>
      <x>0.33333334</x>
      <y>0.615</y>
      <w>0.9491691</w>
      <t>601</t>
    </point>
    <point>
      <x>0.33333334</x>
      <y>0.62166667</y>
      <w>0.95112413</w>
      <t>633</t>
    </point>
    <point>
      <x>0.33333334</x>
      <y>0.62666667</y>
      <w>0.95112413</w>
      <t>633</t>
    </point>
    <point>
      <x>0.33333334</x>
      <y>0.6333333</y>
      <w>0.95112413</w>
      <t>633</t>
    </point>
    <point>
      <x>0.33333334</x>
      <y>0.6383333</y>
      <w>0.95112413</w>
      <t>633</t>
    </point>
    <point>
      <x>0.33333334</x>
      <y>0.64166665</y>
      <w>0.95210165</w>
      <t>667</t>
    </point>
    <point>
      <x>0.33333334</x>
      <y>0.645</y>
      <w>0.95210165</w>
      <t>669</t>
    </point>
    <point>
      <x>0.33333334</x>
      <y>0.64666665</y>
      <w>0.95210165</w>
      <t>669</t>
    </point>
    <point>
      <x>0.33333334</x>
      <y>0.6483333</y>
      <w>0.95210165</w>
      <t>669</t>
    </point>
    <point>
      <x>0.33333334</x>
      <y>0.65</y>
      <w>0.95210165</w>
      <t>669</t>
    </point>
    <point>
      <x>0.335</x>
      <y>0.65</y>
      <w>0.95210165</w>
      <t>700</t>
    </point>
    <point>
      <x>0.335</x>
      <y>0.65166664</y>
      <w>0.95210165</w>
      <t>700</t>
    </point>
    <point>
      <x>0.335</x>
      <y>0.6533333</y>
      <w>0.95210165</w>
      <t>700</t>
    </point>
    <point>
      <x>0.33666667</x>
      <y>0.6533333</y>
      <w>0.95210165</w>
      <t>734</t>
    </point>
    <point>
      <x>0.33666667</x>
      <y>0.655</y>
      <w>0.95210165</w>
      <t>734</t>
    </point>
    <point>
      <x>0.33666667</x>
      <y>0.65166664</y>
      <w>0.63147604</w>
      <t>835</t>
    </point>
    <point>
      <x>0.33666667</x>
      <y>0.64666665</y>
      <w>0.63147604</w>
      <t>836</t>
    </point>
  </stroke>
  <stroke time="1500">
    <point>
      <x>0.22</x>
      <y>0.41166666</y>
      <w>0.29618767</w>
      <t>1600</t>
    </point>
    <point>
      <x>0.22</x>
      <y>0.415</y>
      <w>0.38514173</w>
      <t>1634</t>
    </point>
    <point>
      <x>0.22166666</x>
      <y>0.41666666</y>
      <w>0.38514173</w>
      <t>1634</t>
    </point>
    <point>
      <x>0.22333333</x>
      <y>0.42</y>
      <w>0.38514173</w>
      <t>1634</t>
    </point>
    <point>
      <x>0.225</x>
      <y>0.42166665</y>
      <w>0.38514173</w>
      <t>1634</t>
    </point>
    <point>
      <x>0.22666667</x>
      <y>0.425</y>
      <w>0.4799609</w>
      <t>1667</t>
    </point>
    <point>
      <x>0.22666667</x>
      <y>0.42666668</y>
      <w>0.4799609</w>
      <t>1667</t>
    </point>
    <point>
      <x>0.22833334</x>
      <y>0.42666668</y>
      <w>0.4799609</w>
      <t>1667</t>
    </point>
    <point>
      <x>0.22833334</x>
      <y>0.42833334</y>
      <w>0.4799609</w>
      <t>1667</t>
    </point>
    <point>
      <x>0.22833334</x>
      <y>0.43</y>
      <w>0.5786901</w>
      <t>1700</t>
    </point>
    <point>
      <x>0.23</x>
      <y>0.43166667</y>
      <w>0.5786901</w>
      <t>1700</t>
    </point>
    <point>
      <x>0.23</x>
      <y>0.435</y>
      <w>0.5786901</w>
      <t>1700</t>
    </point>
    <point>
      <x>0.23</x>
      <y>0.43666667</y>
      <w>0.5786901</w>
      <t>1700</t>
    </point>
    <point>
      <x>0.23</x>
      <y>0.43833333</y>
      <w>0.5786901</w>
      <t>1701</t>
    </point>
    <point>
      <x>0.23</x>
      <y>0.44166666</y>
      <w>0.70185727</w>
      <t>1733</t>
    </point>
    <point>
      <x>0.23</x>
      <y>0.44333333</y>
      <w>0.70185727</w>
      <t>1733</t>
    </point>
    <point>
      <x>0.23</x>
      <y>0.44666666</y>
      <w>0.70185727</w>
      <t>1733</t>
    </point>
    <point>
      <x>0.23</x>
      <y>0.45</y>
      <w>0.70185727</w>
      <t>1733</t>
    </point>
    <point>
      <x>0.23</x>
      <y>0.45333335</y>
      <w>0.7419355</w>
      <t>1767</t>
    </point>
    <point>
      <x>0.23</x>
      <y>0.45666668</y>
      <w>0.7419355</w>
      <t>1767</t>
    </point>
    <point>
      <x>0.23</x>
      <y>0.46</y>
      <w>0.7419355</w>
      <t>1767</t>
    </point>
    <point>
      <x>0.23</x>
      <y>0.465</y>
      <w>0.7419355</w>
      <t>1767</t>
    </point>
    <point>
      <x>0.23</x>
      <y>0.46833333</y>
      <w>0.7419355</w>
      <t>1767</t>
    </point>
    <point>
      <x>0.22833334</x>
      <y>0.47333333</y>
      <w>0.7927664</w>
      <t>1800</t>
    </point>
    <point>
      <x>0.22666667</x>
      <y>0.47833332</y>
      <w>0.7927664</w>
      <t>1800</t>
    </point>
    <point>
      <x>0.225</x>
      <y>0.485</y>
      <w>0.7927664</w>
      <t>1800</t>
    </point>
    <point>
      <x>0.225</x>
      <y>0.49</y>
      <w>0.7927664</w>
      <t>1800</t>
    </point>
    <point>
      <x>0.22333333</x>
      <y>0.49666667</y>
      <w>0.8220919</w>
      <t>1833</t>
    </point>
    <point>
      <x>0.22166666</x>
      <y>0.50166667</y>
      <w>0.8220919</w>
      <t>1833</t>
    </point>
    <point>
      <x>0.22</x>
      <y>0.50666666</y>
      <w>0.8220919</w>
      <t>1833</t>
    </point>
    <point>
      <x>0.22</x>
      <y>0.51166666</y>
      <w>0.8220919</w>
      <t>1833</t>
    </point>
    <point>
      <x>0.21833333</x>
      <y>0.515</y>
      <w>0.8514174</w>
      <t>1867</t>
    </point>
    <point>
      <x>0.21666667</x>
      <y>0.52</y>
      <w>0.8514174</w>
      <t>1867</t>
    </point>
    <point>
      <x>0.215</x>
      <y>0.5233333</y>
      <w>0.8514174</w>
      <t>1867</t>
    </point>
    <point>
      <x>0.21333334</x>
      <y>0.52666664</y>
      <w>0.8514174</w>
      <t>1867</t>
    </point>
    <point>
      <x>0.21333334</x>
      <y>0.5316667</y>
      <w>0.8514174</w>
      <t>1868</t>
    </point>
    <point>
      <x>0.21166667</x>
      <y>0.5366667</y>
      <w>0.86608016</w>
      <t>1900</t>
    </point>
    <point>
      <x>0.21</x>
      <y>0.5416667</y>
      <w>0.86608016</w>
      <t>1900</t>
    </point>
    <point>
      <x>0.20833333</x>
      <y>0.5466667</y>
      <w>0.86608016</w>
      <t>1901</t>
    </point>
    <point>
      <x>0.20666666</x>
      <y>0.5516667</y>
      <w>0.86608016</w>
      <t>1901</t>
    </point>
    <point>
      <x>0.205</x>
      <y>0.5566667</y>
      <w>0.87781036</w>
      <t>1933</t>
    </point>
    <point>
      <x>0.205</x>
      <y>0.56166667</y>
      <w>0.87781036</w>
      <t>1933</t>
    </point>
    <point>
      <x>0.20333333</x>
      <y>0.565</y>
      <w>0.87781036</w>
      <t>1933</t>
    </point>
    <point>
      <x>0.20333333</x>
      <y>0.5683333</y>
      <w>0.87781036</w>
      <t>1933</t>
    </point>
    <point>
      <x>0.20333333</x>
      <y>0.57166666</y>
      <w>0.87781036</w>
      <t>1934</t>
    </point>
    <point>
      <x>0.20333333</x>
      <y>0.5733333</y>
      <w>0.8914956</w>
      <t>1967</t>
    </point>
    <point>
      <x>0.20333333</x>
      <y>0.575</y>
      <w>0.8914956</w>
      <t>1967</t>
    </point>
    <point>
      <x>0.20333333</x>
      <y>0.57666665</y>
      <w>0.8914956</w>
      <t>1967</t>
    </point>
    <point>
      <x>0.20333333</x>
      <y>0.5783333</y>
      <w>0.88856304</w>
      <t>2034</t>
    </point>
    <point>
      <x>0.205</x>
      <y>0.5783333</y>
      <w>0.88856304</w>
      <t>2034</t>
    </point>
    <point>
      <x>0.20666666</x>
      <y>0.5783333</y>
      <w>0.87781036</w>
      <t>2067</t>
    </point>
    <point>
      <x>0.20833333</x>
      <y>0.5783333</y>
      <w>0.87781036</w>
      <t>2067</t>
    </point>
    <point>
      <x>0.21</x>
      <y>0.5783333</y>
      <w>0.86021507</w>
      <t>2101</t>
    </point>
    <point>
      <x>0.21166667</x>
      <y>0.5783333</y>
      <w>0.86021507</w>
      <t>2101</t>
    </point>
    <point>
      <x>0.21333334</x>
      <y>0.5783333</y>
      <w>0.86021507</w>
      <t>2101</t>
    </point>
    <point>
      <x>0.215</x>
      <y>0.5783333</y>
      <w>0.86021507</w>
      <t>2101</t>
    </point>
    <point>
      <x>0.21833333</x>
      <y>0.57666665</y>
      <w>0.83186704</w>
      <t>2134</t>
    </point>
    <point>
      <x>0.22</x>
      <y>0.575</y>
      <w>0.83186704</w>
      <t>2134</t>
    </point>
    <point>
      <x>0.22333333</x>
      <y>0.575</y>
      <w>0.83186704</w>
      <t>2134</t>
    </point>
    <point>
      <x>0.225</x>
      <y>0.5733333</y>
      <w>0.83186704</w>
      <t>2134</t>
    </point>
    <point>
      <x>0.22833334</x>
      <y>0.57166666</y>
      <w>0.83186704</w>
      <t>2135</t>
    </point>
    <point>
      <x>0.23166667</x>
      <y>0.57</y>
      <w>0.7869013</w>
      <t>2167</t>
    </point>
    <point>
      <x>0.23333333</x>
      <y>0.5683333</y>
      <w>0.7869013</w>
      <t>2167</t>
    </point>
    <point>
      <x>0.23666666</x>
      <y>0.56666666</y>
      <w>0.7869013</w>
      <t>2167</t>
    </point>
    <point>
      <x>0.24</x>
      <y>0.565</y>
      <w>0.7869013</w>
      <t>2167</t>
    </point>
    <point>
      <x>0.24333334</x>
      <y>0.56333333</y>
      <w>0.73313785</w>
      <t>2200</t>
    </point>
    <point>
      <x>0.24666667</x>
      <y>0.56</y>
      <w>0.73313785</w>
      <t>2200</t>
    </point>
    <point>
      <x>0.25</x>
      <y>0.55833334</y>
      <w>0.73313785</w>
      <t>2200</t>
    </point>
    <point>
      <x>0.25333333</x>
      <y>0.555</y>
      <w>0.73313785</w>
      <t>2200</t>
    </point>
    <point>
      <x>0.25666666</x>
      <y>0.55333334</y>
      <w>0.6744868</w>
      <t>2234</t>
    </point>
    <point>
      <x>0.26</x>
      <y>0.55</y>
      <w>0.6744868</w>
      <t>2234</t>
    </point>
    <point>
      <x>0.265</x>
      <y>0.5466667</y>
      <w>0.6744868</w>
      <t>2234</t>
    </point>
    <point>
      <x>0.26833335</x>
      <y>0.54333335</y>
      <w>0.6744868</w>
      <t>2234</t>
    </point>
    <point>
      <x>0.27166668</x>
      <y>0.54</y>
      <w>0.6744868</w>
      <t>2234</t>
    </point>
    <point>
      <x>0.275</x>
      <y>0.5366667</y>
      <w>0.6334311</w>
      <t>2267</t>
    </point>
    <point>
      <x>0.27833334</x>
      <y>0.53333336</y>
      <w>0.6334311</w>
      <t>2267</t>
    </point>
    <point>
      <x>0.28166667</x>
      <y>0.53</y>
      <w>0.6334311</w>
      <t>2267</t>
    </point>
    <point>
      <x>0.285</x>
      <y>0.52666664</y>
      <w>0.6334311</w>
      <t>2267</t>
    </point>
    <point>
      <x>0.29</x>
      <y>0.52166665</y>
      <w>0.5356794</w>
      <t>2300</t>
    </point>
    <point>
      <x>0.29333332</x>
      <y>0.5183333</y>
      <w>0.5356794</w>
      <t>2300</t>
    </point>
    <point>
      <x>0.29833335</x>
      <y>0.515</y>
      <w>0.5356794</w>
      <t>2300</t>
    </point>
    <point>
      <x>0.30333334</x>
      <y>0.51</y>
      <w>0.5356794</w>
      <t>2300</t>
    </point>
    <point>
      <x>0.30833334</x>
      <y>0.505</y>
      <w>0.5356794</w>
      <t>2300</t>
    </point>
    <point>
      <x>0.31166667</x>
      <y>0.50166667</y>
      <w>0.46529815</w>
      <t>2334</t>
    </point>
    <point>
      <x>0.31666666</x>
      <y>0.49666667</y>
      <w>0.46529815</w>
      <t>2334</t>
    </point>
    <point>
      <x>0.32166666</x>
      <y>0.49333334</y>
      <w>0.46529815</w>
      <t>2334</t>
    </point>
    <point>
      <x>0.32666665</x>
      <y>0.49</y>
      <w>0.46529815</w>
      <t>2334</t>
    </point>
    <point>
      <x>0.33</x>
      <y>0.48666668</y>
      <w>0.45943305</w>
      <t>2367</t>
    </point>
    <point>
      <x>0.33333334</x>
      <y>0.48333332</y>
      <w>0.45943305</w>
      <t>2367</t>
    </point>
    <point>
      <x>0.33833334</x>
      <y>0.48</y>
      <w>0.45943305</w>
      <t>2367</t>
    </point>
    <point>
      <x>0.34333333</x>
      <y>0.475</y>
      <w>0.45943305</w>
      <t>2367</t>
    </point>
    <point>
      <x>0.35</x>
      <y>0.47166666</y>
      <w>0.45943305</w>
      <t>2367</t>
    </point>
    <point>
      <x>0.35666665</x>
      <y>0.46666667</y>
      <w>0.41055718</w>
      <t>2400</t>
    </point>
    <point>
      <x>0.36333334</x>
      <y>0.46166667</y>
      <w>0.41055718</w>
      <t>2400</t>
    </point>
    <point>
      <x>0.37166667</x>
      <y>0.455</y>
      <w>0.41055718</w>
      <t>2400</t>
    </point>
    <point>
      <x>0.37833333</x>
      <y>0.45</y>
      <w>0.41055718</w>
      <t>2400</t>
    </point>
    <point>
      <x>0.38666666</x>
      <y>0.44333333</y>
      <w>0.39491692</w>
      <t>2434</t>
    </point>
    <point>
      <x>0.395</x>
      <y>0.43833333</y>
      <w>0.39491692</w>
      <t>2434</t>
    </point>
    <point>
      <x>0.40333334</x>
      <y>0.43166667</y>
      <w>0.39491692</w>
      <t>2434</t>
    </point>
    <point>
      <x>0.41166666</x>
      <y>0.42666668</y>
      <w>0.39491692</w>
      <t>2434</t>
    </point>
    <point>
      <x>0.42</x>
      <y>0.42166665</y>
      <w>0.31769305</w>
      <t>2467</t>
    </point>
    <point>
      <x>0.42833334</x>
      <y>0.415</y>
      <w>0.31769305</w>
      <t>2467</t>
    </point>
    <point>
      <x>0.43666667</x>
      <y>0.41</y>
      <w>0.31769305</w>
      <t>2467</t>
    </point>
    <point>
      <x>0.445</x>
      <y>0.405</y>
      <w>0.31769305</w>
      <t>2467</t>
    </point>
    <point>
      <x>0.455</x>
      <y>0.4</y>
      <w>0.31769305</w>
      <t>2467</t>
    </point>
    <point>
      <x>0.46333334</x>
      <y>0.39333335</y>
      <w>0.29912025</w>
      <t>2500</t>
    </point>
    <point>
      <x>0.47166666</x>
      <y>0.38833332</y>
      <w>0.29912025</w>
      <t>2500</t>
    </point>
    <point>
      <x>0.48166665</x>
      <y>0.38166666</y>
      <w>0.29912025</w>
      <t>2500</t>
    </point>
    <point>
      <x>0.49166667</x>
      <y>0.37666667</y>
      <w>0.29912025</w>
      <t>2500</t>
    </point>
    <point>
      <x>0.50166667</x>
      <y>0.37</y>
      <w>0.3030303</w>
      <t>2534</t>
    </point>
    <point>
      <x>0.5133333</x>
      <y>0.365</y>
      <w>0.3030303</w>
      <t>2534</t>
    </point>
    <point>
      <x>0.5233333</x>
      <y>0.35833332</y>
      <w>0.3030303</w>
      <t>2534</t>
    </point>
    <point>
      <x>0.53333336</x>
      <y>0.35333332</y>
      <w>0.3030303</w>
      <t>2534</t>
    </point>
    <point>
      <x>0.545</x>
      <y>0.34666666</y>
      <w>0.3030303</w>
      <t>2534</t>
    </point>
    <point>
      <x>0.555</x>
      <y>0.34166667</y>
      <w>0.30498534</w>
      <t>2567</t>
    </point>
    <point>
      <x>0.565</x>
      <y>0.33666667</y>
      <w>0.30498534</w>
      <t>2567</t>
    </point>
    <point>
      <x>0.57666665</x>
      <y>0.33166668</y>
      <w>0.30498534</w>
      <t>2567</t>
    </point>
    <point>
      <x>0.58666664</x>
      <y>0.32666665</y>
      <w>0.30498534</w>
      <t>2567</t>
    </point>
    <point>
      <x>0.5966667</x>
      <y>0.32333332</y>
      <w>0.30596286</w>
      <t>2601</t>
    </point>
    <point>
      <x>0.6066667</x>
      <y>0.31833333</y>
      <w>0.30596286</w>
      <t>2601</t>
    </point>
    <point>
      <x>0.61833334</x>
      <y>0.31333333</y>
      <w>0.30596286</w>
      <t>2601</t>
    </point>
    <point>
      <x>0.63</x>
      <y>0.30833334</y>
      <w>0.30596286</w>
      <t>2601</t>
    </point>
    <point>
      <x>0.64166665</x>
      <y>0.30333334</y>
      <w>0.30596286</w>
      <t>2601</t>
    </point>
    <point>
      <x>0.65166664</x>
      <y>0.3</y>
      <w>0.30596286</w>
      <t>2634</t>
    </point>
    <point>
      <x>0.66333336</x>
      <y>0.295</y>
      <w>0.30596286</w>
      <t>2634</t>
    </point>
    <point>
      <x>0.67333335</x>
      <y>0.29166666</y>
      <w>0.30596286</w>
      <t>2634</t>
    </point>
    <point>
      <x>0.68333334</x>
      <y>0.29</y>
      <w>0.30596286</w>
      <t>2634</t>
    </point>
    <point>
      <x>0.69</x>
      <y>0.28666666</y>
      <w>0.3079179</w>
      <t>2667</t>
    </point>
    <point>
      <x>0.69666666</x>
      <y>0.285</y>
      <w>0.3079179</w>
      <t>2667</t>
    </point>
    <point>
      <x>0.7033333</x>
      <y>0.28333333</y>
      <w>0.3079179</w>
      <t>2667</t>
    </point>
    <point>
      <x>0.7083333</x>
      <y>0.28166667</y>
      <w>0.3079179</w>
      <t>2667</t>
    </point>
    <point>
      <x>0.71166664</x>
      <y>0.28</y>
      <w>0.3079179</w>
      <t>2667</t>
    </point>
    <point>
      <x>0.715</x>
      <y>0.28</y>
      <w>0.30596286</w>
      <t>2701</t>
    </point>
    <point>
      <x>0.7183333</x>
      <y>0.28</y>
      <w>0.30596286</w>
      <t>2701</t>
    </point>
    <point>
      <x>0.72</x>
      <y>0.28</y>
      <w>0.30596286</w>
      <t>2701</t>
    </point>
    <point>
      <x>0.72</x>
      <y>0.27833334</y>
      <w>0.30596286</w>
      <t>2701</t>
    </point>
    <point>
      <x>0.7216667</x>
      <y>0.27833334</y>
      <w>0.30596286</w>
      <t>2734</t>
    </point>
    <point>
      <x>0.72333336</x>
      <y>0.27833334</y>
      <w>0.30596286</w>
      <t>2734</t>
    </point>
    <point>
      <x>0.725</x>
      <y>0.27833334</y>
      <w>0.33919844</w>
      <t>2800</t>
    </point>
    <point>
      <x>0.725</x>
      <y>0.27666667</y>
      <w>0.34604105</w>
      <t>2834</t>
    </point>
    <point>
      <x>0.72333336</x>
      <y>0.27666667</y>
      <w>0.35874876</w>
      <t>2868</t>
    </point>
    <point>
      <x>0.72333336</x>
      <y>0.275</y>
      <w>0.35874876</w>
      <t>2868</t>
    </point>
    <point>
      <x>0.7216667</x>
      <y>0.275</y>
      <w>0.35874876</w>
      <t>2868</t>
    </point>
    <point>
      <x>0.72</x>
      <y>0.27333334</y>
      <w>0.35874876</w>
      <t>2868</t>
    </point>
    <point>
      <x>0.72</x>
      <y>0.27166668</y>
      <w>0.35874876</w>
      <t>2868</t>
    </point>
    <point>
      <x>0.7183333</x>
      <y>0.27166668</y>
      <w>0.34408602</w>
      <t>2900</t>
    </point>
    <point>
      <x>0.71666664</x>
      <y>0.26833335</y>
      <w>0.34408602</w>
      <t>2900</t>
    </point>
    <point>
      <x>0.715</x>
      <y>0.26666668</y>
      <w>0.34408602</w>
      <t>2900</t>
    </point>
    <point>
      <x>0.7133333</x>
      <y>0.26333332</y>
      <w>0.34408602</w>
      <t>2900</t>
    </point>
    <point>
      <x>0.71166664</x>
      <y>0.26166666</y>
      <w>0.32258064</w>
      <t>2934</t>
    </point>
    <point>
      <x>0.7083333</x>
      <y>0.25833333</y>
      <w>0.32258064</w>
      <t>2934</t>
    </point>
    <point>
      <x>0.70666665</x>
      <y>0.255</y>
      <w>0.32258064</w>
      <t>2934</t>
    </point>
    <point>
      <x>0.705</x>
      <y>0.25166667</y>
      <w>0.32258064</w>
      <t>2934</t>
    </point>
    <point>
      <x>0.70166665</x>
      <y>0.24833333</y>
      <w>0.32746822</w>
      <t>2967</t>
    </point>
    <point>
      <x>0.7</x>
      <y>0.24666667</y>
      <w>0.32746822</w>
      <t>2967</t>
    </point>
    <point>
      <x>0.69666666</x>
      <y>0.24333334</y>
      <w>0.32746822</w>
      <t>2967</t>
    </point>
    <point>
      <x>0.695</x>
      <y>0.24</y>
      <w>0.32746822</w>
      <t>2967</t>
    </point>
    <point>
      <x>0.6933333</x>
      <y>0.23833333</y>
      <w>0.32746822</w>
      <t>2967</t>
    </point>
    <point>
      <x>0.69166666</x>
      <y>0.235</y>
      <w>0.34115347</w>
      <t>3001</t>
    </point>
    <point>
      <x>0.68833333</x>
      <y>0.23333333</y>
      <w>0.34115347</w>
      <t>3001</t>
    </point>
    <point>
      <x>0.68666667</x>
      <y>0.23166667</y>
      <w>0.34115347</w>
      <t>3001</t>
    </point>
    <point>
      <x>0.685</x>
      <y>0.22833334</y>
      <w>0.34115347</w>
      <t>3001</t>
    </point>
    <point>
      <x>0.68333334</x>
      <y>0.22666667</y>
      <w>0.34506354</w>
      <t>3034</t>
    </point>
    <point>
      <x>0.6816667</x>
      <y>0.225</y>
      <w>0.34506354</w>
      <t>3034</t>
    </point>
    <point>
      <x>0.68</x>
      <y>0.22333333</y>
      <w>0.34506354</w>
      <t>3034</t>
    </point>
    <point>
      <x>0.67833334</x>
      <y>0.22166666</y>
      <w>0.34506354</w>
      <t>3034</t>
    </point>
    <point>
      <x>0.6766667</x>
      <y>0.21833333</y>
      <w>0.34506354</w>
      <t>3034</t>
    </point>
    <point>
      <x>0.675</x>
      <y>0.21666667</y>
      <w>0.36070383</w>
      <t>3067</t>
    </point>
    <point>
      <x>0.67333335</x>
      <y>0.215</y>
      <w>0.36070383</w>
      <t>3067</t>
    </point>
    <point>
      <x>0.6716667</x>
      <y>0.215</y>
      <w>0.36070383</w>
      <t>3067</t>
    </point>
    <point>
      <x>0.67</x>
      <y>0.21333334</y>
      <w>0.36070383</w>
      <t>3067</t>
    </point>
    <point>
      <x>0.66833335</x>
      <y>0.21166667</y>
      <w>0.4115347</w>
      <t>3100</t>
    </point>
    <point>
      <x>0.6666667</x>
      <y>0.21166667</y>
      <w>0.4115347</w>
      <t>3100</t>
    </point>
    <point>
      <x>0.665</x>
      <y>0.21166667</y>
      <w>0.4115347</w>
      <t>3100</t>
    </point>
    <point>
      <x>0.665</x>
      <y>0.21</y>
      <w>0.47311828</w>
      <t>3134</t>
    </point>
    <point>
      <x>0.66333336</x>
      <y>0.21</y>
      <w>0.5268817</w>
      <t>3167</t>
    </point>
    <point>
      <x>0.66333336</x>
      <y>0.21166667</y>
      <w>0.5356794</w>
      <t>3201</t>
    </point>
    <point>
      <x>0.66333336</x>
      <y>0.21333334</y>
      <w>0.5356794</w>
      <t>3201</t>
    </point>
    <point>
      <x>0.6616667</x>
      <y>0.21833333</y>
      <w>0.5356794</w>
      <t>3201</t>
    </point>
    <point>
      <x>0.6616667</x>
      <y>0.22166666</y>
      <w>0.5356794</w>
      <t>3201</t>
    </point>
    <point>
      <x>0.66</x>
      <y>0.22666667</y>
      <w>0.5356794</w>
      <t>3201</t>
    </point>
    <point>
      <x>0.66</x>
      <y>0.23166667</y>
      <w>0.54545456</w>
      <t>3234</t>
    </point>
    <point>
      <x>0.66</x>
      <y>0.23666666</y>
      <w>0.54545456</w>
      <t>3234</t>
    </point>
    <point>
      <x>0.66</x>
      <y>0.24166666</y>
      <w>0.54545456</w>
      <t>3234</t>
    </point>
    <point>
      <x>0.66</x>
      <y>0.24666667</y>
      <w>0.54545456</w>
      <t>3234</t>
    </point>
    <point>
      <x>0.66</x>
      <y>0.25166667</y>
      <w>0.5483871</w>
      <t>3267</t>
    </point>
    <point>
      <x>0.66</x>
      <y>0.25666666</y>
      <w>0.5483871</w>
      <t>3267</t>
    </point>
    <point>
      <x>0.66</x>
      <y>0.26166666</y>
      <w>0.5483871</w>
      <t>3267</t>
    </point>
    <point>
      <x>0.66</x>
      <y>0.26833335</y>
      <w>0.5483871</w>
      <t>3267</t>
    </point>
    <point>
      <x>0.66</x>
      <y>0.27333334</y>
      <w>0.5483871</w>
      <t>3267</t>
    </point>
    <point>
      <x>0.6616667</x>
      <y>0.28</y>
      <w>0.55131966</w>
      <t>3300</t>
    </point>
    <point>
      <x>0.6616667</x>
      <y>0.285</y>
      <w>0.55131966</w>
      <t>3300</t>
    </point>
    <point>
      <x>0.66333336</x>
      <y>0.29166666</y>
      <w>0.55131966</w>
      <t>3300</t>
    </point>
    <point>
      <x>0.66333336</x>
      <y>0.29833335</y>
      <w>0.55131966</w>
      <t>3300</t>
    </point>
    <point>
      <x>0.66333336</x>
      <y>0.305</y>
      <w>0.55131966</w>
      <t>3334</t>
    </point>
    <point>
      <x>0.66333336</x>
      <y>0.31166667</y>
      <w>0.55131966</w>
      <t>3334</t>
    </point>
    <point>
      <x>0.665</x>
      <y>0.31833333</y>
      <w>0.55131966</w>
      <t>3334</t>
    </point>
    <point>
      <x>0.665</x>
      <y>0.325</y>
      <w>0.55131966</w>
      <t>3334</t>
    </point>
    <point>
      <x>0.6666667</x>
      <y>0.33166668</y>
      <w>0.5493646</w>
      <t>3367</t>
    </point>
    <point>
      <x>0.6666667</x>
      <y>0.33833334</y>
      <w>0.5493646</w>
      <t>3367</t>
    </point>
    <point>
      <x>0.66833335</x>
      <y>0.345</y>
      <w>0.5493646</w>
      <t>3367</t>
    </point>
    <point>
      <x>0.66833335</x>
      <y>0.35166666</y>
      <w>0.5493646</w>
      <t>3367</t>
    </point>
    <point>
      <x>0.66833335</x>
      <y>0.36</y>
      <w>0.5493646</w>
      <t>3367</t>
    </point>
    <point>
      <x>0.66833335</x>
      <y>0.36666667</y>
      <w>0.55131966</w>
      <t>3400</t>
    </point>
    <point>
      <x>0.66833335</x>
      <y>0.37333333</y>
      <w>0.55131966</w>
      <t>3400</t>
    </point>
    <point>
      <x>0.66833335</x>
      <y>0.38</y>
      <w>0.55131966</w>
      <t>3400</t>
    </point>
    <point>
      <x>0.66833335</x>
      <y>0.38666666</y>
      <w>0.55131966</w>
      <t>3400</t>
    </point>
    <point>
      <x>0.66833335</x>
      <y>0.39333335</y>
      <w>0.5522972</w>
      <t>3434</t>
    </point>
    <point>
      <x>0.66833335</x>
      <y>0.4</y>
      <w>0.5522972</w>
      <t>3434</t>
    </point>
    <point>
      <x>0.66833335</x>
      <y>0.405</y>
      <w>0.5522972</w>
      <t>3434</t>
    </point>
    <point>
      <x>0.6666667</x>
      <y>0.41166666</y>
      <w>0.5522972</w>
      <t>3434</t>
    </point>
    <point>
      <x>0.6666667</x>
      <y>0.41666666</y>
      <w>0.5522972</w>
      <t>3434</t>
    </point>
    <point>
      <x>0.6666667</x>
      <y>0.42333335</y>
      <w>0.5522972</w>
      <t>3467</t>
    </point>
    <point>
      <x>0.665</x>
      <y>0.42833334</y>
      <w>0.5522972</w>
      <t>3467</t>
    </point>
    <point>
      <x>0.665</x>
      <y>0.43333334</y>
      <w>0.5522972</w>
      <t>3467</t>
    </point>
    <point>
      <x>0.665</x>
      <y>0.44</y>
      <w>0.5522972</w>
      <t>3467</t>
    </point>
    <point>
      <x>0.66333336</x>
      <y>0.445</y>
      <w>0.5522972</w>
      <t>3500</t>
    </point>
    <point>
      <x>0.66333336</x>
      <y>0.45</y>
      <w>0.5522972</w>
      <t>3500</t>
    </point>
    <point>
      <x>0.6616667</x>
      <y>0.45666668</y>
      <w>0.5522972</w>
      <t>3500</t>
    </point>
    <point>
      <x>0.6616667</x>
      <y>0.46166667</y>
      <w>0.5522972</w>
      <t>3500</t>
    </point>
    <point>
      <x>0.66</x>
      <y>0.46833333</y>
      <w>0.5522972</w>
      <t>3500</t>
    </point>
    <point>
      <x>0.65833336</x>
      <y>0.47333333</y>
      <w>0.5522972</w>
      <t>3534</t>
    </point>
    <point>
      <x>0.65833336</x>
      <y>0.47833332</y>
      <w>0.5522972</w>
      <t>3534</t>
    </point>
    <point>
      <x>0.6566667</x>
      <y>0.48333332</y>
      <w>0.5522972</w>
      <t>3534</t>
    </point>
    <point>
      <x>0.655</x>
      <y>0.48833334</y>
      <w>0.5522972</w>
      <t>3534</t>
    </point>
    <point>
      <x>0.6533333</x>
      <y>0.49333334</y>
      <w>0.5522972</w>
      <t>3567</t>
    </point>
    <point>
      <x>0.6533333</x>
      <y>0.49833333</y>
      <w>0.5522972</w>
      <t>3567</t>
    </point>
    <point>
      <x>0.65166664</x>
      <y>0.50166667</y>
      <w>0.5522972</w>
      <t>3567</t>
    </point>
    <point>
      <x>0.65</x>
      <y>0.505</y>
      <w>0.5522972</w>
      <t>3567</t>
    </point>
    <point>
      <x>0.6483333</x>
      <y>0.5083333</y>
      <w>0.5522972</w>
      <t>3567</t>
    </point>
    <point>
      <x>0.64666665</x>
      <y>0.51</y>
      <w>0.5464321</w>
      <t>3600</t>
    </point>
    <point>
      <x>0.645</x>
      <y>0.5133333</y>
      <w>0.5464321</w>
      <t>3600</t>
    </point>
    <point>
      <x>0.6433333</x>
      <y>0.515</y>
      <w>0.5464321</w>
      <t>3600</t>
    </point>
    <point>
      <x>0.64166665</x>
      <y>0.515</y>
      <w>0.5464321</w>
      <t>3600</t>
    </point>
    <point>
      <x>0.64</x>
      <y>0.51666665</y>
      <w>0.49951124</w>
      <t>3634</t>
    </point>
    <point>
      <x>0.63666666</x>
      <y>0.51666665</y>
      <w>0.49951124</w>
      <t>3634</t>
    </point>
    <point>
      <x>0.6333333</x>
      <y>0.51666665</y>
      <w>0.49951124</w>
      <t>3634</t>
    </point>
    <point>
      <x>0.63166666</x>
      <y>0.51666665</y>
      <w>0.49951124</w>
      <t>3634</t>
    </point>
    <point>
      <x>0.62833333</x>
      <y>0.51666665</y>
      <w>0.49951124</w>
      <t>3634</t>
    </point>
    <point>
      <x>0.625</x>
      <y>0.51666665</y>
      <w>0.46627566</w>
      <t>3667</t>
    </point>
    <point>
      <x>0.62166667</x>
      <y>0.51666665</y>
      <w>0.46627566</w>
      <t>3667</t>
    </point>
    <point>
      <x>0.61833334</x>
      <y>0.51666665</y>
      <w>0.46627566</w>
      <t>3667</t>
    </point>
    <point>
      <x>0.615</x>
      <y>0.515</y>
      <w>0.46627566</w>
      <t>3667</t>
    </point>
    <point>
      <x>0.61333334</x>
      <y>0.5133333</y>
      <w>0.41544476</w>
      <t>3701</t>
    </point>
    <point>
      <x>0.61</x>
      <y>0.51166666</y>
      <w>0.41544476</w>
      <t>3701</t>
    </point>
    <point>
      <x>0.60833335</x>
      <y>0.51</y>
      <w>0.41544476</w>
      <t>3701</t>
    </point>
    <point>
      <x>0.605</x>
      <y>0.5083333</y>
      <w>0.41544476</w>
      <t>3701</t>
    </point>
    <point>
      <x>0.60333335</x>
      <y>0.50666666</y>
      <w>0.370479</w>
      <t>3734</t>
    </point>
    <point>
      <x>0.6016667</x>
      <y>0.505</y>
      <w>0.370479</w>
      <t>3734</t>
    </point>
    <point>
      <x>0.6</x>
      <y>0.50166667</y>
      <w>0.370479</w>
      <t>3734</t>
    </point>
    <point>
      <x>0.59833336</x>
      <y>0.5</y>
      <w>0.370479</w>
      <t>3734</t>
    </point>
    <point>
      <x>0.5966667</x>
      <y>0.49666667</y>
      <w>0.370479</w>
      <t>3734</t>
    </point>
    <point>
      <x>0.595</x>
      <y>0.49333334</y>
      <w>0.37634408</w>
      <t>3767</t>
    </point>
    <point>
      <x>0.5933333</x>
      <y>0.49166667</y>
      <w>0.37634408</w>
      <t>3767</t>
    </point>
    <point>
      <x>0.5933333</x>
      <y>0.48833334</y>
      <w>0.37634408</w>
      <t>3767</t>
    </point>
    <point>
      <x>0.5933333</x>
      <y>0.485</y>
      <w>0.37634408</w>
      <t>3767</t>
    </point>
    <point>
      <x>0.5933333</x>
      <y>0.48166665</y>
      <w>0.37438905</w>
      <t>3800</t>
    </point>
    <point>
      <x>0.5933333</x>
      <y>0.48</y>
      <w>0.37438905</w>
      <t>3800</t>
    </point>
    <point>
      <x>0.5933333</x>
      <y>0.47833332</y>
      <w>0.37438905</w>
      <t>3800</t>
    </point>
    <point>
      <x>0.5933333</x>
      <y>0.47666666</y>
      <w>0.37438905</w>
      <t>3800</t>
    </point>
    <point>
      <x>0.5933333</x>
      <y>0.475</y>
      <w>0.37438905</w>
      <t>3800</t>
    </point>
    <point>
      <x>0.5933333</x>
      <y>0.47333333</y>
      <w>0.3841642</w>
      <t>3834</t>
    </point>
    <point>
      <x>0.5933333</x>
      <y>0.47166666</y>
      <w>0.3841642</w>
      <t>3834</t>
    </point>
    <point>
      <x>0.595</x>
      <y>0.47</y>
      <w>0.3841642</w>
      <t>3834</t>
    </point>
    <point>
      <x>0.5966667</x>
      <y>0.46833333</y>
      <w>0.3841642</w>
      <t>3834</t>
    </point>
    <point>
      <x>0.5966667</x>
      <y>0.46666667</y>
      <w>0.39784947</w>
      <t>3867</t>
    </point>
    <point>
      <x>0.6</x>
      <y>0.46666667</y>
      <w>0.39784947</w>
      <t>3867</t>
    </point>
    <point>
      <x>0.6016667</x>
      <y>0.465</y>
      <w>0.39784947</w>
      <t>3867</t>
    </point>
    <point>
      <x>0.60333335</x>
      <y>0.46333334</y>
      <w>0.39784947</w>
      <t>3867</t>
    </point>
    <point>
      <x>0.605</x>
      <y>0.46166667</y>
      <w>0.39784947</w>
      <t>3867</t>
    </point>
    <point>
      <x>0.60833335</x>
      <y>0.46166667</y>
      <w>0.42130986</w>
      <t>3900</t>
    </point>
    <point>
      <x>0.6116667</x>
      <y>0.46</y>
      <w>0.42130986</w>
      <t>3900</t>
    </point>
    <point>
      <x>0.615</x>
      <y>0.46</y>
      <w>0.42130986</w>
      <t>3900</t>
    </point>
    <point>
      <x>0.61833334</x>
      <y>0.45833334</y>
      <w>0.42130986</w>
      <t>3900</t>
    </point>
    <point>
      <x>0.62166667</x>
      <y>0.45833334</y>
      <w>0.45454547</w>
      <t>3934</t>
    </point>
    <point>
      <x>0.62333333</x>
      <y>0.45833334</y>
      <w>0.45454547</w>
      <t>3934</t>
    </point>
    <point>
      <x>0.62666667</x>
      <y>0.45833334</y>
      <w>0.45454547</w>
      <t>3934</t>
    </point>
    <point>
      <x>0.63</x>
      <y>0.45833334</y>
      <w>0.45454547</w>
      <t>3934</t>
    </point>
    <point>
      <x>0.63166666</x>
      <y>0.45833334</y>
      <w>0.47898337</w>
      <t>3967</t>
    </point>
    <point>
      <x>0.6333333</x>
      <y>0.45833334</y>
      <w>0.47898337</w>
      <t>3967</t>
    </point>
    <point>
      <x>0.635</x>
      <y>0.45833334</y>
      <w>0.47898337</w>
      <t>3967</t>
    </point>
    <point>
      <x>0.63666666</x>
      <y>0.45833334</y>
      <w>0.47898337</w>
      <t>3967</t>
    </point>
    <point>
      <x>0.6383333</x>
      <y>0.46</y>
      <w>0.47898337</w>
      <t>3967</t>
    </point>
    <point>
      <x>0.64</x>
      <y>0.46</y>
      <w>0.5102639</w>
      <t>4000</t>
    </point>
    <point>
      <x>0.64</x>
      <y>0.46166667</y>
      <w>0.5102639</w>
      <t>4000</t>
    </point>
    <point>
      <x>0.64166665</x>
      <y>0.46333334</y>
      <w>0.5102639</w>
      <t>4000</t>
    </point>
    <point>
      <x>0.64166665</x>
      <y>0.465</y>
      <w>0.53372437</w>
      <t>4034</t>
    </point>
    <point>
      <x>0.6433333</x>
      <y>0.46666667</y>
      <w>0.53372437</w>
      <t>4034</t>
    </point>
    <point>
      <x>0.6433333</x>
      <y>0.46833333</y>
      <w>0.53372437</w>
      <t>4034</t>
    </point>
    <point>
      <x>0.645</x>
      <y>0.47</y>
      <w>0.53372437</w>
      <t>4034</t>
    </point>
    <point>
      <x>0.64666665</x>
      <y>0.47166666</y>
      <w>0.53372437</w>
      <t>4034</t>
    </point>
    <point>
      <x>0.64666665</x>
      <y>0.47333333</y>
      <w>0.5415445</w>
      <t>4067</t>
    </point>
    <point>
      <x>0.64666665</x>
      <y>0.475</y>
      <w>0.5415445</w>
      <t>4067</t>
    </point>
    <point>
      <x>0.6483333</x>
      <y>0.47666666</y>
      <w>0.5415445</w>
      <t>4067</t>
    </point>
    <point>
      <x>0.6483333</x>
      <y>0.47833332</y>
      <w>0.5415445</w>
      <t>4067</t>
    </point>
    <point>
      <x>0.6483333</x>
      <y>0.48166665</y>
      <w>0.57478005</w>
      <t>4100</t>
    </point>
    <point>
      <x>0.6483333</x>
      <y>0.48333332</y>
      <w>0.57478005</w>
      <t>4100</t>
    </point>
    <point>
      <x>0.6483333</x>
      <y>0.48666668</y>
      <w>0.57478005</w>
      <t>4100</t>
    </point>
    <point>
      <x>0.65</x>
      <y>0.49</y>
      <w>0.57478005</w>
      <t>4100</t>
    </point>
    <point>
      <x>0.65</x>
      <y>0.49166667</y>
      <w>0.57478005</w>
      <t>4100</t>
    </point>
    <point>
      <x>0.65</x>
      <y>0.495</y>
      <w>0.5835777</w>
      <t>4134</t>
    </point>
    <point>
      <x>0.65</x>
      <y>0.49666667</y>
      <w>0.5835777</w>
      <t>4134</t>
    </point>
    <point>
      <x>0.65</x>
      <y>0.5</y>
      <w>0.5835777</w>
      <t>4134</t>
    </point>
    <point>
      <x>0.65</x>
      <y>0.50166667</y>
      <w>0.5835777</w>
      <t>4134</t>
    </point>
    <point>
      <x>0.65</x>
      <y>0.505</y>
      <w>0.60215056</w>
      <t>4167</t>
    </point>
    <point>
      <x>0.65</x>
      <y>0.50666666</y>
      <w>0.60215056</w>
      <t>4167</t>
    </point>
    <point>
      <x>0.65</x>
      <y>0.5083333</y>
      <w>0.60215056</w>
      <t>4167</t>
    </point>
    <point>
      <x>0.65</x>
      <y>0.51</y>
      <w>0.60215056</w>
      <t>4167</t>
    </point>
    <point>
      <x>0.65</x>
      <y>0.5133333</y>
      <w>0.60215056</w>
      <t>4167</t>
    </point>
    <point>
      <x>0.65</x>
      <y>0.515</y>
      <w>0.62658846</w>
      <t>4200</t>
    </point>
    <point>
      <x>0.65</x>
      <y>0.5183333</y>
      <w>0.62658846</w>
      <t>4200</t>
    </point>
    <point>
      <x>0.6483333</x>
      <y>0.52166665</y>
      <w>0.62658846</w>
      <t>4200</t>
    </point>
    <point>
      <x>0.6483333</x>
      <y>0.525</y>
      <w>0.62658846</w>
      <t>4200</t>
    </point>
    <point>
      <x>0.6483333</x>
      <y>0.52666664</y>
      <w>0.6520039</w>
      <t>4234</t>
    </point>
    <point>
      <x>0.64666665</x>
      <y>0.53</y>
      <w>0.6520039</w>
      <t>4234</t>
    </point>
    <point>
      <x>0.64666665</x>
      <y>0.53333336</y>
      <w>0.6520039</w>
      <t>4234</t>
    </point>
    <point>
      <x>0.64666665</x>
      <y>0.5366667</y>
      <w>0.6520039</w>
      <t>4234</t>
    </point>
    <point>
      <x>0.645</x>
      <y>0.54</y>
      <w>0.67155427</w>
      <t>4267</t>
    </point>
    <point>
      <x>0.645</x>
      <y>0.5416667</y>
      <w>0.67155427</w>
      <t>4267</t>
    </point>
    <point>
      <x>0.6433333</x>
      <y>0.545</y>
      <w>0.67155427</w>
      <t>4267</t>
    </point>
    <point>
      <x>0.6433333</x>
      <y>0.54833335</y>
      <w>0.67155427</w>
      <t>4267</t>
    </point>
    <point>
      <x>0.64166665</x>
      <y>0.55</y>
      <w>0.67155427</w>
      <t>4267</t>
    </point>
    <point>
      <x>0.64</x>
      <y>0.55333334</y>
      <w>0.6959922</w>
      <t>4300</t>
    </point>
    <point>
      <x>0.64</x>
      <y>0.5566667</y>
      <w>0.6959922</w>
      <t>4300</t>
    </point>
    <point>
      <x>0.6383333</x>
      <y>0.56</y>
      <w>0.6959922</w>
      <t>4300</t>
    </point>
    <point>
      <x>0.63666666</x>
      <y>0.56333333</y>
      <w>0.6959922</w>
      <t>4300</t>
    </point>
    <point>
      <x>0.63666666</x>
      <y>0.56666666</y>
      <w>0.71847504</w>
      <t>4334</t>
    </point>
    <point>
      <x>0.635</x>
      <y>0.5683333</y>
      <w>0.71847504</w>
      <t>4334</t>
    </point>
    <point>
      <x>0.6333333</x>
      <y>0.57166666</y>
      <w>0.71847504</w>
      <t>4334</t>
    </point>
    <point>
      <x>0.6333333</x>
      <y>0.575</y>
      <w>0.71847504</w>
      <t>4334</t>
    </point>
    <point>
      <x>0.63166666</x>
      <y>0.57666665</y>
      <w>0.71847504</w>
      <t>4334</t>
    </point>
    <point>
      <x>0.63166666</x>
      <y>0.58</y>
      <w>0.72043014</w>
      <t>4367</t>
    </point>
    <point>
      <x>0.63166666</x>
      <y>0.5833333</y>
      <w>0.72043014</w>
      <t>4367</t>
    </point>
    <point>
      <x>0.63</x>
      <y>0.585</y>
      <w>0.72043014</w>
      <t>4367</t>
    </point>
    <point>
      <x>0.63</x>
      <y>0.5883333</y>
      <w>0.72043014</w>
      <t>4367</t>
    </point>
    <point>
      <x>0.63</x>
      <y>0.59</y>
      <w>0.7194526</w>
      <t>4401</t>
    </point>
    <point>
      <x>0.63</x>
      <y>0.59166664</y>
      <w>0.7194526</w>
      <t>4401</t>
    </point>
    <point>
      <x>0.63</x>
      <y>0.5933333</y>
      <w>0.7194526</w>
      <t>4401</t>
    </point>
    <point>
      <x>0.63</x>
      <y>0.595</y>
      <w>0.7194526</w>
      <t>4401</t>
    </point>
    <point>
      <x>0.63</x>
      <y>0.5966667</y>
      <w>0.7194526</w>
      <t>4401</t>
    </point>
    <point>
      <x>0.63</x>
      <y>0.59833336</y>
      <w>0.71652</w>
      <t>4434</t>
    </point>
    <point>
      <x>0.63166666</x>
      <y>0.6</y>
      <w>0.71652</w>
      <t>4434</t>
    </point>
    <point>
      <x>0.63166666</x>
      <y>0.6016667</y>
      <w>0.71652</w>
      <t>4434</t>
    </point>
    <point>
      <x>0.63166666</x>
      <y>0.60333335</y>
      <w>0.71652</w>
      <t>4434</t>
    </point>
    <point>
      <x>0.6333333</x>
      <y>0.60333335</y>
      <w>0.714565</w>
      <t>4467</t>
    </point>
    <point>
      <x>0.6333333</x>
      <y>0.605</y>
      <w>0.714565</w>
      <t>4467</t>
    </point>
    <point>
      <x>0.635</x>
      <y>0.6066667</y>
      <w>0.714565</w>
      <t>4467</t>
    </point>
    <point>
      <x>0.63666666</x>
      <y>0.60833335</y>
      <w>0.714565</w>
      <t>4467</t>
    </point>
    <point>
      <x>0.63666666</x>
      <y>0.61</y>
      <w>0.714565</w>
      <t>4467</t>
    </point>
    <point>
      <x>0.6383333</x>
      <y>0.61</y>
      <w>0.71163243</w>
      <t>4501</t>
    </point>
    <point>
      <x>0.64</x>
      <y>0.6116667</y>
      <w>0.71163243</w>
      <t>4501</t>
    </point>
    <point>
      <x>0.64166665</x>
      <y>0.61333334</y>
      <w>0.71163243</w>
      <t>4501</t>
    </point>
    <point>
      <x>0.6433333</x>
      <y>0.615</y>
      <w>0.71163243</w>
      <t>4501</t>
    </point>
    <point>
      <x>0.645</x>
      <y>0.6166667</y>
      <w>0.7106549</w>
      <t>4534</t>
    </point>
    <point>
      <x>0.64666665</x>
      <y>0.61833334</y>
      <w>0.7106549</w>
      <t>4534</t>
    </point>
    <point>
      <x>0.6483333</x>
      <y>0.62</y>
      <w>0.7106549</w>
      <t>4534</t>
    </point>
    <point>
      <x>0.65</x>
      <y>0.62166667</y>
      <w>0.7096774</w>
      <t>4567</t>
    </point>
    <point>
      <x>0.65166664</x>
      <y>0.62333333</y>
      <w>0.7096774</w>
      <t>4567</t>
    </point>
    <point>
      <x>0.6533333</x>
      <y>0.625</y>
      <w>0.7096774</w>
      <t>4567</t>
    </point>
    <point>
      <x>0.655</x>
      <y>0.625</y>
      <w>0.7096774</w>
      <t>4567</t>
    </point>
    <point>
      <x>0.6566667</x>
      <y>0.62666667</y>
      <w>0.70772237</w>
      <t>4601</t>
    </point>
    <point>
      <x>0.65833336</x>
      <y>0.62833333</y>
      <w>0.70772237</w>
      <t>4601</t>
    </point>
    <point>
      <x>0.66</x>
      <y>0.63</y>
      <w>0.70772237</w>
      <t>4601</t>
    </point>
    <point>
      <x>0.6616667</x>
      <y>0.63</y>
      <w>0.70772237</w>
      <t>4601</t>
    </point>
    <point>
      <x>0.66333336</x>
      <y>0.63166666</y>
      <w>0.70674485</w>
      <t>4634</t>
    </point>
    <point>
      <x>0.665</x>
      <y>0.6333333</y>
      <w>0.70674485</w>
      <t>4634</t>
    </point>
    <point>
      <x>0.66833335</x>
      <y>0.635</y>
      <w>0.70674485</w>
      <t>4634</t>
    </point>
    <point>
      <x>0.67</x>
      <y>0.635</y>
      <w>0.70674485</w>
      <t>4634</t>
    </point>
    <point>
      <x>0.67333335</x>
      <y>0.63666666</y>
      <w>0.70674485</w>
      <t>4634</t>
    </point>
    <point>
      <x>0.675</x>
      <y>0.6383333</y>
      <w>0.7047898</w>
      <t>4667</t>
    </point>
    <point>
      <x>0.67833334</x>
      <y>0.64</y>
      <w>0.7047898</w>
      <t>4667</t>
    </point>
    <point>
      <x>0.68</x>
      <y>0.64166665</y>
      <w>0.7047898</w>
      <t>4667</t>
    </point>
    <point>
      <x>0.68333334</x>
      <y>0.6433333</y>
      <w>0.7047898</w>
      <t>4667</t>
    </point>
    <point>
      <x>0.68666667</x>
      <y>0.645</y>
      <w>0.7028348</w>
      <t>4700</t>
    </point>
    <point>
      <x>0.68833333</x>
      <y>0.64666665</y>
      <w>0.7028348</w>
      <t>4700</t>
    </point>
    <point>
      <x>0.69166666</x>
      <y>0.64666665</y>
      <w>0.7028348</w>
      <t>4700</t>
    </point>
    <point>
      <x>0.695</x>
      <y>0.6483333</y>
      <w>0.7028348</w>
      <t>4700</t>
    </point>
    <point>
      <x>0.69666666</x>
      <y>0.65</y>
      <w>0.7028348</w>
      <t>4700</t>
    </point>
    <point>
      <x>0.7</x>
      <y>0.65</y>
      <w>0.70087975</w>
      <t>4734</t>
    </point>
    <point>
      <x>0.7033333</x>
      <y>0.65166664</y>
      <w>0.70087975</w>
      <t>4734</t>
    </point>
    <point>
      <x>0.70666665</x>
      <y>0.6533333</y>
      <w>0.70087975</w>
      <t>4734</t>
    </point>
    <point>
      <x>0.71</x>
      <y>0.6533333</y>
      <w>0.70087975</w>
      <t>4734</t>
    </point>
    <point>
      <x>0.71166664</x>
      <y>0.655</y>
      <w>0.6989247</w>
      <t>4767</t>
    </point>
    <point>
      <x>0.715</x>
      <y>0.655</y>
      <w>0.6989247</w>
      <t>4767</t>
    </point>
    <point>
      <x>0.7183333</x>
      <y>0.6566667</y>
      <w>0.6989247</w>
      <t>4767</t>
    </point>
    <point>
      <x>0.72</x>
      <y>0.6566667</y>
      <w>0.6989247</w>
      <t>4767</t>
    </point>
    <point>
      <x>0.72333336</x>
      <y>0.65833336</y>
      <w>0.6989247</w>
      <t>4767</t>
    </point>
    <point>
      <x>0.725</x>
      <y>0.65833336</y>
      <w>0.6969697</w>
      <t>4801</t>
    </point>
    <point>
      <x>0.7266667</x>
      <y>0.66</y>
      <w>0.6969697</w>
      <t>4801</t>
    </point>
    <point>
      <x>0.73</x>
      <y>0.66</y>
      <w>0.6969697</w>
      <t>4801</t>
    </point>
    <point>
      <x>0.7316667</x>
      <y>0.66</y>
      <w>0.6969697</w>
      <t>4801</t>
    </point>
    <point>
      <x>0.73333335</x>
      <y>0.6616667</y>
      <w>0.69403714</w>
      <t>4834</t>
    </point>
    <point>
      <x>0.7366667</x>
      <y>0.6616667</y>
      <w>0.69403714</w>
      <t>4834</t>
    </point>
    <point>
      <x>0.73833334</x>
      <y>0.6616667</y>
      <w>0.69403714</w>
      <t>4834</t>
    </point>
    <point>
      <x>0.74</x>
      <y>0.66333336</y>
      <w>0.69403714</w>
      <t>4834</t>
    </point>
    <point>
      <x>0.7416667</x>
      <y>0.66333336</y>
      <w>0.69403714</w>
      <t>4834</t>
    </point>
    <point>
      <x>0.74333334</x>
      <y>0.665</y>
      <w>0.6930596</w>
      <t>4867</t>
    </point>
    <point>
      <x>0.745</x>
      <y>0.665</y>
      <w>0.6930596</w>
      <t>4867</t>
    </point>
    <point>
      <x>0.74666667</x>
      <y>0.665</y>
      <w>0.6930596</w>
      <t>4867</t>
    </point>
    <point>
      <x>0.74833333</x>
      <y>0.6666667</y>
      <w>0.6930596</w>
      <t>4901</t>
    </point>
    <point>
      <x>0.75</x>
      <y>0.6666667</y>
      <w>0.6930596</w>
      <t>4934</t>
    </point>
    <point>
      <x>0.75166667</x>
      <y>0.6666667</y>
      <w>0.6930596</w>
      <t>4934</t>
    </point>
  </stroke>
</character>
