<?xml version="1.0" encoding="UTF-8"?>
<character>
  <stroke time="0">
    <point>
      <x>0.40666667</x>
      <y>0.185</y>
      <w>0.4398827</w>
      <t>103</t>
    </point>
    <point>
      <x>0.40833333</x>
      <y>0.185</y>
      <w>0.4398827</w>
      <t>103</t>
    </point>
    <point>
      <x>0.40833333</x>
      <y>0.18666667</y>
      <w>0.4398827</w>
      <t>103</t>
    </point>
    <point>
      <x>0.41</x>
      <y>0.18666667</y>
      <w>0.52492666</w>
      <t>133</t>
    </point>
    <point>
      <x>0.41</x>
      <y>0.18833333</y>
      <w>0.52492666</w>
      <t>133</t>
    </point>
    <point>
      <x>0.41166666</x>
      <y>0.19</y>
      <w>0.52492666</w>
      <t>133</t>
    </point>
    <point>
      <x>0.41333333</x>
      <y>0.19166666</y>
      <w>0.5650049</w>
      <t>167</t>
    </point>
    <point>
      <x>0.415</x>
      <y>0.19333333</y>
      <w>0.5650049</w>
      <t>167</t>
    </point>
    <point>
      <x>0.415</x>
      <y>0.195</y>
      <w>0.5650049</w>
      <t>167</t>
    </point>
    <point>
      <x>0.41666666</x>
      <y>0.195</y>
      <w>0.5650049</w>
      <t>168</t>
    </point>
    <point>
      <x>0.41666666</x>
      <y>0.19666667</y>
      <w>0.5650049</w>
      <t>168</t>
    </point>
    <point>
      <x>0.41833332</x>
      <y>0.19666667</y>
      <w>0.5884653</w>
      <t>201</t>
    </point>
    <point>
      <x>0.42</x>
      <y>0.19666667</y>
      <w>0.5884653</w>
      <t>201</t>
    </point>
    <point>
      <x>0.42</x>
      <y>0.19833334</y>
      <w>0.5884653</w>
      <t>201</t>
    </point>
    <point>
      <x>0.42166665</x>
      <y>0.19833334</y>
      <w>0.5884653</w>
      <t>202</t>
    </point>
    <point>
      <x>0.42333335</x>
      <y>0.2</y>
      <w>0.6031281</w>
      <t>233</t>
    </point>
    <point>
      <x>0.425</x>
      <y>0.2</y>
      <w>0.6168133</w>
      <t>267</t>
    </point>
    <point>
      <x>0.42666668</x>
      <y>0.2</y>
      <w>0.6168133</w>
      <t>267</t>
    </point>
    <point>
      <x>0.42666668</x>
      <y>0.20166667</y>
      <w>0.6168133</w>
      <t>267</t>
    </point>
    <point>
      <x>0.42833334</x>
      <y>0.20166667</y>
      <w>0.63147604</w>
      <t>300</t>
    </point>
    <point>
      <x>0.43166667</x>
      <y>0.20166667</y>
      <w>0.63147604</w>
      <t>302</t>
    </point>
    <point>
      <x>0.43333334</x>
      <y>0.20166667</y>
      <w>0.63147604</w>
      <t>302</t>
    </point>
    <point>
      <x>0.435</x>
      <y>0.20166667</y>
      <w>0.63147604</w>
      <t>302</t>
    </point>
    <point>
      <x>0.43833333</x>
      <y>0.20166667</y>
      <w>0.63147604</w>
      <t>302</t>
    </point>
    <point>
      <x>0.44166666</x>
      <y>0.20166667</y>
      <w>0.64320624</w>
      <t>334</t>
    </point>
    <point>
      <x>0.445</x>
      <y>0.20166667</y>
      <w>0.64320624</w>
      <t>334</t>
    </point>
    <point>
      <x>0.44833332</x>
      <y>0.2</y>
      <w>0.64320624</w>
      <t>334</t>
    </point>
    <point>
      <x>0.45333335</x>
      <y>0.19833334</y>
      <w>0.64320624</w>
      <t>335</t>
    </point>
    <point>
      <x>0.45666668</x>
      <y>0.19666667</y>
      <w>0.6520039</w>
      <t>366</t>
    </point>
    <point>
      <x>0.46166667</x>
      <y>0.195</y>
      <w>0.6520039</w>
      <t>366</t>
    </point>
    <point>
      <x>0.46833333</x>
      <y>0.19333333</y>
      <w>0.6520039</w>
      <t>366</t>
    </point>
    <point>
      <x>0.475</x>
      <y>0.19</y>
      <w>0.6520039</w>
      <t>367</t>
    </point>
    <point>
      <x>0.48166665</x>
      <y>0.18666667</y>
      <w>0.6568915</w>
      <t>400</t>
    </point>
    <point>
      <x>0.49</x>
      <y>0.185</y>
      <w>0.6568915</w>
      <t>400</t>
    </point>
    <point>
      <x>0.49833333</x>
      <y>0.18</y>
      <w>0.6568915</w>
      <t>400</t>
    </point>
    <point>
      <x>0.50666666</x>
      <y>0.17666666</y>
      <w>0.6568915</w>
      <t>401</t>
    </point>
    <point>
      <x>0.515</x>
      <y>0.17333333</y>
      <w>0.6568915</w>
      <t>401</t>
    </point>
    <point>
      <x>0.5233333</x>
      <y>0.17</y>
      <w>0.65786904</w>
      <t>433</t>
    </point>
    <point>
      <x>0.53</x>
      <y>0.16833334</y>
      <w>0.65786904</w>
      <t>433</t>
    </point>
    <point>
      <x>0.535</x>
      <y>0.16666667</y>
      <w>0.65786904</w>
      <t>433</t>
    </point>
    <point>
      <x>0.54</x>
      <y>0.16666667</y>
      <w>0.65786904</w>
      <t>434</t>
    </point>
    <point>
      <x>0.545</x>
      <y>0.165</y>
      <w>0.65884656</w>
      <t>466</t>
    </point>
    <point>
      <x>0.54833335</x>
      <y>0.165</y>
      <w>0.65884656</w>
      <t>466</t>
    </point>
    <point>
      <x>0.5516667</x>
      <y>0.165</y>
      <w>0.65884656</w>
      <t>466</t>
    </point>
    <point>
      <x>0.555</x>
      <y>0.16333333</y>
      <w>0.65884656</w>
      <t>467</t>
    </point>
    <point>
      <x>0.5566667</x>
      <y>0.16333333</y>
      <w>0.65786904</w>
      <t>500</t>
    </point>
    <point>
      <x>0.56</x>
      <y>0.16333333</y>
      <w>0.65786904</w>
      <t>500</t>
    </point>
    <point>
      <x>0.56166667</x>
      <y>0.16333333</y>
      <w>0.65786904</w>
      <t>500</t>
    </point>
    <point>
      <x>0.56333333</x>
      <y>0.16333333</y>
      <w>0.65786904</w>
      <t>500</t>
    </point>
    <point>
      <x>0.56333333</x>
      <y>0.165</y>
      <w>0.6627566</w>
      <t>567</t>
    </point>
    <point>
      <x>0.56333333</x>
      <y>0.16666667</y>
      <w>0.6627566</w>
      <t>567</t>
    </point>
    <point>
      <x>0.56333333</x>
      <y>0.17</y>
      <w>0.6627566</w>
      <t>567</t>
    </point>
    <point>
      <x>0.56166667</x>
      <y>0.175</y>
      <w>0.67741936</w>
      <t>600</t>
    </point>
    <point>
      <x>0.56</x>
      <y>0.18</y>
      <w>0.67741936</w>
      <t>600</t>
    </point>
    <point>
      <x>0.5566667</x>
      <y>0.18666667</y>
      <w>0.67741936</w>
      <t>600</t>
    </point>
    <point>
      <x>0.55333334</x>
      <y>0.19333333</y>
      <w>0.67741936</w>
      <t>601</t>
    </point>
    <point>
      <x>0.54833335</x>
      <y>0.2</y>
      <w>0.68328446</w>
      <t>633</t>
    </point>
    <point>
      <x>0.54333335</x>
      <y>0.20666666</y>
      <w>0.68328446</w>
      <t>633</t>
    </point>
    <point>
      <x>0.54</x>
      <y>0.21333334</y>
      <w>0.68328446</w>
      <t>633</t>
    </point>
    <point>
      <x>0.535</x>
      <y>0.22</y>
      <w>0.68328446</w>
      <t>634</t>
    </point>
    <point>
      <x>0.53</x>
      <y>0.22666667</y>
      <w>0.68328446</w>
      <t>634</t>
    </point>
    <point>
      <x>0.52666664</x>
      <y>0.23333333</y>
      <w>0.686217</w>
      <t>666</t>
    </point>
    <point>
      <x>0.52166665</x>
      <y>0.24</y>
      <w>0.686217</w>
      <t>666</t>
    </point>
    <point>
      <x>0.5183333</x>
      <y>0.24666667</y>
      <w>0.686217</w>
      <t>666</t>
    </point>
    <point>
      <x>0.5133333</x>
      <y>0.25333333</y>
      <w>0.686217</w>
      <t>666</t>
    </point>
    <point>
      <x>0.51</x>
      <y>0.26</y>
      <w>0.686217</w>
      <t>700</t>
    </point>
    <point>
      <x>0.50666666</x>
      <y>0.26666668</y>
      <w>0.686217</w>
      <t>700</t>
    </point>
    <point>
      <x>0.50333333</x>
      <y>0.27333334</y>
      <w>0.686217</w>
      <t>700</t>
    </point>
    <point>
      <x>0.50166667</x>
      <y>0.27833334</y>
      <w>0.686217</w>
      <t>700</t>
    </point>
    <point>
      <x>0.49833333</x>
      <y>0.28333333</y>
      <w>0.686217</w>
      <t>701</t>
    </point>
    <point>
      <x>0.49833333</x>
      <y>0.28833333</y>
      <w>0.686217</w>
      <t>734</t>
    </point>
    <point>
      <x>0.49666667</x>
      <y>0.29166666</y>
      <w>0.686217</w>
      <t>735</t>
    </point>
    <point>
      <x>0.49666667</x>
      <y>0.295</y>
      <w>0.6852395</w>
      <t>735</t>
    </point>
    <point>
      <x>0.49666667</x>
      <y>0.29833335</y>
      <w>0.6852395</w>
      <t>735</t>
    </point>
    <point>
      <x>0.49666667</x>
      <y>0.3</y>
      <w>0.6783969</w>
      <t>767</t>
    </point>
    <point>
      <x>0.49666667</x>
      <y>0.30333334</y>
      <w>0.6783969</w>
      <t>767</t>
    </point>
    <point>
      <x>0.49666667</x>
      <y>0.305</y>
      <w>0.6783969</w>
      <t>767</t>
    </point>
    <point>
      <x>0.49666667</x>
      <y>0.30666667</y>
      <w>0.6783969</w>
      <t>767</t>
    </point>
    <point>
      <x>0.49666667</x>
      <y>0.30833334</y>
      <w>0.6744868</w>
      <t>800</t>
    </point>
    <point>
      <x>0.49833333</x>
      <y>0.31</y>
      <w>0.6744868</w>
      <t>800</t>
    </point>
    <point>
      <x>0.5</x>
      <y>0.31166667</y>
      <w>0.6744868</w>
      <t>800</t>
    </point>
    <point>
      <x>0.50166667</x>
      <y>0.31333333</y>
      <w>0.67057675</w>
      <t>833</t>
    </point>
    <point>
      <x>0.505</x>
      <y>0.315</y>
      <w>0.67057675</w>
      <t>833</t>
    </point>
    <point>
      <x>0.50666666</x>
      <y>0.31666666</y>
      <w>0.67057675</w>
      <t>833</t>
    </point>
    <point>
      <x>0.51</x>
      <y>0.31833333</y>
      <w>0.67057675</w>
      <t>835</t>
    </point>
    <point>
      <x>0.51166666</x>
      <y>0.32166666</y>
      <w>0.67057675</w>
      <t>835</t>
    </point>
    <point>
      <x>0.515</x>
      <y>0.32333332</y>
      <w>0.67057675</w>
      <t>867</t>
    </point>
    <point>
      <x>0.5183333</x>
      <y>0.32666665</y>
      <w>0.67057675</w>
      <t>867</t>
    </point>
    <point>
      <x>0.52166665</x>
      <y>0.32833335</y>
      <w>0.67057675</w>
      <t>867</t>
    </point>
    <point>
      <x>0.525</x>
      <y>0.33166668</y>
      <w>0.67057675</w>
      <t>867</t>
    </point>
    <point>
      <x>0.5283333</x>
      <y>0.335</y>
      <w>0.66959924</w>
      <t>900</t>
    </point>
    <point>
      <x>0.5316667</x>
      <y>0.33666667</y>
      <w>0.66959924</w>
      <t>900</t>
    </point>
    <point>
      <x>0.535</x>
      <y>0.34</y>
      <w>0.66959924</w>
      <t>900</t>
    </point>
    <point>
      <x>0.5366667</x>
      <y>0.34166667</y>
      <w>0.66959924</w>
      <t>900</t>
    </point>
    <point>
      <x>0.54</x>
      <y>0.345</y>
      <w>0.6686217</w>
      <t>933</t>
    </point>
    <point>
      <x>0.5416667</x>
      <y>0.34833333</y>
      <w>0.6686217</w>
      <t>933</t>
    </point>
    <point>
      <x>0.54333335</x>
      <y>0.35</y>
      <w>0.6686217</w>
      <t>933</t>
    </point>
    <point>
      <x>0.5466667</x>
      <y>0.35333332</y>
      <w>0.6686217</w>
      <t>933</t>
    </point>
    <point>
      <x>0.54833335</x>
      <y>0.35666665</y>
      <w>0.6686217</w>
      <t>934</t>
    </point>
    <point>
      <x>0.55</x>
      <y>0.36166668</y>
      <w>0.6686217</w>
      <t>967</t>
    </point>
    <point>
      <x>0.5516667</x>
      <y>0.365</y>
      <w>0.6686217</w>
      <t>967</t>
    </point>
    <point>
      <x>0.5516667</x>
      <y>0.36833334</y>
      <w>0.6686217</w>
      <t>967</t>
    </point>
    <point>
      <x>0.55333334</x>
      <y>0.37333333</y>
      <w>0.6686217</w>
      <t>968</t>
    </point>
    <point>
      <x>0.555</x>
      <y>0.37833333</y>
      <w>0.6676442</w>
      <t>1000</t>
    </point>
    <point>
      <x>0.5566667</x>
      <y>0.38333333</y>
      <w>0.6676442</w>
      <t>1000</t>
    </point>
    <point>
      <x>0.5566667</x>
      <y>0.38833332</y>
      <w>0.6676442</w>
      <t>1000</t>
    </point>
    <point>
      <x>0.55833334</x>
      <y>0.39333335</y>
      <w>0.6676442</w>
      <t>1000</t>
    </point>
    <point>
      <x>0.55833334</x>
      <y>0.39833334</y>
      <w>0.6676442</w>
      <t>1000</t>
    </point>
    <point>
      <x>0.56</x>
      <y>0.40333334</y>
      <w>0.6656892</w>
      <t>1033</t>
    </point>
    <point>
      <x>0.56</x>
      <y>0.40833333</y>
      <w>0.6656892</w>
      <t>1033</t>
    </point>
    <point>
      <x>0.56166667</x>
      <y>0.41333333</y>
      <w>0.6656892</w>
      <t>1033</t>
    </point>
    <point>
      <x>0.56166667</x>
      <y>0.41833332</y>
      <w>0.6656892</w>
      <t>1033</t>
    </point>
    <point>
      <x>0.56166667</x>
      <y>0.425</y>
      <w>0.6608016</w>
      <t>1067</t>
    </point>
    <point>
      <x>0.56166667</x>
      <y>0.43</y>
      <w>0.6608016</w>
      <t>1067</t>
    </point>
    <point>
      <x>0.56166667</x>
      <y>0.43666667</y>
      <w>0.6608016</w>
      <t>1067</t>
    </point>
    <point>
      <x>0.56166667</x>
      <y>0.44166666</y>
      <w>0.6608016</w>
      <t>1067</t>
    </point>
    <point>
      <x>0.56166667</x>
      <y>0.44833332</y>
      <w>0.6608016</w>
      <t>1067</t>
    </point>
    <point>
      <x>0.56166667</x>
      <y>0.45333335</y>
      <w>0.65004885</w>
      <t>1100</t>
    </point>
    <point>
      <x>0.56166667</x>
      <y>0.45833334</y>
      <w>0.65004885</w>
      <t>1100</t>
    </point>
    <point>
      <x>0.56166667</x>
      <y>0.465</y>
      <w>0.65004885</w>
      <t>1100</t>
    </point>
    <point>
      <x>0.56166667</x>
      <y>0.47</y>
      <w>0.65004885</w>
      <t>1100</t>
    </point>
    <point>
      <x>0.56166667</x>
      <y>0.47666666</y>
      <w>0.6422287</w>
      <t>1134</t>
    </point>
    <point>
      <x>0.56166667</x>
      <y>0.48333332</y>
      <w>0.6422287</w>
      <t>1134</t>
    </point>
    <point>
      <x>0.56166667</x>
      <y>0.48833334</y>
      <w>0.6422287</w>
      <t>1134</t>
    </point>
    <point>
      <x>0.56166667</x>
      <y>0.495</y>
      <w>0.6412512</w>
      <t>1135</t>
    </point>
    <point>
      <x>0.56166667</x>
      <y>0.5</y>
      <w>0.62658846</w>
      <t>1167</t>
    </point>
    <point>
      <x>0.56</x>
      <y>0.505</y>
      <w>0.62658846</w>
      <t>1167</t>
    </point>
    <point>
      <x>0.56</x>
      <y>0.51</y>
      <w>0.62658846</w>
      <t>1167</t>
    </point>
    <point>
      <x>0.55833334</x>
      <y>0.515</y>
      <w>0.62658846</w>
      <t>1168</t>
    </point>
    <point>
      <x>0.5566667</x>
      <y>0.52166665</y>
      <w>0.62658846</w>
      <t>1168</t>
    </point>
    <point>
      <x>0.555</x>
      <y>0.52666664</y>
      <w>0.6109482</w>
      <t>1200</t>
    </point>
    <point>
      <x>0.55333334</x>
      <y>0.5316667</y>
      <w>0.6109482</w>
      <t>1200</t>
    </point>
    <point>
      <x>0.5516667</x>
      <y>0.53833336</y>
      <w>0.6109482</w>
      <t>1200</t>
    </point>
    <point>
      <x>0.5516667</x>
      <y>0.54333335</y>
      <w>0.6109482</w>
      <t>1200</t>
    </point>
    <point>
      <x>0.55</x>
      <y>0.54833335</y>
      <w>0.59628546</w>
      <t>1233</t>
    </point>
    <point>
      <x>0.5466667</x>
      <y>0.5516667</y>
      <w>0.59628546</w>
      <t>1233</t>
    </point>
    <point>
      <x>0.545</x>
      <y>0.5566667</y>
      <w>0.59628546</w>
      <t>1233</t>
    </point>
    <point>
      <x>0.54333335</x>
      <y>0.56166667</y>
      <w>0.59628546</w>
      <t>1233</t>
    </point>
    <point>
      <x>0.54</x>
      <y>0.56666666</y>
      <w>0.59628546</w>
      <t>1233</t>
    </point>
    <point>
      <x>0.53833336</x>
      <y>0.57166666</y>
      <w>0.5767351</w>
      <t>1267</t>
    </point>
    <point>
      <x>0.535</x>
      <y>0.575</y>
      <w>0.5767351</w>
      <t>1267</t>
    </point>
    <point>
      <x>0.53333336</x>
      <y>0.5783333</y>
      <w>0.5767351</w>
      <t>1267</t>
    </point>
    <point>
      <x>0.53</x>
      <y>0.58166665</y>
      <w>0.5767351</w>
      <t>1267</t>
    </point>
    <point>
      <x>0.52666664</x>
      <y>0.585</y>
      <w>0.54545456</w>
      <t>1300</t>
    </point>
    <point>
      <x>0.525</x>
      <y>0.5883333</y>
      <w>0.54545456</w>
      <t>1300</t>
    </point>
    <point>
      <x>0.52166665</x>
      <y>0.59166664</y>
      <w>0.54545456</w>
      <t>1300</t>
    </point>
    <point>
      <x>0.5183333</x>
      <y>0.5933333</y>
      <w>0.54545456</w>
      <t>1300</t>
    </point>
    <point>
      <x>0.5133333</x>
      <y>0.5966667</y>
      <w>0.54545456</w>
      <t>1300</t>
    </point>
    <point>
      <x>0.51</x>
      <y>0.59833336</y>
      <w>0.47800586</w>
      <t>1333</t>
    </point>
    <point>
      <x>0.505</x>
      <y>0.6016667</y>
      <w>0.47800586</w>
      <t>1333</t>
    </point>
    <point>
      <x>0.5</x>
      <y>0.60333335</y>
      <w>0.47800586</w>
      <t>1333</t>
    </point>
    <point>
      <x>0.49666667</x>
      <y>0.605</y>
      <w>0.47800586</w>
      <t>1333</t>
    </point>
    <point>
      <x>0.49166667</x>
      <y>0.6066667</y>
      <w>0.44477028</w>
      <t>1367</t>
    </point>
    <point>
      <x>0.48666668</x>
      <y>0.60833335</y>
      <w>0.44477028</w>
      <t>1367</t>
    </point>
    <point>
      <x>0.48166665</x>
      <y>0.61</y>
      <w>0.44477028</w>
      <t>1367</t>
    </point>
    <point>
      <x>0.47833332</x>
      <y>0.61</y>
      <w>0.44477028</w>
      <t>1367</t>
    </point>
    <point>
      <x>0.47333333</x>
      <y>0.6116667</y>
      <w>0.44477028</w>
      <t>1367</t>
    </point>
    <point>
      <x>0.47</x>
      <y>0.6116667</y>
      <w>0.4398827</w>
      <t>1400</t>
    </point>
    <point>
      <x>0.46666667</x>
      <y>0.6116667</y>
      <w>0.4398827</w>
      <t>1400</t>
    </point>
    <point>
      <x>0.46166667</x>
      <y>0.6116667</y>
      <w>0.4398827</w>
      <t>1400</t>
    </point>
    <point>
      <x>0.45833334</x>
      <y>0.6116667</y>
      <w>0.4398827</w>
      <t>1400</t>
    </point>
    <point>
      <x>0.455</x>
      <y>0.61</y>
      <w>0.37829912</w>
      <t>1434</t>
    </point>
    <point>
      <x>0.45166665</x>
      <y>0.60833335</y>
      <w>0.37829912</w>
      <t>1434</t>
    </point>
    <point>
      <x>0.44833332</x>
      <y>0.6066667</y>
      <w>0.37829912</w>
      <t>1434</t>
    </point>
    <point>
      <x>0.44333333</x>
      <y>0.605</y>
      <w>0.37829912</w>
      <t>1434</t>
    </point>
    <point>
      <x>0.44</x>
      <y>0.60333335</y>
      <w>0.3196481</w>
      <t>1466</t>
    </point>
    <point>
      <x>0.43666667</x>
      <y>0.6</y>
      <w>0.3196481</w>
      <t>1466</t>
    </point>
    <point>
      <x>0.43333334</x>
      <y>0.59833336</y>
      <w>0.3196481</w>
      <t>1466</t>
    </point>
    <point>
      <x>0.42833334</x>
      <y>0.595</y>
      <w>0.3196481</w>
      <t>1466</t>
    </point>
    <point>
      <x>0.42333335</x>
      <y>0.59166664</y>
      <w>0.3196481</w>
      <t>1466</t>
    </point>
    <point>
      <x>0.41833332</x>
      <y>0.5883333</y>
      <w>0.18181819</w>
      <t>1500</t>
    </point>
    <point>
      <x>0.41333333</x>
      <y>0.5833333</y>
      <w>0.18181819</w>
      <t>1500</t>
    </point>
    <point>
      <x>0.40833333</x>
      <y>0.5783333</y>
      <w>0.18181819</w>
      <t>1500</t>
    </point>
    <point>
      <x>0.405</x>
      <y>0.5733333</y>
      <w>0.18181819</w>
      <t>1500</t>
    </point>
    <point>
      <x>0.4</x>
      <y>0.5683333</y>
      <w>0.10557185</w>
      <t>1533</t>
    </point>
    <point>
      <x>0.39666668</x>
      <y>0.56166667</y>
      <w>0.10557185</w>
      <t>1533</t>
    </point>
    <point>
      <x>0.39166668</x>
      <y>0.555</y>
      <w>0.10557185</w>
      <t>1533</t>
    </point>
    <point>
      <x>0.38833332</x>
      <y>0.55</y>
      <w>0.10557185</w>
      <t>1533</t>
    </point>
    <point>
      <x>0.385</x>
      <y>0.54333335</y>
      <w>0.10557185</w>
      <t>1533</t>
    </point>
    <point>
      <x>0.38166666</x>
      <y>0.5366667</y>
      <w>0.09970675</w>
      <t>1566</t>
    </point>
    <point>
      <x>0.38</x>
      <y>0.53</y>
      <w>0.09970675</w>
      <t>1566</t>
    </point>
    <point>
      <x>0.37666667</x>
      <y>0.5233333</y>
      <w>0.09970675</w>
      <t>1566</t>
    </point>
    <point>
      <x>0.375</x>
      <y>0.51666665</y>
      <w>0.09970675</w>
      <t>1566</t>
    </point>
    <point>
      <x>0.37333333</x>
      <y>0.5083333</y>
      <w>0.0400782</w>
      <t>1600</t>
    </point>
    <point>
      <x>0.37166667</x>
      <y>0.50166667</y>
      <w>0.0400782</w>
      <t>1600</t>
    </point>
    <point>
      <x>0.37</x>
      <y>0.49333334</y>
      <w>0.0400782</w>
      <t>1600</t>
    </point>
    <point>
      <x>0.37</x>
      <y>0.48666668</y>
      <w>0.0400782</w>
      <t>1600</t>
    </point>
    <point>
      <x>0.37</x>
      <y>0.48</y>
      <w>0.0400782</w>
      <t>1600</t>
    </point>
    <point>
      <x>0.37</x>
      <y>0.47333333</y>
      <w>0.0684262</w>
      <t>1633</t>
    </point>
    <point>
      <x>0.37</x>
      <y>0.46666667</y>
      <w>0.0684262</w>
      <t>1633</t>
    </point>
    <point>
      <x>0.37</x>
      <y>0.46166667</y>
      <w>0.0684262</w>
      <t>1633</t>
    </point>
    <point>
      <x>0.37</x>
      <y>0.45666668</y>
      <w>0.0684262</w>
      <t>1633</t>
    </point>
    <point>
      <x>0.37166667</x>
      <y>0.45166665</y>
      <w>0.09677419</w>
      <t>1667</t>
    </point>
    <point>
      <x>0.37166667</x>
      <y>0.44833332</y>
      <w>0.09677419</w>
      <t>1667</t>
    </point>
    <point>
      <x>0.37333333</x>
      <y>0.44333333</y>
      <w>0.09677419</w>
      <t>1667</t>
    </point>
    <point>
      <x>0.375</x>
      <y>0.43833333</y>
      <w>0.09677419</w>
      <t>1667</t>
    </point>
    <point>
      <x>0.37833333</x>
      <y>0.435</y>
      <w>0.09677419</w>
      <t>1667</t>
    </point>
    <point>
      <x>0.38</x>
      <y>0.43</y>
      <w>0.12707722</w>
      <t>1700</t>
    </point>
    <point>
      <x>0.38166666</x>
      <y>0.42666668</y>
      <w>0.12707722</w>
      <t>1700</t>
    </point>
    <point>
      <x>0.385</x>
      <y>0.42333335</y>
      <w>0.12707722</w>
      <t>1700</t>
    </point>
    <point>
      <x>0.38666666</x>
      <y>0.42</y>
      <w>0.12707722</w>
      <t>1700</t>
    </point>
    <point>
      <x>0.38833332</x>
      <y>0.41666666</y>
      <w>0.13782991</w>
      <t>1733</t>
    </point>
    <point>
      <x>0.39166668</x>
      <y>0.41333333</y>
      <w>0.13782991</w>
      <t>1733</t>
    </point>
    <point>
      <x>0.395</x>
      <y>0.41166666</y>
      <w>0.13782991</w>
      <t>1733</t>
    </point>
    <point>
      <x>0.39666668</x>
      <y>0.41</y>
      <w>0.13782991</w>
      <t>1733</t>
    </point>
    <point>
      <x>0.4</x>
      <y>0.40666667</y>
      <w>0.15347019</w>
      <t>1767</t>
    </point>
    <point>
      <x>0.40166667</x>
      <y>0.405</y>
      <w>0.15347019</w>
      <t>1767</t>
    </point>
    <point>
      <x>0.405</x>
      <y>0.40333334</y>
      <w>0.15347019</w>
      <t>1767</t>
    </point>
    <point>
      <x>0.40666667</x>
      <y>0.40333334</y>
      <w>0.15347019</w>
      <t>1767</t>
    </point>
    <point>
      <x>0.41</x>
      <y>0.40166667</y>
      <w>0.15347019</w>
      <t>1767</t>
    </point>
    <point>
      <x>0.41166666</x>
      <y>0.40166667</y>
      <w>0.19354838</w>
      <t>1800</t>
    </point>
    <point>
      <x>0.415</x>
      <y>0.40166667</y>
      <w>0.19354838</w>
      <t>1800</t>
    </point>
    <point>
      <x>0.41666666</x>
      <y>0.40166667</y>
      <w>0.19354838</w>
      <t>1800</t>
    </point>
    <point>
      <x>0.42</x>
      <y>0.40166667</y>
      <w>0.19354838</w>
      <t>1800</t>
    </point>
    <point>
      <x>0.42333335</x>
      <y>0.40166667</y>
      <w>0.21212122</w>
      <t>1833</t>
    </point>
    <point>
      <x>0.425</x>
      <y>0.40166667</y>
      <w>0.21212122</w>
      <t>1833</t>
    </point>
    <point>
      <x>0.42666668</x>
      <y>0.40166667</y>
      <w>0.21212122</w>
      <t>1833</t>
    </point>
    <point>
      <x>0.43</x>
      <y>0.40166667</y>
      <w>0.21212122</w>
      <t>1833</t>
    </point>
    <point>
      <x>0.43166667</x>
      <y>0.40333334</y>
      <w>0.21212122</w>
      <t>1833</t>
    </point>
    <point>
      <x>0.43333334</x>
      <y>0.40333334</y>
      <w>0.24437928</w>
      <t>1867</t>
    </point>
    <point>
      <x>0.43666667</x>
      <y>0.405</y>
      <w>0.24437928</w>
      <t>1867</t>
    </point>
    <point>
      <x>0.43833333</x>
      <y>0.40666667</y>
      <w>0.24437928</w>
      <t>1867</t>
    </point>
    <point>
      <x>0.44</x>
      <y>0.41</y>
      <w>0.24437928</w>
      <t>1867</t>
    </point>
    <point>
      <x>0.44</x>
      <y>0.41166666</y>
      <w>0.31769305</w>
      <t>1900</t>
    </point>
    <point>
      <x>0.44166666</x>
      <y>0.41333333</y>
      <w>0.31769305</w>
      <t>1900</t>
    </point>
    <point>
      <x>0.44333333</x>
      <y>0.415</y>
      <w>0.31769305</w>
      <t>1900</t>
    </point>
    <point>
      <x>0.44333333</x>
      <y>0.41666666</y>
      <w>0.31769305</w>
      <t>1900</t>
    </point>
    <point>
      <x>0.445</x>
      <y>0.42</y>
      <w>0.31769305</w>
      <t>1900</t>
    </point>
    <point>
      <x>0.44666666</x>
      <y>0.42166665</y>
      <w>0.35288367</w>
      <t>1934</t>
    </point>
    <point>
      <x>0.44666666</x>
      <y>0.42333335</y>
      <w>0.35288367</w>
      <t>1934</t>
    </point>
    <point>
      <x>0.44833332</x>
      <y>0.42666668</y>
      <w>0.35288367</w>
      <t>1934</t>
    </point>
    <point>
      <x>0.45</x>
      <y>0.42833334</y>
      <w>0.35288367</w>
      <t>1934</t>
    </point>
    <point>
      <x>0.45</x>
      <y>0.43166667</y>
      <w>0.41935483</w>
      <t>1967</t>
    </point>
    <point>
      <x>0.45166665</x>
      <y>0.43333334</y>
      <w>0.41935483</w>
      <t>1967</t>
    </point>
    <point>
      <x>0.45166665</x>
      <y>0.43666667</y>
      <w>0.41935483</w>
      <t>1967</t>
    </point>
    <point>
      <x>0.45333335</x>
      <y>0.44</y>
      <w>0.41935483</w>
      <t>1967</t>
    </point>
    <point>
      <x>0.45333335</x>
      <y>0.44333333</y>
      <w>0.41935483</w>
      <t>1967</t>
    </point>
    <point>
      <x>0.45333335</x>
      <y>0.445</y>
      <w>0.46529815</w>
      <t>2000</t>
    </point>
    <point>
      <x>0.45333335</x>
      <y>0.44833332</y>
      <w>0.46529815</w>
      <t>2000</t>
    </point>
    <point>
      <x>0.45333335</x>
      <y>0.45166665</y>
      <w>0.46529815</w>
      <t>2000</t>
    </point>
    <point>
      <x>0.45333335</x>
      <y>0.455</y>
      <w>0.46529815</w>
      <t>2000</t>
    </point>
    <point>
      <x>0.45333335</x>
      <y>0.45666668</y>
      <w>0.49951124</w>
      <t>2034</t>
    </point>
    <point>
      <x>0.45333335</x>
      <y>0.46</y>
      <w>0.49951124</w>
      <t>2034</t>
    </point>
    <point>
      <x>0.45333335</x>
      <y>0.46333334</y>
      <w>0.49951124</w>
      <t>2034</t>
    </point>
    <point>
      <x>0.45333335</x>
      <y>0.46666667</y>
      <w>0.49951124</w>
      <t>2034</t>
    </point>
    <point>
      <x>0.455</x>
      <y>0.47</y>
      <w>0.53372437</w>
      <t>2067</t>
    </point>
    <point>
      <x>0.455</x>
      <y>0.47166666</y>
      <w>0.53372437</w>
      <t>2067</t>
    </point>
    <point>
      <x>0.455</x>
      <y>0.475</y>
      <w>0.53372437</w>
      <t>2067</t>
    </point>
    <point>
      <x>0.45666668</x>
      <y>0.47833332</y>
      <w>0.53372437</w>
      <t>2067</t>
    </point>
    <point>
      <x>0.45666668</x>
      <y>0.48</y>
      <w>0.53372437</w>
      <t>2067</t>
    </point>
    <point>
      <x>0.45666668</x>
      <y>0.48333332</y>
      <w>0.55718476</w>
      <t>2100</t>
    </point>
    <point>
      <x>0.45666668</x>
      <y>0.485</y>
      <w>0.55718476</w>
      <t>2100</t>
    </point>
    <point>
      <x>0.45666668</x>
      <y>0.48833334</y>
      <w>0.55718476</w>
      <t>2100</t>
    </point>
    <point>
      <x>0.45833334</x>
      <y>0.49</y>
      <w>0.55718476</w>
      <t>2100</t>
    </point>
    <point>
      <x>0.45833334</x>
      <y>0.49166667</y>
      <w>0.5669599</w>
      <t>2133</t>
    </point>
    <point>
      <x>0.45833334</x>
      <y>0.49333334</y>
      <w>0.5669599</w>
      <t>2133</t>
    </point>
    <point>
      <x>0.46</x>
      <y>0.495</y>
      <w>0.5669599</w>
      <t>2133</t>
    </point>
    <point>
      <x>0.46</x>
      <y>0.49666667</y>
      <w>0.5669599</w>
      <t>2133</t>
    </point>
    <point>
      <x>0.46</x>
      <y>0.49833333</y>
      <w>0.5669599</w>
      <t>2133</t>
    </point>
    <point>
      <x>0.46166667</x>
      <y>0.5</y>
      <w>0.5777126</w>
      <t>2167</t>
    </point>
    <point>
      <x>0.46166667</x>
      <y>0.50166667</y>
      <w>0.5777126</w>
      <t>2167</t>
    </point>
    <point>
      <x>0.46333334</x>
      <y>0.50333333</y>
      <w>0.5777126</w>
      <t>2167</t>
    </point>
    <point>
      <x>0.465</x>
      <y>0.505</y>
      <w>0.5826002</w>
      <t>2200</t>
    </point>
    <point>
      <x>0.46666667</x>
      <y>0.505</y>
      <w>0.5826002</w>
      <t>2200</t>
    </point>
    <point>
      <x>0.46666667</x>
      <y>0.50666666</y>
      <w>0.5826002</w>
      <t>2200</t>
    </point>
    <point>
      <x>0.46833333</x>
      <y>0.50666666</y>
      <w>0.5835777</w>
      <t>2234</t>
    </point>
    <point>
      <x>0.47</x>
      <y>0.50666666</y>
      <w>0.5835777</w>
      <t>2234</t>
    </point>
    <point>
      <x>0.47166666</x>
      <y>0.50666666</y>
      <w>0.59335285</w>
      <t>2266</t>
    </point>
    <point>
      <x>0.47333333</x>
      <y>0.50666666</y>
      <w>0.59335285</w>
      <t>2266</t>
    </point>
    <point>
      <x>0.475</x>
      <y>0.50666666</y>
      <w>0.59335285</w>
      <t>2266</t>
    </point>
    <point>
      <x>0.47666666</x>
      <y>0.50666666</y>
      <w>0.59628546</w>
      <t>2300</t>
    </point>
    <point>
      <x>0.47833332</x>
      <y>0.50666666</y>
      <w>0.59628546</w>
      <t>2300</t>
    </point>
    <point>
      <x>0.48</x>
      <y>0.50666666</y>
      <w>0.59628546</w>
      <t>2300</t>
    </point>
    <point>
      <x>0.48166665</x>
      <y>0.505</y>
      <w>0.59628546</w>
      <t>2300</t>
    </point>
    <point>
      <x>0.485</x>
      <y>0.505</y>
      <w>0.59628546</w>
      <t>2300</t>
    </point>
    <point>
      <x>0.48666668</x>
      <y>0.50333333</y>
      <w>0.59433043</w>
      <t>2334</t>
    </point>
    <point>
      <x>0.48833334</x>
      <y>0.50333333</y>
      <w>0.59433043</w>
      <t>2334</t>
    </point>
    <point>
      <x>0.49166667</x>
      <y>0.50166667</y>
      <w>0.59433043</w>
      <t>2334</t>
    </point>
    <point>
      <x>0.495</x>
      <y>0.5</y>
      <w>0.59433043</w>
      <t>2334</t>
    </point>
    <point>
      <x>0.49666667</x>
      <y>0.49833333</y>
      <w>0.5904203</w>
      <t>2367</t>
    </point>
    <point>
      <x>0.5</x>
      <y>0.49666667</y>
      <w>0.5904203</w>
      <t>2367</t>
    </point>
    <point>
      <x>0.50333333</x>
      <y>0.49333334</y>
      <w>0.5904203</w>
      <t>2367</t>
    </point>
    <point>
      <x>0.5083333</x>
      <y>0.49166667</y>
      <w>0.5904203</w>
      <t>2367</t>
    </point>
    <point>
      <x>0.51166666</x>
      <y>0.48833334</y>
      <w>0.5904203</w>
      <t>2367</t>
    </point>
    <point>
      <x>0.515</x>
      <y>0.485</y>
      <w>0.5835777</w>
      <t>2400</t>
    </point>
    <point>
      <x>0.52</x>
      <y>0.48333332</y>
      <w>0.5786901</w>
      <t>2400</t>
    </point>
    <point>
      <x>0.5233333</x>
      <y>0.48</y>
      <w>0.5786901</w>
      <t>2400</t>
    </point>
    <point>
      <x>0.5283333</x>
      <y>0.475</y>
      <w>0.5786901</w>
      <t>2400</t>
    </point>
    <point>
      <x>0.53333336</x>
      <y>0.47166666</y>
      <w>0.5659824</w>
      <t>2434</t>
    </point>
    <point>
      <x>0.53833336</x>
      <y>0.46833333</y>
      <w>0.5659824</w>
      <t>2434</t>
    </point>
    <point>
      <x>0.54333335</x>
      <y>0.46333334</y>
      <w>0.5659824</w>
      <t>2434</t>
    </point>
    <point>
      <x>0.54833335</x>
      <y>0.46</y>
      <w>0.5659824</w>
      <t>2434</t>
    </point>
    <point>
      <x>0.55333334</x>
      <y>0.45666668</y>
      <w>0.5659824</w>
      <t>2434</t>
    </point>
    <point>
      <x>0.55833334</x>
      <y>0.45333335</y>
      <w>0.5581623</w>
      <t>2467</t>
    </point>
    <point>
      <x>0.56333333</x>
      <y>0.45</y>
      <w>0.5581623</w>
      <t>2467</t>
    </point>
    <point>
      <x>0.5683333</x>
      <y>0.44666666</y>
      <w>0.5581623</w>
      <t>2467</t>
    </point>
    <point>
      <x>0.5733333</x>
      <y>0.44333333</y>
      <w>0.5581623</w>
      <t>2467</t>
    </point>
    <point>
      <x>0.57666665</x>
      <y>0.44</y>
      <w>0.5522972</w>
      <t>2500</t>
    </point>
    <point>
      <x>0.58166665</x>
      <y>0.43833333</y>
      <w>0.5522972</w>
      <t>2500</t>
    </point>
    <point>
      <x>0.5883333</x>
      <y>0.435</y>
      <w>0.5522972</w>
      <t>2500</t>
    </point>
    <point>
      <x>0.5933333</x>
      <y>0.43333334</y>
      <w>0.5522972</w>
      <t>2500</t>
    </point>
    <point>
      <x>0.59833336</x>
      <y>0.43</y>
      <w>0.5522972</w>
      <t>2500</t>
    </point>
    <point>
      <x>0.605</x>
      <y>0.42833334</y>
      <w>0.53958946</w>
      <t>2533</t>
    </point>
    <point>
      <x>0.61</x>
      <y>0.42666668</y>
      <w>0.53958946</w>
      <t>2533</t>
    </point>
    <point>
      <x>0.615</x>
      <y>0.425</y>
      <w>0.53958946</w>
      <t>2533</t>
    </point>
    <point>
      <x>0.62</x>
      <y>0.42333335</y>
      <w>0.53958946</w>
      <t>2533</t>
    </point>
    <point>
      <x>0.625</x>
      <y>0.42166665</y>
      <w>0.53763443</w>
      <t>2567</t>
    </point>
    <point>
      <x>0.62833333</x>
      <y>0.42166665</y>
      <w>0.53763443</w>
      <t>2567</t>
    </point>
    <point>
      <x>0.6333333</x>
      <y>0.42</y>
      <w>0.53763443</w>
      <t>2567</t>
    </point>
    <point>
      <x>0.63666666</x>
      <y>0.42</y>
      <w>0.53763443</w>
      <t>2567</t>
    </point>
    <point>
      <x>0.64</x>
      <y>0.41833332</y>
      <w>0.53763443</w>
      <t>2567</t>
    </point>
    <point>
      <x>0.6433333</x>
      <y>0.41833332</y>
      <w>0.5366569</w>
      <t>2600</t>
    </point>
    <point>
      <x>0.6483333</x>
      <y>0.41666666</y>
      <w>0.5366569</w>
      <t>2600</t>
    </point>
    <point>
      <x>0.65</x>
      <y>0.41666666</y>
      <w>0.5366569</w>
      <t>2600</t>
    </point>
    <point>
      <x>0.6533333</x>
      <y>0.41666666</y>
      <w>0.5366569</w>
      <t>2600</t>
    </point>
    <point>
      <x>0.6566667</x>
      <y>0.41666666</y>
      <w>0.5366569</w>
      <t>2634</t>
    </point>
    <point>
      <x>0.65833336</x>
      <y>0.41666666</y>
      <w>0.5366569</w>
      <t>2634</t>
    </point>
    <point>
      <x>0.66</x>
      <y>0.41666666</y>
      <w>0.5366569</w>
      <t>2634</t>
    </point>
    <point>
      <x>0.66333336</x>
      <y>0.41666666</y>
      <w>0.5366569</w>
      <t>2634</t>
    </point>
    <point>
      <x>0.665</x>
      <y>0.41666666</y>
      <w>0.54447705</w>
      <t>2667</t>
    </point>
    <point>
      <x>0.6666667</x>
      <y>0.41833332</y>
      <w>0.54447705</w>
      <t>2667</t>
    </point>
    <point>
      <x>0.66833335</x>
      <y>0.41833332</y>
      <w>0.54447705</w>
      <t>2667</t>
    </point>
    <point>
      <x>0.67</x>
      <y>0.41833332</y>
      <w>0.54447705</w>
      <t>2667</t>
    </point>
    <point>
      <x>0.6716667</x>
      <y>0.42</y>
      <w>0.54447705</w>
      <t>2667</t>
    </point>
    <point>
      <x>0.67333335</x>
      <y>0.42</y>
      <w>0.55718476</w>
      <t>2700</t>
    </point>
    <point>
      <x>0.675</x>
      <y>0.42166665</y>
      <w>0.55718476</w>
      <t>2700</t>
    </point>
    <point>
      <x>0.6766667</x>
      <y>0.42166665</y>
      <w>0.55718476</w>
      <t>2700</t>
    </point>
    <point>
      <x>0.67833334</x>
      <y>0.42166665</y>
      <w>0.55718476</w>
      <t>2700</t>
    </point>
    <point>
      <x>0.68</x>
      <y>0.42333335</y>
      <w>0.572825</w>
      <t>2734</t>
    </point>
    <point>
      <x>0.6816667</x>
      <y>0.425</y>
      <w>0.572825</w>
      <t>2734</t>
    </point>
    <point>
      <x>0.68333334</x>
      <y>0.425</y>
      <w>0.572825</w>
      <t>2734</t>
    </point>
    <point>
      <x>0.685</x>
      <y>0.42666668</y>
      <w>0.572825</w>
      <t>2734</t>
    </point>
    <point>
      <x>0.68666667</x>
      <y>0.42833334</y>
      <w>0.572825</w>
      <t>2734</t>
    </point>
    <point>
      <x>0.68833333</x>
      <y>0.43</y>
      <w>0.5835777</w>
      <t>2767</t>
    </point>
    <point>
      <x>0.69</x>
      <y>0.43166667</y>
      <w>0.5835777</w>
      <t>2767</t>
    </point>
    <point>
      <x>0.69166666</x>
      <y>0.43166667</y>
      <w>0.5835777</w>
      <t>2767</t>
    </point>
    <point>
      <x>0.6933333</x>
      <y>0.43333334</y>
      <w>0.5835777</w>
      <t>2767</t>
    </point>
    <point>
      <x>0.695</x>
      <y>0.435</y>
      <w>0.6031281</w>
      <t>2800</t>
    </point>
    <point>
      <x>0.6983333</x>
      <y>0.43666667</y>
      <w>0.6031281</w>
      <t>2800</t>
    </point>
    <point>
      <x>0.7</x>
      <y>0.43833333</y>
      <w>0.6031281</w>
      <t>2800</t>
    </point>
    <point>
      <x>0.70166665</x>
      <y>0.44</y>
      <w>0.6031281</w>
      <t>2800</t>
    </point>
    <point>
      <x>0.7033333</x>
      <y>0.44166666</y>
      <w>0.6031281</w>
      <t>2800</t>
    </point>
    <point>
      <x>0.705</x>
      <y>0.44333333</y>
      <w>0.61974585</w>
      <t>2834</t>
    </point>
    <point>
      <x>0.705</x>
      <y>0.445</y>
      <w>0.61974585</w>
      <t>2834</t>
    </point>
    <point>
      <x>0.70666665</x>
      <y>0.44666666</y>
      <w>0.61974585</w>
      <t>2834</t>
    </point>
    <point>
      <x>0.7083333</x>
      <y>0.44833332</y>
      <w>0.61974585</w>
      <t>2834</t>
    </point>
    <point>
      <x>0.71</x>
      <y>0.45</y>
      <w>0.627566</w>
      <t>2867</t>
    </point>
    <point>
      <x>0.71</x>
      <y>0.45166665</y>
      <w>0.627566</w>
      <t>2867</t>
    </point>
    <point>
      <x>0.71166664</x>
      <y>0.45333335</y>
      <w>0.627566</w>
      <t>2867</t>
    </point>
    <point>
      <x>0.71166664</x>
      <y>0.455</y>
      <w>0.627566</w>
      <t>2867</t>
    </point>
    <point>
      <x>0.7133333</x>
      <y>0.45666668</y>
      <w>0.627566</w>
      <t>2867</t>
    </point>
    <point>
      <x>0.7133333</x>
      <y>0.45833334</y>
      <w>0.63147604</w>
      <t>2900</t>
    </point>
    <point>
      <x>0.7133333</x>
      <y>0.46</y>
      <w>0.63147604</w>
      <t>2900</t>
    </point>
    <point>
      <x>0.7133333</x>
      <y>0.46166667</y>
      <w>0.63147604</w>
      <t>2900</t>
    </point>
    <point>
      <x>0.7133333</x>
      <y>0.46333334</y>
      <w>0.63147604</w>
      <t>2900</t>
    </point>
    <point>
      <x>0.7133333</x>
      <y>0.465</y>
      <w>0.6304985</w>
      <t>2934</t>
    </point>
    <point>
      <x>0.71166664</x>
      <y>0.46833333</y>
      <w>0.6304985</w>
      <t>2934</t>
    </point>
    <point>
      <x>0.7083333</x>
      <y>0.47166666</y>
      <w>0.6304985</w>
      <t>2934</t>
    </point>
    <point>
      <x>0.705</x>
      <y>0.475</y>
      <w>0.6304985</w>
      <t>2934</t>
    </point>
    <point>
      <x>0.6983333</x>
      <y>0.48</y>
      <w>0.4692082</w>
      <t>2967</t>
    </point>
    <point>
      <x>0.69166666</x>
      <y>0.485</y>
      <w>0.4692082</w>
      <t>2967</t>
    </point>
    <point>
      <x>0.6816667</x>
      <y>0.49166667</y>
      <w>0.4692082</w>
      <t>2967</t>
    </point>
    <point>
      <x>0.67333335</x>
      <y>0.49833333</y>
      <w>0.4692082</w>
      <t>2967</t>
    </point>
    <point>
      <x>0.665</x>
      <y>0.505</y>
      <w>0.4692082</w>
      <t>2967</t>
    </point>
  </stroke>
  <stroke time="4233">
    <point>
      <x>0.29166666</x>
      <y>0.69</y>
      <w>0.0</w>
      <t>4233</t>
    </point>
    <point>
      <x>0.29333332</x>
      <y>0.69</y>
      <w>0.0</w>
      <t>4233</t>
    </point>
    <point>
      <x>0.295</x>
      <y>0.69166666</y>
      <w>0.23851417</w>
      <t>4267</t>
    </point>
    <point>
      <x>0.29666665</x>
      <y>0.6933333</y>
      <w>0.23851417</w>
      <t>4267</t>
    </point>
    <point>
      <x>0.29833335</x>
      <y>0.695</y>
      <w>0.23851417</w>
      <t>4267</t>
    </point>
    <point>
      <x>0.3</x>
      <y>0.69666666</y>
      <w>0.23851417</w>
      <t>4267</t>
    </point>
    <point>
      <x>0.30333334</x>
      <y>0.6983333</y>
      <w>0.37438905</w>
      <t>4300</t>
    </point>
    <point>
      <x>0.30666667</x>
      <y>0.7</y>
      <w>0.37438905</w>
      <t>4300</t>
    </point>
    <point>
      <x>0.30833334</x>
      <y>0.70166665</y>
      <w>0.37438905</w>
      <t>4300</t>
    </point>
    <point>
      <x>0.31166667</x>
      <y>0.7033333</y>
      <w>0.37438905</w>
      <t>4300</t>
    </point>
    <point>
      <x>0.315</x>
      <y>0.70666665</y>
      <w>0.37438905</w>
      <t>4300</t>
    </point>
    <point>
      <x>0.31833333</x>
      <y>0.71</y>
      <w>0.46432063</w>
      <t>4334</t>
    </point>
    <point>
      <x>0.32166666</x>
      <y>0.7133333</y>
      <w>0.46432063</w>
      <t>4334</t>
    </point>
    <point>
      <x>0.325</x>
      <y>0.715</y>
      <w>0.46432063</w>
      <t>4334</t>
    </point>
    <point>
      <x>0.32833335</x>
      <y>0.7183333</y>
      <w>0.46432063</w>
      <t>4334</t>
    </point>
    <point>
      <x>0.33166668</x>
      <y>0.7216667</y>
      <w>0.5092864</w>
      <t>4367</t>
    </point>
    <point>
      <x>0.335</x>
      <y>0.72333336</y>
      <w>0.5092864</w>
      <t>4367</t>
    </point>
    <point>
      <x>0.33833334</x>
      <y>0.7266667</y>
      <w>0.5092864</w>
      <t>4367</t>
    </point>
    <point>
      <x>0.34333333</x>
      <y>0.73</y>
      <w>0.5092864</w>
      <t>4367</t>
    </point>
    <point>
      <x>0.34666666</x>
      <y>0.7316667</y>
      <w>0.5092864</w>
      <t>4367</t>
    </point>
    <point>
      <x>0.35166666</x>
      <y>0.735</y>
      <w>0.56989247</w>
      <t>4400</t>
    </point>
    <point>
      <x>0.355</x>
      <y>0.7366667</y>
      <w>0.56989247</w>
      <t>4400</t>
    </point>
    <point>
      <x>0.35833332</x>
      <y>0.73833334</y>
      <w>0.56989247</w>
      <t>4400</t>
    </point>
    <point>
      <x>0.36333334</x>
      <y>0.74</y>
      <w>0.56989247</w>
      <t>4400</t>
    </point>
    <point>
      <x>0.36666667</x>
      <y>0.7416667</y>
      <w>0.59237534</w>
      <t>4433</t>
    </point>
    <point>
      <x>0.37</x>
      <y>0.74333334</y>
      <w>0.59237534</w>
      <t>4433</t>
    </point>
    <point>
      <x>0.37333333</x>
      <y>0.745</y>
      <w>0.59237534</w>
      <t>4433</t>
    </point>
    <point>
      <x>0.37833333</x>
      <y>0.74666667</y>
      <w>0.59237534</w>
      <t>4433</t>
    </point>
    <point>
      <x>0.38166666</x>
      <y>0.74833333</y>
      <w>0.60117304</w>
      <t>4467</t>
    </point>
    <point>
      <x>0.385</x>
      <y>0.75</y>
      <w>0.60117304</w>
      <t>4467</t>
    </point>
    <point>
      <x>0.38666666</x>
      <y>0.75166667</y>
      <w>0.60117304</w>
      <t>4467</t>
    </point>
    <point>
      <x>0.39</x>
      <y>0.75333333</y>
      <w>0.60117304</w>
      <t>4467</t>
    </point>
    <point>
      <x>0.39333335</x>
      <y>0.75333333</y>
      <w>0.60117304</w>
      <t>4467</t>
    </point>
    <point>
      <x>0.395</x>
      <y>0.755</y>
      <w>0.6109482</w>
      <t>4501</t>
    </point>
    <point>
      <x>0.39833334</x>
      <y>0.75666666</y>
      <w>0.6109482</w>
      <t>4501</t>
    </point>
    <point>
      <x>0.4</x>
      <y>0.75666666</y>
      <w>0.6109482</w>
      <t>4501</t>
    </point>
    <point>
      <x>0.40333334</x>
      <y>0.7583333</y>
      <w>0.6109482</w>
      <t>4501</t>
    </point>
    <point>
      <x>0.405</x>
      <y>0.7583333</y>
      <w>0.6109482</w>
      <t>4501</t>
    </point>
    <point>
      <x>0.40833333</x>
      <y>0.76</y>
      <w>0.61290324</w>
      <t>4534</t>
    </point>
    <point>
      <x>0.41</x>
      <y>0.76</y>
      <w>0.61290324</w>
      <t>4534</t>
    </point>
    <point>
      <x>0.41166666</x>
      <y>0.76166666</y>
      <w>0.61290324</w>
      <t>4534</t>
    </point>
    <point>
      <x>0.41333333</x>
      <y>0.76166666</y>
      <w>0.61290324</w>
      <t>4534</t>
    </point>
    <point>
      <x>0.415</x>
      <y>0.7633333</y>
      <w>0.61290324</w>
      <t>4567</t>
    </point>
    <point>
      <x>0.41833332</x>
      <y>0.7633333</y>
      <w>0.61290324</w>
      <t>4567</t>
    </point>
    <point>
      <x>0.42</x>
      <y>0.7633333</y>
      <w>0.61290324</w>
      <t>4567</t>
    </point>
    <point>
      <x>0.42166665</x>
      <y>0.7633333</y>
      <w>0.61290324</w>
      <t>4567</t>
    </point>
    <point>
      <x>0.42333335</x>
      <y>0.765</y>
      <w>0.61485827</w>
      <t>4600</t>
    </point>
    <point>
      <x>0.425</x>
      <y>0.765</y>
      <w>0.61485827</w>
      <t>4600</t>
    </point>
    <point>
      <x>0.42666668</x>
      <y>0.765</y>
      <w>0.61485827</w>
      <t>4600</t>
    </point>
    <point>
      <x>0.42833334</x>
      <y>0.765</y>
      <w>0.61485827</w>
      <t>4600</t>
    </point>
    <point>
      <x>0.43166667</x>
      <y>0.76666665</y>
      <w>0.61485827</w>
      <t>4600</t>
    </point>
    <point>
      <x>0.43333334</x>
      <y>0.76666665</y>
      <w>0.61974585</w>
      <t>4634</t>
    </point>
    <point>
      <x>0.435</x>
      <y>0.76666665</y>
      <w>0.61974585</w>
      <t>4634</t>
    </point>
    <point>
      <x>0.43833333</x>
      <y>0.76666665</y>
      <w>0.61974585</w>
      <t>4634</t>
    </point>
    <point>
      <x>0.44166666</x>
      <y>0.76666665</y>
      <w>0.61974585</w>
      <t>4634</t>
    </point>
    <point>
      <x>0.44333333</x>
      <y>0.76666665</y>
      <w>0.6236559</w>
      <t>4667</t>
    </point>
    <point>
      <x>0.44666666</x>
      <y>0.76666665</y>
      <w>0.6236559</w>
      <t>4667</t>
    </point>
    <point>
      <x>0.45</x>
      <y>0.76666665</y>
      <w>0.6236559</w>
      <t>4667</t>
    </point>
    <point>
      <x>0.45333335</x>
      <y>0.76666665</y>
      <w>0.6236559</w>
      <t>4667</t>
    </point>
    <point>
      <x>0.45666668</x>
      <y>0.76666665</y>
      <w>0.6236559</w>
      <t>4667</t>
    </point>
    <point>
      <x>0.45833334</x>
      <y>0.76666665</y>
      <w>0.6236559</w>
      <t>4700</t>
    </point>
    <point>
      <x>0.46166667</x>
      <y>0.76666665</y>
      <w>0.6236559</w>
      <t>4700</t>
    </point>
    <point>
      <x>0.465</x>
      <y>0.765</y>
      <w>0.6236559</w>
      <t>4700</t>
    </point>
    <point>
      <x>0.46833333</x>
      <y>0.765</y>
      <w>0.6236559</w>
      <t>4700</t>
    </point>
    <point>
      <x>0.47166666</x>
      <y>0.7633333</y>
      <w>0.6236559</w>
      <t>4734</t>
    </point>
    <point>
      <x>0.475</x>
      <y>0.7633333</y>
      <w>0.6236559</w>
      <t>4734</t>
    </point>
    <point>
      <x>0.47833332</x>
      <y>0.76166666</y>
      <w>0.6236559</w>
      <t>4734</t>
    </point>
    <point>
      <x>0.48166665</x>
      <y>0.76166666</y>
      <w>0.6236559</w>
      <t>4734</t>
    </point>
    <point>
      <x>0.485</x>
      <y>0.76</y>
      <w>0.61876833</w>
      <t>4767</t>
    </point>
    <point>
      <x>0.49</x>
      <y>0.7583333</y>
      <w>0.61876833</w>
      <t>4767</t>
    </point>
    <point>
      <x>0.49333334</x>
      <y>0.7583333</y>
      <w>0.61876833</w>
      <t>4767</t>
    </point>
    <point>
      <x>0.49833333</x>
      <y>0.75666666</y>
      <w>0.61876833</w>
      <t>4767</t>
    </point>
    <point>
      <x>0.50333333</x>
      <y>0.755</y>
      <w>0.61876833</w>
      <t>4767</t>
    </point>
    <point>
      <x>0.5083333</x>
      <y>0.75333333</y>
      <w>0.60801566</w>
      <t>4800</t>
    </point>
    <point>
      <x>0.5133333</x>
      <y>0.75</y>
      <w>0.60801566</w>
      <t>4800</t>
    </point>
    <point>
      <x>0.5183333</x>
      <y>0.74833333</y>
      <w>0.60801566</w>
      <t>4800</t>
    </point>
    <point>
      <x>0.525</x>
      <y>0.74666667</y>
      <w>0.60801566</w>
      <t>4800</t>
    </point>
    <point>
      <x>0.53</x>
      <y>0.74333334</y>
      <w>0.5982405</w>
      <t>4834</t>
    </point>
    <point>
      <x>0.535</x>
      <y>0.7416667</y>
      <w>0.5982405</w>
      <t>4834</t>
    </point>
    <point>
      <x>0.5416667</x>
      <y>0.73833334</y>
      <w>0.5982405</w>
      <t>4834</t>
    </point>
    <point>
      <x>0.5466667</x>
      <y>0.7366667</y>
      <w>0.5982405</w>
      <t>4834</t>
    </point>
    <point>
      <x>0.5516667</x>
      <y>0.73333335</y>
      <w>0.5982405</w>
      <t>4834</t>
    </point>
    <point>
      <x>0.55833334</x>
      <y>0.7316667</y>
      <w>0.5913978</w>
      <t>4867</t>
    </point>
    <point>
      <x>0.56333333</x>
      <y>0.72833335</y>
      <w>0.5913978</w>
      <t>4867</t>
    </point>
    <point>
      <x>0.57</x>
      <y>0.725</y>
      <w>0.5913978</w>
      <t>4867</t>
    </point>
    <point>
      <x>0.575</x>
      <y>0.7216667</y>
      <w>0.5913978</w>
      <t>4867</t>
    </point>
    <point>
      <x>0.58166665</x>
      <y>0.72</y>
      <w>0.5777126</w>
      <t>4900</t>
    </point>
    <point>
      <x>0.58666664</x>
      <y>0.71666664</y>
      <w>0.5777126</w>
      <t>4900</t>
    </point>
    <point>
      <x>0.5933333</x>
      <y>0.7133333</y>
      <w>0.5777126</w>
      <t>4900</t>
    </point>
    <point>
      <x>0.6</x>
      <y>0.71</y>
      <w>0.5777126</w>
      <t>4900</t>
    </point>
    <point>
      <x>0.605</x>
      <y>0.7083333</y>
      <w>0.5777126</w>
      <t>4900</t>
    </point>
    <point>
      <x>0.6116667</x>
      <y>0.705</y>
      <w>0.55718476</w>
      <t>4934</t>
    </point>
    <point>
      <x>0.6166667</x>
      <y>0.70166665</y>
      <w>0.55718476</w>
      <t>4934</t>
    </point>
    <point>
      <x>0.62166667</x>
      <y>0.7</y>
      <w>0.55718476</w>
      <t>4934</t>
    </point>
    <point>
      <x>0.62666667</x>
      <y>0.6983333</y>
      <w>0.55718476</w>
      <t>4934</t>
    </point>
    <point>
      <x>0.63</x>
      <y>0.69666666</y>
      <w>0.5552297</w>
      <t>4967</t>
    </point>
    <point>
      <x>0.635</x>
      <y>0.6933333</y>
      <w>0.5552297</w>
      <t>4967</t>
    </point>
    <point>
      <x>0.6383333</x>
      <y>0.6933333</y>
      <w>0.5552297</w>
      <t>4967</t>
    </point>
    <point>
      <x>0.64</x>
      <y>0.69166666</y>
      <w>0.5552297</w>
      <t>4967</t>
    </point>
    <point>
      <x>0.6433333</x>
      <y>0.69</y>
      <w>0.5552297</w>
      <t>4967</t>
    </point>
    <point>
      <x>0.64666665</x>
      <y>0.69</y>
      <w>0.5552297</w>
      <t>5001</t>
    </point>
    <point>
      <x>0.6483333</x>
      <y>0.68833333</y>
      <w>0.5552297</w>
      <t>5001</t>
    </point>
    <point>
      <x>0.65166664</x>
      <y>0.68833333</y>
      <w>0.5552297</w>
      <t>5001</t>
    </point>
    <point>
      <x>0.6533333</x>
      <y>0.68833333</y>
      <w>0.5552297</w>
      <t>5001</t>
    </point>
    <point>
      <x>0.655</x>
      <y>0.68833333</y>
      <w>0.5552297</w>
      <t>5034</t>
    </point>
    <point>
      <x>0.655</x>
      <y>0.68666667</y>
      <w>0.5552297</w>
      <t>5034</t>
    </point>
    <point>
      <x>0.6566667</x>
      <y>0.68666667</y>
      <w>0.0</w>
      <t>5100</t>
    </point>
  </stroke>
</character>
