<?xml version="1.0" encoding="UTF-8"?>
<character>
  <stroke time="0">
    <point>
      <x>0.43666667</x>
      <y>0.16666667</y>
      <w>0.65004885</w>
      <t>137</t>
    </point>
    <point>
      <x>0.43666667</x>
      <y>0.16833334</y>
      <w>0.7174975</w>
      <t>201</t>
    </point>
    <point>
      <x>0.43666667</x>
      <y>0.17</y>
      <w>0.7174975</w>
      <t>201</t>
    </point>
    <point>
      <x>0.43833333</x>
      <y>0.17166667</y>
      <w>0.7174975</w>
      <t>201</t>
    </point>
    <point>
      <x>0.43833333</x>
      <y>0.17333333</y>
      <w>0.7174975</w>
      <t>202</t>
    </point>
    <point>
      <x>0.44</x>
      <y>0.175</y>
      <w>0.7536657</w>
      <t>234</t>
    </point>
    <point>
      <x>0.44166666</x>
      <y>0.17666666</y>
      <w>0.7536657</w>
      <t>234</t>
    </point>
    <point>
      <x>0.44166666</x>
      <y>0.17833333</y>
      <w>0.7663734</w>
      <t>267</t>
    </point>
    <point>
      <x>0.44333333</x>
      <y>0.17833333</y>
      <w>0.7663734</w>
      <t>267</t>
    </point>
    <point>
      <x>0.44333333</x>
      <y>0.18</y>
      <w>0.7663734</w>
      <t>267</t>
    </point>
    <point>
      <x>0.445</x>
      <y>0.18</y>
      <w>0.7663734</w>
      <t>268</t>
    </point>
    <point>
      <x>0.44666666</x>
      <y>0.18166667</y>
      <w>0.78396875</w>
      <t>300</t>
    </point>
    <point>
      <x>0.44833332</x>
      <y>0.18166667</y>
      <w>0.78396875</w>
      <t>300</t>
    </point>
    <point>
      <x>0.45</x>
      <y>0.18166667</y>
      <w>0.799609</w>
      <t>334</t>
    </point>
    <point>
      <x>0.45166665</x>
      <y>0.18333334</y>
      <w>0.799609</w>
      <t>334</t>
    </point>
    <point>
      <x>0.45333335</x>
      <y>0.18333334</y>
      <w>0.799609</w>
      <t>334</t>
    </point>
    <point>
      <x>0.455</x>
      <y>0.18333334</y>
      <w>0.8005865</w>
      <t>367</t>
    </point>
    <point>
      <x>0.45666668</x>
      <y>0.18333334</y>
      <w>0.8005865</w>
      <t>367</t>
    </point>
    <point>
      <x>0.45833334</x>
      <y>0.18333334</y>
      <w>0.80351907</w>
      <t>400</t>
    </point>
    <point>
      <x>0.46</x>
      <y>0.18333334</y>
      <w>0.80938417</w>
      <t>433</t>
    </point>
    <point>
      <x>0.46166667</x>
      <y>0.18333334</y>
      <w>0.80938417</w>
      <t>435</t>
    </point>
    <point>
      <x>0.46333334</x>
      <y>0.18333334</y>
      <w>0.80938417</w>
      <t>435</t>
    </point>
    <point>
      <x>0.465</x>
      <y>0.18333334</y>
      <w>0.8123167</w>
      <t>467</t>
    </point>
    <point>
      <x>0.465</x>
      <y>0.18166667</y>
      <w>0.8123167</w>
      <t>467</t>
    </point>
    <point>
      <x>0.46666667</x>
      <y>0.18166667</y>
      <w>0.8123167</w>
      <t>467</t>
    </point>
    <point>
      <x>0.46833333</x>
      <y>0.18166667</y>
      <w>0.81329423</w>
      <t>500</t>
    </point>
    <point>
      <x>0.47</x>
      <y>0.18</y>
      <w>0.81329423</w>
      <t>500</t>
    </point>
    <point>
      <x>0.47166666</x>
      <y>0.18</y>
      <w>0.81329423</w>
      <t>500</t>
    </point>
    <point>
      <x>0.47333333</x>
      <y>0.18</y>
      <w>0.80742913</w>
      <t>533</t>
    </point>
    <point>
      <x>0.475</x>
      <y>0.17833333</y>
      <w>0.80742913</w>
      <t>533</t>
    </point>
    <point>
      <x>0.47666666</x>
      <y>0.17833333</y>
      <w>0.80742913</w>
      <t>533</t>
    </point>
    <point>
      <x>0.47833332</x>
      <y>0.17666666</y>
      <w>0.80742913</w>
      <t>534</t>
    </point>
    <point>
      <x>0.48166665</x>
      <y>0.175</y>
      <w>0.7917889</w>
      <t>567</t>
    </point>
    <point>
      <x>0.48333332</x>
      <y>0.175</y>
      <w>0.7917889</w>
      <t>567</t>
    </point>
    <point>
      <x>0.48333332</x>
      <y>0.17333333</y>
      <w>0.7917889</w>
      <t>567</t>
    </point>
    <point>
      <x>0.485</x>
      <y>0.17333333</y>
      <w>0.7917889</w>
      <t>568</t>
    </point>
    <point>
      <x>0.48666668</x>
      <y>0.17333333</y>
      <w>0.7917889</w>
      <t>568</t>
    </point>
    <point>
      <x>0.48833334</x>
      <y>0.17166667</y>
      <w>0.75073314</w>
      <t>601</t>
    </point>
    <point>
      <x>0.49</x>
      <y>0.17</y>
      <w>0.75073314</w>
      <t>601</t>
    </point>
    <point>
      <x>0.49333334</x>
      <y>0.16833334</y>
      <w>0.75073314</w>
      <t>601</t>
    </point>
    <point>
      <x>0.495</x>
      <y>0.16666667</y>
      <w>0.686217</w>
      <t>634</t>
    </point>
    <point>
      <x>0.49666667</x>
      <y>0.165</y>
      <w>0.686217</w>
      <t>634</t>
    </point>
    <point>
      <x>0.5</x>
      <y>0.16333333</y>
      <w>0.686217</w>
      <t>634</t>
    </point>
    <point>
      <x>0.50166667</x>
      <y>0.16166666</y>
      <w>0.686217</w>
      <t>635</t>
    </point>
    <point>
      <x>0.505</x>
      <y>0.16</y>
      <w>0.686217</w>
      <t>635</t>
    </point>
    <point>
      <x>0.50666666</x>
      <y>0.15833333</y>
      <w>0.61290324</w>
      <t>667</t>
    </point>
    <point>
      <x>0.51</x>
      <y>0.15666667</y>
      <w>0.61290324</w>
      <t>667</t>
    </point>
    <point>
      <x>0.51166666</x>
      <y>0.155</y>
      <w>0.61290324</w>
      <t>667</t>
    </point>
    <point>
      <x>0.5133333</x>
      <y>0.155</y>
      <w>0.61290324</w>
      <t>667</t>
    </point>
    <point>
      <x>0.51666665</x>
      <y>0.15333334</y>
      <w>0.53763443</w>
      <t>700</t>
    </point>
    <point>
      <x>0.5183333</x>
      <y>0.15166667</y>
      <w>0.53763443</w>
      <t>700</t>
    </point>
    <point>
      <x>0.52</x>
      <y>0.15</y>
      <w>0.53763443</w>
      <t>700</t>
    </point>
    <point>
      <x>0.52166665</x>
      <y>0.15</y>
      <w>0.53763443</w>
      <t>700</t>
    </point>
    <point>
      <x>0.5233333</x>
      <y>0.14833333</y>
      <w>0.46725318</w>
      <t>733</t>
    </point>
    <point>
      <x>0.525</x>
      <y>0.14833333</y>
      <w>0.46725318</w>
      <t>733</t>
    </point>
    <point>
      <x>0.52666664</x>
      <y>0.14666666</y>
      <w>0.46725318</w>
      <t>733</t>
    </point>
    <point>
      <x>0.5283333</x>
      <y>0.145</y>
      <w>0.46725318</w>
      <t>733</t>
    </point>
    <point>
      <x>0.5316667</x>
      <y>0.14333333</y>
      <w>0.46725318</w>
      <t>734</t>
    </point>
    <point>
      <x>0.53333336</x>
      <y>0.14333333</y>
      <w>0.45943305</w>
      <t>766</t>
    </point>
    <point>
      <x>0.5366667</x>
      <y>0.14166667</y>
      <w>0.45943305</w>
      <t>766</t>
    </point>
    <point>
      <x>0.53833336</x>
      <y>0.14</y>
      <w>0.45943305</w>
      <t>766</t>
    </point>
    <point>
      <x>0.5416667</x>
      <y>0.13833334</y>
      <w>0.45943305</w>
      <t>767</t>
    </point>
    <point>
      <x>0.54333335</x>
      <y>0.13833334</y>
      <w>0.44281524</w>
      <t>800</t>
    </point>
    <point>
      <x>0.5466667</x>
      <y>0.13666667</y>
      <w>0.44281524</w>
      <t>800</t>
    </point>
    <point>
      <x>0.54833335</x>
      <y>0.13666667</y>
      <w>0.44281524</w>
      <t>800</t>
    </point>
    <point>
      <x>0.5516667</x>
      <y>0.13666667</y>
      <w>0.44281524</w>
      <t>800</t>
    </point>
    <point>
      <x>0.55333334</x>
      <y>0.13666667</y>
      <w>0.44281524</w>
      <t>801</t>
    </point>
    <point>
      <x>0.555</x>
      <y>0.135</y>
      <w>0.44183773</w>
      <t>833</t>
    </point>
    <point>
      <x>0.5566667</x>
      <y>0.135</y>
      <w>0.44183773</w>
      <t>833</t>
    </point>
    <point>
      <x>0.56</x>
      <y>0.135</y>
      <w>0.44183773</w>
      <t>833</t>
    </point>
    <point>
      <x>0.56166667</x>
      <y>0.13333334</y>
      <w>0.44183773</w>
      <t>833</t>
    </point>
    <point>
      <x>0.565</x>
      <y>0.13333334</y>
      <w>0.44281524</w>
      <t>867</t>
    </point>
    <point>
      <x>0.56666666</x>
      <y>0.13333334</y>
      <w>0.44281524</w>
      <t>867</t>
    </point>
    <point>
      <x>0.57</x>
      <y>0.13166666</y>
      <w>0.44281524</w>
      <t>867</t>
    </point>
    <point>
      <x>0.5733333</x>
      <y>0.13166666</y>
      <w>0.44281524</w>
      <t>867</t>
    </point>
    <point>
      <x>0.575</x>
      <y>0.13166666</y>
      <w>0.44281524</w>
      <t>867</t>
    </point>
    <point>
      <x>0.5783333</x>
      <y>0.13</y>
      <w>0.44281524</w>
      <t>900</t>
    </point>
    <point>
      <x>0.58</x>
      <y>0.13</y>
      <w>0.44281524</w>
      <t>900</t>
    </point>
    <point>
      <x>0.5833333</x>
      <y>0.13</y>
      <w>0.44281524</w>
      <t>900</t>
    </point>
    <point>
      <x>0.585</x>
      <y>0.13</y>
      <w>0.44281524</w>
      <t>900</t>
    </point>
    <point>
      <x>0.58666664</x>
      <y>0.13</y>
      <w>0.45356795</w>
      <t>936</t>
    </point>
    <point>
      <x>0.59</x>
      <y>0.13</y>
      <w>0.45356795</w>
      <t>936</t>
    </point>
    <point>
      <x>0.59166664</x>
      <y>0.13</y>
      <w>0.45356795</w>
      <t>936</t>
    </point>
    <point>
      <x>0.5933333</x>
      <y>0.13</y>
      <w>0.45356795</w>
      <t>936</t>
    </point>
    <point>
      <x>0.5966667</x>
      <y>0.13166666</y>
      <w>0.45356795</w>
      <t>938</t>
    </point>
    <point>
      <x>0.59833336</x>
      <y>0.13166666</y>
      <w>0.4633431</w>
      <t>967</t>
    </point>
    <point>
      <x>0.6</x>
      <y>0.13333334</y>
      <w>0.4633431</w>
      <t>967</t>
    </point>
    <point>
      <x>0.6016667</x>
      <y>0.135</y>
      <w>0.4633431</w>
      <t>967</t>
    </point>
    <point>
      <x>0.60333335</x>
      <y>0.135</y>
      <w>0.4975562</w>
      <t>1001</t>
    </point>
    <point>
      <x>0.605</x>
      <y>0.13666667</y>
      <w>0.4975562</w>
      <t>1001</t>
    </point>
    <point>
      <x>0.6066667</x>
      <y>0.13833334</y>
      <w>0.4975562</w>
      <t>1001</t>
    </point>
    <point>
      <x>0.60833335</x>
      <y>0.14</y>
      <w>0.4975562</w>
      <t>1001</t>
    </point>
    <point>
      <x>0.60833335</x>
      <y>0.14166667</y>
      <w>0.52492666</w>
      <t>1034</t>
    </point>
    <point>
      <x>0.61</x>
      <y>0.14333333</y>
      <w>0.52492666</w>
      <t>1034</t>
    </point>
    <point>
      <x>0.6116667</x>
      <y>0.145</y>
      <w>0.52492666</w>
      <t>1034</t>
    </point>
    <point>
      <x>0.6116667</x>
      <y>0.14666666</y>
      <w>0.52492666</w>
      <t>1034</t>
    </point>
    <point>
      <x>0.6116667</x>
      <y>0.14833333</y>
      <w>0.52492666</w>
      <t>1035</t>
    </point>
    <point>
      <x>0.6116667</x>
      <y>0.15</y>
      <w>0.5434995</w>
      <t>1067</t>
    </point>
    <point>
      <x>0.6116667</x>
      <y>0.15166667</y>
      <w>0.5434995</w>
      <t>1067</t>
    </point>
    <point>
      <x>0.6116667</x>
      <y>0.15333334</y>
      <w>0.5434995</w>
      <t>1067</t>
    </point>
    <point>
      <x>0.6116667</x>
      <y>0.155</y>
      <w>0.56304985</w>
      <t>1100</t>
    </point>
    <point>
      <x>0.6116667</x>
      <y>0.15833333</y>
      <w>0.56304985</w>
      <t>1100</t>
    </point>
    <point>
      <x>0.6116667</x>
      <y>0.16</y>
      <w>0.56304985</w>
      <t>1100</t>
    </point>
    <point>
      <x>0.61</x>
      <y>0.16166666</y>
      <w>0.56304985</w>
      <t>1100</t>
    </point>
    <point>
      <x>0.60833335</x>
      <y>0.165</y>
      <w>0.56304985</w>
      <t>1100</t>
    </point>
    <point>
      <x>0.60833335</x>
      <y>0.16833334</y>
      <w>0.56304985</w>
      <t>1134</t>
    </point>
    <point>
      <x>0.6066667</x>
      <y>0.17166667</y>
      <w>0.56304985</w>
      <t>1134</t>
    </point>
    <point>
      <x>0.605</x>
      <y>0.175</y>
      <w>0.56304985</w>
      <t>1134</t>
    </point>
    <point>
      <x>0.6016667</x>
      <y>0.17833333</y>
      <w>0.56304985</w>
      <t>1134</t>
    </point>
    <point>
      <x>0.6</x>
      <y>0.18166667</y>
      <w>0.56402737</w>
      <t>1167</t>
    </point>
    <point>
      <x>0.59833336</x>
      <y>0.185</y>
      <w>0.56402737</w>
      <t>1167</t>
    </point>
    <point>
      <x>0.5966667</x>
      <y>0.18833333</y>
      <w>0.56402737</w>
      <t>1167</t>
    </point>
    <point>
      <x>0.595</x>
      <y>0.19166666</y>
      <w>0.56402737</w>
      <t>1167</t>
    </point>
    <point>
      <x>0.5933333</x>
      <y>0.195</y>
      <w>0.56402737</w>
      <t>1167</t>
    </point>
    <point>
      <x>0.59166664</x>
      <y>0.19833334</y>
      <w>0.5650049</w>
      <t>1200</t>
    </point>
    <point>
      <x>0.59</x>
      <y>0.20166667</y>
      <w>0.5650049</w>
      <t>1200</t>
    </point>
    <point>
      <x>0.58666664</x>
      <y>0.205</y>
      <w>0.5650049</w>
      <t>1200</t>
    </point>
    <point>
      <x>0.585</x>
      <y>0.21</y>
      <w>0.5650049</w>
      <t>1200</t>
    </point>
    <point>
      <x>0.58166665</x>
      <y>0.21333334</y>
      <w>0.5650049</w>
      <t>1234</t>
    </point>
    <point>
      <x>0.5783333</x>
      <y>0.21833333</y>
      <w>0.5650049</w>
      <t>1235</t>
    </point>
    <point>
      <x>0.57666665</x>
      <y>0.22333333</y>
      <w>0.5650049</w>
      <t>1236</t>
    </point>
    <point>
      <x>0.5733333</x>
      <y>0.22666667</y>
      <w>0.5650049</w>
      <t>1236</t>
    </point>
    <point>
      <x>0.57166666</x>
      <y>0.23166667</y>
      <w>0.5650049</w>
      <t>1236</t>
    </point>
    <point>
      <x>0.5683333</x>
      <y>0.235</y>
      <w>0.5659824</w>
      <t>1267</t>
    </point>
    <point>
      <x>0.56666666</x>
      <y>0.24</y>
      <w>0.5659824</w>
      <t>1267</t>
    </point>
    <point>
      <x>0.56333333</x>
      <y>0.245</y>
      <w>0.5659824</w>
      <t>1267</t>
    </point>
    <point>
      <x>0.56166667</x>
      <y>0.24833333</y>
      <w>0.5659824</w>
      <t>1268</t>
    </point>
    <point>
      <x>0.56</x>
      <y>0.25333333</y>
      <w>0.57380253</w>
      <t>1300</t>
    </point>
    <point>
      <x>0.55833334</x>
      <y>0.25833333</y>
      <w>0.57380253</w>
      <t>1300</t>
    </point>
    <point>
      <x>0.5566667</x>
      <y>0.26166666</y>
      <w>0.57380253</w>
      <t>1300</t>
    </point>
    <point>
      <x>0.555</x>
      <y>0.26666668</y>
      <w>0.57380253</w>
      <t>1300</t>
    </point>
    <point>
      <x>0.55333334</x>
      <y>0.27166668</y>
      <w>0.5835777</w>
      <t>1333</t>
    </point>
    <point>
      <x>0.5516667</x>
      <y>0.27666667</y>
      <w>0.5835777</w>
      <t>1333</t>
    </point>
    <point>
      <x>0.55</x>
      <y>0.28166667</y>
      <w>0.5835777</w>
      <t>1333</t>
    </point>
    <point>
      <x>0.54833335</x>
      <y>0.28666666</y>
      <w>0.5835777</w>
      <t>1333</t>
    </point>
    <point>
      <x>0.5466667</x>
      <y>0.29166666</y>
      <w>0.5835777</w>
      <t>1333</t>
    </point>
    <point>
      <x>0.545</x>
      <y>0.295</y>
      <w>0.5884653</w>
      <t>1367</t>
    </point>
    <point>
      <x>0.54333335</x>
      <y>0.3</y>
      <w>0.5884653</w>
      <t>1367</t>
    </point>
    <point>
      <x>0.5416667</x>
      <y>0.305</y>
      <w>0.5884653</w>
      <t>1367</t>
    </point>
    <point>
      <x>0.54</x>
      <y>0.30833334</y>
      <w>0.5884653</w>
      <t>1367</t>
    </point>
    <point>
      <x>0.54</x>
      <y>0.31166667</y>
      <w>0.6001955</w>
      <t>1400</t>
    </point>
    <point>
      <x>0.53833336</x>
      <y>0.315</y>
      <w>0.6001955</w>
      <t>1400</t>
    </point>
    <point>
      <x>0.53833336</x>
      <y>0.31833333</y>
      <w>0.6001955</w>
      <t>1400</t>
    </point>
    <point>
      <x>0.5366667</x>
      <y>0.32166666</y>
      <w>0.6001955</w>
      <t>1400</t>
    </point>
    <point>
      <x>0.5366667</x>
      <y>0.32333332</y>
      <w>0.6001955</w>
      <t>1400</t>
    </point>
    <point>
      <x>0.5366667</x>
      <y>0.32666665</y>
      <w>0.60801566</w>
      <t>1434</t>
    </point>
    <point>
      <x>0.5366667</x>
      <y>0.32833335</y>
      <w>0.60801566</w>
      <t>1434</t>
    </point>
    <point>
      <x>0.5366667</x>
      <y>0.33166668</y>
      <w>0.60801566</w>
      <t>1434</t>
    </point>
    <point>
      <x>0.5366667</x>
      <y>0.33333334</y>
      <w>0.60801566</w>
      <t>1434</t>
    </point>
    <point>
      <x>0.5366667</x>
      <y>0.335</y>
      <w>0.63147604</w>
      <t>1468</t>
    </point>
    <point>
      <x>0.5366667</x>
      <y>0.33666667</y>
      <w>0.63147604</w>
      <t>1468</t>
    </point>
    <point>
      <x>0.5366667</x>
      <y>0.33833334</y>
      <w>0.63147604</w>
      <t>1468</t>
    </point>
    <point>
      <x>0.5366667</x>
      <y>0.34</y>
      <w>0.63147604</w>
      <t>1468</t>
    </point>
    <point>
      <x>0.5366667</x>
      <y>0.34333333</y>
      <w>0.63147604</w>
      <t>1468</t>
    </point>
    <point>
      <x>0.53833336</x>
      <y>0.34333333</y>
      <w>0.6334311</w>
      <t>1499</t>
    </point>
    <point>
      <x>0.53833336</x>
      <y>0.345</y>
      <w>0.6334311</w>
      <t>1499</t>
    </point>
    <point>
      <x>0.54</x>
      <y>0.34666666</y>
      <w>0.6334311</w>
      <t>1499</t>
    </point>
    <point>
      <x>0.5416667</x>
      <y>0.34833333</y>
      <w>0.6334311</w>
      <t>1499</t>
    </point>
    <point>
      <x>0.54333335</x>
      <y>0.35</y>
      <w>0.6402737</w>
      <t>1534</t>
    </point>
    <point>
      <x>0.54333335</x>
      <y>0.35166666</y>
      <w>0.6402737</w>
      <t>1534</t>
    </point>
    <point>
      <x>0.545</x>
      <y>0.35333332</y>
      <w>0.6402737</w>
      <t>1534</t>
    </point>
    <point>
      <x>0.5466667</x>
      <y>0.355</y>
      <w>0.6402737</w>
      <t>1534</t>
    </point>
    <point>
      <x>0.54833335</x>
      <y>0.35666665</y>
      <w>0.6402737</w>
      <t>1534</t>
    </point>
    <point>
      <x>0.55</x>
      <y>0.35833332</y>
      <w>0.6412512</w>
      <t>1567</t>
    </point>
    <point>
      <x>0.55</x>
      <y>0.36</y>
      <w>0.6412512</w>
      <t>1567</t>
    </point>
    <point>
      <x>0.5516667</x>
      <y>0.36166668</y>
      <w>0.6412512</w>
      <t>1567</t>
    </point>
    <point>
      <x>0.55333334</x>
      <y>0.36333334</y>
      <w>0.6412512</w>
      <t>1567</t>
    </point>
    <point>
      <x>0.555</x>
      <y>0.365</y>
      <w>0.6422287</w>
      <t>1600</t>
    </point>
    <point>
      <x>0.5566667</x>
      <y>0.36666667</y>
      <w>0.6422287</w>
      <t>1600</t>
    </point>
    <point>
      <x>0.55833334</x>
      <y>0.36833334</y>
      <w>0.6422287</w>
      <t>1600</t>
    </point>
    <point>
      <x>0.56</x>
      <y>0.37166667</y>
      <w>0.6422287</w>
      <t>1600</t>
    </point>
    <point>
      <x>0.56166667</x>
      <y>0.37333333</y>
      <w>0.64320624</w>
      <t>1634</t>
    </point>
    <point>
      <x>0.56333333</x>
      <y>0.375</y>
      <w>0.64320624</w>
      <t>1634</t>
    </point>
    <point>
      <x>0.565</x>
      <y>0.37833333</y>
      <w>0.64320624</w>
      <t>1634</t>
    </point>
    <point>
      <x>0.56666666</x>
      <y>0.38</y>
      <w>0.64320624</w>
      <t>1634</t>
    </point>
    <point>
      <x>0.5683333</x>
      <y>0.38333333</y>
      <w>0.64320624</w>
      <t>1634</t>
    </point>
    <point>
      <x>0.5683333</x>
      <y>0.385</y>
      <w>0.6451613</w>
      <t>1667</t>
    </point>
    <point>
      <x>0.57</x>
      <y>0.38833332</y>
      <w>0.6451613</w>
      <t>1667</t>
    </point>
    <point>
      <x>0.57166666</x>
      <y>0.39</y>
      <w>0.6451613</w>
      <t>1667</t>
    </point>
    <point>
      <x>0.5733333</x>
      <y>0.39333335</y>
      <w>0.6451613</w>
      <t>1667</t>
    </point>
    <point>
      <x>0.575</x>
      <y>0.395</y>
      <w>0.6461388</w>
      <t>1700</t>
    </point>
    <point>
      <x>0.57666665</x>
      <y>0.39833334</y>
      <w>0.6461388</w>
      <t>1700</t>
    </point>
    <point>
      <x>0.5783333</x>
      <y>0.4</y>
      <w>0.6461388</w>
      <t>1700</t>
    </point>
    <point>
      <x>0.5783333</x>
      <y>0.40333334</y>
      <w>0.6461388</w>
      <t>1700</t>
    </point>
    <point>
      <x>0.58</x>
      <y>0.405</y>
      <w>0.6461388</w>
      <t>1700</t>
    </point>
    <point>
      <x>0.58166665</x>
      <y>0.40833333</y>
      <w>0.6480938</w>
      <t>1734</t>
    </point>
    <point>
      <x>0.5833333</x>
      <y>0.41166666</y>
      <w>0.6480938</w>
      <t>1734</t>
    </point>
    <point>
      <x>0.5833333</x>
      <y>0.415</y>
      <w>0.6480938</w>
      <t>1734</t>
    </point>
    <point>
      <x>0.585</x>
      <y>0.41833332</y>
      <w>0.6480938</w>
      <t>1734</t>
    </point>
    <point>
      <x>0.58666664</x>
      <y>0.42166665</y>
      <w>0.65004885</w>
      <t>1767</t>
    </point>
    <point>
      <x>0.5883333</x>
      <y>0.425</y>
      <w>0.65004885</w>
      <t>1767</t>
    </point>
    <point>
      <x>0.5883333</x>
      <y>0.42833334</y>
      <w>0.65004885</w>
      <t>1767</t>
    </point>
    <point>
      <x>0.59</x>
      <y>0.43333334</y>
      <w>0.65004885</w>
      <t>1767</t>
    </point>
    <point>
      <x>0.59166664</x>
      <y>0.43666667</y>
      <w>0.65004885</w>
      <t>1767</t>
    </point>
    <point>
      <x>0.59166664</x>
      <y>0.44</y>
      <w>0.6520039</w>
      <t>1800</t>
    </point>
    <point>
      <x>0.5933333</x>
      <y>0.445</y>
      <w>0.6520039</w>
      <t>1800</t>
    </point>
    <point>
      <x>0.5933333</x>
      <y>0.44833332</y>
      <w>0.6520039</w>
      <t>1800</t>
    </point>
    <point>
      <x>0.595</x>
      <y>0.45166665</y>
      <w>0.6520039</w>
      <t>1800</t>
    </point>
    <point>
      <x>0.5966667</x>
      <y>0.455</y>
      <w>0.6529814</w>
      <t>1834</t>
    </point>
    <point>
      <x>0.5966667</x>
      <y>0.46</y>
      <w>0.6529814</w>
      <t>1834</t>
    </point>
    <point>
      <x>0.59833336</x>
      <y>0.46166667</y>
      <w>0.6529814</w>
      <t>1834</t>
    </point>
    <point>
      <x>0.59833336</x>
      <y>0.46666667</y>
      <w>0.6529814</w>
      <t>1834</t>
    </point>
    <point>
      <x>0.6</x>
      <y>0.47</y>
      <w>0.6529814</w>
      <t>1834</t>
    </point>
    <point>
      <x>0.6</x>
      <y>0.47333333</y>
      <w>0.6568915</w>
      <t>1867</t>
    </point>
    <point>
      <x>0.6</x>
      <y>0.47833332</y>
      <w>0.6568915</w>
      <t>1867</t>
    </point>
    <point>
      <x>0.6</x>
      <y>0.48166665</y>
      <w>0.6568915</w>
      <t>1867</t>
    </point>
    <point>
      <x>0.6016667</x>
      <y>0.48666668</y>
      <w>0.6568915</w>
      <t>1867</t>
    </point>
    <point>
      <x>0.6016667</x>
      <y>0.49</y>
      <w>0.6598241</w>
      <t>1900</t>
    </point>
    <point>
      <x>0.6016667</x>
      <y>0.495</y>
      <w>0.6598241</w>
      <t>1900</t>
    </point>
    <point>
      <x>0.6016667</x>
      <y>0.5</y>
      <w>0.6598241</w>
      <t>1900</t>
    </point>
    <point>
      <x>0.6016667</x>
      <y>0.505</y>
      <w>0.6598241</w>
      <t>1900</t>
    </point>
    <point>
      <x>0.6016667</x>
      <y>0.51</y>
      <w>0.6598241</w>
      <t>1933</t>
    </point>
    <point>
      <x>0.6016667</x>
      <y>0.515</y>
      <w>0.6598241</w>
      <t>1933</t>
    </point>
    <point>
      <x>0.6016667</x>
      <y>0.52166665</y>
      <w>0.6598241</w>
      <t>1933</t>
    </point>
    <point>
      <x>0.6016667</x>
      <y>0.52666664</y>
      <w>0.6598241</w>
      <t>1933</t>
    </point>
    <point>
      <x>0.6016667</x>
      <y>0.5316667</y>
      <w>0.6598241</w>
      <t>1933</t>
    </point>
    <point>
      <x>0.6</x>
      <y>0.5366667</y>
      <w>0.6608016</w>
      <t>1967</t>
    </point>
    <point>
      <x>0.6</x>
      <y>0.5416667</y>
      <w>0.6608016</w>
      <t>1967</t>
    </point>
    <point>
      <x>0.6</x>
      <y>0.5466667</y>
      <w>0.6608016</w>
      <t>1967</t>
    </point>
    <point>
      <x>0.59833336</x>
      <y>0.55333334</y>
      <w>0.6608016</w>
      <t>1967</t>
    </point>
    <point>
      <x>0.5966667</x>
      <y>0.55833334</y>
      <w>0.6617791</w>
      <t>2000</t>
    </point>
    <point>
      <x>0.5966667</x>
      <y>0.565</y>
      <w>0.6617791</w>
      <t>2000</t>
    </point>
    <point>
      <x>0.595</x>
      <y>0.57</y>
      <w>0.6617791</w>
      <t>2000</t>
    </point>
    <point>
      <x>0.5933333</x>
      <y>0.57666665</y>
      <w>0.6617791</w>
      <t>2000</t>
    </point>
    <point>
      <x>0.59166664</x>
      <y>0.5833333</y>
      <w>0.6617791</w>
      <t>2000</t>
    </point>
    <point>
      <x>0.59</x>
      <y>0.59</y>
      <w>0.6627566</w>
      <t>2034</t>
    </point>
    <point>
      <x>0.5883333</x>
      <y>0.595</y>
      <w>0.6627566</w>
      <t>2034</t>
    </point>
    <point>
      <x>0.585</x>
      <y>0.6</y>
      <w>0.6627566</w>
      <t>2034</t>
    </point>
    <point>
      <x>0.5833333</x>
      <y>0.6066667</y>
      <w>0.6627566</w>
      <t>2034</t>
    </point>
    <point>
      <x>0.58166665</x>
      <y>0.6116667</y>
      <w>0.66471165</w>
      <t>2067</t>
    </point>
    <point>
      <x>0.58</x>
      <y>0.6166667</y>
      <w>0.66471165</w>
      <t>2067</t>
    </point>
    <point>
      <x>0.57666665</x>
      <y>0.62166667</y>
      <w>0.66471165</w>
      <t>2067</t>
    </point>
    <point>
      <x>0.575</x>
      <y>0.62666667</y>
      <w>0.66471165</w>
      <t>2067</t>
    </point>
    <point>
      <x>0.57166666</x>
      <y>0.63166666</y>
      <w>0.66471165</w>
      <t>2067</t>
    </point>
    <point>
      <x>0.57</x>
      <y>0.63666666</y>
      <w>0.6656892</w>
      <t>2100</t>
    </point>
    <point>
      <x>0.56666666</x>
      <y>0.64166665</y>
      <w>0.6656892</w>
      <t>2100</t>
    </point>
    <point>
      <x>0.56333333</x>
      <y>0.645</y>
      <w>0.6656892</w>
      <t>2100</t>
    </point>
    <point>
      <x>0.56166667</x>
      <y>0.65</y>
      <w>0.6656892</w>
      <t>2100</t>
    </point>
    <point>
      <x>0.55833334</x>
      <y>0.6533333</y>
      <w>0.6666667</w>
      <t>2134</t>
    </point>
    <point>
      <x>0.555</x>
      <y>0.65833336</y>
      <w>0.6666667</w>
      <t>2134</t>
    </point>
    <point>
      <x>0.5516667</x>
      <y>0.6616667</y>
      <w>0.6666667</w>
      <t>2134</t>
    </point>
    <point>
      <x>0.54833335</x>
      <y>0.665</y>
      <w>0.6666667</w>
      <t>2134</t>
    </point>
    <point>
      <x>0.545</x>
      <y>0.66833335</y>
      <w>0.6666667</w>
      <t>2134</t>
    </point>
    <point>
      <x>0.5416667</x>
      <y>0.6716667</y>
      <w>0.66471165</w>
      <t>2167</t>
    </point>
    <point>
      <x>0.54</x>
      <y>0.675</y>
      <w>0.66471165</w>
      <t>2167</t>
    </point>
    <point>
      <x>0.5366667</x>
      <y>0.67833334</y>
      <w>0.66471165</w>
      <t>2167</t>
    </point>
    <point>
      <x>0.53333336</x>
      <y>0.68</y>
      <w>0.66471165</w>
      <t>2167</t>
    </point>
    <point>
      <x>0.5316667</x>
      <y>0.68333334</y>
      <w>0.6539589</w>
      <t>2200</t>
    </point>
    <point>
      <x>0.5283333</x>
      <y>0.685</y>
      <w>0.6539589</w>
      <t>2200</t>
    </point>
    <point>
      <x>0.525</x>
      <y>0.68833333</y>
      <w>0.6539589</w>
      <t>2200</t>
    </point>
    <point>
      <x>0.52166665</x>
      <y>0.69166666</y>
      <w>0.6539589</w>
      <t>2200</t>
    </point>
    <point>
      <x>0.5183333</x>
      <y>0.6933333</y>
      <w>0.6363636</w>
      <t>2234</t>
    </point>
    <point>
      <x>0.515</x>
      <y>0.69666666</y>
      <w>0.6363636</w>
      <t>2234</t>
    </point>
    <point>
      <x>0.51166666</x>
      <y>0.6983333</y>
      <w>0.6363636</w>
      <t>2234</t>
    </point>
    <point>
      <x>0.5083333</x>
      <y>0.7</y>
      <w>0.6363636</w>
      <t>2234</t>
    </point>
    <point>
      <x>0.505</x>
      <y>0.70166665</y>
      <w>0.6363636</w>
      <t>2234</t>
    </point>
    <point>
      <x>0.50333333</x>
      <y>0.7033333</y>
      <w>0.627566</w>
      <t>2267</t>
    </point>
    <point>
      <x>0.5</x>
      <y>0.705</y>
      <w>0.627566</w>
      <t>2267</t>
    </point>
    <point>
      <x>0.49666667</x>
      <y>0.705</y>
      <w>0.627566</w>
      <t>2267</t>
    </point>
    <point>
      <x>0.495</x>
      <y>0.70666665</y>
      <w>0.627566</w>
      <t>2267</t>
    </point>
    <point>
      <x>0.49166667</x>
      <y>0.70666665</y>
      <w>0.6168133</w>
      <t>2300</t>
    </point>
    <point>
      <x>0.48833334</x>
      <y>0.70666665</y>
      <w>0.6168133</w>
      <t>2300</t>
    </point>
    <point>
      <x>0.485</x>
      <y>0.70666665</y>
      <w>0.6168133</w>
      <t>2300</t>
    </point>
    <point>
      <x>0.48166665</x>
      <y>0.70666665</y>
      <w>0.6168133</w>
      <t>2300</t>
    </point>
    <point>
      <x>0.47833332</x>
      <y>0.70666665</y>
      <w>0.6168133</w>
      <t>2300</t>
    </point>
    <point>
      <x>0.475</x>
      <y>0.70666665</y>
      <w>0.6109482</w>
      <t>2334</t>
    </point>
    <point>
      <x>0.47166666</x>
      <y>0.70666665</y>
      <w>0.6109482</w>
      <t>2334</t>
    </point>
    <point>
      <x>0.46666667</x>
      <y>0.70666665</y>
      <w>0.6109482</w>
      <t>2334</t>
    </point>
    <point>
      <x>0.46333334</x>
      <y>0.70666665</y>
      <w>0.6109482</w>
      <t>2334</t>
    </point>
    <point>
      <x>0.45833334</x>
      <y>0.705</y>
      <w>0.6089932</w>
      <t>2367</t>
    </point>
    <point>
      <x>0.455</x>
      <y>0.705</y>
      <w>0.6089932</w>
      <t>2367</t>
    </point>
    <point>
      <x>0.45</x>
      <y>0.7033333</y>
      <w>0.6089932</w>
      <t>2367</t>
    </point>
    <point>
      <x>0.44666666</x>
      <y>0.70166665</y>
      <w>0.6089932</w>
      <t>2367</t>
    </point>
    <point>
      <x>0.44166666</x>
      <y>0.70166665</y>
      <w>0.6089932</w>
      <t>2367</t>
    </point>
    <point>
      <x>0.43666667</x>
      <y>0.7</y>
      <w>0.6041056</w>
      <t>2400</t>
    </point>
    <point>
      <x>0.43166667</x>
      <y>0.6983333</y>
      <w>0.6041056</w>
      <t>2400</t>
    </point>
    <point>
      <x>0.42666668</x>
      <y>0.695</y>
      <w>0.6041056</w>
      <t>2400</t>
    </point>
    <point>
      <x>0.42166665</x>
      <y>0.6933333</y>
      <w>0.6041056</w>
      <t>2400</t>
    </point>
    <point>
      <x>0.41666666</x>
      <y>0.69166666</y>
      <w>0.6041056</w>
      <t>2434</t>
    </point>
    <point>
      <x>0.41166666</x>
      <y>0.69</y>
      <w>0.6041056</w>
      <t>2434</t>
    </point>
    <point>
      <x>0.405</x>
      <y>0.68833333</y>
      <w>0.6041056</w>
      <t>2434</t>
    </point>
    <point>
      <x>0.4</x>
      <y>0.685</y>
      <w>0.6041056</w>
      <t>2434</t>
    </point>
    <point>
      <x>0.39333335</x>
      <y>0.68333334</y>
      <w>0.6041056</w>
      <t>2434</t>
    </point>
    <point>
      <x>0.38833332</x>
      <y>0.6816667</y>
      <w>0.6031281</w>
      <t>2467</t>
    </point>
    <point>
      <x>0.38333333</x>
      <y>0.67833334</y>
      <w>0.6031281</w>
      <t>2467</t>
    </point>
    <point>
      <x>0.37833333</x>
      <y>0.6766667</y>
      <w>0.6031281</w>
      <t>2467</t>
    </point>
    <point>
      <x>0.37333333</x>
      <y>0.675</y>
      <w>0.6031281</w>
      <t>2467</t>
    </point>
    <point>
      <x>0.36833334</x>
      <y>0.6716667</y>
      <w>0.6041056</w>
      <t>2501</t>
    </point>
    <point>
      <x>0.36333334</x>
      <y>0.67</y>
      <w>0.6041056</w>
      <t>2501</t>
    </point>
    <point>
      <x>0.35833332</x>
      <y>0.6666667</y>
      <w>0.6041056</w>
      <t>2501</t>
    </point>
    <point>
      <x>0.355</x>
      <y>0.665</y>
      <w>0.6041056</w>
      <t>2501</t>
    </point>
    <point>
      <x>0.35</x>
      <y>0.6616667</y>
      <w>0.6060606</w>
      <t>2534</t>
    </point>
    <point>
      <x>0.345</x>
      <y>0.65833336</y>
      <w>0.6060606</w>
      <t>2534</t>
    </point>
    <point>
      <x>0.34166667</x>
      <y>0.6533333</y>
      <w>0.6060606</w>
      <t>2534</t>
    </point>
    <point>
      <x>0.33666667</x>
      <y>0.65</y>
      <w>0.6060606</w>
      <t>2534</t>
    </point>
    <point>
      <x>0.33166668</x>
      <y>0.645</y>
      <w>0.6060606</w>
      <t>2534</t>
    </point>
    <point>
      <x>0.32666665</x>
      <y>0.64166665</y>
      <w>0.60703814</w>
      <t>2567</t>
    </point>
    <point>
      <x>0.32166666</x>
      <y>0.63666666</y>
      <w>0.60703814</w>
      <t>2567</t>
    </point>
    <point>
      <x>0.31666666</x>
      <y>0.6333333</y>
      <w>0.60703814</w>
      <t>2567</t>
    </point>
    <point>
      <x>0.31333333</x>
      <y>0.63</y>
      <w>0.60703814</w>
      <t>2567</t>
    </point>
    <point>
      <x>0.30833334</x>
      <y>0.625</y>
      <w>0.61485827</w>
      <t>2600</t>
    </point>
    <point>
      <x>0.305</x>
      <y>0.62333333</y>
      <w>0.61485827</w>
      <t>2600</t>
    </point>
    <point>
      <x>0.30166668</x>
      <y>0.62</y>
      <w>0.61485827</w>
      <t>2600</t>
    </point>
    <point>
      <x>0.3</x>
      <y>0.6166667</y>
      <w>0.61485827</w>
      <t>2600</t>
    </point>
    <point>
      <x>0.29666665</x>
      <y>0.61333334</y>
      <w>0.61485827</w>
      <t>2600</t>
    </point>
    <point>
      <x>0.295</x>
      <y>0.61</y>
      <w>0.61876833</w>
      <t>2634</t>
    </point>
    <point>
      <x>0.29333332</x>
      <y>0.60833335</y>
      <w>0.61876833</w>
      <t>2634</t>
    </point>
    <point>
      <x>0.29166666</x>
      <y>0.605</y>
      <w>0.61876833</w>
      <t>2634</t>
    </point>
    <point>
      <x>0.29</x>
      <y>0.6016667</y>
      <w>0.61876833</w>
      <t>2634</t>
    </point>
    <point>
      <x>0.28833333</x>
      <y>0.59833336</y>
      <w>0.61974585</w>
      <t>2667</t>
    </point>
    <point>
      <x>0.28666666</x>
      <y>0.595</y>
      <w>0.61974585</w>
      <t>2667</t>
    </point>
    <point>
      <x>0.285</x>
      <y>0.59166664</y>
      <w>0.61974585</w>
      <t>2667</t>
    </point>
    <point>
      <x>0.28333333</x>
      <y>0.58666664</y>
      <w>0.61974585</w>
      <t>2667</t>
    </point>
    <point>
      <x>0.28166667</x>
      <y>0.5833333</y>
      <w>0.61974585</w>
      <t>2667</t>
    </point>
    <point>
      <x>0.28</x>
      <y>0.58</y>
      <w>0.6217009</w>
      <t>2701</t>
    </point>
    <point>
      <x>0.28</x>
      <y>0.57666665</y>
      <w>0.6217009</w>
      <t>2701</t>
    </point>
    <point>
      <x>0.27833334</x>
      <y>0.5733333</y>
      <w>0.6217009</w>
      <t>2701</t>
    </point>
    <point>
      <x>0.27666667</x>
      <y>0.57</y>
      <w>0.6217009</w>
      <t>2701</t>
    </point>
    <point>
      <x>0.27666667</x>
      <y>0.5683333</y>
      <w>0.6236559</w>
      <t>2734</t>
    </point>
    <point>
      <x>0.27666667</x>
      <y>0.565</y>
      <w>0.6236559</w>
      <t>2734</t>
    </point>
    <point>
      <x>0.27666667</x>
      <y>0.56333333</y>
      <w>0.6236559</w>
      <t>2734</t>
    </point>
    <point>
      <x>0.275</x>
      <y>0.56</y>
      <w>0.6236559</w>
      <t>2734</t>
    </point>
    <point>
      <x>0.275</x>
      <y>0.55833334</y>
      <w>0.6236559</w>
      <t>2734</t>
    </point>
    <point>
      <x>0.275</x>
      <y>0.5566667</y>
      <w>0.6217009</w>
      <t>2767</t>
    </point>
    <point>
      <x>0.275</x>
      <y>0.55333334</y>
      <w>0.6217009</w>
      <t>2767</t>
    </point>
    <point>
      <x>0.275</x>
      <y>0.55</y>
      <w>0.6217009</w>
      <t>2767</t>
    </point>
    <point>
      <x>0.275</x>
      <y>0.5466667</y>
      <w>0.6217009</w>
      <t>2767</t>
    </point>
    <point>
      <x>0.275</x>
      <y>0.54333335</y>
      <w>0.6177908</w>
      <t>2801</t>
    </point>
    <point>
      <x>0.27666667</x>
      <y>0.53833336</y>
      <w>0.6177908</w>
      <t>2801</t>
    </point>
    <point>
      <x>0.27833334</x>
      <y>0.535</y>
      <w>0.6177908</w>
      <t>2801</t>
    </point>
    <point>
      <x>0.28</x>
      <y>0.53</y>
      <w>0.6177908</w>
      <t>2801</t>
    </point>
    <point>
      <x>0.28166667</x>
      <y>0.52666664</y>
      <w>0.6158358</w>
      <t>2834</t>
    </point>
    <point>
      <x>0.28333333</x>
      <y>0.52166665</y>
      <w>0.6158358</w>
      <t>2834</t>
    </point>
    <point>
      <x>0.28666666</x>
      <y>0.5183333</y>
      <w>0.6158358</w>
      <t>2834</t>
    </point>
    <point>
      <x>0.28833333</x>
      <y>0.515</y>
      <w>0.6158358</w>
      <t>2834</t>
    </point>
    <point>
      <x>0.29166666</x>
      <y>0.51</y>
      <w>0.6158358</w>
      <t>2834</t>
    </point>
    <point>
      <x>0.295</x>
      <y>0.505</y>
      <w>0.6177908</w>
      <t>2867</t>
    </point>
    <point>
      <x>0.29833335</x>
      <y>0.5</y>
      <w>0.6177908</w>
      <t>2867</t>
    </point>
    <point>
      <x>0.30333334</x>
      <y>0.495</y>
      <w>0.6177908</w>
      <t>2867</t>
    </point>
    <point>
      <x>0.30833334</x>
      <y>0.49</y>
      <w>0.6177908</w>
      <t>2867</t>
    </point>
    <point>
      <x>0.31333333</x>
      <y>0.485</y>
      <w>0.6158358</w>
      <t>2900</t>
    </point>
    <point>
      <x>0.31666666</x>
      <y>0.48</y>
      <w>0.6158358</w>
      <t>2900</t>
    </point>
    <point>
      <x>0.32166666</x>
      <y>0.475</y>
      <w>0.6158358</w>
      <t>2900</t>
    </point>
    <point>
      <x>0.32666665</x>
      <y>0.47</y>
      <w>0.6158358</w>
      <t>2900</t>
    </point>
    <point>
      <x>0.33</x>
      <y>0.46666667</y>
      <w>0.6158358</w>
      <t>2900</t>
    </point>
    <point>
      <x>0.33333334</x>
      <y>0.46333334</y>
      <w>0.61290324</w>
      <t>2934</t>
    </point>
    <point>
      <x>0.33833334</x>
      <y>0.46</y>
      <w>0.61290324</w>
      <t>2934</t>
    </point>
    <point>
      <x>0.34333333</x>
      <y>0.45666668</y>
      <w>0.61290324</w>
      <t>2934</t>
    </point>
    <point>
      <x>0.34833333</x>
      <y>0.45333335</y>
      <w>0.61290324</w>
      <t>2934</t>
    </point>
    <point>
      <x>0.355</x>
      <y>0.45</y>
      <w>0.61290324</w>
      <t>2967</t>
    </point>
    <point>
      <x>0.36</x>
      <y>0.44666666</y>
      <w>0.61290324</w>
      <t>2967</t>
    </point>
    <point>
      <x>0.365</x>
      <y>0.44333333</y>
      <w>0.61290324</w>
      <t>2967</t>
    </point>
    <point>
      <x>0.37</x>
      <y>0.44166666</y>
      <w>0.61290324</w>
      <t>2967</t>
    </point>
    <point>
      <x>0.37333333</x>
      <y>0.43833333</y>
      <w>0.61290324</w>
      <t>2967</t>
    </point>
    <point>
      <x>0.37833333</x>
      <y>0.43833333</y>
      <w>0.6109482</w>
      <t>3000</t>
    </point>
    <point>
      <x>0.38166666</x>
      <y>0.43666667</y>
      <w>0.6109482</w>
      <t>3000</t>
    </point>
    <point>
      <x>0.385</x>
      <y>0.435</y>
      <w>0.6109482</w>
      <t>3000</t>
    </point>
    <point>
      <x>0.39</x>
      <y>0.435</y>
      <w>0.6109482</w>
      <t>3000</t>
    </point>
    <point>
      <x>0.39333335</x>
      <y>0.43333334</y>
      <w>0.6109482</w>
      <t>3034</t>
    </point>
    <point>
      <x>0.39666668</x>
      <y>0.43333334</y>
      <w>0.6109482</w>
      <t>3034</t>
    </point>
    <point>
      <x>0.4</x>
      <y>0.43333334</y>
      <w>0.6109482</w>
      <t>3034</t>
    </point>
    <point>
      <x>0.40166667</x>
      <y>0.43333334</y>
      <w>0.6109482</w>
      <t>3034</t>
    </point>
    <point>
      <x>0.405</x>
      <y>0.43333334</y>
      <w>0.6109482</w>
      <t>3034</t>
    </point>
    <point>
      <x>0.40833333</x>
      <y>0.43333334</y>
      <w>0.61290324</w>
      <t>3067</t>
    </point>
    <point>
      <x>0.41</x>
      <y>0.43333334</y>
      <w>0.61290324</w>
      <t>3067</t>
    </point>
    <point>
      <x>0.41333333</x>
      <y>0.435</y>
      <w>0.61290324</w>
      <t>3067</t>
    </point>
    <point>
      <x>0.41666666</x>
      <y>0.43666667</y>
      <w>0.61290324</w>
      <t>3067</t>
    </point>
    <point>
      <x>0.42</x>
      <y>0.43833333</y>
      <w>0.6158358</w>
      <t>3100</t>
    </point>
    <point>
      <x>0.42166665</x>
      <y>0.44</y>
      <w>0.6158358</w>
      <t>3100</t>
    </point>
    <point>
      <x>0.425</x>
      <y>0.44166666</y>
      <w>0.6158358</w>
      <t>3100</t>
    </point>
    <point>
      <x>0.42666668</x>
      <y>0.44333333</y>
      <w>0.6158358</w>
      <t>3100</t>
    </point>
    <point>
      <x>0.42833334</x>
      <y>0.445</y>
      <w>0.61876833</w>
      <t>3134</t>
    </point>
    <point>
      <x>0.43166667</x>
      <y>0.44666666</y>
      <w>0.61876833</w>
      <t>3134</t>
    </point>
    <point>
      <x>0.43333334</x>
      <y>0.45</y>
      <w>0.61876833</w>
      <t>3134</t>
    </point>
    <point>
      <x>0.435</x>
      <y>0.45166665</y>
      <w>0.61876833</w>
      <t>3134</t>
    </point>
    <point>
      <x>0.43666667</x>
      <y>0.455</y>
      <w>0.61876833</w>
      <t>3134</t>
    </point>
    <point>
      <x>0.43833333</x>
      <y>0.45833334</y>
      <w>0.62463343</w>
      <t>3167</t>
    </point>
    <point>
      <x>0.44</x>
      <y>0.46</y>
      <w>0.62463343</w>
      <t>3167</t>
    </point>
    <point>
      <x>0.44166666</x>
      <y>0.465</y>
      <w>0.62463343</w>
      <t>3167</t>
    </point>
    <point>
      <x>0.44333333</x>
      <y>0.46833333</y>
      <w>0.62463343</w>
      <t>3167</t>
    </point>
    <point>
      <x>0.44333333</x>
      <y>0.47166666</y>
      <w>0.629521</w>
      <t>3200</t>
    </point>
    <point>
      <x>0.44333333</x>
      <y>0.47666666</y>
      <w>0.629521</w>
      <t>3200</t>
    </point>
    <point>
      <x>0.445</x>
      <y>0.48166665</y>
      <w>0.629521</w>
      <t>3200</t>
    </point>
    <point>
      <x>0.445</x>
      <y>0.48666668</y>
      <w>0.629521</w>
      <t>3200</t>
    </point>
    <point>
      <x>0.445</x>
      <y>0.49166667</y>
      <w>0.629521</w>
      <t>3200</t>
    </point>
    <point>
      <x>0.445</x>
      <y>0.49666667</y>
      <w>0.6353861</w>
      <t>3234</t>
    </point>
    <point>
      <x>0.445</x>
      <y>0.50166667</y>
      <w>0.6353861</w>
      <t>3234</t>
    </point>
    <point>
      <x>0.445</x>
      <y>0.50666666</y>
      <w>0.6353861</w>
      <t>3234</t>
    </point>
    <point>
      <x>0.44333333</x>
      <y>0.51166666</y>
      <w>0.6353861</w>
      <t>3234</t>
    </point>
    <point>
      <x>0.44333333</x>
      <y>0.51666665</y>
      <w>0.6412512</w>
      <t>3267</t>
    </point>
    <point>
      <x>0.44333333</x>
      <y>0.52166665</y>
      <w>0.6412512</w>
      <t>3267</t>
    </point>
    <point>
      <x>0.44166666</x>
      <y>0.5283333</y>
      <w>0.6412512</w>
      <t>3267</t>
    </point>
    <point>
      <x>0.44166666</x>
      <y>0.535</y>
      <w>0.6412512</w>
      <t>3267</t>
    </point>
    <point>
      <x>0.44166666</x>
      <y>0.5416667</y>
      <w>0.6412512</w>
      <t>3267</t>
    </point>
    <point>
      <x>0.44</x>
      <y>0.5466667</y>
      <w>0.6471163</w>
      <t>3300</t>
    </point>
    <point>
      <x>0.44</x>
      <y>0.55333334</y>
      <w>0.6471163</w>
      <t>3300</t>
    </point>
    <point>
      <x>0.43833333</x>
      <y>0.56</y>
      <w>0.6471163</w>
      <t>3300</t>
    </point>
    <point>
      <x>0.43666667</x>
      <y>0.565</y>
      <w>0.6471163</w>
      <t>3300</t>
    </point>
    <point>
      <x>0.43666667</x>
      <y>0.57166666</y>
      <w>0.65004885</w>
      <t>3334</t>
    </point>
    <point>
      <x>0.435</x>
      <y>0.5783333</y>
      <w>0.65004885</w>
      <t>3334</t>
    </point>
    <point>
      <x>0.43333334</x>
      <y>0.58666664</y>
      <w>0.65004885</w>
      <t>3334</t>
    </point>
    <point>
      <x>0.43166667</x>
      <y>0.5933333</y>
      <w>0.65004885</w>
      <t>3334</t>
    </point>
    <point>
      <x>0.43</x>
      <y>0.6</y>
      <w>0.65004885</w>
      <t>3334</t>
    </point>
    <point>
      <x>0.42833334</x>
      <y>0.60833335</y>
      <w>0.6529814</w>
      <t>3367</t>
    </point>
    <point>
      <x>0.42666668</x>
      <y>0.615</y>
      <w>0.6529814</w>
      <t>3367</t>
    </point>
    <point>
      <x>0.425</x>
      <y>0.62166667</y>
      <w>0.6529814</w>
      <t>3367</t>
    </point>
    <point>
      <x>0.42333335</x>
      <y>0.62833333</y>
      <w>0.6529814</w>
      <t>3367</t>
    </point>
    <point>
      <x>0.42166665</x>
      <y>0.63666666</y>
      <w>0.6617791</w>
      <t>3400</t>
    </point>
    <point>
      <x>0.42</x>
      <y>0.6433333</y>
      <w>0.6617791</w>
      <t>3400</t>
    </point>
    <point>
      <x>0.41666666</x>
      <y>0.65</y>
      <w>0.6617791</w>
      <t>3400</t>
    </point>
    <point>
      <x>0.415</x>
      <y>0.65833336</y>
      <w>0.6617791</w>
      <t>3400</t>
    </point>
    <point>
      <x>0.41166666</x>
      <y>0.665</y>
      <w>0.66471165</w>
      <t>3434</t>
    </point>
    <point>
      <x>0.41</x>
      <y>0.6716667</y>
      <w>0.66471165</w>
      <t>3434</t>
    </point>
    <point>
      <x>0.40666667</x>
      <y>0.67833334</y>
      <w>0.66471165</w>
      <t>3434</t>
    </point>
    <point>
      <x>0.40333334</x>
      <y>0.685</y>
      <w>0.66471165</w>
      <t>3434</t>
    </point>
    <point>
      <x>0.40166667</x>
      <y>0.69166666</y>
      <w>0.66471165</w>
      <t>3434</t>
    </point>
    <point>
      <x>0.39833334</x>
      <y>0.6983333</y>
      <w>0.6656892</w>
      <t>3467</t>
    </point>
    <point>
      <x>0.39666668</x>
      <y>0.7033333</y>
      <w>0.6656892</w>
      <t>3467</t>
    </point>
    <point>
      <x>0.39333335</x>
      <y>0.71166664</y>
      <w>0.6656892</w>
      <t>3467</t>
    </point>
    <point>
      <x>0.39</x>
      <y>0.7183333</y>
      <w>0.6656892</w>
      <t>3467</t>
    </point>
    <point>
      <x>0.385</x>
      <y>0.7266667</y>
      <w>0.6666667</w>
      <t>3501</t>
    </point>
    <point>
      <x>0.38166666</x>
      <y>0.73333335</y>
      <w>0.6666667</w>
      <t>3501</t>
    </point>
    <point>
      <x>0.37666667</x>
      <y>0.74</y>
      <w>0.6666667</w>
      <t>3501</t>
    </point>
    <point>
      <x>0.37333333</x>
      <y>0.74666667</y>
      <w>0.6666667</w>
      <t>3501</t>
    </point>
    <point>
      <x>0.36833334</x>
      <y>0.75333333</y>
      <w>0.6666667</w>
      <t>3501</t>
    </point>
    <point>
      <x>0.365</x>
      <y>0.76</y>
      <w>0.6686217</w>
      <t>3534</t>
    </point>
    <point>
      <x>0.36333334</x>
      <y>0.765</y>
      <w>0.6686217</w>
      <t>3534</t>
    </point>
    <point>
      <x>0.36</x>
      <y>0.7683333</y>
      <w>0.6686217</w>
      <t>3534</t>
    </point>
    <point>
      <x>0.35666665</x>
      <y>0.7733333</y>
      <w>0.6686217</w>
      <t>3534</t>
    </point>
    <point>
      <x>0.355</x>
      <y>0.77666664</y>
      <w>0.6627566</w>
      <t>3566</t>
    </point>
    <point>
      <x>0.35166666</x>
      <y>0.7783333</y>
      <w>0.6627566</w>
      <t>3566</t>
    </point>
    <point>
      <x>0.34833333</x>
      <y>0.7816667</y>
      <w>0.6627566</w>
      <t>3566</t>
    </point>
    <point>
      <x>0.34666666</x>
      <y>0.785</y>
      <w>0.6627566</w>
      <t>3566</t>
    </point>
    <point>
      <x>0.34333333</x>
      <y>0.7866667</y>
      <w>0.6627566</w>
      <t>3566</t>
    </point>
    <point>
      <x>0.34</x>
      <y>0.78833336</y>
      <w>0.6520039</w>
      <t>3600</t>
    </point>
    <point>
      <x>0.33666667</x>
      <y>0.79</y>
      <w>0.6520039</w>
      <t>3600</t>
    </point>
    <point>
      <x>0.33333334</x>
      <y>0.7916667</y>
      <w>0.6520039</w>
      <t>3600</t>
    </point>
    <point>
      <x>0.32833335</x>
      <y>0.7916667</y>
      <w>0.6520039</w>
      <t>3600</t>
    </point>
    <point>
      <x>0.325</x>
      <y>0.79333335</y>
      <w>0.6363636</w>
      <t>3634</t>
    </point>
    <point>
      <x>0.32</x>
      <y>0.79333335</y>
      <w>0.6363636</w>
      <t>3634</t>
    </point>
    <point>
      <x>0.315</x>
      <y>0.795</y>
      <w>0.6363636</w>
      <t>3634</t>
    </point>
    <point>
      <x>0.31</x>
      <y>0.795</y>
      <w>0.6363636</w>
      <t>3634</t>
    </point>
    <point>
      <x>0.305</x>
      <y>0.795</y>
      <w>0.6363636</w>
      <t>3634</t>
    </point>
    <point>
      <x>0.3</x>
      <y>0.795</y>
      <w>0.6099707</w>
      <t>3667</t>
    </point>
    <point>
      <x>0.29333332</x>
      <y>0.795</y>
      <w>0.6099707</w>
      <t>3667</t>
    </point>
    <point>
      <x>0.28833333</x>
      <y>0.795</y>
      <w>0.6099707</w>
      <t>3667</t>
    </point>
    <point>
      <x>0.28166667</x>
      <y>0.795</y>
      <w>0.6099707</w>
      <t>3667</t>
    </point>
    <point>
      <x>0.275</x>
      <y>0.79333335</y>
      <w>0.6060606</w>
      <t>3701</t>
    </point>
    <point>
      <x>0.26833335</x>
      <y>0.7916667</y>
      <w>0.6060606</w>
      <t>3701</t>
    </point>
    <point>
      <x>0.26166666</x>
      <y>0.79</y>
      <w>0.6060606</w>
      <t>3701</t>
    </point>
    <point>
      <x>0.25666666</x>
      <y>0.78833336</y>
      <w>0.6060606</w>
      <t>3701</t>
    </point>
    <point>
      <x>0.25166667</x>
      <y>0.78833336</y>
      <w>0.60117304</w>
      <t>3734</t>
    </point>
    <point>
      <x>0.24666667</x>
      <y>0.7866667</y>
      <w>0.60117304</w>
      <t>3734</t>
    </point>
    <point>
      <x>0.24333334</x>
      <y>0.785</y>
      <w>0.60117304</w>
      <t>3734</t>
    </point>
    <point>
      <x>0.24</x>
      <y>0.78333336</y>
      <w>0.60117304</w>
      <t>3734</t>
    </point>
    <point>
      <x>0.23833333</x>
      <y>0.7816667</y>
      <w>0.60117304</w>
      <t>3734</t>
    </point>
    <point>
      <x>0.23666666</x>
      <y>0.78</y>
      <w>0.59628546</w>
      <t>3767</t>
    </point>
    <point>
      <x>0.235</x>
      <y>0.7783333</y>
      <w>0.59628546</w>
      <t>3767</t>
    </point>
    <point>
      <x>0.23333333</x>
      <y>0.77666664</y>
      <w>0.59628546</w>
      <t>3767</t>
    </point>
    <point>
      <x>0.23333333</x>
      <y>0.775</y>
      <w>0.59628546</w>
      <t>3767</t>
    </point>
    <point>
      <x>0.23166667</x>
      <y>0.7733333</y>
      <w>0.5913978</w>
      <t>3801</t>
    </point>
    <point>
      <x>0.23166667</x>
      <y>0.77166665</y>
      <w>0.5913978</w>
      <t>3801</t>
    </point>
    <point>
      <x>0.23166667</x>
      <y>0.77</y>
      <w>0.5913978</w>
      <t>3801</t>
    </point>
    <point>
      <x>0.23166667</x>
      <y>0.7683333</y>
      <w>0.5913978</w>
      <t>3801</t>
    </point>
    <point>
      <x>0.23166667</x>
      <y>0.765</y>
      <w>0.5913978</w>
      <t>3801</t>
    </point>
    <point>
      <x>0.23166667</x>
      <y>0.76166666</y>
      <w>0.5884653</w>
      <t>3834</t>
    </point>
    <point>
      <x>0.23166667</x>
      <y>0.76</y>
      <w>0.5884653</w>
      <t>3834</t>
    </point>
    <point>
      <x>0.23333333</x>
      <y>0.75666666</y>
      <w>0.5884653</w>
      <t>3834</t>
    </point>
    <point>
      <x>0.235</x>
      <y>0.75166667</y>
      <w>0.5884653</w>
      <t>3834</t>
    </point>
    <point>
      <x>0.23666666</x>
      <y>0.74833333</y>
      <w>0.5884653</w>
      <t>3867</t>
    </point>
    <point>
      <x>0.23833333</x>
      <y>0.745</y>
      <w>0.5884653</w>
      <t>3867</t>
    </point>
    <point>
      <x>0.24</x>
      <y>0.74</y>
      <w>0.5884653</w>
      <t>3867</t>
    </point>
    <point>
      <x>0.24333334</x>
      <y>0.7366667</y>
      <w>0.5884653</w>
      <t>3867</t>
    </point>
    <point>
      <x>0.245</x>
      <y>0.7316667</y>
      <w>0.5884653</w>
      <t>3867</t>
    </point>
    <point>
      <x>0.24833333</x>
      <y>0.7266667</y>
      <w>0.58651024</w>
      <t>3901</t>
    </point>
    <point>
      <x>0.25166667</x>
      <y>0.7216667</y>
      <w>0.58651024</w>
      <t>3901</t>
    </point>
    <point>
      <x>0.255</x>
      <y>0.71666664</y>
      <w>0.58651024</w>
      <t>3901</t>
    </point>
    <point>
      <x>0.25833333</x>
      <y>0.71166664</y>
      <w>0.58651024</w>
      <t>3901</t>
    </point>
    <point>
      <x>0.26166666</x>
      <y>0.7083333</y>
      <w>0.58064514</w>
      <t>3934</t>
    </point>
    <point>
      <x>0.265</x>
      <y>0.7033333</y>
      <w>0.58064514</w>
      <t>3934</t>
    </point>
    <point>
      <x>0.27</x>
      <y>0.7</y>
      <w>0.58064514</w>
      <t>3934</t>
    </point>
    <point>
      <x>0.27333334</x>
      <y>0.69666666</y>
      <w>0.58064514</w>
      <t>3934</t>
    </point>
    <point>
      <x>0.27833334</x>
      <y>0.69166666</y>
      <w>0.58064514</w>
      <t>3934</t>
    </point>
    <point>
      <x>0.28333333</x>
      <y>0.68666667</y>
      <w>0.5786901</w>
      <t>3967</t>
    </point>
    <point>
      <x>0.28833333</x>
      <y>0.68333334</y>
      <w>0.5786901</w>
      <t>3967</t>
    </point>
    <point>
      <x>0.295</x>
      <y>0.67833334</y>
      <w>0.5786901</w>
      <t>3967</t>
    </point>
    <point>
      <x>0.3</x>
      <y>0.67333335</y>
      <w>0.5786901</w>
      <t>3967</t>
    </point>
    <point>
      <x>0.305</x>
      <y>0.66833335</y>
      <w>0.5767351</w>
      <t>4000</t>
    </point>
    <point>
      <x>0.31166667</x>
      <y>0.66333336</y>
      <w>0.5767351</w>
      <t>4000</t>
    </point>
    <point>
      <x>0.31666666</x>
      <y>0.66</y>
      <w>0.5767351</w>
      <t>4000</t>
    </point>
    <point>
      <x>0.32333332</x>
      <y>0.655</y>
      <w>0.5767351</w>
      <t>4000</t>
    </point>
    <point>
      <x>0.33</x>
      <y>0.65</y>
      <w>0.57380253</w>
      <t>4034</t>
    </point>
    <point>
      <x>0.33666667</x>
      <y>0.645</y>
      <w>0.57380253</w>
      <t>4034</t>
    </point>
    <point>
      <x>0.34333333</x>
      <y>0.64</y>
      <w>0.57380253</w>
      <t>4034</t>
    </point>
    <point>
      <x>0.35</x>
      <y>0.6333333</y>
      <w>0.57380253</w>
      <t>4034</t>
    </point>
    <point>
      <x>0.35833332</x>
      <y>0.62833333</y>
      <w>0.57380253</w>
      <t>4034</t>
    </point>
    <point>
      <x>0.365</x>
      <y>0.62166667</y>
      <w>0.57380253</w>
      <t>4067</t>
    </point>
    <point>
      <x>0.37333333</x>
      <y>0.6166667</y>
      <w>0.57380253</w>
      <t>4067</t>
    </point>
    <point>
      <x>0.38</x>
      <y>0.6116667</y>
      <w>0.57380253</w>
      <t>4067</t>
    </point>
    <point>
      <x>0.38833332</x>
      <y>0.605</y>
      <w>0.57380253</w>
      <t>4067</t>
    </point>
    <point>
      <x>0.395</x>
      <y>0.6016667</y>
      <w>0.57380253</w>
      <t>4100</t>
    </point>
    <point>
      <x>0.40166667</x>
      <y>0.5966667</y>
      <w>0.57380253</w>
      <t>4100</t>
    </point>
    <point>
      <x>0.41</x>
      <y>0.59166664</y>
      <w>0.57380253</w>
      <t>4100</t>
    </point>
    <point>
      <x>0.41833332</x>
      <y>0.58666664</y>
      <w>0.57380253</w>
      <t>4100</t>
    </point>
    <point>
      <x>0.42666668</x>
      <y>0.58166665</y>
      <w>0.57380253</w>
      <t>4100</t>
    </point>
    <point>
      <x>0.435</x>
      <y>0.575</y>
      <w>0.57380253</w>
      <t>4134</t>
    </point>
    <point>
      <x>0.44333333</x>
      <y>0.57</y>
      <w>0.57380253</w>
      <t>4134</t>
    </point>
    <point>
      <x>0.45166665</x>
      <y>0.565</y>
      <w>0.57380253</w>
      <t>4134</t>
    </point>
    <point>
      <x>0.46</x>
      <y>0.56</y>
      <w>0.57380253</w>
      <t>4135</t>
    </point>
    <point>
      <x>0.46833333</x>
      <y>0.555</y>
      <w>0.57380253</w>
      <t>4167</t>
    </point>
    <point>
      <x>0.47666666</x>
      <y>0.55</y>
      <w>0.57380253</w>
      <t>4167</t>
    </point>
    <point>
      <x>0.485</x>
      <y>0.5466667</y>
      <w>0.57380253</w>
      <t>4167</t>
    </point>
    <point>
      <x>0.49166667</x>
      <y>0.54333335</y>
      <w>0.57380253</w>
      <t>4168</t>
    </point>
    <point>
      <x>0.5</x>
      <y>0.53833336</y>
      <w>0.57380253</w>
      <t>4168</t>
    </point>
    <point>
      <x>0.5083333</x>
      <y>0.535</y>
      <w>0.572825</w>
      <t>4200</t>
    </point>
    <point>
      <x>0.5183333</x>
      <y>0.53</y>
      <w>0.572825</w>
      <t>4200</t>
    </point>
    <point>
      <x>0.52666664</x>
      <y>0.52666664</y>
      <w>0.572825</w>
      <t>4200</t>
    </point>
    <point>
      <x>0.535</x>
      <y>0.52166665</y>
      <w>0.572825</w>
      <t>4200</t>
    </point>
    <point>
      <x>0.545</x>
      <y>0.51666665</y>
      <w>0.57380253</w>
      <t>4234</t>
    </point>
    <point>
      <x>0.55333334</x>
      <y>0.5133333</y>
      <w>0.57380253</w>
      <t>4234</t>
    </point>
    <point>
      <x>0.56333333</x>
      <y>0.51</y>
      <w>0.57380253</w>
      <t>4234</t>
    </point>
    <point>
      <x>0.57166666</x>
      <y>0.50666666</y>
      <w>0.57380253</w>
      <t>4234</t>
    </point>
    <point>
      <x>0.58</x>
      <y>0.50333333</y>
      <w>0.57380253</w>
      <t>4234</t>
    </point>
    <point>
      <x>0.5883333</x>
      <y>0.5</y>
      <w>0.57380253</w>
      <t>4267</t>
    </point>
    <point>
      <x>0.59833336</x>
      <y>0.49666667</y>
      <w>0.57380253</w>
      <t>4267</t>
    </point>
    <point>
      <x>0.6066667</x>
      <y>0.49333334</y>
      <w>0.57380253</w>
      <t>4267</t>
    </point>
    <point>
      <x>0.615</x>
      <y>0.49</y>
      <w>0.57380253</w>
      <t>4267</t>
    </point>
    <point>
      <x>0.625</x>
      <y>0.48666668</y>
      <w>0.57380253</w>
      <t>4301</t>
    </point>
    <point>
      <x>0.6333333</x>
      <y>0.485</y>
      <w>0.57380253</w>
      <t>4301</t>
    </point>
    <point>
      <x>0.64166665</x>
      <y>0.48166665</y>
      <w>0.57380253</w>
      <t>4301</t>
    </point>
    <point>
      <x>0.6483333</x>
      <y>0.48</y>
      <w>0.57380253</w>
      <t>4301</t>
    </point>
    <point>
      <x>0.6566667</x>
      <y>0.47833332</y>
      <w>0.57380253</w>
      <t>4334</t>
    </point>
    <point>
      <x>0.66333336</x>
      <y>0.47666666</y>
      <w>0.57380253</w>
      <t>4334</t>
    </point>
    <point>
      <x>0.67</x>
      <y>0.475</y>
      <w>0.57380253</w>
      <t>4334</t>
    </point>
    <point>
      <x>0.6766667</x>
      <y>0.475</y>
      <w>0.57380253</w>
      <t>4334</t>
    </point>
    <point>
      <x>0.68333334</x>
      <y>0.47333333</y>
      <w>0.57380253</w>
      <t>4334</t>
    </point>
    <point>
      <x>0.69</x>
      <y>0.47166666</y>
      <w>0.5777126</w>
      <t>4367</t>
    </point>
    <point>
      <x>0.69666666</x>
      <y>0.47166666</y>
      <w>0.5777126</w>
      <t>4367</t>
    </point>
    <point>
      <x>0.7033333</x>
      <y>0.47</y>
      <w>0.5777126</w>
      <t>4367</t>
    </point>
    <point>
      <x>0.71</x>
      <y>0.47</y>
      <w>0.5777126</w>
      <t>4367</t>
    </point>
    <point>
      <x>0.71666664</x>
      <y>0.46833333</y>
      <w>0.58064514</w>
      <t>4401</t>
    </point>
    <point>
      <x>0.7216667</x>
      <y>0.46833333</y>
      <w>0.58064514</w>
      <t>4401</t>
    </point>
    <point>
      <x>0.72833335</x>
      <y>0.46833333</y>
      <w>0.58064514</w>
      <t>4401</t>
    </point>
    <point>
      <x>0.73333335</x>
      <y>0.46833333</y>
      <w>0.58064514</w>
      <t>4401</t>
    </point>
    <point>
      <x>0.73833334</x>
      <y>0.46833333</y>
      <w>0.58064514</w>
      <t>4401</t>
    </point>
    <point>
      <x>0.74333334</x>
      <y>0.46833333</y>
      <w>0.5884653</w>
      <t>4434</t>
    </point>
    <point>
      <x>0.74666667</x>
      <y>0.46833333</y>
      <w>0.5884653</w>
      <t>4434</t>
    </point>
    <point>
      <x>0.75166667</x>
      <y>0.47</y>
      <w>0.5884653</w>
      <t>4434</t>
    </point>
    <point>
      <x>0.75666666</x>
      <y>0.47</y>
      <w>0.5884653</w>
      <t>4434</t>
    </point>
    <point>
      <x>0.76</x>
      <y>0.47</y>
      <w>0.59237534</w>
      <t>4467</t>
    </point>
    <point>
      <x>0.765</x>
      <y>0.47166666</y>
      <w>0.59237534</w>
      <t>4467</t>
    </point>
    <point>
      <x>0.7683333</x>
      <y>0.47166666</y>
      <w>0.59237534</w>
      <t>4467</t>
    </point>
    <point>
      <x>0.77166665</x>
      <y>0.47166666</y>
      <w>0.59237534</w>
      <t>4467</t>
    </point>
    <point>
      <x>0.775</x>
      <y>0.47333333</y>
      <w>0.59237534</w>
      <t>4467</t>
    </point>
    <point>
      <x>0.7783333</x>
      <y>0.47333333</y>
      <w>0.59335285</w>
      <t>4501</t>
    </point>
    <point>
      <x>0.78</x>
      <y>0.475</y>
      <w>0.59335285</w>
      <t>4501</t>
    </point>
    <point>
      <x>0.78333336</x>
      <y>0.475</y>
      <w>0.59335285</w>
      <t>4501</t>
    </point>
    <point>
      <x>0.78333336</x>
      <y>0.47666666</y>
      <w>0.59335285</w>
      <t>4501</t>
    </point>
    <point>
      <x>0.785</x>
      <y>0.47833332</y>
      <w>0.60801566</w>
      <t>4533</t>
    </point>
    <point>
      <x>0.7866667</x>
      <y>0.48</y>
      <w>0.60801566</w>
      <t>4533</t>
    </point>
    <point>
      <x>0.78833336</x>
      <y>0.48166665</y>
      <w>0.60801566</w>
      <t>4533</t>
    </point>
    <point>
      <x>0.78833336</x>
      <y>0.48333332</y>
      <w>0.6177908</w>
      <t>4567</t>
    </point>
    <point>
      <x>0.79</x>
      <y>0.485</y>
      <w>0.6177908</w>
      <t>4567</t>
    </point>
    <point>
      <x>0.79</x>
      <y>0.48666668</y>
      <w>0.6177908</w>
      <t>4567</t>
    </point>
    <point>
      <x>0.7916667</x>
      <y>0.48833334</y>
      <w>0.6177908</w>
      <t>4567</t>
    </point>
    <point>
      <x>0.7916667</x>
      <y>0.49</y>
      <w>0.6177908</w>
      <t>4567</t>
    </point>
    <point>
      <x>0.79333335</x>
      <y>0.49166667</y>
      <w>0.61974585</w>
      <t>4601</t>
    </point>
    <point>
      <x>0.79333335</x>
      <y>0.49333334</y>
      <w>0.61974585</w>
      <t>4601</t>
    </point>
    <point>
      <x>0.79333335</x>
      <y>0.49666667</y>
      <w>0.61974585</w>
      <t>4601</t>
    </point>
    <point>
      <x>0.79333335</x>
      <y>0.49833333</y>
      <w>0.61974585</w>
      <t>4601</t>
    </point>
    <point>
      <x>0.79333335</x>
      <y>0.5</y>
      <w>0.6226784</w>
      <t>4634</t>
    </point>
    <point>
      <x>0.79333335</x>
      <y>0.50166667</y>
      <w>0.6226784</w>
      <t>4634</t>
    </point>
    <point>
      <x>0.79333335</x>
      <y>0.50333333</y>
      <w>0.6226784</w>
      <t>4634</t>
    </point>
    <point>
      <x>0.79333335</x>
      <y>0.505</y>
      <w>0.6226784</w>
      <t>4634</t>
    </point>
    <point>
      <x>0.79333335</x>
      <y>0.50666666</y>
      <w>0.6226784</w>
      <t>4634</t>
    </point>
    <point>
      <x>0.79333335</x>
      <y>0.5083333</y>
      <w>0.61876833</w>
      <t>4667</t>
    </point>
    <point>
      <x>0.79333335</x>
      <y>0.51</y>
      <w>0.61876833</w>
      <t>4667</t>
    </point>
    <point>
      <x>0.79333335</x>
      <y>0.51166666</y>
      <w>0.61876833</w>
      <t>4667</t>
    </point>
    <point>
      <x>0.79333335</x>
      <y>0.5133333</y>
      <w>0.61876833</w>
      <t>4667</t>
    </point>
    <point>
      <x>0.79333335</x>
      <y>0.515</y>
      <w>0.61290324</w>
      <t>4700</t>
    </point>
    <point>
      <x>0.79333335</x>
      <y>0.51666665</y>
      <w>0.61290324</w>
      <t>4700</t>
    </point>
    <point>
      <x>0.79333335</x>
      <y>0.52</y>
      <w>0.61290324</w>
      <t>4700</t>
    </point>
    <point>
      <x>0.79333335</x>
      <y>0.52166665</y>
      <w>0.61290324</w>
      <t>4700</t>
    </point>
    <point>
      <x>0.7916667</x>
      <y>0.5233333</y>
      <w>0.61290324</w>
      <t>4700</t>
    </point>
    <point>
      <x>0.7916667</x>
      <y>0.525</y>
      <w>0.599218</w>
      <t>4734</t>
    </point>
    <point>
      <x>0.79</x>
      <y>0.52666664</y>
      <w>0.599218</w>
      <t>4734</t>
    </point>
    <point>
      <x>0.78833336</x>
      <y>0.5283333</y>
      <w>0.599218</w>
      <t>4734</t>
    </point>
    <point>
      <x>0.78833336</x>
      <y>0.5316667</y>
      <w>0.599218</w>
      <t>4734</t>
    </point>
    <point>
      <x>0.7866667</x>
      <y>0.53333336</y>
      <w>0.59433043</w>
      <t>4767</t>
    </point>
    <point>
      <x>0.7866667</x>
      <y>0.535</y>
      <w>0.59433043</w>
      <t>4767</t>
    </point>
    <point>
      <x>0.785</x>
      <y>0.5366667</y>
      <w>0.59433043</w>
      <t>4767</t>
    </point>
    <point>
      <x>0.78333336</x>
      <y>0.53833336</y>
      <w>0.59433043</w>
      <t>4767</t>
    </point>
    <point>
      <x>0.78333336</x>
      <y>0.5416667</y>
      <w>0.59433043</w>
      <t>4767</t>
    </point>
    <point>
      <x>0.7816667</x>
      <y>0.54333335</y>
      <w>0.58064514</w>
      <t>4801</t>
    </point>
    <point>
      <x>0.78</x>
      <y>0.5466667</y>
      <w>0.58064514</w>
      <t>4801</t>
    </point>
    <point>
      <x>0.7783333</x>
      <y>0.54833335</y>
      <w>0.58064514</w>
      <t>4801</t>
    </point>
    <point>
      <x>0.77666664</x>
      <y>0.5516667</y>
      <w>0.58064514</w>
      <t>4801</t>
    </point>
    <point>
      <x>0.775</x>
      <y>0.55333334</y>
      <w>0.5650049</w>
      <t>4834</t>
    </point>
    <point>
      <x>0.7733333</x>
      <y>0.5566667</y>
      <w>0.5650049</w>
      <t>4834</t>
    </point>
    <point>
      <x>0.77166665</x>
      <y>0.56</y>
      <w>0.5650049</w>
      <t>4834</t>
    </point>
    <point>
      <x>0.7683333</x>
      <y>0.56166667</y>
      <w>0.5650049</w>
      <t>4834</t>
    </point>
    <point>
      <x>0.76666665</x>
      <y>0.565</y>
      <w>0.5650049</w>
      <t>4834</t>
    </point>
    <point>
      <x>0.7633333</x>
      <y>0.5683333</y>
      <w>0.50537634</w>
      <t>4867</t>
    </point>
    <point>
      <x>0.76166666</x>
      <y>0.57166666</y>
      <w>0.50537634</w>
      <t>4867</t>
    </point>
    <point>
      <x>0.7583333</x>
      <y>0.57666665</y>
      <w>0.50537634</w>
      <t>4867</t>
    </point>
    <point>
      <x>0.755</x>
      <y>0.58</y>
      <w>0.50537634</w>
      <t>4867</t>
    </point>
    <point>
      <x>0.75</x>
      <y>0.585</y>
      <w>0.39100686</w>
      <t>4901</t>
    </point>
    <point>
      <x>0.74666667</x>
      <y>0.59</y>
      <w>0.39100686</w>
      <t>4901</t>
    </point>
    <point>
      <x>0.7416667</x>
      <y>0.595</y>
      <w>0.39100686</w>
      <t>4901</t>
    </point>
    <point>
      <x>0.7366667</x>
      <y>0.59833336</y>
      <w>0.39100686</w>
      <t>4901</t>
    </point>
    <point>
      <x>0.73</x>
      <y>0.60333335</y>
      <w>0.13391985</w>
      <t>4934</t>
    </point>
    <point>
      <x>0.72333336</x>
      <y>0.61</y>
      <w>0.13391985</w>
      <t>4934</t>
    </point>
    <point>
      <x>0.71666664</x>
      <y>0.615</y>
      <w>0.13391985</w>
      <t>4934</t>
    </point>
    <point>
      <x>0.71</x>
      <y>0.62166667</y>
      <w>0.13391985</w>
      <t>4934</t>
    </point>
    <point>
      <x>0.7033333</x>
      <y>0.62666667</y>
      <w>0.13391985</w>
      <t>4934</t>
    </point>
    <point>
      <x>0.6983333</x>
      <y>0.6333333</y>
      <w>0.0</w>
      <t>4967</t>
    </point>
  </stroke>
</character>
