<?xml version="1.0" encoding="UTF-8"?>
<character>
  <stroke time="0">
    <point>
      <x>0.38</x>
      <y>0.17666666</y>
      <w>0.15542522</w>
      <t>36</t>
    </point>
    <point>
      <x>0.38</x>
      <y>0.17833333</y>
      <w>0.15542522</w>
      <t>36</t>
    </point>
    <point>
      <x>0.38166666</x>
      <y>0.17833333</y>
      <w>0.15542522</w>
      <t>36</t>
    </point>
    <point>
      <x>0.38166666</x>
      <y>0.18</y>
      <w>0.2062561</w>
      <t>67</t>
    </point>
    <point>
      <x>0.38333333</x>
      <y>0.18166667</y>
      <w>0.2062561</w>
      <t>67</t>
    </point>
    <point>
      <x>0.385</x>
      <y>0.18166667</y>
      <w>0.2062561</w>
      <t>67</t>
    </point>
    <point>
      <x>0.38666666</x>
      <y>0.18333334</y>
      <w>0.2062561</w>
      <t>67</t>
    </point>
    <point>
      <x>0.38833332</x>
      <y>0.18333334</y>
      <w>0.31769305</w>
      <t>100</t>
    </point>
    <point>
      <x>0.39</x>
      <y>0.185</y>
      <w>0.31769305</w>
      <t>100</t>
    </point>
    <point>
      <x>0.39166668</x>
      <y>0.185</y>
      <w>0.3939394</w>
      <t>134</t>
    </point>
    <point>
      <x>0.39333335</x>
      <y>0.18666667</y>
      <w>0.3939394</w>
      <t>134</t>
    </point>
    <point>
      <x>0.395</x>
      <y>0.18666667</y>
      <w>0.4340176</w>
      <t>167</t>
    </point>
    <point>
      <x>0.39666668</x>
      <y>0.18666667</y>
      <w>0.4340176</w>
      <t>167</t>
    </point>
    <point>
      <x>0.39833334</x>
      <y>0.18666667</y>
      <w>0.4340176</w>
      <t>167</t>
    </point>
    <point>
      <x>0.39833334</x>
      <y>0.18833333</y>
      <w>0.4340176</w>
      <t>168</t>
    </point>
    <point>
      <x>0.4</x>
      <y>0.18833333</y>
      <w>0.45552298</w>
      <t>200</t>
    </point>
    <point>
      <x>0.40166667</x>
      <y>0.18833333</y>
      <w>0.45552298</w>
      <t>200</t>
    </point>
    <point>
      <x>0.40333334</x>
      <y>0.18833333</y>
      <w>0.45552298</w>
      <t>200</t>
    </point>
    <point>
      <x>0.40666667</x>
      <y>0.18833333</y>
      <w>0.45552298</w>
      <t>200</t>
    </point>
    <point>
      <x>0.40833333</x>
      <y>0.18833333</y>
      <w>0.47311828</w>
      <t>233</t>
    </point>
    <point>
      <x>0.41</x>
      <y>0.18833333</y>
      <w>0.47311828</w>
      <t>235</t>
    </point>
    <point>
      <x>0.41166666</x>
      <y>0.18833333</y>
      <w>0.47311828</w>
      <t>235</t>
    </point>
    <point>
      <x>0.41333333</x>
      <y>0.18833333</y>
      <w>0.47311828</w>
      <t>235</t>
    </point>
    <point>
      <x>0.415</x>
      <y>0.18833333</y>
      <w>0.47311828</w>
      <t>235</t>
    </point>
    <point>
      <x>0.41833332</x>
      <y>0.18833333</y>
      <w>0.4809384</w>
      <t>267</t>
    </point>
    <point>
      <x>0.42</x>
      <y>0.18833333</y>
      <w>0.4809384</w>
      <t>267</t>
    </point>
    <point>
      <x>0.42333335</x>
      <y>0.18833333</y>
      <w>0.4809384</w>
      <t>267</t>
    </point>
    <point>
      <x>0.42666668</x>
      <y>0.18833333</y>
      <w>0.4809384</w>
      <t>267</t>
    </point>
    <point>
      <x>0.43</x>
      <y>0.18833333</y>
      <w>0.48680353</w>
      <t>300</t>
    </point>
    <point>
      <x>0.43333334</x>
      <y>0.18833333</y>
      <w>0.48680353</w>
      <t>300</t>
    </point>
    <point>
      <x>0.43666667</x>
      <y>0.18833333</y>
      <w>0.48680353</w>
      <t>300</t>
    </point>
    <point>
      <x>0.44166666</x>
      <y>0.18833333</y>
      <w>0.48680353</w>
      <t>301</t>
    </point>
    <point>
      <x>0.44666666</x>
      <y>0.18666667</y>
      <w>0.48680353</w>
      <t>301</t>
    </point>
    <point>
      <x>0.45166665</x>
      <y>0.18666667</y>
      <w>0.48778105</w>
      <t>334</t>
    </point>
    <point>
      <x>0.45666668</x>
      <y>0.185</y>
      <w>0.48778105</w>
      <t>334</t>
    </point>
    <point>
      <x>0.46333334</x>
      <y>0.185</y>
      <w>0.48778105</w>
      <t>334</t>
    </point>
    <point>
      <x>0.46833333</x>
      <y>0.18333334</y>
      <w>0.48778105</w>
      <t>334</t>
    </point>
    <point>
      <x>0.47166666</x>
      <y>0.18166667</y>
      <w>0.48875856</w>
      <t>366</t>
    </point>
    <point>
      <x>0.47666666</x>
      <y>0.18166667</y>
      <w>0.48875856</w>
      <t>366</t>
    </point>
    <point>
      <x>0.48166665</x>
      <y>0.18</y>
      <w>0.48875856</w>
      <t>366</t>
    </point>
    <point>
      <x>0.48666668</x>
      <y>0.17833333</y>
      <w>0.48875856</w>
      <t>367</t>
    </point>
    <point>
      <x>0.49</x>
      <y>0.17666666</y>
      <w>0.48875856</w>
      <t>400</t>
    </point>
    <point>
      <x>0.495</x>
      <y>0.17666666</y>
      <w>0.48875856</w>
      <t>400</t>
    </point>
    <point>
      <x>0.5</x>
      <y>0.175</y>
      <w>0.48875856</w>
      <t>400</t>
    </point>
    <point>
      <x>0.505</x>
      <y>0.17333333</y>
      <w>0.48875856</w>
      <t>401</t>
    </point>
    <point>
      <x>0.51</x>
      <y>0.17</y>
      <w>0.48973608</w>
      <t>401</t>
    </point>
    <point>
      <x>0.5133333</x>
      <y>0.16833334</y>
      <w>0.4907136</w>
      <t>433</t>
    </point>
    <point>
      <x>0.5183333</x>
      <y>0.16666667</y>
      <w>0.4907136</w>
      <t>433</t>
    </point>
    <point>
      <x>0.52</x>
      <y>0.16666667</y>
      <w>0.4907136</w>
      <t>433</t>
    </point>
    <point>
      <x>0.5233333</x>
      <y>0.165</y>
      <w>0.4907136</w>
      <t>434</t>
    </point>
    <point>
      <x>0.525</x>
      <y>0.165</y>
      <w>0.48680353</w>
      <t>466</t>
    </point>
    <point>
      <x>0.525</x>
      <y>0.16333333</y>
      <w>0.48582602</w>
      <t>500</t>
    </point>
    <point>
      <x>0.52666664</x>
      <y>0.16333333</y>
      <w>0.47702834</w>
      <t>533</t>
    </point>
    <point>
      <x>0.5283333</x>
      <y>0.16333333</y>
      <w>0.47702834</w>
      <t>533</t>
    </point>
    <point>
      <x>0.5283333</x>
      <y>0.16166666</y>
      <w>0.4740958</w>
      <t>567</t>
    </point>
    <point>
      <x>0.5283333</x>
      <y>0.16</y>
      <w>0.4633431</w>
      <t>600</t>
    </point>
    <point>
      <x>0.5283333</x>
      <y>0.15833333</y>
      <w>0.44868034</w>
      <t>633</t>
    </point>
    <point>
      <x>0.5283333</x>
      <y>0.15666667</y>
      <w>0.44868034</w>
      <t>633</t>
    </point>
    <point>
      <x>0.52666664</x>
      <y>0.155</y>
      <w>0.44868034</w>
      <t>633</t>
    </point>
    <point>
      <x>0.52666664</x>
      <y>0.15333334</y>
      <w>0.44868034</w>
      <t>634</t>
    </point>
    <point>
      <x>0.525</x>
      <y>0.15166667</y>
      <w>0.43890518</w>
      <t>666</t>
    </point>
    <point>
      <x>0.5233333</x>
      <y>0.15</y>
      <w>0.43890518</w>
      <t>666</t>
    </point>
    <point>
      <x>0.5233333</x>
      <y>0.14833333</y>
      <w>0.43890518</w>
      <t>666</t>
    </point>
    <point>
      <x>0.52166665</x>
      <y>0.14666666</y>
      <w>0.42521995</w>
      <t>700</t>
    </point>
    <point>
      <x>0.52</x>
      <y>0.145</y>
      <w>0.42521995</w>
      <t>700</t>
    </point>
    <point>
      <x>0.5183333</x>
      <y>0.145</y>
      <w>0.42521995</w>
      <t>700</t>
    </point>
    <point>
      <x>0.51666665</x>
      <y>0.14333333</y>
      <w>0.42619747</w>
      <t>734</t>
    </point>
    <point>
      <x>0.515</x>
      <y>0.14166667</y>
      <w>0.42619747</w>
      <t>734</t>
    </point>
    <point>
      <x>0.5133333</x>
      <y>0.14166667</y>
      <w>0.42619747</w>
      <t>734</t>
    </point>
    <point>
      <x>0.51166666</x>
      <y>0.14166667</y>
      <w>0.42521995</w>
      <t>767</t>
    </point>
    <point>
      <x>0.51</x>
      <y>0.14166667</y>
      <w>0.42521995</w>
      <t>767</t>
    </point>
    <point>
      <x>0.5083333</x>
      <y>0.14</y>
      <w>0.42521995</w>
      <t>767</t>
    </point>
    <point>
      <x>0.50666666</x>
      <y>0.14</y>
      <w>0.42521995</w>
      <t>767</t>
    </point>
    <point>
      <x>0.505</x>
      <y>0.14</y>
      <w>0.4281525</w>
      <t>801</t>
    </point>
    <point>
      <x>0.50333333</x>
      <y>0.14</y>
      <w>0.43304008</w>
      <t>802</t>
    </point>
    <point>
      <x>0.50166667</x>
      <y>0.14</y>
      <w>0.43304008</w>
      <t>802</t>
    </point>
    <point>
      <x>0.5</x>
      <y>0.14</y>
      <w>0.4467253</w>
      <t>834</t>
    </point>
    <point>
      <x>0.49833333</x>
      <y>0.14</y>
      <w>0.4467253</w>
      <t>834</t>
    </point>
    <point>
      <x>0.49666667</x>
      <y>0.14</y>
      <w>0.4633431</w>
      <t>867</t>
    </point>
    <point>
      <x>0.49666667</x>
      <y>0.14166667</y>
      <w>0.47898337</w>
      <t>899</t>
    </point>
    <point>
      <x>0.49666667</x>
      <y>0.14333333</y>
      <w>0.47898337</w>
      <t>899</t>
    </point>
    <point>
      <x>0.495</x>
      <y>0.145</y>
      <w>0.47898337</w>
      <t>899</t>
    </point>
    <point>
      <x>0.49333334</x>
      <y>0.14666666</y>
      <w>0.4965787</w>
      <t>933</t>
    </point>
    <point>
      <x>0.49333334</x>
      <y>0.14833333</y>
      <w>0.4965787</w>
      <t>933</t>
    </point>
    <point>
      <x>0.49166667</x>
      <y>0.15</y>
      <w>0.4965787</w>
      <t>935</t>
    </point>
    <point>
      <x>0.49166667</x>
      <y>0.15333334</y>
      <w>0.4965787</w>
      <t>935</t>
    </point>
    <point>
      <x>0.49166667</x>
      <y>0.155</y>
      <w>0.51710653</w>
      <t>967</t>
    </point>
    <point>
      <x>0.49</x>
      <y>0.15666667</y>
      <w>0.51710653</w>
      <t>967</t>
    </point>
    <point>
      <x>0.49</x>
      <y>0.15833333</y>
      <w>0.51710653</w>
      <t>967</t>
    </point>
    <point>
      <x>0.49</x>
      <y>0.16</y>
      <w>0.51710653</w>
      <t>967</t>
    </point>
    <point>
      <x>0.48833334</x>
      <y>0.16166666</y>
      <w>0.5483871</w>
      <t>1000</t>
    </point>
    <point>
      <x>0.48833334</x>
      <y>0.165</y>
      <w>0.5483871</w>
      <t>1000</t>
    </point>
    <point>
      <x>0.48666668</x>
      <y>0.16666667</y>
      <w>0.5483871</w>
      <t>1000</t>
    </point>
    <point>
      <x>0.48666668</x>
      <y>0.16833334</y>
      <w>0.5483871</w>
      <t>1000</t>
    </point>
    <point>
      <x>0.48666668</x>
      <y>0.17</y>
      <w>0.5483871</w>
      <t>1001</t>
    </point>
    <point>
      <x>0.485</x>
      <y>0.17166667</y>
      <w>0.572825</w>
      <t>1033</t>
    </point>
    <point>
      <x>0.485</x>
      <y>0.17333333</y>
      <w>0.572825</w>
      <t>1033</t>
    </point>
    <point>
      <x>0.48333332</x>
      <y>0.17666666</y>
      <w>0.572825</w>
      <t>1033</t>
    </point>
    <point>
      <x>0.48333332</x>
      <y>0.17833333</y>
      <w>0.572825</w>
      <t>1033</t>
    </point>
    <point>
      <x>0.48166665</x>
      <y>0.18</y>
      <w>0.58064514</w>
      <t>1067</t>
    </point>
    <point>
      <x>0.48166665</x>
      <y>0.18333334</y>
      <w>0.58064514</w>
      <t>1067</t>
    </point>
    <point>
      <x>0.48</x>
      <y>0.185</y>
      <w>0.58064514</w>
      <t>1067</t>
    </point>
    <point>
      <x>0.48</x>
      <y>0.18833333</y>
      <w>0.58064514</w>
      <t>1067</t>
    </point>
    <point>
      <x>0.47833332</x>
      <y>0.19166666</y>
      <w>0.58064514</w>
      <t>1067</t>
    </point>
    <point>
      <x>0.47666666</x>
      <y>0.195</y>
      <w>0.58162266</w>
      <t>1100</t>
    </point>
    <point>
      <x>0.47666666</x>
      <y>0.2</y>
      <w>0.58162266</w>
      <t>1100</t>
    </point>
    <point>
      <x>0.475</x>
      <y>0.20333333</y>
      <w>0.58162266</w>
      <t>1100</t>
    </point>
    <point>
      <x>0.47333333</x>
      <y>0.20666666</y>
      <w>0.58162266</w>
      <t>1100</t>
    </point>
    <point>
      <x>0.47166666</x>
      <y>0.21</y>
      <w>0.5835777</w>
      <t>1133</t>
    </point>
    <point>
      <x>0.47166666</x>
      <y>0.21333334</y>
      <w>0.5835777</w>
      <t>1133</t>
    </point>
    <point>
      <x>0.47</x>
      <y>0.21666667</y>
      <w>0.5835777</w>
      <t>1133</t>
    </point>
    <point>
      <x>0.46833333</x>
      <y>0.22</y>
      <w>0.5835777</w>
      <t>1133</t>
    </point>
    <point>
      <x>0.46666667</x>
      <y>0.22333333</y>
      <w>0.5845552</w>
      <t>1167</t>
    </point>
    <point>
      <x>0.465</x>
      <y>0.22666667</y>
      <w>0.5845552</w>
      <t>1167</t>
    </point>
    <point>
      <x>0.46333334</x>
      <y>0.23166667</y>
      <w>0.5845552</w>
      <t>1167</t>
    </point>
    <point>
      <x>0.46166667</x>
      <y>0.235</y>
      <w>0.5845552</w>
      <t>1167</t>
    </point>
    <point>
      <x>0.46</x>
      <y>0.24</y>
      <w>0.5845552</w>
      <t>1167</t>
    </point>
    <point>
      <x>0.45833334</x>
      <y>0.24333334</y>
      <w>0.5845552</w>
      <t>1200</t>
    </point>
    <point>
      <x>0.455</x>
      <y>0.24833333</y>
      <w>0.5845552</w>
      <t>1200</t>
    </point>
    <point>
      <x>0.45333335</x>
      <y>0.25166667</y>
      <w>0.5845552</w>
      <t>1200</t>
    </point>
    <point>
      <x>0.45166665</x>
      <y>0.25666666</y>
      <w>0.5845552</w>
      <t>1200</t>
    </point>
    <point>
      <x>0.45166665</x>
      <y>0.26</y>
      <w>0.5845552</w>
      <t>1200</t>
    </point>
    <point>
      <x>0.44833332</x>
      <y>0.26333332</y>
      <w>0.5845552</w>
      <t>1233</t>
    </point>
    <point>
      <x>0.44666666</x>
      <y>0.26833335</y>
      <w>0.5845552</w>
      <t>1233</t>
    </point>
    <point>
      <x>0.445</x>
      <y>0.27166668</y>
      <w>0.5845552</w>
      <t>1233</t>
    </point>
    <point>
      <x>0.44333333</x>
      <y>0.27666667</y>
      <w>0.5845552</w>
      <t>1234</t>
    </point>
    <point>
      <x>0.44166666</x>
      <y>0.28</y>
      <w>0.5835777</w>
      <t>1266</t>
    </point>
    <point>
      <x>0.43833333</x>
      <y>0.28333333</y>
      <w>0.5835777</w>
      <t>1266</t>
    </point>
    <point>
      <x>0.43666667</x>
      <y>0.28833333</y>
      <w>0.5835777</w>
      <t>1266</t>
    </point>
    <point>
      <x>0.43333334</x>
      <y>0.29333332</y>
      <w>0.5835777</w>
      <t>1266</t>
    </point>
    <point>
      <x>0.43166667</x>
      <y>0.29666665</y>
      <w>0.5835777</w>
      <t>1300</t>
    </point>
    <point>
      <x>0.42833334</x>
      <y>0.3</y>
      <w>0.5835777</w>
      <t>1300</t>
    </point>
    <point>
      <x>0.42666668</x>
      <y>0.305</y>
      <w>0.5835777</w>
      <t>1300</t>
    </point>
    <point>
      <x>0.42333335</x>
      <y>0.30833334</y>
      <w>0.5835777</w>
      <t>1300</t>
    </point>
    <point>
      <x>0.42</x>
      <y>0.31333333</y>
      <w>0.5835777</w>
      <t>1300</t>
    </point>
    <point>
      <x>0.415</x>
      <y>0.31833333</y>
      <w>0.5718475</w>
      <t>1333</t>
    </point>
    <point>
      <x>0.41166666</x>
      <y>0.32333332</y>
      <w>0.5718475</w>
      <t>1333</t>
    </point>
    <point>
      <x>0.40666667</x>
      <y>0.32833335</y>
      <w>0.5718475</w>
      <t>1333</t>
    </point>
    <point>
      <x>0.40333334</x>
      <y>0.33333334</y>
      <w>0.5718475</w>
      <t>1333</t>
    </point>
    <point>
      <x>0.39833334</x>
      <y>0.33833334</y>
      <w>0.5532747</w>
      <t>1367</t>
    </point>
    <point>
      <x>0.39333335</x>
      <y>0.34333333</y>
      <w>0.5532747</w>
      <t>1367</t>
    </point>
    <point>
      <x>0.38833332</x>
      <y>0.34833333</y>
      <w>0.5532747</w>
      <t>1367</t>
    </point>
    <point>
      <x>0.38333333</x>
      <y>0.35333332</y>
      <w>0.5532747</w>
      <t>1367</t>
    </point>
    <point>
      <x>0.37833333</x>
      <y>0.35833332</y>
      <w>0.5532747</w>
      <t>1367</t>
    </point>
    <point>
      <x>0.37333333</x>
      <y>0.36333334</y>
      <w>0.53861195</w>
      <t>1400</t>
    </point>
    <point>
      <x>0.36833334</x>
      <y>0.36666667</y>
      <w>0.53861195</w>
      <t>1400</t>
    </point>
    <point>
      <x>0.36333334</x>
      <y>0.37166667</y>
      <w>0.53861195</w>
      <t>1400</t>
    </point>
    <point>
      <x>0.35666665</x>
      <y>0.37666667</y>
      <w>0.53861195</w>
      <t>1400</t>
    </point>
    <point>
      <x>0.35166666</x>
      <y>0.38</y>
      <w>0.5083089</w>
      <t>1433</t>
    </point>
    <point>
      <x>0.345</x>
      <y>0.38333333</y>
      <w>0.5083089</w>
      <t>1433</t>
    </point>
    <point>
      <x>0.34</x>
      <y>0.38833332</y>
      <w>0.5083089</w>
      <t>1433</t>
    </point>
    <point>
      <x>0.335</x>
      <y>0.39166668</y>
      <w>0.5083089</w>
      <t>1433</t>
    </point>
    <point>
      <x>0.33</x>
      <y>0.395</y>
      <w>0.44868034</w>
      <t>1467</t>
    </point>
    <point>
      <x>0.325</x>
      <y>0.39833334</y>
      <w>0.44868034</w>
      <t>1467</t>
    </point>
    <point>
      <x>0.31833333</x>
      <y>0.4</y>
      <w>0.44868034</w>
      <t>1467</t>
    </point>
    <point>
      <x>0.31333333</x>
      <y>0.40333334</y>
      <w>0.44868034</w>
      <t>1467</t>
    </point>
    <point>
      <x>0.30833334</x>
      <y>0.405</y>
      <w>0.44868034</w>
      <t>1467</t>
    </point>
    <point>
      <x>0.30333334</x>
      <y>0.40666667</y>
      <w>0.40371457</w>
      <t>1500</t>
    </point>
    <point>
      <x>0.3</x>
      <y>0.40666667</y>
      <w>0.40371457</w>
      <t>1500</t>
    </point>
    <point>
      <x>0.29666665</x>
      <y>0.40833333</y>
      <w>0.40371457</w>
      <t>1500</t>
    </point>
    <point>
      <x>0.29333332</x>
      <y>0.41</y>
      <w>0.40371457</w>
      <t>1500</t>
    </point>
    <point>
      <x>0.29</x>
      <y>0.41</y>
      <w>0.40371457</w>
      <t>1500</t>
    </point>
    <point>
      <x>0.285</x>
      <y>0.41166666</y>
      <w>0.34701857</w>
      <t>1533</t>
    </point>
    <point>
      <x>0.28166667</x>
      <y>0.41166666</y>
      <w>0.34701857</w>
      <t>1533</t>
    </point>
    <point>
      <x>0.28</x>
      <y>0.41333333</y>
      <w>0.34701857</w>
      <t>1533</t>
    </point>
    <point>
      <x>0.27666667</x>
      <y>0.41333333</y>
      <w>0.34701857</w>
      <t>1533</t>
    </point>
    <point>
      <x>0.275</x>
      <y>0.41333333</y>
      <w>0.30400783</w>
      <t>1567</t>
    </point>
    <point>
      <x>0.27166668</x>
      <y>0.41333333</y>
      <w>0.30400783</w>
      <t>1567</t>
    </point>
    <point>
      <x>0.27166668</x>
      <y>0.415</y>
      <w>0.30400783</w>
      <t>1567</t>
    </point>
    <point>
      <x>0.27</x>
      <y>0.415</y>
      <w>0.30400783</w>
      <t>1567</t>
    </point>
    <point>
      <x>0.26833335</x>
      <y>0.415</y>
      <w>0.31085044</w>
      <t>1600</t>
    </point>
    <point>
      <x>0.26666668</x>
      <y>0.415</y>
      <w>0.31085044</w>
      <t>1600</t>
    </point>
    <point>
      <x>0.26666668</x>
      <y>0.41666666</y>
      <w>0.49266863</w>
      <t>1733</t>
    </point>
    <point>
      <x>0.26666668</x>
      <y>0.41833332</y>
      <w>0.49266863</w>
      <t>1733</t>
    </point>
    <point>
      <x>0.26833335</x>
      <y>0.42</y>
      <w>0.5366569</w>
      <t>1767</t>
    </point>
    <point>
      <x>0.26833335</x>
      <y>0.42166665</y>
      <w>0.5366569</w>
      <t>1767</t>
    </point>
    <point>
      <x>0.27</x>
      <y>0.42333335</y>
      <w>0.5366569</w>
      <t>1767</t>
    </point>
    <point>
      <x>0.27</x>
      <y>0.425</y>
      <w>0.5581623</w>
      <t>1800</t>
    </point>
    <point>
      <x>0.27166668</x>
      <y>0.425</y>
      <w>0.5581623</w>
      <t>1800</t>
    </point>
    <point>
      <x>0.27166668</x>
      <y>0.42666668</y>
      <w>0.5581623</w>
      <t>1800</t>
    </point>
    <point>
      <x>0.27333334</x>
      <y>0.42833334</y>
      <w>0.58064514</w>
      <t>1834</t>
    </point>
    <point>
      <x>0.275</x>
      <y>0.42833334</y>
      <w>0.58651024</w>
      <t>1867</t>
    </point>
    <point>
      <x>0.27666667</x>
      <y>0.42833334</y>
      <w>0.5904203</w>
      <t>1899</t>
    </point>
    <point>
      <x>0.27833334</x>
      <y>0.42833334</y>
      <w>0.597263</w>
      <t>1933</t>
    </point>
    <point>
      <x>0.28</x>
      <y>0.42833334</y>
      <w>0.597263</w>
      <t>1933</t>
    </point>
    <point>
      <x>0.28166667</x>
      <y>0.42833334</y>
      <w>0.597263</w>
      <t>1933</t>
    </point>
    <point>
      <x>0.28333333</x>
      <y>0.42833334</y>
      <w>0.60215056</w>
      <t>1967</t>
    </point>
    <point>
      <x>0.285</x>
      <y>0.42833334</y>
      <w>0.60215056</w>
      <t>1967</t>
    </point>
    <point>
      <x>0.28833333</x>
      <y>0.42833334</y>
      <w>0.60215056</w>
      <t>1967</t>
    </point>
    <point>
      <x>0.29</x>
      <y>0.42833334</y>
      <w>0.60215056</w>
      <t>1967</t>
    </point>
    <point>
      <x>0.29333332</x>
      <y>0.42666668</y>
      <w>0.60215056</w>
      <t>1967</t>
    </point>
    <point>
      <x>0.29666665</x>
      <y>0.42666668</y>
      <w>0.6050831</w>
      <t>2000</t>
    </point>
    <point>
      <x>0.3</x>
      <y>0.425</y>
      <w>0.6050831</w>
      <t>2000</t>
    </point>
    <point>
      <x>0.30333334</x>
      <y>0.42333335</y>
      <w>0.6050831</w>
      <t>2000</t>
    </point>
    <point>
      <x>0.30666667</x>
      <y>0.42333335</y>
      <w>0.6050831</w>
      <t>2000</t>
    </point>
    <point>
      <x>0.31</x>
      <y>0.42166665</y>
      <w>0.6050831</w>
      <t>2033</t>
    </point>
    <point>
      <x>0.31333333</x>
      <y>0.42</y>
      <w>0.6050831</w>
      <t>2033</t>
    </point>
    <point>
      <x>0.31666666</x>
      <y>0.41833332</y>
      <w>0.6050831</w>
      <t>2033</t>
    </point>
    <point>
      <x>0.32</x>
      <y>0.41666666</y>
      <w>0.6050831</w>
      <t>2033</t>
    </point>
    <point>
      <x>0.325</x>
      <y>0.415</y>
      <w>0.60215056</w>
      <t>2067</t>
    </point>
    <point>
      <x>0.32833335</x>
      <y>0.415</y>
      <w>0.60215056</w>
      <t>2067</t>
    </point>
    <point>
      <x>0.33166668</x>
      <y>0.41333333</y>
      <w>0.60215056</w>
      <t>2067</t>
    </point>
    <point>
      <x>0.335</x>
      <y>0.41166666</y>
      <w>0.60215056</w>
      <t>2067</t>
    </point>
    <point>
      <x>0.34</x>
      <y>0.41</y>
      <w>0.60215056</w>
      <t>2067</t>
    </point>
    <point>
      <x>0.34333333</x>
      <y>0.40833333</y>
      <w>0.60117304</w>
      <t>2100</t>
    </point>
    <point>
      <x>0.34833333</x>
      <y>0.40666667</y>
      <w>0.60117304</w>
      <t>2100</t>
    </point>
    <point>
      <x>0.35333332</x>
      <y>0.405</y>
      <w>0.60117304</w>
      <t>2100</t>
    </point>
    <point>
      <x>0.35833332</x>
      <y>0.40333334</y>
      <w>0.60117304</w>
      <t>2100</t>
    </point>
    <point>
      <x>0.36333334</x>
      <y>0.40166667</y>
      <w>0.60117304</w>
      <t>2100</t>
    </point>
    <point>
      <x>0.36833334</x>
      <y>0.4</y>
      <w>0.59237534</w>
      <t>2133</t>
    </point>
    <point>
      <x>0.37333333</x>
      <y>0.39833334</y>
      <w>0.59237534</w>
      <t>2133</t>
    </point>
    <point>
      <x>0.37833333</x>
      <y>0.39666668</y>
      <w>0.59237534</w>
      <t>2133</t>
    </point>
    <point>
      <x>0.38333333</x>
      <y>0.39333335</y>
      <w>0.59237534</w>
      <t>2133</t>
    </point>
    <point>
      <x>0.38833332</x>
      <y>0.39166668</y>
      <w>0.5845552</w>
      <t>2167</t>
    </point>
    <point>
      <x>0.39333335</x>
      <y>0.39</y>
      <w>0.5845552</w>
      <t>2167</t>
    </point>
    <point>
      <x>0.39833334</x>
      <y>0.38833332</y>
      <w>0.5845552</w>
      <t>2167</t>
    </point>
    <point>
      <x>0.40333334</x>
      <y>0.38666666</y>
      <w>0.5845552</w>
      <t>2167</t>
    </point>
    <point>
      <x>0.40833333</x>
      <y>0.385</y>
      <w>0.58064514</w>
      <t>2200</t>
    </point>
    <point>
      <x>0.415</x>
      <y>0.38333333</y>
      <w>0.58064514</w>
      <t>2200</t>
    </point>
    <point>
      <x>0.42</x>
      <y>0.38</y>
      <w>0.58064514</w>
      <t>2200</t>
    </point>
    <point>
      <x>0.425</x>
      <y>0.37833333</y>
      <w>0.58064514</w>
      <t>2200</t>
    </point>
    <point>
      <x>0.43</x>
      <y>0.37666667</y>
      <w>0.58064514</w>
      <t>2200</t>
    </point>
    <point>
      <x>0.435</x>
      <y>0.37333333</y>
      <w>0.56207234</w>
      <t>2233</t>
    </point>
    <point>
      <x>0.44</x>
      <y>0.37166667</y>
      <w>0.56207234</w>
      <t>2233</t>
    </point>
    <point>
      <x>0.44666666</x>
      <y>0.37</y>
      <w>0.56207234</w>
      <t>2233</t>
    </point>
    <point>
      <x>0.45166665</x>
      <y>0.36833334</y>
      <w>0.56207234</w>
      <t>2233</t>
    </point>
    <point>
      <x>0.45833334</x>
      <y>0.36666667</y>
      <w>0.5591398</w>
      <t>2267</t>
    </point>
    <point>
      <x>0.46333334</x>
      <y>0.36333334</y>
      <w>0.5591398</w>
      <t>2267</t>
    </point>
    <point>
      <x>0.46833333</x>
      <y>0.36166668</y>
      <w>0.5591398</w>
      <t>2267</t>
    </point>
    <point>
      <x>0.47333333</x>
      <y>0.36</y>
      <w>0.5591398</w>
      <t>2267</t>
    </point>
    <point>
      <x>0.47833332</x>
      <y>0.35666665</y>
      <w>0.5591398</w>
      <t>2267</t>
    </point>
    <point>
      <x>0.485</x>
      <y>0.355</y>
      <w>0.5522972</w>
      <t>2300</t>
    </point>
    <point>
      <x>0.49166667</x>
      <y>0.35333332</y>
      <w>0.5522972</w>
      <t>2300</t>
    </point>
    <point>
      <x>0.49666667</x>
      <y>0.35</y>
      <w>0.5522972</w>
      <t>2300</t>
    </point>
    <point>
      <x>0.50333333</x>
      <y>0.34833333</y>
      <w>0.5522972</w>
      <t>2300</t>
    </point>
    <point>
      <x>0.51</x>
      <y>0.34666666</y>
      <w>0.54545456</w>
      <t>2333</t>
    </point>
    <point>
      <x>0.515</x>
      <y>0.345</y>
      <w>0.54545456</w>
      <t>2333</t>
    </point>
    <point>
      <x>0.52166665</x>
      <y>0.34333333</y>
      <w>0.54545456</w>
      <t>2333</t>
    </point>
    <point>
      <x>0.52666664</x>
      <y>0.34</y>
      <w>0.54545456</w>
      <t>2333</t>
    </point>
    <point>
      <x>0.5316667</x>
      <y>0.33833334</y>
      <w>0.5415445</w>
      <t>2367</t>
    </point>
    <point>
      <x>0.53833336</x>
      <y>0.33666667</y>
      <w>0.5415445</w>
      <t>2367</t>
    </point>
    <point>
      <x>0.54333335</x>
      <y>0.335</y>
      <w>0.5415445</w>
      <t>2367</t>
    </point>
    <point>
      <x>0.55</x>
      <y>0.33333334</y>
      <w>0.5415445</w>
      <t>2367</t>
    </point>
    <point>
      <x>0.5566667</x>
      <y>0.33</y>
      <w>0.5415445</w>
      <t>2367</t>
    </point>
    <point>
      <x>0.56333333</x>
      <y>0.32833335</y>
      <w>0.5278592</w>
      <t>2400</t>
    </point>
    <point>
      <x>0.5683333</x>
      <y>0.32666665</y>
      <w>0.5278592</w>
      <t>2400</t>
    </point>
    <point>
      <x>0.575</x>
      <y>0.32333332</y>
      <w>0.5278592</w>
      <t>2400</t>
    </point>
    <point>
      <x>0.58</x>
      <y>0.32166666</y>
      <w>0.5278592</w>
      <t>2400</t>
    </point>
    <point>
      <x>0.585</x>
      <y>0.32</y>
      <w>0.5278592</w>
      <t>2400</t>
    </point>
    <point>
      <x>0.5883333</x>
      <y>0.32</y>
      <w>0.5092864</w>
      <t>2433</t>
    </point>
    <point>
      <x>0.5933333</x>
      <y>0.31833333</y>
      <w>0.5092864</w>
      <t>2433</t>
    </point>
    <point>
      <x>0.59833336</x>
      <y>0.31666666</y>
      <w>0.5092864</w>
      <t>2433</t>
    </point>
    <point>
      <x>0.6016667</x>
      <y>0.31666666</y>
      <w>0.5092864</w>
      <t>2433</t>
    </point>
    <point>
      <x>0.605</x>
      <y>0.315</y>
      <w>0.47898337</w>
      <t>2467</t>
    </point>
    <point>
      <x>0.61</x>
      <y>0.31333333</y>
      <w>0.47898337</w>
      <t>2467</t>
    </point>
    <point>
      <x>0.6116667</x>
      <y>0.31333333</y>
      <w>0.47898337</w>
      <t>2467</t>
    </point>
    <point>
      <x>0.615</x>
      <y>0.31166667</y>
      <w>0.47898337</w>
      <t>2467</t>
    </point>
    <point>
      <x>0.61833334</x>
      <y>0.31166667</y>
      <w>0.47018573</w>
      <t>2500</t>
    </point>
    <point>
      <x>0.62</x>
      <y>0.31</y>
      <w>0.47018573</w>
      <t>2500</t>
    </point>
    <point>
      <x>0.62166667</x>
      <y>0.31</y>
      <w>0.47018573</w>
      <t>2500</t>
    </point>
    <point>
      <x>0.62333333</x>
      <y>0.31</y>
      <w>0.47018573</w>
      <t>2500</t>
    </point>
    <point>
      <x>0.625</x>
      <y>0.30833334</y>
      <w>0.4682307</w>
      <t>2534</t>
    </point>
    <point>
      <x>0.62666667</x>
      <y>0.30833334</y>
      <w>0.4682307</w>
      <t>2534</t>
    </point>
    <point>
      <x>0.62833333</x>
      <y>0.30833334</y>
      <w>0.45356795</w>
      <t>2566</t>
    </point>
    <point>
      <x>0.62833333</x>
      <y>0.30666667</y>
      <w>0.45356795</w>
      <t>2566</t>
    </point>
    <point>
      <x>0.63</x>
      <y>0.30666667</y>
      <w>0.45356795</w>
      <t>2566</t>
    </point>
    <point>
      <x>0.63</x>
      <y>0.305</y>
      <w>0.45356795</w>
      <t>2566</t>
    </point>
    <point>
      <x>0.63166666</x>
      <y>0.30333334</y>
      <w>0.41642228</w>
      <t>2600</t>
    </point>
    <point>
      <x>0.63166666</x>
      <y>0.30166668</y>
      <w>0.41642228</w>
      <t>2600</t>
    </point>
    <point>
      <x>0.6333333</x>
      <y>0.30166668</y>
      <w>0.41642228</w>
      <t>2600</t>
    </point>
    <point>
      <x>0.6333333</x>
      <y>0.3</y>
      <w>0.3998045</w>
      <t>2634</t>
    </point>
    <point>
      <x>0.635</x>
      <y>0.29833335</y>
      <w>0.3998045</w>
      <t>2634</t>
    </point>
    <point>
      <x>0.635</x>
      <y>0.29666665</y>
      <w>0.3998045</w>
      <t>2634</t>
    </point>
    <point>
      <x>0.63666666</x>
      <y>0.295</y>
      <w>0.3998045</w>
      <t>2634</t>
    </point>
    <point>
      <x>0.63666666</x>
      <y>0.29333332</y>
      <w>0.37536657</w>
      <t>2667</t>
    </point>
    <point>
      <x>0.63666666</x>
      <y>0.29166666</y>
      <w>0.37536657</w>
      <t>2667</t>
    </point>
    <point>
      <x>0.6383333</x>
      <y>0.29166666</y>
      <w>0.37536657</w>
      <t>2667</t>
    </point>
    <point>
      <x>0.6383333</x>
      <y>0.29</y>
      <w>0.37536657</w>
      <t>2667</t>
    </point>
    <point>
      <x>0.6383333</x>
      <y>0.28833333</y>
      <w>0.36363637</w>
      <t>2700</t>
    </point>
    <point>
      <x>0.6383333</x>
      <y>0.28666666</y>
      <w>0.36363637</w>
      <t>2700</t>
    </point>
    <point>
      <x>0.6383333</x>
      <y>0.285</y>
      <w>0.36656892</w>
      <t>2734</t>
    </point>
    <point>
      <x>0.63666666</x>
      <y>0.285</y>
      <w>0.36656892</w>
      <t>2734</t>
    </point>
    <point>
      <x>0.635</x>
      <y>0.285</y>
      <w>0.36656892</w>
      <t>2734</t>
    </point>
    <point>
      <x>0.6333333</x>
      <y>0.285</y>
      <w>0.3831867</w>
      <t>2767</t>
    </point>
    <point>
      <x>0.63166666</x>
      <y>0.285</y>
      <w>0.3831867</w>
      <t>2767</t>
    </point>
    <point>
      <x>0.63</x>
      <y>0.285</y>
      <w>0.4125122</w>
      <t>2800</t>
    </point>
    <point>
      <x>0.62833333</x>
      <y>0.285</y>
      <w>0.4125122</w>
      <t>2800</t>
    </point>
    <point>
      <x>0.62666667</x>
      <y>0.28666666</y>
      <w>0.4125122</w>
      <t>2800</t>
    </point>
    <point>
      <x>0.625</x>
      <y>0.28666666</y>
      <w>0.4125122</w>
      <t>2800</t>
    </point>
    <point>
      <x>0.62333333</x>
      <y>0.28833333</y>
      <w>0.4125122</w>
      <t>2800</t>
    </point>
    <point>
      <x>0.62</x>
      <y>0.28833333</y>
      <w>0.42521995</w>
      <t>2833</t>
    </point>
    <point>
      <x>0.61833334</x>
      <y>0.29</y>
      <w>0.42521995</w>
      <t>2833</t>
    </point>
    <point>
      <x>0.6166667</x>
      <y>0.29</y>
      <w>0.42521995</w>
      <t>2833</t>
    </point>
    <point>
      <x>0.61333334</x>
      <y>0.29166666</y>
      <w>0.42521995</w>
      <t>2833</t>
    </point>
    <point>
      <x>0.6116667</x>
      <y>0.29166666</y>
      <w>0.47311828</w>
      <t>2867</t>
    </point>
    <point>
      <x>0.60833335</x>
      <y>0.29333332</y>
      <w>0.47311828</w>
      <t>2867</t>
    </point>
    <point>
      <x>0.605</x>
      <y>0.295</y>
      <w>0.47311828</w>
      <t>2867</t>
    </point>
    <point>
      <x>0.6016667</x>
      <y>0.29666665</y>
      <w>0.47311828</w>
      <t>2867</t>
    </point>
    <point>
      <x>0.59833336</x>
      <y>0.29833335</y>
      <w>0.47311828</w>
      <t>2867</t>
    </point>
    <point>
      <x>0.595</x>
      <y>0.3</y>
      <w>0.49853373</w>
      <t>2900</t>
    </point>
    <point>
      <x>0.5933333</x>
      <y>0.30333334</y>
      <w>0.49853373</w>
      <t>2900</t>
    </point>
    <point>
      <x>0.59</x>
      <y>0.305</y>
      <w>0.49853373</w>
      <t>2900</t>
    </point>
    <point>
      <x>0.58666664</x>
      <y>0.30666667</y>
      <w>0.49853373</w>
      <t>2900</t>
    </point>
    <point>
      <x>0.585</x>
      <y>0.30833334</y>
      <w>0.5210166</w>
      <t>2933</t>
    </point>
    <point>
      <x>0.58166665</x>
      <y>0.31166667</y>
      <w>0.5210166</w>
      <t>2933</t>
    </point>
    <point>
      <x>0.5783333</x>
      <y>0.31333333</y>
      <w>0.5210166</w>
      <t>2933</t>
    </point>
    <point>
      <x>0.57666665</x>
      <y>0.31666666</y>
      <w>0.5210166</w>
      <t>2933</t>
    </point>
    <point>
      <x>0.5733333</x>
      <y>0.32</y>
      <w>0.5210166</w>
      <t>2933</t>
    </point>
    <point>
      <x>0.57166666</x>
      <y>0.32166666</y>
      <w>0.53763443</w>
      <t>2967</t>
    </point>
    <point>
      <x>0.5683333</x>
      <y>0.325</y>
      <w>0.53763443</w>
      <t>2967</t>
    </point>
    <point>
      <x>0.565</x>
      <y>0.32833335</y>
      <w>0.53763443</w>
      <t>2967</t>
    </point>
    <point>
      <x>0.56166667</x>
      <y>0.33166668</y>
      <w>0.53763443</w>
      <t>2967</t>
    </point>
    <point>
      <x>0.56</x>
      <y>0.33333334</y>
      <w>0.5532747</w>
      <t>3000</t>
    </point>
    <point>
      <x>0.5566667</x>
      <y>0.33666667</y>
      <w>0.5532747</w>
      <t>3000</t>
    </point>
    <point>
      <x>0.555</x>
      <y>0.33833334</y>
      <w>0.5532747</w>
      <t>3000</t>
    </point>
    <point>
      <x>0.5516667</x>
      <y>0.34166667</y>
      <w>0.5532747</w>
      <t>3000</t>
    </point>
    <point>
      <x>0.54833335</x>
      <y>0.345</y>
      <w>0.5532747</w>
      <t>3000</t>
    </point>
    <point>
      <x>0.5466667</x>
      <y>0.34666666</y>
      <w>0.57087</w>
      <t>3033</t>
    </point>
    <point>
      <x>0.54333335</x>
      <y>0.35</y>
      <w>0.57087</w>
      <t>3033</t>
    </point>
    <point>
      <x>0.5416667</x>
      <y>0.35166666</y>
      <w>0.57087</w>
      <t>3033</t>
    </point>
    <point>
      <x>0.53833336</x>
      <y>0.355</y>
      <w>0.57087</w>
      <t>3033</t>
    </point>
    <point>
      <x>0.535</x>
      <y>0.35833332</y>
      <w>0.57575756</w>
      <t>3067</t>
    </point>
    <point>
      <x>0.53333336</x>
      <y>0.36166668</y>
      <w>0.57575756</w>
      <t>3067</t>
    </point>
    <point>
      <x>0.53</x>
      <y>0.365</y>
      <w>0.57575756</w>
      <t>3067</t>
    </point>
    <point>
      <x>0.52666664</x>
      <y>0.36833334</y>
      <w>0.57575756</w>
      <t>3067</t>
    </point>
    <point>
      <x>0.5233333</x>
      <y>0.37166667</y>
      <w>0.5786901</w>
      <t>3100</t>
    </point>
    <point>
      <x>0.52</x>
      <y>0.37666667</y>
      <w>0.5786901</w>
      <t>3100</t>
    </point>
    <point>
      <x>0.51666665</x>
      <y>0.38</y>
      <w>0.5786901</w>
      <t>3100</t>
    </point>
    <point>
      <x>0.5133333</x>
      <y>0.385</y>
      <w>0.5786901</w>
      <t>3100</t>
    </point>
    <point>
      <x>0.51</x>
      <y>0.39</y>
      <w>0.5786901</w>
      <t>3100</t>
    </point>
    <point>
      <x>0.50666666</x>
      <y>0.39333335</y>
      <w>0.58064514</w>
      <t>3133</t>
    </point>
    <point>
      <x>0.50166667</x>
      <y>0.39833334</y>
      <w>0.58064514</w>
      <t>3133</t>
    </point>
    <point>
      <x>0.49833333</x>
      <y>0.40333334</y>
      <w>0.58064514</w>
      <t>3133</t>
    </point>
    <point>
      <x>0.49333334</x>
      <y>0.40833333</y>
      <w>0.58064514</w>
      <t>3133</t>
    </point>
    <point>
      <x>0.48833334</x>
      <y>0.415</y>
      <w>0.59433043</w>
      <t>3167</t>
    </point>
    <point>
      <x>0.485</x>
      <y>0.42</y>
      <w>0.59433043</w>
      <t>3167</t>
    </point>
    <point>
      <x>0.48</x>
      <y>0.425</y>
      <w>0.59433043</w>
      <t>3167</t>
    </point>
    <point>
      <x>0.475</x>
      <y>0.43166667</y>
      <w>0.59433043</w>
      <t>3167</t>
    </point>
    <point>
      <x>0.47</x>
      <y>0.43666667</y>
      <w>0.59433043</w>
      <t>3167</t>
    </point>
    <point>
      <x>0.465</x>
      <y>0.44166666</y>
      <w>0.60215056</w>
      <t>3200</t>
    </point>
    <point>
      <x>0.46</x>
      <y>0.44666666</y>
      <w>0.60215056</w>
      <t>3200</t>
    </point>
    <point>
      <x>0.455</x>
      <y>0.45333335</y>
      <w>0.60215056</w>
      <t>3200</t>
    </point>
    <point>
      <x>0.45</x>
      <y>0.45833334</y>
      <w>0.60215056</w>
      <t>3200</t>
    </point>
    <point>
      <x>0.445</x>
      <y>0.46666667</y>
      <w>0.6050831</w>
      <t>3233</t>
    </point>
    <point>
      <x>0.43833333</x>
      <y>0.47333333</y>
      <w>0.6050831</w>
      <t>3233</t>
    </point>
    <point>
      <x>0.43333334</x>
      <y>0.48</y>
      <w>0.6050831</w>
      <t>3233</t>
    </point>
    <point>
      <x>0.42833334</x>
      <y>0.48833334</y>
      <w>0.6050831</w>
      <t>3233</t>
    </point>
    <point>
      <x>0.42333335</x>
      <y>0.495</y>
      <w>0.6060606</w>
      <t>3266</t>
    </point>
    <point>
      <x>0.41833332</x>
      <y>0.50166667</y>
      <w>0.6060606</w>
      <t>3266</t>
    </point>
    <point>
      <x>0.41333333</x>
      <y>0.51</y>
      <w>0.6060606</w>
      <t>3266</t>
    </point>
    <point>
      <x>0.40666667</x>
      <y>0.5183333</y>
      <w>0.6060606</w>
      <t>3266</t>
    </point>
    <point>
      <x>0.40166667</x>
      <y>0.52666664</y>
      <w>0.6060606</w>
      <t>3266</t>
    </point>
    <point>
      <x>0.395</x>
      <y>0.535</y>
      <w>0.6060606</w>
      <t>3300</t>
    </point>
    <point>
      <x>0.39</x>
      <y>0.54333335</y>
      <w>0.6060606</w>
      <t>3300</t>
    </point>
    <point>
      <x>0.385</x>
      <y>0.5516667</y>
      <w>0.6060606</w>
      <t>3300</t>
    </point>
    <point>
      <x>0.38</x>
      <y>0.56</y>
      <w>0.6060606</w>
      <t>3300</t>
    </point>
    <point>
      <x>0.375</x>
      <y>0.56666666</y>
      <w>0.6060606</w>
      <t>3300</t>
    </point>
    <point>
      <x>0.37</x>
      <y>0.575</y>
      <w>0.6060606</w>
      <t>3333</t>
    </point>
    <point>
      <x>0.36666667</x>
      <y>0.58166665</y>
      <w>0.6060606</w>
      <t>3333</t>
    </point>
    <point>
      <x>0.36166668</x>
      <y>0.59</y>
      <w>0.6060606</w>
      <t>3333</t>
    </point>
    <point>
      <x>0.35833332</x>
      <y>0.59833336</y>
      <w>0.6060606</w>
      <t>3333</t>
    </point>
    <point>
      <x>0.35333332</x>
      <y>0.6066667</y>
      <w>0.6060606</w>
      <t>3367</t>
    </point>
    <point>
      <x>0.34833333</x>
      <y>0.615</y>
      <w>0.6060606</w>
      <t>3367</t>
    </point>
    <point>
      <x>0.345</x>
      <y>0.62333333</y>
      <w>0.6060606</w>
      <t>3367</t>
    </point>
    <point>
      <x>0.34</x>
      <y>0.63166666</y>
      <w>0.6060606</w>
      <t>3367</t>
    </point>
    <point>
      <x>0.33666667</x>
      <y>0.6383333</y>
      <w>0.60703814</w>
      <t>3400</t>
    </point>
    <point>
      <x>0.33333334</x>
      <y>0.6433333</y>
      <w>0.60703814</w>
      <t>3400</t>
    </point>
    <point>
      <x>0.33</x>
      <y>0.6483333</y>
      <w>0.60703814</w>
      <t>3400</t>
    </point>
    <point>
      <x>0.32666665</x>
      <y>0.6533333</y>
      <w>0.60703814</w>
      <t>3400</t>
    </point>
    <point>
      <x>0.32333332</x>
      <y>0.65833336</y>
      <w>0.60703814</w>
      <t>3400</t>
    </point>
    <point>
      <x>0.32166666</x>
      <y>0.66</y>
      <w>0.5904203</w>
      <t>3433</t>
    </point>
    <point>
      <x>0.32</x>
      <y>0.66333336</y>
      <w>0.5904203</w>
      <t>3433</t>
    </point>
    <point>
      <x>0.31833333</x>
      <y>0.66333336</y>
      <w>0.5904203</w>
      <t>3433</t>
    </point>
    <point>
      <x>0.31833333</x>
      <y>0.665</y>
      <w>0.5904203</w>
      <t>3433</t>
    </point>
    <point>
      <x>0.31833333</x>
      <y>0.66333336</y>
      <w>0.4809384</w>
      <t>3467</t>
    </point>
    <point>
      <x>0.31833333</x>
      <y>0.6616667</y>
      <w>0.4809384</w>
      <t>3467</t>
    </point>
    <point>
      <x>0.32166666</x>
      <y>0.65833336</y>
      <w>0.42424244</w>
      <t>3500</t>
    </point>
    <point>
      <x>0.32333332</x>
      <y>0.655</y>
      <w>0.42424244</w>
      <t>3500</t>
    </point>
    <point>
      <x>0.32666665</x>
      <y>0.65</y>
      <w>0.42424244</w>
      <t>3500</t>
    </point>
    <point>
      <x>0.33</x>
      <y>0.645</y>
      <w>0.42424244</w>
      <t>3500</t>
    </point>
    <point>
      <x>0.335</x>
      <y>0.64</y>
      <w>0.3372434</w>
      <t>3533</t>
    </point>
    <point>
      <x>0.33833334</x>
      <y>0.6333333</y>
      <w>0.3372434</w>
      <t>3533</t>
    </point>
    <point>
      <x>0.34333333</x>
      <y>0.62833333</y>
      <w>0.3372434</w>
      <t>3533</t>
    </point>
    <point>
      <x>0.34833333</x>
      <y>0.62</y>
      <w>0.3372434</w>
      <t>3533</t>
    </point>
    <point>
      <x>0.35333332</x>
      <y>0.61333334</y>
      <w>0.3196481</w>
      <t>3566</t>
    </point>
    <point>
      <x>0.35833332</x>
      <y>0.6066667</y>
      <w>0.3196481</w>
      <t>3566</t>
    </point>
    <point>
      <x>0.36333334</x>
      <y>0.6</y>
      <w>0.3196481</w>
      <t>3566</t>
    </point>
    <point>
      <x>0.36833334</x>
      <y>0.5933333</y>
      <w>0.3196481</w>
      <t>3566</t>
    </point>
    <point>
      <x>0.37166667</x>
      <y>0.58666664</y>
      <w>0.3196481</w>
      <t>3566</t>
    </point>
    <point>
      <x>0.37666667</x>
      <y>0.58166665</y>
      <w>0.20527859</w>
      <t>3600</t>
    </point>
    <point>
      <x>0.38</x>
      <y>0.57666665</y>
      <w>0.20527859</w>
      <t>3600</t>
    </point>
    <point>
      <x>0.38333333</x>
      <y>0.57166666</y>
      <w>0.20527859</w>
      <t>3600</t>
    </point>
    <point>
      <x>0.38833332</x>
      <y>0.56666666</y>
      <w>0.20527859</w>
      <t>3600</t>
    </point>
    <point>
      <x>0.39166668</x>
      <y>0.56166667</y>
      <w>0.20527859</w>
      <t>3600</t>
    </point>
    <point>
      <x>0.395</x>
      <y>0.555</y>
      <w>0.20918866</w>
      <t>3634</t>
    </point>
    <point>
      <x>0.39666668</x>
      <y>0.5516667</y>
      <w>0.20918866</w>
      <t>3634</t>
    </point>
    <point>
      <x>0.4</x>
      <y>0.5466667</y>
      <w>0.20918866</w>
      <t>3634</t>
    </point>
    <point>
      <x>0.40333334</x>
      <y>0.5416667</y>
      <w>0.20918866</w>
      <t>3634</t>
    </point>
    <point>
      <x>0.405</x>
      <y>0.5366667</y>
      <w>0.23753665</w>
      <t>3667</t>
    </point>
    <point>
      <x>0.40833333</x>
      <y>0.5316667</y>
      <w>0.23753665</w>
      <t>3667</t>
    </point>
    <point>
      <x>0.41166666</x>
      <y>0.52666664</y>
      <w>0.23753665</w>
      <t>3667</t>
    </point>
    <point>
      <x>0.415</x>
      <y>0.5233333</y>
      <w>0.23753665</w>
      <t>3667</t>
    </point>
    <point>
      <x>0.41666666</x>
      <y>0.5183333</y>
      <w>0.28739002</w>
      <t>3700</t>
    </point>
    <point>
      <x>0.42166665</x>
      <y>0.5133333</y>
      <w>0.28739002</w>
      <t>3700</t>
    </point>
    <point>
      <x>0.425</x>
      <y>0.5083333</y>
      <w>0.28739002</w>
      <t>3700</t>
    </point>
    <point>
      <x>0.42833334</x>
      <y>0.505</y>
      <w>0.28739002</w>
      <t>3700</t>
    </point>
    <point>
      <x>0.43166667</x>
      <y>0.5</y>
      <w>0.28739002</w>
      <t>3700</t>
    </point>
    <point>
      <x>0.43666667</x>
      <y>0.49666667</y>
      <w>0.30596286</w>
      <t>3733</t>
    </point>
    <point>
      <x>0.44</x>
      <y>0.49333334</y>
      <w>0.30596286</w>
      <t>3733</t>
    </point>
    <point>
      <x>0.445</x>
      <y>0.49</y>
      <w>0.30596286</w>
      <t>3733</t>
    </point>
    <point>
      <x>0.44833332</x>
      <y>0.48666668</y>
      <w>0.30596286</w>
      <t>3733</t>
    </point>
    <point>
      <x>0.45333335</x>
      <y>0.485</y>
      <w>0.32942328</w>
      <t>3767</t>
    </point>
    <point>
      <x>0.45666668</x>
      <y>0.48166665</y>
      <w>0.32942328</w>
      <t>3767</t>
    </point>
    <point>
      <x>0.46166667</x>
      <y>0.47833332</y>
      <w>0.32942328</w>
      <t>3767</t>
    </point>
    <point>
      <x>0.465</x>
      <y>0.475</y>
      <w>0.32942328</w>
      <t>3767</t>
    </point>
    <point>
      <x>0.46833333</x>
      <y>0.47166666</y>
      <w>0.32942328</w>
      <t>3767</t>
    </point>
    <point>
      <x>0.47333333</x>
      <y>0.47</y>
      <w>0.3489736</w>
      <t>3800</t>
    </point>
    <point>
      <x>0.47666666</x>
      <y>0.46833333</y>
      <w>0.3489736</w>
      <t>3800</t>
    </point>
    <point>
      <x>0.47833332</x>
      <y>0.465</y>
      <w>0.3489736</w>
      <t>3800</t>
    </point>
    <point>
      <x>0.48166665</x>
      <y>0.46333334</y>
      <w>0.3489736</w>
      <t>3800</t>
    </point>
    <point>
      <x>0.48666668</x>
      <y>0.46166667</y>
      <w>0.37829912</w>
      <t>3833</t>
    </point>
    <point>
      <x>0.49</x>
      <y>0.46</y>
      <w>0.37829912</w>
      <t>3833</t>
    </point>
    <point>
      <x>0.495</x>
      <y>0.45833334</y>
      <w>0.37829912</w>
      <t>3833</t>
    </point>
    <point>
      <x>0.5</x>
      <y>0.455</y>
      <w>0.37829912</w>
      <t>3833</t>
    </point>
    <point>
      <x>0.505</x>
      <y>0.45333335</y>
      <w>0.39198437</w>
      <t>3867</t>
    </point>
    <point>
      <x>0.51</x>
      <y>0.45166665</y>
      <w>0.39198437</w>
      <t>3867</t>
    </point>
    <point>
      <x>0.515</x>
      <y>0.45</y>
      <w>0.39198437</w>
      <t>3867</t>
    </point>
    <point>
      <x>0.5183333</x>
      <y>0.45</y>
      <w>0.39198437</w>
      <t>3867</t>
    </point>
    <point>
      <x>0.5233333</x>
      <y>0.44833332</y>
      <w>0.39198437</w>
      <t>3867</t>
    </point>
    <point>
      <x>0.52666664</x>
      <y>0.44833332</y>
      <w>0.40273705</w>
      <t>3900</t>
    </point>
    <point>
      <x>0.53</x>
      <y>0.44833332</y>
      <w>0.40273705</w>
      <t>3900</t>
    </point>
    <point>
      <x>0.53333336</x>
      <y>0.44833332</y>
      <w>0.40273705</w>
      <t>3900</t>
    </point>
    <point>
      <x>0.5366667</x>
      <y>0.44833332</y>
      <w>0.40273705</w>
      <t>3900</t>
    </point>
    <point>
      <x>0.54</x>
      <y>0.44833332</y>
      <w>0.40273705</w>
      <t>3900</t>
    </point>
    <point>
      <x>0.5416667</x>
      <y>0.44833332</y>
      <w>0.42521995</w>
      <t>3933</t>
    </point>
    <point>
      <x>0.545</x>
      <y>0.44833332</y>
      <w>0.42521995</w>
      <t>3933</t>
    </point>
    <point>
      <x>0.54833335</x>
      <y>0.44833332</y>
      <w>0.42521995</w>
      <t>3933</t>
    </point>
    <point>
      <x>0.55</x>
      <y>0.44833332</y>
      <w>0.42521995</w>
      <t>3933</t>
    </point>
    <point>
      <x>0.55333334</x>
      <y>0.44833332</y>
      <w>0.45943305</w>
      <t>3967</t>
    </point>
    <point>
      <x>0.555</x>
      <y>0.44833332</y>
      <w>0.45943305</w>
      <t>3967</t>
    </point>
    <point>
      <x>0.55833334</x>
      <y>0.45</y>
      <w>0.45943305</w>
      <t>3967</t>
    </point>
    <point>
      <x>0.56</x>
      <y>0.45</y>
      <w>0.45943305</w>
      <t>3967</t>
    </point>
    <point>
      <x>0.56333333</x>
      <y>0.45166665</y>
      <w>0.5034213</w>
      <t>4000</t>
    </point>
    <point>
      <x>0.565</x>
      <y>0.45333335</y>
      <w>0.5034213</w>
      <t>4000</t>
    </point>
    <point>
      <x>0.56666666</x>
      <y>0.45333335</y>
      <w>0.5034213</w>
      <t>4000</t>
    </point>
    <point>
      <x>0.5683333</x>
      <y>0.455</y>
      <w>0.5034213</w>
      <t>4000</t>
    </point>
    <point>
      <x>0.5683333</x>
      <y>0.45666668</y>
      <w>0.5034213</w>
      <t>4000</t>
    </point>
    <point>
      <x>0.57</x>
      <y>0.45833334</y>
      <w>0.52394915</w>
      <t>4033</t>
    </point>
    <point>
      <x>0.57166666</x>
      <y>0.46</y>
      <w>0.52394915</w>
      <t>4033</t>
    </point>
    <point>
      <x>0.57166666</x>
      <y>0.46166667</y>
      <w>0.52394915</w>
      <t>4033</t>
    </point>
    <point>
      <x>0.5733333</x>
      <y>0.46333334</y>
      <w>0.52394915</w>
      <t>4033</t>
    </point>
    <point>
      <x>0.5733333</x>
      <y>0.465</y>
      <w>0.5483871</w>
      <t>4067</t>
    </point>
    <point>
      <x>0.575</x>
      <y>0.46833333</y>
      <w>0.5483871</w>
      <t>4067</t>
    </point>
    <point>
      <x>0.575</x>
      <y>0.47</y>
      <w>0.5483871</w>
      <t>4067</t>
    </point>
    <point>
      <x>0.575</x>
      <y>0.47333333</y>
      <w>0.5483871</w>
      <t>4067</t>
    </point>
    <point>
      <x>0.575</x>
      <y>0.475</y>
      <w>0.5483871</w>
      <t>4067</t>
    </point>
    <point>
      <x>0.575</x>
      <y>0.47666666</y>
      <w>0.5659824</w>
      <t>4100</t>
    </point>
    <point>
      <x>0.575</x>
      <y>0.48</y>
      <w>0.5659824</w>
      <t>4100</t>
    </point>
    <point>
      <x>0.575</x>
      <y>0.48166665</y>
      <w>0.5659824</w>
      <t>4100</t>
    </point>
    <point>
      <x>0.575</x>
      <y>0.485</y>
      <w>0.5659824</w>
      <t>4100</t>
    </point>
    <point>
      <x>0.575</x>
      <y>0.48666668</y>
      <w>0.57575756</w>
      <t>4134</t>
    </point>
    <point>
      <x>0.575</x>
      <y>0.48833334</y>
      <w>0.57575756</w>
      <t>4134</t>
    </point>
    <point>
      <x>0.575</x>
      <y>0.49166667</y>
      <w>0.57575756</w>
      <t>4134</t>
    </point>
    <point>
      <x>0.575</x>
      <y>0.49333334</y>
      <w>0.57575756</w>
      <t>4134</t>
    </point>
    <point>
      <x>0.5733333</x>
      <y>0.49666667</y>
      <w>0.57575756</w>
      <t>4134</t>
    </point>
    <point>
      <x>0.5733333</x>
      <y>0.49833333</y>
      <w>0.5786901</w>
      <t>4167</t>
    </point>
    <point>
      <x>0.5733333</x>
      <y>0.5</y>
      <w>0.5786901</w>
      <t>4167</t>
    </point>
    <point>
      <x>0.57166666</x>
      <y>0.50333333</y>
      <w>0.5786901</w>
      <t>4167</t>
    </point>
    <point>
      <x>0.57166666</x>
      <y>0.505</y>
      <w>0.5786901</w>
      <t>4167</t>
    </point>
    <point>
      <x>0.57166666</x>
      <y>0.5083333</y>
      <w>0.5826002</w>
      <t>4200</t>
    </point>
    <point>
      <x>0.57166666</x>
      <y>0.51</y>
      <w>0.5826002</w>
      <t>4200</t>
    </point>
    <point>
      <x>0.57166666</x>
      <y>0.5133333</y>
      <w>0.5826002</w>
      <t>4200</t>
    </point>
    <point>
      <x>0.57</x>
      <y>0.515</y>
      <w>0.5826002</w>
      <t>4200</t>
    </point>
    <point>
      <x>0.57</x>
      <y>0.5183333</y>
      <w>0.5826002</w>
      <t>4200</t>
    </point>
    <point>
      <x>0.57</x>
      <y>0.52</y>
      <w>0.5845552</w>
      <t>4233</t>
    </point>
    <point>
      <x>0.57</x>
      <y>0.52166665</y>
      <w>0.5845552</w>
      <t>4233</t>
    </point>
    <point>
      <x>0.57</x>
      <y>0.5233333</y>
      <w>0.5845552</w>
      <t>4233</t>
    </point>
    <point>
      <x>0.57</x>
      <y>0.525</y>
      <w>0.5845552</w>
      <t>4233</t>
    </point>
    <point>
      <x>0.57166666</x>
      <y>0.52666664</y>
      <w>0.5835777</w>
      <t>4267</t>
    </point>
    <point>
      <x>0.57166666</x>
      <y>0.5283333</y>
      <w>0.5835777</w>
      <t>4267</t>
    </point>
    <point>
      <x>0.5733333</x>
      <y>0.53</y>
      <w>0.5835777</w>
      <t>4267</t>
    </point>
    <point>
      <x>0.5733333</x>
      <y>0.5316667</y>
      <w>0.5835777</w>
      <t>4267</t>
    </point>
    <point>
      <x>0.575</x>
      <y>0.53333336</y>
      <w>0.5826002</w>
      <t>4300</t>
    </point>
    <point>
      <x>0.57666665</x>
      <y>0.535</y>
      <w>0.5826002</w>
      <t>4300</t>
    </point>
    <point>
      <x>0.5783333</x>
      <y>0.5366667</y>
      <w>0.5826002</w>
      <t>4300</t>
    </point>
    <point>
      <x>0.58</x>
      <y>0.53833336</y>
      <w>0.5835777</w>
      <t>4334</t>
    </point>
    <point>
      <x>0.58166665</x>
      <y>0.54</y>
      <w>0.5835777</w>
      <t>4334</t>
    </point>
    <point>
      <x>0.5833333</x>
      <y>0.5416667</y>
      <w>0.5835777</w>
      <t>4334</t>
    </point>
    <point>
      <x>0.58666664</x>
      <y>0.54333335</y>
      <w>0.5904203</w>
      <t>4367</t>
    </point>
    <point>
      <x>0.5883333</x>
      <y>0.545</y>
      <w>0.5904203</w>
      <t>4367</t>
    </point>
    <point>
      <x>0.59</x>
      <y>0.545</y>
      <w>0.5904203</w>
      <t>4367</t>
    </point>
    <point>
      <x>0.59166664</x>
      <y>0.5466667</y>
      <w>0.5904203</w>
      <t>4367</t>
    </point>
    <point>
      <x>0.595</x>
      <y>0.54833335</y>
      <w>0.5904203</w>
      <t>4367</t>
    </point>
    <point>
      <x>0.5966667</x>
      <y>0.55</y>
      <w>0.5982405</w>
      <t>4400</t>
    </point>
    <point>
      <x>0.59833336</x>
      <y>0.5516667</y>
      <w>0.5982405</w>
      <t>4400</t>
    </point>
    <point>
      <x>0.6016667</x>
      <y>0.55333334</y>
      <w>0.5982405</w>
      <t>4400</t>
    </point>
    <point>
      <x>0.60333335</x>
      <y>0.55333334</y>
      <w>0.5982405</w>
      <t>4400</t>
    </point>
    <point>
      <x>0.605</x>
      <y>0.555</y>
      <w>0.6031281</w>
      <t>4433</t>
    </point>
    <point>
      <x>0.60833335</x>
      <y>0.5566667</y>
      <w>0.6031281</w>
      <t>4433</t>
    </point>
    <point>
      <x>0.61</x>
      <y>0.55833334</y>
      <w>0.6031281</w>
      <t>4433</t>
    </point>
    <point>
      <x>0.6116667</x>
      <y>0.56</y>
      <w>0.6031281</w>
      <t>4433</t>
    </point>
    <point>
      <x>0.61333334</x>
      <y>0.56166667</y>
      <w>0.60703814</w>
      <t>4467</t>
    </point>
    <point>
      <x>0.615</x>
      <y>0.56333333</y>
      <w>0.60703814</w>
      <t>4467</t>
    </point>
    <point>
      <x>0.6166667</x>
      <y>0.565</y>
      <w>0.60703814</w>
      <t>4467</t>
    </point>
    <point>
      <x>0.61833334</x>
      <y>0.56666666</y>
      <w>0.60703814</w>
      <t>4467</t>
    </point>
    <point>
      <x>0.62166667</x>
      <y>0.5683333</y>
      <w>0.60703814</w>
      <t>4467</t>
    </point>
    <point>
      <x>0.62333333</x>
      <y>0.57</y>
      <w>0.60801566</w>
      <t>4500</t>
    </point>
    <point>
      <x>0.625</x>
      <y>0.57166666</y>
      <w>0.60801566</w>
      <t>4500</t>
    </point>
    <point>
      <x>0.62666667</x>
      <y>0.5733333</y>
      <w>0.60801566</w>
      <t>4500</t>
    </point>
    <point>
      <x>0.62833333</x>
      <y>0.575</y>
      <w>0.60801566</w>
      <t>4500</t>
    </point>
    <point>
      <x>0.63</x>
      <y>0.5783333</y>
      <w>0.60801566</w>
      <t>4501</t>
    </point>
    <point>
      <x>0.63166666</x>
      <y>0.58</y>
      <w>0.6099707</w>
      <t>4533</t>
    </point>
    <point>
      <x>0.6333333</x>
      <y>0.58166665</y>
      <w>0.6099707</w>
      <t>4533</t>
    </point>
    <point>
      <x>0.6333333</x>
      <y>0.585</y>
      <w>0.6099707</w>
      <t>4533</t>
    </point>
    <point>
      <x>0.635</x>
      <y>0.58666664</y>
      <w>0.6099707</w>
      <t>4533</t>
    </point>
    <point>
      <x>0.63666666</x>
      <y>0.5883333</y>
      <w>0.6109482</w>
      <t>4567</t>
    </point>
    <point>
      <x>0.6383333</x>
      <y>0.59166664</y>
      <w>0.6109482</w>
      <t>4567</t>
    </point>
    <point>
      <x>0.64</x>
      <y>0.5933333</y>
      <w>0.6109482</w>
      <t>4567</t>
    </point>
    <point>
      <x>0.64</x>
      <y>0.5966667</y>
      <w>0.6109482</w>
      <t>4567</t>
    </point>
    <point>
      <x>0.64166665</x>
      <y>0.6</y>
      <w>0.61290324</w>
      <t>4600</t>
    </point>
    <point>
      <x>0.6433333</x>
      <y>0.6016667</y>
      <w>0.61290324</w>
      <t>4600</t>
    </point>
    <point>
      <x>0.645</x>
      <y>0.605</y>
      <w>0.61290324</w>
      <t>4600</t>
    </point>
    <point>
      <x>0.645</x>
      <y>0.60833335</y>
      <w>0.61290324</w>
      <t>4600</t>
    </point>
    <point>
      <x>0.64666665</x>
      <y>0.61</y>
      <w>0.61290324</w>
      <t>4600</t>
    </point>
    <point>
      <x>0.64666665</x>
      <y>0.61333334</y>
      <w>0.6158358</w>
      <t>4634</t>
    </point>
    <point>
      <x>0.6483333</x>
      <y>0.615</y>
      <w>0.6158358</w>
      <t>4634</t>
    </point>
    <point>
      <x>0.6483333</x>
      <y>0.61833334</y>
      <w>0.6158358</w>
      <t>4634</t>
    </point>
    <point>
      <x>0.6483333</x>
      <y>0.62166667</y>
      <w>0.6158358</w>
      <t>4634</t>
    </point>
    <point>
      <x>0.6483333</x>
      <y>0.625</y>
      <w>0.6168133</w>
      <t>4667</t>
    </point>
    <point>
      <x>0.6483333</x>
      <y>0.62833333</y>
      <w>0.6168133</w>
      <t>4667</t>
    </point>
    <point>
      <x>0.65</x>
      <y>0.63166666</y>
      <w>0.6168133</w>
      <t>4667</t>
    </point>
    <point>
      <x>0.65</x>
      <y>0.635</y>
      <w>0.6168133</w>
      <t>4667</t>
    </point>
    <point>
      <x>0.65</x>
      <y>0.63666666</y>
      <w>0.6168133</w>
      <t>4667</t>
    </point>
    <point>
      <x>0.65</x>
      <y>0.64</y>
      <w>0.61876833</w>
      <t>4700</t>
    </point>
    <point>
      <x>0.65</x>
      <y>0.64166665</y>
      <w>0.61876833</w>
      <t>4700</t>
    </point>
    <point>
      <x>0.65</x>
      <y>0.6433333</y>
      <w>0.61876833</w>
      <t>4700</t>
    </point>
    <point>
      <x>0.65</x>
      <y>0.645</y>
      <w>0.61876833</w>
      <t>4700</t>
    </point>
    <point>
      <x>0.6483333</x>
      <y>0.6483333</y>
      <w>0.6217009</w>
      <t>4733</t>
    </point>
    <point>
      <x>0.6483333</x>
      <y>0.65</y>
      <w>0.6217009</w>
      <t>4733</t>
    </point>
    <point>
      <x>0.64666665</x>
      <y>0.65166664</y>
      <w>0.6217009</w>
      <t>4733</t>
    </point>
    <point>
      <x>0.64666665</x>
      <y>0.6533333</y>
      <w>0.6217009</w>
      <t>4733</t>
    </point>
    <point>
      <x>0.645</x>
      <y>0.6566667</y>
      <w>0.6217009</w>
      <t>4767</t>
    </point>
    <point>
      <x>0.6433333</x>
      <y>0.65833336</y>
      <w>0.6217009</w>
      <t>4767</t>
    </point>
    <point>
      <x>0.64166665</x>
      <y>0.66</y>
      <w>0.6217009</w>
      <t>4767</t>
    </point>
    <point>
      <x>0.64</x>
      <y>0.66333336</y>
      <w>0.6217009</w>
      <t>4767</t>
    </point>
    <point>
      <x>0.6383333</x>
      <y>0.665</y>
      <w>0.6217009</w>
      <t>4767</t>
    </point>
    <point>
      <x>0.63666666</x>
      <y>0.66833335</y>
      <w>0.61290324</w>
      <t>4800</t>
    </point>
    <point>
      <x>0.635</x>
      <y>0.67</y>
      <w>0.61290324</w>
      <t>4800</t>
    </point>
    <point>
      <x>0.6333333</x>
      <y>0.6716667</y>
      <w>0.61290324</w>
      <t>4800</t>
    </point>
    <point>
      <x>0.63166666</x>
      <y>0.67333335</y>
      <w>0.61290324</w>
      <t>4800</t>
    </point>
    <point>
      <x>0.63</x>
      <y>0.67333335</y>
      <w>0.61290324</w>
      <t>4800</t>
    </point>
    <point>
      <x>0.62833333</x>
      <y>0.675</y>
      <w>0.5913978</w>
      <t>4834</t>
    </point>
    <point>
      <x>0.625</x>
      <y>0.6766667</y>
      <w>0.5913978</w>
      <t>4834</t>
    </point>
    <point>
      <x>0.62333333</x>
      <y>0.67833334</y>
      <w>0.5913978</w>
      <t>4834</t>
    </point>
    <point>
      <x>0.62166667</x>
      <y>0.67833334</y>
      <w>0.5913978</w>
      <t>4834</t>
    </point>
    <point>
      <x>0.62</x>
      <y>0.68</y>
      <w>0.572825</w>
      <t>4867</t>
    </point>
    <point>
      <x>0.61833334</x>
      <y>0.68</y>
      <w>0.572825</w>
      <t>4867</t>
    </point>
    <point>
      <x>0.6166667</x>
      <y>0.6816667</y>
      <w>0.572825</w>
      <t>4867</t>
    </point>
    <point>
      <x>0.61333334</x>
      <y>0.6816667</y>
      <w>0.572825</w>
      <t>4867</t>
    </point>
    <point>
      <x>0.6116667</x>
      <y>0.6816667</y>
      <w>0.5650049</w>
      <t>4900</t>
    </point>
    <point>
      <x>0.61</x>
      <y>0.68333334</y>
      <w>0.5650049</w>
      <t>4900</t>
    </point>
    <point>
      <x>0.6066667</x>
      <y>0.68333334</y>
      <w>0.5650049</w>
      <t>4900</t>
    </point>
    <point>
      <x>0.605</x>
      <y>0.68333334</y>
      <w>0.5650049</w>
      <t>4900</t>
    </point>
    <point>
      <x>0.6016667</x>
      <y>0.685</y>
      <w>0.5650049</w>
      <t>4900</t>
    </point>
    <point>
      <x>0.6</x>
      <y>0.685</y>
      <w>0.56402737</w>
      <t>4934</t>
    </point>
    <point>
      <x>0.59833336</x>
      <y>0.685</y>
      <w>0.56402737</w>
      <t>4934</t>
    </point>
    <point>
      <x>0.595</x>
      <y>0.685</y>
      <w>0.56402737</w>
      <t>4934</t>
    </point>
    <point>
      <x>0.5933333</x>
      <y>0.685</y>
      <w>0.56402737</w>
      <t>4934</t>
    </point>
    <point>
      <x>0.59166664</x>
      <y>0.685</y>
      <w>0.56402737</w>
      <t>4967</t>
    </point>
    <point>
      <x>0.59</x>
      <y>0.685</y>
      <w>0.56402737</w>
      <t>4967</t>
    </point>
    <point>
      <x>0.5883333</x>
      <y>0.68666667</y>
      <w>0.56402737</w>
      <t>4967</t>
    </point>
    <point>
      <x>0.585</x>
      <y>0.68666667</y>
      <w>0.56402737</w>
      <t>4967</t>
    </point>
    <point>
      <x>0.5833333</x>
      <y>0.68666667</y>
      <w>0.56402737</w>
      <t>4967</t>
    </point>
    <point>
      <x>0.58166665</x>
      <y>0.68666667</y>
      <w>0.56402737</w>
      <t>5000</t>
    </point>
    <point>
      <x>0.5783333</x>
      <y>0.68666667</y>
      <w>0.56402737</w>
      <t>5000</t>
    </point>
    <point>
      <x>0.57666665</x>
      <y>0.68666667</y>
      <w>0.56402737</w>
      <t>5000</t>
    </point>
    <point>
      <x>0.5733333</x>
      <y>0.68666667</y>
      <w>0.56402737</w>
      <t>5000</t>
    </point>
    <point>
      <x>0.57166666</x>
      <y>0.68833333</y>
      <w>0.56989247</w>
      <t>5034</t>
    </point>
    <point>
      <x>0.5683333</x>
      <y>0.68833333</y>
      <w>0.56989247</w>
      <t>5034</t>
    </point>
    <point>
      <x>0.56666666</x>
      <y>0.68833333</y>
      <w>0.56989247</w>
      <t>5034</t>
    </point>
    <point>
      <x>0.56333333</x>
      <y>0.68833333</y>
      <w>0.56989247</w>
      <t>5034</t>
    </point>
    <point>
      <x>0.56166667</x>
      <y>0.68833333</y>
      <w>0.56989247</w>
      <t>5034</t>
    </point>
    <point>
      <x>0.56</x>
      <y>0.69</y>
      <w>0.56989247</w>
      <t>5067</t>
    </point>
    <point>
      <x>0.55833334</x>
      <y>0.69</y>
      <w>0.56989247</w>
      <t>5067</t>
    </point>
    <point>
      <x>0.555</x>
      <y>0.69</y>
      <w>0.56989247</w>
      <t>5067</t>
    </point>
    <point>
      <x>0.55333334</x>
      <y>0.69</y>
      <w>0.56989247</w>
      <t>5067</t>
    </point>
    <point>
      <x>0.5516667</x>
      <y>0.69166666</y>
      <w>0.56989247</w>
      <t>5100</t>
    </point>
    <point>
      <x>0.55</x>
      <y>0.69166666</y>
      <w>0.56989247</w>
      <t>5100</t>
    </point>
    <point>
      <x>0.54833335</x>
      <y>0.6933333</y>
      <w>0.56989247</w>
      <t>5100</t>
    </point>
    <point>
      <x>0.5466667</x>
      <y>0.6933333</y>
      <w>0.56989247</w>
      <t>5100</t>
    </point>
    <point>
      <x>0.545</x>
      <y>0.695</y>
      <w>0.56989247</w>
      <t>5100</t>
    </point>
    <point>
      <x>0.54333335</x>
      <y>0.695</y>
      <w>0.57380253</w>
      <t>5134</t>
    </point>
    <point>
      <x>0.5416667</x>
      <y>0.69666666</y>
      <w>0.57380253</w>
      <t>5134</t>
    </point>
    <point>
      <x>0.53833336</x>
      <y>0.69666666</y>
      <w>0.57380253</w>
      <t>5134</t>
    </point>
    <point>
      <x>0.5366667</x>
      <y>0.6983333</y>
      <w>0.57380253</w>
      <t>5134</t>
    </point>
    <point>
      <x>0.535</x>
      <y>0.6983333</y>
      <w>0.5777126</w>
      <t>5167</t>
    </point>
    <point>
      <x>0.53333336</x>
      <y>0.7</y>
      <w>0.5777126</w>
      <t>5167</t>
    </point>
    <point>
      <x>0.5316667</x>
      <y>0.70166665</y>
      <w>0.5777126</w>
      <t>5167</t>
    </point>
    <point>
      <x>0.53</x>
      <y>0.70166665</y>
      <w>0.5777126</w>
      <t>5167</t>
    </point>
    <point>
      <x>0.5283333</x>
      <y>0.7033333</y>
      <w>0.58651024</w>
      <t>5200</t>
    </point>
    <point>
      <x>0.52666664</x>
      <y>0.705</y>
      <w>0.58651024</w>
      <t>5200</t>
    </point>
    <point>
      <x>0.525</x>
      <y>0.705</y>
      <w>0.58651024</w>
      <t>5200</t>
    </point>
    <point>
      <x>0.5233333</x>
      <y>0.70666665</y>
      <w>0.58651024</w>
      <t>5200</t>
    </point>
    <point>
      <x>0.52166665</x>
      <y>0.7083333</y>
      <w>0.5913978</w>
      <t>5234</t>
    </point>
    <point>
      <x>0.52</x>
      <y>0.7083333</y>
      <w>0.5913978</w>
      <t>5234</t>
    </point>
    <point>
      <x>0.52</x>
      <y>0.71</y>
      <w>0.5913978</w>
      <t>5234</t>
    </point>
    <point>
      <x>0.5183333</x>
      <y>0.71</y>
      <w>0.5913978</w>
      <t>5234</t>
    </point>
    <point>
      <x>0.5183333</x>
      <y>0.71166664</y>
      <w>0.59237534</w>
      <t>5267</t>
    </point>
    <point>
      <x>0.51666665</x>
      <y>0.7133333</y>
      <w>0.59237534</w>
      <t>5267</t>
    </point>
    <point>
      <x>0.515</x>
      <y>0.715</y>
      <w>0.59237534</w>
      <t>5267</t>
    </point>
    <point>
      <x>0.5133333</x>
      <y>0.715</y>
      <w>0.59237534</w>
      <t>5267</t>
    </point>
    <point>
      <x>0.5133333</x>
      <y>0.71666664</y>
      <w>0.59237534</w>
      <t>5267</t>
    </point>
    <point>
      <x>0.51166666</x>
      <y>0.7183333</y>
      <w>0.59433043</w>
      <t>5300</t>
    </point>
    <point>
      <x>0.51</x>
      <y>0.72</y>
      <w>0.59433043</w>
      <t>5300</t>
    </point>
    <point>
      <x>0.5083333</x>
      <y>0.7216667</y>
      <w>0.59433043</w>
      <t>5300</t>
    </point>
    <point>
      <x>0.5083333</x>
      <y>0.72333336</y>
      <w>0.59433043</w>
      <t>5300</t>
    </point>
    <point>
      <x>0.50666666</x>
      <y>0.725</y>
      <w>0.5982405</w>
      <t>5333</t>
    </point>
    <point>
      <x>0.505</x>
      <y>0.7266667</y>
      <w>0.5982405</w>
      <t>5333</t>
    </point>
    <point>
      <x>0.505</x>
      <y>0.72833335</y>
      <w>0.5982405</w>
      <t>5333</t>
    </point>
    <point>
      <x>0.50333333</x>
      <y>0.73</y>
      <w>0.5982405</w>
      <t>5333</t>
    </point>
    <point>
      <x>0.50333333</x>
      <y>0.7316667</y>
      <w>0.599218</w>
      <t>5367</t>
    </point>
    <point>
      <x>0.50166667</x>
      <y>0.7316667</y>
      <w>0.599218</w>
      <t>5367</t>
    </point>
    <point>
      <x>0.50166667</x>
      <y>0.73333335</y>
      <w>0.599218</w>
      <t>5367</t>
    </point>
    <point>
      <x>0.5</x>
      <y>0.735</y>
      <w>0.599218</w>
      <t>5367</t>
    </point>
    <point>
      <x>0.5</x>
      <y>0.7366667</y>
      <w>0.599218</w>
      <t>5367</t>
    </point>
    <point>
      <x>0.5</x>
      <y>0.73833334</y>
      <w>0.60117304</w>
      <t>5400</t>
    </point>
    <point>
      <x>0.49833333</x>
      <y>0.7416667</y>
      <w>0.60117304</w>
      <t>5400</t>
    </point>
    <point>
      <x>0.49833333</x>
      <y>0.74333334</y>
      <w>0.60117304</w>
      <t>5400</t>
    </point>
    <point>
      <x>0.49833333</x>
      <y>0.745</y>
      <w>0.60117304</w>
      <t>5400</t>
    </point>
    <point>
      <x>0.49833333</x>
      <y>0.74666667</y>
      <w>0.60215056</w>
      <t>5434</t>
    </point>
    <point>
      <x>0.49833333</x>
      <y>0.74833333</y>
      <w>0.60215056</w>
      <t>5434</t>
    </point>
    <point>
      <x>0.49833333</x>
      <y>0.75</y>
      <w>0.60215056</w>
      <t>5434</t>
    </point>
    <point>
      <x>0.49833333</x>
      <y>0.75166667</y>
      <w>0.6031281</w>
      <t>5466</t>
    </point>
    <point>
      <x>0.49833333</x>
      <y>0.75333333</y>
      <w>0.6031281</w>
      <t>5466</t>
    </point>
    <point>
      <x>0.49833333</x>
      <y>0.755</y>
      <w>0.6031281</w>
      <t>5466</t>
    </point>
    <point>
      <x>0.49833333</x>
      <y>0.75666666</y>
      <w>0.6031281</w>
      <t>5466</t>
    </point>
    <point>
      <x>0.49833333</x>
      <y>0.7583333</y>
      <w>0.6031281</w>
      <t>5500</t>
    </point>
    <point>
      <x>0.49833333</x>
      <y>0.76</y>
      <w>0.6031281</w>
      <t>5500</t>
    </point>
    <point>
      <x>0.49833333</x>
      <y>0.76166666</y>
      <w>0.6031281</w>
      <t>5500</t>
    </point>
    <point>
      <x>0.49833333</x>
      <y>0.7633333</y>
      <w>0.6031281</w>
      <t>5500</t>
    </point>
    <point>
      <x>0.49833333</x>
      <y>0.765</y>
      <w>0.6031281</w>
      <t>5500</t>
    </point>
    <point>
      <x>0.49833333</x>
      <y>0.7683333</y>
      <w>0.6041056</w>
      <t>5533</t>
    </point>
    <point>
      <x>0.49833333</x>
      <y>0.77</y>
      <w>0.6041056</w>
      <t>5533</t>
    </point>
    <point>
      <x>0.49833333</x>
      <y>0.77166665</y>
      <w>0.6041056</w>
      <t>5533</t>
    </point>
    <point>
      <x>0.49833333</x>
      <y>0.775</y>
      <w>0.6041056</w>
      <t>5533</t>
    </point>
    <point>
      <x>0.49833333</x>
      <y>0.77666664</y>
      <w>0.6050831</w>
      <t>5567</t>
    </point>
    <point>
      <x>0.49833333</x>
      <y>0.7783333</y>
      <w>0.6050831</w>
      <t>5567</t>
    </point>
    <point>
      <x>0.49833333</x>
      <y>0.7816667</y>
      <w>0.6050831</w>
      <t>5567</t>
    </point>
    <point>
      <x>0.49833333</x>
      <y>0.78333336</y>
      <w>0.6050831</w>
      <t>5567</t>
    </point>
    <point>
      <x>0.5</x>
      <y>0.785</y>
      <w>0.6050831</w>
      <t>5567</t>
    </point>
    <point>
      <x>0.5</x>
      <y>0.78833336</y>
      <w>0.6041056</w>
      <t>5600</t>
    </point>
    <point>
      <x>0.5</x>
      <y>0.79</y>
      <w>0.6041056</w>
      <t>5600</t>
    </point>
    <point>
      <x>0.50166667</x>
      <y>0.7916667</y>
      <w>0.6041056</w>
      <t>5600</t>
    </point>
    <point>
      <x>0.50166667</x>
      <y>0.795</y>
      <w>0.6041056</w>
      <t>5600</t>
    </point>
    <point>
      <x>0.50333333</x>
      <y>0.7966667</y>
      <w>0.6041056</w>
      <t>5633</t>
    </point>
    <point>
      <x>0.50333333</x>
      <y>0.79833335</y>
      <w>0.6041056</w>
      <t>5633</t>
    </point>
    <point>
      <x>0.505</x>
      <y>0.8016667</y>
      <w>0.6041056</w>
      <t>5633</t>
    </point>
    <point>
      <x>0.505</x>
      <y>0.80333334</y>
      <w>0.6041056</w>
      <t>5633</t>
    </point>
    <point>
      <x>0.50666666</x>
      <y>0.8066667</y>
      <w>0.6041056</w>
      <t>5633</t>
    </point>
    <point>
      <x>0.5083333</x>
      <y>0.80833334</y>
      <w>0.6041056</w>
      <t>5667</t>
    </point>
    <point>
      <x>0.5083333</x>
      <y>0.81166667</y>
      <w>0.6041056</w>
      <t>5667</t>
    </point>
    <point>
      <x>0.51</x>
      <y>0.81333333</y>
      <w>0.6041056</w>
      <t>5667</t>
    </point>
    <point>
      <x>0.51166666</x>
      <y>0.81666666</y>
      <w>0.6041056</w>
      <t>5667</t>
    </point>
    <point>
      <x>0.51166666</x>
      <y>0.8183333</y>
      <w>0.6031281</w>
      <t>5699</t>
    </point>
    <point>
      <x>0.5133333</x>
      <y>0.82</y>
      <w>0.6031281</w>
      <t>5699</t>
    </point>
    <point>
      <x>0.515</x>
      <y>0.8233333</y>
      <w>0.6031281</w>
      <t>5699</t>
    </point>
    <point>
      <x>0.51666665</x>
      <y>0.825</y>
      <w>0.6031281</w>
      <t>5699</t>
    </point>
    <point>
      <x>0.5183333</x>
      <y>0.8283333</y>
      <w>0.60215056</w>
      <t>5734</t>
    </point>
    <point>
      <x>0.52</x>
      <y>0.83</y>
      <w>0.60215056</w>
      <t>5734</t>
    </point>
    <point>
      <x>0.52</x>
      <y>0.8333333</y>
      <w>0.60215056</w>
      <t>5734</t>
    </point>
    <point>
      <x>0.52166665</x>
      <y>0.835</y>
      <w>0.60215056</w>
      <t>5734</t>
    </point>
    <point>
      <x>0.5233333</x>
      <y>0.8383333</y>
      <w>0.60215056</w>
      <t>5734</t>
    </point>
    <point>
      <x>0.525</x>
      <y>0.84</y>
      <w>0.5982405</w>
      <t>5766</t>
    </point>
    <point>
      <x>0.52666664</x>
      <y>0.8433333</y>
      <w>0.5982405</w>
      <t>5766</t>
    </point>
    <point>
      <x>0.5283333</x>
      <y>0.845</y>
      <w>0.5982405</w>
      <t>5766</t>
    </point>
    <point>
      <x>0.53</x>
      <y>0.84833336</y>
      <w>0.5982405</w>
      <t>5766</t>
    </point>
    <point>
      <x>0.5316667</x>
      <y>0.85</y>
      <w>0.59237534</w>
      <t>5800</t>
    </point>
    <point>
      <x>0.53333336</x>
      <y>0.8516667</y>
      <w>0.59237534</w>
      <t>5800</t>
    </point>
    <point>
      <x>0.53333336</x>
      <y>0.855</y>
      <w>0.59237534</w>
      <t>5800</t>
    </point>
    <point>
      <x>0.535</x>
      <y>0.8566667</y>
      <w>0.59237534</w>
      <t>5800</t>
    </point>
    <point>
      <x>0.5366667</x>
      <y>0.85833335</y>
      <w>0.59237534</w>
      <t>5800</t>
    </point>
    <point>
      <x>0.53833336</x>
      <y>0.8616667</y>
      <w>0.57478005</w>
      <t>5834</t>
    </point>
    <point>
      <x>0.53833336</x>
      <y>0.86333334</y>
      <w>0.57478005</w>
      <t>5834</t>
    </point>
    <point>
      <x>0.54</x>
      <y>0.86333334</y>
      <w>0.57478005</w>
      <t>5834</t>
    </point>
    <point>
      <x>0.54</x>
      <y>0.865</y>
      <w>0.57478005</w>
      <t>5834</t>
    </point>
    <point>
      <x>0.5416667</x>
      <y>0.8666667</y>
      <w>0.52981424</w>
      <t>5867</t>
    </point>
  </stroke>
</character>
