<?xml version="1.0" encoding="UTF-8"?>
<character>
  <stroke time="0">
    <point>
      <x>0.30666667</x>
      <y>0.425</y>
      <w>0.40664712</w>
      <t>70</t>
    </point>
    <point>
      <x>0.30666667</x>
      <y>0.42666668</y>
      <w>0.4565005</w>
      <t>100</t>
    </point>
    <point>
      <x>0.30833334</x>
      <y>0.43</y>
      <w>0.4565005</w>
      <t>100</t>
    </point>
    <point>
      <x>0.30833334</x>
      <y>0.43166667</y>
      <w>0.4565005</w>
      <t>100</t>
    </point>
    <point>
      <x>0.31</x>
      <y>0.43333334</y>
      <w>0.51124144</w>
      <t>133</t>
    </point>
    <point>
      <x>0.31166667</x>
      <y>0.43666667</y>
      <w>0.51124144</w>
      <t>133</t>
    </point>
    <point>
      <x>0.31333333</x>
      <y>0.43833333</y>
      <w>0.51124144</w>
      <t>133</t>
    </point>
    <point>
      <x>0.31333333</x>
      <y>0.44</y>
      <w>0.51124144</w>
      <t>134</t>
    </point>
    <point>
      <x>0.315</x>
      <y>0.44166666</y>
      <w>0.51124144</w>
      <t>134</t>
    </point>
    <point>
      <x>0.31666666</x>
      <y>0.44333333</y>
      <w>0.5483871</w>
      <t>166</t>
    </point>
    <point>
      <x>0.31833333</x>
      <y>0.445</y>
      <w>0.5483871</w>
      <t>166</t>
    </point>
    <point>
      <x>0.32</x>
      <y>0.44833332</y>
      <w>0.5483871</w>
      <t>166</t>
    </point>
    <point>
      <x>0.32333332</x>
      <y>0.45</y>
      <w>0.5483871</w>
      <t>167</t>
    </point>
    <point>
      <x>0.325</x>
      <y>0.45166665</y>
      <w>0.61290324</w>
      <t>200</t>
    </point>
    <point>
      <x>0.32833335</x>
      <y>0.455</y>
      <w>0.61290324</w>
      <t>200</t>
    </point>
    <point>
      <x>0.33333334</x>
      <y>0.46</y>
      <w>0.61290324</w>
      <t>200</t>
    </point>
    <point>
      <x>0.33666667</x>
      <y>0.465</y>
      <w>0.61290324</w>
      <t>201</t>
    </point>
    <point>
      <x>0.34166667</x>
      <y>0.47</y>
      <w>0.61290324</w>
      <t>201</t>
    </point>
    <point>
      <x>0.34666666</x>
      <y>0.475</y>
      <w>0.64320624</w>
      <t>233</t>
    </point>
    <point>
      <x>0.35166666</x>
      <y>0.48</y>
      <w>0.64320624</w>
      <t>235</t>
    </point>
    <point>
      <x>0.35666665</x>
      <y>0.48333332</y>
      <w>0.65004885</w>
      <t>235</t>
    </point>
    <point>
      <x>0.36166668</x>
      <y>0.48666668</y>
      <w>0.65004885</w>
      <t>235</t>
    </point>
    <point>
      <x>0.365</x>
      <y>0.48833334</y>
      <w>0.65591395</w>
      <t>266</t>
    </point>
    <point>
      <x>0.36833334</x>
      <y>0.49</y>
      <w>0.65591395</w>
      <t>266</t>
    </point>
    <point>
      <x>0.37166667</x>
      <y>0.49166667</y>
      <w>0.65591395</w>
      <t>266</t>
    </point>
    <point>
      <x>0.37333333</x>
      <y>0.49166667</y>
      <w>0.65591395</w>
      <t>267</t>
    </point>
    <point>
      <x>0.375</x>
      <y>0.49166667</y>
      <w>0.6608016</w>
      <t>300</t>
    </point>
    <point>
      <x>0.37666667</x>
      <y>0.49166667</y>
      <w>0.6608016</w>
      <t>300</t>
    </point>
    <point>
      <x>0.37666667</x>
      <y>0.49333334</y>
      <w>0.6608016</w>
      <t>300</t>
    </point>
    <point>
      <x>0.37833333</x>
      <y>0.49333334</y>
      <w>0.6608016</w>
      <t>301</t>
    </point>
    <point>
      <x>0.38166666</x>
      <y>0.49166667</y>
      <w>0.0</w>
      <t>366</t>
    </point>
    <point>
      <x>0.38333333</x>
      <y>0.48666668</y>
      <w>0.0</w>
      <t>366</t>
    </point>
  </stroke>
  <stroke time="833">
    <point>
      <x>0.46</x>
      <y>0.22666667</y>
      <w>0.42619747</w>
      <t>900</t>
    </point>
    <point>
      <x>0.46</x>
      <y>0.22833334</y>
      <w>0.42619747</w>
      <t>900</t>
    </point>
    <point>
      <x>0.46166667</x>
      <y>0.22833334</y>
      <w>0.5034213</w>
      <t>933</t>
    </point>
    <point>
      <x>0.46333334</x>
      <y>0.23</y>
      <w>0.5034213</w>
      <t>933</t>
    </point>
    <point>
      <x>0.465</x>
      <y>0.23</y>
      <w>0.5034213</w>
      <t>933</t>
    </point>
    <point>
      <x>0.46833333</x>
      <y>0.23166667</y>
      <w>0.5034213</w>
      <t>933</t>
    </point>
    <point>
      <x>0.47166666</x>
      <y>0.23333333</y>
      <w>0.54447705</w>
      <t>966</t>
    </point>
    <point>
      <x>0.475</x>
      <y>0.235</y>
      <w>0.54447705</w>
      <t>966</t>
    </point>
    <point>
      <x>0.47833332</x>
      <y>0.235</y>
      <w>0.54447705</w>
      <t>966</t>
    </point>
    <point>
      <x>0.48333332</x>
      <y>0.23666666</y>
      <w>0.54447705</w>
      <t>967</t>
    </point>
    <point>
      <x>0.48833334</x>
      <y>0.24</y>
      <w>0.5718475</w>
      <t>999</t>
    </point>
    <point>
      <x>0.49333334</x>
      <y>0.24166666</y>
      <w>0.5718475</w>
      <t>999</t>
    </point>
    <point>
      <x>0.49833333</x>
      <y>0.24333334</y>
      <w>0.5718475</w>
      <t>999</t>
    </point>
    <point>
      <x>0.50333333</x>
      <y>0.245</y>
      <w>0.5718475</w>
      <t>1000</t>
    </point>
    <point>
      <x>0.5083333</x>
      <y>0.24666667</y>
      <w>0.5835777</w>
      <t>1033</t>
    </point>
    <point>
      <x>0.5133333</x>
      <y>0.25</y>
      <w>0.5835777</w>
      <t>1033</t>
    </point>
    <point>
      <x>0.51666665</x>
      <y>0.25</y>
      <w>0.5835777</w>
      <t>1033</t>
    </point>
    <point>
      <x>0.52</x>
      <y>0.25166667</y>
      <w>0.5835777</w>
      <t>1033</t>
    </point>
    <point>
      <x>0.5233333</x>
      <y>0.25333333</y>
      <w>0.5835777</w>
      <t>1034</t>
    </point>
    <point>
      <x>0.52666664</x>
      <y>0.255</y>
      <w>0.6060606</w>
      <t>1066</t>
    </point>
    <point>
      <x>0.53</x>
      <y>0.25666666</y>
      <w>0.6060606</w>
      <t>1066</t>
    </point>
    <point>
      <x>0.53333336</x>
      <y>0.25833333</y>
      <w>0.6060606</w>
      <t>1066</t>
    </point>
    <point>
      <x>0.5366667</x>
      <y>0.26</y>
      <w>0.6060606</w>
      <t>1066</t>
    </point>
    <point>
      <x>0.54</x>
      <y>0.26</y>
      <w>0.63734114</w>
      <t>1100</t>
    </point>
    <point>
      <x>0.54333335</x>
      <y>0.26166666</y>
      <w>0.63734114</w>
      <t>1100</t>
    </point>
    <point>
      <x>0.5466667</x>
      <y>0.26333332</y>
      <w>0.63734114</w>
      <t>1100</t>
    </point>
    <point>
      <x>0.54833335</x>
      <y>0.265</y>
      <w>0.63734114</w>
      <t>1100</t>
    </point>
    <point>
      <x>0.5516667</x>
      <y>0.26666668</y>
      <w>0.63734114</w>
      <t>1101</t>
    </point>
    <point>
      <x>0.555</x>
      <y>0.26833335</y>
      <w>0.64320624</w>
      <t>1133</t>
    </point>
    <point>
      <x>0.5566667</x>
      <y>0.27</y>
      <w>0.64320624</w>
      <t>1133</t>
    </point>
    <point>
      <x>0.56</x>
      <y>0.27</y>
      <w>0.64320624</w>
      <t>1133</t>
    </point>
    <point>
      <x>0.56166667</x>
      <y>0.27166668</y>
      <w>0.64320624</w>
      <t>1133</t>
    </point>
    <point>
      <x>0.56333333</x>
      <y>0.27333334</y>
      <w>0.65102637</w>
      <t>1166</t>
    </point>
    <point>
      <x>0.565</x>
      <y>0.275</y>
      <w>0.65102637</w>
      <t>1166</t>
    </point>
    <point>
      <x>0.56666666</x>
      <y>0.275</y>
      <w>0.65102637</w>
      <t>1166</t>
    </point>
    <point>
      <x>0.5683333</x>
      <y>0.27666667</y>
      <w>0.65102637</w>
      <t>1166</t>
    </point>
    <point>
      <x>0.57</x>
      <y>0.27833334</y>
      <w>0.6568915</w>
      <t>1200</t>
    </point>
    <point>
      <x>0.57</x>
      <y>0.28</y>
      <w>0.6568915</w>
      <t>1200</t>
    </point>
    <point>
      <x>0.57</x>
      <y>0.28166667</y>
      <w>0.6813294</w>
      <t>1233</t>
    </point>
    <point>
      <x>0.57</x>
      <y>0.285</y>
      <w>0.6813294</w>
      <t>1233</t>
    </point>
    <point>
      <x>0.57</x>
      <y>0.28666666</y>
      <w>0.6813294</w>
      <t>1233</t>
    </point>
    <point>
      <x>0.57</x>
      <y>0.29</y>
      <w>0.6813294</w>
      <t>1233</t>
    </point>
    <point>
      <x>0.5683333</x>
      <y>0.295</y>
      <w>0.70087975</w>
      <t>1266</t>
    </point>
    <point>
      <x>0.5683333</x>
      <y>0.3</y>
      <w>0.70087975</w>
      <t>1266</t>
    </point>
    <point>
      <x>0.565</x>
      <y>0.305</y>
      <w>0.70087975</w>
      <t>1266</t>
    </point>
    <point>
      <x>0.56333333</x>
      <y>0.31</y>
      <w>0.70087975</w>
      <t>1266</t>
    </point>
    <point>
      <x>0.56166667</x>
      <y>0.31666666</y>
      <w>0.7028348</w>
      <t>1300</t>
    </point>
    <point>
      <x>0.55833334</x>
      <y>0.32333332</y>
      <w>0.7028348</w>
      <t>1300</t>
    </point>
    <point>
      <x>0.5566667</x>
      <y>0.33</y>
      <w>0.7028348</w>
      <t>1300</t>
    </point>
    <point>
      <x>0.55333334</x>
      <y>0.33666667</y>
      <w>0.7028348</w>
      <t>1302</t>
    </point>
    <point>
      <x>0.5516667</x>
      <y>0.34166667</y>
      <w>0.7028348</w>
      <t>1302</t>
    </point>
    <point>
      <x>0.54833335</x>
      <y>0.34833333</y>
      <w>0.7038123</w>
      <t>1333</t>
    </point>
    <point>
      <x>0.545</x>
      <y>0.35666665</y>
      <w>0.7038123</w>
      <t>1335</t>
    </point>
    <point>
      <x>0.5416667</x>
      <y>0.365</y>
      <w>0.7038123</w>
      <t>1335</t>
    </point>
    <point>
      <x>0.5366667</x>
      <y>0.37333333</y>
      <w>0.7038123</w>
      <t>1335</t>
    </point>
    <point>
      <x>0.53333336</x>
      <y>0.38333333</y>
      <w>0.7047898</w>
      <t>1367</t>
    </point>
    <point>
      <x>0.5283333</x>
      <y>0.39166668</y>
      <w>0.7047898</w>
      <t>1367</t>
    </point>
    <point>
      <x>0.525</x>
      <y>0.4</y>
      <w>0.7047898</w>
      <t>1367</t>
    </point>
    <point>
      <x>0.52166665</x>
      <y>0.41</y>
      <w>0.7047898</w>
      <t>1367</t>
    </point>
    <point>
      <x>0.51666665</x>
      <y>0.41833332</y>
      <w>0.70576733</w>
      <t>1400</t>
    </point>
    <point>
      <x>0.51166666</x>
      <y>0.42666668</y>
      <w>0.70576733</w>
      <t>1400</t>
    </point>
    <point>
      <x>0.50666666</x>
      <y>0.43666667</y>
      <w>0.70576733</w>
      <t>1400</t>
    </point>
    <point>
      <x>0.50166667</x>
      <y>0.445</y>
      <w>0.70576733</w>
      <t>1400</t>
    </point>
    <point>
      <x>0.495</x>
      <y>0.455</y>
      <w>0.70576733</w>
      <t>1400</t>
    </point>
    <point>
      <x>0.49</x>
      <y>0.46333334</y>
      <w>0.7047898</w>
      <t>1433</t>
    </point>
    <point>
      <x>0.48333332</x>
      <y>0.47333333</y>
      <w>0.7047898</w>
      <t>1433</t>
    </point>
    <point>
      <x>0.47833332</x>
      <y>0.48333332</y>
      <w>0.7047898</w>
      <t>1433</t>
    </point>
    <point>
      <x>0.47166666</x>
      <y>0.49166667</y>
      <w>0.7047898</w>
      <t>1433</t>
    </point>
    <point>
      <x>0.46666667</x>
      <y>0.5</y>
      <w>0.7047898</w>
      <t>1466</t>
    </point>
    <point>
      <x>0.46</x>
      <y>0.51</y>
      <w>0.7047898</w>
      <t>1466</t>
    </point>
    <point>
      <x>0.45166665</x>
      <y>0.52</y>
      <w>0.7047898</w>
      <t>1466</t>
    </point>
    <point>
      <x>0.445</x>
      <y>0.53</y>
      <w>0.7047898</w>
      <t>1466</t>
    </point>
    <point>
      <x>0.435</x>
      <y>0.54</y>
      <w>0.69990224</w>
      <t>1500</t>
    </point>
    <point>
      <x>0.42666668</x>
      <y>0.55</y>
      <w>0.69990224</w>
      <t>1500</t>
    </point>
    <point>
      <x>0.41666666</x>
      <y>0.56</y>
      <w>0.69990224</w>
      <t>1500</t>
    </point>
    <point>
      <x>0.40833333</x>
      <y>0.57</y>
      <w>0.69990224</w>
      <t>1500</t>
    </point>
    <point>
      <x>0.39833334</x>
      <y>0.5783333</y>
      <w>0.69990224</w>
      <t>1500</t>
    </point>
    <point>
      <x>0.38833332</x>
      <y>0.5883333</y>
      <w>0.6959922</w>
      <t>1533</t>
    </point>
    <point>
      <x>0.37833333</x>
      <y>0.5966667</y>
      <w>0.6959922</w>
      <t>1533</t>
    </point>
    <point>
      <x>0.37</x>
      <y>0.605</y>
      <w>0.6959922</w>
      <t>1533</t>
    </point>
    <point>
      <x>0.36</x>
      <y>0.61333334</y>
      <w>0.6959922</w>
      <t>1533</t>
    </point>
    <point>
      <x>0.35</x>
      <y>0.62166667</y>
      <w>0.6959922</w>
      <t>1533</t>
    </point>
    <point>
      <x>0.34</x>
      <y>0.63</y>
      <w>0.6930596</w>
      <t>1566</t>
    </point>
    <point>
      <x>0.33</x>
      <y>0.63666666</y>
      <w>0.6930596</w>
      <t>1566</t>
    </point>
    <point>
      <x>0.32166666</x>
      <y>0.6433333</y>
      <w>0.6930596</w>
      <t>1566</t>
    </point>
    <point>
      <x>0.31166667</x>
      <y>0.6483333</y>
      <w>0.6930596</w>
      <t>1566</t>
    </point>
    <point>
      <x>0.30333334</x>
      <y>0.6533333</y>
      <w>0.67741936</w>
      <t>1600</t>
    </point>
    <point>
      <x>0.29666665</x>
      <y>0.65833336</y>
      <w>0.67741936</w>
      <t>1600</t>
    </point>
    <point>
      <x>0.28833333</x>
      <y>0.6616667</y>
      <w>0.67741936</w>
      <t>1600</t>
    </point>
    <point>
      <x>0.28166667</x>
      <y>0.66333336</y>
      <w>0.67741936</w>
      <t>1600</t>
    </point>
    <point>
      <x>0.275</x>
      <y>0.665</y>
      <w>0.6461388</w>
      <t>1633</t>
    </point>
    <point>
      <x>0.26833335</x>
      <y>0.6666667</y>
      <w>0.6461388</w>
      <t>1633</t>
    </point>
    <point>
      <x>0.26166666</x>
      <y>0.66833335</y>
      <w>0.6461388</w>
      <t>1633</t>
    </point>
    <point>
      <x>0.255</x>
      <y>0.66833335</y>
      <w>0.6461388</w>
      <t>1634</t>
    </point>
    <point>
      <x>0.25</x>
      <y>0.66833335</y>
      <w>0.6461388</w>
      <t>1634</t>
    </point>
    <point>
      <x>0.24333334</x>
      <y>0.66833335</y>
      <w>0.597263</w>
      <t>1666</t>
    </point>
    <point>
      <x>0.23833333</x>
      <y>0.66833335</y>
      <w>0.597263</w>
      <t>1666</t>
    </point>
    <point>
      <x>0.23333333</x>
      <y>0.66833335</y>
      <w>0.597263</w>
      <t>1666</t>
    </point>
    <point>
      <x>0.22833334</x>
      <y>0.6666667</y>
      <w>0.597263</w>
      <t>1666</t>
    </point>
    <point>
      <x>0.225</x>
      <y>0.665</y>
      <w>0.5591398</w>
      <t>1700</t>
    </point>
    <point>
      <x>0.22166666</x>
      <y>0.66333336</y>
      <w>0.5591398</w>
      <t>1700</t>
    </point>
    <point>
      <x>0.21833333</x>
      <y>0.66</y>
      <w>0.5591398</w>
      <t>1700</t>
    </point>
    <point>
      <x>0.215</x>
      <y>0.65833336</y>
      <w>0.5591398</w>
      <t>1700</t>
    </point>
    <point>
      <x>0.21333334</x>
      <y>0.655</y>
      <w>0.5591398</w>
      <t>1700</t>
    </point>
    <point>
      <x>0.21</x>
      <y>0.65166664</y>
      <w>0.5483871</w>
      <t>1733</t>
    </point>
    <point>
      <x>0.20833333</x>
      <y>0.6483333</y>
      <w>0.5483871</w>
      <t>1733</t>
    </point>
    <point>
      <x>0.20666666</x>
      <y>0.645</y>
      <w>0.5483871</w>
      <t>1733</t>
    </point>
    <point>
      <x>0.205</x>
      <y>0.64166665</y>
      <w>0.5483871</w>
      <t>1733</t>
    </point>
    <point>
      <x>0.20333333</x>
      <y>0.63666666</y>
      <w>0.53372437</w>
      <t>1766</t>
    </point>
    <point>
      <x>0.20333333</x>
      <y>0.6333333</y>
      <w>0.53372437</w>
      <t>1766</t>
    </point>
    <point>
      <x>0.20333333</x>
      <y>0.62833333</y>
      <w>0.53372437</w>
      <t>1766</t>
    </point>
    <point>
      <x>0.20333333</x>
      <y>0.62333333</y>
      <w>0.53372437</w>
      <t>1766</t>
    </point>
    <point>
      <x>0.20333333</x>
      <y>0.6166667</y>
      <w>0.5278592</w>
      <t>1800</t>
    </point>
    <point>
      <x>0.205</x>
      <y>0.6116667</y>
      <w>0.5278592</w>
      <t>1800</t>
    </point>
    <point>
      <x>0.20833333</x>
      <y>0.605</y>
      <w>0.5278592</w>
      <t>1800</t>
    </point>
    <point>
      <x>0.21166667</x>
      <y>0.59833336</y>
      <w>0.5278592</w>
      <t>1800</t>
    </point>
    <point>
      <x>0.21666667</x>
      <y>0.59166664</y>
      <w>0.5278592</w>
      <t>1800</t>
    </point>
    <point>
      <x>0.22166666</x>
      <y>0.5833333</y>
      <w>0.5259042</w>
      <t>1833</t>
    </point>
    <point>
      <x>0.22666667</x>
      <y>0.57666665</y>
      <w>0.5259042</w>
      <t>1833</t>
    </point>
    <point>
      <x>0.23166667</x>
      <y>0.5683333</y>
      <w>0.5259042</w>
      <t>1833</t>
    </point>
    <point>
      <x>0.23833333</x>
      <y>0.56166667</y>
      <w>0.5259042</w>
      <t>1833</t>
    </point>
    <point>
      <x>0.245</x>
      <y>0.55333334</y>
      <w>0.5259042</w>
      <t>1833</t>
    </point>
    <point>
      <x>0.25166667</x>
      <y>0.5466667</y>
      <w>0.52492666</w>
      <t>1866</t>
    </point>
    <point>
      <x>0.26</x>
      <y>0.54</y>
      <w>0.52492666</w>
      <t>1866</t>
    </point>
    <point>
      <x>0.26833335</x>
      <y>0.53333336</y>
      <w>0.52492666</w>
      <t>1866</t>
    </point>
    <point>
      <x>0.27666667</x>
      <y>0.52666664</y>
      <w>0.52492666</w>
      <t>1866</t>
    </point>
    <point>
      <x>0.28666666</x>
      <y>0.52166665</y>
      <w>0.53763443</w>
      <t>1899</t>
    </point>
    <point>
      <x>0.29666665</x>
      <y>0.5133333</y>
      <w>0.53763443</w>
      <t>1899</t>
    </point>
    <point>
      <x>0.30666667</x>
      <y>0.50666666</y>
      <w>0.53763443</w>
      <t>1899</t>
    </point>
    <point>
      <x>0.31833333</x>
      <y>0.5</y>
      <w>0.53763443</w>
      <t>1899</t>
    </point>
    <point>
      <x>0.33</x>
      <y>0.49333334</y>
      <w>0.56207234</w>
      <t>1933</t>
    </point>
    <point>
      <x>0.34166667</x>
      <y>0.48833334</y>
      <w>0.56207234</w>
      <t>1933</t>
    </point>
    <point>
      <x>0.355</x>
      <y>0.48166665</y>
      <w>0.56207234</w>
      <t>1933</t>
    </point>
    <point>
      <x>0.36666667</x>
      <y>0.475</y>
      <w>0.56207234</w>
      <t>1933</t>
    </point>
    <point>
      <x>0.38</x>
      <y>0.46833333</y>
      <w>0.56207234</w>
      <t>1933</t>
    </point>
    <point>
      <x>0.39166668</x>
      <y>0.46166667</y>
      <w>0.58162266</w>
      <t>1966</t>
    </point>
    <point>
      <x>0.405</x>
      <y>0.455</y>
      <w>0.58162266</w>
      <t>1966</t>
    </point>
    <point>
      <x>0.41666666</x>
      <y>0.45166665</y>
      <w>0.58162266</w>
      <t>1966</t>
    </point>
    <point>
      <x>0.42833334</x>
      <y>0.44666666</y>
      <w>0.58162266</w>
      <t>1966</t>
    </point>
    <point>
      <x>0.44</x>
      <y>0.44333333</y>
      <w>0.59628546</w>
      <t>2000</t>
    </point>
    <point>
      <x>0.45166665</x>
      <y>0.43833333</y>
      <w>0.59628546</w>
      <t>2000</t>
    </point>
    <point>
      <x>0.465</x>
      <y>0.435</y>
      <w>0.59628546</w>
      <t>2000</t>
    </point>
    <point>
      <x>0.47666666</x>
      <y>0.43166667</y>
      <w>0.59628546</w>
      <t>2000</t>
    </point>
    <point>
      <x>0.49</x>
      <y>0.42833334</y>
      <w>0.59628546</w>
      <t>2000</t>
    </point>
    <point>
      <x>0.50333333</x>
      <y>0.42666668</y>
      <w>0.60801566</w>
      <t>2033</t>
    </point>
    <point>
      <x>0.51666665</x>
      <y>0.42333335</y>
      <w>0.60801566</w>
      <t>2033</t>
    </point>
    <point>
      <x>0.53</x>
      <y>0.42166665</y>
      <w>0.60801566</w>
      <t>2033</t>
    </point>
    <point>
      <x>0.5416667</x>
      <y>0.42166665</y>
      <w>0.60801566</w>
      <t>2033</t>
    </point>
    <point>
      <x>0.555</x>
      <y>0.42</y>
      <w>0.6158358</w>
      <t>2066</t>
    </point>
    <point>
      <x>0.565</x>
      <y>0.42</y>
      <w>0.6158358</w>
      <t>2066</t>
    </point>
    <point>
      <x>0.57666665</x>
      <y>0.42</y>
      <w>0.6158358</w>
      <t>2066</t>
    </point>
    <point>
      <x>0.5883333</x>
      <y>0.42</y>
      <w>0.6158358</w>
      <t>2066</t>
    </point>
    <point>
      <x>0.59833336</x>
      <y>0.42</y>
      <w>0.62463343</w>
      <t>2100</t>
    </point>
    <point>
      <x>0.60833335</x>
      <y>0.42</y>
      <w>0.62463343</w>
      <t>2100</t>
    </point>
    <point>
      <x>0.61833334</x>
      <y>0.42</y>
      <w>0.62463343</w>
      <t>2100</t>
    </point>
    <point>
      <x>0.62666667</x>
      <y>0.42</y>
      <w>0.62463343</w>
      <t>2100</t>
    </point>
    <point>
      <x>0.63666666</x>
      <y>0.42166665</y>
      <w>0.62463343</w>
      <t>2100</t>
    </point>
    <point>
      <x>0.645</x>
      <y>0.425</y>
      <w>0.6344086</w>
      <t>2133</t>
    </point>
    <point>
      <x>0.6533333</x>
      <y>0.42833334</y>
      <w>0.6344086</w>
      <t>2133</t>
    </point>
    <point>
      <x>0.66</x>
      <y>0.43</y>
      <w>0.6344086</w>
      <t>2133</t>
    </point>
    <point>
      <x>0.6666667</x>
      <y>0.43333334</y>
      <w>0.6344086</w>
      <t>2133</t>
    </point>
    <point>
      <x>0.67333335</x>
      <y>0.43833333</y>
      <w>0.6344086</w>
      <t>2133</t>
    </point>
    <point>
      <x>0.68</x>
      <y>0.44166666</y>
      <w>0.6568915</w>
      <t>2166</t>
    </point>
    <point>
      <x>0.685</x>
      <y>0.445</y>
      <w>0.6568915</w>
      <t>2166</t>
    </point>
    <point>
      <x>0.69166666</x>
      <y>0.45</y>
      <w>0.6568915</w>
      <t>2166</t>
    </point>
    <point>
      <x>0.69666666</x>
      <y>0.45333335</y>
      <w>0.6568915</w>
      <t>2166</t>
    </point>
    <point>
      <x>0.70166665</x>
      <y>0.46</y>
      <w>0.6793744</w>
      <t>2200</t>
    </point>
    <point>
      <x>0.70666665</x>
      <y>0.465</y>
      <w>0.6793744</w>
      <t>2200</t>
    </point>
    <point>
      <x>0.71</x>
      <y>0.47166666</y>
      <w>0.6793744</w>
      <t>2200</t>
    </point>
    <point>
      <x>0.7133333</x>
      <y>0.47833332</y>
      <w>0.6793744</w>
      <t>2200</t>
    </point>
    <point>
      <x>0.71666664</x>
      <y>0.48666668</y>
      <w>0.69501466</w>
      <t>2233</t>
    </point>
    <point>
      <x>0.72</x>
      <y>0.49166667</y>
      <w>0.69501466</w>
      <t>2233</t>
    </point>
    <point>
      <x>0.7216667</x>
      <y>0.49833333</y>
      <w>0.69501466</w>
      <t>2233</t>
    </point>
    <point>
      <x>0.72333336</x>
      <y>0.505</y>
      <w>0.69501466</w>
      <t>2233</t>
    </point>
    <point>
      <x>0.725</x>
      <y>0.51</y>
      <w>0.69501466</w>
      <t>2233</t>
    </point>
    <point>
      <x>0.725</x>
      <y>0.51666665</y>
      <w>0.70576733</w>
      <t>2266</t>
    </point>
    <point>
      <x>0.7266667</x>
      <y>0.52166665</y>
      <w>0.70576733</w>
      <t>2266</t>
    </point>
    <point>
      <x>0.7266667</x>
      <y>0.52666664</y>
      <w>0.70576733</w>
      <t>2266</t>
    </point>
    <point>
      <x>0.7266667</x>
      <y>0.5316667</y>
      <w>0.70576733</w>
      <t>2266</t>
    </point>
    <point>
      <x>0.7266667</x>
      <y>0.5366667</y>
      <w>0.71260995</w>
      <t>2300</t>
    </point>
    <point>
      <x>0.7266667</x>
      <y>0.54333335</y>
      <w>0.71260995</w>
      <t>2300</t>
    </point>
    <point>
      <x>0.7266667</x>
      <y>0.55</y>
      <w>0.71260995</w>
      <t>2300</t>
    </point>
    <point>
      <x>0.7266667</x>
      <y>0.555</y>
      <w>0.71260995</w>
      <t>2300</t>
    </point>
    <point>
      <x>0.725</x>
      <y>0.56</y>
      <w>0.71260995</w>
      <t>2300</t>
    </point>
    <point>
      <x>0.72333336</x>
      <y>0.56666666</y>
      <w>0.7155425</w>
      <t>2333</t>
    </point>
    <point>
      <x>0.72</x>
      <y>0.57166666</y>
      <w>0.7155425</w>
      <t>2333</t>
    </point>
    <point>
      <x>0.7183333</x>
      <y>0.57666665</y>
      <w>0.7155425</w>
      <t>2333</t>
    </point>
    <point>
      <x>0.715</x>
      <y>0.58</y>
      <w>0.7155425</w>
      <t>2333</t>
    </point>
    <point>
      <x>0.7133333</x>
      <y>0.585</y>
      <w>0.71260995</w>
      <t>2367</t>
    </point>
    <point>
      <x>0.71</x>
      <y>0.5883333</y>
      <w>0.71260995</w>
      <t>2367</t>
    </point>
    <point>
      <x>0.70666665</x>
      <y>0.59166664</y>
      <w>0.71260995</w>
      <t>2367</t>
    </point>
    <point>
      <x>0.70166665</x>
      <y>0.595</y>
      <w>0.71260995</w>
      <t>2367</t>
    </point>
    <point>
      <x>0.69666666</x>
      <y>0.6</y>
      <w>0.71260995</w>
      <t>2367</t>
    </point>
    <point>
      <x>0.69166666</x>
      <y>0.60333335</y>
      <w>0.6813294</w>
      <t>2400</t>
    </point>
    <point>
      <x>0.685</x>
      <y>0.6066667</y>
      <w>0.6813294</w>
      <t>2400</t>
    </point>
    <point>
      <x>0.67833334</x>
      <y>0.61</y>
      <w>0.6813294</w>
      <t>2400</t>
    </point>
    <point>
      <x>0.6716667</x>
      <y>0.615</y>
      <w>0.6813294</w>
      <t>2400</t>
    </point>
    <point>
      <x>0.66333336</x>
      <y>0.6166667</y>
      <w>0.51124144</w>
      <t>2433</t>
    </point>
    <point>
      <x>0.6566667</x>
      <y>0.62</y>
      <w>0.51124144</w>
      <t>2433</t>
    </point>
    <point>
      <x>0.6483333</x>
      <y>0.62333333</y>
      <w>0.51124144</w>
      <t>2433</t>
    </point>
    <point>
      <x>0.64</x>
      <y>0.62666667</y>
      <w>0.51124144</w>
      <t>2433</t>
    </point>
    <point>
      <x>0.6333333</x>
      <y>0.62833333</y>
      <w>0.51124144</w>
      <t>2433</t>
    </point>
    <point>
      <x>0.62666667</x>
      <y>0.63166666</y>
      <w>0.0</w>
      <t>2467</t>
    </point>
    <point>
      <x>0.61833334</x>
      <y>0.6333333</y>
      <w>0.0</w>
      <t>2467</t>
    </point>
  </stroke>
</character>
