<?xml version="1.0" encoding="UTF-8"?>
<character>
  <stroke time="0">
    <point>
      <x>0.35166666</x>
      <y>0.26833335</y>
      <w>0.18963832</w>
      <t>4</t>
    </point>
    <point>
      <x>0.35166666</x>
      <y>0.27</y>
      <w>0.22580644</w>
      <t>5</t>
    </point>
    <point>
      <x>0.35333332</x>
      <y>0.27</y>
      <w>0.22580644</w>
      <t>5</t>
    </point>
    <point>
      <x>0.355</x>
      <y>0.27166668</y>
      <w>0.31867057</w>
      <t>34</t>
    </point>
    <point>
      <x>0.35666665</x>
      <y>0.27166668</y>
      <w>0.31867057</w>
      <t>34</t>
    </point>
    <point>
      <x>0.35833332</x>
      <y>0.27166668</y>
      <w>0.31867057</w>
      <t>34</t>
    </point>
    <point>
      <x>0.36</x>
      <y>0.27333334</y>
      <w>0.31867057</w>
      <t>35</t>
    </point>
    <point>
      <x>0.36166668</x>
      <y>0.27333334</y>
      <w>0.4115347</w>
      <t>67</t>
    </point>
    <point>
      <x>0.36333334</x>
      <y>0.275</y>
      <w>0.4115347</w>
      <t>67</t>
    </point>
    <point>
      <x>0.365</x>
      <y>0.275</y>
      <w>0.4115347</w>
      <t>67</t>
    </point>
    <point>
      <x>0.36666667</x>
      <y>0.27666667</y>
      <w>0.4848485</w>
      <t>100</t>
    </point>
    <point>
      <x>0.36833334</x>
      <y>0.27666667</y>
      <w>0.4848485</w>
      <t>100</t>
    </point>
    <point>
      <x>0.37</x>
      <y>0.27833334</y>
      <w>0.55620724</w>
      <t>133</t>
    </point>
    <point>
      <x>0.37166667</x>
      <y>0.27833334</y>
      <w>0.55620724</w>
      <t>133</t>
    </point>
    <point>
      <x>0.37333333</x>
      <y>0.27833334</y>
      <w>0.55620724</w>
      <t>133</t>
    </point>
    <point>
      <x>0.375</x>
      <y>0.27833334</y>
      <w>0.60703814</w>
      <t>167</t>
    </point>
    <point>
      <x>0.37666667</x>
      <y>0.27833334</y>
      <w>0.60703814</w>
      <t>167</t>
    </point>
    <point>
      <x>0.37833333</x>
      <y>0.27833334</y>
      <w>0.65004885</w>
      <t>200</t>
    </point>
    <point>
      <x>0.38</x>
      <y>0.27833334</y>
      <w>0.65004885</w>
      <t>200</t>
    </point>
    <point>
      <x>0.38166666</x>
      <y>0.27833334</y>
      <w>0.6901271</w>
      <t>234</t>
    </point>
    <point>
      <x>0.38333333</x>
      <y>0.27833334</y>
      <w>0.6901271</w>
      <t>236</t>
    </point>
    <point>
      <x>0.385</x>
      <y>0.27833334</y>
      <w>0.7253177</w>
      <t>266</t>
    </point>
    <point>
      <x>0.38666666</x>
      <y>0.27833334</y>
      <w>0.7253177</w>
      <t>266</t>
    </point>
    <point>
      <x>0.38833332</x>
      <y>0.27833334</y>
      <w>0.7253177</w>
      <t>266</t>
    </point>
    <point>
      <x>0.39</x>
      <y>0.27833334</y>
      <w>0.7370479</w>
      <t>300</t>
    </point>
    <point>
      <x>0.39166668</x>
      <y>0.27833334</y>
      <w>0.7370479</w>
      <t>300</t>
    </point>
    <point>
      <x>0.39333335</x>
      <y>0.27833334</y>
      <w>0.7370479</w>
      <t>300</t>
    </point>
    <point>
      <x>0.395</x>
      <y>0.27833334</y>
      <w>0.742913</w>
      <t>334</t>
    </point>
    <point>
      <x>0.39833334</x>
      <y>0.27833334</y>
      <w>0.742913</w>
      <t>334</t>
    </point>
    <point>
      <x>0.4</x>
      <y>0.27833334</y>
      <w>0.742913</w>
      <t>334</t>
    </point>
    <point>
      <x>0.40166667</x>
      <y>0.27666667</y>
      <w>0.742913</w>
      <t>334</t>
    </point>
    <point>
      <x>0.405</x>
      <y>0.27666667</y>
      <w>0.742913</w>
      <t>335</t>
    </point>
    <point>
      <x>0.40666667</x>
      <y>0.275</y>
      <w>0.7663734</w>
      <t>367</t>
    </point>
    <point>
      <x>0.41</x>
      <y>0.275</y>
      <w>0.7663734</w>
      <t>367</t>
    </point>
    <point>
      <x>0.41166666</x>
      <y>0.27333334</y>
      <w>0.7663734</w>
      <t>367</t>
    </point>
    <point>
      <x>0.415</x>
      <y>0.27333334</y>
      <w>0.7663734</w>
      <t>368</t>
    </point>
    <point>
      <x>0.41833332</x>
      <y>0.27166668</y>
      <w>0.78299123</w>
      <t>400</t>
    </point>
    <point>
      <x>0.42166665</x>
      <y>0.27166668</y>
      <w>0.78299123</w>
      <t>400</t>
    </point>
    <point>
      <x>0.425</x>
      <y>0.27</y>
      <w>0.78299123</w>
      <t>400</t>
    </point>
    <point>
      <x>0.42833334</x>
      <y>0.26833335</y>
      <w>0.78299123</w>
      <t>401</t>
    </point>
    <point>
      <x>0.43166667</x>
      <y>0.26666668</y>
      <w>0.7869013</w>
      <t>433</t>
    </point>
    <point>
      <x>0.435</x>
      <y>0.265</y>
      <w>0.7869013</w>
      <t>433</t>
    </point>
    <point>
      <x>0.43666667</x>
      <y>0.265</y>
      <w>0.7869013</w>
      <t>433</t>
    </point>
    <point>
      <x>0.44</x>
      <y>0.26333332</y>
      <w>0.7869013</w>
      <t>434</t>
    </point>
    <point>
      <x>0.44333333</x>
      <y>0.26166666</y>
      <w>0.7869013</w>
      <t>434</t>
    </point>
    <point>
      <x>0.44666666</x>
      <y>0.26</y>
      <w>0.79081136</w>
      <t>467</t>
    </point>
    <point>
      <x>0.45</x>
      <y>0.25833333</y>
      <w>0.79081136</w>
      <t>467</t>
    </point>
    <point>
      <x>0.45333335</x>
      <y>0.25833333</y>
      <w>0.79081136</w>
      <t>467</t>
    </point>
    <point>
      <x>0.45833334</x>
      <y>0.25666666</y>
      <w>0.79081136</w>
      <t>467</t>
    </point>
    <point>
      <x>0.46333334</x>
      <y>0.255</y>
      <w>0.7927664</w>
      <t>500</t>
    </point>
    <point>
      <x>0.46833333</x>
      <y>0.25333333</y>
      <w>0.7927664</w>
      <t>500</t>
    </point>
    <point>
      <x>0.47333333</x>
      <y>0.25166667</y>
      <w>0.7927664</w>
      <t>500</t>
    </point>
    <point>
      <x>0.47666666</x>
      <y>0.25</y>
      <w>0.7927664</w>
      <t>500</t>
    </point>
    <point>
      <x>0.48166665</x>
      <y>0.24833333</y>
      <w>0.7937439</w>
      <t>501</t>
    </point>
    <point>
      <x>0.48666668</x>
      <y>0.24666667</y>
      <w>0.7917889</w>
      <t>533</t>
    </point>
    <point>
      <x>0.49166667</x>
      <y>0.24666667</y>
      <w>0.7917889</w>
      <t>533</t>
    </point>
    <point>
      <x>0.49666667</x>
      <y>0.245</y>
      <w>0.7917889</w>
      <t>533</t>
    </point>
    <point>
      <x>0.5</x>
      <y>0.24333334</y>
      <w>0.7917889</w>
      <t>534</t>
    </point>
    <point>
      <x>0.505</x>
      <y>0.24166666</y>
      <w>0.79081136</w>
      <t>567</t>
    </point>
    <point>
      <x>0.51166666</x>
      <y>0.24</y>
      <w>0.79081136</w>
      <t>567</t>
    </point>
    <point>
      <x>0.51666665</x>
      <y>0.23833333</y>
      <w>0.79081136</w>
      <t>567</t>
    </point>
    <point>
      <x>0.52166665</x>
      <y>0.23666666</y>
      <w>0.79081136</w>
      <t>567</t>
    </point>
    <point>
      <x>0.52666664</x>
      <y>0.235</y>
      <w>0.79081136</w>
      <t>567</t>
    </point>
    <point>
      <x>0.53333336</x>
      <y>0.23333333</y>
      <w>0.7888563</w>
      <t>600</t>
    </point>
    <point>
      <x>0.53833336</x>
      <y>0.23166667</y>
      <w>0.7888563</w>
      <t>600</t>
    </point>
    <point>
      <x>0.54333335</x>
      <y>0.23166667</y>
      <w>0.7888563</w>
      <t>600</t>
    </point>
    <point>
      <x>0.54833335</x>
      <y>0.23</y>
      <w>0.7888563</w>
      <t>600</t>
    </point>
    <point>
      <x>0.5516667</x>
      <y>0.22833334</y>
      <w>0.78983384</w>
      <t>634</t>
    </point>
    <point>
      <x>0.5566667</x>
      <y>0.22833334</y>
      <w>0.78983384</w>
      <t>634</t>
    </point>
    <point>
      <x>0.56166667</x>
      <y>0.22666667</y>
      <w>0.78983384</w>
      <t>634</t>
    </point>
    <point>
      <x>0.565</x>
      <y>0.22666667</y>
      <w>0.78983384</w>
      <t>634</t>
    </point>
    <point>
      <x>0.5683333</x>
      <y>0.22666667</y>
      <w>0.78983384</w>
      <t>635</t>
    </point>
    <point>
      <x>0.57166666</x>
      <y>0.225</y>
      <w>0.78983384</w>
      <t>667</t>
    </point>
    <point>
      <x>0.575</x>
      <y>0.225</y>
      <w>0.78983384</w>
      <t>667</t>
    </point>
    <point>
      <x>0.5783333</x>
      <y>0.225</y>
      <w>0.78983384</w>
      <t>667</t>
    </point>
    <point>
      <x>0.58166665</x>
      <y>0.225</y>
      <w>0.78983384</w>
      <t>667</t>
    </point>
    <point>
      <x>0.5833333</x>
      <y>0.225</y>
      <w>0.79081136</w>
      <t>700</t>
    </point>
    <point>
      <x>0.58666664</x>
      <y>0.225</y>
      <w>0.79081136</w>
      <t>700</t>
    </point>
    <point>
      <x>0.5883333</x>
      <y>0.225</y>
      <w>0.79081136</w>
      <t>700</t>
    </point>
    <point>
      <x>0.59166664</x>
      <y>0.225</y>
      <w>0.79081136</w>
      <t>700</t>
    </point>
    <point>
      <x>0.595</x>
      <y>0.225</y>
      <w>0.7917889</w>
      <t>733</t>
    </point>
    <point>
      <x>0.5966667</x>
      <y>0.225</y>
      <w>0.7917889</w>
      <t>733</t>
    </point>
    <point>
      <x>0.59833336</x>
      <y>0.225</y>
      <w>0.7917889</w>
      <t>767</t>
    </point>
    <point>
      <x>0.5966667</x>
      <y>0.225</y>
      <w>0.7546432</w>
      <t>967</t>
    </point>
    <point>
      <x>0.595</x>
      <y>0.22666667</y>
      <w>0.7478006</w>
      <t>1001</t>
    </point>
    <point>
      <x>0.5933333</x>
      <y>0.22666667</y>
      <w>0.7478006</w>
      <t>1002</t>
    </point>
    <point>
      <x>0.59166664</x>
      <y>0.22833334</y>
      <w>0.7478006</w>
      <t>1002</t>
    </point>
    <point>
      <x>0.59</x>
      <y>0.22833334</y>
      <w>0.7478006</w>
      <t>1002</t>
    </point>
    <point>
      <x>0.5883333</x>
      <y>0.23</y>
      <w>0.69990224</w>
      <t>1034</t>
    </point>
    <point>
      <x>0.585</x>
      <y>0.23166667</y>
      <w>0.69990224</w>
      <t>1034</t>
    </point>
    <point>
      <x>0.5833333</x>
      <y>0.23166667</y>
      <w>0.69990224</w>
      <t>1034</t>
    </point>
    <point>
      <x>0.58166665</x>
      <y>0.23333333</y>
      <w>0.69990224</w>
      <t>1034</t>
    </point>
    <point>
      <x>0.58</x>
      <y>0.235</y>
      <w>0.67741936</w>
      <t>1067</t>
    </point>
    <point>
      <x>0.5783333</x>
      <y>0.23666666</y>
      <w>0.67741936</w>
      <t>1067</t>
    </point>
    <point>
      <x>0.575</x>
      <y>0.23666666</y>
      <w>0.67741936</w>
      <t>1067</t>
    </point>
    <point>
      <x>0.5733333</x>
      <y>0.23833333</y>
      <w>0.67741936</w>
      <t>1067</t>
    </point>
    <point>
      <x>0.57166666</x>
      <y>0.23833333</y>
      <w>0.67741936</w>
      <t>1100</t>
    </point>
    <point>
      <x>0.57</x>
      <y>0.24</y>
      <w>0.67741936</w>
      <t>1100</t>
    </point>
    <point>
      <x>0.56666666</x>
      <y>0.24</y>
      <w>0.67741936</w>
      <t>1100</t>
    </point>
    <point>
      <x>0.56333333</x>
      <y>0.24166666</y>
      <w>0.67741936</w>
      <t>1100</t>
    </point>
    <point>
      <x>0.56166667</x>
      <y>0.24333334</y>
      <w>0.67741936</w>
      <t>1101</t>
    </point>
    <point>
      <x>0.56</x>
      <y>0.245</y>
      <w>0.6412512</w>
      <t>1133</t>
    </point>
    <point>
      <x>0.55833334</x>
      <y>0.24666667</y>
      <w>0.6412512</w>
      <t>1133</t>
    </point>
    <point>
      <x>0.5566667</x>
      <y>0.24666667</y>
      <w>0.6412512</w>
      <t>1133</t>
    </point>
    <point>
      <x>0.555</x>
      <y>0.24833333</y>
      <w>0.6412512</w>
      <t>1133</t>
    </point>
    <point>
      <x>0.55333334</x>
      <y>0.25</y>
      <w>0.627566</w>
      <t>1167</t>
    </point>
    <point>
      <x>0.5516667</x>
      <y>0.25</y>
      <w>0.627566</w>
      <t>1167</t>
    </point>
    <point>
      <x>0.55</x>
      <y>0.25166667</y>
      <w>0.627566</w>
      <t>1167</t>
    </point>
    <point>
      <x>0.5466667</x>
      <y>0.25333333</y>
      <w>0.627566</w>
      <t>1167</t>
    </point>
    <point>
      <x>0.545</x>
      <y>0.25333333</y>
      <w>0.6109482</w>
      <t>1200</t>
    </point>
    <point>
      <x>0.5416667</x>
      <y>0.255</y>
      <w>0.6109482</w>
      <t>1200</t>
    </point>
    <point>
      <x>0.54</x>
      <y>0.25833333</y>
      <w>0.6109482</w>
      <t>1200</t>
    </point>
    <point>
      <x>0.5366667</x>
      <y>0.26</y>
      <w>0.6109482</w>
      <t>1200</t>
    </point>
    <point>
      <x>0.53333336</x>
      <y>0.26166666</y>
      <w>0.6109482</w>
      <t>1200</t>
    </point>
    <point>
      <x>0.5316667</x>
      <y>0.26333332</y>
      <w>0.597263</w>
      <t>1233</t>
    </point>
    <point>
      <x>0.53</x>
      <y>0.265</y>
      <w>0.597263</w>
      <t>1233</t>
    </point>
    <point>
      <x>0.52666664</x>
      <y>0.26666668</y>
      <w>0.597263</w>
      <t>1233</t>
    </point>
    <point>
      <x>0.525</x>
      <y>0.27</y>
      <w>0.597263</w>
      <t>1233</t>
    </point>
    <point>
      <x>0.52166665</x>
      <y>0.27166668</y>
      <w>0.56402737</w>
      <t>1267</t>
    </point>
    <point>
      <x>0.5183333</x>
      <y>0.27333334</y>
      <w>0.56402737</w>
      <t>1267</t>
    </point>
    <point>
      <x>0.515</x>
      <y>0.27666667</y>
      <w>0.56402737</w>
      <t>1267</t>
    </point>
    <point>
      <x>0.51166666</x>
      <y>0.27833334</y>
      <w>0.56402737</w>
      <t>1269</t>
    </point>
    <point>
      <x>0.5083333</x>
      <y>0.28166667</y>
      <w>0.53372437</w>
      <t>1269</t>
    </point>
    <point>
      <x>0.505</x>
      <y>0.28333333</y>
      <w>0.52297163</w>
      <t>1300</t>
    </point>
    <point>
      <x>0.50166667</x>
      <y>0.28666666</y>
      <w>0.52297163</w>
      <t>1300</t>
    </point>
    <point>
      <x>0.49833333</x>
      <y>0.28833333</y>
      <w>0.52297163</w>
      <t>1300</t>
    </point>
    <point>
      <x>0.49666667</x>
      <y>0.29166666</y>
      <w>0.52297163</w>
      <t>1301</t>
    </point>
    <point>
      <x>0.49333334</x>
      <y>0.29333332</y>
      <w>0.42619747</w>
      <t>1333</t>
    </point>
    <point>
      <x>0.49</x>
      <y>0.29666665</y>
      <w>0.42619747</w>
      <t>1333</t>
    </point>
    <point>
      <x>0.48833334</x>
      <y>0.29833335</y>
      <w>0.42619747</w>
      <t>1333</t>
    </point>
    <point>
      <x>0.485</x>
      <y>0.30166668</y>
      <w>0.42619747</w>
      <t>1333</t>
    </point>
    <point>
      <x>0.48166665</x>
      <y>0.30333334</y>
      <w>0.42619747</w>
      <t>1333</t>
    </point>
    <point>
      <x>0.47833332</x>
      <y>0.30666667</y>
      <w>0.3362659</w>
      <t>1367</t>
    </point>
    <point>
      <x>0.475</x>
      <y>0.30833334</y>
      <w>0.3362659</w>
      <t>1367</t>
    </point>
    <point>
      <x>0.47166666</x>
      <y>0.31166667</y>
      <w>0.3362659</w>
      <t>1367</t>
    </point>
    <point>
      <x>0.46833333</x>
      <y>0.315</y>
      <w>0.3362659</w>
      <t>1367</t>
    </point>
    <point>
      <x>0.465</x>
      <y>0.31833333</y>
      <w>0.26490712</w>
      <t>1400</t>
    </point>
    <point>
      <x>0.46166667</x>
      <y>0.32</y>
      <w>0.26490712</w>
      <t>1400</t>
    </point>
    <point>
      <x>0.45833334</x>
      <y>0.32333332</y>
      <w>0.26490712</w>
      <t>1400</t>
    </point>
    <point>
      <x>0.455</x>
      <y>0.32833335</y>
      <w>0.26490712</w>
      <t>1400</t>
    </point>
    <point>
      <x>0.45166665</x>
      <y>0.33166668</y>
      <w>0.26490712</w>
      <t>1400</t>
    </point>
    <point>
      <x>0.44833332</x>
      <y>0.33666667</y>
      <w>0.08797654</w>
      <t>1434</t>
    </point>
    <point>
      <x>0.445</x>
      <y>0.34166667</y>
      <w>0.08797654</w>
      <t>1434</t>
    </point>
    <point>
      <x>0.44166666</x>
      <y>0.345</y>
      <w>0.08797654</w>
      <t>1434</t>
    </point>
    <point>
      <x>0.43833333</x>
      <y>0.35</y>
      <w>0.08797654</w>
      <t>1434</t>
    </point>
    <point>
      <x>0.435</x>
      <y>0.35333332</y>
      <w>0.072336264</w>
      <t>1467</t>
    </point>
    <point>
      <x>0.43166667</x>
      <y>0.35833332</y>
      <w>0.072336264</w>
      <t>1467</t>
    </point>
    <point>
      <x>0.42833334</x>
      <y>0.36166668</y>
      <w>0.072336264</w>
      <t>1467</t>
    </point>
    <point>
      <x>0.425</x>
      <y>0.365</y>
      <w>0.072336264</w>
      <t>1467</t>
    </point>
    <point>
      <x>0.42</x>
      <y>0.37</y>
      <w>0.0</w>
      <t>1501</t>
    </point>
  </stroke>
  <stroke time="1934">
    <point>
      <x>0.34166667</x>
      <y>0.465</y>
      <w>0.0</w>
      <t>1934</t>
    </point>
    <point>
      <x>0.34166667</x>
      <y>0.46666667</y>
      <w>0.11632454</w>
      <t>1967</t>
    </point>
    <point>
      <x>0.34</x>
      <y>0.46833333</y>
      <w>0.11632454</w>
      <t>1967</t>
    </point>
    <point>
      <x>0.34</x>
      <y>0.47</y>
      <w>0.11632454</w>
      <t>1967</t>
    </point>
    <point>
      <x>0.33833334</x>
      <y>0.47166666</y>
      <w>0.11632454</w>
      <t>1967</t>
    </point>
    <point>
      <x>0.33833334</x>
      <y>0.475</y>
      <w>0.3548387</w>
      <t>2000</t>
    </point>
    <point>
      <x>0.33666667</x>
      <y>0.47833332</y>
      <w>0.3548387</w>
      <t>2000</t>
    </point>
    <point>
      <x>0.335</x>
      <y>0.48166665</y>
      <w>0.3548387</w>
      <t>2000</t>
    </point>
    <point>
      <x>0.335</x>
      <y>0.485</y>
      <w>0.3548387</w>
      <t>2000</t>
    </point>
    <point>
      <x>0.33333334</x>
      <y>0.49</y>
      <w>0.3548387</w>
      <t>2000</t>
    </point>
    <point>
      <x>0.33166668</x>
      <y>0.49333334</y>
      <w>0.45747802</w>
      <t>2034</t>
    </point>
    <point>
      <x>0.33166668</x>
      <y>0.49666667</y>
      <w>0.45747802</w>
      <t>2034</t>
    </point>
    <point>
      <x>0.33</x>
      <y>0.50166667</y>
      <w>0.45747802</w>
      <t>2034</t>
    </point>
    <point>
      <x>0.32833335</x>
      <y>0.505</y>
      <w>0.45747802</w>
      <t>2034</t>
    </point>
    <point>
      <x>0.32666665</x>
      <y>0.51</y>
      <w>0.5581623</w>
      <t>2066</t>
    </point>
    <point>
      <x>0.325</x>
      <y>0.515</y>
      <w>0.5581623</w>
      <t>2066</t>
    </point>
    <point>
      <x>0.32333332</x>
      <y>0.52</y>
      <w>0.5581623</w>
      <t>2066</t>
    </point>
    <point>
      <x>0.32166666</x>
      <y>0.52666664</y>
      <w>0.5581623</w>
      <t>2066</t>
    </point>
    <point>
      <x>0.32</x>
      <y>0.53333336</y>
      <w>0.64907134</w>
      <t>2100</t>
    </point>
    <point>
      <x>0.31833333</x>
      <y>0.54</y>
      <w>0.64907134</w>
      <t>2100</t>
    </point>
    <point>
      <x>0.31666666</x>
      <y>0.5466667</y>
      <w>0.64907134</w>
      <t>2100</t>
    </point>
    <point>
      <x>0.315</x>
      <y>0.55333334</y>
      <w>0.64907134</w>
      <t>2100</t>
    </point>
    <point>
      <x>0.315</x>
      <y>0.56166667</y>
      <w>0.64907134</w>
      <t>2100</t>
    </point>
    <point>
      <x>0.31333333</x>
      <y>0.5683333</y>
      <w>0.7536657</w>
      <t>2134</t>
    </point>
    <point>
      <x>0.31333333</x>
      <y>0.57666665</y>
      <w>0.7536657</w>
      <t>2134</t>
    </point>
    <point>
      <x>0.31333333</x>
      <y>0.585</y>
      <w>0.7536657</w>
      <t>2134</t>
    </point>
    <point>
      <x>0.31166667</x>
      <y>0.5933333</y>
      <w>0.7536657</w>
      <t>2134</t>
    </point>
    <point>
      <x>0.31166667</x>
      <y>0.6016667</y>
      <w>0.7536657</w>
      <t>2134</t>
    </point>
    <point>
      <x>0.31166667</x>
      <y>0.61</y>
      <w>0.7917889</w>
      <t>2167</t>
    </point>
    <point>
      <x>0.31166667</x>
      <y>0.62</y>
      <w>0.7917889</w>
      <t>2167</t>
    </point>
    <point>
      <x>0.31</x>
      <y>0.62833333</y>
      <w>0.7917889</w>
      <t>2167</t>
    </point>
    <point>
      <x>0.31</x>
      <y>0.6383333</y>
      <w>0.7917889</w>
      <t>2167</t>
    </point>
    <point>
      <x>0.31</x>
      <y>0.6483333</y>
      <w>0.8357771</w>
      <t>2200</t>
    </point>
    <point>
      <x>0.31</x>
      <y>0.6566667</y>
      <w>0.8357771</w>
      <t>2200</t>
    </point>
    <point>
      <x>0.31</x>
      <y>0.665</y>
      <w>0.8357771</w>
      <t>2200</t>
    </point>
    <point>
      <x>0.31</x>
      <y>0.67333335</y>
      <w>0.8357771</w>
      <t>2200</t>
    </point>
    <point>
      <x>0.31</x>
      <y>0.6816667</y>
      <w>0.83870965</w>
      <t>2234</t>
    </point>
    <point>
      <x>0.31166667</x>
      <y>0.68833333</y>
      <w>0.83870965</w>
      <t>2234</t>
    </point>
    <point>
      <x>0.31166667</x>
      <y>0.6933333</y>
      <w>0.83870965</w>
      <t>2234</t>
    </point>
    <point>
      <x>0.31166667</x>
      <y>0.6983333</y>
      <w>0.83870965</w>
      <t>2234</t>
    </point>
    <point>
      <x>0.31333333</x>
      <y>0.7033333</y>
      <w>0.83870965</w>
      <t>2234</t>
    </point>
    <point>
      <x>0.31333333</x>
      <y>0.70666665</y>
      <w>0.83968717</w>
      <t>2267</t>
    </point>
    <point>
      <x>0.31333333</x>
      <y>0.7083333</y>
      <w>0.83968717</w>
      <t>2267</t>
    </point>
    <point>
      <x>0.31333333</x>
      <y>0.71</y>
      <w>0.83968717</w>
      <t>2267</t>
    </point>
    <point>
      <x>0.315</x>
      <y>0.71</y>
      <w>0.7888563</w>
      <t>2334</t>
    </point>
    <point>
      <x>0.315</x>
      <y>0.70666665</y>
      <w>0.71358746</w>
      <t>2366</t>
    </point>
    <point>
      <x>0.31666666</x>
      <y>0.7033333</y>
      <w>0.71358746</w>
      <t>2366</t>
    </point>
    <point>
      <x>0.31833333</x>
      <y>0.6983333</y>
      <w>0.71358746</w>
      <t>2366</t>
    </point>
    <point>
      <x>0.32</x>
      <y>0.69166666</y>
      <w>0.71358746</w>
      <t>2366</t>
    </point>
    <point>
      <x>0.32166666</x>
      <y>0.685</y>
      <w>0.60117304</w>
      <t>2400</t>
    </point>
    <point>
      <x>0.32333332</x>
      <y>0.67833334</y>
      <w>0.60117304</w>
      <t>2400</t>
    </point>
    <point>
      <x>0.325</x>
      <y>0.6716667</y>
      <w>0.60117304</w>
      <t>2400</t>
    </point>
    <point>
      <x>0.32833335</x>
      <y>0.66333336</y>
      <w>0.60117304</w>
      <t>2400</t>
    </point>
    <point>
      <x>0.33</x>
      <y>0.655</y>
      <w>0.60117304</w>
      <t>2400</t>
    </point>
    <point>
      <x>0.33333334</x>
      <y>0.6483333</y>
      <w>0.47898337</w>
      <t>2433</t>
    </point>
    <point>
      <x>0.335</x>
      <y>0.64</y>
      <w>0.47898337</w>
      <t>2433</t>
    </point>
    <point>
      <x>0.33833334</x>
      <y>0.63166666</y>
      <w>0.47898337</w>
      <t>2433</t>
    </point>
    <point>
      <x>0.34166667</x>
      <y>0.62333333</y>
      <w>0.47898337</w>
      <t>2433</t>
    </point>
    <point>
      <x>0.345</x>
      <y>0.615</y>
      <w>0.3841642</w>
      <t>2467</t>
    </point>
    <point>
      <x>0.34833333</x>
      <y>0.6066667</y>
      <w>0.3841642</w>
      <t>2467</t>
    </point>
    <point>
      <x>0.35166666</x>
      <y>0.59833336</y>
      <w>0.3841642</w>
      <t>2467</t>
    </point>
    <point>
      <x>0.35666665</x>
      <y>0.5883333</y>
      <w>0.3841642</w>
      <t>2467</t>
    </point>
    <point>
      <x>0.36166668</x>
      <y>0.58</y>
      <w>0.3841642</w>
      <t>2467</t>
    </point>
    <point>
      <x>0.36666667</x>
      <y>0.57166666</y>
      <w>0.36656892</w>
      <t>2500</t>
    </point>
    <point>
      <x>0.37333333</x>
      <y>0.56166667</y>
      <w>0.36656892</w>
      <t>2500</t>
    </point>
    <point>
      <x>0.37833333</x>
      <y>0.555</y>
      <w>0.36656892</w>
      <t>2500</t>
    </point>
    <point>
      <x>0.38333333</x>
      <y>0.5466667</y>
      <w>0.36656892</w>
      <t>2500</t>
    </point>
    <point>
      <x>0.38833332</x>
      <y>0.53833336</y>
      <w>0.3714565</w>
      <t>2534</t>
    </point>
    <point>
      <x>0.395</x>
      <y>0.53</y>
      <w>0.3714565</w>
      <t>2534</t>
    </point>
    <point>
      <x>0.40166667</x>
      <y>0.52166665</y>
      <w>0.3714565</w>
      <t>2534</t>
    </point>
    <point>
      <x>0.40833333</x>
      <y>0.5133333</y>
      <w>0.3714565</w>
      <t>2534</t>
    </point>
    <point>
      <x>0.41666666</x>
      <y>0.505</y>
      <w>0.3714565</w>
      <t>2534</t>
    </point>
    <point>
      <x>0.425</x>
      <y>0.49666667</y>
      <w>0.45943305</w>
      <t>2567</t>
    </point>
    <point>
      <x>0.43333334</x>
      <y>0.48833334</y>
      <w>0.45943305</w>
      <t>2567</t>
    </point>
    <point>
      <x>0.44166666</x>
      <y>0.48</y>
      <w>0.45943305</w>
      <t>2567</t>
    </point>
    <point>
      <x>0.45166665</x>
      <y>0.47166666</y>
      <w>0.45943305</w>
      <t>2567</t>
    </point>
    <point>
      <x>0.46166667</x>
      <y>0.465</y>
      <w>0.50048876</w>
      <t>2600</t>
    </point>
    <point>
      <x>0.47166666</x>
      <y>0.45833334</y>
      <w>0.50048876</w>
      <t>2600</t>
    </point>
    <point>
      <x>0.48333332</x>
      <y>0.45333335</y>
      <w>0.50048876</w>
      <t>2600</t>
    </point>
    <point>
      <x>0.49333334</x>
      <y>0.44833332</y>
      <w>0.50048876</w>
      <t>2600</t>
    </point>
    <point>
      <x>0.505</x>
      <y>0.44333333</y>
      <w>0.50048876</w>
      <t>2600</t>
    </point>
    <point>
      <x>0.51666665</x>
      <y>0.43666667</y>
      <w>0.50048876</w>
      <t>2634</t>
    </point>
    <point>
      <x>0.53</x>
      <y>0.43166667</y>
      <w>0.50048876</w>
      <t>2634</t>
    </point>
    <point>
      <x>0.5416667</x>
      <y>0.42666668</y>
      <w>0.50048876</w>
      <t>2634</t>
    </point>
    <point>
      <x>0.555</x>
      <y>0.42166665</y>
      <w>0.50048876</w>
      <t>2634</t>
    </point>
    <point>
      <x>0.56666666</x>
      <y>0.41833332</y>
      <w>0.54545456</w>
      <t>2667</t>
    </point>
    <point>
      <x>0.57666665</x>
      <y>0.415</y>
      <w>0.54545456</w>
      <t>2667</t>
    </point>
    <point>
      <x>0.58666664</x>
      <y>0.41166666</y>
      <w>0.54545456</w>
      <t>2667</t>
    </point>
    <point>
      <x>0.5966667</x>
      <y>0.40833333</y>
      <w>0.54545456</w>
      <t>2667</t>
    </point>
    <point>
      <x>0.6066667</x>
      <y>0.40666667</y>
      <w>0.54545456</w>
      <t>2667</t>
    </point>
    <point>
      <x>0.6166667</x>
      <y>0.405</y>
      <w>0.6041056</w>
      <t>2700</t>
    </point>
    <point>
      <x>0.62666667</x>
      <y>0.40333334</y>
      <w>0.6041056</w>
      <t>2700</t>
    </point>
    <point>
      <x>0.63666666</x>
      <y>0.40333334</y>
      <w>0.6041056</w>
      <t>2700</t>
    </point>
    <point>
      <x>0.645</x>
      <y>0.40166667</y>
      <w>0.6041056</w>
      <t>2700</t>
    </point>
    <point>
      <x>0.6533333</x>
      <y>0.40166667</y>
      <w>0.65493643</w>
      <t>2734</t>
    </point>
    <point>
      <x>0.66</x>
      <y>0.40166667</y>
      <w>0.65493643</w>
      <t>2734</t>
    </point>
    <point>
      <x>0.6666667</x>
      <y>0.40166667</y>
      <w>0.65493643</w>
      <t>2734</t>
    </point>
    <point>
      <x>0.6716667</x>
      <y>0.40333334</y>
      <w>0.65493643</w>
      <t>2734</t>
    </point>
    <point>
      <x>0.6766667</x>
      <y>0.40333334</y>
      <w>0.65493643</w>
      <t>2734</t>
    </point>
    <point>
      <x>0.68</x>
      <y>0.405</y>
      <w>0.7546432</w>
      <t>2767</t>
    </point>
    <point>
      <x>0.68333334</x>
      <y>0.40666667</y>
      <w>0.7546432</w>
      <t>2767</t>
    </point>
    <point>
      <x>0.68666667</x>
      <y>0.41</y>
      <w>0.7546432</w>
      <t>2767</t>
    </point>
    <point>
      <x>0.69</x>
      <y>0.41166666</y>
      <w>0.7546432</w>
      <t>2767</t>
    </point>
    <point>
      <x>0.6933333</x>
      <y>0.415</y>
      <w>0.8172043</w>
      <t>2800</t>
    </point>
    <point>
      <x>0.69666666</x>
      <y>0.41666666</y>
      <w>0.8172043</w>
      <t>2800</t>
    </point>
    <point>
      <x>0.6983333</x>
      <y>0.41833332</y>
      <w>0.8172043</w>
      <t>2800</t>
    </point>
    <point>
      <x>0.70166665</x>
      <y>0.42166665</y>
      <w>0.8172043</w>
      <t>2800</t>
    </point>
    <point>
      <x>0.7033333</x>
      <y>0.42333335</y>
      <w>0.8680352</w>
      <t>2834</t>
    </point>
    <point>
      <x>0.705</x>
      <y>0.425</y>
      <w>0.8680352</w>
      <t>2834</t>
    </point>
    <point>
      <x>0.7083333</x>
      <y>0.42833334</y>
      <w>0.8680352</w>
      <t>2834</t>
    </point>
    <point>
      <x>0.71</x>
      <y>0.43166667</y>
      <w>0.8680352</w>
      <t>2834</t>
    </point>
    <point>
      <x>0.71166664</x>
      <y>0.43333334</y>
      <w>0.8680352</w>
      <t>2834</t>
    </point>
    <point>
      <x>0.7133333</x>
      <y>0.43666667</y>
      <w>0.90909094</w>
      <t>2867</t>
    </point>
    <point>
      <x>0.71666664</x>
      <y>0.44</y>
      <w>0.90909094</w>
      <t>2867</t>
    </point>
    <point>
      <x>0.7183333</x>
      <y>0.44333333</y>
      <w>0.90909094</w>
      <t>2867</t>
    </point>
    <point>
      <x>0.72</x>
      <y>0.44666666</y>
      <w>0.90909094</w>
      <t>2867</t>
    </point>
    <point>
      <x>0.7216667</x>
      <y>0.45</y>
      <w>0.9296188</w>
      <t>2900</t>
    </point>
    <point>
      <x>0.72333336</x>
      <y>0.45333335</y>
      <w>0.9296188</w>
      <t>2900</t>
    </point>
    <point>
      <x>0.72333336</x>
      <y>0.45666668</y>
      <w>0.9296188</w>
      <t>2900</t>
    </point>
    <point>
      <x>0.725</x>
      <y>0.46166667</y>
      <w>0.9296188</w>
      <t>2900</t>
    </point>
    <point>
      <x>0.7266667</x>
      <y>0.465</y>
      <w>0.9296188</w>
      <t>2900</t>
    </point>
    <point>
      <x>0.7266667</x>
      <y>0.46833333</y>
      <w>0.9550342</w>
      <t>2934</t>
    </point>
    <point>
      <x>0.72833335</x>
      <y>0.47166666</y>
      <w>0.9550342</w>
      <t>2934</t>
    </point>
    <point>
      <x>0.72833335</x>
      <y>0.47666666</y>
      <w>0.9550342</w>
      <t>2934</t>
    </point>
    <point>
      <x>0.72833335</x>
      <y>0.48</y>
      <w>0.9550342</w>
      <t>2934</t>
    </point>
    <point>
      <x>0.73</x>
      <y>0.485</y>
      <w>0.95796674</w>
      <t>2967</t>
    </point>
    <point>
      <x>0.73</x>
      <y>0.49</y>
      <w>0.95796674</w>
      <t>2967</t>
    </point>
    <point>
      <x>0.73</x>
      <y>0.49666667</y>
      <w>0.95796674</w>
      <t>2967</t>
    </point>
    <point>
      <x>0.73</x>
      <y>0.50166667</y>
      <w>0.95796674</w>
      <t>2967</t>
    </point>
    <point>
      <x>0.7316667</x>
      <y>0.50666666</y>
      <w>0.9608993</w>
      <t>3000</t>
    </point>
    <point>
      <x>0.7316667</x>
      <y>0.51</y>
      <w>0.9608993</w>
      <t>3000</t>
    </point>
    <point>
      <x>0.7316667</x>
      <y>0.515</y>
      <w>0.9608993</w>
      <t>3000</t>
    </point>
    <point>
      <x>0.7316667</x>
      <y>0.52166665</y>
      <w>0.9608993</w>
      <t>3000</t>
    </point>
    <point>
      <x>0.7316667</x>
      <y>0.52666664</y>
      <w>0.9608993</w>
      <t>3000</t>
    </point>
    <point>
      <x>0.73</x>
      <y>0.5316667</y>
      <w>0.9608993</w>
      <t>3034</t>
    </point>
    <point>
      <x>0.73</x>
      <y>0.53833336</y>
      <w>0.9608993</w>
      <t>3034</t>
    </point>
    <point>
      <x>0.72833335</x>
      <y>0.54333335</y>
      <w>0.9608993</w>
      <t>3034</t>
    </point>
    <point>
      <x>0.7266667</x>
      <y>0.54833335</y>
      <w>0.9608993</w>
      <t>3034</t>
    </point>
    <point>
      <x>0.7266667</x>
      <y>0.555</y>
      <w>0.9608993</w>
      <t>3034</t>
    </point>
    <point>
      <x>0.725</x>
      <y>0.56166667</y>
      <w>0.9618768</w>
      <t>3067</t>
    </point>
    <point>
      <x>0.725</x>
      <y>0.56666666</y>
      <w>0.9618768</w>
      <t>3067</t>
    </point>
    <point>
      <x>0.72333336</x>
      <y>0.5733333</y>
      <w>0.9618768</w>
      <t>3067</t>
    </point>
    <point>
      <x>0.72333336</x>
      <y>0.5783333</y>
      <w>0.9618768</w>
      <t>3067</t>
    </point>
    <point>
      <x>0.7216667</x>
      <y>0.5833333</y>
      <w>0.9608993</w>
      <t>3100</t>
    </point>
    <point>
      <x>0.72</x>
      <y>0.59</y>
      <w>0.9608993</w>
      <t>3100</t>
    </point>
    <point>
      <x>0.72</x>
      <y>0.595</y>
      <w>0.9608993</w>
      <t>3100</t>
    </point>
    <point>
      <x>0.7183333</x>
      <y>0.6</y>
      <w>0.9608993</w>
      <t>3100</t>
    </point>
    <point>
      <x>0.71666664</x>
      <y>0.6066667</y>
      <w>0.9599218</w>
      <t>3134</t>
    </point>
    <point>
      <x>0.715</x>
      <y>0.6116667</y>
      <w>0.9599218</w>
      <t>3134</t>
    </point>
    <point>
      <x>0.7133333</x>
      <y>0.61833334</y>
      <w>0.9599218</w>
      <t>3134</t>
    </point>
    <point>
      <x>0.71166664</x>
      <y>0.625</y>
      <w>0.9599218</w>
      <t>3134</t>
    </point>
    <point>
      <x>0.7083333</x>
      <y>0.63</y>
      <w>0.9599218</w>
      <t>3134</t>
    </point>
    <point>
      <x>0.70666665</x>
      <y>0.63666666</y>
      <w>0.95796674</w>
      <t>3167</t>
    </point>
    <point>
      <x>0.7033333</x>
      <y>0.6433333</y>
      <w>0.95796674</w>
      <t>3167</t>
    </point>
    <point>
      <x>0.7</x>
      <y>0.65</y>
      <w>0.95796674</w>
      <t>3167</t>
    </point>
    <point>
      <x>0.69666666</x>
      <y>0.655</y>
      <w>0.95796674</w>
      <t>3167</t>
    </point>
    <point>
      <x>0.6933333</x>
      <y>0.6616667</y>
      <w>0.94623655</w>
      <t>3200</t>
    </point>
    <point>
      <x>0.69166666</x>
      <y>0.6666667</y>
      <w>0.94623655</w>
      <t>3200</t>
    </point>
    <point>
      <x>0.68833333</x>
      <y>0.67333335</y>
      <w>0.94623655</w>
      <t>3200</t>
    </point>
    <point>
      <x>0.685</x>
      <y>0.67833334</y>
      <w>0.94623655</w>
      <t>3200</t>
    </point>
    <point>
      <x>0.6816667</x>
      <y>0.68333334</y>
      <w>0.94623655</w>
      <t>3200</t>
    </point>
    <point>
      <x>0.67833334</x>
      <y>0.69</y>
      <w>0.92864126</w>
      <t>3234</t>
    </point>
    <point>
      <x>0.675</x>
      <y>0.695</y>
      <w>0.92864126</w>
      <t>3234</t>
    </point>
    <point>
      <x>0.6716667</x>
      <y>0.7</y>
      <w>0.92864126</w>
      <t>3234</t>
    </point>
    <point>
      <x>0.6666667</x>
      <y>0.70666665</y>
      <w>0.92864126</w>
      <t>3234</t>
    </point>
    <point>
      <x>0.66333336</x>
      <y>0.71166664</y>
      <w>0.9042033</w>
      <t>3267</t>
    </point>
    <point>
      <x>0.65833336</x>
      <y>0.71666664</y>
      <w>0.9042033</w>
      <t>3267</t>
    </point>
    <point>
      <x>0.6533333</x>
      <y>0.7216667</y>
      <w>0.9042033</w>
      <t>3267</t>
    </point>
    <point>
      <x>0.65</x>
      <y>0.7266667</y>
      <w>0.9042033</w>
      <t>3267</t>
    </point>
    <point>
      <x>0.645</x>
      <y>0.7316667</y>
      <w>0.9042033</w>
      <t>3267</t>
    </point>
    <point>
      <x>0.64166665</x>
      <y>0.7366667</y>
      <w>0.87683284</w>
      <t>3300</t>
    </point>
    <point>
      <x>0.63666666</x>
      <y>0.7416667</y>
      <w>0.87683284</w>
      <t>3300</t>
    </point>
    <point>
      <x>0.6333333</x>
      <y>0.745</y>
      <w>0.87683284</w>
      <t>3300</t>
    </point>
    <point>
      <x>0.63</x>
      <y>0.74833333</y>
      <w>0.87683284</w>
      <t>3300</t>
    </point>
    <point>
      <x>0.625</x>
      <y>0.75166667</y>
      <w>0.8220919</w>
      <t>3334</t>
    </point>
    <point>
      <x>0.62166667</x>
      <y>0.755</y>
      <w>0.8220919</w>
      <t>3334</t>
    </point>
    <point>
      <x>0.61833334</x>
      <y>0.75666666</y>
      <w>0.8220919</w>
      <t>3334</t>
    </point>
    <point>
      <x>0.615</x>
      <y>0.7583333</y>
      <w>0.8220919</w>
      <t>3334</t>
    </point>
    <point>
      <x>0.6116667</x>
      <y>0.76</y>
      <w>0.8220919</w>
      <t>3334</t>
    </point>
    <point>
      <x>0.60833335</x>
      <y>0.76166666</y>
      <w>0.7820137</w>
      <t>3367</t>
    </point>
    <point>
      <x>0.605</x>
      <y>0.7633333</y>
      <w>0.7820137</w>
      <t>3367</t>
    </point>
    <point>
      <x>0.6016667</x>
      <y>0.765</y>
      <w>0.7820137</w>
      <t>3367</t>
    </point>
    <point>
      <x>0.59833336</x>
      <y>0.765</y>
      <w>0.7820137</w>
      <t>3367</t>
    </point>
    <point>
      <x>0.5966667</x>
      <y>0.76666665</y>
      <w>0.7096774</w>
      <t>3400</t>
    </point>
    <point>
      <x>0.595</x>
      <y>0.76666665</y>
      <w>0.7096774</w>
      <t>3400</t>
    </point>
    <point>
      <x>0.59166664</x>
      <y>0.76666665</y>
      <w>0.7096774</w>
      <t>3400</t>
    </point>
    <point>
      <x>0.59</x>
      <y>0.76666665</y>
      <w>0.7096774</w>
      <t>3400</t>
    </point>
    <point>
      <x>0.58666664</x>
      <y>0.7683333</y>
      <w>0.62463343</w>
      <t>3434</t>
    </point>
    <point>
      <x>0.585</x>
      <y>0.7683333</y>
      <w>0.62463343</w>
      <t>3434</t>
    </point>
    <point>
      <x>0.58166665</x>
      <y>0.7683333</y>
      <w>0.62463343</w>
      <t>3434</t>
    </point>
    <point>
      <x>0.58</x>
      <y>0.7683333</y>
      <w>0.62463343</w>
      <t>3434</t>
    </point>
    <point>
      <x>0.57666665</x>
      <y>0.7683333</y>
      <w>0.62463343</w>
      <t>3434</t>
    </point>
    <point>
      <x>0.5733333</x>
      <y>0.76666665</y>
      <w>0.5659824</w>
      <t>3467</t>
    </point>
    <point>
      <x>0.57166666</x>
      <y>0.76666665</y>
      <w>0.5659824</w>
      <t>3467</t>
    </point>
    <point>
      <x>0.5683333</x>
      <y>0.765</y>
      <w>0.5659824</w>
      <t>3467</t>
    </point>
    <point>
      <x>0.565</x>
      <y>0.765</y>
      <w>0.5659824</w>
      <t>3467</t>
    </point>
    <point>
      <x>0.56333333</x>
      <y>0.7633333</y>
      <w>0.51710653</w>
      <t>3500</t>
    </point>
    <point>
      <x>0.56</x>
      <y>0.76166666</y>
      <w>0.51710653</w>
      <t>3500</t>
    </point>
    <point>
      <x>0.55833334</x>
      <y>0.76</y>
      <w>0.51710653</w>
      <t>3500</t>
    </point>
    <point>
      <x>0.555</x>
      <y>0.7583333</y>
      <w>0.51710653</w>
      <t>3500</t>
    </point>
    <point>
      <x>0.55333334</x>
      <y>0.75666666</y>
      <w>0.51710653</w>
      <t>3500</t>
    </point>
    <point>
      <x>0.5516667</x>
      <y>0.75333333</y>
      <w>0.45454547</w>
      <t>3534</t>
    </point>
    <point>
      <x>0.54833335</x>
      <y>0.75166667</y>
      <w>0.45454547</w>
      <t>3534</t>
    </point>
    <point>
      <x>0.5466667</x>
      <y>0.74833333</y>
      <w>0.45454547</w>
      <t>3534</t>
    </point>
    <point>
      <x>0.545</x>
      <y>0.745</y>
      <w>0.45454547</w>
      <t>3534</t>
    </point>
    <point>
      <x>0.5416667</x>
      <y>0.7416667</y>
      <w>0.35288367</w>
      <t>3567</t>
    </point>
    <point>
      <x>0.54</x>
      <y>0.73833334</y>
      <w>0.35288367</w>
      <t>3567</t>
    </point>
    <point>
      <x>0.53833336</x>
      <y>0.735</y>
      <w>0.35288367</w>
      <t>3567</t>
    </point>
    <point>
      <x>0.5366667</x>
      <y>0.7316667</y>
      <w>0.35288367</w>
      <t>3567</t>
    </point>
    <point>
      <x>0.53333336</x>
      <y>0.72833335</y>
      <w>0.20918866</w>
      <t>3601</t>
    </point>
    <point>
      <x>0.5316667</x>
      <y>0.725</y>
      <w>0.20918866</w>
      <t>3601</t>
    </point>
    <point>
      <x>0.53</x>
      <y>0.7216667</y>
      <w>0.20918866</w>
      <t>3601</t>
    </point>
    <point>
      <x>0.52666664</x>
      <y>0.7183333</y>
      <w>0.20918866</w>
      <t>3601</t>
    </point>
    <point>
      <x>0.525</x>
      <y>0.715</y>
      <w>0.20918866</w>
      <t>3601</t>
    </point>
    <point>
      <x>0.52166665</x>
      <y>0.71166664</y>
      <w>0.09872923</w>
      <t>3634</t>
    </point>
    <point>
      <x>0.52</x>
      <y>0.7083333</y>
      <w>0.09872923</w>
      <t>3634</t>
    </point>
    <point>
      <x>0.51666665</x>
      <y>0.7033333</y>
      <w>0.09872923</w>
      <t>3634</t>
    </point>
    <point>
      <x>0.515</x>
      <y>0.7</y>
      <w>0.09872923</w>
      <t>3634</t>
    </point>
  </stroke>
  <stroke time="4934">
    <point>
      <x>0.49333334</x>
      <y>0.56333333</y>
      <w>0.20527859</w>
      <t>4967</t>
    </point>
    <point>
      <x>0.495</x>
      <y>0.56333333</y>
      <w>0.20527859</w>
      <t>4967</t>
    </point>
    <point>
      <x>0.49666667</x>
      <y>0.56333333</y>
      <w>0.20527859</w>
      <t>4967</t>
    </point>
    <point>
      <x>0.49833333</x>
      <y>0.56333333</y>
      <w>0.31671554</w>
      <t>5000</t>
    </point>
    <point>
      <x>0.5</x>
      <y>0.56333333</y>
      <w>0.31671554</w>
      <t>5000</t>
    </point>
    <point>
      <x>0.50166667</x>
      <y>0.56333333</y>
      <w>0.31671554</w>
      <t>5000</t>
    </point>
    <point>
      <x>0.505</x>
      <y>0.56333333</y>
      <w>0.31671554</w>
      <t>5000</t>
    </point>
    <point>
      <x>0.50666666</x>
      <y>0.56333333</y>
      <w>0.31671554</w>
      <t>5000</t>
    </point>
    <point>
      <x>0.5083333</x>
      <y>0.56333333</y>
      <w>0.42130986</w>
      <t>5034</t>
    </point>
    <point>
      <x>0.51166666</x>
      <y>0.565</y>
      <w>0.42130986</w>
      <t>5034</t>
    </point>
    <point>
      <x>0.5133333</x>
      <y>0.565</y>
      <w>0.42130986</w>
      <t>5034</t>
    </point>
    <point>
      <x>0.51666665</x>
      <y>0.56666666</y>
      <w>0.42130986</w>
      <t>5034</t>
    </point>
    <point>
      <x>0.5183333</x>
      <y>0.56666666</y>
      <w>0.48582602</w>
      <t>5067</t>
    </point>
    <point>
      <x>0.52</x>
      <y>0.56666666</y>
      <w>0.48582602</w>
      <t>5067</t>
    </point>
    <point>
      <x>0.52166665</x>
      <y>0.5683333</y>
      <w>0.48582602</w>
      <t>5067</t>
    </point>
    <point>
      <x>0.5233333</x>
      <y>0.5683333</y>
      <w>0.48582602</w>
      <t>5067</t>
    </point>
    <point>
      <x>0.525</x>
      <y>0.57</y>
      <w>0.48582602</w>
      <t>5067</t>
    </point>
    <point>
      <x>0.52666664</x>
      <y>0.57</y>
      <w>0.5288367</w>
      <t>5100</t>
    </point>
    <point>
      <x>0.53</x>
      <y>0.57</y>
      <w>0.5288367</w>
      <t>5100</t>
    </point>
    <point>
      <x>0.5316667</x>
      <y>0.57166666</y>
      <w>0.5288367</w>
      <t>5100</t>
    </point>
    <point>
      <x>0.53333336</x>
      <y>0.57166666</y>
      <w>0.5288367</w>
      <t>5100</t>
    </point>
    <point>
      <x>0.535</x>
      <y>0.57166666</y>
      <w>0.56989247</w>
      <t>5134</t>
    </point>
    <point>
      <x>0.5366667</x>
      <y>0.5733333</y>
      <w>0.56989247</w>
      <t>5134</t>
    </point>
    <point>
      <x>0.53833336</x>
      <y>0.5733333</y>
      <w>0.56989247</w>
      <t>5134</t>
    </point>
    <point>
      <x>0.54</x>
      <y>0.575</y>
      <w>0.56989247</w>
      <t>5134</t>
    </point>
    <point>
      <x>0.5416667</x>
      <y>0.57666665</y>
      <w>0.6177908</w>
      <t>5167</t>
    </point>
    <point>
      <x>0.54333335</x>
      <y>0.57666665</y>
      <w>0.6177908</w>
      <t>5167</t>
    </point>
    <point>
      <x>0.54333335</x>
      <y>0.5783333</y>
      <w>0.6177908</w>
      <t>5167</t>
    </point>
    <point>
      <x>0.545</x>
      <y>0.5783333</y>
      <w>0.6412512</w>
      <t>5200</t>
    </point>
    <point>
      <x>0.545</x>
      <y>0.58</y>
      <w>0.6412512</w>
      <t>5200</t>
    </point>
    <point>
      <x>0.5466667</x>
      <y>0.58</y>
      <w>0.6412512</w>
      <t>5200</t>
    </point>
    <point>
      <x>0.5466667</x>
      <y>0.58166665</y>
      <w>0.6461388</w>
      <t>5234</t>
    </point>
    <point>
      <x>0.54833335</x>
      <y>0.58166665</y>
      <w>0.6461388</w>
      <t>5234</t>
    </point>
    <point>
      <x>0.54833335</x>
      <y>0.5833333</y>
      <w>0.6461388</w>
      <t>5234</t>
    </point>
    <point>
      <x>0.55</x>
      <y>0.5833333</y>
      <w>0.6461388</w>
      <t>5234</t>
    </point>
    <point>
      <x>0.55</x>
      <y>0.585</y>
      <w>0.6461388</w>
      <t>5267</t>
    </point>
    <point>
      <x>0.55</x>
      <y>0.58666664</y>
      <w>0.6461388</w>
      <t>5267</t>
    </point>
    <point>
      <x>0.5516667</x>
      <y>0.5883333</y>
      <w>0.6480938</w>
      <t>5301</t>
    </point>
    <point>
      <x>0.5516667</x>
      <y>0.59</y>
      <w>0.6480938</w>
      <t>5301</t>
    </point>
    <point>
      <x>0.5516667</x>
      <y>0.59166664</y>
      <w>0.6480938</w>
      <t>5301</t>
    </point>
    <point>
      <x>0.5516667</x>
      <y>0.5933333</y>
      <w>0.6471163</w>
      <t>5334</t>
    </point>
    <point>
      <x>0.5516667</x>
      <y>0.595</y>
      <w>0.6471163</w>
      <t>5334</t>
    </point>
    <point>
      <x>0.5516667</x>
      <y>0.5966667</y>
      <w>0.6471163</w>
      <t>5334</t>
    </point>
    <point>
      <x>0.5516667</x>
      <y>0.59833336</y>
      <w>0.6471163</w>
      <t>5334</t>
    </point>
    <point>
      <x>0.5516667</x>
      <y>0.6</y>
      <w>0.60215056</w>
      <t>5367</t>
    </point>
    <point>
      <x>0.5516667</x>
      <y>0.6016667</y>
      <w>0.60215056</w>
      <t>5367</t>
    </point>
    <point>
      <x>0.5516667</x>
      <y>0.605</y>
      <w>0.60215056</w>
      <t>5367</t>
    </point>
    <point>
      <x>0.55</x>
      <y>0.6066667</y>
      <w>0.60215056</w>
      <t>5367</t>
    </point>
    <point>
      <x>0.55</x>
      <y>0.61</y>
      <w>0.60215056</w>
      <t>5367</t>
    </point>
    <point>
      <x>0.54833335</x>
      <y>0.6116667</y>
      <w>0.47311828</w>
      <t>5400</t>
    </point>
    <point>
      <x>0.5466667</x>
      <y>0.615</y>
      <w>0.47311828</w>
      <t>5400</t>
    </point>
    <point>
      <x>0.545</x>
      <y>0.61833334</y>
      <w>0.47311828</w>
      <t>5400</t>
    </point>
    <point>
      <x>0.54333335</x>
      <y>0.62166667</y>
      <w>0.47311828</w>
      <t>5400</t>
    </point>
    <point>
      <x>0.5416667</x>
      <y>0.62666667</y>
      <w>0.12218964</w>
      <t>5434</t>
    </point>
    <point>
      <x>0.53833336</x>
      <y>0.63</y>
      <w>0.12218964</w>
      <t>5434</t>
    </point>
    <point>
      <x>0.5366667</x>
      <y>0.635</y>
      <w>0.12218964</w>
      <t>5434</t>
    </point>
  </stroke>
</character>
