<?xml version="1.0" encoding="UTF-8"?>
<character>
  <stroke time="0">
    <point>
      <x>0.29166666</x>
      <y>0.26333332</y>
      <w>0.07331378</w>
      <t>4</t>
    </point>
    <point>
      <x>0.29166666</x>
      <y>0.265</y>
      <w>0.07331378</w>
      <t>5</t>
    </point>
    <point>
      <x>0.29166666</x>
      <y>0.26666668</y>
      <w>0.07331378</w>
      <t>5</t>
    </point>
    <point>
      <x>0.29333332</x>
      <y>0.26833335</y>
      <w>0.14760508</w>
      <t>33</t>
    </point>
    <point>
      <x>0.29333332</x>
      <y>0.27</y>
      <w>0.14760508</w>
      <t>33</t>
    </point>
    <point>
      <x>0.295</x>
      <y>0.27</y>
      <w>0.27565983</w>
      <t>67</t>
    </point>
    <point>
      <x>0.295</x>
      <y>0.27333334</y>
      <w>0.27565983</w>
      <t>67</t>
    </point>
    <point>
      <x>0.295</x>
      <y>0.275</y>
      <w>0.27565983</w>
      <t>67</t>
    </point>
    <point>
      <x>0.29666665</x>
      <y>0.27666667</y>
      <w>0.27565983</w>
      <t>68</t>
    </point>
    <point>
      <x>0.29833335</x>
      <y>0.27833334</y>
      <w>0.27565983</w>
      <t>68</t>
    </point>
    <point>
      <x>0.29833335</x>
      <y>0.28166667</y>
      <w>0.36070383</w>
      <t>99</t>
    </point>
    <point>
      <x>0.3</x>
      <y>0.28333333</y>
      <w>0.36070383</w>
      <t>99</t>
    </point>
    <point>
      <x>0.30166668</x>
      <y>0.285</y>
      <w>0.36070383</w>
      <t>99</t>
    </point>
    <point>
      <x>0.30333334</x>
      <y>0.28666666</y>
      <w>0.36070383</w>
      <t>100</t>
    </point>
    <point>
      <x>0.305</x>
      <y>0.28833333</y>
      <w>0.46725318</w>
      <t>133</t>
    </point>
    <point>
      <x>0.305</x>
      <y>0.29</y>
      <w>0.46725318</w>
      <t>133</t>
    </point>
    <point>
      <x>0.30666667</x>
      <y>0.29166666</y>
      <w>0.46725318</w>
      <t>133</t>
    </point>
    <point>
      <x>0.30833334</x>
      <y>0.29333332</y>
      <w>0.46725318</w>
      <t>133</t>
    </point>
    <point>
      <x>0.31</x>
      <y>0.295</y>
      <w>0.46725318</w>
      <t>134</t>
    </point>
    <point>
      <x>0.31166667</x>
      <y>0.29666665</y>
      <w>0.5650049</w>
      <t>166</t>
    </point>
    <point>
      <x>0.31333333</x>
      <y>0.29833335</y>
      <w>0.5650049</w>
      <t>168</t>
    </point>
    <point>
      <x>0.315</x>
      <y>0.3</y>
      <w>0.5650049</w>
      <t>168</t>
    </point>
    <point>
      <x>0.31666666</x>
      <y>0.30166668</y>
      <w>0.5650049</w>
      <t>168</t>
    </point>
    <point>
      <x>0.31833333</x>
      <y>0.30333334</y>
      <w>0.6539589</w>
      <t>200</t>
    </point>
    <point>
      <x>0.32</x>
      <y>0.305</y>
      <w>0.6539589</w>
      <t>200</t>
    </point>
    <point>
      <x>0.32166666</x>
      <y>0.305</y>
      <w>0.6539589</w>
      <t>200</t>
    </point>
    <point>
      <x>0.32166666</x>
      <y>0.30666667</y>
      <w>0.6539589</w>
      <t>201</t>
    </point>
    <point>
      <x>0.32333332</x>
      <y>0.30833334</y>
      <w>0.6539589</w>
      <t>201</t>
    </point>
    <point>
      <x>0.325</x>
      <y>0.30833334</y>
      <w>0.7536657</w>
      <t>233</t>
    </point>
    <point>
      <x>0.32666665</x>
      <y>0.30833334</y>
      <w>0.7536657</w>
      <t>233</t>
    </point>
    <point>
      <x>0.32666665</x>
      <y>0.31</y>
      <w>0.7536657</w>
      <t>233</t>
    </point>
    <point>
      <x>0.32833335</x>
      <y>0.31</y>
      <w>0.7536657</w>
      <t>234</t>
    </point>
    <point>
      <x>0.33</x>
      <y>0.31166667</y>
      <w>0.78494626</w>
      <t>266</t>
    </point>
    <point>
      <x>0.33166668</x>
      <y>0.31333333</y>
      <w>0.78494626</w>
      <t>266</t>
    </point>
    <point>
      <x>0.33333334</x>
      <y>0.31333333</y>
      <w>0.80840665</w>
      <t>300</t>
    </point>
    <point>
      <x>0.335</x>
      <y>0.315</y>
      <w>0.80840665</w>
      <t>300</t>
    </point>
    <point>
      <x>0.33666667</x>
      <y>0.31666666</y>
      <w>0.80840665</w>
      <t>300</t>
    </point>
    <point>
      <x>0.33833334</x>
      <y>0.31666666</y>
      <w>0.8103617</w>
      <t>333</t>
    </point>
    <point>
      <x>0.33833334</x>
      <y>0.31833333</y>
      <w>0.8103617</w>
      <t>333</t>
    </point>
    <point>
      <x>0.34</x>
      <y>0.31833333</y>
      <w>0.8123167</w>
      <t>366</t>
    </point>
    <point>
      <x>0.34</x>
      <y>0.32</y>
      <w>0.8123167</w>
      <t>366</t>
    </point>
    <point>
      <x>0.34</x>
      <y>0.32166666</y>
      <w>0.8113392</w>
      <t>400</t>
    </point>
    <point>
      <x>0.34166667</x>
      <y>0.32333332</y>
      <w>0.8113392</w>
      <t>400</t>
    </point>
    <point>
      <x>0.34166667</x>
      <y>0.325</y>
      <w>0.8123167</w>
      <t>433</t>
    </point>
    <point>
      <x>0.34166667</x>
      <y>0.32666665</y>
      <w>0.8123167</w>
      <t>433</t>
    </point>
    <point>
      <x>0.34166667</x>
      <y>0.32833335</y>
      <w>0.80938417</w>
      <t>467</t>
    </point>
    <point>
      <x>0.34166667</x>
      <y>0.33</y>
      <w>0.7614858</w>
      <t>500</t>
    </point>
    <point>
      <x>0.34166667</x>
      <y>0.33166668</y>
      <w>0.7614858</w>
      <t>500</t>
    </point>
    <point>
      <x>0.34166667</x>
      <y>0.33333334</y>
      <w>0.7614858</w>
      <t>500</t>
    </point>
    <point>
      <x>0.34166667</x>
      <y>0.335</y>
      <w>0.7614858</w>
      <t>500</t>
    </point>
    <point>
      <x>0.34166667</x>
      <y>0.33666667</y>
      <w>0.71847504</w>
      <t>533</t>
    </point>
    <point>
      <x>0.34166667</x>
      <y>0.33833334</y>
      <w>0.71847504</w>
      <t>533</t>
    </point>
    <point>
      <x>0.34</x>
      <y>0.34</y>
      <w>0.71847504</w>
      <t>533</t>
    </point>
    <point>
      <x>0.34</x>
      <y>0.34166667</y>
      <w>0.6158358</w>
      <t>566</t>
    </point>
    <point>
      <x>0.33833334</x>
      <y>0.34333333</y>
      <w>0.6158358</w>
      <t>566</t>
    </point>
    <point>
      <x>0.33833334</x>
      <y>0.345</y>
      <w>0.6158358</w>
      <t>566</t>
    </point>
    <point>
      <x>0.33833334</x>
      <y>0.34666666</y>
      <w>0.6158358</w>
      <t>566</t>
    </point>
    <point>
      <x>0.33666667</x>
      <y>0.34833333</y>
      <w>0.5650049</w>
      <t>600</t>
    </point>
    <point>
      <x>0.335</x>
      <y>0.35</y>
      <w>0.5650049</w>
      <t>600</t>
    </point>
    <point>
      <x>0.33333334</x>
      <y>0.35166666</y>
      <w>0.5650049</w>
      <t>600</t>
    </point>
    <point>
      <x>0.33333334</x>
      <y>0.35333332</y>
      <w>0.5650049</w>
      <t>600</t>
    </point>
    <point>
      <x>0.33166668</x>
      <y>0.355</y>
      <w>0.47898337</w>
      <t>633</t>
    </point>
    <point>
      <x>0.33166668</x>
      <y>0.35666665</y>
      <w>0.47898337</w>
      <t>633</t>
    </point>
    <point>
      <x>0.33</x>
      <y>0.35833332</y>
      <w>0.47898337</w>
      <t>633</t>
    </point>
    <point>
      <x>0.32833335</x>
      <y>0.36</y>
      <w>0.47898337</w>
      <t>633</t>
    </point>
    <point>
      <x>0.32833335</x>
      <y>0.36166668</y>
      <w>0.22385141</w>
      <t>666</t>
    </point>
    <point>
      <x>0.32666665</x>
      <y>0.36333334</y>
      <w>0.22385141</w>
      <t>666</t>
    </point>
    <point>
      <x>0.325</x>
      <y>0.36666667</y>
      <w>0.22385141</w>
      <t>666</t>
    </point>
    <point>
      <x>0.32333332</x>
      <y>0.36833334</y>
      <w>0.22385141</w>
      <t>666</t>
    </point>
    <point>
      <x>0.32166666</x>
      <y>0.37</y>
      <w>0.22385141</w>
      <t>667</t>
    </point>
    <point>
      <x>0.32</x>
      <y>0.37333333</y>
      <w>0.0</w>
      <t>700</t>
    </point>
  </stroke>
  <stroke time="1800">
    <point>
      <x>0.275</x>
      <y>0.47666666</y>
      <w>0.043010753</w>
      <t>1800</t>
    </point>
    <point>
      <x>0.275</x>
      <y>0.47833332</y>
      <w>0.043010753</w>
      <t>1802</t>
    </point>
    <point>
      <x>0.27666667</x>
      <y>0.48</y>
      <w>0.16129032</w>
      <t>1833</t>
    </point>
    <point>
      <x>0.27833334</x>
      <y>0.48</y>
      <w>0.16129032</w>
      <t>1833</t>
    </point>
    <point>
      <x>0.28</x>
      <y>0.48166665</y>
      <w>0.16129032</w>
      <t>1833</t>
    </point>
    <point>
      <x>0.28166667</x>
      <y>0.48333332</y>
      <w>0.2170088</w>
      <t>1867</t>
    </point>
    <point>
      <x>0.28333333</x>
      <y>0.48333332</y>
      <w>0.2170088</w>
      <t>1867</t>
    </point>
    <point>
      <x>0.28333333</x>
      <y>0.485</y>
      <w>0.2170088</w>
      <t>1867</t>
    </point>
    <point>
      <x>0.285</x>
      <y>0.48666668</y>
      <w>0.2170088</w>
      <t>1867</t>
    </point>
    <point>
      <x>0.28666666</x>
      <y>0.48833334</y>
      <w>0.2170088</w>
      <t>1867</t>
    </point>
    <point>
      <x>0.28833333</x>
      <y>0.49166667</y>
      <w>0.3206256</w>
      <t>1900</t>
    </point>
    <point>
      <x>0.28833333</x>
      <y>0.49333334</y>
      <w>0.3206256</w>
      <t>1900</t>
    </point>
    <point>
      <x>0.29</x>
      <y>0.495</y>
      <w>0.3206256</w>
      <t>1900</t>
    </point>
    <point>
      <x>0.29</x>
      <y>0.49833333</y>
      <w>0.3206256</w>
      <t>1902</t>
    </point>
    <point>
      <x>0.29166666</x>
      <y>0.5</y>
      <w>0.3939394</w>
      <t>1934</t>
    </point>
    <point>
      <x>0.29166666</x>
      <y>0.50166667</y>
      <w>0.3939394</w>
      <t>1934</t>
    </point>
    <point>
      <x>0.29333332</x>
      <y>0.50333333</y>
      <w>0.3939394</w>
      <t>1934</t>
    </point>
    <point>
      <x>0.29333332</x>
      <y>0.505</y>
      <w>0.3939394</w>
      <t>1934</t>
    </point>
    <point>
      <x>0.29333332</x>
      <y>0.50666666</y>
      <w>0.48387095</w>
      <t>1966</t>
    </point>
    <point>
      <x>0.29333332</x>
      <y>0.5083333</y>
      <w>0.48387095</w>
      <t>1966</t>
    </point>
    <point>
      <x>0.295</x>
      <y>0.51</y>
      <w>0.48387095</w>
      <t>1966</t>
    </point>
    <point>
      <x>0.295</x>
      <y>0.51166666</y>
      <w>0.5542522</w>
      <t>2000</t>
    </point>
    <point>
      <x>0.295</x>
      <y>0.5133333</y>
      <w>0.5542522</w>
      <t>2000</t>
    </point>
    <point>
      <x>0.29666665</x>
      <y>0.515</y>
      <w>0.5542522</w>
      <t>2000</t>
    </point>
    <point>
      <x>0.29666665</x>
      <y>0.51666665</y>
      <w>0.5542522</w>
      <t>2000</t>
    </point>
    <point>
      <x>0.29666665</x>
      <y>0.5183333</y>
      <w>0.62658846</w>
      <t>2033</t>
    </point>
    <point>
      <x>0.29666665</x>
      <y>0.52</y>
      <w>0.62658846</w>
      <t>2033</t>
    </point>
    <point>
      <x>0.29666665</x>
      <y>0.52166665</y>
      <w>0.62658846</w>
      <t>2033</t>
    </point>
    <point>
      <x>0.29666665</x>
      <y>0.5233333</y>
      <w>0.62658846</w>
      <t>2033</t>
    </point>
    <point>
      <x>0.29666665</x>
      <y>0.52666664</y>
      <w>0.7155425</w>
      <t>2067</t>
    </point>
    <point>
      <x>0.29833335</x>
      <y>0.5283333</y>
      <w>0.7155425</w>
      <t>2067</t>
    </point>
    <point>
      <x>0.29833335</x>
      <y>0.5316667</y>
      <w>0.7155425</w>
      <t>2067</t>
    </point>
    <point>
      <x>0.29833335</x>
      <y>0.53333336</y>
      <w>0.7155425</w>
      <t>2067</t>
    </point>
    <point>
      <x>0.29833335</x>
      <y>0.535</y>
      <w>0.75659823</w>
      <t>2100</t>
    </point>
    <point>
      <x>0.29833335</x>
      <y>0.53833336</y>
      <w>0.75659823</w>
      <t>2100</t>
    </point>
    <point>
      <x>0.29833335</x>
      <y>0.54</y>
      <w>0.75659823</w>
      <t>2100</t>
    </point>
    <point>
      <x>0.3</x>
      <y>0.54333335</y>
      <w>0.75659823</w>
      <t>2100</t>
    </point>
    <point>
      <x>0.3</x>
      <y>0.545</y>
      <w>0.75659823</w>
      <t>2100</t>
    </point>
    <point>
      <x>0.3</x>
      <y>0.54833335</y>
      <w>0.799609</w>
      <t>2133</t>
    </point>
    <point>
      <x>0.3</x>
      <y>0.5516667</y>
      <w>0.799609</w>
      <t>2133</t>
    </point>
    <point>
      <x>0.3</x>
      <y>0.555</y>
      <w>0.799609</w>
      <t>2133</t>
    </point>
    <point>
      <x>0.3</x>
      <y>0.55833334</y>
      <w>0.799609</w>
      <t>2133</t>
    </point>
    <point>
      <x>0.3</x>
      <y>0.56333333</y>
      <w>0.83284456</w>
      <t>2167</t>
    </point>
    <point>
      <x>0.3</x>
      <y>0.56666666</y>
      <w>0.83284456</w>
      <t>2167</t>
    </point>
    <point>
      <x>0.3</x>
      <y>0.57166666</y>
      <w>0.83284456</w>
      <t>2167</t>
    </point>
    <point>
      <x>0.3</x>
      <y>0.575</y>
      <w>0.83284456</w>
      <t>2167</t>
    </point>
    <point>
      <x>0.3</x>
      <y>0.5783333</y>
      <w>0.83284456</w>
      <t>2167</t>
    </point>
    <point>
      <x>0.3</x>
      <y>0.5833333</y>
      <w>0.8514174</w>
      <t>2200</t>
    </point>
    <point>
      <x>0.3</x>
      <y>0.58666664</y>
      <w>0.8514174</w>
      <t>2200</t>
    </point>
    <point>
      <x>0.3</x>
      <y>0.59166664</y>
      <w>0.8514174</w>
      <t>2200</t>
    </point>
    <point>
      <x>0.3</x>
      <y>0.5966667</y>
      <w>0.8514174</w>
      <t>2200</t>
    </point>
    <point>
      <x>0.3</x>
      <y>0.6016667</y>
      <w>0.87781036</w>
      <t>2233</t>
    </point>
    <point>
      <x>0.3</x>
      <y>0.6066667</y>
      <w>0.87781036</w>
      <t>2233</t>
    </point>
    <point>
      <x>0.3</x>
      <y>0.6116667</y>
      <w>0.87781036</w>
      <t>2233</t>
    </point>
    <point>
      <x>0.3</x>
      <y>0.6166667</y>
      <w>0.87781036</w>
      <t>2234</t>
    </point>
    <point>
      <x>0.3</x>
      <y>0.62333333</y>
      <w>0.87781036</w>
      <t>2234</t>
    </point>
    <point>
      <x>0.3</x>
      <y>0.63</y>
      <w>0.89442813</w>
      <t>2272</t>
    </point>
    <point>
      <x>0.3</x>
      <y>0.635</y>
      <w>0.89442813</w>
      <t>2272</t>
    </point>
    <point>
      <x>0.3</x>
      <y>0.64166665</y>
      <w>0.89442813</w>
      <t>2272</t>
    </point>
    <point>
      <x>0.3</x>
      <y>0.6483333</y>
      <w>0.89442813</w>
      <t>2272</t>
    </point>
    <point>
      <x>0.3</x>
      <y>0.6533333</y>
      <w>0.89442813</w>
      <t>2272</t>
    </point>
    <point>
      <x>0.3</x>
      <y>0.65833336</y>
      <w>0.8993157</w>
      <t>2302</t>
    </point>
    <point>
      <x>0.3</x>
      <y>0.665</y>
      <w>0.8993157</w>
      <t>2302</t>
    </point>
    <point>
      <x>0.3</x>
      <y>0.6716667</y>
      <w>0.8993157</w>
      <t>2302</t>
    </point>
    <point>
      <x>0.3</x>
      <y>0.67833334</y>
      <w>0.8993157</w>
      <t>2302</t>
    </point>
    <point>
      <x>0.3</x>
      <y>0.685</y>
      <w>0.9042033</w>
      <t>2333</t>
    </point>
    <point>
      <x>0.3</x>
      <y>0.69166666</y>
      <w>0.9042033</w>
      <t>2333</t>
    </point>
    <point>
      <x>0.3</x>
      <y>0.6983333</y>
      <w>0.9042033</w>
      <t>2333</t>
    </point>
    <point>
      <x>0.3</x>
      <y>0.705</y>
      <w>0.9042033</w>
      <t>2333</t>
    </point>
    <point>
      <x>0.30166668</x>
      <y>0.71166664</y>
      <w>0.9042033</w>
      <t>2367</t>
    </point>
    <point>
      <x>0.30166668</x>
      <y>0.7183333</y>
      <w>0.9042033</w>
      <t>2367</t>
    </point>
    <point>
      <x>0.30333334</x>
      <y>0.72333336</y>
      <w>0.9042033</w>
      <t>2367</t>
    </point>
    <point>
      <x>0.305</x>
      <y>0.72833335</y>
      <w>0.9042033</w>
      <t>2367</t>
    </point>
    <point>
      <x>0.30666667</x>
      <y>0.735</y>
      <w>0.9042033</w>
      <t>2400</t>
    </point>
    <point>
      <x>0.30666667</x>
      <y>0.74</y>
      <w>0.9042033</w>
      <t>2400</t>
    </point>
    <point>
      <x>0.30833334</x>
      <y>0.74333334</y>
      <w>0.9042033</w>
      <t>2400</t>
    </point>
    <point>
      <x>0.31</x>
      <y>0.74833333</y>
      <w>0.9042033</w>
      <t>2400</t>
    </point>
    <point>
      <x>0.31</x>
      <y>0.75166667</y>
      <w>0.9042033</w>
      <t>2400</t>
    </point>
    <point>
      <x>0.31166667</x>
      <y>0.75333333</y>
      <w>0.9032258</w>
      <t>2433</t>
    </point>
    <point>
      <x>0.31333333</x>
      <y>0.75666666</y>
      <w>0.9032258</w>
      <t>2433</t>
    </point>
    <point>
      <x>0.31333333</x>
      <y>0.7583333</y>
      <w>0.9032258</w>
      <t>2433</t>
    </point>
    <point>
      <x>0.315</x>
      <y>0.76166666</y>
      <w>0.9032258</w>
      <t>2433</t>
    </point>
    <point>
      <x>0.315</x>
      <y>0.7633333</y>
      <w>0.9032258</w>
      <t>2467</t>
    </point>
    <point>
      <x>0.31666666</x>
      <y>0.765</y>
      <w>0.9032258</w>
      <t>2467</t>
    </point>
    <point>
      <x>0.31666666</x>
      <y>0.7683333</y>
      <w>0.9032258</w>
      <t>2467</t>
    </point>
    <point>
      <x>0.31833333</x>
      <y>0.77</y>
      <w>0.9032258</w>
      <t>2467</t>
    </point>
    <point>
      <x>0.31833333</x>
      <y>0.77166665</y>
      <w>0.9032258</w>
      <t>2467</t>
    </point>
    <point>
      <x>0.31833333</x>
      <y>0.7733333</y>
      <w>0.9032258</w>
      <t>2500</t>
    </point>
    <point>
      <x>0.32</x>
      <y>0.775</y>
      <w>0.9032258</w>
      <t>2500</t>
    </point>
    <point>
      <x>0.32</x>
      <y>0.77666664</y>
      <w>0.9032258</w>
      <t>2500</t>
    </point>
    <point>
      <x>0.32166666</x>
      <y>0.77666664</y>
      <w>0.8973607</w>
      <t>2533</t>
    </point>
    <point>
      <x>0.32333332</x>
      <y>0.77666664</y>
      <w>0.8123167</w>
      <t>2633</t>
    </point>
    <point>
      <x>0.32333332</x>
      <y>0.775</y>
      <w>0.8123167</w>
      <t>2633</t>
    </point>
    <point>
      <x>0.325</x>
      <y>0.775</y>
      <w>0.77614856</w>
      <t>2667</t>
    </point>
    <point>
      <x>0.325</x>
      <y>0.7733333</y>
      <w>0.77614856</w>
      <t>2667</t>
    </point>
    <point>
      <x>0.32666665</x>
      <y>0.77166665</y>
      <w>0.77614856</w>
      <t>2667</t>
    </point>
    <point>
      <x>0.32666665</x>
      <y>0.77</y>
      <w>0.77614856</w>
      <t>2667</t>
    </point>
    <point>
      <x>0.32833335</x>
      <y>0.76666665</y>
      <w>0.7106549</w>
      <t>2700</t>
    </point>
    <point>
      <x>0.32833335</x>
      <y>0.765</y>
      <w>0.7106549</w>
      <t>2700</t>
    </point>
    <point>
      <x>0.33</x>
      <y>0.76166666</y>
      <w>0.7106549</w>
      <t>2700</t>
    </point>
    <point>
      <x>0.33</x>
      <y>0.76</y>
      <w>0.7106549</w>
      <t>2700</t>
    </point>
    <point>
      <x>0.33166668</x>
      <y>0.75666666</y>
      <w>0.7106549</w>
      <t>2700</t>
    </point>
    <point>
      <x>0.33166668</x>
      <y>0.755</y>
      <w>0.65786904</w>
      <t>2733</t>
    </point>
    <point>
      <x>0.33166668</x>
      <y>0.75333333</y>
      <w>0.65786904</w>
      <t>2733</t>
    </point>
    <point>
      <x>0.33333334</x>
      <y>0.75166667</y>
      <w>0.65786904</w>
      <t>2733</t>
    </point>
    <point>
      <x>0.33333334</x>
      <y>0.74833333</y>
      <w>0.65786904</w>
      <t>2733</t>
    </point>
    <point>
      <x>0.33333334</x>
      <y>0.74666667</y>
      <w>0.61290324</w>
      <t>2767</t>
    </point>
    <point>
      <x>0.335</x>
      <y>0.74333334</y>
      <w>0.61290324</w>
      <t>2767</t>
    </point>
    <point>
      <x>0.335</x>
      <y>0.74</y>
      <w>0.61290324</w>
      <t>2767</t>
    </point>
    <point>
      <x>0.33666667</x>
      <y>0.73833334</y>
      <w>0.61290324</w>
      <t>2767</t>
    </point>
    <point>
      <x>0.33666667</x>
      <y>0.735</y>
      <w>0.61290324</w>
      <t>2767</t>
    </point>
    <point>
      <x>0.33833334</x>
      <y>0.7316667</y>
      <w>0.5434995</w>
      <t>2800</t>
    </point>
    <point>
      <x>0.34</x>
      <y>0.7266667</y>
      <w>0.5434995</w>
      <t>2800</t>
    </point>
    <point>
      <x>0.34</x>
      <y>0.72333336</y>
      <w>0.5434995</w>
      <t>2800</t>
    </point>
    <point>
      <x>0.34166667</x>
      <y>0.72</y>
      <w>0.5434995</w>
      <t>2800</t>
    </point>
    <point>
      <x>0.34333333</x>
      <y>0.71666664</y>
      <w>0.4740958</w>
      <t>2834</t>
    </point>
    <point>
      <x>0.34333333</x>
      <y>0.7133333</y>
      <w>0.4740958</w>
      <t>2834</t>
    </point>
    <point>
      <x>0.345</x>
      <y>0.71</y>
      <w>0.4740958</w>
      <t>2834</t>
    </point>
    <point>
      <x>0.34666666</x>
      <y>0.70666665</y>
      <w>0.4740958</w>
      <t>2834</t>
    </point>
    <point>
      <x>0.34666666</x>
      <y>0.7033333</y>
      <w>0.4740958</w>
      <t>2834</t>
    </point>
    <point>
      <x>0.34833333</x>
      <y>0.6983333</y>
      <w>0.41935483</w>
      <t>2866</t>
    </point>
    <point>
      <x>0.35</x>
      <y>0.695</y>
      <w>0.41935483</w>
      <t>2866</t>
    </point>
    <point>
      <x>0.35166666</x>
      <y>0.69</y>
      <w>0.41935483</w>
      <t>2866</t>
    </point>
    <point>
      <x>0.35333332</x>
      <y>0.685</y>
      <w>0.41935483</w>
      <t>2866</t>
    </point>
    <point>
      <x>0.355</x>
      <y>0.6816667</y>
      <w>0.34506354</w>
      <t>2900</t>
    </point>
    <point>
      <x>0.35666665</x>
      <y>0.6766667</y>
      <w>0.34506354</w>
      <t>2900</t>
    </point>
    <point>
      <x>0.35833332</x>
      <y>0.6716667</y>
      <w>0.34506354</w>
      <t>2900</t>
    </point>
    <point>
      <x>0.36</x>
      <y>0.66833335</y>
      <w>0.34506354</w>
      <t>2900</t>
    </point>
    <point>
      <x>0.36166668</x>
      <y>0.66333336</y>
      <w>0.21896383</w>
      <t>2934</t>
    </point>
    <point>
      <x>0.36333334</x>
      <y>0.66</y>
      <w>0.21896383</w>
      <t>2934</t>
    </point>
    <point>
      <x>0.365</x>
      <y>0.655</y>
      <w>0.21896383</w>
      <t>2934</t>
    </point>
    <point>
      <x>0.36833334</x>
      <y>0.65</y>
      <w>0.21896383</w>
      <t>2934</t>
    </point>
    <point>
      <x>0.37</x>
      <y>0.645</y>
      <w>0.21896383</w>
      <t>2934</t>
    </point>
    <point>
      <x>0.37333333</x>
      <y>0.6383333</y>
      <w>0.11632454</w>
      <t>2967</t>
    </point>
    <point>
      <x>0.375</x>
      <y>0.6333333</y>
      <w>0.11632454</w>
      <t>2967</t>
    </point>
    <point>
      <x>0.37666667</x>
      <y>0.63</y>
      <w>0.11632454</w>
      <t>2967</t>
    </point>
    <point>
      <x>0.37833333</x>
      <y>0.62666667</y>
      <w>0.11632454</w>
      <t>2967</t>
    </point>
  </stroke>
  <stroke time="4400">
    <point>
      <x>0.535</x>
      <y>0.33833334</y>
      <w>0.09872923</w>
      <t>4433</t>
    </point>
    <point>
      <x>0.5366667</x>
      <y>0.33833334</y>
      <w>0.09872923</w>
      <t>4433</t>
    </point>
    <point>
      <x>0.5366667</x>
      <y>0.34</y>
      <w>0.09872923</w>
      <t>4433</t>
    </point>
    <point>
      <x>0.53833336</x>
      <y>0.34</y>
      <w>0.09872923</w>
      <t>4433</t>
    </point>
    <point>
      <x>0.54</x>
      <y>0.34</y>
      <w>0.09872923</w>
      <t>4433</t>
    </point>
    <point>
      <x>0.5416667</x>
      <y>0.34166667</y>
      <w>0.21212122</w>
      <t>4467</t>
    </point>
    <point>
      <x>0.54333335</x>
      <y>0.34166667</y>
      <w>0.21212122</w>
      <t>4467</t>
    </point>
    <point>
      <x>0.545</x>
      <y>0.34166667</y>
      <w>0.21212122</w>
      <t>4467</t>
    </point>
    <point>
      <x>0.545</x>
      <y>0.34333333</y>
      <w>0.21212122</w>
      <t>4467</t>
    </point>
    <point>
      <x>0.5466667</x>
      <y>0.34333333</y>
      <w>0.31182796</w>
      <t>4500</t>
    </point>
    <point>
      <x>0.54833335</x>
      <y>0.34333333</y>
      <w>0.31182796</w>
      <t>4500</t>
    </point>
    <point>
      <x>0.54833335</x>
      <y>0.345</y>
      <w>0.31182796</w>
      <t>4500</t>
    </point>
    <point>
      <x>0.55</x>
      <y>0.345</y>
      <w>0.42130986</w>
      <t>4533</t>
    </point>
    <point>
      <x>0.5516667</x>
      <y>0.345</y>
      <w>0.42130986</w>
      <t>4533</t>
    </point>
    <point>
      <x>0.55333334</x>
      <y>0.345</y>
      <w>0.5034213</w>
      <t>4567</t>
    </point>
    <point>
      <x>0.555</x>
      <y>0.34666666</y>
      <w>0.5034213</w>
      <t>4567</t>
    </point>
    <point>
      <x>0.5566667</x>
      <y>0.34666666</y>
      <w>0.5659824</w>
      <t>4599</t>
    </point>
    <point>
      <x>0.55833334</x>
      <y>0.34666666</y>
      <w>0.5659824</w>
      <t>4599</t>
    </point>
    <point>
      <x>0.56</x>
      <y>0.34666666</y>
      <w>0.5659824</w>
      <t>4599</t>
    </point>
    <point>
      <x>0.56166667</x>
      <y>0.34666666</y>
      <w>0.59237534</w>
      <t>4634</t>
    </point>
    <point>
      <x>0.56333333</x>
      <y>0.34666666</y>
      <w>0.59237534</w>
      <t>4634</t>
    </point>
    <point>
      <x>0.565</x>
      <y>0.34666666</y>
      <w>0.59237534</w>
      <t>4634</t>
    </point>
    <point>
      <x>0.56666666</x>
      <y>0.34666666</y>
      <w>0.5982405</w>
      <t>4667</t>
    </point>
    <point>
      <x>0.5683333</x>
      <y>0.34666666</y>
      <w>0.5982405</w>
      <t>4667</t>
    </point>
    <point>
      <x>0.57</x>
      <y>0.34666666</y>
      <w>0.6050831</w>
      <t>4699</t>
    </point>
    <point>
      <x>0.57166666</x>
      <y>0.34666666</y>
      <w>0.6050831</w>
      <t>4699</t>
    </point>
    <point>
      <x>0.5733333</x>
      <y>0.34666666</y>
      <w>0.6050831</w>
      <t>4699</t>
    </point>
    <point>
      <x>0.575</x>
      <y>0.345</y>
      <w>0.61290324</w>
      <t>4733</t>
    </point>
    <point>
      <x>0.57666665</x>
      <y>0.345</y>
      <w>0.61290324</w>
      <t>4733</t>
    </point>
    <point>
      <x>0.5783333</x>
      <y>0.345</y>
      <w>0.61290324</w>
      <t>4733</t>
    </point>
    <point>
      <x>0.58</x>
      <y>0.34333333</y>
      <w>0.61290324</w>
      <t>4733</t>
    </point>
    <point>
      <x>0.58166665</x>
      <y>0.34333333</y>
      <w>0.61290324</w>
      <t>4733</t>
    </point>
    <point>
      <x>0.5833333</x>
      <y>0.34333333</y>
      <w>0.61876833</w>
      <t>4766</t>
    </point>
    <point>
      <x>0.585</x>
      <y>0.34166667</y>
      <w>0.61876833</w>
      <t>4766</t>
    </point>
    <point>
      <x>0.58666664</x>
      <y>0.34166667</y>
      <w>0.61876833</w>
      <t>4766</t>
    </point>
    <point>
      <x>0.5883333</x>
      <y>0.34166667</y>
      <w>0.61876833</w>
      <t>4766</t>
    </point>
    <point>
      <x>0.59</x>
      <y>0.34166667</y>
      <w>0.6217009</w>
      <t>4800</t>
    </point>
    <point>
      <x>0.59166664</x>
      <y>0.34</y>
      <w>0.6217009</w>
      <t>4800</t>
    </point>
    <point>
      <x>0.5933333</x>
      <y>0.34</y>
      <w>0.6217009</w>
      <t>4800</t>
    </point>
    <point>
      <x>0.5966667</x>
      <y>0.33833334</y>
      <w>0.6217009</w>
      <t>4800</t>
    </point>
    <point>
      <x>0.59833336</x>
      <y>0.33666667</y>
      <w>0.6217009</w>
      <t>4800</t>
    </point>
    <point>
      <x>0.6016667</x>
      <y>0.33666667</y>
      <w>0.6236559</w>
      <t>4833</t>
    </point>
    <point>
      <x>0.605</x>
      <y>0.335</y>
      <w>0.6236559</w>
      <t>4833</t>
    </point>
    <point>
      <x>0.60833335</x>
      <y>0.33333334</y>
      <w>0.6236559</w>
      <t>4833</t>
    </point>
    <point>
      <x>0.6116667</x>
      <y>0.33333334</y>
      <w>0.6236559</w>
      <t>4833</t>
    </point>
    <point>
      <x>0.615</x>
      <y>0.33166668</y>
      <w>0.62463343</w>
      <t>4867</t>
    </point>
    <point>
      <x>0.61833334</x>
      <y>0.33</y>
      <w>0.62463343</w>
      <t>4867</t>
    </point>
    <point>
      <x>0.62166667</x>
      <y>0.32833335</y>
      <w>0.62463343</w>
      <t>4867</t>
    </point>
    <point>
      <x>0.62666667</x>
      <y>0.32666665</y>
      <w>0.62463343</w>
      <t>4867</t>
    </point>
    <point>
      <x>0.63</x>
      <y>0.325</y>
      <w>0.62463343</w>
      <t>4867</t>
    </point>
    <point>
      <x>0.635</x>
      <y>0.32333332</y>
      <w>0.6226784</w>
      <t>4900</t>
    </point>
    <point>
      <x>0.6383333</x>
      <y>0.32166666</y>
      <w>0.6226784</w>
      <t>4900</t>
    </point>
    <point>
      <x>0.6433333</x>
      <y>0.32</y>
      <w>0.6226784</w>
      <t>4900</t>
    </point>
    <point>
      <x>0.6483333</x>
      <y>0.32</y>
      <w>0.6226784</w>
      <t>4900</t>
    </point>
    <point>
      <x>0.65166664</x>
      <y>0.31833333</y>
      <w>0.61974585</w>
      <t>4933</t>
    </point>
    <point>
      <x>0.6566667</x>
      <y>0.31666666</y>
      <w>0.61974585</w>
      <t>4933</t>
    </point>
    <point>
      <x>0.6616667</x>
      <y>0.315</y>
      <w>0.61974585</w>
      <t>4933</t>
    </point>
    <point>
      <x>0.6666667</x>
      <y>0.315</y>
      <w>0.61974585</w>
      <t>4933</t>
    </point>
    <point>
      <x>0.6716667</x>
      <y>0.31333333</y>
      <w>0.61974585</w>
      <t>4933</t>
    </point>
    <point>
      <x>0.675</x>
      <y>0.31166667</y>
      <w>0.6177908</w>
      <t>4967</t>
    </point>
    <point>
      <x>0.68</x>
      <y>0.31166667</y>
      <w>0.6177908</w>
      <t>4967</t>
    </point>
    <point>
      <x>0.68333334</x>
      <y>0.31166667</y>
      <w>0.6177908</w>
      <t>4967</t>
    </point>
    <point>
      <x>0.68666667</x>
      <y>0.31</y>
      <w>0.6177908</w>
      <t>4967</t>
    </point>
    <point>
      <x>0.69</x>
      <y>0.31</y>
      <w>0.6177908</w>
      <t>5000</t>
    </point>
    <point>
      <x>0.69166666</x>
      <y>0.31</y>
      <w>0.6177908</w>
      <t>5000</t>
    </point>
    <point>
      <x>0.695</x>
      <y>0.31</y>
      <w>0.6177908</w>
      <t>5000</t>
    </point>
    <point>
      <x>0.69666666</x>
      <y>0.31</y>
      <w>0.6177908</w>
      <t>5000</t>
    </point>
    <point>
      <x>0.6983333</x>
      <y>0.31</y>
      <w>0.6177908</w>
      <t>5034</t>
    </point>
    <point>
      <x>0.7</x>
      <y>0.31</y>
      <w>0.6177908</w>
      <t>5034</t>
    </point>
    <point>
      <x>0.70166665</x>
      <y>0.31</y>
      <w>0.6168133</w>
      <t>5067</t>
    </point>
    <point>
      <x>0.70166665</x>
      <y>0.31166667</y>
      <w>0.6168133</w>
      <t>5067</t>
    </point>
    <point>
      <x>0.7033333</x>
      <y>0.31333333</y>
      <w>0.6217009</w>
      <t>5100</t>
    </point>
    <point>
      <x>0.705</x>
      <y>0.31333333</y>
      <w>0.6217009</w>
      <t>5100</t>
    </point>
    <point>
      <x>0.705</x>
      <y>0.315</y>
      <w>0.6217009</w>
      <t>5100</t>
    </point>
    <point>
      <x>0.705</x>
      <y>0.31666666</y>
      <w>0.6089932</w>
      <t>5300</t>
    </point>
    <point>
      <x>0.7033333</x>
      <y>0.31833333</y>
      <w>0.58162266</w>
      <t>5333</t>
    </point>
    <point>
      <x>0.70166665</x>
      <y>0.31833333</y>
      <w>0.58162266</w>
      <t>5333</t>
    </point>
    <point>
      <x>0.7</x>
      <y>0.31833333</y>
      <w>0.58162266</w>
      <t>5333</t>
    </point>
    <point>
      <x>0.7</x>
      <y>0.32</y>
      <w>0.58162266</w>
      <t>5333</t>
    </point>
    <point>
      <x>0.6983333</x>
      <y>0.32</y>
      <w>0.58162266</w>
      <t>5333</t>
    </point>
    <point>
      <x>0.69666666</x>
      <y>0.32166666</y>
      <w>0.57087</w>
      <t>5367</t>
    </point>
    <point>
      <x>0.695</x>
      <y>0.32333332</y>
      <w>0.57087</w>
      <t>5367</t>
    </point>
    <point>
      <x>0.6933333</x>
      <y>0.32333332</y>
      <w>0.57087</w>
      <t>5367</t>
    </point>
    <point>
      <x>0.69166666</x>
      <y>0.325</y>
      <w>0.53079176</w>
      <t>5400</t>
    </point>
    <point>
      <x>0.69</x>
      <y>0.32666665</y>
      <w>0.53079176</w>
      <t>5400</t>
    </point>
    <point>
      <x>0.68833333</x>
      <y>0.32666665</y>
      <w>0.53079176</w>
      <t>5400</t>
    </point>
    <point>
      <x>0.68666667</x>
      <y>0.32833335</y>
      <w>0.53079176</w>
      <t>5400</t>
    </point>
    <point>
      <x>0.685</x>
      <y>0.32833335</y>
      <w>0.47605082</w>
      <t>5433</t>
    </point>
    <point>
      <x>0.68333334</x>
      <y>0.33</y>
      <w>0.47605082</w>
      <t>5433</t>
    </point>
    <point>
      <x>0.6816667</x>
      <y>0.33166668</y>
      <w>0.47605082</w>
      <t>5433</t>
    </point>
    <point>
      <x>0.68</x>
      <y>0.33166668</y>
      <w>0.47605082</w>
      <t>5433</t>
    </point>
    <point>
      <x>0.67833334</x>
      <y>0.33333334</y>
      <w>0.42130986</w>
      <t>5467</t>
    </point>
    <point>
      <x>0.6766667</x>
      <y>0.335</y>
      <w>0.42130986</w>
      <t>5467</t>
    </point>
    <point>
      <x>0.675</x>
      <y>0.33666667</y>
      <w>0.42130986</w>
      <t>5467</t>
    </point>
    <point>
      <x>0.67333335</x>
      <y>0.33833334</y>
      <w>0.42130986</w>
      <t>5467</t>
    </point>
    <point>
      <x>0.6716667</x>
      <y>0.34</y>
      <w>0.42130986</w>
      <t>5467</t>
    </point>
    <point>
      <x>0.66833335</x>
      <y>0.34166667</y>
      <w>0.3372434</w>
      <t>5500</t>
    </point>
    <point>
      <x>0.6666667</x>
      <y>0.34333333</y>
      <w>0.3372434</w>
      <t>5500</t>
    </point>
    <point>
      <x>0.665</x>
      <y>0.34666666</y>
      <w>0.3372434</w>
      <t>5500</t>
    </point>
    <point>
      <x>0.6616667</x>
      <y>0.34833333</y>
      <w>0.3372434</w>
      <t>5500</t>
    </point>
    <point>
      <x>0.66</x>
      <y>0.35</y>
      <w>0.15347019</w>
      <t>5533</t>
    </point>
    <point>
      <x>0.6566667</x>
      <y>0.35333332</y>
      <w>0.15347019</w>
      <t>5533</t>
    </point>
    <point>
      <x>0.6533333</x>
      <y>0.355</y>
      <w>0.15347019</w>
      <t>5533</t>
    </point>
  </stroke>
  <stroke time="6834">
    <point>
      <x>0.49833333</x>
      <y>0.49666667</y>
      <w>0.04692082</w>
      <t>6834</t>
    </point>
    <point>
      <x>0.49833333</x>
      <y>0.49833333</y>
      <w>0.04692082</w>
      <t>6834</t>
    </point>
    <point>
      <x>0.49833333</x>
      <y>0.5</y>
      <w>0.04692082</w>
      <t>6834</t>
    </point>
    <point>
      <x>0.49666667</x>
      <y>0.5</y>
      <w>0.13978495</w>
      <t>6868</t>
    </point>
    <point>
      <x>0.49666667</x>
      <y>0.50166667</y>
      <w>0.13978495</w>
      <t>6868</t>
    </point>
    <point>
      <x>0.49666667</x>
      <y>0.505</y>
      <w>0.13978495</w>
      <t>6868</t>
    </point>
    <point>
      <x>0.495</x>
      <y>0.50666666</y>
      <w>0.13978495</w>
      <t>6868</t>
    </point>
    <point>
      <x>0.495</x>
      <y>0.51</y>
      <w>0.22189638</w>
      <t>6901</t>
    </point>
    <point>
      <x>0.49333334</x>
      <y>0.515</y>
      <w>0.22189638</w>
      <t>6901</t>
    </point>
    <point>
      <x>0.49333334</x>
      <y>0.5183333</y>
      <w>0.22189638</w>
      <t>6901</t>
    </point>
    <point>
      <x>0.49166667</x>
      <y>0.52166665</y>
      <w>0.22189638</w>
      <t>6901</t>
    </point>
    <point>
      <x>0.49166667</x>
      <y>0.525</y>
      <w>0.22189638</w>
      <t>6901</t>
    </point>
    <point>
      <x>0.49</x>
      <y>0.5283333</y>
      <w>0.3714565</w>
      <t>6934</t>
    </point>
    <point>
      <x>0.49</x>
      <y>0.5316667</y>
      <w>0.3714565</w>
      <t>6934</t>
    </point>
    <point>
      <x>0.49</x>
      <y>0.535</y>
      <w>0.3714565</w>
      <t>6934</t>
    </point>
    <point>
      <x>0.49</x>
      <y>0.53833336</y>
      <w>0.3714565</w>
      <t>6934</t>
    </point>
    <point>
      <x>0.49</x>
      <y>0.5416667</y>
      <w>0.52394915</w>
      <t>6968</t>
    </point>
    <point>
      <x>0.49</x>
      <y>0.54333335</y>
      <w>0.52394915</w>
      <t>6968</t>
    </point>
    <point>
      <x>0.49</x>
      <y>0.5466667</y>
      <w>0.52394915</w>
      <t>6968</t>
    </point>
    <point>
      <x>0.49</x>
      <y>0.54833335</y>
      <w>0.52394915</w>
      <t>6968</t>
    </point>
    <point>
      <x>0.49</x>
      <y>0.5516667</y>
      <w>0.52394915</w>
      <t>6968</t>
    </point>
    <point>
      <x>0.49</x>
      <y>0.55333334</y>
      <w>0.6363636</w>
      <t>7001</t>
    </point>
    <point>
      <x>0.49</x>
      <y>0.555</y>
      <w>0.6363636</w>
      <t>7001</t>
    </point>
    <point>
      <x>0.49</x>
      <y>0.5566667</y>
      <w>0.6363636</w>
      <t>7001</t>
    </point>
    <point>
      <x>0.49</x>
      <y>0.55833334</y>
      <w>0.6363636</w>
      <t>7001</t>
    </point>
    <point>
      <x>0.49166667</x>
      <y>0.56</y>
      <w>0.70087975</w>
      <t>7034</t>
    </point>
    <point>
      <x>0.49333334</x>
      <y>0.56333333</y>
      <w>0.70087975</w>
      <t>7034</t>
    </point>
    <point>
      <x>0.49333334</x>
      <y>0.565</y>
      <w>0.70087975</w>
      <t>7034</t>
    </point>
    <point>
      <x>0.495</x>
      <y>0.56666666</y>
      <w>0.70087975</w>
      <t>7034</t>
    </point>
    <point>
      <x>0.495</x>
      <y>0.5683333</y>
      <w>0.70087975</w>
      <t>7034</t>
    </point>
    <point>
      <x>0.49666667</x>
      <y>0.5683333</y>
      <w>0.73411536</w>
      <t>7068</t>
    </point>
    <point>
      <x>0.49666667</x>
      <y>0.57</y>
      <w>0.73411536</w>
      <t>7068</t>
    </point>
    <point>
      <x>0.49833333</x>
      <y>0.57166666</y>
      <w>0.74584556</w>
      <t>7101</t>
    </point>
    <point>
      <x>0.5</x>
      <y>0.57166666</y>
      <w>0.7497556</w>
      <t>7134</t>
    </point>
    <point>
      <x>0.5</x>
      <y>0.5733333</y>
      <w>0.7497556</w>
      <t>7134</t>
    </point>
    <point>
      <x>0.50166667</x>
      <y>0.5733333</y>
      <w>0.7497556</w>
      <t>7134</t>
    </point>
    <point>
      <x>0.50333333</x>
      <y>0.5733333</y>
      <w>0.7497556</w>
      <t>7234</t>
    </point>
    <point>
      <x>0.505</x>
      <y>0.5733333</y>
      <w>0.7438905</w>
      <t>7268</t>
    </point>
    <point>
      <x>0.50666666</x>
      <y>0.5733333</y>
      <w>0.7438905</w>
      <t>7268</t>
    </point>
    <point>
      <x>0.50666666</x>
      <y>0.57166666</y>
      <w>0.72238517</w>
      <t>7301</t>
    </point>
    <point>
      <x>0.5083333</x>
      <y>0.57166666</y>
      <w>0.72238517</w>
      <t>7301</t>
    </point>
    <point>
      <x>0.51</x>
      <y>0.57</y>
      <w>0.72238517</w>
      <t>7301</t>
    </point>
    <point>
      <x>0.51166666</x>
      <y>0.5683333</y>
      <w>0.72238517</w>
      <t>7301</t>
    </point>
    <point>
      <x>0.5133333</x>
      <y>0.5683333</y>
      <w>0.65884656</w>
      <t>7334</t>
    </point>
    <point>
      <x>0.515</x>
      <y>0.56666666</y>
      <w>0.65884656</w>
      <t>7334</t>
    </point>
    <point>
      <x>0.515</x>
      <y>0.565</y>
      <w>0.65884656</w>
      <t>7334</t>
    </point>
    <point>
      <x>0.51666665</x>
      <y>0.565</y>
      <w>0.65884656</w>
      <t>7334</t>
    </point>
    <point>
      <x>0.5183333</x>
      <y>0.56333333</y>
      <w>0.65884656</w>
      <t>7334</t>
    </point>
    <point>
      <x>0.52</x>
      <y>0.56166667</y>
      <w>0.57575756</w>
      <t>7368</t>
    </point>
    <point>
      <x>0.52166665</x>
      <y>0.56</y>
      <w>0.57575756</w>
      <t>7368</t>
    </point>
    <point>
      <x>0.5233333</x>
      <y>0.55833334</y>
      <w>0.57575756</w>
      <t>7368</t>
    </point>
    <point>
      <x>0.525</x>
      <y>0.5566667</y>
      <w>0.5034213</w>
      <t>7401</t>
    </point>
    <point>
      <x>0.52666664</x>
      <y>0.555</y>
      <w>0.5034213</w>
      <t>7401</t>
    </point>
    <point>
      <x>0.5283333</x>
      <y>0.55333334</y>
      <w>0.5034213</w>
      <t>7401</t>
    </point>
    <point>
      <x>0.53</x>
      <y>0.5516667</y>
      <w>0.5034213</w>
      <t>7401</t>
    </point>
    <point>
      <x>0.5316667</x>
      <y>0.55</y>
      <w>0.39589444</w>
      <t>7435</t>
    </point>
    <point>
      <x>0.53333336</x>
      <y>0.55</y>
      <w>0.39589444</w>
      <t>7435</t>
    </point>
    <point>
      <x>0.535</x>
      <y>0.54833335</y>
      <w>0.39589444</w>
      <t>7435</t>
    </point>
    <point>
      <x>0.5366667</x>
      <y>0.5466667</y>
      <w>0.39589444</w>
      <t>7435</t>
    </point>
    <point>
      <x>0.53833336</x>
      <y>0.545</y>
      <w>0.26490712</w>
      <t>7468</t>
    </point>
    <point>
      <x>0.54</x>
      <y>0.54333335</y>
      <w>0.26490712</w>
      <t>7468</t>
    </point>
    <point>
      <x>0.54333335</x>
      <y>0.5416667</y>
      <w>0.26490712</w>
      <t>7468</t>
    </point>
    <point>
      <x>0.545</x>
      <y>0.54</y>
      <w>0.26490712</w>
      <t>7468</t>
    </point>
    <point>
      <x>0.5466667</x>
      <y>0.53833336</y>
      <w>0.08797654</w>
      <t>7501</t>
    </point>
    <point>
      <x>0.55</x>
      <y>0.535</y>
      <w>0.08797654</w>
      <t>7501</t>
    </point>
    <point>
      <x>0.5516667</x>
      <y>0.53333336</y>
      <w>0.08797654</w>
      <t>7501</t>
    </point>
    <point>
      <x>0.555</x>
      <y>0.53</y>
      <w>0.08797654</w>
      <t>7501</t>
    </point>
  </stroke>
  <stroke time="8634">
    <point>
      <x>0.78</x>
      <y>0.45666668</y>
      <w>0.44868034</w>
      <t>8668</t>
    </point>
    <point>
      <x>0.7816667</x>
      <y>0.45666668</y>
      <w>0.5268817</w>
      <t>8701</t>
    </point>
    <point>
      <x>0.7816667</x>
      <y>0.45833334</y>
      <w>0.5268817</w>
      <t>8701</t>
    </point>
    <point>
      <x>0.78333336</x>
      <y>0.45833334</y>
      <w>0.5268817</w>
      <t>8701</t>
    </point>
    <point>
      <x>0.78333336</x>
      <y>0.46</y>
      <w>0.5268817</w>
      <t>8701</t>
    </point>
    <point>
      <x>0.78333336</x>
      <y>0.46166667</y>
      <w>0.59628546</w>
      <t>8734</t>
    </point>
    <point>
      <x>0.785</x>
      <y>0.46166667</y>
      <w>0.59628546</w>
      <t>8734</t>
    </point>
    <point>
      <x>0.785</x>
      <y>0.46333334</y>
      <w>0.59628546</w>
      <t>8734</t>
    </point>
    <point>
      <x>0.785</x>
      <y>0.465</y>
      <w>0.61974585</w>
      <t>8768</t>
    </point>
    <point>
      <x>0.785</x>
      <y>0.46666667</y>
      <w>0.6656892</w>
      <t>8834</t>
    </point>
    <point>
      <x>0.785</x>
      <y>0.46833333</y>
      <w>0.6656892</w>
      <t>8834</t>
    </point>
    <point>
      <x>0.78333336</x>
      <y>0.46833333</y>
      <w>0.6656892</w>
      <t>8834</t>
    </point>
    <point>
      <x>0.78333336</x>
      <y>0.47</y>
      <w>0.6735093</w>
      <t>8868</t>
    </point>
    <point>
      <x>0.7816667</x>
      <y>0.47</y>
      <w>0.6735093</w>
      <t>8868</t>
    </point>
    <point>
      <x>0.78</x>
      <y>0.47166666</y>
      <w>0.6735093</w>
      <t>8868</t>
    </point>
    <point>
      <x>0.7783333</x>
      <y>0.47166666</y>
      <w>0.67741936</w>
      <t>8901</t>
    </point>
    <point>
      <x>0.77666664</x>
      <y>0.47166666</y>
      <w>0.68230695</w>
      <t>8934</t>
    </point>
    <point>
      <x>0.775</x>
      <y>0.47166666</y>
      <w>0.686217</w>
      <t>8967</t>
    </point>
    <point>
      <x>0.7733333</x>
      <y>0.47166666</y>
      <w>0.686217</w>
      <t>8967</t>
    </point>
    <point>
      <x>0.77166665</x>
      <y>0.47166666</y>
      <w>0.6871945</w>
      <t>9000</t>
    </point>
    <point>
      <x>0.77</x>
      <y>0.47166666</y>
      <w>0.6871945</w>
      <t>9000</t>
    </point>
    <point>
      <x>0.7683333</x>
      <y>0.47166666</y>
      <w>0.68817204</w>
      <t>9034</t>
    </point>
    <point>
      <x>0.76666665</x>
      <y>0.47166666</y>
      <w>0.68817204</w>
      <t>9034</t>
    </point>
    <point>
      <x>0.765</x>
      <y>0.47166666</y>
      <w>0.6901271</w>
      <t>9068</t>
    </point>
    <point>
      <x>0.7633333</x>
      <y>0.47166666</y>
      <w>0.6901271</w>
      <t>9068</t>
    </point>
    <point>
      <x>0.76166666</x>
      <y>0.47166666</y>
      <w>0.6901271</w>
      <t>9068</t>
    </point>
    <point>
      <x>0.76</x>
      <y>0.47166666</y>
      <w>0.6901271</w>
      <t>9068</t>
    </point>
    <point>
      <x>0.75666666</x>
      <y>0.47166666</y>
      <w>0.68817204</w>
      <t>9101</t>
    </point>
    <point>
      <x>0.755</x>
      <y>0.47166666</y>
      <w>0.68817204</w>
      <t>9101</t>
    </point>
    <point>
      <x>0.75166667</x>
      <y>0.47166666</y>
      <w>0.68817204</w>
      <t>9101</t>
    </point>
    <point>
      <x>0.74833333</x>
      <y>0.47166666</y>
      <w>0.68817204</w>
      <t>9101</t>
    </point>
    <point>
      <x>0.745</x>
      <y>0.47166666</y>
      <w>0.68328446</w>
      <t>9135</t>
    </point>
    <point>
      <x>0.7416667</x>
      <y>0.47</y>
      <w>0.68328446</w>
      <t>9135</t>
    </point>
    <point>
      <x>0.73833334</x>
      <y>0.47</y>
      <w>0.68328446</w>
      <t>9135</t>
    </point>
    <point>
      <x>0.735</x>
      <y>0.46833333</y>
      <w>0.68328446</w>
      <t>9135</t>
    </point>
    <point>
      <x>0.73</x>
      <y>0.46833333</y>
      <w>0.68328446</w>
      <t>9135</t>
    </point>
    <point>
      <x>0.7266667</x>
      <y>0.46666667</y>
      <w>0.6539589</w>
      <t>9168</t>
    </point>
    <point>
      <x>0.72333336</x>
      <y>0.465</y>
      <w>0.6539589</w>
      <t>9168</t>
    </point>
    <point>
      <x>0.72</x>
      <y>0.465</y>
      <w>0.6539589</w>
      <t>9168</t>
    </point>
    <point>
      <x>0.71666664</x>
      <y>0.46333334</y>
      <w>0.6539589</w>
      <t>9168</t>
    </point>
    <point>
      <x>0.7133333</x>
      <y>0.46166667</y>
      <w>0.6177908</w>
      <t>9201</t>
    </point>
    <point>
      <x>0.71</x>
      <y>0.46</y>
      <w>0.6177908</w>
      <t>9201</t>
    </point>
    <point>
      <x>0.70666665</x>
      <y>0.45833334</y>
      <w>0.6177908</w>
      <t>9201</t>
    </point>
    <point>
      <x>0.7033333</x>
      <y>0.45666668</y>
      <w>0.6177908</w>
      <t>9201</t>
    </point>
    <point>
      <x>0.7</x>
      <y>0.455</y>
      <w>0.6177908</w>
      <t>9201</t>
    </point>
    <point>
      <x>0.69666666</x>
      <y>0.45333335</y>
      <w>0.5982405</w>
      <t>9235</t>
    </point>
    <point>
      <x>0.6933333</x>
      <y>0.45166665</y>
      <w>0.5982405</w>
      <t>9235</t>
    </point>
    <point>
      <x>0.69</x>
      <y>0.45166665</y>
      <w>0.5982405</w>
      <t>9235</t>
    </point>
    <point>
      <x>0.68833333</x>
      <y>0.45</y>
      <w>0.5982405</w>
      <t>9235</t>
    </point>
    <point>
      <x>0.685</x>
      <y>0.44833332</y>
      <w>0.59335285</w>
      <t>9268</t>
    </point>
    <point>
      <x>0.68333334</x>
      <y>0.44833332</y>
      <w>0.59335285</w>
      <t>9268</t>
    </point>
    <point>
      <x>0.68</x>
      <y>0.44833332</y>
      <w>0.59335285</w>
      <t>9268</t>
    </point>
    <point>
      <x>0.67833334</x>
      <y>0.44666666</y>
      <w>0.59335285</w>
      <t>9268</t>
    </point>
    <point>
      <x>0.6766667</x>
      <y>0.44666666</y>
      <w>0.5913978</w>
      <t>9301</t>
    </point>
    <point>
      <x>0.675</x>
      <y>0.44666666</y>
      <w>0.5913978</w>
      <t>9301</t>
    </point>
    <point>
      <x>0.67333335</x>
      <y>0.44666666</y>
      <w>0.5913978</w>
      <t>9301</t>
    </point>
    <point>
      <x>0.6716667</x>
      <y>0.445</y>
      <w>0.5982405</w>
      <t>9334</t>
    </point>
    <point>
      <x>0.6716667</x>
      <y>0.44666666</y>
      <w>0.6471163</w>
      <t>9434</t>
    </point>
    <point>
      <x>0.67333335</x>
      <y>0.44833332</y>
      <w>0.6471163</w>
      <t>9434</t>
    </point>
    <point>
      <x>0.67333335</x>
      <y>0.45166665</y>
      <w>0.6471163</w>
      <t>9434</t>
    </point>
    <point>
      <x>0.675</x>
      <y>0.45333335</y>
      <w>0.6471163</w>
      <t>9434</t>
    </point>
    <point>
      <x>0.6766667</x>
      <y>0.45666668</y>
      <w>0.6608016</w>
      <t>9468</t>
    </point>
    <point>
      <x>0.6766667</x>
      <y>0.46</y>
      <w>0.6608016</w>
      <t>9468</t>
    </point>
    <point>
      <x>0.67833334</x>
      <y>0.46333334</y>
      <w>0.6608016</w>
      <t>9468</t>
    </point>
    <point>
      <x>0.67833334</x>
      <y>0.46666667</y>
      <w>0.6608016</w>
      <t>9468</t>
    </point>
    <point>
      <x>0.68</x>
      <y>0.47</y>
      <w>0.67155427</w>
      <t>9501</t>
    </point>
    <point>
      <x>0.68</x>
      <y>0.47333333</y>
      <w>0.67155427</w>
      <t>9501</t>
    </point>
    <point>
      <x>0.6816667</x>
      <y>0.47833332</y>
      <w>0.67155427</w>
      <t>9501</t>
    </point>
    <point>
      <x>0.68333334</x>
      <y>0.48166665</y>
      <w>0.67155427</w>
      <t>9501</t>
    </point>
    <point>
      <x>0.68333334</x>
      <y>0.485</y>
      <w>0.67155427</w>
      <t>9501</t>
    </point>
    <point>
      <x>0.685</x>
      <y>0.48833334</y>
      <w>0.6911046</w>
      <t>9534</t>
    </point>
    <point>
      <x>0.685</x>
      <y>0.49333334</y>
      <w>0.6911046</w>
      <t>9534</t>
    </point>
    <point>
      <x>0.68666667</x>
      <y>0.49666667</y>
      <w>0.6911046</w>
      <t>9534</t>
    </point>
    <point>
      <x>0.68833333</x>
      <y>0.50166667</y>
      <w>0.6911046</w>
      <t>9534</t>
    </point>
    <point>
      <x>0.68833333</x>
      <y>0.505</y>
      <w>0.7096774</w>
      <t>9568</t>
    </point>
    <point>
      <x>0.69</x>
      <y>0.51</y>
      <w>0.7096774</w>
      <t>9568</t>
    </point>
    <point>
      <x>0.69166666</x>
      <y>0.515</y>
      <w>0.7096774</w>
      <t>9568</t>
    </point>
    <point>
      <x>0.69166666</x>
      <y>0.5183333</y>
      <w>0.7096774</w>
      <t>9568</t>
    </point>
    <point>
      <x>0.6933333</x>
      <y>0.5233333</y>
      <w>0.71260995</w>
      <t>9601</t>
    </point>
    <point>
      <x>0.6933333</x>
      <y>0.5283333</y>
      <w>0.71260995</w>
      <t>9601</t>
    </point>
    <point>
      <x>0.6933333</x>
      <y>0.53333336</y>
      <w>0.71260995</w>
      <t>9601</t>
    </point>
    <point>
      <x>0.6933333</x>
      <y>0.53833336</y>
      <w>0.71260995</w>
      <t>9601</t>
    </point>
    <point>
      <x>0.6933333</x>
      <y>0.54333335</y>
      <w>0.71260995</w>
      <t>9601</t>
    </point>
    <point>
      <x>0.6933333</x>
      <y>0.55</y>
      <w>0.71652</w>
      <t>9634</t>
    </point>
    <point>
      <x>0.6933333</x>
      <y>0.5566667</y>
      <w>0.71652</w>
      <t>9634</t>
    </point>
    <point>
      <x>0.6933333</x>
      <y>0.56166667</y>
      <w>0.71652</w>
      <t>9634</t>
    </point>
    <point>
      <x>0.6933333</x>
      <y>0.5683333</y>
      <w>0.71652</w>
      <t>9634</t>
    </point>
    <point>
      <x>0.6933333</x>
      <y>0.5733333</y>
      <w>0.71847504</w>
      <t>9668</t>
    </point>
    <point>
      <x>0.6933333</x>
      <y>0.5783333</y>
      <w>0.71847504</w>
      <t>9668</t>
    </point>
    <point>
      <x>0.6933333</x>
      <y>0.5833333</y>
      <w>0.71847504</w>
      <t>9668</t>
    </point>
    <point>
      <x>0.6933333</x>
      <y>0.5883333</y>
      <w>0.71847504</w>
      <t>9668</t>
    </point>
    <point>
      <x>0.6933333</x>
      <y>0.595</y>
      <w>0.71847504</w>
      <t>9668</t>
    </point>
    <point>
      <x>0.69166666</x>
      <y>0.6</y>
      <w>0.7194526</w>
      <t>9701</t>
    </point>
    <point>
      <x>0.69166666</x>
      <y>0.605</y>
      <w>0.7194526</w>
      <t>9701</t>
    </point>
    <point>
      <x>0.69166666</x>
      <y>0.6116667</y>
      <w>0.7194526</w>
      <t>9701</t>
    </point>
    <point>
      <x>0.69</x>
      <y>0.6166667</y>
      <w>0.7194526</w>
      <t>9701</t>
    </point>
    <point>
      <x>0.69</x>
      <y>0.62333333</y>
      <w>0.7194526</w>
      <t>9735</t>
    </point>
    <point>
      <x>0.68833333</x>
      <y>0.63</y>
      <w>0.7194526</w>
      <t>9735</t>
    </point>
    <point>
      <x>0.68833333</x>
      <y>0.635</y>
      <w>0.7194526</w>
      <t>9735</t>
    </point>
    <point>
      <x>0.68666667</x>
      <y>0.64</y>
      <w>0.7194526</w>
      <t>9735</t>
    </point>
    <point>
      <x>0.68666667</x>
      <y>0.645</y>
      <w>0.7194526</w>
      <t>9735</t>
    </point>
    <point>
      <x>0.68666667</x>
      <y>0.6483333</y>
      <w>0.7194526</w>
      <t>9768</t>
    </point>
    <point>
      <x>0.685</x>
      <y>0.6533333</y>
      <w>0.7194526</w>
      <t>9768</t>
    </point>
    <point>
      <x>0.685</x>
      <y>0.655</y>
      <w>0.7194526</w>
      <t>9768</t>
    </point>
    <point>
      <x>0.68333334</x>
      <y>0.65833336</y>
      <w>0.7194526</w>
      <t>9768</t>
    </point>
    <point>
      <x>0.6816667</x>
      <y>0.66</y>
      <w>0.7194526</w>
      <t>9801</t>
    </point>
    <point>
      <x>0.6816667</x>
      <y>0.6616667</y>
      <w>0.7194526</w>
      <t>9801</t>
    </point>
    <point>
      <x>0.68</x>
      <y>0.66333336</y>
      <w>0.7194526</w>
      <t>9801</t>
    </point>
    <point>
      <x>0.67833334</x>
      <y>0.665</y>
      <w>0.7194526</w>
      <t>9801</t>
    </point>
    <point>
      <x>0.6766667</x>
      <y>0.665</y>
      <w>0.70087975</w>
      <t>9835</t>
    </point>
    <point>
      <x>0.675</x>
      <y>0.665</y>
      <w>0.70087975</w>
      <t>9835</t>
    </point>
    <point>
      <x>0.67333335</x>
      <y>0.665</y>
      <w>0.70087975</w>
      <t>9835</t>
    </point>
    <point>
      <x>0.6716667</x>
      <y>0.665</y>
      <w>0.70087975</w>
      <t>9835</t>
    </point>
    <point>
      <x>0.67</x>
      <y>0.665</y>
      <w>0.6813294</w>
      <t>9868</t>
    </point>
    <point>
      <x>0.6666667</x>
      <y>0.665</y>
      <w>0.6813294</w>
      <t>9868</t>
    </point>
    <point>
      <x>0.665</x>
      <y>0.665</y>
      <w>0.6813294</w>
      <t>9868</t>
    </point>
    <point>
      <x>0.6616667</x>
      <y>0.66333336</y>
      <w>0.6813294</w>
      <t>9868</t>
    </point>
    <point>
      <x>0.66</x>
      <y>0.66333336</y>
      <w>0.6803519</w>
      <t>9901</t>
    </point>
    <point>
      <x>0.6566667</x>
      <y>0.6616667</y>
      <w>0.6803519</w>
      <t>9901</t>
    </point>
    <point>
      <x>0.6533333</x>
      <y>0.66</y>
      <w>0.6803519</w>
      <t>9901</t>
    </point>
    <point>
      <x>0.65</x>
      <y>0.65833336</y>
      <w>0.6803519</w>
      <t>9901</t>
    </point>
    <point>
      <x>0.64666665</x>
      <y>0.6566667</y>
      <w>0.6803519</w>
      <t>9901</t>
    </point>
    <point>
      <x>0.6433333</x>
      <y>0.6533333</y>
      <w>0.6480938</w>
      <t>9934</t>
    </point>
    <point>
      <x>0.6383333</x>
      <y>0.65166664</y>
      <w>0.6480938</w>
      <t>9934</t>
    </point>
    <point>
      <x>0.635</x>
      <y>0.6483333</y>
      <w>0.6480938</w>
      <t>9934</t>
    </point>
    <point>
      <x>0.63</x>
      <y>0.64666665</y>
      <w>0.6480938</w>
      <t>9934</t>
    </point>
    <point>
      <x>0.62666667</x>
      <y>0.645</y>
      <w>0.6217009</w>
      <t>9968</t>
    </point>
    <point>
      <x>0.62333333</x>
      <y>0.6433333</y>
      <w>0.6217009</w>
      <t>9968</t>
    </point>
    <point>
      <x>0.62</x>
      <y>0.64166665</y>
      <w>0.6217009</w>
      <t>9968</t>
    </point>
    <point>
      <x>0.61833334</x>
      <y>0.64</y>
      <w>0.6217009</w>
      <t>9968</t>
    </point>
    <point>
      <x>0.6166667</x>
      <y>0.64</y>
      <w>0.6217009</w>
      <t>9968</t>
    </point>
    <point>
      <x>0.615</x>
      <y>0.6383333</y>
      <w>0.62561095</w>
      <t>10001</t>
    </point>
    <point>
      <x>0.61333334</x>
      <y>0.6383333</y>
      <w>0.62561095</w>
      <t>10001</t>
    </point>
    <point>
      <x>0.61333334</x>
      <y>0.63666666</y>
      <w>0.62561095</w>
      <t>10001</t>
    </point>
    <point>
      <x>0.6116667</x>
      <y>0.63666666</y>
      <w>0.62561095</w>
      <t>10001</t>
    </point>
    <point>
      <x>0.6116667</x>
      <y>0.635</y>
      <w>0.6344086</w>
      <t>10034</t>
    </point>
    <point>
      <x>0.61333334</x>
      <y>0.6333333</y>
      <w>0.6344086</w>
      <t>10034</t>
    </point>
    <point>
      <x>0.615</x>
      <y>0.63166666</y>
      <w>0.6392962</w>
      <t>10068</t>
    </point>
    <point>
      <x>0.6166667</x>
      <y>0.63</y>
      <w>0.6392962</w>
      <t>10068</t>
    </point>
    <point>
      <x>0.61833334</x>
      <y>0.62833333</y>
      <w>0.6392962</w>
      <t>10068</t>
    </point>
    <point>
      <x>0.62</x>
      <y>0.62666667</y>
      <w>0.6392962</w>
      <t>10068</t>
    </point>
    <point>
      <x>0.62333333</x>
      <y>0.625</y>
      <w>0.6402737</w>
      <t>10101</t>
    </point>
    <point>
      <x>0.62666667</x>
      <y>0.62333333</y>
      <w>0.6402737</w>
      <t>10101</t>
    </point>
    <point>
      <x>0.63</x>
      <y>0.62166667</y>
      <w>0.6402737</w>
      <t>10101</t>
    </point>
    <point>
      <x>0.6333333</x>
      <y>0.62</y>
      <w>0.6402737</w>
      <t>10101</t>
    </point>
    <point>
      <x>0.63666666</x>
      <y>0.61833334</y>
      <w>0.6402737</w>
      <t>10101</t>
    </point>
    <point>
      <x>0.64166665</x>
      <y>0.61833334</y>
      <w>0.6451613</w>
      <t>10134</t>
    </point>
    <point>
      <x>0.64666665</x>
      <y>0.6166667</y>
      <w>0.6451613</w>
      <t>10134</t>
    </point>
    <point>
      <x>0.65166664</x>
      <y>0.6166667</y>
      <w>0.6451613</w>
      <t>10134</t>
    </point>
    <point>
      <x>0.6566667</x>
      <y>0.6166667</y>
      <w>0.6451613</w>
      <t>10134</t>
    </point>
    <point>
      <x>0.66</x>
      <y>0.6166667</y>
      <w>0.6471163</w>
      <t>10168</t>
    </point>
    <point>
      <x>0.665</x>
      <y>0.6166667</y>
      <w>0.6471163</w>
      <t>10168</t>
    </point>
    <point>
      <x>0.67</x>
      <y>0.6166667</y>
      <w>0.6471163</w>
      <t>10168</t>
    </point>
    <point>
      <x>0.67333335</x>
      <y>0.6166667</y>
      <w>0.6471163</w>
      <t>10168</t>
    </point>
    <point>
      <x>0.6766667</x>
      <y>0.61833334</y>
      <w>0.67155427</w>
      <t>10201</t>
    </point>
    <point>
      <x>0.68</x>
      <y>0.62</y>
      <w>0.67155427</w>
      <t>10201</t>
    </point>
    <point>
      <x>0.68333334</x>
      <y>0.62166667</y>
      <w>0.67155427</w>
      <t>10201</t>
    </point>
    <point>
      <x>0.685</x>
      <y>0.62333333</y>
      <w>0.67155427</w>
      <t>10201</t>
    </point>
    <point>
      <x>0.68666667</x>
      <y>0.625</y>
      <w>0.67155427</w>
      <t>10201</t>
    </point>
    <point>
      <x>0.68833333</x>
      <y>0.62666667</y>
      <w>0.69501466</w>
      <t>10235</t>
    </point>
    <point>
      <x>0.69</x>
      <y>0.62833333</y>
      <w>0.69501466</w>
      <t>10235</t>
    </point>
    <point>
      <x>0.69166666</x>
      <y>0.63</y>
      <w>0.69501466</w>
      <t>10235</t>
    </point>
    <point>
      <x>0.6933333</x>
      <y>0.63166666</y>
      <w>0.69501466</w>
      <t>10235</t>
    </point>
    <point>
      <x>0.6933333</x>
      <y>0.6333333</y>
      <w>0.69501466</w>
      <t>10235</t>
    </point>
    <point>
      <x>0.695</x>
      <y>0.635</y>
      <w>0.7096774</w>
      <t>10268</t>
    </point>
    <point>
      <x>0.695</x>
      <y>0.63666666</y>
      <w>0.7096774</w>
      <t>10268</t>
    </point>
    <point>
      <x>0.69666666</x>
      <y>0.6383333</y>
      <w>0.7096774</w>
      <t>10268</t>
    </point>
    <point>
      <x>0.69666666</x>
      <y>0.64</y>
      <w>0.7096774</w>
      <t>10268</t>
    </point>
    <point>
      <x>0.69666666</x>
      <y>0.64166665</y>
      <w>0.72825027</w>
      <t>10301</t>
    </point>
    <point>
      <x>0.69666666</x>
      <y>0.6433333</y>
      <w>0.72825027</w>
      <t>10301</t>
    </point>
    <point>
      <x>0.69666666</x>
      <y>0.645</y>
      <w>0.72825027</w>
      <t>10301</t>
    </point>
    <point>
      <x>0.69666666</x>
      <y>0.64666665</y>
      <w>0.72825027</w>
      <t>10301</t>
    </point>
    <point>
      <x>0.69666666</x>
      <y>0.6483333</y>
      <w>0.7556207</w>
      <t>10334</t>
    </point>
    <point>
      <x>0.69666666</x>
      <y>0.65</y>
      <w>0.7556207</w>
      <t>10334</t>
    </point>
    <point>
      <x>0.69666666</x>
      <y>0.65166664</y>
      <w>0.7556207</w>
      <t>10334</t>
    </point>
    <point>
      <x>0.69666666</x>
      <y>0.6533333</y>
      <w>0.7556207</w>
      <t>10334</t>
    </point>
    <point>
      <x>0.69666666</x>
      <y>0.655</y>
      <w>0.7556207</w>
      <t>10334</t>
    </point>
    <point>
      <x>0.69666666</x>
      <y>0.65833336</y>
      <w>0.7927664</w>
      <t>10368</t>
    </point>
    <point>
      <x>0.695</x>
      <y>0.66</y>
      <w>0.7927664</w>
      <t>10368</t>
    </point>
    <point>
      <x>0.695</x>
      <y>0.66333336</y>
      <w>0.7927664</w>
      <t>10368</t>
    </point>
    <point>
      <x>0.6933333</x>
      <y>0.665</y>
      <w>0.7927664</w>
      <t>10368</t>
    </point>
    <point>
      <x>0.69166666</x>
      <y>0.6666667</y>
      <w>0.80840665</w>
      <t>10401</t>
    </point>
    <point>
      <x>0.69166666</x>
      <y>0.67</y>
      <w>0.80840665</w>
      <t>10401</t>
    </point>
    <point>
      <x>0.69</x>
      <y>0.6716667</y>
      <w>0.80840665</w>
      <t>10401</t>
    </point>
    <point>
      <x>0.69</x>
      <y>0.675</y>
      <w>0.80840665</w>
      <t>10401</t>
    </point>
    <point>
      <x>0.68833333</x>
      <y>0.67833334</y>
      <w>0.80840665</w>
      <t>10401</t>
    </point>
    <point>
      <x>0.68666667</x>
      <y>0.6816667</y>
      <w>0.81329423</w>
      <t>10435</t>
    </point>
    <point>
      <x>0.685</x>
      <y>0.685</y>
      <w>0.81329423</w>
      <t>10435</t>
    </point>
    <point>
      <x>0.68333334</x>
      <y>0.68833333</y>
      <w>0.81329423</w>
      <t>10435</t>
    </point>
    <point>
      <x>0.6816667</x>
      <y>0.69166666</y>
      <w>0.81329423</w>
      <t>10435</t>
    </point>
    <point>
      <x>0.68</x>
      <y>0.695</y>
      <w>0.82697946</w>
      <t>10468</t>
    </point>
    <point>
      <x>0.67833334</x>
      <y>0.7</y>
      <w>0.82697946</w>
      <t>10468</t>
    </point>
    <point>
      <x>0.6766667</x>
      <y>0.7033333</y>
      <w>0.82697946</w>
      <t>10468</t>
    </point>
    <point>
      <x>0.675</x>
      <y>0.70666665</y>
      <w>0.82697946</w>
      <t>10468</t>
    </point>
    <point>
      <x>0.67333335</x>
      <y>0.71166664</y>
      <w>0.8308895</w>
      <t>10501</t>
    </point>
    <point>
      <x>0.6716667</x>
      <y>0.715</y>
      <w>0.8308895</w>
      <t>10501</t>
    </point>
    <point>
      <x>0.66833335</x>
      <y>0.72</y>
      <w>0.8308895</w>
      <t>10501</t>
    </point>
    <point>
      <x>0.6666667</x>
      <y>0.725</y>
      <w>0.8308895</w>
      <t>10501</t>
    </point>
    <point>
      <x>0.665</x>
      <y>0.73</y>
      <w>0.8308895</w>
      <t>10501</t>
    </point>
    <point>
      <x>0.6616667</x>
      <y>0.735</y>
      <w>0.83186704</w>
      <t>10534</t>
    </point>
    <point>
      <x>0.66</x>
      <y>0.74</y>
      <w>0.83186704</w>
      <t>10534</t>
    </point>
    <point>
      <x>0.65833336</x>
      <y>0.745</y>
      <w>0.83186704</w>
      <t>10534</t>
    </point>
    <point>
      <x>0.655</x>
      <y>0.74833333</y>
      <w>0.83186704</w>
      <t>10534</t>
    </point>
    <point>
      <x>0.6533333</x>
      <y>0.75333333</y>
      <w>0.83284456</w>
      <t>10568</t>
    </point>
    <point>
      <x>0.65166664</x>
      <y>0.75666666</y>
      <w>0.83284456</w>
      <t>10568</t>
    </point>
    <point>
      <x>0.65</x>
      <y>0.76</y>
      <w>0.83284456</w>
      <t>10568</t>
    </point>
    <point>
      <x>0.6483333</x>
      <y>0.7633333</y>
      <w>0.83284456</w>
      <t>10568</t>
    </point>
    <point>
      <x>0.64666665</x>
      <y>0.76666665</y>
      <w>0.83284456</w>
      <t>10568</t>
    </point>
    <point>
      <x>0.64666665</x>
      <y>0.77</y>
      <w>0.83284456</w>
      <t>10600</t>
    </point>
    <point>
      <x>0.645</x>
      <y>0.77166665</y>
      <w>0.83284456</w>
      <t>10600</t>
    </point>
    <point>
      <x>0.645</x>
      <y>0.7733333</y>
      <w>0.83284456</w>
      <t>10600</t>
    </point>
    <point>
      <x>0.645</x>
      <y>0.775</y>
      <w>0.83284456</w>
      <t>10600</t>
    </point>
    <point>
      <x>0.645</x>
      <y>0.77666664</y>
      <w>0.83284456</w>
      <t>10635</t>
    </point>
    <point>
      <x>0.64666665</x>
      <y>0.77666664</y>
      <w>0.8230694</w>
      <t>10768</t>
    </point>
    <point>
      <x>0.6483333</x>
      <y>0.77666664</y>
      <w>0.8230694</w>
      <t>10768</t>
    </point>
    <point>
      <x>0.65</x>
      <y>0.77666664</y>
      <w>0.82111436</w>
      <t>10801</t>
    </point>
    <point>
      <x>0.6533333</x>
      <y>0.77666664</y>
      <w>0.82111436</w>
      <t>10801</t>
    </point>
    <point>
      <x>0.6566667</x>
      <y>0.77666664</y>
      <w>0.82111436</w>
      <t>10801</t>
    </point>
    <point>
      <x>0.65833336</x>
      <y>0.77666664</y>
      <w>0.82111436</w>
      <t>10801</t>
    </point>
    <point>
      <x>0.6616667</x>
      <y>0.77666664</y>
      <w>0.82111436</w>
      <t>10801</t>
    </point>
    <point>
      <x>0.665</x>
      <y>0.77666664</y>
      <w>0.82013685</w>
      <t>10834</t>
    </point>
    <point>
      <x>0.66833335</x>
      <y>0.775</y>
      <w>0.82013685</w>
      <t>10834</t>
    </point>
    <point>
      <x>0.67</x>
      <y>0.775</y>
      <w>0.82013685</w>
      <t>10834</t>
    </point>
    <point>
      <x>0.67333335</x>
      <y>0.775</y>
      <w>0.82013685</w>
      <t>10834</t>
    </point>
    <point>
      <x>0.675</x>
      <y>0.775</y>
      <w>0.8181818</w>
      <t>10868</t>
    </point>
    <point>
      <x>0.67833334</x>
      <y>0.775</y>
      <w>0.8181818</w>
      <t>10868</t>
    </point>
    <point>
      <x>0.68</x>
      <y>0.7733333</y>
      <w>0.8181818</w>
      <t>10868</t>
    </point>
    <point>
      <x>0.68333334</x>
      <y>0.7733333</y>
      <w>0.8181818</w>
      <t>10868</t>
    </point>
    <point>
      <x>0.685</x>
      <y>0.7733333</y>
      <w>0.8181818</w>
      <t>10868</t>
    </point>
    <point>
      <x>0.68833333</x>
      <y>0.7733333</y>
      <w>0.81524926</w>
      <t>10901</t>
    </point>
    <point>
      <x>0.69166666</x>
      <y>0.7733333</y>
      <w>0.81524926</w>
      <t>10901</t>
    </point>
    <point>
      <x>0.6933333</x>
      <y>0.77166665</y>
      <w>0.81524926</w>
      <t>10901</t>
    </point>
    <point>
      <x>0.69666666</x>
      <y>0.77166665</y>
      <w>0.81524926</w>
      <t>10901</t>
    </point>
    <point>
      <x>0.7</x>
      <y>0.77166665</y>
      <w>0.8064516</w>
      <t>10935</t>
    </point>
    <point>
      <x>0.70166665</x>
      <y>0.77166665</y>
      <w>0.8064516</w>
      <t>10935</t>
    </point>
    <point>
      <x>0.705</x>
      <y>0.77166665</y>
      <w>0.8064516</w>
      <t>10935</t>
    </point>
    <point>
      <x>0.7083333</x>
      <y>0.77166665</y>
      <w>0.8064516</w>
      <t>10935</t>
    </point>
    <point>
      <x>0.71</x>
      <y>0.77166665</y>
      <w>0.8064516</w>
      <t>10935</t>
    </point>
    <point>
      <x>0.7133333</x>
      <y>0.77166665</y>
      <w>0.79667646</w>
      <t>10968</t>
    </point>
    <point>
      <x>0.71666664</x>
      <y>0.77166665</y>
      <w>0.79667646</w>
      <t>10968</t>
    </point>
    <point>
      <x>0.7183333</x>
      <y>0.77166665</y>
      <w>0.79667646</w>
      <t>10968</t>
    </point>
    <point>
      <x>0.7216667</x>
      <y>0.77166665</y>
      <w>0.79667646</w>
      <t>10968</t>
    </point>
    <point>
      <x>0.725</x>
      <y>0.7733333</y>
      <w>0.7859238</w>
      <t>11001</t>
    </point>
    <point>
      <x>0.7266667</x>
      <y>0.7733333</y>
      <w>0.7859238</w>
      <t>11001</t>
    </point>
    <point>
      <x>0.73</x>
      <y>0.7733333</y>
      <w>0.7859238</w>
      <t>11001</t>
    </point>
    <point>
      <x>0.7316667</x>
      <y>0.775</y>
      <w>0.7859238</w>
      <t>11001</t>
    </point>
    <point>
      <x>0.735</x>
      <y>0.775</y>
      <w>0.7859238</w>
      <t>11001</t>
    </point>
    <point>
      <x>0.73833334</x>
      <y>0.775</y>
      <w>0.7741935</w>
      <t>11035</t>
    </point>
    <point>
      <x>0.74</x>
      <y>0.77666664</y>
      <w>0.7741935</w>
      <t>11035</t>
    </point>
    <point>
      <x>0.74333334</x>
      <y>0.77666664</y>
      <w>0.7741935</w>
      <t>11035</t>
    </point>
    <point>
      <x>0.745</x>
      <y>0.77666664</y>
      <w>0.7741935</w>
      <t>11035</t>
    </point>
    <point>
      <x>0.74666667</x>
      <y>0.7783333</y>
      <w>0.7741935</w>
      <t>11068</t>
    </point>
    <point>
      <x>0.74833333</x>
      <y>0.7783333</y>
      <w>0.7741935</w>
      <t>11068</t>
    </point>
    <point>
      <x>0.75</x>
      <y>0.7783333</y>
      <w>0.7741935</w>
      <t>11068</t>
    </point>
    <point>
      <x>0.75166667</x>
      <y>0.7783333</y>
      <w>0.76930594</w>
      <t>11101</t>
    </point>
    <point>
      <x>0.75333333</x>
      <y>0.78</y>
      <w>0.76930594</w>
      <t>11101</t>
    </point>
  </stroke>
</character>
