<?xml version="1.0" encoding="UTF-8"?>
<character>
  <stroke time="0">
    <point>
      <x>0.21166667</x>
      <y>0.33166668</y>
      <w>0.12903225</w>
      <t>5</t>
    </point>
    <point>
      <x>0.21166667</x>
      <y>0.33333334</y>
      <w>0.12903225</w>
      <t>5</t>
    </point>
    <point>
      <x>0.21333334</x>
      <y>0.33333334</y>
      <w>0.12903225</w>
      <t>5</t>
    </point>
    <point>
      <x>0.215</x>
      <y>0.335</y>
      <w>0.12903225</w>
      <t>6</t>
    </point>
    <point>
      <x>0.21666667</x>
      <y>0.33666667</y>
      <w>0.26979473</w>
      <t>33</t>
    </point>
    <point>
      <x>0.21833333</x>
      <y>0.33666667</y>
      <w>0.26979473</w>
      <t>33</t>
    </point>
    <point>
      <x>0.22</x>
      <y>0.33666667</y>
      <w>0.3841642</w>
      <t>67</t>
    </point>
    <point>
      <x>0.22166666</x>
      <y>0.33833334</y>
      <w>0.3841642</w>
      <t>67</t>
    </point>
    <point>
      <x>0.22333333</x>
      <y>0.33833334</y>
      <w>0.4516129</w>
      <t>100</t>
    </point>
    <point>
      <x>0.225</x>
      <y>0.33833334</y>
      <w>0.4516129</w>
      <t>100</t>
    </point>
    <point>
      <x>0.225</x>
      <y>0.34</y>
      <w>0.4516129</w>
      <t>100</t>
    </point>
    <point>
      <x>0.22666667</x>
      <y>0.34</y>
      <w>0.4516129</w>
      <t>100</t>
    </point>
    <point>
      <x>0.22833334</x>
      <y>0.34</y>
      <w>0.50537634</w>
      <t>133</t>
    </point>
    <point>
      <x>0.23</x>
      <y>0.34</y>
      <w>0.50537634</w>
      <t>133</t>
    </point>
    <point>
      <x>0.23166667</x>
      <y>0.34</y>
      <w>0.56207234</w>
      <t>167</t>
    </point>
    <point>
      <x>0.23333333</x>
      <y>0.34</y>
      <w>0.56207234</w>
      <t>167</t>
    </point>
    <point>
      <x>0.235</x>
      <y>0.34</y>
      <w>0.59433043</w>
      <t>200</t>
    </point>
    <point>
      <x>0.23666666</x>
      <y>0.34</y>
      <w>0.59433043</w>
      <t>200</t>
    </point>
    <point>
      <x>0.23833333</x>
      <y>0.34</y>
      <w>0.59433043</w>
      <t>200</t>
    </point>
    <point>
      <x>0.24</x>
      <y>0.33833334</y>
      <w>0.59433043</w>
      <t>200</t>
    </point>
    <point>
      <x>0.24166666</x>
      <y>0.33833334</y>
      <w>0.6226784</w>
      <t>233</t>
    </point>
    <point>
      <x>0.24333334</x>
      <y>0.33666667</y>
      <w>0.6226784</w>
      <t>233</t>
    </point>
    <point>
      <x>0.245</x>
      <y>0.335</y>
      <w>0.6226784</w>
      <t>233</t>
    </point>
    <point>
      <x>0.24666667</x>
      <y>0.335</y>
      <w>0.6226784</w>
      <t>234</t>
    </point>
    <point>
      <x>0.24833333</x>
      <y>0.33333334</y>
      <w>0.6451613</w>
      <t>266</t>
    </point>
    <point>
      <x>0.25</x>
      <y>0.33166668</y>
      <w>0.6451613</w>
      <t>266</t>
    </point>
    <point>
      <x>0.25166667</x>
      <y>0.33</y>
      <w>0.6451613</w>
      <t>266</t>
    </point>
    <point>
      <x>0.255</x>
      <y>0.32833335</y>
      <w>0.6451613</w>
      <t>267</t>
    </point>
    <point>
      <x>0.25666666</x>
      <y>0.32666665</y>
      <w>0.6451613</w>
      <t>267</t>
    </point>
    <point>
      <x>0.26</x>
      <y>0.325</y>
      <w>0.65102637</w>
      <t>300</t>
    </point>
    <point>
      <x>0.26333332</x>
      <y>0.32166666</y>
      <w>0.65102637</w>
      <t>300</t>
    </point>
    <point>
      <x>0.26833335</x>
      <y>0.32</y>
      <w>0.65102637</w>
      <t>300</t>
    </point>
    <point>
      <x>0.27166668</x>
      <y>0.31666666</y>
      <w>0.65102637</w>
      <t>301</t>
    </point>
    <point>
      <x>0.27666667</x>
      <y>0.315</y>
      <w>0.65493643</w>
      <t>333</t>
    </point>
    <point>
      <x>0.28</x>
      <y>0.31166667</y>
      <w>0.65493643</w>
      <t>333</t>
    </point>
    <point>
      <x>0.28333333</x>
      <y>0.31</y>
      <w>0.65493643</w>
      <t>333</t>
    </point>
    <point>
      <x>0.28833333</x>
      <y>0.30833334</y>
      <w>0.65493643</w>
      <t>334</t>
    </point>
    <point>
      <x>0.29333332</x>
      <y>0.305</y>
      <w>0.65493643</w>
      <t>334</t>
    </point>
    <point>
      <x>0.29666665</x>
      <y>0.30166668</y>
      <w>0.6568915</w>
      <t>366</t>
    </point>
    <point>
      <x>0.30166668</x>
      <y>0.3</y>
      <w>0.6568915</w>
      <t>366</t>
    </point>
    <point>
      <x>0.30833334</x>
      <y>0.29666665</y>
      <w>0.6568915</w>
      <t>366</t>
    </point>
    <point>
      <x>0.31333333</x>
      <y>0.29333332</y>
      <w>0.6568915</w>
      <t>367</t>
    </point>
    <point>
      <x>0.31833333</x>
      <y>0.29</y>
      <w>0.6568915</w>
      <t>399</t>
    </point>
    <point>
      <x>0.32166666</x>
      <y>0.28833333</y>
      <w>0.6568915</w>
      <t>399</t>
    </point>
    <point>
      <x>0.32666665</x>
      <y>0.28666666</y>
      <w>0.6568915</w>
      <t>399</t>
    </point>
    <point>
      <x>0.33</x>
      <y>0.285</y>
      <w>0.6568915</w>
      <t>400</t>
    </point>
    <point>
      <x>0.33333334</x>
      <y>0.28333333</y>
      <w>0.65884656</w>
      <t>433</t>
    </point>
    <point>
      <x>0.33666667</x>
      <y>0.28333333</y>
      <w>0.65884656</w>
      <t>433</t>
    </point>
    <point>
      <x>0.34</x>
      <y>0.28333333</y>
      <w>0.65884656</w>
      <t>433</t>
    </point>
    <point>
      <x>0.34333333</x>
      <y>0.28333333</y>
      <w>0.65884656</w>
      <t>433</t>
    </point>
    <point>
      <x>0.345</x>
      <y>0.28333333</y>
      <w>0.65884656</w>
      <t>434</t>
    </point>
    <point>
      <x>0.34833333</x>
      <y>0.28333333</y>
      <w>0.6608016</w>
      <t>466</t>
    </point>
    <point>
      <x>0.35</x>
      <y>0.28333333</y>
      <w>0.6608016</w>
      <t>466</t>
    </point>
    <point>
      <x>0.35166666</x>
      <y>0.28333333</y>
      <w>0.6608016</w>
      <t>466</t>
    </point>
    <point>
      <x>0.35333332</x>
      <y>0.28333333</y>
      <w>0.66373414</w>
      <t>500</t>
    </point>
    <point>
      <x>0.35333332</x>
      <y>0.285</y>
      <w>0.67741936</w>
      <t>533</t>
    </point>
    <point>
      <x>0.35333332</x>
      <y>0.28666666</y>
      <w>0.6852395</w>
      <t>566</t>
    </point>
    <point>
      <x>0.35333332</x>
      <y>0.28833333</y>
      <w>0.6852395</w>
      <t>566</t>
    </point>
    <point>
      <x>0.35333332</x>
      <y>0.29</y>
      <w>0.6852395</w>
      <t>566</t>
    </point>
    <point>
      <x>0.35333332</x>
      <y>0.29333332</y>
      <w>0.6852395</w>
      <t>566</t>
    </point>
    <point>
      <x>0.35333332</x>
      <y>0.29666665</y>
      <w>0.6920821</w>
      <t>600</t>
    </point>
    <point>
      <x>0.35333332</x>
      <y>0.29833335</y>
      <w>0.6920821</w>
      <t>600</t>
    </point>
    <point>
      <x>0.35166666</x>
      <y>0.30166668</y>
      <w>0.6920821</w>
      <t>600</t>
    </point>
    <point>
      <x>0.35</x>
      <y>0.30666667</y>
      <w>0.6920821</w>
      <t>600</t>
    </point>
    <point>
      <x>0.34666666</x>
      <y>0.31166667</y>
      <w>0.6979472</w>
      <t>633</t>
    </point>
    <point>
      <x>0.345</x>
      <y>0.315</y>
      <w>0.6979472</w>
      <t>633</t>
    </point>
    <point>
      <x>0.34166667</x>
      <y>0.32</y>
      <w>0.6979472</w>
      <t>633</t>
    </point>
    <point>
      <x>0.33833334</x>
      <y>0.32666665</y>
      <w>0.6979472</w>
      <t>633</t>
    </point>
    <point>
      <x>0.335</x>
      <y>0.33166668</y>
      <w>0.6979472</w>
      <t>634</t>
    </point>
    <point>
      <x>0.33166668</x>
      <y>0.33833334</y>
      <w>0.7253177</w>
      <t>666</t>
    </point>
    <point>
      <x>0.32833335</x>
      <y>0.345</y>
      <w>0.7253177</w>
      <t>666</t>
    </point>
    <point>
      <x>0.325</x>
      <y>0.35</y>
      <w>0.7253177</w>
      <t>666</t>
    </point>
    <point>
      <x>0.32</x>
      <y>0.35833332</y>
      <w>0.7253177</w>
      <t>666</t>
    </point>
    <point>
      <x>0.31666666</x>
      <y>0.365</y>
      <w>0.7253177</w>
      <t>701</t>
    </point>
    <point>
      <x>0.31333333</x>
      <y>0.37333333</y>
      <w>0.7253177</w>
      <t>701</t>
    </point>
    <point>
      <x>0.31</x>
      <y>0.38</y>
      <w>0.7253177</w>
      <t>701</t>
    </point>
    <point>
      <x>0.30666667</x>
      <y>0.38833332</y>
      <w>0.7253177</w>
      <t>701</t>
    </point>
    <point>
      <x>0.30333334</x>
      <y>0.39666668</y>
      <w>0.7253177</w>
      <t>701</t>
    </point>
    <point>
      <x>0.30166668</x>
      <y>0.40333334</y>
      <w>0.72629523</w>
      <t>734</t>
    </point>
    <point>
      <x>0.29833335</x>
      <y>0.41</y>
      <w>0.72629523</w>
      <t>735</t>
    </point>
    <point>
      <x>0.29666665</x>
      <y>0.41666666</y>
      <w>0.72629523</w>
      <t>735</t>
    </point>
    <point>
      <x>0.29666665</x>
      <y>0.42166665</y>
      <w>0.72629523</w>
      <t>735</t>
    </point>
    <point>
      <x>0.295</x>
      <y>0.42666668</y>
      <w>0.72629523</w>
      <t>767</t>
    </point>
    <point>
      <x>0.29333332</x>
      <y>0.43166667</y>
      <w>0.72629523</w>
      <t>767</t>
    </point>
    <point>
      <x>0.29333332</x>
      <y>0.435</y>
      <w>0.72629523</w>
      <t>769</t>
    </point>
    <point>
      <x>0.29333332</x>
      <y>0.43833333</y>
      <w>0.72629523</w>
      <t>769</t>
    </point>
    <point>
      <x>0.29333332</x>
      <y>0.44</y>
      <w>0.72629523</w>
      <t>769</t>
    </point>
    <point>
      <x>0.29333332</x>
      <y>0.44166666</y>
      <w>0.72238517</w>
      <t>800</t>
    </point>
    <point>
      <x>0.29333332</x>
      <y>0.44333333</y>
      <w>0.72238517</w>
      <t>800</t>
    </point>
    <point>
      <x>0.29333332</x>
      <y>0.445</y>
      <w>0.72238517</w>
      <t>800</t>
    </point>
    <point>
      <x>0.295</x>
      <y>0.445</y>
      <w>0.72238517</w>
      <t>800</t>
    </point>
    <point>
      <x>0.295</x>
      <y>0.44666666</y>
      <w>0.72043014</w>
      <t>833</t>
    </point>
    <point>
      <x>0.29666665</x>
      <y>0.44833332</y>
      <w>0.72043014</w>
      <t>833</t>
    </point>
    <point>
      <x>0.29833335</x>
      <y>0.44833332</y>
      <w>0.72043014</w>
      <t>833</t>
    </point>
    <point>
      <x>0.3</x>
      <y>0.45</y>
      <w>0.72043014</w>
      <t>833</t>
    </point>
    <point>
      <x>0.30166668</x>
      <y>0.45166665</y>
      <w>0.72140765</w>
      <t>867</t>
    </point>
    <point>
      <x>0.30333334</x>
      <y>0.45333335</y>
      <w>0.72140765</w>
      <t>867</t>
    </point>
    <point>
      <x>0.30666667</x>
      <y>0.455</y>
      <w>0.72140765</w>
      <t>867</t>
    </point>
    <point>
      <x>0.30833334</x>
      <y>0.45666668</y>
      <w>0.72140765</w>
      <t>867</t>
    </point>
    <point>
      <x>0.31166667</x>
      <y>0.46</y>
      <w>0.72140765</w>
      <t>867</t>
    </point>
    <point>
      <x>0.315</x>
      <y>0.46166667</y>
      <w>0.7243402</w>
      <t>900</t>
    </point>
    <point>
      <x>0.31666666</x>
      <y>0.465</y>
      <w>0.7243402</w>
      <t>900</t>
    </point>
    <point>
      <x>0.32</x>
      <y>0.46833333</y>
      <w>0.7243402</w>
      <t>900</t>
    </point>
    <point>
      <x>0.32333332</x>
      <y>0.47166666</y>
      <w>0.7243402</w>
      <t>900</t>
    </point>
    <point>
      <x>0.32666665</x>
      <y>0.475</y>
      <w>0.7253177</w>
      <t>934</t>
    </point>
    <point>
      <x>0.32833335</x>
      <y>0.48</y>
      <w>0.7253177</w>
      <t>934</t>
    </point>
    <point>
      <x>0.33166668</x>
      <y>0.48333332</y>
      <w>0.7253177</w>
      <t>934</t>
    </point>
    <point>
      <x>0.335</x>
      <y>0.48833334</y>
      <w>0.7253177</w>
      <t>934</t>
    </point>
    <point>
      <x>0.33833334</x>
      <y>0.49333334</y>
      <w>0.7253177</w>
      <t>934</t>
    </point>
    <point>
      <x>0.34166667</x>
      <y>0.49833333</y>
      <w>0.7311828</w>
      <t>967</t>
    </point>
    <point>
      <x>0.34333333</x>
      <y>0.50333333</y>
      <w>0.7311828</w>
      <t>967</t>
    </point>
    <point>
      <x>0.34666666</x>
      <y>0.51</y>
      <w>0.7311828</w>
      <t>967</t>
    </point>
    <point>
      <x>0.35</x>
      <y>0.515</y>
      <w>0.7311828</w>
      <t>967</t>
    </point>
    <point>
      <x>0.35166666</x>
      <y>0.52</y>
      <w>0.73998046</w>
      <t>1000</t>
    </point>
    <point>
      <x>0.355</x>
      <y>0.52666664</y>
      <w>0.73998046</w>
      <t>1000</t>
    </point>
    <point>
      <x>0.35666665</x>
      <y>0.5316667</y>
      <w>0.73998046</w>
      <t>1000</t>
    </point>
    <point>
      <x>0.35833332</x>
      <y>0.54</y>
      <w>0.73998046</w>
      <t>1000</t>
    </point>
    <point>
      <x>0.36166668</x>
      <y>0.5466667</y>
      <w>0.73998046</w>
      <t>1001</t>
    </point>
    <point>
      <x>0.36333334</x>
      <y>0.55333334</y>
      <w>0.7468231</w>
      <t>1033</t>
    </point>
    <point>
      <x>0.365</x>
      <y>0.56166667</y>
      <w>0.7468231</w>
      <t>1033</t>
    </point>
    <point>
      <x>0.36666667</x>
      <y>0.5683333</y>
      <w>0.7468231</w>
      <t>1033</t>
    </point>
    <point>
      <x>0.36833334</x>
      <y>0.575</y>
      <w>0.7468231</w>
      <t>1033</t>
    </point>
    <point>
      <x>0.37</x>
      <y>0.5833333</y>
      <w>0.75073314</w>
      <t>1067</t>
    </point>
    <point>
      <x>0.37</x>
      <y>0.59166664</y>
      <w>0.75073314</w>
      <t>1067</t>
    </point>
    <point>
      <x>0.37166667</x>
      <y>0.6</y>
      <w>0.75073314</w>
      <t>1067</t>
    </point>
    <point>
      <x>0.37166667</x>
      <y>0.60833335</y>
      <w>0.75073314</w>
      <t>1068</t>
    </point>
    <point>
      <x>0.37166667</x>
      <y>0.61833334</y>
      <w>0.7556207</w>
      <t>1100</t>
    </point>
    <point>
      <x>0.37166667</x>
      <y>0.62833333</y>
      <w>0.7556207</w>
      <t>1100</t>
    </point>
    <point>
      <x>0.37166667</x>
      <y>0.63666666</y>
      <w>0.7556207</w>
      <t>1100</t>
    </point>
    <point>
      <x>0.37166667</x>
      <y>0.64666665</y>
      <w>0.7556207</w>
      <t>1100</t>
    </point>
    <point>
      <x>0.37166667</x>
      <y>0.655</y>
      <w>0.7556207</w>
      <t>1100</t>
    </point>
    <point>
      <x>0.37166667</x>
      <y>0.66333336</y>
      <w>0.7556207</w>
      <t>1133</t>
    </point>
    <point>
      <x>0.37166667</x>
      <y>0.67333335</y>
      <w>0.7556207</w>
      <t>1133</t>
    </point>
    <point>
      <x>0.37</x>
      <y>0.6816667</y>
      <w>0.7556207</w>
      <t>1133</t>
    </point>
    <point>
      <x>0.36666667</x>
      <y>0.69166666</y>
      <w>0.7556207</w>
      <t>1133</t>
    </point>
    <point>
      <x>0.365</x>
      <y>0.7</y>
      <w>0.7546432</w>
      <t>1167</t>
    </point>
    <point>
      <x>0.36333334</x>
      <y>0.71</y>
      <w>0.7546432</w>
      <t>1167</t>
    </point>
    <point>
      <x>0.36</x>
      <y>0.7183333</y>
      <w>0.7546432</w>
      <t>1167</t>
    </point>
    <point>
      <x>0.35666665</x>
      <y>0.725</y>
      <w>0.7546432</w>
      <t>1167</t>
    </point>
    <point>
      <x>0.355</x>
      <y>0.7316667</y>
      <w>0.7546432</w>
      <t>1167</t>
    </point>
    <point>
      <x>0.35166666</x>
      <y>0.73833334</y>
      <w>0.75268817</w>
      <t>1200</t>
    </point>
    <point>
      <x>0.35</x>
      <y>0.7416667</y>
      <w>0.75268817</w>
      <t>1200</t>
    </point>
    <point>
      <x>0.34833333</x>
      <y>0.74666667</y>
      <w>0.75268817</w>
      <t>1200</t>
    </point>
    <point>
      <x>0.345</x>
      <y>0.75</y>
      <w>0.75268817</w>
      <t>1200</t>
    </point>
    <point>
      <x>0.34333333</x>
      <y>0.75333333</y>
      <w>0.73411536</w>
      <t>1233</t>
    </point>
    <point>
      <x>0.34</x>
      <y>0.755</y>
      <w>0.73411536</w>
      <t>1233</t>
    </point>
    <point>
      <x>0.33833334</x>
      <y>0.75666666</y>
      <w>0.73411536</w>
      <t>1233</t>
    </point>
    <point>
      <x>0.335</x>
      <y>0.7583333</y>
      <w>0.73411536</w>
      <t>1233</t>
    </point>
    <point>
      <x>0.33166668</x>
      <y>0.76</y>
      <w>0.73411536</w>
      <t>1233</t>
    </point>
    <point>
      <x>0.32833335</x>
      <y>0.76166666</y>
      <w>0.6803519</w>
      <t>1266</t>
    </point>
    <point>
      <x>0.325</x>
      <y>0.76166666</y>
      <w>0.6803519</w>
      <t>1266</t>
    </point>
    <point>
      <x>0.32166666</x>
      <y>0.7633333</y>
      <w>0.6803519</w>
      <t>1266</t>
    </point>
    <point>
      <x>0.31833333</x>
      <y>0.7633333</y>
      <w>0.6803519</w>
      <t>1266</t>
    </point>
    <point>
      <x>0.31333333</x>
      <y>0.7633333</y>
      <w>0.65102637</w>
      <t>1300</t>
    </point>
    <point>
      <x>0.31</x>
      <y>0.7633333</y>
      <w>0.65102637</w>
      <t>1300</t>
    </point>
    <point>
      <x>0.305</x>
      <y>0.76166666</y>
      <w>0.65102637</w>
      <t>1300</t>
    </point>
    <point>
      <x>0.3</x>
      <y>0.76</y>
      <w>0.65102637</w>
      <t>1300</t>
    </point>
    <point>
      <x>0.29666665</x>
      <y>0.7583333</y>
      <w>0.65102637</w>
      <t>1300</t>
    </point>
    <point>
      <x>0.29166666</x>
      <y>0.755</y>
      <w>0.62658846</w>
      <t>1333</t>
    </point>
    <point>
      <x>0.28666666</x>
      <y>0.75333333</y>
      <w>0.62658846</w>
      <t>1333</t>
    </point>
    <point>
      <x>0.28166667</x>
      <y>0.75166667</y>
      <w>0.62658846</w>
      <t>1333</t>
    </point>
    <point>
      <x>0.27833334</x>
      <y>0.74833333</y>
      <w>0.62658846</w>
      <t>1333</t>
    </point>
    <point>
      <x>0.27333334</x>
      <y>0.74666667</y>
      <w>0.61485827</w>
      <t>1367</t>
    </point>
    <point>
      <x>0.27</x>
      <y>0.74333334</y>
      <w>0.61485827</w>
      <t>1367</t>
    </point>
    <point>
      <x>0.26833335</x>
      <y>0.7416667</y>
      <w>0.61485827</w>
      <t>1367</t>
    </point>
    <point>
      <x>0.265</x>
      <y>0.73833334</y>
      <w>0.61485827</w>
      <t>1367</t>
    </point>
    <point>
      <x>0.26166666</x>
      <y>0.735</y>
      <w>0.61290324</w>
      <t>1400</t>
    </point>
    <point>
      <x>0.26</x>
      <y>0.73333335</y>
      <w>0.61290324</w>
      <t>1400</t>
    </point>
    <point>
      <x>0.25833333</x>
      <y>0.73</y>
      <w>0.61290324</w>
      <t>1400</t>
    </point>
    <point>
      <x>0.25666666</x>
      <y>0.72833335</y>
      <w>0.61290324</w>
      <t>1400</t>
    </point>
    <point>
      <x>0.255</x>
      <y>0.725</y>
      <w>0.61290324</w>
      <t>1400</t>
    </point>
    <point>
      <x>0.255</x>
      <y>0.72333336</y>
      <w>0.6031281</w>
      <t>1433</t>
    </point>
    <point>
      <x>0.25333333</x>
      <y>0.72</y>
      <w>0.6031281</w>
      <t>1433</t>
    </point>
    <point>
      <x>0.25333333</x>
      <y>0.71666664</y>
      <w>0.6031281</w>
      <t>1433</t>
    </point>
    <point>
      <x>0.25333333</x>
      <y>0.715</y>
      <w>0.6031281</w>
      <t>1433</t>
    </point>
    <point>
      <x>0.25166667</x>
      <y>0.71166664</y>
      <w>0.60215056</w>
      <t>1467</t>
    </point>
    <point>
      <x>0.25166667</x>
      <y>0.7083333</y>
      <w>0.60215056</w>
      <t>1467</t>
    </point>
    <point>
      <x>0.25166667</x>
      <y>0.705</y>
      <w>0.60215056</w>
      <t>1467</t>
    </point>
    <point>
      <x>0.25166667</x>
      <y>0.70166665</y>
      <w>0.60215056</w>
      <t>1467</t>
    </point>
    <point>
      <x>0.25166667</x>
      <y>0.69666666</y>
      <w>0.60215056</w>
      <t>1467</t>
    </point>
    <point>
      <x>0.25333333</x>
      <y>0.6933333</y>
      <w>0.60215056</w>
      <t>1500</t>
    </point>
    <point>
      <x>0.255</x>
      <y>0.68833333</y>
      <w>0.60215056</w>
      <t>1500</t>
    </point>
    <point>
      <x>0.25666666</x>
      <y>0.6816667</y>
      <w>0.60215056</w>
      <t>1500</t>
    </point>
    <point>
      <x>0.25833333</x>
      <y>0.6766667</y>
      <w>0.60215056</w>
      <t>1500</t>
    </point>
    <point>
      <x>0.26166666</x>
      <y>0.6716667</y>
      <w>0.5982405</w>
      <t>1533</t>
    </point>
    <point>
      <x>0.26333332</x>
      <y>0.665</y>
      <w>0.5982405</w>
      <t>1533</t>
    </point>
    <point>
      <x>0.26666668</x>
      <y>0.65833336</y>
      <w>0.5982405</w>
      <t>1533</t>
    </point>
    <point>
      <x>0.27</x>
      <y>0.65166664</y>
      <w>0.5982405</w>
      <t>1533</t>
    </point>
    <point>
      <x>0.27333334</x>
      <y>0.645</y>
      <w>0.5982405</w>
      <t>1533</t>
    </point>
    <point>
      <x>0.27833334</x>
      <y>0.6383333</y>
      <w>0.53763443</w>
      <t>1567</t>
    </point>
    <point>
      <x>0.28166667</x>
      <y>0.63166666</y>
      <w>0.53763443</w>
      <t>1567</t>
    </point>
    <point>
      <x>0.285</x>
      <y>0.625</y>
      <w>0.53763443</w>
      <t>1567</t>
    </point>
    <point>
      <x>0.28833333</x>
      <y>0.61833334</y>
      <w>0.53763443</w>
      <t>1567</t>
    </point>
    <point>
      <x>0.29166666</x>
      <y>0.6116667</y>
      <w>0.47605082</w>
      <t>1600</t>
    </point>
    <point>
      <x>0.295</x>
      <y>0.605</y>
      <w>0.47605082</w>
      <t>1600</t>
    </point>
    <point>
      <x>0.3</x>
      <y>0.6</y>
      <w>0.47605082</w>
      <t>1600</t>
    </point>
    <point>
      <x>0.30333334</x>
      <y>0.59166664</y>
      <w>0.47605082</w>
      <t>1600</t>
    </point>
    <point>
      <x>0.30666667</x>
      <y>0.585</y>
      <w>0.47605082</w>
      <t>1600</t>
    </point>
    <point>
      <x>0.31166667</x>
      <y>0.5783333</y>
      <w>0.47018573</w>
      <t>1633</t>
    </point>
    <point>
      <x>0.315</x>
      <y>0.57</y>
      <w>0.47018573</w>
      <t>1633</t>
    </point>
    <point>
      <x>0.32</x>
      <y>0.56333333</y>
      <w>0.47018573</w>
      <t>1633</t>
    </point>
    <point>
      <x>0.32333332</x>
      <y>0.555</y>
      <w>0.47018573</w>
      <t>1633</t>
    </point>
    <point>
      <x>0.32833335</x>
      <y>0.5466667</y>
      <w>0.4692082</w>
      <t>1667</t>
    </point>
    <point>
      <x>0.33166668</x>
      <y>0.53833336</y>
      <w>0.4692082</w>
      <t>1667</t>
    </point>
    <point>
      <x>0.33666667</x>
      <y>0.53</y>
      <w>0.4692082</w>
      <t>1667</t>
    </point>
    <point>
      <x>0.34</x>
      <y>0.5233333</y>
      <w>0.4692082</w>
      <t>1667</t>
    </point>
    <point>
      <x>0.345</x>
      <y>0.5183333</y>
      <w>0.4125122</w>
      <t>1700</t>
    </point>
    <point>
      <x>0.34833333</x>
      <y>0.51166666</y>
      <w>0.4125122</w>
      <t>1700</t>
    </point>
    <point>
      <x>0.35333332</x>
      <y>0.505</y>
      <w>0.4125122</w>
      <t>1700</t>
    </point>
    <point>
      <x>0.35666665</x>
      <y>0.49666667</y>
      <w>0.4125122</w>
      <t>1700</t>
    </point>
    <point>
      <x>0.36166668</x>
      <y>0.49</y>
      <w>0.4125122</w>
      <t>1700</t>
    </point>
    <point>
      <x>0.36666667</x>
      <y>0.48333332</y>
      <w>0.27565983</w>
      <t>1733</t>
    </point>
    <point>
      <x>0.37166667</x>
      <y>0.47666666</y>
      <w>0.27565983</w>
      <t>1733</t>
    </point>
    <point>
      <x>0.37833333</x>
      <y>0.46833333</y>
      <w>0.27565983</w>
      <t>1733</t>
    </point>
    <point>
      <x>0.38333333</x>
      <y>0.46166667</y>
      <w>0.27565983</w>
      <t>1733</t>
    </point>
    <point>
      <x>0.39</x>
      <y>0.455</y>
      <w>0.16129032</w>
      <t>1767</t>
    </point>
    <point>
      <x>0.395</x>
      <y>0.44833332</y>
      <w>0.16129032</w>
      <t>1767</t>
    </point>
    <point>
      <x>0.4</x>
      <y>0.44166666</y>
      <w>0.16129032</w>
      <t>1767</t>
    </point>
    <point>
      <x>0.405</x>
      <y>0.435</y>
      <w>0.16129032</w>
      <t>1767</t>
    </point>
  </stroke>
  <stroke time="2867">
    <point>
      <x>0.6333333</x>
      <y>0.165</y>
      <w>0.23753665</w>
      <t>2900</t>
    </point>
    <point>
      <x>0.6333333</x>
      <y>0.16666667</y>
      <w>0.23753665</w>
      <t>2900</t>
    </point>
    <point>
      <x>0.635</x>
      <y>0.16666667</y>
      <w>0.23753665</w>
      <t>2900</t>
    </point>
    <point>
      <x>0.63666666</x>
      <y>0.16833334</y>
      <w>0.23753665</w>
      <t>2900</t>
    </point>
    <point>
      <x>0.6383333</x>
      <y>0.17</y>
      <w>0.36265886</w>
      <t>2933</t>
    </point>
    <point>
      <x>0.64</x>
      <y>0.17333333</y>
      <w>0.36265886</w>
      <t>2933</t>
    </point>
    <point>
      <x>0.6433333</x>
      <y>0.175</y>
      <w>0.36265886</w>
      <t>2933</t>
    </point>
    <point>
      <x>0.645</x>
      <y>0.17666666</y>
      <w>0.36265886</w>
      <t>2933</t>
    </point>
    <point>
      <x>0.64666665</x>
      <y>0.17833333</y>
      <w>0.41348973</w>
      <t>2967</t>
    </point>
    <point>
      <x>0.64666665</x>
      <y>0.18</y>
      <w>0.41348973</w>
      <t>2967</t>
    </point>
    <point>
      <x>0.6483333</x>
      <y>0.18166667</y>
      <w>0.41348973</w>
      <t>2967</t>
    </point>
    <point>
      <x>0.65</x>
      <y>0.18333334</y>
      <w>0.41348973</w>
      <t>2967</t>
    </point>
    <point>
      <x>0.65</x>
      <y>0.18666667</y>
      <w>0.41348973</w>
      <t>2967</t>
    </point>
    <point>
      <x>0.65</x>
      <y>0.18833333</y>
      <w>0.4848485</w>
      <t>3000</t>
    </point>
    <point>
      <x>0.65166664</x>
      <y>0.19</y>
      <w>0.4848485</w>
      <t>3000</t>
    </point>
    <point>
      <x>0.65166664</x>
      <y>0.19166666</y>
      <w>0.4848485</w>
      <t>3000</t>
    </point>
    <point>
      <x>0.65166664</x>
      <y>0.19333333</y>
      <w>0.4848485</w>
      <t>3000</t>
    </point>
    <point>
      <x>0.65166664</x>
      <y>0.195</y>
      <w>0.53372437</w>
      <t>3034</t>
    </point>
    <point>
      <x>0.65166664</x>
      <y>0.19666667</y>
      <w>0.60703814</w>
      <t>3133</t>
    </point>
    <point>
      <x>0.65166664</x>
      <y>0.19833334</y>
      <w>0.60703814</w>
      <t>3133</t>
    </point>
    <point>
      <x>0.65</x>
      <y>0.2</y>
      <w>0.60703814</w>
      <t>3133</t>
    </point>
    <point>
      <x>0.6483333</x>
      <y>0.2</y>
      <w>0.60703814</w>
      <t>3133</t>
    </point>
    <point>
      <x>0.64666665</x>
      <y>0.20166667</y>
      <w>0.60703814</w>
      <t>3133</t>
    </point>
    <point>
      <x>0.645</x>
      <y>0.20333333</y>
      <w>0.6089932</w>
      <t>3167</t>
    </point>
    <point>
      <x>0.6433333</x>
      <y>0.205</y>
      <w>0.6089932</w>
      <t>3167</t>
    </point>
    <point>
      <x>0.64166665</x>
      <y>0.20666666</y>
      <w>0.6089932</w>
      <t>3167</t>
    </point>
    <point>
      <x>0.64</x>
      <y>0.20833333</y>
      <w>0.6089932</w>
      <t>3167</t>
    </point>
    <point>
      <x>0.6383333</x>
      <y>0.21</y>
      <w>0.60703814</w>
      <t>3200</t>
    </point>
    <point>
      <x>0.63666666</x>
      <y>0.21166667</y>
      <w>0.60703814</w>
      <t>3200</t>
    </point>
    <point>
      <x>0.635</x>
      <y>0.215</y>
      <w>0.60703814</w>
      <t>3200</t>
    </point>
    <point>
      <x>0.6333333</x>
      <y>0.21666667</y>
      <w>0.60703814</w>
      <t>3200</t>
    </point>
    <point>
      <x>0.63</x>
      <y>0.21833333</y>
      <w>0.60703814</w>
      <t>3200</t>
    </point>
    <point>
      <x>0.62833333</x>
      <y>0.22</y>
      <w>0.59433043</w>
      <t>3233</t>
    </point>
    <point>
      <x>0.62666667</x>
      <y>0.22166666</y>
      <w>0.59433043</w>
      <t>3233</t>
    </point>
    <point>
      <x>0.62333333</x>
      <y>0.22333333</y>
      <w>0.59433043</w>
      <t>3233</t>
    </point>
    <point>
      <x>0.62166667</x>
      <y>0.225</y>
      <w>0.59433043</w>
      <t>3233</t>
    </point>
    <point>
      <x>0.61833334</x>
      <y>0.22666667</y>
      <w>0.5581623</w>
      <t>3267</t>
    </point>
    <point>
      <x>0.615</x>
      <y>0.22833334</y>
      <w>0.5581623</w>
      <t>3267</t>
    </point>
    <point>
      <x>0.6116667</x>
      <y>0.23166667</y>
      <w>0.5581623</w>
      <t>3267</t>
    </point>
    <point>
      <x>0.60833335</x>
      <y>0.23333333</y>
      <w>0.5581623</w>
      <t>3267</t>
    </point>
    <point>
      <x>0.60333335</x>
      <y>0.23666666</y>
      <w>0.5581623</w>
      <t>3267</t>
    </point>
    <point>
      <x>0.6</x>
      <y>0.23833333</y>
      <w>0.5102639</w>
      <t>3300</t>
    </point>
    <point>
      <x>0.595</x>
      <y>0.24166666</y>
      <w>0.5102639</w>
      <t>3300</t>
    </point>
    <point>
      <x>0.59</x>
      <y>0.245</y>
      <w>0.5102639</w>
      <t>3300</t>
    </point>
    <point>
      <x>0.58666664</x>
      <y>0.24666667</y>
      <w>0.5102639</w>
      <t>3300</t>
    </point>
    <point>
      <x>0.58166665</x>
      <y>0.25</y>
      <w>0.45356795</w>
      <t>3333</t>
    </point>
    <point>
      <x>0.57666665</x>
      <y>0.25166667</y>
      <w>0.45356795</w>
      <t>3333</t>
    </point>
    <point>
      <x>0.5733333</x>
      <y>0.25333333</y>
      <w>0.45356795</w>
      <t>3333</t>
    </point>
    <point>
      <x>0.5683333</x>
      <y>0.25666666</y>
      <w>0.45356795</w>
      <t>3333</t>
    </point>
    <point>
      <x>0.565</x>
      <y>0.25833333</y>
      <w>0.45356795</w>
      <t>3333</t>
    </point>
    <point>
      <x>0.56166667</x>
      <y>0.26166666</y>
      <w>0.28250244</w>
      <t>3367</t>
    </point>
    <point>
      <x>0.5566667</x>
      <y>0.26333332</y>
      <w>0.28250244</w>
      <t>3367</t>
    </point>
    <point>
      <x>0.55333334</x>
      <y>0.26666668</y>
      <w>0.28250244</w>
      <t>3367</t>
    </point>
    <point>
      <x>0.54833335</x>
      <y>0.26833335</y>
      <w>0.28250244</w>
      <t>3367</t>
    </point>
    <point>
      <x>0.545</x>
      <y>0.27166668</y>
      <w>0.08113392</w>
      <t>3400</t>
    </point>
    <point>
      <x>0.54</x>
      <y>0.27333334</y>
      <w>0.08113392</w>
      <t>3400</t>
    </point>
    <point>
      <x>0.5366667</x>
      <y>0.27666667</y>
      <w>0.08113392</w>
      <t>3400</t>
    </point>
    <point>
      <x>0.53333336</x>
      <y>0.28</y>
      <w>0.08113392</w>
      <t>3400</t>
    </point>
  </stroke>
  <stroke time="4367">
    <point>
      <x>0.47166666</x>
      <y>0.345</y>
      <w>0.29423264</w>
      <t>4400</t>
    </point>
    <point>
      <x>0.47166666</x>
      <y>0.34666666</y>
      <w>0.29423264</w>
      <t>4400</t>
    </point>
    <point>
      <x>0.47333333</x>
      <y>0.34666666</y>
      <w>0.29423264</w>
      <t>4400</t>
    </point>
    <point>
      <x>0.475</x>
      <y>0.34833333</y>
      <w>0.46627566</w>
      <t>4434</t>
    </point>
    <point>
      <x>0.475</x>
      <y>0.35</y>
      <w>0.46627566</w>
      <t>4434</t>
    </point>
    <point>
      <x>0.47666666</x>
      <y>0.35166666</y>
      <w>0.46627566</w>
      <t>4434</t>
    </point>
    <point>
      <x>0.47833332</x>
      <y>0.35333332</y>
      <w>0.46627566</w>
      <t>4434</t>
    </point>
    <point>
      <x>0.48</x>
      <y>0.355</y>
      <w>0.4965787</w>
      <t>4467</t>
    </point>
    <point>
      <x>0.48166665</x>
      <y>0.35666665</y>
      <w>0.4965787</w>
      <t>4467</t>
    </point>
    <point>
      <x>0.48333332</x>
      <y>0.35833332</y>
      <w>0.4965787</w>
      <t>4467</t>
    </point>
    <point>
      <x>0.485</x>
      <y>0.35833332</y>
      <w>0.4965787</w>
      <t>4467</t>
    </point>
    <point>
      <x>0.48666668</x>
      <y>0.36</y>
      <w>0.4965787</w>
      <t>4467</t>
    </point>
    <point>
      <x>0.48833334</x>
      <y>0.36166668</y>
      <w>0.5219941</w>
      <t>4500</t>
    </point>
    <point>
      <x>0.49</x>
      <y>0.36166668</y>
      <w>0.5219941</w>
      <t>4500</t>
    </point>
    <point>
      <x>0.49</x>
      <y>0.36333334</y>
      <w>0.5219941</w>
      <t>4500</t>
    </point>
    <point>
      <x>0.49166667</x>
      <y>0.36333334</y>
      <w>0.5415445</w>
      <t>4534</t>
    </point>
    <point>
      <x>0.49166667</x>
      <y>0.365</y>
      <w>0.5415445</w>
      <t>4534</t>
    </point>
    <point>
      <x>0.49333334</x>
      <y>0.365</y>
      <w>0.5483871</w>
      <t>4567</t>
    </point>
    <point>
      <x>0.495</x>
      <y>0.365</y>
      <w>0.5483871</w>
      <t>4567</t>
    </point>
    <point>
      <x>0.49666667</x>
      <y>0.365</y>
      <w>0.5542522</w>
      <t>4600</t>
    </point>
    <point>
      <x>0.49833333</x>
      <y>0.365</y>
      <w>0.5542522</w>
      <t>4600</t>
    </point>
    <point>
      <x>0.5</x>
      <y>0.36333334</y>
      <w>0.55718476</w>
      <t>4634</t>
    </point>
    <point>
      <x>0.50166667</x>
      <y>0.36166668</y>
      <w>0.55718476</w>
      <t>4634</t>
    </point>
    <point>
      <x>0.505</x>
      <y>0.36166668</y>
      <w>0.55718476</w>
      <t>4634</t>
    </point>
    <point>
      <x>0.50666666</x>
      <y>0.36</y>
      <w>0.5601173</w>
      <t>4667</t>
    </point>
    <point>
      <x>0.5083333</x>
      <y>0.35833332</y>
      <w>0.5601173</w>
      <t>4667</t>
    </point>
    <point>
      <x>0.51166666</x>
      <y>0.35666665</y>
      <w>0.5601173</w>
      <t>4667</t>
    </point>
    <point>
      <x>0.5133333</x>
      <y>0.35666665</y>
      <w>0.5601173</w>
      <t>4667</t>
    </point>
    <point>
      <x>0.515</x>
      <y>0.355</y>
      <w>0.5610948</w>
      <t>4700</t>
    </point>
    <point>
      <x>0.5183333</x>
      <y>0.35333332</y>
      <w>0.5610948</w>
      <t>4700</t>
    </point>
    <point>
      <x>0.52</x>
      <y>0.35166666</y>
      <w>0.5610948</w>
      <t>4700</t>
    </point>
    <point>
      <x>0.52166665</x>
      <y>0.35</y>
      <w>0.5610948</w>
      <t>4700</t>
    </point>
    <point>
      <x>0.5233333</x>
      <y>0.35</y>
      <w>0.5610948</w>
      <t>4700</t>
    </point>
    <point>
      <x>0.52666664</x>
      <y>0.34833333</y>
      <w>0.5601173</w>
      <t>4733</t>
    </point>
    <point>
      <x>0.5283333</x>
      <y>0.34666666</y>
      <w>0.5601173</w>
      <t>4733</t>
    </point>
    <point>
      <x>0.5316667</x>
      <y>0.34333333</y>
      <w>0.5601173</w>
      <t>4733</t>
    </point>
    <point>
      <x>0.535</x>
      <y>0.34166667</y>
      <w>0.5601173</w>
      <t>4733</t>
    </point>
    <point>
      <x>0.5366667</x>
      <y>0.34</y>
      <w>0.47018573</w>
      <t>4767</t>
    </point>
    <point>
      <x>0.54</x>
      <y>0.33666667</y>
      <w>0.47018573</w>
      <t>4767</t>
    </point>
    <point>
      <x>0.54333335</x>
      <y>0.335</y>
      <w>0.47018573</w>
      <t>4767</t>
    </point>
    <point>
      <x>0.5466667</x>
      <y>0.33333334</y>
      <w>0.47018573</w>
      <t>4767</t>
    </point>
    <point>
      <x>0.55</x>
      <y>0.33</y>
      <w>0.47018573</w>
      <t>4767</t>
    </point>
    <point>
      <x>0.55333334</x>
      <y>0.32833335</y>
      <w>0.26490712</w>
      <t>4800</t>
    </point>
    <point>
      <x>0.5566667</x>
      <y>0.32666665</y>
      <w>0.26490712</w>
      <t>4800</t>
    </point>
    <point>
      <x>0.56</x>
      <y>0.32333332</y>
      <w>0.26490712</w>
      <t>4800</t>
    </point>
    <point>
      <x>0.56166667</x>
      <y>0.32166666</y>
      <w>0.26490712</w>
      <t>4800</t>
    </point>
    <point>
      <x>0.56666666</x>
      <y>0.32</y>
      <w>0.0</w>
      <t>4834</t>
    </point>
  </stroke>
  <stroke time="5400">
    <point>
      <x>0.6666667</x>
      <y>0.29333332</y>
      <w>0.17497556</w>
      <t>5400</t>
    </point>
    <point>
      <x>0.66833335</x>
      <y>0.29333332</y>
      <w>0.17497556</w>
      <t>5400</t>
    </point>
    <point>
      <x>0.67</x>
      <y>0.29333332</y>
      <w>0.36656892</w>
      <t>5434</t>
    </point>
    <point>
      <x>0.6716667</x>
      <y>0.295</y>
      <w>0.36656892</w>
      <t>5434</t>
    </point>
    <point>
      <x>0.67333335</x>
      <y>0.295</y>
      <w>0.36656892</w>
      <t>5434</t>
    </point>
    <point>
      <x>0.6766667</x>
      <y>0.295</y>
      <w>0.36656892</w>
      <t>5434</t>
    </point>
    <point>
      <x>0.68</x>
      <y>0.295</y>
      <w>0.36656892</w>
      <t>5434</t>
    </point>
    <point>
      <x>0.68333334</x>
      <y>0.295</y>
      <w>0.4633431</w>
      <t>5467</t>
    </point>
    <point>
      <x>0.685</x>
      <y>0.295</y>
      <w>0.4633431</w>
      <t>5467</t>
    </point>
    <point>
      <x>0.68833333</x>
      <y>0.295</y>
      <w>0.4633431</w>
      <t>5467</t>
    </point>
    <point>
      <x>0.69166666</x>
      <y>0.295</y>
      <w>0.4633431</w>
      <t>5467</t>
    </point>
    <point>
      <x>0.695</x>
      <y>0.295</y>
      <w>0.51221895</w>
      <t>5500</t>
    </point>
    <point>
      <x>0.6983333</x>
      <y>0.29666665</y>
      <w>0.51221895</w>
      <t>5500</t>
    </point>
    <point>
      <x>0.7033333</x>
      <y>0.29833335</y>
      <w>0.51221895</w>
      <t>5500</t>
    </point>
    <point>
      <x>0.70666665</x>
      <y>0.3</y>
      <w>0.51221895</w>
      <t>5500</t>
    </point>
    <point>
      <x>0.71</x>
      <y>0.30166668</y>
      <w>0.51221895</w>
      <t>5500</t>
    </point>
    <point>
      <x>0.715</x>
      <y>0.30166668</y>
      <w>0.56304985</w>
      <t>5534</t>
    </point>
    <point>
      <x>0.7183333</x>
      <y>0.30333334</y>
      <w>0.56304985</w>
      <t>5534</t>
    </point>
    <point>
      <x>0.72333336</x>
      <y>0.305</y>
      <w>0.56304985</w>
      <t>5534</t>
    </point>
    <point>
      <x>0.7266667</x>
      <y>0.30666667</y>
      <w>0.56304985</w>
      <t>5534</t>
    </point>
    <point>
      <x>0.7316667</x>
      <y>0.31</y>
      <w>0.61876833</w>
      <t>5567</t>
    </point>
    <point>
      <x>0.735</x>
      <y>0.31166667</y>
      <w>0.61876833</w>
      <t>5567</t>
    </point>
    <point>
      <x>0.73833334</x>
      <y>0.31333333</y>
      <w>0.61876833</w>
      <t>5567</t>
    </point>
    <point>
      <x>0.74333334</x>
      <y>0.315</y>
      <w>0.61876833</w>
      <t>5567</t>
    </point>
    <point>
      <x>0.74666667</x>
      <y>0.31666666</y>
      <w>0.6539589</w>
      <t>5600</t>
    </point>
    <point>
      <x>0.75</x>
      <y>0.32</y>
      <w>0.6539589</w>
      <t>5600</t>
    </point>
    <point>
      <x>0.75333333</x>
      <y>0.32166666</y>
      <w>0.6539589</w>
      <t>5600</t>
    </point>
    <point>
      <x>0.75666666</x>
      <y>0.32333332</y>
      <w>0.6539589</w>
      <t>5600</t>
    </point>
    <point>
      <x>0.7583333</x>
      <y>0.325</y>
      <w>0.6539589</w>
      <t>5600</t>
    </point>
    <point>
      <x>0.76166666</x>
      <y>0.32666665</y>
      <w>0.66373414</w>
      <t>5634</t>
    </point>
    <point>
      <x>0.7633333</x>
      <y>0.32833335</y>
      <w>0.66373414</w>
      <t>5634</t>
    </point>
    <point>
      <x>0.76666665</x>
      <y>0.33</y>
      <w>0.66373414</w>
      <t>5634</t>
    </point>
    <point>
      <x>0.7683333</x>
      <y>0.33166668</y>
      <w>0.66373414</w>
      <t>5634</t>
    </point>
    <point>
      <x>0.77</x>
      <y>0.33333334</y>
      <w>0.66373414</w>
      <t>5634</t>
    </point>
    <point>
      <x>0.77166665</x>
      <y>0.335</y>
      <w>0.68328446</w>
      <t>5667</t>
    </point>
    <point>
      <x>0.7733333</x>
      <y>0.33666667</y>
      <w>0.68328446</w>
      <t>5667</t>
    </point>
    <point>
      <x>0.775</x>
      <y>0.33833334</y>
      <w>0.68328446</w>
      <t>5667</t>
    </point>
    <point>
      <x>0.77666664</x>
      <y>0.34</y>
      <w>0.68328446</w>
      <t>5667</t>
    </point>
    <point>
      <x>0.77666664</x>
      <y>0.34166667</y>
      <w>0.69501466</w>
      <t>5700</t>
    </point>
    <point>
      <x>0.7783333</x>
      <y>0.34333333</y>
      <w>0.69501466</w>
      <t>5700</t>
    </point>
    <point>
      <x>0.7783333</x>
      <y>0.345</y>
      <w>0.6959922</w>
      <t>5734</t>
    </point>
    <point>
      <x>0.78</x>
      <y>0.345</y>
      <w>0.6959922</w>
      <t>5734</t>
    </point>
    <point>
      <x>0.7783333</x>
      <y>0.345</y>
      <w>0.0</w>
      <t>5800</t>
    </point>
    <point>
      <x>0.77666664</x>
      <y>0.345</y>
      <w>0.0</w>
      <t>5800</t>
    </point>
  </stroke>
  <stroke time="6533">
    <point>
      <x>0.61333334</x>
      <y>0.31833333</y>
      <w>0.16617791</w>
      <t>6567</t>
    </point>
    <point>
      <x>0.615</x>
      <y>0.32</y>
      <w>0.16617791</w>
      <t>6567</t>
    </point>
    <point>
      <x>0.6166667</x>
      <y>0.32</y>
      <w>0.16617791</w>
      <t>6567</t>
    </point>
    <point>
      <x>0.6166667</x>
      <y>0.32166666</y>
      <w>0.16617791</w>
      <t>6567</t>
    </point>
    <point>
      <x>0.61833334</x>
      <y>0.32166666</y>
      <w>0.28445747</w>
      <t>6600</t>
    </point>
    <point>
      <x>0.62</x>
      <y>0.32333332</y>
      <w>0.28445747</w>
      <t>6600</t>
    </point>
    <point>
      <x>0.62166667</x>
      <y>0.325</y>
      <w>0.28445747</w>
      <t>6600</t>
    </point>
    <point>
      <x>0.62333333</x>
      <y>0.32666665</y>
      <w>0.28445747</w>
      <t>6600</t>
    </point>
    <point>
      <x>0.625</x>
      <y>0.32833335</y>
      <w>0.38709676</w>
      <t>6634</t>
    </point>
    <point>
      <x>0.62666667</x>
      <y>0.33</y>
      <w>0.38709676</w>
      <t>6634</t>
    </point>
    <point>
      <x>0.62666667</x>
      <y>0.33166668</y>
      <w>0.38709676</w>
      <t>6634</t>
    </point>
    <point>
      <x>0.62833333</x>
      <y>0.335</y>
      <w>0.38709676</w>
      <t>6634</t>
    </point>
    <point>
      <x>0.63</x>
      <y>0.33666667</y>
      <w>0.38709676</w>
      <t>6634</t>
    </point>
    <point>
      <x>0.63166666</x>
      <y>0.34</y>
      <w>0.4516129</w>
      <t>6667</t>
    </point>
    <point>
      <x>0.6333333</x>
      <y>0.34166667</y>
      <w>0.4516129</w>
      <t>6667</t>
    </point>
    <point>
      <x>0.6333333</x>
      <y>0.345</y>
      <w>0.4516129</w>
      <t>6667</t>
    </point>
    <point>
      <x>0.635</x>
      <y>0.34833333</y>
      <w>0.4516129</w>
      <t>6667</t>
    </point>
    <point>
      <x>0.63666666</x>
      <y>0.35</y>
      <w>0.514174</w>
      <t>6700</t>
    </point>
    <point>
      <x>0.63666666</x>
      <y>0.35333332</y>
      <w>0.514174</w>
      <t>6700</t>
    </point>
    <point>
      <x>0.6383333</x>
      <y>0.355</y>
      <w>0.514174</w>
      <t>6700</t>
    </point>
    <point>
      <x>0.64</x>
      <y>0.35833332</y>
      <w>0.514174</w>
      <t>6700</t>
    </point>
    <point>
      <x>0.64</x>
      <y>0.36166668</y>
      <w>0.514174</w>
      <t>6700</t>
    </point>
    <point>
      <x>0.64166665</x>
      <y>0.36333334</y>
      <w>0.5767351</w>
      <t>6734</t>
    </point>
    <point>
      <x>0.64166665</x>
      <y>0.36666667</y>
      <w>0.5767351</w>
      <t>6734</t>
    </point>
    <point>
      <x>0.6433333</x>
      <y>0.37</y>
      <w>0.5767351</w>
      <t>6734</t>
    </point>
    <point>
      <x>0.6433333</x>
      <y>0.37333333</y>
      <w>0.5767351</w>
      <t>6734</t>
    </point>
    <point>
      <x>0.645</x>
      <y>0.37666667</y>
      <w>0.63734114</w>
      <t>6767</t>
    </point>
    <point>
      <x>0.645</x>
      <y>0.38</y>
      <w>0.63734114</w>
      <t>6767</t>
    </point>
    <point>
      <x>0.645</x>
      <y>0.38333333</y>
      <w>0.63734114</w>
      <t>6767</t>
    </point>
    <point>
      <x>0.64666665</x>
      <y>0.38666666</y>
      <w>0.63734114</w>
      <t>6767</t>
    </point>
    <point>
      <x>0.64666665</x>
      <y>0.39</y>
      <w>0.69990224</w>
      <t>6800</t>
    </point>
    <point>
      <x>0.6483333</x>
      <y>0.39333335</y>
      <w>0.69990224</w>
      <t>6800</t>
    </point>
    <point>
      <x>0.6483333</x>
      <y>0.39666668</y>
      <w>0.69990224</w>
      <t>6800</t>
    </point>
    <point>
      <x>0.6483333</x>
      <y>0.4</y>
      <w>0.69990224</w>
      <t>6800</t>
    </point>
    <point>
      <x>0.6483333</x>
      <y>0.405</y>
      <w>0.69990224</w>
      <t>6800</t>
    </point>
    <point>
      <x>0.65</x>
      <y>0.40833333</y>
      <w>0.73411536</w>
      <t>6834</t>
    </point>
    <point>
      <x>0.65</x>
      <y>0.41166666</y>
      <w>0.73411536</w>
      <t>6834</t>
    </point>
    <point>
      <x>0.65</x>
      <y>0.41666666</y>
      <w>0.73411536</w>
      <t>6834</t>
    </point>
    <point>
      <x>0.65</x>
      <y>0.42</y>
      <w>0.73411536</w>
      <t>6834</t>
    </point>
    <point>
      <x>0.65166664</x>
      <y>0.425</y>
      <w>0.73411536</w>
      <t>6834</t>
    </point>
    <point>
      <x>0.65166664</x>
      <y>0.43166667</y>
      <w>0.7595308</w>
      <t>6867</t>
    </point>
    <point>
      <x>0.65166664</x>
      <y>0.43666667</y>
      <w>0.7595308</w>
      <t>6867</t>
    </point>
    <point>
      <x>0.65166664</x>
      <y>0.44333333</y>
      <w>0.7595308</w>
      <t>6867</t>
    </point>
    <point>
      <x>0.65166664</x>
      <y>0.44833332</y>
      <w>0.7595308</w>
      <t>6867</t>
    </point>
    <point>
      <x>0.65166664</x>
      <y>0.45333335</y>
      <w>0.7790811</w>
      <t>6900</t>
    </point>
    <point>
      <x>0.65166664</x>
      <y>0.46</y>
      <w>0.7790811</w>
      <t>6900</t>
    </point>
    <point>
      <x>0.65166664</x>
      <y>0.465</y>
      <w>0.7790811</w>
      <t>6900</t>
    </point>
    <point>
      <x>0.65166664</x>
      <y>0.47</y>
      <w>0.7790811</w>
      <t>6900</t>
    </point>
    <point>
      <x>0.65166664</x>
      <y>0.475</y>
      <w>0.7947214</w>
      <t>6934</t>
    </point>
    <point>
      <x>0.6533333</x>
      <y>0.48166665</y>
      <w>0.7947214</w>
      <t>6934</t>
    </point>
    <point>
      <x>0.6533333</x>
      <y>0.48666668</y>
      <w>0.7947214</w>
      <t>6934</t>
    </point>
    <point>
      <x>0.6533333</x>
      <y>0.49333334</y>
      <w>0.7947214</w>
      <t>6934</t>
    </point>
    <point>
      <x>0.6533333</x>
      <y>0.5</y>
      <w>0.7947214</w>
      <t>6934</t>
    </point>
    <point>
      <x>0.6533333</x>
      <y>0.50666666</y>
      <w>0.81329423</w>
      <t>6967</t>
    </point>
    <point>
      <x>0.6533333</x>
      <y>0.5133333</y>
      <w>0.81329423</w>
      <t>6967</t>
    </point>
    <point>
      <x>0.6533333</x>
      <y>0.52</y>
      <w>0.81329423</w>
      <t>6967</t>
    </point>
    <point>
      <x>0.6533333</x>
      <y>0.52666664</y>
      <w>0.81329423</w>
      <t>6967</t>
    </point>
    <point>
      <x>0.6533333</x>
      <y>0.535</y>
      <w>0.83284456</w>
      <t>7000</t>
    </point>
    <point>
      <x>0.6533333</x>
      <y>0.5416667</y>
      <w>0.83284456</w>
      <t>7000</t>
    </point>
    <point>
      <x>0.6533333</x>
      <y>0.55</y>
      <w>0.83284456</w>
      <t>7000</t>
    </point>
    <point>
      <x>0.655</x>
      <y>0.5566667</y>
      <w>0.83284456</w>
      <t>7000</t>
    </point>
    <point>
      <x>0.655</x>
      <y>0.565</y>
      <w>0.83284456</w>
      <t>7000</t>
    </point>
    <point>
      <x>0.655</x>
      <y>0.5733333</y>
      <w>0.8338221</w>
      <t>7034</t>
    </point>
    <point>
      <x>0.655</x>
      <y>0.58166665</y>
      <w>0.8338221</w>
      <t>7034</t>
    </point>
    <point>
      <x>0.655</x>
      <y>0.59</y>
      <w>0.8338221</w>
      <t>7034</t>
    </point>
    <point>
      <x>0.655</x>
      <y>0.59833336</y>
      <w>0.8338221</w>
      <t>7034</t>
    </point>
    <point>
      <x>0.655</x>
      <y>0.60833335</y>
      <w>0.8347996</w>
      <t>7067</t>
    </point>
    <point>
      <x>0.655</x>
      <y>0.6166667</y>
      <w>0.8347996</w>
      <t>7067</t>
    </point>
    <point>
      <x>0.6533333</x>
      <y>0.625</y>
      <w>0.8347996</w>
      <t>7067</t>
    </point>
    <point>
      <x>0.6533333</x>
      <y>0.635</y>
      <w>0.8347996</w>
      <t>7067</t>
    </point>
    <point>
      <x>0.6533333</x>
      <y>0.6433333</y>
      <w>0.8347996</w>
      <t>7100</t>
    </point>
    <point>
      <x>0.65166664</x>
      <y>0.6533333</y>
      <w>0.8347996</w>
      <t>7100</t>
    </point>
    <point>
      <x>0.65166664</x>
      <y>0.66333336</y>
      <w>0.8347996</w>
      <t>7100</t>
    </point>
    <point>
      <x>0.65</x>
      <y>0.67333335</y>
      <w>0.8347996</w>
      <t>7100</t>
    </point>
    <point>
      <x>0.65</x>
      <y>0.6816667</y>
      <w>0.8347996</w>
      <t>7100</t>
    </point>
    <point>
      <x>0.65</x>
      <y>0.69166666</y>
      <w>0.8347996</w>
      <t>7133</t>
    </point>
    <point>
      <x>0.6483333</x>
      <y>0.70166665</y>
      <w>0.8347996</w>
      <t>7133</t>
    </point>
    <point>
      <x>0.6483333</x>
      <y>0.71166664</y>
      <w>0.8347996</w>
      <t>7133</t>
    </point>
    <point>
      <x>0.6483333</x>
      <y>0.72</y>
      <w>0.8347996</w>
      <t>7133</t>
    </point>
    <point>
      <x>0.6483333</x>
      <y>0.72833335</y>
      <w>0.8308895</w>
      <t>7167</t>
    </point>
    <point>
      <x>0.64666665</x>
      <y>0.7366667</y>
      <w>0.8308895</w>
      <t>7167</t>
    </point>
    <point>
      <x>0.64666665</x>
      <y>0.74333334</y>
      <w>0.8308895</w>
      <t>7167</t>
    </point>
    <point>
      <x>0.64666665</x>
      <y>0.75</y>
      <w>0.8308895</w>
      <t>7167</t>
    </point>
    <point>
      <x>0.64666665</x>
      <y>0.755</y>
      <w>0.8308895</w>
      <t>7167</t>
    </point>
    <point>
      <x>0.645</x>
      <y>0.7583333</y>
      <w>0.8044966</w>
      <t>7200</t>
    </point>
    <point>
      <x>0.645</x>
      <y>0.76166666</y>
      <w>0.8044966</w>
      <t>7200</t>
    </point>
    <point>
      <x>0.645</x>
      <y>0.765</y>
      <w>0.8044966</w>
      <t>7200</t>
    </point>
    <point>
      <x>0.6433333</x>
      <y>0.76666665</y>
      <w>0.8044966</w>
      <t>7200</t>
    </point>
    <point>
      <x>0.64166665</x>
      <y>0.76666665</y>
      <w>0.72140765</w>
      <t>7234</t>
    </point>
    <point>
      <x>0.64166665</x>
      <y>0.7683333</y>
      <w>0.72140765</w>
      <t>7234</t>
    </point>
    <point>
      <x>0.64</x>
      <y>0.7683333</y>
      <w>0.72140765</w>
      <t>7234</t>
    </point>
    <point>
      <x>0.6383333</x>
      <y>0.77</y>
      <w>0.72140765</w>
      <t>7234</t>
    </point>
    <point>
      <x>0.63666666</x>
      <y>0.77</y>
      <w>0.72140765</w>
      <t>7234</t>
    </point>
    <point>
      <x>0.635</x>
      <y>0.77</y>
      <w>0.6451613</w>
      <t>7267</t>
    </point>
    <point>
      <x>0.63166666</x>
      <y>0.77</y>
      <w>0.6451613</w>
      <t>7267</t>
    </point>
    <point>
      <x>0.62833333</x>
      <y>0.77</y>
      <w>0.6451613</w>
      <t>7267</t>
    </point>
    <point>
      <x>0.625</x>
      <y>0.77</y>
      <w>0.6451613</w>
      <t>7267</t>
    </point>
    <point>
      <x>0.62166667</x>
      <y>0.77</y>
      <w>0.58064514</w>
      <t>7300</t>
    </point>
    <point>
      <x>0.61833334</x>
      <y>0.7683333</y>
      <w>0.58064514</w>
      <t>7300</t>
    </point>
    <point>
      <x>0.61333334</x>
      <y>0.76666665</y>
      <w>0.58064514</w>
      <t>7300</t>
    </point>
    <point>
      <x>0.61</x>
      <y>0.7633333</y>
      <w>0.58064514</w>
      <t>7300</t>
    </point>
    <point>
      <x>0.605</x>
      <y>0.76</y>
      <w>0.58064514</w>
      <t>7300</t>
    </point>
    <point>
      <x>0.6</x>
      <y>0.75666666</y>
      <w>0.53079176</w>
      <t>7333</t>
    </point>
    <point>
      <x>0.595</x>
      <y>0.75333333</y>
      <w>0.53079176</w>
      <t>7333</t>
    </point>
    <point>
      <x>0.59</x>
      <y>0.74833333</y>
      <w>0.53079176</w>
      <t>7333</t>
    </point>
    <point>
      <x>0.5833333</x>
      <y>0.7416667</y>
      <w>0.53079176</w>
      <t>7333</t>
    </point>
    <point>
      <x>0.5783333</x>
      <y>0.7366667</y>
      <w>0.49560118</w>
      <t>7367</t>
    </point>
    <point>
      <x>0.57166666</x>
      <y>0.73</y>
      <w>0.49560118</w>
      <t>7367</t>
    </point>
    <point>
      <x>0.56666666</x>
      <y>0.725</y>
      <w>0.49560118</w>
      <t>7367</t>
    </point>
    <point>
      <x>0.56</x>
      <y>0.7183333</y>
      <w>0.49560118</w>
      <t>7367</t>
    </point>
    <point>
      <x>0.555</x>
      <y>0.71</y>
      <w>0.42130986</w>
      <t>7400</t>
    </point>
    <point>
      <x>0.54833335</x>
      <y>0.7033333</y>
      <w>0.42130986</w>
      <t>7400</t>
    </point>
    <point>
      <x>0.54333335</x>
      <y>0.69666666</y>
      <w>0.42130986</w>
      <t>7400</t>
    </point>
    <point>
      <x>0.53833336</x>
      <y>0.69</y>
      <w>0.42130986</w>
      <t>7400</t>
    </point>
    <point>
      <x>0.53333336</x>
      <y>0.68333334</y>
      <w>0.42130986</w>
      <t>7400</t>
    </point>
    <point>
      <x>0.5283333</x>
      <y>0.6766667</y>
      <w>0.42619747</w>
      <t>7434</t>
    </point>
    <point>
      <x>0.525</x>
      <y>0.67</y>
      <w>0.42619747</w>
      <t>7434</t>
    </point>
    <point>
      <x>0.52166665</x>
      <y>0.66333336</y>
      <w>0.42619747</w>
      <t>7434</t>
    </point>
    <point>
      <x>0.5183333</x>
      <y>0.655</y>
      <w>0.42619747</w>
      <t>7434</t>
    </point>
    <point>
      <x>0.51666665</x>
      <y>0.64666665</y>
      <w>0.42619747</w>
      <t>7434</t>
    </point>
    <point>
      <x>0.515</x>
      <y>0.6383333</y>
      <w>0.427175</w>
      <t>7467</t>
    </point>
    <point>
      <x>0.515</x>
      <y>0.62833333</y>
      <w>0.427175</w>
      <t>7467</t>
    </point>
    <point>
      <x>0.515</x>
      <y>0.62</y>
      <w>0.427175</w>
      <t>7467</t>
    </point>
    <point>
      <x>0.515</x>
      <y>0.6116667</y>
      <w>0.427175</w>
      <t>7467</t>
    </point>
    <point>
      <x>0.51666665</x>
      <y>0.60333335</y>
      <w>0.4281525</w>
      <t>7500</t>
    </point>
    <point>
      <x>0.5183333</x>
      <y>0.595</y>
      <w>0.4281525</w>
      <t>7500</t>
    </point>
    <point>
      <x>0.52166665</x>
      <y>0.58666664</y>
      <w>0.4281525</w>
      <t>7500</t>
    </point>
    <point>
      <x>0.525</x>
      <y>0.5783333</y>
      <w>0.4281525</w>
      <t>7500</t>
    </point>
    <point>
      <x>0.5283333</x>
      <y>0.57166666</y>
      <w>0.43010753</w>
      <t>7533</t>
    </point>
    <point>
      <x>0.5316667</x>
      <y>0.56333333</y>
      <w>0.43010753</w>
      <t>7533</t>
    </point>
    <point>
      <x>0.5366667</x>
      <y>0.55333334</y>
      <w>0.43010753</w>
      <t>7533</t>
    </point>
    <point>
      <x>0.5416667</x>
      <y>0.54333335</y>
      <w>0.43010753</w>
      <t>7533</t>
    </point>
    <point>
      <x>0.5466667</x>
      <y>0.535</y>
      <w>0.43010753</w>
      <t>7533</t>
    </point>
    <point>
      <x>0.55333334</x>
      <y>0.525</y>
      <w>0.43695015</w>
      <t>7567</t>
    </point>
    <point>
      <x>0.55833334</x>
      <y>0.51666665</y>
      <w>0.43695015</w>
      <t>7567</t>
    </point>
    <point>
      <x>0.565</x>
      <y>0.51</y>
      <w>0.43695015</w>
      <t>7567</t>
    </point>
    <point>
      <x>0.57</x>
      <y>0.50166667</y>
      <w>0.43695015</w>
      <t>7567</t>
    </point>
    <point>
      <x>0.5783333</x>
      <y>0.495</y>
      <w>0.45454547</w>
      <t>7600</t>
    </point>
    <point>
      <x>0.58666664</x>
      <y>0.48666668</y>
      <w>0.45454547</w>
      <t>7600</t>
    </point>
    <point>
      <x>0.595</x>
      <y>0.48</y>
      <w>0.45454547</w>
      <t>7600</t>
    </point>
    <point>
      <x>0.605</x>
      <y>0.47166666</y>
      <w>0.45454547</w>
      <t>7600</t>
    </point>
    <point>
      <x>0.615</x>
      <y>0.465</y>
      <w>0.45454547</w>
      <t>7601</t>
    </point>
    <point>
      <x>0.625</x>
      <y>0.45666668</y>
      <w>0.4750733</w>
      <t>7633</t>
    </point>
    <point>
      <x>0.635</x>
      <y>0.45</y>
      <w>0.4750733</w>
      <t>7633</t>
    </point>
    <point>
      <x>0.645</x>
      <y>0.445</y>
      <w>0.4750733</w>
      <t>7633</t>
    </point>
    <point>
      <x>0.655</x>
      <y>0.44166666</y>
      <w>0.4750733</w>
      <t>7633</t>
    </point>
    <point>
      <x>0.665</x>
      <y>0.43833333</y>
      <w>0.4848485</w>
      <t>7667</t>
    </point>
    <point>
      <x>0.67333335</x>
      <y>0.43666667</y>
      <w>0.4848485</w>
      <t>7667</t>
    </point>
    <point>
      <x>0.6816667</x>
      <y>0.43666667</y>
      <w>0.4848485</w>
      <t>7667</t>
    </point>
    <point>
      <x>0.69</x>
      <y>0.435</y>
      <w>0.4848485</w>
      <t>7667</t>
    </point>
    <point>
      <x>0.6983333</x>
      <y>0.435</y>
      <w>0.4965787</w>
      <t>7700</t>
    </point>
    <point>
      <x>0.7033333</x>
      <y>0.435</y>
      <w>0.4965787</w>
      <t>7700</t>
    </point>
    <point>
      <x>0.71</x>
      <y>0.435</y>
      <w>0.4965787</w>
      <t>7700</t>
    </point>
    <point>
      <x>0.7133333</x>
      <y>0.435</y>
      <w>0.4965787</w>
      <t>7700</t>
    </point>
    <point>
      <x>0.7183333</x>
      <y>0.43833333</y>
      <w>0.4965787</w>
      <t>7700</t>
    </point>
    <point>
      <x>0.7216667</x>
      <y>0.44</y>
      <w>0.53079176</w>
      <t>7734</t>
    </point>
    <point>
      <x>0.725</x>
      <y>0.44166666</y>
      <w>0.53079176</w>
      <t>7734</t>
    </point>
    <point>
      <x>0.7266667</x>
      <y>0.445</y>
      <w>0.53079176</w>
      <t>7734</t>
    </point>
    <point>
      <x>0.72833335</x>
      <y>0.44833332</y>
      <w>0.53079176</w>
      <t>7734</t>
    </point>
    <point>
      <x>0.72833335</x>
      <y>0.45333335</y>
      <w>0.53079176</w>
      <t>7734</t>
    </point>
    <point>
      <x>0.72833335</x>
      <y>0.45666668</y>
      <w>0.5777126</w>
      <t>7767</t>
    </point>
    <point>
      <x>0.72833335</x>
      <y>0.46166667</y>
      <w>0.5777126</w>
      <t>7767</t>
    </point>
    <point>
      <x>0.7266667</x>
      <y>0.465</y>
      <w>0.5777126</w>
      <t>7767</t>
    </point>
    <point>
      <x>0.725</x>
      <y>0.46833333</y>
      <w>0.5777126</w>
      <t>7767</t>
    </point>
    <point>
      <x>0.7216667</x>
      <y>0.47166666</y>
      <w>0.6168133</w>
      <t>7801</t>
    </point>
    <point>
      <x>0.7183333</x>
      <y>0.47666666</y>
      <w>0.6168133</w>
      <t>7801</t>
    </point>
    <point>
      <x>0.715</x>
      <y>0.48</y>
      <w>0.6168133</w>
      <t>7801</t>
    </point>
    <point>
      <x>0.71166664</x>
      <y>0.48333332</y>
      <w>0.6168133</w>
      <t>7801</t>
    </point>
    <point>
      <x>0.7083333</x>
      <y>0.48666668</y>
      <w>0.63245356</w>
      <t>7834</t>
    </point>
    <point>
      <x>0.7033333</x>
      <y>0.49166667</y>
      <w>0.63245356</w>
      <t>7834</t>
    </point>
    <point>
      <x>0.7</x>
      <y>0.495</y>
      <w>0.63245356</w>
      <t>7834</t>
    </point>
    <point>
      <x>0.69666666</x>
      <y>0.49833333</y>
      <w>0.63245356</w>
      <t>7834</t>
    </point>
    <point>
      <x>0.69166666</x>
      <y>0.50333333</y>
      <w>0.63245356</w>
      <t>7834</t>
    </point>
    <point>
      <x>0.68666667</x>
      <y>0.50666666</y>
      <w>0.6520039</w>
      <t>7867</t>
    </point>
    <point>
      <x>0.68</x>
      <y>0.51166666</y>
      <w>0.6520039</w>
      <t>7867</t>
    </point>
    <point>
      <x>0.67333335</x>
      <y>0.51666665</y>
      <w>0.6520039</w>
      <t>7867</t>
    </point>
    <point>
      <x>0.66833335</x>
      <y>0.52166665</y>
      <w>0.6520039</w>
      <t>7867</t>
    </point>
    <point>
      <x>0.6616667</x>
      <y>0.52666664</y>
      <w>0.6529814</w>
      <t>7900</t>
    </point>
    <point>
      <x>0.6566667</x>
      <y>0.5316667</y>
      <w>0.6529814</w>
      <t>7900</t>
    </point>
    <point>
      <x>0.65</x>
      <y>0.5366667</y>
      <w>0.6529814</w>
      <t>7900</t>
    </point>
    <point>
      <x>0.645</x>
      <y>0.5416667</y>
      <w>0.6529814</w>
      <t>7900</t>
    </point>
    <point>
      <x>0.64</x>
      <y>0.5466667</y>
      <w>0.6529814</w>
      <t>7900</t>
    </point>
    <point>
      <x>0.635</x>
      <y>0.5516667</y>
      <w>0.6520039</w>
      <t>7934</t>
    </point>
    <point>
      <x>0.63</x>
      <y>0.5566667</y>
      <w>0.6520039</w>
      <t>7934</t>
    </point>
    <point>
      <x>0.625</x>
      <y>0.56166667</y>
      <w>0.6520039</w>
      <t>7934</t>
    </point>
    <point>
      <x>0.62</x>
      <y>0.56666666</y>
      <w>0.6520039</w>
      <t>7934</t>
    </point>
    <point>
      <x>0.6166667</x>
      <y>0.57166666</y>
      <w>0.65004885</w>
      <t>7966</t>
    </point>
    <point>
      <x>0.6116667</x>
      <y>0.575</y>
      <w>0.65004885</w>
      <t>7966</t>
    </point>
    <point>
      <x>0.60833335</x>
      <y>0.58</y>
      <w>0.65004885</w>
      <t>7966</t>
    </point>
    <point>
      <x>0.605</x>
      <y>0.58166665</y>
      <w>0.65004885</w>
      <t>7966</t>
    </point>
    <point>
      <x>0.60333335</x>
      <y>0.5833333</y>
      <w>0.6480938</w>
      <t>8000</t>
    </point>
    <point>
      <x>0.60333335</x>
      <y>0.585</y>
      <w>0.6480938</w>
      <t>8000</t>
    </point>
    <point>
      <x>0.6016667</x>
      <y>0.58666664</y>
      <w>0.6480938</w>
      <t>8000</t>
    </point>
    <point>
      <x>0.6016667</x>
      <y>0.5883333</y>
      <w>0.63831866</w>
      <t>8034</t>
    </point>
    <point>
      <x>0.60333335</x>
      <y>0.5883333</y>
      <w>0.63831866</w>
      <t>8034</t>
    </point>
    <point>
      <x>0.605</x>
      <y>0.5883333</y>
      <w>0.63831866</w>
      <t>8034</t>
    </point>
    <point>
      <x>0.6066667</x>
      <y>0.59</y>
      <w>0.63245356</w>
      <t>8067</t>
    </point>
    <point>
      <x>0.60833335</x>
      <y>0.59</y>
      <w>0.63245356</w>
      <t>8067</t>
    </point>
    <point>
      <x>0.61</x>
      <y>0.59</y>
      <w>0.63245356</w>
      <t>8067</t>
    </point>
    <point>
      <x>0.6116667</x>
      <y>0.59</y>
      <w>0.63245356</w>
      <t>8067</t>
    </point>
    <point>
      <x>0.61333334</x>
      <y>0.59</y>
      <w>0.63245356</w>
      <t>8100</t>
    </point>
    <point>
      <x>0.6166667</x>
      <y>0.59</y>
      <w>0.63245356</w>
      <t>8100</t>
    </point>
    <point>
      <x>0.61833334</x>
      <y>0.59</y>
      <w>0.63245356</w>
      <t>8100</t>
    </point>
    <point>
      <x>0.62166667</x>
      <y>0.5883333</y>
      <w>0.63245356</w>
      <t>8100</t>
    </point>
    <point>
      <x>0.625</x>
      <y>0.58666664</y>
      <w>0.63147604</w>
      <t>8134</t>
    </point>
    <point>
      <x>0.62833333</x>
      <y>0.58666664</y>
      <w>0.63147604</w>
      <t>8134</t>
    </point>
    <point>
      <x>0.63166666</x>
      <y>0.585</y>
      <w>0.63147604</w>
      <t>8134</t>
    </point>
    <point>
      <x>0.635</x>
      <y>0.585</y>
      <w>0.63147604</w>
      <t>8134</t>
    </point>
    <point>
      <x>0.64</x>
      <y>0.5833333</y>
      <w>0.63147604</w>
      <t>8134</t>
    </point>
    <point>
      <x>0.6433333</x>
      <y>0.5833333</y>
      <w>0.6344086</w>
      <t>8167</t>
    </point>
    <point>
      <x>0.6483333</x>
      <y>0.58166665</y>
      <w>0.6344086</w>
      <t>8167</t>
    </point>
    <point>
      <x>0.65166664</x>
      <y>0.58166665</y>
      <w>0.6344086</w>
      <t>8167</t>
    </point>
    <point>
      <x>0.6566667</x>
      <y>0.58</y>
      <w>0.6344086</w>
      <t>8167</t>
    </point>
    <point>
      <x>0.66</x>
      <y>0.58</y>
      <w>0.63734114</w>
      <t>8200</t>
    </point>
    <point>
      <x>0.665</x>
      <y>0.58</y>
      <w>0.63734114</w>
      <t>8200</t>
    </point>
    <point>
      <x>0.67</x>
      <y>0.58</y>
      <w>0.63734114</w>
      <t>8200</t>
    </point>
    <point>
      <x>0.675</x>
      <y>0.58</y>
      <w>0.63734114</w>
      <t>8200</t>
    </point>
    <point>
      <x>0.67833334</x>
      <y>0.58</y>
      <w>0.63734114</w>
      <t>8200</t>
    </point>
    <point>
      <x>0.68333334</x>
      <y>0.58</y>
      <w>0.6402737</w>
      <t>8234</t>
    </point>
    <point>
      <x>0.68833333</x>
      <y>0.58</y>
      <w>0.6402737</w>
      <t>8234</t>
    </point>
    <point>
      <x>0.6933333</x>
      <y>0.58166665</y>
      <w>0.6402737</w>
      <t>8234</t>
    </point>
    <point>
      <x>0.6983333</x>
      <y>0.5833333</y>
      <w>0.6402737</w>
      <t>8234</t>
    </point>
    <point>
      <x>0.70166665</x>
      <y>0.5833333</y>
      <w>0.6392962</w>
      <t>8266</t>
    </point>
    <point>
      <x>0.70666665</x>
      <y>0.585</y>
      <w>0.6392962</w>
      <t>8266</t>
    </point>
    <point>
      <x>0.71166664</x>
      <y>0.58666664</y>
      <w>0.6392962</w>
      <t>8266</t>
    </point>
    <point>
      <x>0.715</x>
      <y>0.5883333</y>
      <w>0.6392962</w>
      <t>8266</t>
    </point>
    <point>
      <x>0.72</x>
      <y>0.59</y>
      <w>0.63831866</w>
      <t>8300</t>
    </point>
    <point>
      <x>0.725</x>
      <y>0.59166664</y>
      <w>0.63831866</w>
      <t>8300</t>
    </point>
    <point>
      <x>0.72833335</x>
      <y>0.5933333</y>
      <w>0.63831866</w>
      <t>8300</t>
    </point>
    <point>
      <x>0.73333335</x>
      <y>0.595</y>
      <w>0.63831866</w>
      <t>8300</t>
    </point>
    <point>
      <x>0.73833334</x>
      <y>0.5966667</y>
      <w>0.63831866</w>
      <t>8300</t>
    </point>
    <point>
      <x>0.7416667</x>
      <y>0.59833336</y>
      <w>0.63734114</w>
      <t>8334</t>
    </point>
    <point>
      <x>0.74666667</x>
      <y>0.6</y>
      <w>0.63734114</w>
      <t>8334</t>
    </point>
    <point>
      <x>0.75</x>
      <y>0.6016667</y>
      <w>0.63734114</w>
      <t>8334</t>
    </point>
    <point>
      <x>0.755</x>
      <y>0.60333335</y>
      <w>0.63734114</w>
      <t>8334</t>
    </point>
    <point>
      <x>0.7583333</x>
      <y>0.6066667</y>
      <w>0.63734114</w>
      <t>8334</t>
    </point>
    <point>
      <x>0.76166666</x>
      <y>0.60833335</y>
      <w>0.63734114</w>
      <t>8367</t>
    </point>
    <point>
      <x>0.765</x>
      <y>0.61</y>
      <w>0.63734114</w>
      <t>8367</t>
    </point>
    <point>
      <x>0.76666665</x>
      <y>0.6116667</y>
      <w>0.63734114</w>
      <t>8367</t>
    </point>
    <point>
      <x>0.7683333</x>
      <y>0.61333334</y>
      <w>0.63734114</w>
      <t>8367</t>
    </point>
    <point>
      <x>0.77166665</x>
      <y>0.615</y>
      <w>0.63831866</w>
      <t>8400</t>
    </point>
    <point>
      <x>0.77166665</x>
      <y>0.6166667</y>
      <w>0.63831866</w>
      <t>8400</t>
    </point>
    <point>
      <x>0.7733333</x>
      <y>0.6166667</y>
      <w>0.63831866</w>
      <t>8400</t>
    </point>
    <point>
      <x>0.7733333</x>
      <y>0.61833334</y>
      <w>0.63831866</w>
      <t>8400</t>
    </point>
  </stroke>
</character>
