<?xml version="1.0" encoding="UTF-8"?>
<character>
  <stroke time="0">
    <point>
      <x>0.27166668</x>
      <y>0.24333334</y>
      <w>0.14565004</w>
      <t>36</t>
    </point>
    <point>
      <x>0.27166668</x>
      <y>0.245</y>
      <w>0.14565004</w>
      <t>37</t>
    </point>
    <point>
      <x>0.27166668</x>
      <y>0.24666667</y>
      <w>0.21212122</w>
      <t>67</t>
    </point>
    <point>
      <x>0.27166668</x>
      <y>0.24833333</y>
      <w>0.36950147</w>
      <t>101</t>
    </point>
    <point>
      <x>0.27333334</x>
      <y>0.25</y>
      <w>0.36950147</w>
      <t>101</t>
    </point>
    <point>
      <x>0.27333334</x>
      <y>0.25333333</y>
      <w>0.36950147</w>
      <t>101</t>
    </point>
    <point>
      <x>0.275</x>
      <y>0.255</y>
      <w>0.36950147</w>
      <t>102</t>
    </point>
    <point>
      <x>0.275</x>
      <y>0.25666666</y>
      <w>0.36950147</w>
      <t>102</t>
    </point>
    <point>
      <x>0.27666667</x>
      <y>0.25833333</y>
      <w>0.45454547</w>
      <t>133</t>
    </point>
    <point>
      <x>0.27666667</x>
      <y>0.26</y>
      <w>0.45454547</w>
      <t>133</t>
    </point>
    <point>
      <x>0.27833334</x>
      <y>0.26166666</y>
      <w>0.45454547</w>
      <t>133</t>
    </point>
    <point>
      <x>0.28</x>
      <y>0.26166666</y>
      <w>0.45454547</w>
      <t>134</t>
    </point>
    <point>
      <x>0.28</x>
      <y>0.26333332</y>
      <w>0.5024438</w>
      <t>167</t>
    </point>
    <point>
      <x>0.28166667</x>
      <y>0.265</y>
      <w>0.5024438</w>
      <t>167</t>
    </point>
    <point>
      <x>0.28333333</x>
      <y>0.26666668</y>
      <w>0.5024438</w>
      <t>167</t>
    </point>
    <point>
      <x>0.285</x>
      <y>0.26666668</y>
      <w>0.5024438</w>
      <t>168</t>
    </point>
    <point>
      <x>0.28666666</x>
      <y>0.26833335</y>
      <w>0.5024438</w>
      <t>168</t>
    </point>
    <point>
      <x>0.28666666</x>
      <y>0.27</y>
      <w>0.53861195</w>
      <t>200</t>
    </point>
    <point>
      <x>0.28833333</x>
      <y>0.27</y>
      <w>0.53861195</w>
      <t>200</t>
    </point>
    <point>
      <x>0.29</x>
      <y>0.27166668</y>
      <w>0.53861195</w>
      <t>200</t>
    </point>
    <point>
      <x>0.29166666</x>
      <y>0.27166668</y>
      <w>0.53861195</w>
      <t>202</t>
    </point>
    <point>
      <x>0.29333332</x>
      <y>0.27333334</y>
      <w>0.57478005</w>
      <t>233</t>
    </point>
    <point>
      <x>0.295</x>
      <y>0.27333334</y>
      <w>0.57478005</w>
      <t>233</t>
    </point>
    <point>
      <x>0.29666665</x>
      <y>0.27333334</y>
      <w>0.57478005</w>
      <t>233</t>
    </point>
    <point>
      <x>0.29666665</x>
      <y>0.275</y>
      <w>0.57478005</w>
      <t>234</t>
    </point>
    <point>
      <x>0.29833335</x>
      <y>0.275</y>
      <w>0.6041056</w>
      <t>267</t>
    </point>
    <point>
      <x>0.3</x>
      <y>0.275</y>
      <w>0.6041056</w>
      <t>267</t>
    </point>
    <point>
      <x>0.30166668</x>
      <y>0.275</y>
      <w>0.6041056</w>
      <t>267</t>
    </point>
    <point>
      <x>0.30333334</x>
      <y>0.275</y>
      <w>0.6041056</w>
      <t>268</t>
    </point>
    <point>
      <x>0.305</x>
      <y>0.275</y>
      <w>0.6041056</w>
      <t>268</t>
    </point>
    <point>
      <x>0.30666667</x>
      <y>0.27666667</y>
      <w>0.6099707</w>
      <t>300</t>
    </point>
    <point>
      <x>0.30833334</x>
      <y>0.27666667</y>
      <w>0.6099707</w>
      <t>300</t>
    </point>
    <point>
      <x>0.31</x>
      <y>0.27666667</y>
      <w>0.6099707</w>
      <t>300</t>
    </point>
    <point>
      <x>0.31166667</x>
      <y>0.27666667</y>
      <w>0.6099707</w>
      <t>301</t>
    </point>
    <point>
      <x>0.31333333</x>
      <y>0.27666667</y>
      <w>0.6099707</w>
      <t>301</t>
    </point>
    <point>
      <x>0.315</x>
      <y>0.27666667</y>
      <w>0.6168133</w>
      <t>334</t>
    </point>
    <point>
      <x>0.31833333</x>
      <y>0.27666667</y>
      <w>0.6168133</w>
      <t>334</t>
    </point>
    <point>
      <x>0.32</x>
      <y>0.27666667</y>
      <w>0.6168133</w>
      <t>334</t>
    </point>
    <point>
      <x>0.32333332</x>
      <y>0.275</y>
      <w>0.6168133</w>
      <t>335</t>
    </point>
    <point>
      <x>0.325</x>
      <y>0.275</y>
      <w>0.6285435</w>
      <t>367</t>
    </point>
    <point>
      <x>0.32833335</x>
      <y>0.27333334</y>
      <w>0.6285435</w>
      <t>367</t>
    </point>
    <point>
      <x>0.33</x>
      <y>0.27333334</y>
      <w>0.6285435</w>
      <t>367</t>
    </point>
    <point>
      <x>0.33333334</x>
      <y>0.27166668</y>
      <w>0.6285435</w>
      <t>367</t>
    </point>
    <point>
      <x>0.33666667</x>
      <y>0.27166668</y>
      <w>0.63245356</w>
      <t>400</t>
    </point>
    <point>
      <x>0.33833334</x>
      <y>0.27</y>
      <w>0.63245356</w>
      <t>400</t>
    </point>
    <point>
      <x>0.34</x>
      <y>0.26833335</y>
      <w>0.63245356</w>
      <t>400</t>
    </point>
    <point>
      <x>0.34333333</x>
      <y>0.26666668</y>
      <w>0.63245356</w>
      <t>400</t>
    </point>
    <point>
      <x>0.345</x>
      <y>0.265</y>
      <w>0.63245356</w>
      <t>401</t>
    </point>
    <point>
      <x>0.34833333</x>
      <y>0.26333332</y>
      <w>0.6353861</w>
      <t>433</t>
    </point>
    <point>
      <x>0.35</x>
      <y>0.26166666</y>
      <w>0.6353861</w>
      <t>433</t>
    </point>
    <point>
      <x>0.35166666</x>
      <y>0.26</y>
      <w>0.6353861</w>
      <t>433</t>
    </point>
    <point>
      <x>0.35333332</x>
      <y>0.25833333</y>
      <w>0.6353861</w>
      <t>433</t>
    </point>
    <point>
      <x>0.35666665</x>
      <y>0.25666666</y>
      <w>0.6353861</w>
      <t>468</t>
    </point>
    <point>
      <x>0.35833332</x>
      <y>0.255</y>
      <w>0.6353861</w>
      <t>468</t>
    </point>
    <point>
      <x>0.36</x>
      <y>0.25333333</y>
      <w>0.6353861</w>
      <t>468</t>
    </point>
    <point>
      <x>0.36166668</x>
      <y>0.25166667</y>
      <w>0.6353861</w>
      <t>468</t>
    </point>
    <point>
      <x>0.365</x>
      <y>0.24833333</y>
      <w>0.6353861</w>
      <t>469</t>
    </point>
    <point>
      <x>0.36666667</x>
      <y>0.24666667</y>
      <w>0.629521</w>
      <t>501</t>
    </point>
    <point>
      <x>0.37</x>
      <y>0.24333334</y>
      <w>0.629521</w>
      <t>501</t>
    </point>
    <point>
      <x>0.37166667</x>
      <y>0.24</y>
      <w>0.629521</w>
      <t>501</t>
    </point>
    <point>
      <x>0.375</x>
      <y>0.23833333</y>
      <w>0.629521</w>
      <t>501</t>
    </point>
    <point>
      <x>0.37666667</x>
      <y>0.235</y>
      <w>0.61290324</w>
      <t>534</t>
    </point>
    <point>
      <x>0.37833333</x>
      <y>0.23333333</y>
      <w>0.61290324</w>
      <t>534</t>
    </point>
    <point>
      <x>0.38166666</x>
      <y>0.23166667</y>
      <w>0.61290324</w>
      <t>534</t>
    </point>
    <point>
      <x>0.38333333</x>
      <y>0.22833334</y>
      <w>0.61290324</w>
      <t>534</t>
    </point>
    <point>
      <x>0.385</x>
      <y>0.22666667</y>
      <w>0.58748776</w>
      <t>568</t>
    </point>
    <point>
      <x>0.38833332</x>
      <y>0.225</y>
      <w>0.58748776</w>
      <t>568</t>
    </point>
    <point>
      <x>0.39</x>
      <y>0.22166666</y>
      <w>0.58748776</w>
      <t>568</t>
    </point>
    <point>
      <x>0.39166668</x>
      <y>0.22</y>
      <w>0.58748776</w>
      <t>568</t>
    </point>
    <point>
      <x>0.395</x>
      <y>0.21666667</y>
      <w>0.58748776</w>
      <t>569</t>
    </point>
    <point>
      <x>0.39666668</x>
      <y>0.215</y>
      <w>0.5591398</w>
      <t>601</t>
    </point>
    <point>
      <x>0.4</x>
      <y>0.21166667</y>
      <w>0.5591398</w>
      <t>601</t>
    </point>
    <point>
      <x>0.40166667</x>
      <y>0.20833333</y>
      <w>0.5591398</w>
      <t>601</t>
    </point>
    <point>
      <x>0.405</x>
      <y>0.20666666</y>
      <w>0.5591398</w>
      <t>603</t>
    </point>
    <point>
      <x>0.40666667</x>
      <y>0.20333333</y>
      <w>0.5591398</w>
      <t>603</t>
    </point>
    <point>
      <x>0.41</x>
      <y>0.20166667</y>
      <w>0.514174</w>
      <t>635</t>
    </point>
    <point>
      <x>0.41166666</x>
      <y>0.19833334</y>
      <w>0.514174</w>
      <t>635</t>
    </point>
    <point>
      <x>0.415</x>
      <y>0.19666667</y>
      <w>0.514174</w>
      <t>635</t>
    </point>
    <point>
      <x>0.41666666</x>
      <y>0.19333333</y>
      <w>0.514174</w>
      <t>635</t>
    </point>
    <point>
      <x>0.42</x>
      <y>0.19166666</y>
      <w>0.45552298</w>
      <t>668</t>
    </point>
    <point>
      <x>0.42166665</x>
      <y>0.19</y>
      <w>0.45552298</w>
      <t>668</t>
    </point>
    <point>
      <x>0.425</x>
      <y>0.18833333</y>
      <w>0.45552298</w>
      <t>668</t>
    </point>
    <point>
      <x>0.42833334</x>
      <y>0.18666667</y>
      <w>0.45552298</w>
      <t>668</t>
    </point>
    <point>
      <x>0.43</x>
      <y>0.18333334</y>
      <w>0.3939394</w>
      <t>701</t>
    </point>
    <point>
      <x>0.43333334</x>
      <y>0.18166667</y>
      <w>0.3939394</w>
      <t>702</t>
    </point>
    <point>
      <x>0.43666667</x>
      <y>0.18</y>
      <w>0.3939394</w>
      <t>703</t>
    </point>
    <point>
      <x>0.44</x>
      <y>0.17833333</y>
      <w>0.3939394</w>
      <t>703</t>
    </point>
    <point>
      <x>0.44166666</x>
      <y>0.17666666</y>
      <w>0.3939394</w>
      <t>703</t>
    </point>
    <point>
      <x>0.445</x>
      <y>0.175</y>
      <w>0.36656892</w>
      <t>735</t>
    </point>
    <point>
      <x>0.44666666</x>
      <y>0.175</y>
      <w>0.36656892</w>
      <t>735</t>
    </point>
    <point>
      <x>0.44833332</x>
      <y>0.17333333</y>
      <w>0.36656892</w>
      <t>735</t>
    </point>
    <point>
      <x>0.45166665</x>
      <y>0.17333333</y>
      <w>0.36656892</w>
      <t>735</t>
    </point>
    <point>
      <x>0.45333335</x>
      <y>0.17333333</y>
      <w>0.3646139</w>
      <t>768</t>
    </point>
    <point>
      <x>0.455</x>
      <y>0.17166667</y>
      <w>0.3646139</w>
      <t>768</t>
    </point>
    <point>
      <x>0.45666668</x>
      <y>0.17166667</y>
      <w>0.3646139</w>
      <t>768</t>
    </point>
    <point>
      <x>0.45833334</x>
      <y>0.17166667</y>
      <w>0.3646139</w>
      <t>768</t>
    </point>
    <point>
      <x>0.46166667</x>
      <y>0.17166667</y>
      <w>0.3646139</w>
      <t>768</t>
    </point>
    <point>
      <x>0.46333334</x>
      <y>0.17166667</y>
      <w>0.36363637</w>
      <t>801</t>
    </point>
    <point>
      <x>0.46666667</x>
      <y>0.17166667</y>
      <w>0.36363637</w>
      <t>801</t>
    </point>
    <point>
      <x>0.46833333</x>
      <y>0.17166667</y>
      <w>0.36363637</w>
      <t>801</t>
    </point>
    <point>
      <x>0.47166666</x>
      <y>0.17166667</y>
      <w>0.36363637</w>
      <t>801</t>
    </point>
    <point>
      <x>0.47333333</x>
      <y>0.17166667</y>
      <w>0.34408602</w>
      <t>835</t>
    </point>
    <point>
      <x>0.47666666</x>
      <y>0.17166667</y>
      <w>0.34408602</w>
      <t>835</t>
    </point>
    <point>
      <x>0.47833332</x>
      <y>0.17166667</y>
      <w>0.34408602</w>
      <t>835</t>
    </point>
    <point>
      <x>0.48</x>
      <y>0.17166667</y>
      <w>0.34408602</w>
      <t>835</t>
    </point>
    <point>
      <x>0.48166665</x>
      <y>0.17166667</y>
      <w>0.34408602</w>
      <t>836</t>
    </point>
    <point>
      <x>0.48333332</x>
      <y>0.17166667</y>
      <w>0.3264907</w>
      <t>868</t>
    </point>
    <point>
      <x>0.485</x>
      <y>0.17333333</y>
      <w>0.3264907</w>
      <t>868</t>
    </point>
    <point>
      <x>0.48666668</x>
      <y>0.175</y>
      <w>0.3264907</w>
      <t>902</t>
    </point>
    <point>
      <x>0.48833334</x>
      <y>0.175</y>
      <w>0.3264907</w>
      <t>902</t>
    </point>
    <point>
      <x>0.48833334</x>
      <y>0.17666666</y>
      <w>0.3264907</w>
      <t>902</t>
    </point>
    <point>
      <x>0.49</x>
      <y>0.17666666</y>
      <w>0.3264907</w>
      <t>902</t>
    </point>
    <point>
      <x>0.49166667</x>
      <y>0.17666666</y>
      <w>0.3264907</w>
      <t>902</t>
    </point>
    <point>
      <x>0.49166667</x>
      <y>0.17833333</y>
      <w>0.32746822</w>
      <t>935</t>
    </point>
    <point>
      <x>0.49333334</x>
      <y>0.18</y>
      <w>0.32746822</w>
      <t>935</t>
    </point>
    <point>
      <x>0.495</x>
      <y>0.18</y>
      <w>0.32746822</w>
      <t>935</t>
    </point>
    <point>
      <x>0.49666667</x>
      <y>0.18166667</y>
      <w>0.32746822</w>
      <t>935</t>
    </point>
    <point>
      <x>0.49833333</x>
      <y>0.18333334</y>
      <w>0.33235583</w>
      <t>968</t>
    </point>
    <point>
      <x>0.5</x>
      <y>0.185</y>
      <w>0.33235583</w>
      <t>968</t>
    </point>
    <point>
      <x>0.50166667</x>
      <y>0.18666667</y>
      <w>0.33235583</w>
      <t>968</t>
    </point>
    <point>
      <x>0.50333333</x>
      <y>0.18666667</y>
      <w>0.35679373</w>
      <t>1001</t>
    </point>
    <point>
      <x>0.50333333</x>
      <y>0.18833333</y>
      <w>0.35679373</w>
      <t>1001</t>
    </point>
    <point>
      <x>0.505</x>
      <y>0.19</y>
      <w>0.35679373</w>
      <t>1001</t>
    </point>
    <point>
      <x>0.50666666</x>
      <y>0.19166666</y>
      <w>0.35679373</w>
      <t>1001</t>
    </point>
    <point>
      <x>0.5083333</x>
      <y>0.19333333</y>
      <w>0.35679373</w>
      <t>1002</t>
    </point>
    <point>
      <x>0.5083333</x>
      <y>0.195</y>
      <w>0.36950147</w>
      <t>1035</t>
    </point>
    <point>
      <x>0.51</x>
      <y>0.19666667</y>
      <w>0.36950147</w>
      <t>1035</t>
    </point>
    <point>
      <x>0.51166666</x>
      <y>0.19833334</y>
      <w>0.36950147</w>
      <t>1035</t>
    </point>
    <point>
      <x>0.5133333</x>
      <y>0.19833334</y>
      <w>0.36950147</w>
      <t>1035</t>
    </point>
    <point>
      <x>0.515</x>
      <y>0.2</y>
      <w>0.37536657</w>
      <t>1067</t>
    </point>
    <point>
      <x>0.51666665</x>
      <y>0.20166667</y>
      <w>0.37536657</w>
      <t>1067</t>
    </point>
    <point>
      <x>0.5183333</x>
      <y>0.20166667</y>
      <w>0.37536657</w>
      <t>1067</t>
    </point>
    <point>
      <x>0.5183333</x>
      <y>0.20333333</y>
      <w>0.37536657</w>
      <t>1067</t>
    </point>
    <point>
      <x>0.52</x>
      <y>0.205</y>
      <w>0.37536657</w>
      <t>1067</t>
    </point>
    <point>
      <x>0.52166665</x>
      <y>0.205</y>
      <w>0.3773216</w>
      <t>1101</t>
    </point>
    <point>
      <x>0.5233333</x>
      <y>0.20666666</y>
      <w>0.3773216</w>
      <t>1101</t>
    </point>
    <point>
      <x>0.525</x>
      <y>0.20833333</y>
      <w>0.3773216</w>
      <t>1101</t>
    </point>
    <point>
      <x>0.52666664</x>
      <y>0.20833333</y>
      <w>0.37829912</w>
      <t>1135</t>
    </point>
    <point>
      <x>0.5283333</x>
      <y>0.20833333</y>
      <w>0.37829912</w>
      <t>1135</t>
    </point>
    <point>
      <x>0.53</x>
      <y>0.21</y>
      <w>0.37829912</w>
      <t>1135</t>
    </point>
    <point>
      <x>0.5316667</x>
      <y>0.21</y>
      <w>0.37829912</w>
      <t>1135</t>
    </point>
    <point>
      <x>0.53333336</x>
      <y>0.21</y>
      <w>0.37829912</w>
      <t>1135</t>
    </point>
    <point>
      <x>0.535</x>
      <y>0.21</y>
      <w>0.38025415</w>
      <t>1168</t>
    </point>
    <point>
      <x>0.535</x>
      <y>0.21166667</y>
      <w>0.38025415</w>
      <t>1168</t>
    </point>
    <point>
      <x>0.5366667</x>
      <y>0.21166667</y>
      <w>0.38025415</w>
      <t>1168</t>
    </point>
    <point>
      <x>0.53833336</x>
      <y>0.21166667</y>
      <w>0.38025415</w>
      <t>1168</t>
    </point>
    <point>
      <x>0.54</x>
      <y>0.21166667</y>
      <w>0.38220918</w>
      <t>1201</t>
    </point>
    <point>
      <x>0.5416667</x>
      <y>0.21166667</y>
      <w>0.38220918</w>
      <t>1201</t>
    </point>
    <point>
      <x>0.54333335</x>
      <y>0.21166667</y>
      <w>0.38220918</w>
      <t>1201</t>
    </point>
    <point>
      <x>0.5466667</x>
      <y>0.21</y>
      <w>0.38220918</w>
      <t>1201</t>
    </point>
    <point>
      <x>0.54833335</x>
      <y>0.21</y>
      <w>0.38220918</w>
      <t>1201</t>
    </point>
    <point>
      <x>0.55</x>
      <y>0.20833333</y>
      <w>0.38709676</w>
      <t>1235</t>
    </point>
    <point>
      <x>0.55333334</x>
      <y>0.20666666</y>
      <w>0.38709676</w>
      <t>1235</t>
    </point>
    <point>
      <x>0.555</x>
      <y>0.205</y>
      <w>0.38709676</w>
      <t>1235</t>
    </point>
    <point>
      <x>0.55833334</x>
      <y>0.20333333</y>
      <w>0.38709676</w>
      <t>1235</t>
    </point>
    <point>
      <x>0.56</x>
      <y>0.20166667</y>
      <w>0.38709676</w>
      <t>1268</t>
    </point>
    <point>
      <x>0.56333333</x>
      <y>0.2</y>
      <w>0.38709676</w>
      <t>1268</t>
    </point>
    <point>
      <x>0.56666666</x>
      <y>0.19833334</y>
      <w>0.38709676</w>
      <t>1268</t>
    </point>
    <point>
      <x>0.57</x>
      <y>0.195</y>
      <w>0.38709676</w>
      <t>1268</t>
    </point>
    <point>
      <x>0.5733333</x>
      <y>0.19333333</y>
      <w>0.38807428</w>
      <t>1301</t>
    </point>
    <point>
      <x>0.57666665</x>
      <y>0.19</y>
      <w>0.38807428</w>
      <t>1301</t>
    </point>
    <point>
      <x>0.5783333</x>
      <y>0.18833333</y>
      <w>0.38807428</w>
      <t>1301</t>
    </point>
    <point>
      <x>0.58166665</x>
      <y>0.185</y>
      <w>0.38807428</w>
      <t>1301</t>
    </point>
    <point>
      <x>0.585</x>
      <y>0.18333334</y>
      <w>0.38807428</w>
      <t>1301</t>
    </point>
    <point>
      <x>0.58666664</x>
      <y>0.18166667</y>
      <w>0.38807428</w>
      <t>1335</t>
    </point>
    <point>
      <x>0.59</x>
      <y>0.18</y>
      <w>0.38807428</w>
      <t>1335</t>
    </point>
    <point>
      <x>0.5933333</x>
      <y>0.17833333</y>
      <w>0.38807428</w>
      <t>1335</t>
    </point>
    <point>
      <x>0.595</x>
      <y>0.17666666</y>
      <w>0.38807428</w>
      <t>1335</t>
    </point>
    <point>
      <x>0.59833336</x>
      <y>0.175</y>
      <w>0.38709676</w>
      <t>1368</t>
    </point>
    <point>
      <x>0.6</x>
      <y>0.17333333</y>
      <w>0.38709676</w>
      <t>1368</t>
    </point>
    <point>
      <x>0.6016667</x>
      <y>0.17166667</y>
      <w>0.38709676</w>
      <t>1368</t>
    </point>
    <point>
      <x>0.60333335</x>
      <y>0.17166667</y>
      <w>0.38709676</w>
      <t>1368</t>
    </point>
    <point>
      <x>0.6066667</x>
      <y>0.17</y>
      <w>0.38709676</w>
      <t>1368</t>
    </point>
    <point>
      <x>0.60833335</x>
      <y>0.17</y>
      <w>0.38709676</w>
      <t>1401</t>
    </point>
    <point>
      <x>0.61</x>
      <y>0.16833334</y>
      <w>0.38709676</w>
      <t>1401</t>
    </point>
    <point>
      <x>0.6116667</x>
      <y>0.16833334</y>
      <w>0.38709676</w>
      <t>1401</t>
    </point>
    <point>
      <x>0.615</x>
      <y>0.16833334</y>
      <w>0.38709676</w>
      <t>1401</t>
    </point>
    <point>
      <x>0.6166667</x>
      <y>0.16666667</y>
      <w>0.38807428</w>
      <t>1435</t>
    </point>
    <point>
      <x>0.62</x>
      <y>0.16666667</y>
      <w>0.38807428</w>
      <t>1435</t>
    </point>
    <point>
      <x>0.62333333</x>
      <y>0.16666667</y>
      <w>0.38807428</w>
      <t>1435</t>
    </point>
    <point>
      <x>0.62666667</x>
      <y>0.165</y>
      <w>0.38807428</w>
      <t>1435</t>
    </point>
    <point>
      <x>0.62833333</x>
      <y>0.165</y>
      <w>0.38807428</w>
      <t>1435</t>
    </point>
    <point>
      <x>0.63166666</x>
      <y>0.165</y>
      <w>0.38807428</w>
      <t>1468</t>
    </point>
    <point>
      <x>0.635</x>
      <y>0.165</y>
      <w>0.38807428</w>
      <t>1468</t>
    </point>
    <point>
      <x>0.6383333</x>
      <y>0.165</y>
      <w>0.38807428</w>
      <t>1468</t>
    </point>
    <point>
      <x>0.64</x>
      <y>0.165</y>
      <w>0.38807428</w>
      <t>1468</t>
    </point>
    <point>
      <x>0.6433333</x>
      <y>0.165</y>
      <w>0.39589444</w>
      <t>1501</t>
    </point>
    <point>
      <x>0.64666665</x>
      <y>0.165</y>
      <w>0.39589444</w>
      <t>1501</t>
    </point>
    <point>
      <x>0.6483333</x>
      <y>0.165</y>
      <w>0.39589444</w>
      <t>1501</t>
    </point>
    <point>
      <x>0.65166664</x>
      <y>0.165</y>
      <w>0.39589444</w>
      <t>1501</t>
    </point>
    <point>
      <x>0.6533333</x>
      <y>0.165</y>
      <w>0.39589444</w>
      <t>1501</t>
    </point>
    <point>
      <x>0.6566667</x>
      <y>0.165</y>
      <w>0.4115347</w>
      <t>1535</t>
    </point>
    <point>
      <x>0.65833336</x>
      <y>0.165</y>
      <w>0.4115347</w>
      <t>1535</t>
    </point>
    <point>
      <x>0.66</x>
      <y>0.165</y>
      <w>0.4115347</w>
      <t>1535</t>
    </point>
    <point>
      <x>0.66333336</x>
      <y>0.165</y>
      <w>0.4115347</w>
      <t>1535</t>
    </point>
    <point>
      <x>0.665</x>
      <y>0.165</y>
      <w>0.4222874</w>
      <t>1568</t>
    </point>
    <point>
      <x>0.6666667</x>
      <y>0.165</y>
      <w>0.4222874</w>
      <t>1568</t>
    </point>
    <point>
      <x>0.66833335</x>
      <y>0.165</y>
      <w>0.4222874</w>
      <t>1568</t>
    </point>
    <point>
      <x>0.67</x>
      <y>0.16666667</y>
      <w>0.4398827</w>
      <t>1601</t>
    </point>
    <point>
      <x>0.6716667</x>
      <y>0.16666667</y>
      <w>0.4398827</w>
      <t>1601</t>
    </point>
    <point>
      <x>0.67333335</x>
      <y>0.16833334</y>
      <w>0.4398827</w>
      <t>1601</t>
    </point>
    <point>
      <x>0.675</x>
      <y>0.17</y>
      <w>0.45356795</w>
      <t>1635</t>
    </point>
    <point>
      <x>0.6766667</x>
      <y>0.17</y>
      <w>0.45356795</w>
      <t>1635</t>
    </point>
    <point>
      <x>0.6766667</x>
      <y>0.17166667</y>
      <w>0.45356795</w>
      <t>1635</t>
    </point>
    <point>
      <x>0.67833334</x>
      <y>0.17333333</y>
      <w>0.46627566</w>
      <t>1668</t>
    </point>
    <point>
      <x>0.67833334</x>
      <y>0.175</y>
      <w>0.46627566</w>
      <t>1668</t>
    </point>
    <point>
      <x>0.68</x>
      <y>0.17666666</y>
      <w>0.46627566</w>
      <t>1668</t>
    </point>
    <point>
      <x>0.68</x>
      <y>0.17833333</y>
      <w>0.4740958</w>
      <t>1702</t>
    </point>
    <point>
      <x>0.68</x>
      <y>0.18</y>
      <w>0.4740958</w>
      <t>1702</t>
    </point>
    <point>
      <x>0.68</x>
      <y>0.18166667</y>
      <w>0.47605082</w>
      <t>1735</t>
    </point>
    <point>
      <x>0.68</x>
      <y>0.18333334</y>
      <w>0.47605082</w>
      <t>1735</t>
    </point>
    <point>
      <x>0.68</x>
      <y>0.185</y>
      <w>0.47605082</w>
      <t>1735</t>
    </point>
    <point>
      <x>0.68</x>
      <y>0.18666667</y>
      <w>0.47702834</w>
      <t>1767</t>
    </point>
    <point>
      <x>0.68</x>
      <y>0.18833333</y>
      <w>0.47702834</w>
      <t>1767</t>
    </point>
    <point>
      <x>0.68</x>
      <y>0.19</y>
      <w>0.47702834</w>
      <t>1767</t>
    </point>
    <point>
      <x>0.67833334</x>
      <y>0.19166666</y>
      <w>0.47702834</w>
      <t>1767</t>
    </point>
    <point>
      <x>0.67833334</x>
      <y>0.19333333</y>
      <w>0.4740958</w>
      <t>1801</t>
    </point>
    <point>
      <x>0.6766667</x>
      <y>0.195</y>
      <w>0.4740958</w>
      <t>1801</t>
    </point>
    <point>
      <x>0.675</x>
      <y>0.19666667</y>
      <w>0.4740958</w>
      <t>1801</t>
    </point>
    <point>
      <x>0.675</x>
      <y>0.19833334</y>
      <w>0.4740958</w>
      <t>1801</t>
    </point>
    <point>
      <x>0.67333335</x>
      <y>0.20166667</y>
      <w>0.4740958</w>
      <t>1801</t>
    </point>
    <point>
      <x>0.6716667</x>
      <y>0.20333333</y>
      <w>0.47311828</w>
      <t>1835</t>
    </point>
    <point>
      <x>0.67</x>
      <y>0.205</y>
      <w>0.47311828</w>
      <t>1835</t>
    </point>
    <point>
      <x>0.66833335</x>
      <y>0.20833333</y>
      <w>0.47311828</w>
      <t>1835</t>
    </point>
    <point>
      <x>0.6666667</x>
      <y>0.21</y>
      <w>0.47311828</w>
      <t>1835</t>
    </point>
    <point>
      <x>0.665</x>
      <y>0.21333334</y>
      <w>0.47311828</w>
      <t>1868</t>
    </point>
    <point>
      <x>0.66333336</x>
      <y>0.21666667</y>
      <w>0.47311828</w>
      <t>1868</t>
    </point>
    <point>
      <x>0.66</x>
      <y>0.21833333</y>
      <w>0.47311828</w>
      <t>1868</t>
    </point>
    <point>
      <x>0.65833336</x>
      <y>0.22166666</y>
      <w>0.47311828</w>
      <t>1868</t>
    </point>
    <point>
      <x>0.655</x>
      <y>0.225</y>
      <w>0.47311828</w>
      <t>1901</t>
    </point>
    <point>
      <x>0.65166664</x>
      <y>0.22833334</y>
      <w>0.47311828</w>
      <t>1901</t>
    </point>
    <point>
      <x>0.6483333</x>
      <y>0.23166667</y>
      <w>0.47311828</w>
      <t>1901</t>
    </point>
    <point>
      <x>0.64666665</x>
      <y>0.235</y>
      <w>0.47311828</w>
      <t>1901</t>
    </point>
    <point>
      <x>0.64166665</x>
      <y>0.23833333</y>
      <w>0.47311828</w>
      <t>1901</t>
    </point>
    <point>
      <x>0.6383333</x>
      <y>0.24333334</y>
      <w>0.47311828</w>
      <t>1935</t>
    </point>
    <point>
      <x>0.635</x>
      <y>0.24666667</y>
      <w>0.47311828</w>
      <t>1935</t>
    </point>
    <point>
      <x>0.63166666</x>
      <y>0.25</y>
      <w>0.47311828</w>
      <t>1935</t>
    </point>
    <point>
      <x>0.62833333</x>
      <y>0.255</y>
      <w>0.47311828</w>
      <t>1935</t>
    </point>
    <point>
      <x>0.62333333</x>
      <y>0.25833333</y>
      <w>0.4750733</w>
      <t>1968</t>
    </point>
    <point>
      <x>0.62</x>
      <y>0.26166666</y>
      <w>0.4750733</w>
      <t>1968</t>
    </point>
    <point>
      <x>0.615</x>
      <y>0.26666668</y>
      <w>0.4750733</w>
      <t>1968</t>
    </point>
    <point>
      <x>0.61</x>
      <y>0.27166668</y>
      <w>0.4750733</w>
      <t>1968</t>
    </point>
    <point>
      <x>0.6066667</x>
      <y>0.275</y>
      <w>0.4750733</w>
      <t>1968</t>
    </point>
    <point>
      <x>0.6016667</x>
      <y>0.28</y>
      <w>0.48875856</w>
      <t>2002</t>
    </point>
    <point>
      <x>0.59833336</x>
      <y>0.285</y>
      <w>0.48875856</w>
      <t>2002</t>
    </point>
    <point>
      <x>0.5933333</x>
      <y>0.28833333</y>
      <w>0.48875856</w>
      <t>2002</t>
    </point>
    <point>
      <x>0.5883333</x>
      <y>0.29333332</y>
      <w>0.48875856</w>
      <t>2002</t>
    </point>
    <point>
      <x>0.5833333</x>
      <y>0.29833335</y>
      <w>0.5034213</w>
      <t>2035</t>
    </point>
    <point>
      <x>0.57666665</x>
      <y>0.30333334</y>
      <w>0.5034213</w>
      <t>2035</t>
    </point>
    <point>
      <x>0.57166666</x>
      <y>0.30833334</y>
      <w>0.5034213</w>
      <t>2035</t>
    </point>
    <point>
      <x>0.565</x>
      <y>0.31166667</y>
      <w>0.5034213</w>
      <t>2035</t>
    </point>
    <point>
      <x>0.56</x>
      <y>0.31666666</y>
      <w>0.5034213</w>
      <t>2035</t>
    </point>
    <point>
      <x>0.555</x>
      <y>0.32166666</y>
      <w>0.5083089</w>
      <t>2068</t>
    </point>
    <point>
      <x>0.54833335</x>
      <y>0.32666665</y>
      <w>0.5083089</w>
      <t>2068</t>
    </point>
    <point>
      <x>0.54333335</x>
      <y>0.33166668</y>
      <w>0.5083089</w>
      <t>2068</t>
    </point>
    <point>
      <x>0.5366667</x>
      <y>0.33666667</y>
      <w>0.5083089</w>
      <t>2068</t>
    </point>
    <point>
      <x>0.5316667</x>
      <y>0.34166667</y>
      <w>0.51124144</w>
      <t>2102</t>
    </point>
    <point>
      <x>0.525</x>
      <y>0.34833333</y>
      <w>0.51124144</w>
      <t>2102</t>
    </point>
    <point>
      <x>0.5183333</x>
      <y>0.35333332</y>
      <w>0.51124144</w>
      <t>2102</t>
    </point>
    <point>
      <x>0.5133333</x>
      <y>0.36</y>
      <w>0.51124144</w>
      <t>2102</t>
    </point>
    <point>
      <x>0.50666666</x>
      <y>0.36666667</y>
      <w>0.51124144</w>
      <t>2102</t>
    </point>
    <point>
      <x>0.49833333</x>
      <y>0.37333333</y>
      <w>0.514174</w>
      <t>2134</t>
    </point>
    <point>
      <x>0.49166667</x>
      <y>0.37833333</y>
      <w>0.514174</w>
      <t>2134</t>
    </point>
    <point>
      <x>0.485</x>
      <y>0.385</y>
      <w>0.514174</w>
      <t>2134</t>
    </point>
    <point>
      <x>0.47833332</x>
      <y>0.39166668</y>
      <w>0.514174</w>
      <t>2134</t>
    </point>
    <point>
      <x>0.47166666</x>
      <y>0.39666668</y>
      <w>0.52394915</w>
      <t>2168</t>
    </point>
    <point>
      <x>0.46666667</x>
      <y>0.40333334</y>
      <w>0.52394915</w>
      <t>2168</t>
    </point>
    <point>
      <x>0.46166667</x>
      <y>0.40833333</y>
      <w>0.52394915</w>
      <t>2168</t>
    </point>
    <point>
      <x>0.45666668</x>
      <y>0.41333333</y>
      <w>0.52394915</w>
      <t>2168</t>
    </point>
    <point>
      <x>0.45166665</x>
      <y>0.42</y>
      <w>0.52492666</w>
      <t>2202</t>
    </point>
    <point>
      <x>0.44666666</x>
      <y>0.425</y>
      <w>0.52492666</w>
      <t>2202</t>
    </point>
    <point>
      <x>0.44</x>
      <y>0.43166667</y>
      <w>0.52492666</w>
      <t>2202</t>
    </point>
    <point>
      <x>0.435</x>
      <y>0.43666667</y>
      <w>0.52492666</w>
      <t>2202</t>
    </point>
    <point>
      <x>0.42833334</x>
      <y>0.44333333</y>
      <w>0.52492666</w>
      <t>2202</t>
    </point>
    <point>
      <x>0.42166665</x>
      <y>0.45</y>
      <w>0.52394915</w>
      <t>2235</t>
    </point>
    <point>
      <x>0.41666666</x>
      <y>0.45666668</y>
      <w>0.52394915</w>
      <t>2235</t>
    </point>
    <point>
      <x>0.41166666</x>
      <y>0.46166667</y>
      <w>0.52394915</w>
      <t>2235</t>
    </point>
    <point>
      <x>0.40833333</x>
      <y>0.46833333</y>
      <w>0.52394915</w>
      <t>2235</t>
    </point>
    <point>
      <x>0.40333334</x>
      <y>0.47333333</y>
      <w>0.52297163</w>
      <t>2268</t>
    </point>
    <point>
      <x>0.4</x>
      <y>0.47666666</y>
      <w>0.52297163</w>
      <t>2268</t>
    </point>
    <point>
      <x>0.39666668</x>
      <y>0.48166665</y>
      <w>0.52297163</w>
      <t>2268</t>
    </point>
    <point>
      <x>0.395</x>
      <y>0.48666668</y>
      <w>0.52297163</w>
      <t>2268</t>
    </point>
    <point>
      <x>0.39166668</x>
      <y>0.49</y>
      <w>0.52297163</w>
      <t>2268</t>
    </point>
    <point>
      <x>0.38833332</x>
      <y>0.49333334</y>
      <w>0.5210166</w>
      <t>2302</t>
    </point>
    <point>
      <x>0.38666666</x>
      <y>0.49833333</y>
      <w>0.5210166</w>
      <t>2302</t>
    </point>
    <point>
      <x>0.385</x>
      <y>0.50166667</y>
      <w>0.5210166</w>
      <t>2302</t>
    </point>
    <point>
      <x>0.38333333</x>
      <y>0.505</y>
      <w>0.5210166</w>
      <t>2302</t>
    </point>
    <point>
      <x>0.38166666</x>
      <y>0.5083333</y>
      <w>0.516129</w>
      <t>2335</t>
    </point>
    <point>
      <x>0.38</x>
      <y>0.51166666</y>
      <w>0.516129</w>
      <t>2335</t>
    </point>
    <point>
      <x>0.38</x>
      <y>0.515</y>
      <w>0.516129</w>
      <t>2335</t>
    </point>
    <point>
      <x>0.37833333</x>
      <y>0.51666665</y>
      <w>0.516129</w>
      <t>2335</t>
    </point>
    <point>
      <x>0.37833333</x>
      <y>0.5183333</y>
      <w>0.516129</w>
      <t>2335</t>
    </point>
    <point>
      <x>0.37833333</x>
      <y>0.52</y>
      <w>0.51221895</w>
      <t>2368</t>
    </point>
    <point>
      <x>0.37833333</x>
      <y>0.52166665</y>
      <w>0.51221895</w>
      <t>2368</t>
    </point>
    <point>
      <x>0.37833333</x>
      <y>0.5233333</y>
      <w>0.51221895</w>
      <t>2368</t>
    </point>
    <point>
      <x>0.37833333</x>
      <y>0.525</y>
      <w>0.4975562</w>
      <t>2402</t>
    </point>
    <point>
      <x>0.37833333</x>
      <y>0.52666664</y>
      <w>0.4975562</w>
      <t>2402</t>
    </point>
    <point>
      <x>0.37833333</x>
      <y>0.5283333</y>
      <w>0.4975562</w>
      <t>2402</t>
    </point>
    <point>
      <x>0.37833333</x>
      <y>0.53</y>
      <w>0.48778105</w>
      <t>2434</t>
    </point>
    <point>
      <x>0.38</x>
      <y>0.53</y>
      <w>0.48191592</w>
      <t>2468</t>
    </point>
    <point>
      <x>0.38</x>
      <y>0.5316667</y>
      <w>0.48191592</w>
      <t>2468</t>
    </point>
    <point>
      <x>0.38166666</x>
      <y>0.5316667</y>
      <w>0.47898337</w>
      <t>2501</t>
    </point>
    <point>
      <x>0.38333333</x>
      <y>0.5316667</y>
      <w>0.47898337</w>
      <t>2501</t>
    </point>
    <point>
      <x>0.385</x>
      <y>0.5316667</y>
      <w>0.47898337</w>
      <t>2501</t>
    </point>
    <point>
      <x>0.38666666</x>
      <y>0.5316667</y>
      <w>0.47898337</w>
      <t>2501</t>
    </point>
    <point>
      <x>0.38833332</x>
      <y>0.5316667</y>
      <w>0.46725318</w>
      <t>2535</t>
    </point>
    <point>
      <x>0.39</x>
      <y>0.5316667</y>
      <w>0.46725318</w>
      <t>2535</t>
    </point>
    <point>
      <x>0.39166668</x>
      <y>0.5316667</y>
      <w>0.46725318</w>
      <t>2535</t>
    </point>
    <point>
      <x>0.39333335</x>
      <y>0.5316667</y>
      <w>0.46725318</w>
      <t>2535</t>
    </point>
    <point>
      <x>0.395</x>
      <y>0.5316667</y>
      <w>0.46432063</w>
      <t>2568</t>
    </point>
    <point>
      <x>0.39833334</x>
      <y>0.5316667</y>
      <w>0.46432063</w>
      <t>2568</t>
    </point>
    <point>
      <x>0.4</x>
      <y>0.5316667</y>
      <w>0.46432063</w>
      <t>2568</t>
    </point>
    <point>
      <x>0.40166667</x>
      <y>0.5316667</y>
      <w>0.46432063</w>
      <t>2568</t>
    </point>
    <point>
      <x>0.40333334</x>
      <y>0.5316667</y>
      <w>0.46432063</w>
      <t>2568</t>
    </point>
    <point>
      <x>0.405</x>
      <y>0.5316667</y>
      <w>0.4623656</w>
      <t>2602</t>
    </point>
    <point>
      <x>0.40833333</x>
      <y>0.53</y>
      <w>0.4623656</w>
      <t>2602</t>
    </point>
    <point>
      <x>0.41</x>
      <y>0.53</y>
      <w>0.4623656</w>
      <t>2602</t>
    </point>
    <point>
      <x>0.41166666</x>
      <y>0.5283333</y>
      <w>0.4623656</w>
      <t>2602</t>
    </point>
    <point>
      <x>0.415</x>
      <y>0.52666664</y>
      <w>0.4623656</w>
      <t>2635</t>
    </point>
    <point>
      <x>0.41833332</x>
      <y>0.525</y>
      <w>0.4623656</w>
      <t>2635</t>
    </point>
    <point>
      <x>0.42</x>
      <y>0.525</y>
      <w>0.4623656</w>
      <t>2635</t>
    </point>
    <point>
      <x>0.42333335</x>
      <y>0.5233333</y>
      <w>0.4623656</w>
      <t>2635</t>
    </point>
    <point>
      <x>0.42666668</x>
      <y>0.52166665</y>
      <w>0.4623656</w>
      <t>2635</t>
    </point>
    <point>
      <x>0.43</x>
      <y>0.52</y>
      <w>0.4623656</w>
      <t>2668</t>
    </point>
    <point>
      <x>0.43333334</x>
      <y>0.5183333</y>
      <w>0.4623656</w>
      <t>2668</t>
    </point>
    <point>
      <x>0.43666667</x>
      <y>0.51666665</y>
      <w>0.4623656</w>
      <t>2668</t>
    </point>
    <point>
      <x>0.44</x>
      <y>0.515</y>
      <w>0.4623656</w>
      <t>2668</t>
    </point>
    <point>
      <x>0.44333333</x>
      <y>0.5133333</y>
      <w>0.4623656</w>
      <t>2702</t>
    </point>
    <point>
      <x>0.44666666</x>
      <y>0.51166666</y>
      <w>0.4623656</w>
      <t>2702</t>
    </point>
    <point>
      <x>0.45</x>
      <y>0.51</y>
      <w>0.4623656</w>
      <t>2702</t>
    </point>
    <point>
      <x>0.45333335</x>
      <y>0.50666666</y>
      <w>0.4623656</w>
      <t>2702</t>
    </point>
    <point>
      <x>0.45666668</x>
      <y>0.505</y>
      <w>0.4623656</w>
      <t>2702</t>
    </point>
    <point>
      <x>0.46166667</x>
      <y>0.50333333</y>
      <w>0.4623656</w>
      <t>2735</t>
    </point>
    <point>
      <x>0.465</x>
      <y>0.5</y>
      <w>0.4623656</w>
      <t>2735</t>
    </point>
    <point>
      <x>0.47</x>
      <y>0.49833333</y>
      <w>0.4623656</w>
      <t>2735</t>
    </point>
    <point>
      <x>0.47333333</x>
      <y>0.495</y>
      <w>0.4623656</w>
      <t>2735</t>
    </point>
    <point>
      <x>0.47833332</x>
      <y>0.49333334</y>
      <w>0.4623656</w>
      <t>2768</t>
    </point>
    <point>
      <x>0.48166665</x>
      <y>0.49</y>
      <w>0.4623656</w>
      <t>2768</t>
    </point>
    <point>
      <x>0.48666668</x>
      <y>0.48833334</y>
      <w>0.4623656</w>
      <t>2768</t>
    </point>
    <point>
      <x>0.49166667</x>
      <y>0.48666668</y>
      <w>0.4623656</w>
      <t>2768</t>
    </point>
    <point>
      <x>0.495</x>
      <y>0.48333332</y>
      <w>0.4623656</w>
      <t>2801</t>
    </point>
    <point>
      <x>0.5</x>
      <y>0.48166665</y>
      <w>0.4623656</w>
      <t>2801</t>
    </point>
    <point>
      <x>0.505</x>
      <y>0.48</y>
      <w>0.4623656</w>
      <t>2801</t>
    </point>
    <point>
      <x>0.5083333</x>
      <y>0.47666666</y>
      <w>0.4623656</w>
      <t>2801</t>
    </point>
    <point>
      <x>0.5133333</x>
      <y>0.475</y>
      <w>0.4623656</w>
      <t>2801</t>
    </point>
    <point>
      <x>0.5183333</x>
      <y>0.47333333</y>
      <w>0.4623656</w>
      <t>2835</t>
    </point>
    <point>
      <x>0.52166665</x>
      <y>0.47</y>
      <w>0.4623656</w>
      <t>2835</t>
    </point>
    <point>
      <x>0.52666664</x>
      <y>0.46833333</y>
      <w>0.4623656</w>
      <t>2835</t>
    </point>
    <point>
      <x>0.5316667</x>
      <y>0.465</y>
      <w>0.4623656</w>
      <t>2835</t>
    </point>
    <point>
      <x>0.535</x>
      <y>0.46166667</y>
      <w>0.4633431</w>
      <t>2868</t>
    </point>
    <point>
      <x>0.54</x>
      <y>0.45833334</y>
      <w>0.4633431</w>
      <t>2868</t>
    </point>
    <point>
      <x>0.545</x>
      <y>0.45666668</y>
      <w>0.4633431</w>
      <t>2868</t>
    </point>
    <point>
      <x>0.54833335</x>
      <y>0.45333335</y>
      <w>0.4633431</w>
      <t>2868</t>
    </point>
    <point>
      <x>0.5516667</x>
      <y>0.45166665</y>
      <w>0.4633431</w>
      <t>2868</t>
    </point>
    <point>
      <x>0.555</x>
      <y>0.44833332</y>
      <w>0.4633431</w>
      <t>2901</t>
    </point>
    <point>
      <x>0.55833334</x>
      <y>0.44666666</y>
      <w>0.4633431</w>
      <t>2901</t>
    </point>
    <point>
      <x>0.56166667</x>
      <y>0.445</y>
      <w>0.4633431</w>
      <t>2901</t>
    </point>
    <point>
      <x>0.565</x>
      <y>0.44166666</y>
      <w>0.4633431</w>
      <t>2901</t>
    </point>
    <point>
      <x>0.5683333</x>
      <y>0.44</y>
      <w>0.45845553</w>
      <t>2935</t>
    </point>
    <point>
      <x>0.57166666</x>
      <y>0.43833333</y>
      <w>0.45845553</w>
      <t>2935</t>
    </point>
    <point>
      <x>0.5733333</x>
      <y>0.43666667</y>
      <w>0.45845553</w>
      <t>2935</t>
    </point>
    <point>
      <x>0.57666665</x>
      <y>0.435</y>
      <w>0.45845553</w>
      <t>2935</t>
    </point>
    <point>
      <x>0.58</x>
      <y>0.43166667</y>
      <w>0.45845553</w>
      <t>2935</t>
    </point>
    <point>
      <x>0.58166665</x>
      <y>0.43</y>
      <w>0.4565005</w>
      <t>2968</t>
    </point>
    <point>
      <x>0.5833333</x>
      <y>0.42833334</y>
      <w>0.4565005</w>
      <t>2968</t>
    </point>
    <point>
      <x>0.58666664</x>
      <y>0.42666668</y>
      <w>0.4565005</w>
      <t>2968</t>
    </point>
    <point>
      <x>0.5883333</x>
      <y>0.425</y>
      <w>0.44868034</w>
      <t>3001</t>
    </point>
    <point>
      <x>0.59</x>
      <y>0.425</y>
      <w>0.44868034</w>
      <t>3001</t>
    </point>
    <point>
      <x>0.59</x>
      <y>0.42333335</y>
      <w>0.44868034</w>
      <t>3001</t>
    </point>
    <point>
      <x>0.59</x>
      <y>0.42166665</y>
      <w>0.44183773</w>
      <t>3034</t>
    </point>
    <point>
      <x>0.59</x>
      <y>0.42</y>
      <w>0.44183773</w>
      <t>3068</t>
    </point>
    <point>
      <x>0.5883333</x>
      <y>0.42</y>
      <w>0.44183773</w>
      <t>3068</t>
    </point>
    <point>
      <x>0.5883333</x>
      <y>0.41833332</y>
      <w>0.44183773</w>
      <t>3068</t>
    </point>
    <point>
      <x>0.58666664</x>
      <y>0.41666666</y>
      <w>0.44281524</w>
      <t>3101</t>
    </point>
    <point>
      <x>0.585</x>
      <y>0.41666666</y>
      <w>0.44281524</w>
      <t>3101</t>
    </point>
    <point>
      <x>0.5833333</x>
      <y>0.415</y>
      <w>0.44281524</w>
      <t>3101</t>
    </point>
    <point>
      <x>0.58166665</x>
      <y>0.415</y>
      <w>0.44281524</w>
      <t>3101</t>
    </point>
    <point>
      <x>0.58</x>
      <y>0.41333333</y>
      <w>0.44281524</w>
      <t>3101</t>
    </point>
    <point>
      <x>0.5783333</x>
      <y>0.41333333</y>
      <w>0.44770283</w>
      <t>3135</t>
    </point>
    <point>
      <x>0.57666665</x>
      <y>0.41333333</y>
      <w>0.44770283</w>
      <t>3135</t>
    </point>
    <point>
      <x>0.5733333</x>
      <y>0.41333333</y>
      <w>0.44770283</w>
      <t>3135</t>
    </point>
    <point>
      <x>0.57166666</x>
      <y>0.41166666</y>
      <w>0.44770283</w>
      <t>3135</t>
    </point>
    <point>
      <x>0.57</x>
      <y>0.41166666</y>
      <w>0.4565005</w>
      <t>3168</t>
    </point>
    <point>
      <x>0.5683333</x>
      <y>0.41166666</y>
      <w>0.4565005</w>
      <t>3168</t>
    </point>
    <point>
      <x>0.56666666</x>
      <y>0.41166666</y>
      <w>0.4565005</w>
      <t>3168</t>
    </point>
    <point>
      <x>0.565</x>
      <y>0.41166666</y>
      <w>0.4565005</w>
      <t>3168</t>
    </point>
    <point>
      <x>0.56333333</x>
      <y>0.41166666</y>
      <w>0.4565005</w>
      <t>3168</t>
    </point>
    <point>
      <x>0.56166667</x>
      <y>0.41166666</y>
      <w>0.47605082</w>
      <t>3201</t>
    </point>
    <point>
      <x>0.56</x>
      <y>0.41166666</y>
      <w>0.47605082</w>
      <t>3201</t>
    </point>
    <point>
      <x>0.55833334</x>
      <y>0.41166666</y>
      <w>0.47605082</w>
      <t>3201</t>
    </point>
    <point>
      <x>0.5566667</x>
      <y>0.41166666</y>
      <w>0.47605082</w>
      <t>3201</t>
    </point>
    <point>
      <x>0.555</x>
      <y>0.41166666</y>
      <w>0.49364614</w>
      <t>3235</t>
    </point>
    <point>
      <x>0.55333334</x>
      <y>0.41166666</y>
      <w>0.49364614</w>
      <t>3235</t>
    </point>
    <point>
      <x>0.55333334</x>
      <y>0.41333333</y>
      <w>0.49364614</w>
      <t>3235</t>
    </point>
    <point>
      <x>0.5516667</x>
      <y>0.41333333</y>
      <w>0.49364614</w>
      <t>3235</t>
    </point>
    <point>
      <x>0.55</x>
      <y>0.41333333</y>
      <w>0.49364614</w>
      <t>3235</t>
    </point>
    <point>
      <x>0.55</x>
      <y>0.415</y>
      <w>0.50537634</w>
      <t>3268</t>
    </point>
    <point>
      <x>0.54833335</x>
      <y>0.415</y>
      <w>0.50537634</w>
      <t>3268</t>
    </point>
    <point>
      <x>0.5466667</x>
      <y>0.41666666</y>
      <w>0.50537634</w>
      <t>3268</t>
    </point>
    <point>
      <x>0.545</x>
      <y>0.41833332</y>
      <w>0.52981424</w>
      <t>3302</t>
    </point>
    <point>
      <x>0.54333335</x>
      <y>0.42</y>
      <w>0.52981424</w>
      <t>3302</t>
    </point>
    <point>
      <x>0.5416667</x>
      <y>0.42166665</y>
      <w>0.52981424</w>
      <t>3302</t>
    </point>
    <point>
      <x>0.54</x>
      <y>0.42333335</y>
      <w>0.5483871</w>
      <t>3334</t>
    </point>
    <point>
      <x>0.53833336</x>
      <y>0.425</y>
      <w>0.56989247</w>
      <t>3368</t>
    </point>
    <point>
      <x>0.5366667</x>
      <y>0.42666668</y>
      <w>0.56989247</w>
      <t>3368</t>
    </point>
    <point>
      <x>0.5366667</x>
      <y>0.42833334</y>
      <w>0.56989247</w>
      <t>3368</t>
    </point>
    <point>
      <x>0.535</x>
      <y>0.43</y>
      <w>0.57478005</w>
      <t>3401</t>
    </point>
    <point>
      <x>0.535</x>
      <y>0.43166667</y>
      <w>0.57478005</w>
      <t>3401</t>
    </point>
    <point>
      <x>0.53333336</x>
      <y>0.43333334</y>
      <w>0.57478005</w>
      <t>3401</t>
    </point>
    <point>
      <x>0.53333336</x>
      <y>0.435</y>
      <w>0.57478005</w>
      <t>3401</t>
    </point>
    <point>
      <x>0.53333336</x>
      <y>0.43666667</y>
      <w>0.57478005</w>
      <t>3401</t>
    </point>
    <point>
      <x>0.5316667</x>
      <y>0.44</y>
      <w>0.5855327</w>
      <t>3435</t>
    </point>
    <point>
      <x>0.5316667</x>
      <y>0.44166666</y>
      <w>0.5855327</w>
      <t>3435</t>
    </point>
    <point>
      <x>0.5316667</x>
      <y>0.44333333</y>
      <w>0.5855327</w>
      <t>3435</t>
    </point>
    <point>
      <x>0.53</x>
      <y>0.445</y>
      <w>0.5855327</w>
      <t>3435</t>
    </point>
    <point>
      <x>0.53</x>
      <y>0.44833332</y>
      <w>0.60215056</w>
      <t>3468</t>
    </point>
    <point>
      <x>0.53</x>
      <y>0.45</y>
      <w>0.60215056</w>
      <t>3468</t>
    </point>
    <point>
      <x>0.5283333</x>
      <y>0.45333335</y>
      <w>0.60215056</w>
      <t>3468</t>
    </point>
    <point>
      <x>0.5283333</x>
      <y>0.455</y>
      <w>0.60215056</w>
      <t>3468</t>
    </point>
    <point>
      <x>0.5283333</x>
      <y>0.45833334</y>
      <w>0.60215056</w>
      <t>3468</t>
    </point>
    <point>
      <x>0.5283333</x>
      <y>0.46166667</y>
      <w>0.6168133</w>
      <t>3501</t>
    </point>
    <point>
      <x>0.5283333</x>
      <y>0.465</y>
      <w>0.6168133</w>
      <t>3501</t>
    </point>
    <point>
      <x>0.52666664</x>
      <y>0.46666667</y>
      <w>0.6168133</w>
      <t>3501</t>
    </point>
    <point>
      <x>0.52666664</x>
      <y>0.47</y>
      <w>0.6168133</w>
      <t>3501</t>
    </point>
    <point>
      <x>0.52666664</x>
      <y>0.47166666</y>
      <w>0.6353861</w>
      <t>3535</t>
    </point>
    <point>
      <x>0.52666664</x>
      <y>0.475</y>
      <w>0.6353861</w>
      <t>3535</t>
    </point>
    <point>
      <x>0.52666664</x>
      <y>0.47666666</y>
      <w>0.6353861</w>
      <t>3535</t>
    </point>
    <point>
      <x>0.52666664</x>
      <y>0.48</y>
      <w>0.6353861</w>
      <t>3535</t>
    </point>
    <point>
      <x>0.52666664</x>
      <y>0.48166665</y>
      <w>0.6353861</w>
      <t>3535</t>
    </point>
    <point>
      <x>0.52666664</x>
      <y>0.485</y>
      <w>0.6461388</w>
      <t>3568</t>
    </point>
    <point>
      <x>0.52666664</x>
      <y>0.48833334</y>
      <w>0.6461388</w>
      <t>3568</t>
    </point>
    <point>
      <x>0.52666664</x>
      <y>0.49166667</y>
      <w>0.6461388</w>
      <t>3568</t>
    </point>
    <point>
      <x>0.52666664</x>
      <y>0.495</y>
      <w>0.6461388</w>
      <t>3568</t>
    </point>
    <point>
      <x>0.52666664</x>
      <y>0.49833333</y>
      <w>0.6568915</w>
      <t>3602</t>
    </point>
    <point>
      <x>0.52666664</x>
      <y>0.50166667</y>
      <w>0.6568915</w>
      <t>3602</t>
    </point>
    <point>
      <x>0.52666664</x>
      <y>0.505</y>
      <w>0.6568915</w>
      <t>3602</t>
    </point>
    <point>
      <x>0.52666664</x>
      <y>0.5083333</y>
      <w>0.6568915</w>
      <t>3602</t>
    </point>
    <point>
      <x>0.525</x>
      <y>0.5133333</y>
      <w>0.6568915</w>
      <t>3602</t>
    </point>
    <point>
      <x>0.525</x>
      <y>0.51666665</y>
      <w>0.6676442</w>
      <t>3635</t>
    </point>
    <point>
      <x>0.525</x>
      <y>0.52</y>
      <w>0.6676442</w>
      <t>3635</t>
    </point>
    <point>
      <x>0.525</x>
      <y>0.5233333</y>
      <w>0.6676442</w>
      <t>3635</t>
    </point>
    <point>
      <x>0.525</x>
      <y>0.52666664</y>
      <w>0.6676442</w>
      <t>3635</t>
    </point>
    <point>
      <x>0.525</x>
      <y>0.5316667</y>
      <w>0.67741936</w>
      <t>3668</t>
    </point>
    <point>
      <x>0.525</x>
      <y>0.535</y>
      <w>0.67741936</w>
      <t>3668</t>
    </point>
    <point>
      <x>0.5233333</x>
      <y>0.54</y>
      <w>0.67741936</w>
      <t>3668</t>
    </point>
    <point>
      <x>0.5233333</x>
      <y>0.54333335</y>
      <w>0.67741936</w>
      <t>3668</t>
    </point>
    <point>
      <x>0.5233333</x>
      <y>0.54833335</y>
      <w>0.684262</w>
      <t>3701</t>
    </point>
    <point>
      <x>0.5233333</x>
      <y>0.55333334</y>
      <w>0.684262</w>
      <t>3701</t>
    </point>
    <point>
      <x>0.52166665</x>
      <y>0.5566667</y>
      <w>0.684262</w>
      <t>3701</t>
    </point>
    <point>
      <x>0.52166665</x>
      <y>0.56</y>
      <w>0.684262</w>
      <t>3701</t>
    </point>
    <point>
      <x>0.52166665</x>
      <y>0.565</y>
      <w>0.684262</w>
      <t>3701</t>
    </point>
    <point>
      <x>0.52166665</x>
      <y>0.5683333</y>
      <w>0.6852395</w>
      <t>3735</t>
    </point>
    <point>
      <x>0.52</x>
      <y>0.57166666</y>
      <w>0.6852395</w>
      <t>3735</t>
    </point>
    <point>
      <x>0.52</x>
      <y>0.575</y>
      <w>0.6852395</w>
      <t>3735</t>
    </point>
    <point>
      <x>0.5183333</x>
      <y>0.5783333</y>
      <w>0.6852395</w>
      <t>3735</t>
    </point>
    <point>
      <x>0.5183333</x>
      <y>0.58166665</y>
      <w>0.686217</w>
      <t>3768</t>
    </point>
    <point>
      <x>0.51666665</x>
      <y>0.585</y>
      <w>0.686217</w>
      <t>3768</t>
    </point>
    <point>
      <x>0.515</x>
      <y>0.5883333</y>
      <w>0.686217</w>
      <t>3768</t>
    </point>
    <point>
      <x>0.5133333</x>
      <y>0.59166664</y>
      <w>0.686217</w>
      <t>3768</t>
    </point>
    <point>
      <x>0.51166666</x>
      <y>0.595</y>
      <w>0.686217</w>
      <t>3768</t>
    </point>
    <point>
      <x>0.51</x>
      <y>0.59833336</y>
      <w>0.686217</w>
      <t>3802</t>
    </point>
    <point>
      <x>0.5083333</x>
      <y>0.6016667</y>
      <w>0.686217</w>
      <t>3802</t>
    </point>
    <point>
      <x>0.50666666</x>
      <y>0.6066667</y>
      <w>0.686217</w>
      <t>3802</t>
    </point>
    <point>
      <x>0.505</x>
      <y>0.61</y>
      <w>0.686217</w>
      <t>3802</t>
    </point>
    <point>
      <x>0.50333333</x>
      <y>0.61333334</y>
      <w>0.686217</w>
      <t>3835</t>
    </point>
    <point>
      <x>0.5</x>
      <y>0.6166667</y>
      <w>0.686217</w>
      <t>3835</t>
    </point>
    <point>
      <x>0.49833333</x>
      <y>0.61833334</y>
      <w>0.686217</w>
      <t>3835</t>
    </point>
    <point>
      <x>0.49666667</x>
      <y>0.62166667</y>
      <w>0.686217</w>
      <t>3835</t>
    </point>
    <point>
      <x>0.495</x>
      <y>0.625</y>
      <w>0.686217</w>
      <t>3835</t>
    </point>
    <point>
      <x>0.49166667</x>
      <y>0.62666667</y>
      <w>0.67546433</w>
      <t>3868</t>
    </point>
    <point>
      <x>0.49</x>
      <y>0.63</y>
      <w>0.67546433</w>
      <t>3868</t>
    </point>
    <point>
      <x>0.48833334</x>
      <y>0.63166666</y>
      <w>0.67546433</w>
      <t>3868</t>
    </point>
    <point>
      <x>0.485</x>
      <y>0.635</y>
      <w>0.67546433</w>
      <t>3868</t>
    </point>
    <point>
      <x>0.48333332</x>
      <y>0.63666666</y>
      <w>0.6666667</w>
      <t>3902</t>
    </point>
    <point>
      <x>0.48</x>
      <y>0.6383333</y>
      <w>0.6666667</w>
      <t>3902</t>
    </point>
    <point>
      <x>0.47833332</x>
      <y>0.64</y>
      <w>0.6666667</w>
      <t>3902</t>
    </point>
    <point>
      <x>0.475</x>
      <y>0.64166665</y>
      <w>0.6666667</w>
      <t>3902</t>
    </point>
    <point>
      <x>0.47333333</x>
      <y>0.64166665</y>
      <w>0.6666667</w>
      <t>3902</t>
    </point>
    <point>
      <x>0.47166666</x>
      <y>0.6433333</y>
      <w>0.6471163</w>
      <t>3935</t>
    </point>
    <point>
      <x>0.47</x>
      <y>0.6433333</y>
      <w>0.6471163</w>
      <t>3935</t>
    </point>
    <point>
      <x>0.46833333</x>
      <y>0.645</y>
      <w>0.6471163</w>
      <t>3935</t>
    </point>
    <point>
      <x>0.465</x>
      <y>0.645</y>
      <w>0.6471163</w>
      <t>3935</t>
    </point>
    <point>
      <x>0.46333334</x>
      <y>0.645</y>
      <w>0.6226784</w>
      <t>3968</t>
    </point>
    <point>
      <x>0.46166667</x>
      <y>0.645</y>
      <w>0.6226784</w>
      <t>3968</t>
    </point>
    <point>
      <x>0.46</x>
      <y>0.645</y>
      <w>0.6226784</w>
      <t>3968</t>
    </point>
    <point>
      <x>0.45833334</x>
      <y>0.645</y>
      <w>0.6226784</w>
      <t>3968</t>
    </point>
    <point>
      <x>0.45666668</x>
      <y>0.645</y>
      <w>0.6031281</w>
      <t>4002</t>
    </point>
    <point>
      <x>0.455</x>
      <y>0.645</y>
      <w>0.6031281</w>
      <t>4002</t>
    </point>
    <point>
      <x>0.45333335</x>
      <y>0.645</y>
      <w>0.6031281</w>
      <t>4002</t>
    </point>
    <point>
      <x>0.45166665</x>
      <y>0.645</y>
      <w>0.6031281</w>
      <t>4002</t>
    </point>
    <point>
      <x>0.45</x>
      <y>0.6433333</y>
      <w>0.5718475</w>
      <t>4035</t>
    </point>
    <point>
      <x>0.44833332</x>
      <y>0.6433333</y>
      <w>0.5718475</w>
      <t>4035</t>
    </point>
    <point>
      <x>0.44666666</x>
      <y>0.64166665</y>
      <w>0.5718475</w>
      <t>4035</t>
    </point>
    <point>
      <x>0.44666666</x>
      <y>0.64</y>
      <w>0.5718475</w>
      <t>4035</t>
    </point>
    <point>
      <x>0.445</x>
      <y>0.6383333</y>
      <w>0.53861195</w>
      <t>4068</t>
    </point>
    <point>
      <x>0.44333333</x>
      <y>0.63666666</y>
      <w>0.53861195</w>
      <t>4068</t>
    </point>
    <point>
      <x>0.44166666</x>
      <y>0.635</y>
      <w>0.53861195</w>
      <t>4068</t>
    </point>
    <point>
      <x>0.44166666</x>
      <y>0.6333333</y>
      <w>0.53861195</w>
      <t>4068</t>
    </point>
    <point>
      <x>0.44</x>
      <y>0.63</y>
      <w>0.53861195</w>
      <t>4068</t>
    </point>
    <point>
      <x>0.43833333</x>
      <y>0.62833333</y>
      <w>0.48973608</w>
      <t>4102</t>
    </point>
    <point>
      <x>0.43666667</x>
      <y>0.62666667</y>
      <w>0.48973608</w>
      <t>4102</t>
    </point>
    <point>
      <x>0.435</x>
      <y>0.62333333</y>
      <w>0.48973608</w>
      <t>4102</t>
    </point>
    <point>
      <x>0.435</x>
      <y>0.62166667</y>
      <w>0.48973608</w>
      <t>4102</t>
    </point>
    <point>
      <x>0.43333334</x>
      <y>0.62</y>
      <w>0.48387095</w>
      <t>4135</t>
    </point>
    <point>
      <x>0.43333334</x>
      <y>0.6166667</y>
      <w>0.48387095</w>
      <t>4135</t>
    </point>
    <point>
      <x>0.43333334</x>
      <y>0.615</y>
      <w>0.48387095</w>
      <t>4135</t>
    </point>
    <point>
      <x>0.43333334</x>
      <y>0.6116667</y>
      <w>0.48387095</w>
      <t>4135</t>
    </point>
    <point>
      <x>0.43333334</x>
      <y>0.61</y>
      <w>0.48387095</w>
      <t>4135</t>
    </point>
    <point>
      <x>0.43333334</x>
      <y>0.6066667</y>
      <w>0.4682307</w>
      <t>4168</t>
    </point>
    <point>
      <x>0.43333334</x>
      <y>0.605</y>
      <w>0.4682307</w>
      <t>4168</t>
    </point>
    <point>
      <x>0.43333334</x>
      <y>0.60333335</y>
      <w>0.4682307</w>
      <t>4168</t>
    </point>
    <point>
      <x>0.43333334</x>
      <y>0.6016667</y>
      <w>0.4682307</w>
      <t>4168</t>
    </point>
    <point>
      <x>0.43333334</x>
      <y>0.6</y>
      <w>0.4565005</w>
      <t>4201</t>
    </point>
    <point>
      <x>0.43333334</x>
      <y>0.59833336</y>
      <w>0.4565005</w>
      <t>4201</t>
    </point>
    <point>
      <x>0.435</x>
      <y>0.5966667</y>
      <w>0.4565005</w>
      <t>4201</t>
    </point>
    <point>
      <x>0.43666667</x>
      <y>0.595</y>
      <w>0.4565005</w>
      <t>4201</t>
    </point>
    <point>
      <x>0.43833333</x>
      <y>0.5933333</y>
      <w>0.4565005</w>
      <t>4201</t>
    </point>
    <point>
      <x>0.44</x>
      <y>0.59166664</y>
      <w>0.45552298</w>
      <t>4235</t>
    </point>
    <point>
      <x>0.44166666</x>
      <y>0.59</y>
      <w>0.45552298</w>
      <t>4235</t>
    </point>
    <point>
      <x>0.44333333</x>
      <y>0.5883333</y>
      <w>0.45552298</w>
      <t>4235</t>
    </point>
    <point>
      <x>0.445</x>
      <y>0.58666664</y>
      <w>0.45552298</w>
      <t>4235</t>
    </point>
    <point>
      <x>0.44666666</x>
      <y>0.585</y>
      <w>0.45747802</w>
      <t>4267</t>
    </point>
    <point>
      <x>0.44833332</x>
      <y>0.585</y>
      <w>0.45747802</w>
      <t>4267</t>
    </point>
    <point>
      <x>0.45</x>
      <y>0.5833333</y>
      <w>0.45747802</w>
      <t>4267</t>
    </point>
    <point>
      <x>0.45166665</x>
      <y>0.5833333</y>
      <w>0.45747802</w>
      <t>4267</t>
    </point>
    <point>
      <x>0.45333335</x>
      <y>0.58166665</y>
      <w>0.46529815</w>
      <t>4301</t>
    </point>
    <point>
      <x>0.455</x>
      <y>0.58166665</y>
      <w>0.46529815</w>
      <t>4301</t>
    </point>
    <point>
      <x>0.45666668</x>
      <y>0.58</y>
      <w>0.46529815</w>
      <t>4301</t>
    </point>
    <point>
      <x>0.45833334</x>
      <y>0.58</y>
      <w>0.46725318</w>
      <t>4334</t>
    </point>
    <point>
      <x>0.46</x>
      <y>0.58</y>
      <w>0.46725318</w>
      <t>4334</t>
    </point>
    <point>
      <x>0.46166667</x>
      <y>0.58</y>
      <w>0.4916911</w>
      <t>4368</t>
    </point>
    <point>
      <x>0.46333334</x>
      <y>0.58</y>
      <w>0.4916911</w>
      <t>4368</t>
    </point>
    <point>
      <x>0.465</x>
      <y>0.58</y>
      <w>0.4916911</w>
      <t>4368</t>
    </point>
    <point>
      <x>0.46666667</x>
      <y>0.58</y>
      <w>0.4916911</w>
      <t>4368</t>
    </point>
    <point>
      <x>0.46833333</x>
      <y>0.58</y>
      <w>0.516129</w>
      <t>4401</t>
    </point>
    <point>
      <x>0.47</x>
      <y>0.58</y>
      <w>0.516129</w>
      <t>4401</t>
    </point>
    <point>
      <x>0.47166666</x>
      <y>0.58</y>
      <w>0.516129</w>
      <t>4401</t>
    </point>
    <point>
      <x>0.47166666</x>
      <y>0.58166665</y>
      <w>0.516129</w>
      <t>4401</t>
    </point>
    <point>
      <x>0.47333333</x>
      <y>0.58166665</y>
      <w>0.53372437</w>
      <t>4434</t>
    </point>
    <point>
      <x>0.47333333</x>
      <y>0.5833333</y>
      <w>0.53372437</w>
      <t>4434</t>
    </point>
    <point>
      <x>0.475</x>
      <y>0.5833333</y>
      <w>0.53372437</w>
      <t>4434</t>
    </point>
    <point>
      <x>0.47666666</x>
      <y>0.585</y>
      <w>0.53372437</w>
      <t>4434</t>
    </point>
    <point>
      <x>0.47833332</x>
      <y>0.585</y>
      <w>0.5610948</w>
      <t>4467</t>
    </point>
    <point>
      <x>0.48</x>
      <y>0.58666664</y>
      <w>0.5610948</w>
      <t>4467</t>
    </point>
    <point>
      <x>0.48</x>
      <y>0.5883333</y>
      <w>0.5610948</w>
      <t>4467</t>
    </point>
    <point>
      <x>0.48166665</x>
      <y>0.59</y>
      <w>0.5610948</w>
      <t>4467</t>
    </point>
    <point>
      <x>0.48333332</x>
      <y>0.59</y>
      <w>0.5610948</w>
      <t>4467</t>
    </point>
    <point>
      <x>0.48333332</x>
      <y>0.59166664</y>
      <w>0.5855327</w>
      <t>4501</t>
    </point>
    <point>
      <x>0.485</x>
      <y>0.5933333</y>
      <w>0.5855327</w>
      <t>4501</t>
    </point>
    <point>
      <x>0.48666668</x>
      <y>0.595</y>
      <w>0.5855327</w>
      <t>4501</t>
    </point>
    <point>
      <x>0.48666668</x>
      <y>0.5966667</y>
      <w>0.6001955</w>
      <t>4534</t>
    </point>
    <point>
      <x>0.48833334</x>
      <y>0.59833336</y>
      <w>0.6001955</w>
      <t>4534</t>
    </point>
    <point>
      <x>0.48833334</x>
      <y>0.6</y>
      <w>0.6001955</w>
      <t>4534</t>
    </point>
    <point>
      <x>0.49</x>
      <y>0.6016667</y>
      <w>0.6001955</w>
      <t>4534</t>
    </point>
    <point>
      <x>0.49</x>
      <y>0.60333335</y>
      <w>0.6001955</w>
      <t>4534</t>
    </point>
    <point>
      <x>0.49166667</x>
      <y>0.6066667</y>
      <w>0.6050831</w>
      <t>4567</t>
    </point>
    <point>
      <x>0.49166667</x>
      <y>0.60833335</y>
      <w>0.6050831</w>
      <t>4567</t>
    </point>
    <point>
      <x>0.49333334</x>
      <y>0.61</y>
      <w>0.6050831</w>
      <t>4567</t>
    </point>
    <point>
      <x>0.49333334</x>
      <y>0.6116667</y>
      <w>0.6050831</w>
      <t>4567</t>
    </point>
    <point>
      <x>0.495</x>
      <y>0.615</y>
      <w>0.6099707</w>
      <t>4601</t>
    </point>
    <point>
      <x>0.495</x>
      <y>0.6166667</y>
      <w>0.6099707</w>
      <t>4601</t>
    </point>
    <point>
      <x>0.49666667</x>
      <y>0.62</y>
      <w>0.6099707</w>
      <t>4601</t>
    </point>
    <point>
      <x>0.49666667</x>
      <y>0.62166667</y>
      <w>0.6099707</w>
      <t>4601</t>
    </point>
    <point>
      <x>0.49833333</x>
      <y>0.625</y>
      <w>0.6099707</w>
      <t>4601</t>
    </point>
    <point>
      <x>0.49833333</x>
      <y>0.62666667</y>
      <w>0.627566</w>
      <t>4634</t>
    </point>
    <point>
      <x>0.49833333</x>
      <y>0.63</y>
      <w>0.627566</w>
      <t>4634</t>
    </point>
    <point>
      <x>0.5</x>
      <y>0.6333333</y>
      <w>0.627566</w>
      <t>4634</t>
    </point>
    <point>
      <x>0.5</x>
      <y>0.63666666</y>
      <w>0.627566</w>
      <t>4634</t>
    </point>
    <point>
      <x>0.5</x>
      <y>0.6383333</y>
      <w>0.63734114</w>
      <t>4668</t>
    </point>
    <point>
      <x>0.50166667</x>
      <y>0.64166665</y>
      <w>0.63734114</w>
      <t>4668</t>
    </point>
    <point>
      <x>0.50166667</x>
      <y>0.645</y>
      <w>0.63734114</w>
      <t>4668</t>
    </point>
    <point>
      <x>0.50166667</x>
      <y>0.6483333</y>
      <w>0.63734114</w>
      <t>4668</t>
    </point>
    <point>
      <x>0.50166667</x>
      <y>0.65</y>
      <w>0.63734114</w>
      <t>4668</t>
    </point>
    <point>
      <x>0.50166667</x>
      <y>0.6533333</y>
      <w>0.64320624</w>
      <t>4701</t>
    </point>
    <point>
      <x>0.50166667</x>
      <y>0.6566667</y>
      <w>0.64320624</w>
      <t>4701</t>
    </point>
    <point>
      <x>0.50166667</x>
      <y>0.66</y>
      <w>0.64320624</w>
      <t>4701</t>
    </point>
    <point>
      <x>0.50166667</x>
      <y>0.66333336</y>
      <w>0.64320624</w>
      <t>4701</t>
    </point>
    <point>
      <x>0.50166667</x>
      <y>0.6666667</y>
      <w>0.6520039</w>
      <t>4734</t>
    </point>
    <point>
      <x>0.50166667</x>
      <y>0.67</y>
      <w>0.6520039</w>
      <t>4734</t>
    </point>
    <point>
      <x>0.50166667</x>
      <y>0.67333335</y>
      <w>0.6520039</w>
      <t>4734</t>
    </point>
    <point>
      <x>0.50166667</x>
      <y>0.675</y>
      <w>0.6520039</w>
      <t>4734</t>
    </point>
    <point>
      <x>0.50166667</x>
      <y>0.67833334</y>
      <w>0.6539589</w>
      <t>4768</t>
    </point>
    <point>
      <x>0.50166667</x>
      <y>0.6816667</y>
      <w>0.6539589</w>
      <t>4768</t>
    </point>
    <point>
      <x>0.50166667</x>
      <y>0.685</y>
      <w>0.6539589</w>
      <t>4768</t>
    </point>
    <point>
      <x>0.50166667</x>
      <y>0.68833333</y>
      <w>0.6539589</w>
      <t>4768</t>
    </point>
    <point>
      <x>0.50166667</x>
      <y>0.69166666</y>
      <w>0.6539589</w>
      <t>4768</t>
    </point>
    <point>
      <x>0.50166667</x>
      <y>0.69666666</y>
      <w>0.6568915</w>
      <t>4801</t>
    </point>
    <point>
      <x>0.50166667</x>
      <y>0.7</y>
      <w>0.6568915</w>
      <t>4801</t>
    </point>
    <point>
      <x>0.50166667</x>
      <y>0.7033333</y>
      <w>0.6568915</w>
      <t>4801</t>
    </point>
    <point>
      <x>0.50166667</x>
      <y>0.70666665</y>
      <w>0.6568915</w>
      <t>4801</t>
    </point>
    <point>
      <x>0.50166667</x>
      <y>0.71</y>
      <w>0.6568915</w>
      <t>4801</t>
    </point>
    <point>
      <x>0.50166667</x>
      <y>0.7133333</y>
      <w>0.65786904</w>
      <t>4834</t>
    </point>
    <point>
      <x>0.50166667</x>
      <y>0.71666664</y>
      <w>0.65786904</w>
      <t>4834</t>
    </point>
    <point>
      <x>0.5</x>
      <y>0.72</y>
      <w>0.65786904</w>
      <t>4834</t>
    </point>
    <point>
      <x>0.5</x>
      <y>0.72333336</y>
      <w>0.65786904</w>
      <t>4834</t>
    </point>
    <point>
      <x>0.5</x>
      <y>0.7266667</y>
      <w>0.6568915</w>
      <t>4868</t>
    </point>
    <point>
      <x>0.5</x>
      <y>0.72833335</y>
      <w>0.6568915</w>
      <t>4868</t>
    </point>
    <point>
      <x>0.5</x>
      <y>0.7316667</y>
      <w>0.6568915</w>
      <t>4868</t>
    </point>
    <point>
      <x>0.5</x>
      <y>0.73333335</y>
      <w>0.6568915</w>
      <t>4868</t>
    </point>
    <point>
      <x>0.5</x>
      <y>0.735</y>
      <w>0.6568915</w>
      <t>4902</t>
    </point>
    <point>
      <x>0.5</x>
      <y>0.7366667</y>
      <w>0.6568915</w>
      <t>4902</t>
    </point>
    <point>
      <x>0.5</x>
      <y>0.73833334</y>
      <w>0.6568915</w>
      <t>4902</t>
    </point>
    <point>
      <x>0.5</x>
      <y>0.74</y>
      <w>0.6568915</w>
      <t>4902</t>
    </point>
    <point>
      <x>0.5</x>
      <y>0.7416667</y>
      <w>0.6568915</w>
      <t>4902</t>
    </point>
    <point>
      <x>0.5</x>
      <y>0.745</y>
      <w>0.65591395</w>
      <t>4934</t>
    </point>
    <point>
      <x>0.5</x>
      <y>0.74666667</y>
      <w>0.65591395</w>
      <t>4934</t>
    </point>
    <point>
      <x>0.5</x>
      <y>0.74833333</y>
      <w>0.65591395</w>
      <t>4934</t>
    </point>
    <point>
      <x>0.50166667</x>
      <y>0.75166667</y>
      <w>0.65591395</w>
      <t>4934</t>
    </point>
    <point>
      <x>0.50166667</x>
      <y>0.75333333</y>
      <w>0.65591395</w>
      <t>4968</t>
    </point>
    <point>
      <x>0.50166667</x>
      <y>0.755</y>
      <w>0.65591395</w>
      <t>4968</t>
    </point>
    <point>
      <x>0.50166667</x>
      <y>0.75666666</y>
      <w>0.65591395</w>
      <t>4968</t>
    </point>
    <point>
      <x>0.50333333</x>
      <y>0.76</y>
      <w>0.65591395</w>
      <t>4968</t>
    </point>
    <point>
      <x>0.50333333</x>
      <y>0.76166666</y>
      <w>0.65591395</w>
      <t>4968</t>
    </point>
    <point>
      <x>0.50333333</x>
      <y>0.7633333</y>
      <w>0.65493643</w>
      <t>5001</t>
    </point>
    <point>
      <x>0.505</x>
      <y>0.765</y>
      <w>0.65493643</w>
      <t>5001</t>
    </point>
    <point>
      <x>0.505</x>
      <y>0.76666665</y>
      <w>0.65493643</w>
      <t>5001</t>
    </point>
    <point>
      <x>0.505</x>
      <y>0.7683333</y>
      <w>0.65493643</w>
      <t>5001</t>
    </point>
    <point>
      <x>0.50666666</x>
      <y>0.77</y>
      <w>0.6539589</w>
      <t>5035</t>
    </point>
    <point>
      <x>0.50666666</x>
      <y>0.77166665</y>
      <w>0.6539589</w>
      <t>5035</t>
    </point>
    <point>
      <x>0.5083333</x>
      <y>0.77166665</y>
      <w>0.6539589</w>
      <t>5035</t>
    </point>
    <point>
      <x>0.5083333</x>
      <y>0.775</y>
      <w>0.6539589</w>
      <t>5035</t>
    </point>
    <point>
      <x>0.51</x>
      <y>0.775</y>
      <w>0.6539589</w>
      <t>5035</t>
    </point>
    <point>
      <x>0.51</x>
      <y>0.7783333</y>
      <w>0.6520039</w>
      <t>5068</t>
    </point>
    <point>
      <x>0.51166666</x>
      <y>0.78</y>
      <w>0.6520039</w>
      <t>5068</t>
    </point>
    <point>
      <x>0.5133333</x>
      <y>0.7816667</y>
      <w>0.6520039</w>
      <t>5068</t>
    </point>
    <point>
      <x>0.515</x>
      <y>0.78333336</y>
      <w>0.6520039</w>
      <t>5068</t>
    </point>
    <point>
      <x>0.515</x>
      <y>0.785</y>
      <w>0.64907134</w>
      <t>5102</t>
    </point>
    <point>
      <x>0.51666665</x>
      <y>0.7866667</y>
      <w>0.64907134</w>
      <t>5102</t>
    </point>
    <point>
      <x>0.5183333</x>
      <y>0.78833336</y>
      <w>0.64907134</w>
      <t>5102</t>
    </point>
    <point>
      <x>0.52</x>
      <y>0.79</y>
      <w>0.64907134</w>
      <t>5102</t>
    </point>
    <point>
      <x>0.52166665</x>
      <y>0.79</y>
      <w>0.6353861</w>
      <t>5135</t>
    </point>
    <point>
      <x>0.5233333</x>
      <y>0.7916667</y>
      <w>0.6353861</w>
      <t>5135</t>
    </point>
    <point>
      <x>0.5233333</x>
      <y>0.79333335</y>
      <w>0.6353861</w>
      <t>5135</t>
    </point>
    <point>
      <x>0.525</x>
      <y>0.79333335</y>
      <w>0.6353861</w>
      <t>5135</t>
    </point>
    <point>
      <x>0.52666664</x>
      <y>0.795</y>
      <w>0.629521</w>
      <t>5168</t>
    </point>
    <point>
      <x>0.5283333</x>
      <y>0.795</y>
      <w>0.629521</w>
      <t>5168</t>
    </point>
    <point>
      <x>0.53</x>
      <y>0.7966667</y>
      <w>0.629521</w>
      <t>5168</t>
    </point>
    <point>
      <x>0.5316667</x>
      <y>0.7966667</y>
      <w>0.629521</w>
      <t>5168</t>
    </point>
    <point>
      <x>0.53333336</x>
      <y>0.79833335</y>
      <w>0.62561095</w>
      <t>5202</t>
    </point>
    <point>
      <x>0.535</x>
      <y>0.79833335</y>
      <w>0.62561095</w>
      <t>5202</t>
    </point>
    <point>
      <x>0.53833336</x>
      <y>0.8</y>
      <w>0.62561095</w>
      <t>5202</t>
    </point>
    <point>
      <x>0.54</x>
      <y>0.8</y>
      <w>0.62561095</w>
      <t>5202</t>
    </point>
    <point>
      <x>0.5416667</x>
      <y>0.8016667</y>
      <w>0.62561095</w>
      <t>5202</t>
    </point>
    <point>
      <x>0.54333335</x>
      <y>0.80333334</y>
      <w>0.6236559</w>
      <t>5235</t>
    </point>
    <point>
      <x>0.5466667</x>
      <y>0.80333334</y>
      <w>0.6236559</w>
      <t>5235</t>
    </point>
    <point>
      <x>0.54833335</x>
      <y>0.805</y>
      <w>0.6236559</w>
      <t>5235</t>
    </point>
    <point>
      <x>0.55</x>
      <y>0.8066667</y>
      <w>0.6236559</w>
      <t>5235</t>
    </point>
    <point>
      <x>0.55333334</x>
      <y>0.8066667</y>
      <w>0.6177908</w>
      <t>5268</t>
    </point>
    <point>
      <x>0.555</x>
      <y>0.80833334</y>
      <w>0.6177908</w>
      <t>5268</t>
    </point>
    <point>
      <x>0.55833334</x>
      <y>0.80833334</y>
      <w>0.6177908</w>
      <t>5268</t>
    </point>
    <point>
      <x>0.56</x>
      <y>0.81</y>
      <w>0.6177908</w>
      <t>5268</t>
    </point>
    <point>
      <x>0.56333333</x>
      <y>0.81</y>
      <w>0.6177908</w>
      <t>5268</t>
    </point>
    <point>
      <x>0.565</x>
      <y>0.81166667</y>
      <w>0.5855327</w>
      <t>5302</t>
    </point>
    <point>
      <x>0.5683333</x>
      <y>0.81166667</y>
      <w>0.5855327</w>
      <t>5302</t>
    </point>
    <point>
      <x>0.57</x>
      <y>0.81166667</y>
      <w>0.5855327</w>
      <t>5302</t>
    </point>
    <point>
      <x>0.57166666</x>
      <y>0.81166667</y>
      <w>0.5855327</w>
      <t>5302</t>
    </point>
    <point>
      <x>0.575</x>
      <y>0.81166667</y>
      <w>0.5767351</w>
      <t>5334</t>
    </point>
    <point>
      <x>0.57666665</x>
      <y>0.81166667</y>
      <w>0.5767351</w>
      <t>5334</t>
    </point>
    <point>
      <x>0.5783333</x>
      <y>0.81166667</y>
      <w>0.5767351</w>
      <t>5334</t>
    </point>
    <point>
      <x>0.58166665</x>
      <y>0.81166667</y>
      <w>0.5767351</w>
      <t>5334</t>
    </point>
    <point>
      <x>0.5833333</x>
      <y>0.81166667</y>
      <w>0.57380253</w>
      <t>5368</t>
    </point>
    <point>
      <x>0.585</x>
      <y>0.81333333</y>
      <w>0.57380253</w>
      <t>5368</t>
    </point>
    <point>
      <x>0.5883333</x>
      <y>0.81333333</y>
      <w>0.57380253</w>
      <t>5368</t>
    </point>
    <point>
      <x>0.59</x>
      <y>0.81333333</y>
      <w>0.57380253</w>
      <t>5368</t>
    </point>
    <point>
      <x>0.5933333</x>
      <y>0.81333333</y>
      <w>0.57380253</w>
      <t>5368</t>
    </point>
    <point>
      <x>0.595</x>
      <y>0.81333333</y>
      <w>0.5659824</w>
      <t>5401</t>
    </point>
    <point>
      <x>0.5966667</x>
      <y>0.81333333</y>
      <w>0.5659824</w>
      <t>5401</t>
    </point>
    <point>
      <x>0.6</x>
      <y>0.81333333</y>
      <w>0.5659824</w>
      <t>5401</t>
    </point>
    <point>
      <x>0.6016667</x>
      <y>0.81333333</y>
      <w>0.5659824</w>
      <t>5401</t>
    </point>
    <point>
      <x>0.60333335</x>
      <y>0.81333333</y>
      <w>0.5659824</w>
      <t>5401</t>
    </point>
    <point>
      <x>0.605</x>
      <y>0.81333333</y>
      <w>0.5591398</w>
      <t>5434</t>
    </point>
    <point>
      <x>0.6066667</x>
      <y>0.81333333</y>
      <w>0.5591398</w>
      <t>5434</t>
    </point>
    <point>
      <x>0.60833335</x>
      <y>0.81333333</y>
      <w>0.5591398</w>
      <t>5434</t>
    </point>
    <point>
      <x>0.61</x>
      <y>0.81333333</y>
      <w>0.5591398</w>
      <t>5434</t>
    </point>
    <point>
      <x>0.6116667</x>
      <y>0.81333333</y>
      <w>0.55620724</w>
      <t>5467</t>
    </point>
    <point>
      <x>0.61333334</x>
      <y>0.81333333</y>
      <w>0.55620724</w>
      <t>5467</t>
    </point>
    <point>
      <x>0.615</x>
      <y>0.81333333</y>
      <w>0.55620724</w>
      <t>5467</t>
    </point>
    <point>
      <x>0.6166667</x>
      <y>0.81333333</y>
      <w>0.55620724</w>
      <t>5467</t>
    </point>
    <point>
      <x>0.61833334</x>
      <y>0.81333333</y>
      <w>0.5542522</w>
      <t>5501</t>
    </point>
    <point>
      <x>0.62</x>
      <y>0.81333333</y>
      <w>0.5542522</w>
      <t>5501</t>
    </point>
    <point>
      <x>0.62166667</x>
      <y>0.81333333</y>
      <w>0.5542522</w>
      <t>5501</t>
    </point>
    <point>
      <x>0.62333333</x>
      <y>0.81333333</y>
      <w>0.47702834</w>
      <t>5534</t>
    </point>
    <point>
      <x>0.625</x>
      <y>0.81333333</y>
      <w>0.47702834</w>
      <t>5534</t>
    </point>
  </stroke>
</character>
