<?xml version="1.0" encoding="UTF-8"?>
<character>
  <stroke time="0">
    <point>
      <x>0.26333332</x>
      <y>0.23</y>
      <w>0.13000977</w>
      <t>70</t>
    </point>
    <point>
      <x>0.265</x>
      <y>0.23</y>
      <w>0.19354838</w>
      <t>101</t>
    </point>
    <point>
      <x>0.265</x>
      <y>0.23166667</y>
      <w>0.19354838</w>
      <t>101</t>
    </point>
    <point>
      <x>0.265</x>
      <y>0.23333333</y>
      <w>0.19354838</w>
      <t>101</t>
    </point>
    <point>
      <x>0.26666668</x>
      <y>0.235</y>
      <w>0.19354838</w>
      <t>102</t>
    </point>
    <point>
      <x>0.26666668</x>
      <y>0.23666666</y>
      <w>0.2737048</w>
      <t>133</t>
    </point>
    <point>
      <x>0.26666668</x>
      <y>0.23833333</y>
      <w>0.2737048</w>
      <t>133</t>
    </point>
    <point>
      <x>0.26666668</x>
      <y>0.24</y>
      <w>0.2737048</w>
      <t>133</t>
    </point>
    <point>
      <x>0.26666668</x>
      <y>0.24166666</y>
      <w>0.36265886</w>
      <t>167</t>
    </point>
    <point>
      <x>0.26666668</x>
      <y>0.24333334</y>
      <w>0.36265886</w>
      <t>167</t>
    </point>
    <point>
      <x>0.26666668</x>
      <y>0.245</y>
      <w>0.4173998</w>
      <t>201</t>
    </point>
    <point>
      <x>0.26666668</x>
      <y>0.24666667</y>
      <w>0.4173998</w>
      <t>201</t>
    </point>
    <point>
      <x>0.26666668</x>
      <y>0.24833333</y>
      <w>0.4173998</w>
      <t>201</t>
    </point>
    <point>
      <x>0.26666668</x>
      <y>0.25</y>
      <w>0.4173998</w>
      <t>202</t>
    </point>
    <point>
      <x>0.26666668</x>
      <y>0.25333333</y>
      <w>0.4173998</w>
      <t>202</t>
    </point>
    <point>
      <x>0.26666668</x>
      <y>0.255</y>
      <w>0.47214076</w>
      <t>233</t>
    </point>
    <point>
      <x>0.26666668</x>
      <y>0.25666666</y>
      <w>0.47214076</w>
      <t>233</t>
    </point>
    <point>
      <x>0.26666668</x>
      <y>0.26</y>
      <w>0.47214076</w>
      <t>233</t>
    </point>
    <point>
      <x>0.26666668</x>
      <y>0.26166666</y>
      <w>0.47214076</w>
      <t>233</t>
    </point>
    <point>
      <x>0.26666668</x>
      <y>0.26333332</y>
      <w>0.52981424</w>
      <t>267</t>
    </point>
    <point>
      <x>0.26666668</x>
      <y>0.26666668</y>
      <w>0.52981424</w>
      <t>269</t>
    </point>
    <point>
      <x>0.26666668</x>
      <y>0.26833335</y>
      <w>0.52981424</w>
      <t>269</t>
    </point>
    <point>
      <x>0.265</x>
      <y>0.27166668</y>
      <w>0.52981424</w>
      <t>269</t>
    </point>
    <point>
      <x>0.26333332</x>
      <y>0.27333334</y>
      <w>0.52981424</w>
      <t>269</t>
    </point>
    <point>
      <x>0.26333332</x>
      <y>0.27666667</y>
      <w>0.56989247</w>
      <t>300</t>
    </point>
    <point>
      <x>0.26166666</x>
      <y>0.28</y>
      <w>0.56989247</w>
      <t>300</t>
    </point>
    <point>
      <x>0.26</x>
      <y>0.28333333</y>
      <w>0.56989247</w>
      <t>300</t>
    </point>
    <point>
      <x>0.25833333</x>
      <y>0.28666666</y>
      <w>0.56989247</w>
      <t>301</t>
    </point>
    <point>
      <x>0.25666666</x>
      <y>0.29166666</y>
      <w>0.60215056</w>
      <t>333</t>
    </point>
    <point>
      <x>0.255</x>
      <y>0.295</y>
      <w>0.60215056</w>
      <t>333</t>
    </point>
    <point>
      <x>0.25333333</x>
      <y>0.3</y>
      <w>0.60215056</w>
      <t>333</t>
    </point>
    <point>
      <x>0.25166667</x>
      <y>0.30333334</y>
      <w>0.60215056</w>
      <t>334</t>
    </point>
    <point>
      <x>0.25</x>
      <y>0.30833334</y>
      <w>0.60215056</w>
      <t>334</t>
    </point>
    <point>
      <x>0.24833333</x>
      <y>0.31333333</y>
      <w>0.61974585</w>
      <t>367</t>
    </point>
    <point>
      <x>0.24666667</x>
      <y>0.31833333</y>
      <w>0.61974585</w>
      <t>367</t>
    </point>
    <point>
      <x>0.245</x>
      <y>0.32166666</y>
      <w>0.61974585</w>
      <t>367</t>
    </point>
    <point>
      <x>0.245</x>
      <y>0.32666665</y>
      <w>0.61974585</w>
      <t>368</t>
    </point>
    <point>
      <x>0.24333334</x>
      <y>0.33</y>
      <w>0.6344086</w>
      <t>400</t>
    </point>
    <point>
      <x>0.24166666</x>
      <y>0.33333334</y>
      <w>0.6344086</w>
      <t>400</t>
    </point>
    <point>
      <x>0.24166666</x>
      <y>0.335</y>
      <w>0.6344086</w>
      <t>400</t>
    </point>
    <point>
      <x>0.24</x>
      <y>0.33833334</y>
      <w>0.6344086</w>
      <t>401</t>
    </point>
    <point>
      <x>0.23833333</x>
      <y>0.34</y>
      <w>0.6451613</w>
      <t>433</t>
    </point>
    <point>
      <x>0.23833333</x>
      <y>0.34333333</y>
      <w>0.6451613</w>
      <t>433</t>
    </point>
    <point>
      <x>0.23833333</x>
      <y>0.34666666</y>
      <w>0.6451613</w>
      <t>434</t>
    </point>
    <point>
      <x>0.23666666</x>
      <y>0.34833333</y>
      <w>0.6451613</w>
      <t>434</t>
    </point>
    <point>
      <x>0.23666666</x>
      <y>0.35</y>
      <w>0.6451613</w>
      <t>434</t>
    </point>
    <point>
      <x>0.23666666</x>
      <y>0.35166666</y>
      <w>0.6520039</w>
      <t>467</t>
    </point>
    <point>
      <x>0.23666666</x>
      <y>0.35333332</y>
      <w>0.6520039</w>
      <t>467</t>
    </point>
    <point>
      <x>0.23666666</x>
      <y>0.355</y>
      <w>0.6520039</w>
      <t>467</t>
    </point>
    <point>
      <x>0.23666666</x>
      <y>0.35666665</y>
      <w>0.6520039</w>
      <t>467</t>
    </point>
    <point>
      <x>0.23666666</x>
      <y>0.35833332</y>
      <w>0.6529814</w>
      <t>500</t>
    </point>
    <point>
      <x>0.23666666</x>
      <y>0.36</y>
      <w>0.6529814</w>
      <t>500</t>
    </point>
    <point>
      <x>0.23666666</x>
      <y>0.36166668</y>
      <w>0.6529814</w>
      <t>500</t>
    </point>
    <point>
      <x>0.23833333</x>
      <y>0.36166668</y>
      <w>0.6529814</w>
      <t>500</t>
    </point>
    <point>
      <x>0.23833333</x>
      <y>0.36333334</y>
      <w>0.6529814</w>
      <t>501</t>
    </point>
    <point>
      <x>0.24</x>
      <y>0.365</y>
      <w>0.6520039</w>
      <t>533</t>
    </point>
    <point>
      <x>0.24166666</x>
      <y>0.36666667</y>
      <w>0.6471163</w>
      <t>567</t>
    </point>
    <point>
      <x>0.24333334</x>
      <y>0.36666667</y>
      <w>0.6471163</w>
      <t>567</t>
    </point>
    <point>
      <x>0.245</x>
      <y>0.36666667</y>
      <w>0.6471163</w>
      <t>567</t>
    </point>
    <point>
      <x>0.245</x>
      <y>0.36833334</y>
      <w>0.6471163</w>
      <t>567</t>
    </point>
    <point>
      <x>0.24833333</x>
      <y>0.36833334</y>
      <w>0.6461388</w>
      <t>600</t>
    </point>
    <point>
      <x>0.25</x>
      <y>0.36833334</y>
      <w>0.6461388</w>
      <t>600</t>
    </point>
    <point>
      <x>0.25166667</x>
      <y>0.36833334</y>
      <w>0.6461388</w>
      <t>600</t>
    </point>
    <point>
      <x>0.255</x>
      <y>0.36833334</y>
      <w>0.6461388</w>
      <t>600</t>
    </point>
    <point>
      <x>0.25666666</x>
      <y>0.36833334</y>
      <w>0.6480938</w>
      <t>633</t>
    </point>
    <point>
      <x>0.26</x>
      <y>0.36833334</y>
      <w>0.6480938</w>
      <t>635</t>
    </point>
    <point>
      <x>0.26166666</x>
      <y>0.36833334</y>
      <w>0.6480938</w>
      <t>635</t>
    </point>
    <point>
      <x>0.265</x>
      <y>0.36833334</y>
      <w>0.6480938</w>
      <t>635</t>
    </point>
    <point>
      <x>0.26833335</x>
      <y>0.36833334</y>
      <w>0.6480938</w>
      <t>635</t>
    </point>
    <point>
      <x>0.27166668</x>
      <y>0.36833334</y>
      <w>0.65102637</w>
      <t>667</t>
    </point>
    <point>
      <x>0.275</x>
      <y>0.36833334</y>
      <w>0.65102637</w>
      <t>667</t>
    </point>
    <point>
      <x>0.27833334</x>
      <y>0.36833334</y>
      <w>0.65102637</w>
      <t>667</t>
    </point>
    <point>
      <x>0.28166667</x>
      <y>0.36833334</y>
      <w>0.65102637</w>
      <t>667</t>
    </point>
    <point>
      <x>0.285</x>
      <y>0.36833334</y>
      <w>0.65004885</w>
      <t>700</t>
    </point>
    <point>
      <x>0.28833333</x>
      <y>0.36833334</y>
      <w>0.65004885</w>
      <t>700</t>
    </point>
    <point>
      <x>0.29166666</x>
      <y>0.36666667</y>
      <w>0.65004885</w>
      <t>700</t>
    </point>
    <point>
      <x>0.295</x>
      <y>0.36666667</y>
      <w>0.65004885</w>
      <t>700</t>
    </point>
    <point>
      <x>0.29833335</x>
      <y>0.365</y>
      <w>0.6520039</w>
      <t>733</t>
    </point>
    <point>
      <x>0.30166668</x>
      <y>0.36333334</y>
      <w>0.6520039</w>
      <t>733</t>
    </point>
    <point>
      <x>0.305</x>
      <y>0.36166668</y>
      <w>0.6520039</w>
      <t>733</t>
    </point>
    <point>
      <x>0.30833334</x>
      <y>0.36</y>
      <w>0.6520039</w>
      <t>733</t>
    </point>
    <point>
      <x>0.31333333</x>
      <y>0.35833332</y>
      <w>0.6520039</w>
      <t>734</t>
    </point>
    <point>
      <x>0.31666666</x>
      <y>0.35666665</y>
      <w>0.6520039</w>
      <t>766</t>
    </point>
    <point>
      <x>0.32</x>
      <y>0.355</y>
      <w>0.6520039</w>
      <t>766</t>
    </point>
    <point>
      <x>0.32333332</x>
      <y>0.35333332</y>
      <w>0.6520039</w>
      <t>768</t>
    </point>
    <point>
      <x>0.32833335</x>
      <y>0.35166666</y>
      <w>0.6520039</w>
      <t>768</t>
    </point>
    <point>
      <x>0.33166668</x>
      <y>0.35</y>
      <w>0.6422287</w>
      <t>800</t>
    </point>
    <point>
      <x>0.335</x>
      <y>0.34833333</y>
      <w>0.6422287</w>
      <t>800</t>
    </point>
    <point>
      <x>0.33833334</x>
      <y>0.34666666</y>
      <w>0.6422287</w>
      <t>800</t>
    </point>
    <point>
      <x>0.34166667</x>
      <y>0.34333333</y>
      <w>0.6422287</w>
      <t>800</t>
    </point>
    <point>
      <x>0.345</x>
      <y>0.34166667</y>
      <w>0.6422287</w>
      <t>800</t>
    </point>
    <point>
      <x>0.34833333</x>
      <y>0.34</y>
      <w>0.627566</w>
      <t>833</t>
    </point>
    <point>
      <x>0.35166666</x>
      <y>0.33833334</y>
      <w>0.627566</w>
      <t>833</t>
    </point>
    <point>
      <x>0.355</x>
      <y>0.33666667</y>
      <w>0.627566</w>
      <t>833</t>
    </point>
    <point>
      <x>0.35833332</x>
      <y>0.335</y>
      <w>0.627566</w>
      <t>833</t>
    </point>
    <point>
      <x>0.36166668</x>
      <y>0.33333334</y>
      <w>0.59237534</w>
      <t>867</t>
    </point>
    <point>
      <x>0.365</x>
      <y>0.33</y>
      <w>0.59237534</w>
      <t>867</t>
    </point>
    <point>
      <x>0.36833334</x>
      <y>0.32833335</y>
      <w>0.59237534</w>
      <t>867</t>
    </point>
    <point>
      <x>0.37333333</x>
      <y>0.325</y>
      <w>0.59237534</w>
      <t>867</t>
    </point>
    <point>
      <x>0.37666667</x>
      <y>0.32333332</y>
      <w>0.59237534</w>
      <t>868</t>
    </point>
    <point>
      <x>0.38166666</x>
      <y>0.32</y>
      <w>0.53176934</w>
      <t>900</t>
    </point>
    <point>
      <x>0.385</x>
      <y>0.31833333</y>
      <w>0.53176934</w>
      <t>900</t>
    </point>
    <point>
      <x>0.39</x>
      <y>0.315</y>
      <w>0.53176934</w>
      <t>900</t>
    </point>
    <point>
      <x>0.39333335</x>
      <y>0.31333333</y>
      <w>0.53176934</w>
      <t>901</t>
    </point>
    <point>
      <x>0.39666668</x>
      <y>0.31</y>
      <w>0.47702834</w>
      <t>933</t>
    </point>
    <point>
      <x>0.4</x>
      <y>0.30833334</y>
      <w>0.47702834</w>
      <t>933</t>
    </point>
    <point>
      <x>0.40333334</x>
      <y>0.305</y>
      <w>0.47702834</w>
      <t>933</t>
    </point>
    <point>
      <x>0.405</x>
      <y>0.30333334</y>
      <w>0.47702834</w>
      <t>933</t>
    </point>
    <point>
      <x>0.40833333</x>
      <y>0.30166668</y>
      <w>0.47702834</w>
      <t>933</t>
    </point>
    <point>
      <x>0.41</x>
      <y>0.29833335</y>
      <w>0.4623656</w>
      <t>966</t>
    </point>
    <point>
      <x>0.41333333</x>
      <y>0.29666665</y>
      <w>0.4623656</w>
      <t>966</t>
    </point>
    <point>
      <x>0.415</x>
      <y>0.295</y>
      <w>0.4623656</w>
      <t>966</t>
    </point>
    <point>
      <x>0.41833332</x>
      <y>0.29333332</y>
      <w>0.4623656</w>
      <t>966</t>
    </point>
    <point>
      <x>0.42</x>
      <y>0.29</y>
      <w>0.4467253</w>
      <t>1000</t>
    </point>
    <point>
      <x>0.42166665</x>
      <y>0.28833333</y>
      <w>0.4467253</w>
      <t>1000</t>
    </point>
    <point>
      <x>0.42333335</x>
      <y>0.28666666</y>
      <w>0.4467253</w>
      <t>1000</t>
    </point>
    <point>
      <x>0.42666668</x>
      <y>0.28666666</y>
      <w>0.4467253</w>
      <t>1000</t>
    </point>
    <point>
      <x>0.42666668</x>
      <y>0.285</y>
      <w>0.43597263</w>
      <t>1033</t>
    </point>
    <point>
      <x>0.42833334</x>
      <y>0.28333333</y>
      <w>0.43597263</w>
      <t>1033</t>
    </point>
    <point>
      <x>0.43</x>
      <y>0.28166667</y>
      <w>0.43597263</w>
      <t>1033</t>
    </point>
    <point>
      <x>0.43</x>
      <y>0.28</y>
      <w>0.43597263</w>
      <t>1033</t>
    </point>
    <point>
      <x>0.43166667</x>
      <y>0.27833334</y>
      <w>0.38709676</w>
      <t>1067</t>
    </point>
    <point>
      <x>0.43166667</x>
      <y>0.27666667</y>
      <w>0.38709676</w>
      <t>1067</t>
    </point>
    <point>
      <x>0.43166667</x>
      <y>0.275</y>
      <w>0.38709676</w>
      <t>1067</t>
    </point>
    <point>
      <x>0.43166667</x>
      <y>0.27333334</y>
      <w>0.37536657</w>
      <t>1100</t>
    </point>
    <point>
      <x>0.43166667</x>
      <y>0.27166668</y>
      <w>0.37536657</w>
      <t>1100</t>
    </point>
    <point>
      <x>0.43</x>
      <y>0.27166668</y>
      <w>0.37536657</w>
      <t>1100</t>
    </point>
    <point>
      <x>0.43</x>
      <y>0.27</y>
      <w>0.33235583</w>
      <t>1133</t>
    </point>
    <point>
      <x>0.42833334</x>
      <y>0.27</y>
      <w>0.33235583</w>
      <t>1133</t>
    </point>
    <point>
      <x>0.42833334</x>
      <y>0.26833335</y>
      <w>0.33235583</w>
      <t>1133</t>
    </point>
    <point>
      <x>0.42666668</x>
      <y>0.26833335</y>
      <w>0.33235583</w>
      <t>1133</t>
    </point>
    <point>
      <x>0.425</x>
      <y>0.26833335</y>
      <w>0.32746822</w>
      <t>1168</t>
    </point>
    <point>
      <x>0.42333335</x>
      <y>0.26833335</y>
      <w>0.32746822</w>
      <t>1168</t>
    </point>
    <point>
      <x>0.42166665</x>
      <y>0.26833335</y>
      <w>0.32746822</w>
      <t>1168</t>
    </point>
    <point>
      <x>0.42</x>
      <y>0.26833335</y>
      <w>0.32746822</w>
      <t>1168</t>
    </point>
    <point>
      <x>0.41833332</x>
      <y>0.26833335</y>
      <w>0.32746822</w>
      <t>1168</t>
    </point>
    <point>
      <x>0.41666666</x>
      <y>0.26833335</y>
      <w>0.32746822</w>
      <t>1200</t>
    </point>
    <point>
      <x>0.415</x>
      <y>0.26833335</y>
      <w>0.32746822</w>
      <t>1200</t>
    </point>
    <point>
      <x>0.41333333</x>
      <y>0.26833335</y>
      <w>0.32746822</w>
      <t>1200</t>
    </point>
    <point>
      <x>0.41</x>
      <y>0.26833335</y>
      <w>0.32746822</w>
      <t>1200</t>
    </point>
    <point>
      <x>0.40833333</x>
      <y>0.26833335</y>
      <w>0.3313783</w>
      <t>1234</t>
    </point>
    <point>
      <x>0.40666667</x>
      <y>0.26833335</y>
      <w>0.3313783</w>
      <t>1234</t>
    </point>
    <point>
      <x>0.40333334</x>
      <y>0.27</y>
      <w>0.3313783</w>
      <t>1234</t>
    </point>
    <point>
      <x>0.40166667</x>
      <y>0.27</y>
      <w>0.3313783</w>
      <t>1234</t>
    </point>
    <point>
      <x>0.4</x>
      <y>0.27</y>
      <w>0.3313783</w>
      <t>1234</t>
    </point>
    <point>
      <x>0.39833334</x>
      <y>0.27166668</y>
      <w>0.34604105</w>
      <t>1267</t>
    </point>
    <point>
      <x>0.39666668</x>
      <y>0.27166668</y>
      <w>0.34604105</w>
      <t>1267</t>
    </point>
    <point>
      <x>0.395</x>
      <y>0.27333334</y>
      <w>0.34604105</w>
      <t>1267</t>
    </point>
    <point>
      <x>0.39333335</x>
      <y>0.275</y>
      <w>0.3489736</w>
      <t>1301</t>
    </point>
    <point>
      <x>0.39166668</x>
      <y>0.275</y>
      <w>0.3489736</w>
      <t>1301</t>
    </point>
    <point>
      <x>0.39166668</x>
      <y>0.27666667</y>
      <w>0.3489736</w>
      <t>1301</t>
    </point>
    <point>
      <x>0.39</x>
      <y>0.27833334</y>
      <w>0.3489736</w>
      <t>1301</t>
    </point>
    <point>
      <x>0.38666666</x>
      <y>0.28</y>
      <w>0.39198437</w>
      <t>1334</t>
    </point>
    <point>
      <x>0.385</x>
      <y>0.28166667</y>
      <w>0.39198437</w>
      <t>1334</t>
    </point>
    <point>
      <x>0.38333333</x>
      <y>0.28333333</y>
      <w>0.39198437</w>
      <t>1334</t>
    </point>
    <point>
      <x>0.38166666</x>
      <y>0.28666666</y>
      <w>0.39198437</w>
      <t>1334</t>
    </point>
    <point>
      <x>0.38</x>
      <y>0.28833333</y>
      <w>0.39198437</w>
      <t>1334</t>
    </point>
    <point>
      <x>0.37833333</x>
      <y>0.29</y>
      <w>0.43792766</w>
      <t>1367</t>
    </point>
    <point>
      <x>0.37666667</x>
      <y>0.29166666</y>
      <w>0.43792766</w>
      <t>1367</t>
    </point>
    <point>
      <x>0.375</x>
      <y>0.29333332</y>
      <w>0.43792766</w>
      <t>1367</t>
    </point>
    <point>
      <x>0.37333333</x>
      <y>0.29333332</y>
      <w>0.43792766</w>
      <t>1367</t>
    </point>
    <point>
      <x>0.37166667</x>
      <y>0.295</y>
      <w>0.4740958</w>
      <t>1400</t>
    </point>
    <point>
      <x>0.37166667</x>
      <y>0.29666665</y>
      <w>0.4740958</w>
      <t>1400</t>
    </point>
    <point>
      <x>0.37</x>
      <y>0.29833335</y>
      <w>0.4740958</w>
      <t>1400</t>
    </point>
    <point>
      <x>0.37</x>
      <y>0.3</y>
      <w>0.4740958</w>
      <t>1400</t>
    </point>
    <point>
      <x>0.36833334</x>
      <y>0.30166668</y>
      <w>0.4740958</w>
      <t>1400</t>
    </point>
    <point>
      <x>0.36833334</x>
      <y>0.30333334</y>
      <w>0.50635386</w>
      <t>1434</t>
    </point>
    <point>
      <x>0.36666667</x>
      <y>0.305</y>
      <w>0.50635386</w>
      <t>1434</t>
    </point>
    <point>
      <x>0.36666667</x>
      <y>0.30666667</y>
      <w>0.50635386</w>
      <t>1434</t>
    </point>
    <point>
      <x>0.36666667</x>
      <y>0.30833334</y>
      <w>0.50635386</w>
      <t>1434</t>
    </point>
    <point>
      <x>0.365</x>
      <y>0.31166667</y>
      <w>0.53861195</w>
      <t>1467</t>
    </point>
    <point>
      <x>0.365</x>
      <y>0.31333333</y>
      <w>0.53861195</w>
      <t>1467</t>
    </point>
    <point>
      <x>0.36333334</x>
      <y>0.31666666</y>
      <w>0.53861195</w>
      <t>1467</t>
    </point>
    <point>
      <x>0.36333334</x>
      <y>0.32</y>
      <w>0.53861195</w>
      <t>1467</t>
    </point>
    <point>
      <x>0.36333334</x>
      <y>0.32333332</y>
      <w>0.53861195</w>
      <t>1467</t>
    </point>
    <point>
      <x>0.36166668</x>
      <y>0.32666665</y>
      <w>0.5659824</w>
      <t>1500</t>
    </point>
    <point>
      <x>0.36166668</x>
      <y>0.33</y>
      <w>0.5659824</w>
      <t>1500</t>
    </point>
    <point>
      <x>0.36166668</x>
      <y>0.33333334</y>
      <w>0.5659824</w>
      <t>1500</t>
    </point>
    <point>
      <x>0.36</x>
      <y>0.33666667</y>
      <w>0.5659824</w>
      <t>1500</t>
    </point>
    <point>
      <x>0.36</x>
      <y>0.34</y>
      <w>0.5904203</w>
      <t>1534</t>
    </point>
    <point>
      <x>0.36</x>
      <y>0.345</y>
      <w>0.5904203</w>
      <t>1534</t>
    </point>
    <point>
      <x>0.35833332</x>
      <y>0.34833333</y>
      <w>0.5904203</w>
      <t>1534</t>
    </point>
    <point>
      <x>0.35833332</x>
      <y>0.35333332</y>
      <w>0.5904203</w>
      <t>1534</t>
    </point>
    <point>
      <x>0.35833332</x>
      <y>0.35833332</y>
      <w>0.5904203</w>
      <t>1534</t>
    </point>
    <point>
      <x>0.35833332</x>
      <y>0.36333334</y>
      <w>0.6236559</w>
      <t>1567</t>
    </point>
    <point>
      <x>0.35833332</x>
      <y>0.36833334</y>
      <w>0.6236559</w>
      <t>1567</t>
    </point>
    <point>
      <x>0.35833332</x>
      <y>0.37333333</y>
      <w>0.6236559</w>
      <t>1567</t>
    </point>
    <point>
      <x>0.35666665</x>
      <y>0.37666667</y>
      <w>0.6236559</w>
      <t>1567</t>
    </point>
    <point>
      <x>0.35666665</x>
      <y>0.38166666</y>
      <w>0.6344086</w>
      <t>1601</t>
    </point>
    <point>
      <x>0.35666665</x>
      <y>0.38666666</y>
      <w>0.6344086</w>
      <t>1601</t>
    </point>
    <point>
      <x>0.35666665</x>
      <y>0.39166668</y>
      <w>0.6344086</w>
      <t>1601</t>
    </point>
    <point>
      <x>0.35666665</x>
      <y>0.39666668</y>
      <w>0.6344086</w>
      <t>1601</t>
    </point>
    <point>
      <x>0.35666665</x>
      <y>0.40166667</y>
      <w>0.6471163</w>
      <t>1634</t>
    </point>
    <point>
      <x>0.35666665</x>
      <y>0.40666667</y>
      <w>0.6471163</w>
      <t>1634</t>
    </point>
    <point>
      <x>0.35666665</x>
      <y>0.41333333</y>
      <w>0.6471163</w>
      <t>1634</t>
    </point>
    <point>
      <x>0.35666665</x>
      <y>0.42</y>
      <w>0.6471163</w>
      <t>1634</t>
    </point>
    <point>
      <x>0.35666665</x>
      <y>0.425</y>
      <w>0.6471163</w>
      <t>1634</t>
    </point>
    <point>
      <x>0.35666665</x>
      <y>0.43166667</y>
      <w>0.65884656</w>
      <t>1667</t>
    </point>
    <point>
      <x>0.355</x>
      <y>0.43833333</y>
      <w>0.65884656</w>
      <t>1667</t>
    </point>
    <point>
      <x>0.355</x>
      <y>0.44333333</y>
      <w>0.65884656</w>
      <t>1667</t>
    </point>
    <point>
      <x>0.355</x>
      <y>0.45</y>
      <w>0.65884656</w>
      <t>1667</t>
    </point>
    <point>
      <x>0.355</x>
      <y>0.455</y>
      <w>0.6598241</w>
      <t>1700</t>
    </point>
    <point>
      <x>0.355</x>
      <y>0.46166667</y>
      <w>0.6598241</w>
      <t>1700</t>
    </point>
    <point>
      <x>0.355</x>
      <y>0.46833333</y>
      <w>0.6598241</w>
      <t>1700</t>
    </point>
    <point>
      <x>0.355</x>
      <y>0.475</y>
      <w>0.6598241</w>
      <t>1700</t>
    </point>
    <point>
      <x>0.355</x>
      <y>0.48333332</y>
      <w>0.6598241</w>
      <t>1700</t>
    </point>
    <point>
      <x>0.355</x>
      <y>0.49166667</y>
      <w>0.6598241</w>
      <t>1734</t>
    </point>
    <point>
      <x>0.355</x>
      <y>0.5</y>
      <w>0.6598241</w>
      <t>1734</t>
    </point>
    <point>
      <x>0.355</x>
      <y>0.5083333</y>
      <w>0.6598241</w>
      <t>1734</t>
    </point>
    <point>
      <x>0.355</x>
      <y>0.51666665</y>
      <w>0.6598241</w>
      <t>1734</t>
    </point>
    <point>
      <x>0.355</x>
      <y>0.5233333</y>
      <w>0.6608016</w>
      <t>1767</t>
    </point>
    <point>
      <x>0.355</x>
      <y>0.53</y>
      <w>0.6608016</w>
      <t>1767</t>
    </point>
    <point>
      <x>0.355</x>
      <y>0.5366667</y>
      <w>0.6608016</w>
      <t>1767</t>
    </point>
    <point>
      <x>0.355</x>
      <y>0.54333335</y>
      <w>0.6608016</w>
      <t>1767</t>
    </point>
    <point>
      <x>0.355</x>
      <y>0.55</y>
      <w>0.6608016</w>
      <t>1801</t>
    </point>
    <point>
      <x>0.355</x>
      <y>0.5566667</y>
      <w>0.6608016</w>
      <t>1801</t>
    </point>
    <point>
      <x>0.355</x>
      <y>0.565</y>
      <w>0.6608016</w>
      <t>1801</t>
    </point>
    <point>
      <x>0.355</x>
      <y>0.5733333</y>
      <w>0.6608016</w>
      <t>1801</t>
    </point>
    <point>
      <x>0.355</x>
      <y>0.58166665</y>
      <w>0.6608016</w>
      <t>1801</t>
    </point>
    <point>
      <x>0.355</x>
      <y>0.59</y>
      <w>0.6598241</w>
      <t>1834</t>
    </point>
    <point>
      <x>0.355</x>
      <y>0.59833336</y>
      <w>0.6598241</w>
      <t>1834</t>
    </point>
    <point>
      <x>0.355</x>
      <y>0.6066667</y>
      <w>0.6598241</w>
      <t>1834</t>
    </point>
    <point>
      <x>0.355</x>
      <y>0.615</y>
      <w>0.6598241</w>
      <t>1834</t>
    </point>
    <point>
      <x>0.355</x>
      <y>0.62166667</y>
      <w>0.6598241</w>
      <t>1834</t>
    </point>
    <point>
      <x>0.355</x>
      <y>0.62833333</y>
      <w>0.6598241</w>
      <t>1867</t>
    </point>
    <point>
      <x>0.355</x>
      <y>0.635</y>
      <w>0.6598241</w>
      <t>1867</t>
    </point>
    <point>
      <x>0.35666665</x>
      <y>0.64166665</y>
      <w>0.6598241</w>
      <t>1867</t>
    </point>
    <point>
      <x>0.35666665</x>
      <y>0.6483333</y>
      <w>0.6598241</w>
      <t>1867</t>
    </point>
    <point>
      <x>0.35833332</x>
      <y>0.6533333</y>
      <w>0.65884656</w>
      <t>1901</t>
    </point>
    <point>
      <x>0.35833332</x>
      <y>0.6616667</y>
      <w>0.65884656</w>
      <t>1901</t>
    </point>
    <point>
      <x>0.35833332</x>
      <y>0.66833335</y>
      <w>0.65884656</w>
      <t>1901</t>
    </point>
    <point>
      <x>0.35833332</x>
      <y>0.6766667</y>
      <w>0.65884656</w>
      <t>1901</t>
    </point>
    <point>
      <x>0.36</x>
      <y>0.685</y>
      <w>0.65884656</w>
      <t>1934</t>
    </point>
    <point>
      <x>0.36</x>
      <y>0.6933333</y>
      <w>0.65884656</w>
      <t>1934</t>
    </point>
    <point>
      <x>0.36</x>
      <y>0.7</y>
      <w>0.65884656</w>
      <t>1934</t>
    </point>
    <point>
      <x>0.36</x>
      <y>0.7083333</y>
      <w>0.65884656</w>
      <t>1934</t>
    </point>
    <point>
      <x>0.36</x>
      <y>0.715</y>
      <w>0.65884656</w>
      <t>1934</t>
    </point>
    <point>
      <x>0.36</x>
      <y>0.72333336</y>
      <w>0.65786904</w>
      <t>1967</t>
    </point>
    <point>
      <x>0.36</x>
      <y>0.73</y>
      <w>0.65786904</w>
      <t>1967</t>
    </point>
    <point>
      <x>0.36166668</x>
      <y>0.7366667</y>
      <w>0.65786904</w>
      <t>1967</t>
    </point>
    <point>
      <x>0.36166668</x>
      <y>0.745</y>
      <w>0.65786904</w>
      <t>1967</t>
    </point>
    <point>
      <x>0.36333334</x>
      <y>0.75166667</y>
      <w>0.65493643</w>
      <t>2001</t>
    </point>
    <point>
      <x>0.365</x>
      <y>0.7583333</y>
      <w>0.65493643</w>
      <t>2001</t>
    </point>
    <point>
      <x>0.365</x>
      <y>0.7633333</y>
      <w>0.65493643</w>
      <t>2001</t>
    </point>
    <point>
      <x>0.36666667</x>
      <y>0.77</y>
      <w>0.65493643</w>
      <t>2001</t>
    </point>
    <point>
      <x>0.36666667</x>
      <y>0.77666664</y>
      <w>0.65493643</w>
      <t>2001</t>
    </point>
    <point>
      <x>0.36666667</x>
      <y>0.7816667</y>
      <w>0.6480938</w>
      <t>2034</t>
    </point>
    <point>
      <x>0.36833334</x>
      <y>0.7866667</y>
      <w>0.6480938</w>
      <t>2034</t>
    </point>
    <point>
      <x>0.36833334</x>
      <y>0.7916667</y>
      <w>0.6480938</w>
      <t>2034</t>
    </point>
    <point>
      <x>0.36833334</x>
      <y>0.795</y>
      <w>0.6480938</w>
      <t>2034</t>
    </point>
    <point>
      <x>0.36833334</x>
      <y>0.79833335</y>
      <w>0.6304985</w>
      <t>2067</t>
    </point>
    <point>
      <x>0.36833334</x>
      <y>0.8016667</y>
      <w>0.6304985</w>
      <t>2067</t>
    </point>
    <point>
      <x>0.36666667</x>
      <y>0.80333334</y>
      <w>0.6304985</w>
      <t>2067</t>
    </point>
    <point>
      <x>0.36666667</x>
      <y>0.8066667</y>
      <w>0.6304985</w>
      <t>2067</t>
    </point>
    <point>
      <x>0.36666667</x>
      <y>0.80833334</y>
      <w>0.6304985</w>
      <t>2067</t>
    </point>
    <point>
      <x>0.365</x>
      <y>0.81</y>
      <w>0.6217009</w>
      <t>2100</t>
    </point>
    <point>
      <x>0.365</x>
      <y>0.81166667</y>
      <w>0.6217009</w>
      <t>2100</t>
    </point>
    <point>
      <x>0.365</x>
      <y>0.81333333</y>
      <w>0.6217009</w>
      <t>2100</t>
    </point>
    <point>
      <x>0.36333334</x>
      <y>0.81333333</y>
      <w>0.6217009</w>
      <t>2100</t>
    </point>
    <point>
      <x>0.36333334</x>
      <y>0.815</y>
      <w>0.6177908</w>
      <t>2134</t>
    </point>
    <point>
      <x>0.36166668</x>
      <y>0.81666666</y>
      <w>0.5845552</w>
      <t>2167</t>
    </point>
    <point>
      <x>0.36</x>
      <y>0.81666666</y>
      <w>0.5845552</w>
      <t>2167</t>
    </point>
    <point>
      <x>0.35833332</x>
      <y>0.81666666</y>
      <w>0.5650049</w>
      <t>2201</t>
    </point>
    <point>
      <x>0.35666665</x>
      <y>0.8183333</y>
      <w>0.5650049</w>
      <t>2201</t>
    </point>
    <point>
      <x>0.355</x>
      <y>0.8183333</y>
      <w>0.5650049</w>
      <t>2201</t>
    </point>
    <point>
      <x>0.35166666</x>
      <y>0.8183333</y>
      <w>0.5650049</w>
      <t>2201</t>
    </point>
    <point>
      <x>0.35</x>
      <y>0.8183333</y>
      <w>0.51710653</w>
      <t>2234</t>
    </point>
    <point>
      <x>0.34666666</x>
      <y>0.8183333</y>
      <w>0.51710653</w>
      <t>2234</t>
    </point>
    <point>
      <x>0.34333333</x>
      <y>0.8183333</y>
      <w>0.51710653</w>
      <t>2234</t>
    </point>
    <point>
      <x>0.34</x>
      <y>0.81666666</y>
      <w>0.51710653</w>
      <t>2234</t>
    </point>
    <point>
      <x>0.33833334</x>
      <y>0.815</y>
      <w>0.51710653</w>
      <t>2234</t>
    </point>
    <point>
      <x>0.335</x>
      <y>0.81333333</y>
      <w>0.47800586</w>
      <t>2267</t>
    </point>
    <point>
      <x>0.33166668</x>
      <y>0.81333333</y>
      <w>0.47800586</w>
      <t>2267</t>
    </point>
    <point>
      <x>0.32833335</x>
      <y>0.81166667</y>
      <w>0.47800586</w>
      <t>2267</t>
    </point>
    <point>
      <x>0.325</x>
      <y>0.81</y>
      <w>0.47800586</w>
      <t>2267</t>
    </point>
    <point>
      <x>0.32</x>
      <y>0.80833334</y>
      <w>0.47800586</w>
      <t>2300</t>
    </point>
    <point>
      <x>0.31666666</x>
      <y>0.8066667</y>
      <w>0.47800586</w>
      <t>2300</t>
    </point>
    <point>
      <x>0.31166667</x>
      <y>0.805</y>
      <w>0.47800586</w>
      <t>2300</t>
    </point>
    <point>
      <x>0.30666667</x>
      <y>0.80333334</y>
      <w>0.47800586</w>
      <t>2300</t>
    </point>
    <point>
      <x>0.30166668</x>
      <y>0.8</y>
      <w>0.47800586</w>
      <t>2300</t>
    </point>
    <point>
      <x>0.29666665</x>
      <y>0.79833335</y>
      <w>0.47605082</w>
      <t>2334</t>
    </point>
    <point>
      <x>0.29166666</x>
      <y>0.79333335</y>
      <w>0.47605082</w>
      <t>2334</t>
    </point>
    <point>
      <x>0.28666666</x>
      <y>0.79</y>
      <w>0.47605082</w>
      <t>2334</t>
    </point>
    <point>
      <x>0.28166667</x>
      <y>0.7866667</y>
      <w>0.47605082</w>
      <t>2334</t>
    </point>
    <point>
      <x>0.27666667</x>
      <y>0.7816667</y>
      <w>0.42521995</w>
      <t>2367</t>
    </point>
    <point>
      <x>0.27333334</x>
      <y>0.7783333</y>
      <w>0.42521995</w>
      <t>2367</t>
    </point>
    <point>
      <x>0.27</x>
      <y>0.775</y>
      <w>0.42521995</w>
      <t>2367</t>
    </point>
    <point>
      <x>0.265</x>
      <y>0.77166665</y>
      <w>0.42521995</w>
      <t>2367</t>
    </point>
    <point>
      <x>0.26166666</x>
      <y>0.7683333</y>
      <w>0.3900293</w>
      <t>2401</t>
    </point>
    <point>
      <x>0.25833333</x>
      <y>0.765</y>
      <w>0.3900293</w>
      <t>2401</t>
    </point>
    <point>
      <x>0.25333333</x>
      <y>0.76</y>
      <w>0.3900293</w>
      <t>2401</t>
    </point>
    <point>
      <x>0.25</x>
      <y>0.755</y>
      <w>0.3900293</w>
      <t>2401</t>
    </point>
    <point>
      <x>0.245</x>
      <y>0.74833333</y>
      <w>0.3900293</w>
      <t>2401</t>
    </point>
    <point>
      <x>0.24166666</x>
      <y>0.7416667</y>
      <w>0.3372434</w>
      <t>2434</t>
    </point>
    <point>
      <x>0.23833333</x>
      <y>0.735</y>
      <w>0.3372434</w>
      <t>2434</t>
    </point>
    <point>
      <x>0.235</x>
      <y>0.72833335</y>
      <w>0.3372434</w>
      <t>2434</t>
    </point>
    <point>
      <x>0.23333333</x>
      <y>0.72</y>
      <w>0.3372434</w>
      <t>2434</t>
    </point>
    <point>
      <x>0.23</x>
      <y>0.7133333</y>
      <w>0.3372434</w>
      <t>2434</t>
    </point>
    <point>
      <x>0.22833334</x>
      <y>0.705</y>
      <w>0.2922776</w>
      <t>2467</t>
    </point>
    <point>
      <x>0.22666667</x>
      <y>0.6983333</y>
      <w>0.2922776</w>
      <t>2467</t>
    </point>
    <point>
      <x>0.225</x>
      <y>0.69</y>
      <w>0.2922776</w>
      <t>2467</t>
    </point>
    <point>
      <x>0.22333333</x>
      <y>0.6816667</y>
      <w>0.2922776</w>
      <t>2467</t>
    </point>
    <point>
      <x>0.22166666</x>
      <y>0.67333335</y>
      <w>0.24731183</w>
      <t>2501</t>
    </point>
    <point>
      <x>0.22166666</x>
      <y>0.665</y>
      <w>0.24731183</w>
      <t>2501</t>
    </point>
    <point>
      <x>0.22</x>
      <y>0.65833336</y>
      <w>0.24731183</w>
      <t>2501</t>
    </point>
    <point>
      <x>0.22</x>
      <y>0.65</y>
      <w>0.24731183</w>
      <t>2501</t>
    </point>
    <point>
      <x>0.22</x>
      <y>0.64166665</y>
      <w>0.24340177</w>
      <t>2534</t>
    </point>
    <point>
      <x>0.22</x>
      <y>0.635</y>
      <w>0.24340177</w>
      <t>2534</t>
    </point>
    <point>
      <x>0.22</x>
      <y>0.62833333</y>
      <w>0.24340177</w>
      <t>2534</t>
    </point>
    <point>
      <x>0.22166666</x>
      <y>0.62</y>
      <w>0.24340177</w>
      <t>2534</t>
    </point>
    <point>
      <x>0.22333333</x>
      <y>0.61333334</y>
      <w>0.24340177</w>
      <t>2534</t>
    </point>
    <point>
      <x>0.225</x>
      <y>0.6066667</y>
      <w>0.24731183</w>
      <t>2567</t>
    </point>
    <point>
      <x>0.22666667</x>
      <y>0.59833336</y>
      <w>0.24731183</w>
      <t>2567</t>
    </point>
    <point>
      <x>0.22833334</x>
      <y>0.59166664</y>
      <w>0.24731183</w>
      <t>2567</t>
    </point>
    <point>
      <x>0.23</x>
      <y>0.585</y>
      <w>0.24731183</w>
      <t>2567</t>
    </point>
    <point>
      <x>0.23166667</x>
      <y>0.5783333</y>
      <w>0.24731183</w>
      <t>2601</t>
    </point>
    <point>
      <x>0.235</x>
      <y>0.57166666</y>
      <w>0.24731183</w>
      <t>2601</t>
    </point>
    <point>
      <x>0.23666666</x>
      <y>0.56666666</y>
      <w>0.24731183</w>
      <t>2601</t>
    </point>
    <point>
      <x>0.24</x>
      <y>0.56</y>
      <w>0.24731183</w>
      <t>2601</t>
    </point>
    <point>
      <x>0.24333334</x>
      <y>0.555</y>
      <w>0.24731183</w>
      <t>2601</t>
    </point>
    <point>
      <x>0.24666667</x>
      <y>0.5516667</y>
      <w>0.2580645</w>
      <t>2634</t>
    </point>
    <point>
      <x>0.24833333</x>
      <y>0.5466667</y>
      <w>0.2580645</w>
      <t>2634</t>
    </point>
    <point>
      <x>0.25166667</x>
      <y>0.5416667</y>
      <w>0.2580645</w>
      <t>2634</t>
    </point>
    <point>
      <x>0.255</x>
      <y>0.53833336</y>
      <w>0.2580645</w>
      <t>2634</t>
    </point>
    <point>
      <x>0.25833333</x>
      <y>0.53333336</y>
      <w>0.26197457</w>
      <t>2667</t>
    </point>
    <point>
      <x>0.26166666</x>
      <y>0.53</y>
      <w>0.26197457</w>
      <t>2667</t>
    </point>
    <point>
      <x>0.265</x>
      <y>0.52666664</y>
      <w>0.26197457</w>
      <t>2667</t>
    </point>
    <point>
      <x>0.26666668</x>
      <y>0.525</y>
      <w>0.26197457</w>
      <t>2667</t>
    </point>
    <point>
      <x>0.27</x>
      <y>0.52166665</y>
      <w>0.2580645</w>
      <t>2701</t>
    </point>
    <point>
      <x>0.27333334</x>
      <y>0.52</y>
      <w>0.2580645</w>
      <t>2701</t>
    </point>
    <point>
      <x>0.27666667</x>
      <y>0.5183333</y>
      <w>0.2580645</w>
      <t>2701</t>
    </point>
    <point>
      <x>0.28</x>
      <y>0.51666665</y>
      <w>0.2580645</w>
      <t>2701</t>
    </point>
    <point>
      <x>0.28333333</x>
      <y>0.51666665</y>
      <w>0.2580645</w>
      <t>2701</t>
    </point>
    <point>
      <x>0.285</x>
      <y>0.51666665</y>
      <w>0.26588467</w>
      <t>2734</t>
    </point>
    <point>
      <x>0.28833333</x>
      <y>0.51666665</y>
      <w>0.26588467</w>
      <t>2734</t>
    </point>
    <point>
      <x>0.29</x>
      <y>0.51666665</y>
      <w>0.26588467</w>
      <t>2734</t>
    </point>
    <point>
      <x>0.29166666</x>
      <y>0.51666665</y>
      <w>0.26588467</w>
      <t>2734</t>
    </point>
    <point>
      <x>0.29333332</x>
      <y>0.51666665</y>
      <w>0.26588467</w>
      <t>2734</t>
    </point>
    <point>
      <x>0.295</x>
      <y>0.5183333</y>
      <w>0.285435</w>
      <t>2767</t>
    </point>
    <point>
      <x>0.295</x>
      <y>0.52</y>
      <w>0.285435</w>
      <t>2767</t>
    </point>
    <point>
      <x>0.29666665</x>
      <y>0.52166665</y>
      <w>0.285435</w>
      <t>2767</t>
    </point>
    <point>
      <x>0.29833335</x>
      <y>0.525</y>
      <w>0.285435</w>
      <t>2767</t>
    </point>
    <point>
      <x>0.3</x>
      <y>0.52666664</y>
      <w>0.30400783</w>
      <t>2800</t>
    </point>
    <point>
      <x>0.30166668</x>
      <y>0.5283333</y>
      <w>0.30400783</w>
      <t>2800</t>
    </point>
    <point>
      <x>0.30166668</x>
      <y>0.53</y>
      <w>0.30400783</w>
      <t>2800</t>
    </point>
    <point>
      <x>0.30333334</x>
      <y>0.5316667</y>
      <w>0.30400783</w>
      <t>2800</t>
    </point>
    <point>
      <x>0.30333334</x>
      <y>0.53333336</y>
      <w>0.3264907</w>
      <t>2834</t>
    </point>
    <point>
      <x>0.305</x>
      <y>0.5366667</y>
      <w>0.3264907</w>
      <t>2834</t>
    </point>
    <point>
      <x>0.305</x>
      <y>0.53833336</y>
      <w>0.3264907</w>
      <t>2834</t>
    </point>
    <point>
      <x>0.305</x>
      <y>0.54</y>
      <w>0.3264907</w>
      <t>2834</t>
    </point>
    <point>
      <x>0.30666667</x>
      <y>0.54333335</y>
      <w>0.3264907</w>
      <t>2834</t>
    </point>
    <point>
      <x>0.30666667</x>
      <y>0.545</y>
      <w>0.35092863</w>
      <t>2867</t>
    </point>
    <point>
      <x>0.30666667</x>
      <y>0.54833335</y>
      <w>0.35092863</w>
      <t>2867</t>
    </point>
    <point>
      <x>0.30666667</x>
      <y>0.5516667</y>
      <w>0.35092863</w>
      <t>2867</t>
    </point>
    <point>
      <x>0.30666667</x>
      <y>0.555</y>
      <w>0.35092863</w>
      <t>2867</t>
    </point>
    <point>
      <x>0.30666667</x>
      <y>0.55833334</y>
      <w>0.37243402</w>
      <t>2900</t>
    </point>
    <point>
      <x>0.30666667</x>
      <y>0.56166667</y>
      <w>0.37243402</w>
      <t>2900</t>
    </point>
    <point>
      <x>0.30666667</x>
      <y>0.565</y>
      <w>0.37243402</w>
      <t>2900</t>
    </point>
    <point>
      <x>0.30666667</x>
      <y>0.5683333</y>
      <w>0.37243402</w>
      <t>2900</t>
    </point>
    <point>
      <x>0.30666667</x>
      <y>0.57166666</y>
      <w>0.37243402</w>
      <t>2900</t>
    </point>
    <point>
      <x>0.30666667</x>
      <y>0.57666665</y>
      <w>0.41055718</w>
      <t>2934</t>
    </point>
    <point>
      <x>0.30666667</x>
      <y>0.58</y>
      <w>0.41055718</w>
      <t>2934</t>
    </point>
    <point>
      <x>0.30666667</x>
      <y>0.5833333</y>
      <w>0.41055718</w>
      <t>2934</t>
    </point>
    <point>
      <x>0.30666667</x>
      <y>0.58666664</y>
      <w>0.41055718</w>
      <t>2934</t>
    </point>
    <point>
      <x>0.30666667</x>
      <y>0.59</y>
      <w>0.4340176</w>
      <t>2968</t>
    </point>
    <point>
      <x>0.30666667</x>
      <y>0.5933333</y>
      <w>0.4340176</w>
      <t>2968</t>
    </point>
    <point>
      <x>0.30666667</x>
      <y>0.5966667</y>
      <w>0.4340176</w>
      <t>2968</t>
    </point>
    <point>
      <x>0.30666667</x>
      <y>0.59833336</y>
      <w>0.4340176</w>
      <t>2968</t>
    </point>
    <point>
      <x>0.30666667</x>
      <y>0.6016667</y>
      <w>0.4340176</w>
      <t>2968</t>
    </point>
    <point>
      <x>0.30666667</x>
      <y>0.60333335</y>
      <w>0.4633431</w>
      <t>3001</t>
    </point>
    <point>
      <x>0.30666667</x>
      <y>0.605</y>
      <w>0.4633431</w>
      <t>3001</t>
    </point>
    <point>
      <x>0.30666667</x>
      <y>0.6066667</y>
      <w>0.4633431</w>
      <t>3001</t>
    </point>
    <point>
      <x>0.30666667</x>
      <y>0.60833335</y>
      <w>0.4633431</w>
      <t>3001</t>
    </point>
    <point>
      <x>0.30666667</x>
      <y>0.61</y>
      <w>0.47605082</w>
      <t>3034</t>
    </point>
    <point>
      <x>0.30833334</x>
      <y>0.6116667</y>
      <w>0.47605082</w>
      <t>3034</t>
    </point>
    <point>
      <x>0.31</x>
      <y>0.6116667</y>
      <w>0.4750733</w>
      <t>3067</t>
    </point>
    <point>
      <x>0.31166667</x>
      <y>0.61333334</y>
      <w>0.47214076</w>
      <t>3100</t>
    </point>
    <point>
      <x>0.31333333</x>
      <y>0.61333334</y>
      <w>0.47214076</w>
      <t>3100</t>
    </point>
    <point>
      <x>0.315</x>
      <y>0.61333334</y>
      <w>0.48191592</w>
      <t>3134</t>
    </point>
    <point>
      <x>0.31666666</x>
      <y>0.61333334</y>
      <w>0.48191592</w>
      <t>3134</t>
    </point>
    <point>
      <x>0.31833333</x>
      <y>0.61333334</y>
      <w>0.48191592</w>
      <t>3134</t>
    </point>
    <point>
      <x>0.32</x>
      <y>0.6116667</y>
      <w>0.48191592</w>
      <t>3167</t>
    </point>
    <point>
      <x>0.32166666</x>
      <y>0.61</y>
      <w>0.48191592</w>
      <t>3167</t>
    </point>
    <point>
      <x>0.32333332</x>
      <y>0.61</y>
      <w>0.48191592</w>
      <t>3167</t>
    </point>
    <point>
      <x>0.325</x>
      <y>0.60833335</y>
      <w>0.48191592</w>
      <t>3167</t>
    </point>
    <point>
      <x>0.32833335</x>
      <y>0.605</y>
      <w>0.48191592</w>
      <t>3201</t>
    </point>
    <point>
      <x>0.33</x>
      <y>0.60333335</y>
      <w>0.48191592</w>
      <t>3201</t>
    </point>
    <point>
      <x>0.33166668</x>
      <y>0.6016667</y>
      <w>0.48191592</w>
      <t>3201</t>
    </point>
    <point>
      <x>0.33333334</x>
      <y>0.6</y>
      <w>0.48191592</w>
      <t>3201</t>
    </point>
    <point>
      <x>0.335</x>
      <y>0.59833336</y>
      <w>0.4809384</w>
      <t>3234</t>
    </point>
    <point>
      <x>0.33666667</x>
      <y>0.5966667</y>
      <w>0.4809384</w>
      <t>3234</t>
    </point>
    <point>
      <x>0.33833334</x>
      <y>0.5933333</y>
      <w>0.4809384</w>
      <t>3234</t>
    </point>
    <point>
      <x>0.34</x>
      <y>0.59166664</y>
      <w>0.4809384</w>
      <t>3234</t>
    </point>
    <point>
      <x>0.34166667</x>
      <y>0.5883333</y>
      <w>0.4692082</w>
      <t>3267</t>
    </point>
    <point>
      <x>0.34333333</x>
      <y>0.58666664</y>
      <w>0.4692082</w>
      <t>3267</t>
    </point>
    <point>
      <x>0.345</x>
      <y>0.5833333</y>
      <w>0.4692082</w>
      <t>3267</t>
    </point>
    <point>
      <x>0.34666666</x>
      <y>0.58</y>
      <w>0.4692082</w>
      <t>3267</t>
    </point>
    <point>
      <x>0.35</x>
      <y>0.57666665</y>
      <w>0.45747802</w>
      <t>3301</t>
    </point>
    <point>
      <x>0.35166666</x>
      <y>0.5733333</y>
      <w>0.45747802</w>
      <t>3301</t>
    </point>
    <point>
      <x>0.35333332</x>
      <y>0.57</y>
      <w>0.45747802</w>
      <t>3301</t>
    </point>
    <point>
      <x>0.35666665</x>
      <y>0.56666666</y>
      <w>0.45747802</w>
      <t>3301</t>
    </point>
    <point>
      <x>0.35833332</x>
      <y>0.56333333</y>
      <w>0.45747802</w>
      <t>3301</t>
    </point>
    <point>
      <x>0.36166668</x>
      <y>0.55833334</y>
      <w>0.44770283</w>
      <t>3334</t>
    </point>
    <point>
      <x>0.36333334</x>
      <y>0.5566667</y>
      <w>0.44770283</w>
      <t>3334</t>
    </point>
    <point>
      <x>0.36666667</x>
      <y>0.5516667</y>
      <w>0.44770283</w>
      <t>3334</t>
    </point>
    <point>
      <x>0.37</x>
      <y>0.54833335</y>
      <w>0.44770283</w>
      <t>3334</t>
    </point>
    <point>
      <x>0.37333333</x>
      <y>0.545</y>
      <w>0.44770283</w>
      <t>3334</t>
    </point>
    <point>
      <x>0.375</x>
      <y>0.5416667</y>
      <w>0.41642228</w>
      <t>3367</t>
    </point>
    <point>
      <x>0.37833333</x>
      <y>0.5366667</y>
      <w>0.41642228</w>
      <t>3367</t>
    </point>
    <point>
      <x>0.38166666</x>
      <y>0.53333336</y>
      <w>0.41642228</w>
      <t>3367</t>
    </point>
    <point>
      <x>0.38666666</x>
      <y>0.5283333</y>
      <w>0.41642228</w>
      <t>3367</t>
    </point>
    <point>
      <x>0.38833332</x>
      <y>0.525</y>
      <w>0.39100686</w>
      <t>3401</t>
    </point>
    <point>
      <x>0.39333335</x>
      <y>0.52</y>
      <w>0.39100686</w>
      <t>3401</t>
    </point>
    <point>
      <x>0.39666668</x>
      <y>0.51666665</y>
      <w>0.39100686</w>
      <t>3401</t>
    </point>
    <point>
      <x>0.4</x>
      <y>0.51166666</y>
      <w>0.39100686</w>
      <t>3401</t>
    </point>
    <point>
      <x>0.405</x>
      <y>0.50666666</y>
      <w>0.370479</w>
      <t>3434</t>
    </point>
    <point>
      <x>0.40833333</x>
      <y>0.50166667</y>
      <w>0.370479</w>
      <t>3434</t>
    </point>
    <point>
      <x>0.41333333</x>
      <y>0.49666667</y>
      <w>0.370479</w>
      <t>3434</t>
    </point>
    <point>
      <x>0.41833332</x>
      <y>0.49166667</y>
      <w>0.370479</w>
      <t>3434</t>
    </point>
    <point>
      <x>0.425</x>
      <y>0.485</y>
      <w>0.370479</w>
      <t>3434</t>
    </point>
    <point>
      <x>0.43</x>
      <y>0.48</y>
      <w>0.3079179</w>
      <t>3467</t>
    </point>
    <point>
      <x>0.435</x>
      <y>0.475</y>
      <w>0.3079179</w>
      <t>3467</t>
    </point>
    <point>
      <x>0.44</x>
      <y>0.47</y>
      <w>0.3079179</w>
      <t>3467</t>
    </point>
    <point>
      <x>0.445</x>
      <y>0.465</y>
      <w>0.3079179</w>
      <t>3467</t>
    </point>
    <point>
      <x>0.45</x>
      <y>0.46</y>
      <w>0.25415444</w>
      <t>3501</t>
    </point>
    <point>
      <x>0.455</x>
      <y>0.455</y>
      <w>0.25415444</w>
      <t>3501</t>
    </point>
    <point>
      <x>0.46</x>
      <y>0.45</y>
      <w>0.25415444</w>
      <t>3501</t>
    </point>
    <point>
      <x>0.465</x>
      <y>0.445</y>
      <w>0.25415444</w>
      <t>3501</t>
    </point>
    <point>
      <x>0.47</x>
      <y>0.44</y>
      <w>0.25415444</w>
      <t>3501</t>
    </point>
    <point>
      <x>0.47666666</x>
      <y>0.43333334</y>
      <w>0.2228739</w>
      <t>3534</t>
    </point>
    <point>
      <x>0.48166665</x>
      <y>0.42833334</y>
      <w>0.2228739</w>
      <t>3534</t>
    </point>
    <point>
      <x>0.48833334</x>
      <y>0.42333335</y>
      <w>0.2228739</w>
      <t>3534</t>
    </point>
    <point>
      <x>0.49333334</x>
      <y>0.41833332</y>
      <w>0.2228739</w>
      <t>3534</t>
    </point>
    <point>
      <x>0.5</x>
      <y>0.415</y>
      <w>0.21016617</w>
      <t>3567</t>
    </point>
    <point>
      <x>0.505</x>
      <y>0.41</y>
      <w>0.21016617</w>
      <t>3567</t>
    </point>
    <point>
      <x>0.51166666</x>
      <y>0.40666667</y>
      <w>0.21016617</w>
      <t>3567</t>
    </point>
    <point>
      <x>0.5183333</x>
      <y>0.40166667</y>
      <w>0.21016617</w>
      <t>3567</t>
    </point>
    <point>
      <x>0.525</x>
      <y>0.39833334</y>
      <w>0.16129032</w>
      <t>3600</t>
    </point>
    <point>
      <x>0.5316667</x>
      <y>0.395</y>
      <w>0.16129032</w>
      <t>3600</t>
    </point>
    <point>
      <x>0.53833336</x>
      <y>0.39166668</y>
      <w>0.16129032</w>
      <t>3600</t>
    </point>
    <point>
      <x>0.545</x>
      <y>0.38833332</y>
      <w>0.16129032</w>
      <t>3600</t>
    </point>
    <point>
      <x>0.55</x>
      <y>0.385</y>
      <w>0.16129032</w>
      <t>3600</t>
    </point>
    <point>
      <x>0.5566667</x>
      <y>0.38166666</y>
      <w>0.14565004</w>
      <t>3634</t>
    </point>
    <point>
      <x>0.56166667</x>
      <y>0.38</y>
      <w>0.14565004</w>
      <t>3634</t>
    </point>
    <point>
      <x>0.56666666</x>
      <y>0.37833333</y>
      <w>0.14565004</w>
      <t>3634</t>
    </point>
    <point>
      <x>0.5733333</x>
      <y>0.37666667</y>
      <w>0.14565004</w>
      <t>3634</t>
    </point>
    <point>
      <x>0.5783333</x>
      <y>0.375</y>
      <w>0.14565004</w>
      <t>3634</t>
    </point>
    <point>
      <x>0.5833333</x>
      <y>0.37333333</y>
      <w>0.15542522</w>
      <t>3667</t>
    </point>
    <point>
      <x>0.5883333</x>
      <y>0.37333333</y>
      <w>0.15542522</w>
      <t>3667</t>
    </point>
    <point>
      <x>0.59166664</x>
      <y>0.37333333</y>
      <w>0.15542522</w>
      <t>3667</t>
    </point>
    <point>
      <x>0.5966667</x>
      <y>0.37166667</y>
      <w>0.15542522</w>
      <t>3667</t>
    </point>
    <point>
      <x>0.6016667</x>
      <y>0.37166667</y>
      <w>0.16617791</w>
      <t>3701</t>
    </point>
    <point>
      <x>0.605</x>
      <y>0.37166667</y>
      <w>0.16617791</w>
      <t>3701</t>
    </point>
    <point>
      <x>0.60833335</x>
      <y>0.37166667</y>
      <w>0.16617791</w>
      <t>3701</t>
    </point>
    <point>
      <x>0.61333334</x>
      <y>0.37166667</y>
      <w>0.16617791</w>
      <t>3701</t>
    </point>
    <point>
      <x>0.6166667</x>
      <y>0.37166667</y>
      <w>0.17497556</w>
      <t>3734</t>
    </point>
    <point>
      <x>0.62</x>
      <y>0.37166667</y>
      <w>0.17497556</w>
      <t>3734</t>
    </point>
    <point>
      <x>0.62333333</x>
      <y>0.37166667</y>
      <w>0.17497556</w>
      <t>3734</t>
    </point>
    <point>
      <x>0.62666667</x>
      <y>0.37166667</y>
      <w>0.17497556</w>
      <t>3734</t>
    </point>
    <point>
      <x>0.62833333</x>
      <y>0.37333333</y>
      <w>0.17497556</w>
      <t>3734</t>
    </point>
    <point>
      <x>0.63166666</x>
      <y>0.375</y>
      <w>0.21896383</w>
      <t>3767</t>
    </point>
    <point>
      <x>0.6333333</x>
      <y>0.375</y>
      <w>0.21896383</w>
      <t>3767</t>
    </point>
    <point>
      <x>0.635</x>
      <y>0.37666667</y>
      <w>0.21896383</w>
      <t>3767</t>
    </point>
    <point>
      <x>0.63666666</x>
      <y>0.37833333</y>
      <w>0.21896383</w>
      <t>3767</t>
    </point>
    <point>
      <x>0.6383333</x>
      <y>0.38</y>
      <w>0.2580645</w>
      <t>3801</t>
    </point>
    <point>
      <x>0.64</x>
      <y>0.38166666</y>
      <w>0.2580645</w>
      <t>3801</t>
    </point>
    <point>
      <x>0.64166665</x>
      <y>0.38333333</y>
      <w>0.2580645</w>
      <t>3801</t>
    </point>
    <point>
      <x>0.6433333</x>
      <y>0.385</y>
      <w>0.2580645</w>
      <t>3801</t>
    </point>
    <point>
      <x>0.6433333</x>
      <y>0.38833332</y>
      <w>0.3264907</w>
      <t>3834</t>
    </point>
    <point>
      <x>0.645</x>
      <y>0.39</y>
      <w>0.3264907</w>
      <t>3834</t>
    </point>
    <point>
      <x>0.645</x>
      <y>0.39166668</y>
      <w>0.3264907</w>
      <t>3834</t>
    </point>
    <point>
      <x>0.64666665</x>
      <y>0.39333335</y>
      <w>0.3264907</w>
      <t>3834</t>
    </point>
    <point>
      <x>0.64666665</x>
      <y>0.395</y>
      <w>0.35874876</w>
      <t>3867</t>
    </point>
    <point>
      <x>0.64666665</x>
      <y>0.39833334</y>
      <w>0.35874876</w>
      <t>3867</t>
    </point>
    <point>
      <x>0.64666665</x>
      <y>0.4</y>
      <w>0.35874876</w>
      <t>3867</t>
    </point>
    <point>
      <x>0.64666665</x>
      <y>0.40333334</y>
      <w>0.35874876</w>
      <t>3867</t>
    </point>
    <point>
      <x>0.64666665</x>
      <y>0.405</y>
      <w>0.3900293</w>
      <t>3901</t>
    </point>
    <point>
      <x>0.64666665</x>
      <y>0.40833333</y>
      <w>0.3900293</w>
      <t>3901</t>
    </point>
    <point>
      <x>0.64666665</x>
      <y>0.41166666</y>
      <w>0.3900293</w>
      <t>3901</t>
    </point>
    <point>
      <x>0.64666665</x>
      <y>0.41333333</y>
      <w>0.3900293</w>
      <t>3901</t>
    </point>
    <point>
      <x>0.64666665</x>
      <y>0.41666666</y>
      <w>0.3900293</w>
      <t>3901</t>
    </point>
    <point>
      <x>0.645</x>
      <y>0.42166665</y>
      <w>0.41055718</w>
      <t>3934</t>
    </point>
    <point>
      <x>0.6433333</x>
      <y>0.425</y>
      <w>0.41055718</w>
      <t>3934</t>
    </point>
    <point>
      <x>0.64166665</x>
      <y>0.43</y>
      <w>0.41055718</w>
      <t>3934</t>
    </point>
    <point>
      <x>0.64</x>
      <y>0.43333334</y>
      <w>0.41055718</w>
      <t>3934</t>
    </point>
    <point>
      <x>0.6383333</x>
      <y>0.43833333</y>
      <w>0.41055718</w>
      <t>3934</t>
    </point>
    <point>
      <x>0.63666666</x>
      <y>0.44166666</y>
      <w>0.46432063</w>
      <t>3967</t>
    </point>
    <point>
      <x>0.635</x>
      <y>0.44666666</y>
      <w>0.46432063</w>
      <t>3967</t>
    </point>
    <point>
      <x>0.63166666</x>
      <y>0.45</y>
      <w>0.46432063</w>
      <t>3967</t>
    </point>
    <point>
      <x>0.63</x>
      <y>0.455</y>
      <w>0.46432063</w>
      <t>3967</t>
    </point>
    <point>
      <x>0.62666667</x>
      <y>0.45833334</y>
      <w>0.4848485</w>
      <t>4001</t>
    </point>
    <point>
      <x>0.62333333</x>
      <y>0.46166667</y>
      <w>0.4848485</w>
      <t>4001</t>
    </point>
    <point>
      <x>0.62</x>
      <y>0.46666667</y>
      <w>0.4848485</w>
      <t>4001</t>
    </point>
    <point>
      <x>0.6166667</x>
      <y>0.47</y>
      <w>0.4848485</w>
      <t>4001</t>
    </point>
    <point>
      <x>0.61333334</x>
      <y>0.475</y>
      <w>0.4848485</w>
      <t>4001</t>
    </point>
    <point>
      <x>0.60833335</x>
      <y>0.48</y>
      <w>0.48778105</w>
      <t>4034</t>
    </point>
    <point>
      <x>0.605</x>
      <y>0.48333332</y>
      <w>0.48778105</w>
      <t>4034</t>
    </point>
    <point>
      <x>0.6016667</x>
      <y>0.48666668</y>
      <w>0.48778105</w>
      <t>4034</t>
    </point>
    <point>
      <x>0.5966667</x>
      <y>0.49166667</y>
      <w>0.48778105</w>
      <t>4034</t>
    </point>
    <point>
      <x>0.5933333</x>
      <y>0.49333334</y>
      <w>0.48875856</w>
      <t>4067</t>
    </point>
    <point>
      <x>0.59</x>
      <y>0.49666667</y>
      <w>0.48875856</w>
      <t>4067</t>
    </point>
    <point>
      <x>0.585</x>
      <y>0.5</y>
      <w>0.48875856</w>
      <t>4067</t>
    </point>
    <point>
      <x>0.58166665</x>
      <y>0.50333333</y>
      <w>0.48875856</w>
      <t>4067</t>
    </point>
    <point>
      <x>0.5783333</x>
      <y>0.50666666</y>
      <w>0.48778105</w>
      <t>4101</t>
    </point>
    <point>
      <x>0.575</x>
      <y>0.5083333</y>
      <w>0.48778105</w>
      <t>4101</t>
    </point>
    <point>
      <x>0.57166666</x>
      <y>0.51</y>
      <w>0.48778105</w>
      <t>4101</t>
    </point>
    <point>
      <x>0.57</x>
      <y>0.51</y>
      <w>0.48778105</w>
      <t>4101</t>
    </point>
    <point>
      <x>0.56666666</x>
      <y>0.51166666</y>
      <w>0.48778105</w>
      <t>4101</t>
    </point>
    <point>
      <x>0.565</x>
      <y>0.51166666</y>
      <w>0.4516129</w>
      <t>4133</t>
    </point>
    <point>
      <x>0.56333333</x>
      <y>0.51166666</y>
      <w>0.4516129</w>
      <t>4133</t>
    </point>
    <point>
      <x>0.56166667</x>
      <y>0.51166666</y>
      <w>0.4516129</w>
      <t>4133</t>
    </point>
    <point>
      <x>0.56</x>
      <y>0.51166666</y>
      <w>0.4516129</w>
      <t>4133</t>
    </point>
    <point>
      <x>0.55833334</x>
      <y>0.51166666</y>
      <w>0.39784947</w>
      <t>4167</t>
    </point>
    <point>
      <x>0.5566667</x>
      <y>0.51166666</y>
      <w>0.39784947</w>
      <t>4167</t>
    </point>
    <point>
      <x>0.555</x>
      <y>0.51166666</y>
      <w>0.39784947</w>
      <t>4167</t>
    </point>
    <point>
      <x>0.55333334</x>
      <y>0.51166666</y>
      <w>0.36656892</w>
      <t>4201</t>
    </point>
    <point>
      <x>0.55333334</x>
      <y>0.51</y>
      <w>0.36656892</w>
      <t>4201</t>
    </point>
    <point>
      <x>0.5516667</x>
      <y>0.51</y>
      <w>0.36656892</w>
      <t>4201</t>
    </point>
    <point>
      <x>0.5516667</x>
      <y>0.5083333</y>
      <w>0.36656892</w>
      <t>4201</t>
    </point>
    <point>
      <x>0.55</x>
      <y>0.50666666</y>
      <w>0.36656892</w>
      <t>4201</t>
    </point>
    <point>
      <x>0.55</x>
      <y>0.505</y>
      <w>0.3646139</w>
      <t>4234</t>
    </point>
    <point>
      <x>0.55</x>
      <y>0.50333333</y>
      <w>0.3646139</w>
      <t>4234</t>
    </point>
    <point>
      <x>0.55</x>
      <y>0.50166667</y>
      <w>0.3646139</w>
      <t>4234</t>
    </point>
    <point>
      <x>0.55</x>
      <y>0.5</y>
      <w>0.3646139</w>
      <t>4234</t>
    </point>
    <point>
      <x>0.55</x>
      <y>0.49833333</y>
      <w>0.3646139</w>
      <t>4234</t>
    </point>
    <point>
      <x>0.55</x>
      <y>0.49666667</y>
      <w>0.36363637</w>
      <t>4267</t>
    </point>
    <point>
      <x>0.55</x>
      <y>0.495</y>
      <w>0.36363637</w>
      <t>4267</t>
    </point>
    <point>
      <x>0.55</x>
      <y>0.49333334</y>
      <w>0.36363637</w>
      <t>4267</t>
    </point>
    <point>
      <x>0.5516667</x>
      <y>0.49166667</y>
      <w>0.36363637</w>
      <t>4267</t>
    </point>
    <point>
      <x>0.55333334</x>
      <y>0.49</y>
      <w>0.36363637</w>
      <t>4300</t>
    </point>
    <point>
      <x>0.55333334</x>
      <y>0.48833334</y>
      <w>0.36363637</w>
      <t>4300</t>
    </point>
    <point>
      <x>0.555</x>
      <y>0.48833334</y>
      <w>0.36363637</w>
      <t>4300</t>
    </point>
    <point>
      <x>0.5566667</x>
      <y>0.48666668</y>
      <w>0.36363637</w>
      <t>4300</t>
    </point>
    <point>
      <x>0.55833334</x>
      <y>0.485</y>
      <w>0.36852396</w>
      <t>4333</t>
    </point>
    <point>
      <x>0.56</x>
      <y>0.48333332</y>
      <w>0.36852396</w>
      <t>4333</t>
    </point>
    <point>
      <x>0.56333333</x>
      <y>0.48166665</y>
      <w>0.36852396</w>
      <t>4333</t>
    </point>
    <point>
      <x>0.565</x>
      <y>0.48</y>
      <w>0.36852396</w>
      <t>4333</t>
    </point>
    <point>
      <x>0.5683333</x>
      <y>0.47833332</y>
      <w>0.36852396</w>
      <t>4333</t>
    </point>
    <point>
      <x>0.57166666</x>
      <y>0.47666666</y>
      <w>0.38025415</w>
      <t>4367</t>
    </point>
    <point>
      <x>0.575</x>
      <y>0.475</y>
      <w>0.38025415</w>
      <t>4367</t>
    </point>
    <point>
      <x>0.5783333</x>
      <y>0.47333333</y>
      <w>0.38025415</w>
      <t>4367</t>
    </point>
    <point>
      <x>0.58166665</x>
      <y>0.47166666</y>
      <w>0.38025415</w>
      <t>4367</t>
    </point>
    <point>
      <x>0.58666664</x>
      <y>0.47</y>
      <w>0.39198437</w>
      <t>4401</t>
    </point>
    <point>
      <x>0.59</x>
      <y>0.46833333</y>
      <w>0.39198437</w>
      <t>4401</t>
    </point>
    <point>
      <x>0.5933333</x>
      <y>0.46666667</y>
      <w>0.39198437</w>
      <t>4401</t>
    </point>
    <point>
      <x>0.5966667</x>
      <y>0.465</y>
      <w>0.39198437</w>
      <t>4401</t>
    </point>
    <point>
      <x>0.6</x>
      <y>0.46333334</y>
      <w>0.39198437</w>
      <t>4401</t>
    </point>
    <point>
      <x>0.60333335</x>
      <y>0.46166667</y>
      <w>0.42130986</w>
      <t>4434</t>
    </point>
    <point>
      <x>0.6066667</x>
      <y>0.46166667</y>
      <w>0.42130986</w>
      <t>4434</t>
    </point>
    <point>
      <x>0.61</x>
      <y>0.46</y>
      <w>0.42130986</w>
      <t>4434</t>
    </point>
    <point>
      <x>0.61333334</x>
      <y>0.45833334</y>
      <w>0.42130986</w>
      <t>4434</t>
    </point>
    <point>
      <x>0.6166667</x>
      <y>0.45833334</y>
      <w>0.4467253</w>
      <t>4467</t>
    </point>
    <point>
      <x>0.62</x>
      <y>0.45666668</y>
      <w>0.4467253</w>
      <t>4467</t>
    </point>
    <point>
      <x>0.62333333</x>
      <y>0.455</y>
      <w>0.4467253</w>
      <t>4467</t>
    </point>
    <point>
      <x>0.62666667</x>
      <y>0.455</y>
      <w>0.4467253</w>
      <t>4467</t>
    </point>
    <point>
      <x>0.63</x>
      <y>0.45333335</y>
      <w>0.46432063</w>
      <t>4501</t>
    </point>
    <point>
      <x>0.6333333</x>
      <y>0.45333335</y>
      <w>0.46432063</w>
      <t>4501</t>
    </point>
    <point>
      <x>0.63666666</x>
      <y>0.45333335</y>
      <w>0.46432063</w>
      <t>4501</t>
    </point>
    <point>
      <x>0.64</x>
      <y>0.45166665</y>
      <w>0.46432063</w>
      <t>4501</t>
    </point>
    <point>
      <x>0.6433333</x>
      <y>0.45166665</y>
      <w>0.46432063</w>
      <t>4501</t>
    </point>
    <point>
      <x>0.6483333</x>
      <y>0.45</y>
      <w>0.4848485</w>
      <t>4534</t>
    </point>
    <point>
      <x>0.65166664</x>
      <y>0.45</y>
      <w>0.4848485</w>
      <t>4534</t>
    </point>
    <point>
      <x>0.6566667</x>
      <y>0.45</y>
      <w>0.4848485</w>
      <t>4534</t>
    </point>
    <point>
      <x>0.6616667</x>
      <y>0.45</y>
      <w>0.4848485</w>
      <t>4534</t>
    </point>
    <point>
      <x>0.6666667</x>
      <y>0.45</y>
      <w>0.4848485</w>
      <t>4534</t>
    </point>
    <point>
      <x>0.6716667</x>
      <y>0.45</y>
      <w>0.5014663</w>
      <t>4567</t>
    </point>
    <point>
      <x>0.6766667</x>
      <y>0.44833332</y>
      <w>0.5014663</w>
      <t>4567</t>
    </point>
    <point>
      <x>0.6816667</x>
      <y>0.44833332</y>
      <w>0.5014663</w>
      <t>4567</t>
    </point>
    <point>
      <x>0.68666667</x>
      <y>0.44833332</y>
      <w>0.5014663</w>
      <t>4567</t>
    </point>
    <point>
      <x>0.69166666</x>
      <y>0.44833332</y>
      <w>0.5210166</w>
      <t>4601</t>
    </point>
    <point>
      <x>0.695</x>
      <y>0.44833332</y>
      <w>0.5210166</w>
      <t>4601</t>
    </point>
    <point>
      <x>0.7</x>
      <y>0.44833332</y>
      <w>0.5210166</w>
      <t>4601</t>
    </point>
    <point>
      <x>0.7033333</x>
      <y>0.44833332</y>
      <w>0.5210166</w>
      <t>4601</t>
    </point>
    <point>
      <x>0.70666665</x>
      <y>0.44833332</y>
      <w>0.54545456</w>
      <t>4634</t>
    </point>
    <point>
      <x>0.71166664</x>
      <y>0.45</y>
      <w>0.54545456</w>
      <t>4634</t>
    </point>
    <point>
      <x>0.715</x>
      <y>0.45</y>
      <w>0.54545456</w>
      <t>4634</t>
    </point>
    <point>
      <x>0.72</x>
      <y>0.45166665</y>
      <w>0.54545456</w>
      <t>4634</t>
    </point>
    <point>
      <x>0.72333336</x>
      <y>0.45166665</y>
      <w>0.54545456</w>
      <t>4634</t>
    </point>
    <point>
      <x>0.72833335</x>
      <y>0.45333335</y>
      <w>0.5591398</w>
      <t>4667</t>
    </point>
    <point>
      <x>0.73333335</x>
      <y>0.45333335</y>
      <w>0.5591398</w>
      <t>4667</t>
    </point>
    <point>
      <x>0.7366667</x>
      <y>0.455</y>
      <w>0.5591398</w>
      <t>4667</t>
    </point>
    <point>
      <x>0.7416667</x>
      <y>0.45666668</y>
      <w>0.5591398</w>
      <t>4667</t>
    </point>
    <point>
      <x>0.745</x>
      <y>0.45833334</y>
      <w>0.5659824</w>
      <t>4701</t>
    </point>
    <point>
      <x>0.74833333</x>
      <y>0.46</y>
      <w>0.5659824</w>
      <t>4701</t>
    </point>
    <point>
      <x>0.75166667</x>
      <y>0.46</y>
      <w>0.5659824</w>
      <t>4701</t>
    </point>
    <point>
      <x>0.755</x>
      <y>0.46166667</y>
      <w>0.5659824</w>
      <t>4701</t>
    </point>
    <point>
      <x>0.7583333</x>
      <y>0.46333334</y>
      <w>0.5659824</w>
      <t>4701</t>
    </point>
    <point>
      <x>0.76166666</x>
      <y>0.465</y>
      <w>0.5786901</w>
      <t>4734</t>
    </point>
    <point>
      <x>0.7633333</x>
      <y>0.46666667</y>
      <w>0.5786901</w>
      <t>4734</t>
    </point>
    <point>
      <x>0.76666665</x>
      <y>0.46666667</y>
      <w>0.5786901</w>
      <t>4734</t>
    </point>
    <point>
      <x>0.7683333</x>
      <y>0.46833333</y>
      <w>0.5786901</w>
      <t>4734</t>
    </point>
    <point>
      <x>0.77</x>
      <y>0.47</y>
      <w>0.59335285</w>
      <t>4767</t>
    </point>
    <point>
      <x>0.7733333</x>
      <y>0.47166666</y>
      <w>0.59335285</w>
      <t>4767</t>
    </point>
    <point>
      <x>0.775</x>
      <y>0.47166666</y>
      <w>0.59335285</w>
      <t>4767</t>
    </point>
    <point>
      <x>0.77666664</x>
      <y>0.47333333</y>
      <w>0.59335285</w>
      <t>4767</t>
    </point>
    <point>
      <x>0.7783333</x>
      <y>0.475</y>
      <w>0.60215056</w>
      <t>4800</t>
    </point>
    <point>
      <x>0.78</x>
      <y>0.47666666</y>
      <w>0.60215056</w>
      <t>4800</t>
    </point>
    <point>
      <x>0.78</x>
      <y>0.47833332</y>
      <w>0.60215056</w>
      <t>4800</t>
    </point>
    <point>
      <x>0.7816667</x>
      <y>0.47833332</y>
      <w>0.60215056</w>
      <t>4800</t>
    </point>
    <point>
      <x>0.78333336</x>
      <y>0.48</y>
      <w>0.60215056</w>
      <t>4800</t>
    </point>
    <point>
      <x>0.78333336</x>
      <y>0.48166665</y>
      <w>0.6099707</w>
      <t>4833</t>
    </point>
    <point>
      <x>0.785</x>
      <y>0.48333332</y>
      <w>0.6099707</w>
      <t>4833</t>
    </point>
    <point>
      <x>0.785</x>
      <y>0.485</y>
      <w>0.6099707</w>
      <t>4833</t>
    </point>
    <point>
      <x>0.7866667</x>
      <y>0.48666668</y>
      <w>0.6099707</w>
      <t>4833</t>
    </point>
    <point>
      <x>0.7866667</x>
      <y>0.48833334</y>
      <w>0.61290324</w>
      <t>4868</t>
    </point>
    <point>
      <x>0.78833336</x>
      <y>0.49</y>
      <w>0.61290324</w>
      <t>4868</t>
    </point>
    <point>
      <x>0.78833336</x>
      <y>0.49166667</y>
      <w>0.61290324</w>
      <t>4868</t>
    </point>
    <point>
      <x>0.79</x>
      <y>0.49166667</y>
      <w>0.61290324</w>
      <t>4868</t>
    </point>
    <point>
      <x>0.79</x>
      <y>0.49333334</y>
      <w>0.61290324</w>
      <t>4868</t>
    </point>
    <point>
      <x>0.79</x>
      <y>0.495</y>
      <w>0.6158358</w>
      <t>4901</t>
    </point>
    <point>
      <x>0.79</x>
      <y>0.49666667</y>
      <w>0.6158358</w>
      <t>4901</t>
    </point>
    <point>
      <x>0.7916667</x>
      <y>0.49833333</y>
      <w>0.6158358</w>
      <t>4901</t>
    </point>
    <point>
      <x>0.7916667</x>
      <y>0.5</y>
      <w>0.6158358</w>
      <t>4901</t>
    </point>
    <point>
      <x>0.7916667</x>
      <y>0.50166667</y>
      <w>0.61974585</w>
      <t>4934</t>
    </point>
    <point>
      <x>0.7916667</x>
      <y>0.50333333</y>
      <w>0.61974585</w>
      <t>4934</t>
    </point>
    <point>
      <x>0.7916667</x>
      <y>0.505</y>
      <w>0.61974585</w>
      <t>4934</t>
    </point>
    <point>
      <x>0.7916667</x>
      <y>0.50666666</y>
      <w>0.61974585</w>
      <t>4934</t>
    </point>
    <point>
      <x>0.7916667</x>
      <y>0.5083333</y>
      <w>0.61974585</w>
      <t>4934</t>
    </point>
    <point>
      <x>0.7916667</x>
      <y>0.51</y>
      <w>0.6217009</w>
      <t>4967</t>
    </point>
    <point>
      <x>0.79</x>
      <y>0.5133333</y>
      <w>0.6217009</w>
      <t>4967</t>
    </point>
    <point>
      <x>0.79</x>
      <y>0.515</y>
      <w>0.6217009</w>
      <t>4967</t>
    </point>
    <point>
      <x>0.78833336</x>
      <y>0.51666665</y>
      <w>0.6217009</w>
      <t>4967</t>
    </point>
    <point>
      <x>0.7866667</x>
      <y>0.5183333</y>
      <w>0.6217009</w>
      <t>5000</t>
    </point>
    <point>
      <x>0.7866667</x>
      <y>0.52166665</y>
      <w>0.6217009</w>
      <t>5000</t>
    </point>
    <point>
      <x>0.785</x>
      <y>0.5233333</y>
      <w>0.6217009</w>
      <t>5000</t>
    </point>
    <point>
      <x>0.78333336</x>
      <y>0.525</y>
      <w>0.6217009</w>
      <t>5000</t>
    </point>
    <point>
      <x>0.7816667</x>
      <y>0.52666664</y>
      <w>0.6217009</w>
      <t>5000</t>
    </point>
    <point>
      <x>0.78</x>
      <y>0.53</y>
      <w>0.61974585</w>
      <t>5034</t>
    </point>
    <point>
      <x>0.77666664</x>
      <y>0.5316667</y>
      <w>0.61974585</w>
      <t>5034</t>
    </point>
    <point>
      <x>0.775</x>
      <y>0.535</y>
      <w>0.61974585</w>
      <t>5034</t>
    </point>
    <point>
      <x>0.77166665</x>
      <y>0.5366667</y>
      <w>0.61974585</w>
      <t>5034</t>
    </point>
    <point>
      <x>0.77</x>
      <y>0.54</y>
      <w>0.61876833</w>
      <t>5067</t>
    </point>
    <point>
      <x>0.76666665</x>
      <y>0.5416667</y>
      <w>0.61876833</w>
      <t>5067</t>
    </point>
    <point>
      <x>0.765</x>
      <y>0.545</y>
      <w>0.61876833</w>
      <t>5067</t>
    </point>
    <point>
      <x>0.76166666</x>
      <y>0.5466667</y>
      <w>0.61876833</w>
      <t>5067</t>
    </point>
    <point>
      <x>0.7583333</x>
      <y>0.54833335</y>
      <w>0.61974585</w>
      <t>5100</t>
    </point>
    <point>
      <x>0.75666666</x>
      <y>0.5516667</y>
      <w>0.61974585</w>
      <t>5100</t>
    </point>
    <point>
      <x>0.75333333</x>
      <y>0.55333334</y>
      <w>0.61974585</w>
      <t>5100</t>
    </point>
    <point>
      <x>0.75</x>
      <y>0.555</y>
      <w>0.61974585</w>
      <t>5100</t>
    </point>
    <point>
      <x>0.74666667</x>
      <y>0.55833334</y>
      <w>0.61974585</w>
      <t>5100</t>
    </point>
    <point>
      <x>0.74333334</x>
      <y>0.56</y>
      <w>0.61290324</w>
      <t>5134</t>
    </point>
    <point>
      <x>0.74</x>
      <y>0.56166667</y>
      <w>0.61290324</w>
      <t>5134</t>
    </point>
    <point>
      <x>0.7366667</x>
      <y>0.56333333</y>
      <w>0.61290324</w>
      <t>5134</t>
    </point>
    <point>
      <x>0.73333335</x>
      <y>0.56666666</y>
      <w>0.61290324</w>
      <t>5134</t>
    </point>
    <point>
      <x>0.7316667</x>
      <y>0.5683333</y>
      <w>0.61290324</w>
      <t>5134</t>
    </point>
    <point>
      <x>0.72833335</x>
      <y>0.57</y>
      <w>0.597263</w>
      <t>5168</t>
    </point>
    <point>
      <x>0.725</x>
      <y>0.57166666</y>
      <w>0.597263</w>
      <t>5168</t>
    </point>
    <point>
      <x>0.7216667</x>
      <y>0.575</y>
      <w>0.597263</w>
      <t>5168</t>
    </point>
    <point>
      <x>0.71666664</x>
      <y>0.57666665</y>
      <w>0.597263</w>
      <t>5168</t>
    </point>
    <point>
      <x>0.7133333</x>
      <y>0.5783333</y>
      <w>0.5835777</w>
      <t>5201</t>
    </point>
    <point>
      <x>0.71</x>
      <y>0.58</y>
      <w>0.5835777</w>
      <t>5201</t>
    </point>
    <point>
      <x>0.705</x>
      <y>0.5833333</y>
      <w>0.5835777</w>
      <t>5201</t>
    </point>
    <point>
      <x>0.70166665</x>
      <y>0.585</y>
      <w>0.5835777</w>
      <t>5201</t>
    </point>
    <point>
      <x>0.69666666</x>
      <y>0.58666664</y>
      <w>0.56989247</w>
      <t>5234</t>
    </point>
    <point>
      <x>0.6933333</x>
      <y>0.59</y>
      <w>0.56989247</w>
      <t>5234</t>
    </point>
    <point>
      <x>0.69</x>
      <y>0.59166664</y>
      <w>0.56989247</w>
      <t>5234</t>
    </point>
    <point>
      <x>0.68666667</x>
      <y>0.5933333</y>
      <w>0.56989247</w>
      <t>5234</t>
    </point>
    <point>
      <x>0.6816667</x>
      <y>0.595</y>
      <w>0.56989247</w>
      <t>5234</t>
    </point>
    <point>
      <x>0.67833334</x>
      <y>0.5966667</y>
      <w>0.5288367</w>
      <t>5268</t>
    </point>
    <point>
      <x>0.675</x>
      <y>0.59833336</y>
      <w>0.5288367</w>
      <t>5268</t>
    </point>
    <point>
      <x>0.67</x>
      <y>0.6016667</y>
      <w>0.5288367</w>
      <t>5268</t>
    </point>
    <point>
      <x>0.6666667</x>
      <y>0.60333335</y>
      <w>0.5288367</w>
      <t>5268</t>
    </point>
    <point>
      <x>0.66333336</x>
      <y>0.605</y>
      <w>0.4975562</w>
      <t>5301</t>
    </point>
    <point>
      <x>0.66</x>
      <y>0.6066667</y>
      <w>0.4975562</w>
      <t>5301</t>
    </point>
    <point>
      <x>0.65833336</x>
      <y>0.60833335</y>
      <w>0.4975562</w>
      <t>5301</t>
    </point>
    <point>
      <x>0.655</x>
      <y>0.6116667</y>
      <w>0.4975562</w>
      <t>5301</t>
    </point>
    <point>
      <x>0.6533333</x>
      <y>0.61333334</y>
      <w>0.4975562</w>
      <t>5301</t>
    </point>
    <point>
      <x>0.65</x>
      <y>0.615</y>
      <w>0.4809384</w>
      <t>5333</t>
    </point>
    <point>
      <x>0.6483333</x>
      <y>0.6166667</y>
      <w>0.4809384</w>
      <t>5333</t>
    </point>
    <point>
      <x>0.64666665</x>
      <y>0.62</y>
      <w>0.4809384</w>
      <t>5333</t>
    </point>
    <point>
      <x>0.645</x>
      <y>0.62166667</y>
      <w>0.4809384</w>
      <t>5333</t>
    </point>
    <point>
      <x>0.6433333</x>
      <y>0.625</y>
      <w>0.47605082</w>
      <t>5368</t>
    </point>
    <point>
      <x>0.64166665</x>
      <y>0.62666667</y>
      <w>0.47605082</w>
      <t>5368</t>
    </point>
    <point>
      <x>0.64</x>
      <y>0.62833333</y>
      <w>0.47605082</w>
      <t>5368</t>
    </point>
    <point>
      <x>0.64</x>
      <y>0.63</y>
      <w>0.47605082</w>
      <t>5368</t>
    </point>
    <point>
      <x>0.6383333</x>
      <y>0.63166666</y>
      <w>0.47605082</w>
      <t>5368</t>
    </point>
    <point>
      <x>0.6383333</x>
      <y>0.6333333</y>
      <w>0.46725318</w>
      <t>5400</t>
    </point>
    <point>
      <x>0.6383333</x>
      <y>0.635</y>
      <w>0.46725318</w>
      <t>5400</t>
    </point>
    <point>
      <x>0.6383333</x>
      <y>0.63666666</y>
      <w>0.46725318</w>
      <t>5400</t>
    </point>
    <point>
      <x>0.6383333</x>
      <y>0.6383333</y>
      <w>0.46725318</w>
      <t>5400</t>
    </point>
    <point>
      <x>0.6383333</x>
      <y>0.64</y>
      <w>0.4467253</w>
      <t>5433</t>
    </point>
    <point>
      <x>0.6383333</x>
      <y>0.6433333</y>
      <w>0.4467253</w>
      <t>5433</t>
    </point>
    <point>
      <x>0.6383333</x>
      <y>0.645</y>
      <w>0.4467253</w>
      <t>5433</t>
    </point>
    <point>
      <x>0.6383333</x>
      <y>0.64666665</y>
      <w>0.44281524</w>
      <t>5468</t>
    </point>
    <point>
      <x>0.64</x>
      <y>0.6483333</y>
      <w>0.44281524</w>
      <t>5468</t>
    </point>
    <point>
      <x>0.64</x>
      <y>0.65</y>
      <w>0.44281524</w>
      <t>5468</t>
    </point>
    <point>
      <x>0.64166665</x>
      <y>0.65166664</y>
      <w>0.44281524</w>
      <t>5468</t>
    </point>
    <point>
      <x>0.64166665</x>
      <y>0.6533333</y>
      <w>0.44281524</w>
      <t>5468</t>
    </point>
    <point>
      <x>0.6433333</x>
      <y>0.655</y>
      <w>0.43890518</w>
      <t>5501</t>
    </point>
    <point>
      <x>0.645</x>
      <y>0.6566667</y>
      <w>0.43890518</w>
      <t>5501</t>
    </point>
    <point>
      <x>0.64666665</x>
      <y>0.66</y>
      <w>0.43890518</w>
      <t>5501</t>
    </point>
    <point>
      <x>0.6483333</x>
      <y>0.6616667</y>
      <w>0.43890518</w>
      <t>5501</t>
    </point>
    <point>
      <x>0.65</x>
      <y>0.66333336</y>
      <w>0.43890518</w>
      <t>5534</t>
    </point>
    <point>
      <x>0.65166664</x>
      <y>0.665</y>
      <w>0.43890518</w>
      <t>5534</t>
    </point>
    <point>
      <x>0.6533333</x>
      <y>0.6666667</y>
      <w>0.43890518</w>
      <t>5534</t>
    </point>
    <point>
      <x>0.6533333</x>
      <y>0.66833335</y>
      <w>0.43890518</w>
      <t>5534</t>
    </point>
    <point>
      <x>0.655</x>
      <y>0.66833335</y>
      <w>0.43890518</w>
      <t>5534</t>
    </point>
    <point>
      <x>0.655</x>
      <y>0.67</y>
      <w>0.4398827</w>
      <t>5568</t>
    </point>
    <point>
      <x>0.6566667</x>
      <y>0.6716667</y>
      <w>0.4398827</w>
      <t>5568</t>
    </point>
    <point>
      <x>0.6566667</x>
      <y>0.67333335</y>
      <w>0.4398827</w>
      <t>5568</t>
    </point>
    <point>
      <x>0.65833336</x>
      <y>0.675</y>
      <w>0.4398827</w>
      <t>5568</t>
    </point>
    <point>
      <x>0.65833336</x>
      <y>0.6766667</y>
      <w>0.4516129</w>
      <t>5601</t>
    </point>
    <point>
      <x>0.66</x>
      <y>0.67833334</y>
      <w>0.4516129</w>
      <t>5601</t>
    </point>
    <point>
      <x>0.66</x>
      <y>0.68</y>
      <w>0.4516129</w>
      <t>5601</t>
    </point>
    <point>
      <x>0.66</x>
      <y>0.6816667</y>
      <w>0.46432063</w>
      <t>5634</t>
    </point>
    <point>
      <x>0.66</x>
      <y>0.68333334</y>
      <w>0.46432063</w>
      <t>5634</t>
    </point>
    <point>
      <x>0.66</x>
      <y>0.685</y>
      <w>0.46432063</w>
      <t>5634</t>
    </point>
    <point>
      <x>0.66</x>
      <y>0.68666667</y>
      <w>0.48582602</w>
      <t>5667</t>
    </point>
    <point>
      <x>0.66</x>
      <y>0.68833333</y>
      <w>0.48582602</w>
      <t>5667</t>
    </point>
    <point>
      <x>0.66</x>
      <y>0.69</y>
      <w>0.48582602</w>
      <t>5667</t>
    </point>
    <point>
      <x>0.66</x>
      <y>0.69166666</y>
      <w>0.4965787</w>
      <t>5700</t>
    </point>
    <point>
      <x>0.66</x>
      <y>0.6933333</y>
      <w>0.4965787</w>
      <t>5700</t>
    </point>
    <point>
      <x>0.65833336</x>
      <y>0.695</y>
      <w>0.4965787</w>
      <t>5700</t>
    </point>
    <point>
      <x>0.65833336</x>
      <y>0.69666666</y>
      <w>0.4965787</w>
      <t>5700</t>
    </point>
    <point>
      <x>0.65833336</x>
      <y>0.6983333</y>
      <w>0.5102639</w>
      <t>5733</t>
    </point>
    <point>
      <x>0.6566667</x>
      <y>0.7</y>
      <w>0.5102639</w>
      <t>5733</t>
    </point>
    <point>
      <x>0.6566667</x>
      <y>0.70166665</y>
      <w>0.5102639</w>
      <t>5733</t>
    </point>
    <point>
      <x>0.655</x>
      <y>0.7033333</y>
      <w>0.5102639</w>
      <t>5733</t>
    </point>
    <point>
      <x>0.655</x>
      <y>0.705</y>
      <w>0.5259042</w>
      <t>5767</t>
    </point>
    <point>
      <x>0.655</x>
      <y>0.70666665</y>
      <w>0.5259042</w>
      <t>5767</t>
    </point>
    <point>
      <x>0.6533333</x>
      <y>0.7083333</y>
      <w>0.5259042</w>
      <t>5767</t>
    </point>
    <point>
      <x>0.6533333</x>
      <y>0.71</y>
      <w>0.5259042</w>
      <t>5767</t>
    </point>
    <point>
      <x>0.65166664</x>
      <y>0.71166664</y>
      <w>0.5259042</w>
      <t>5767</t>
    </point>
    <point>
      <x>0.65166664</x>
      <y>0.715</y>
      <w>0.53861195</w>
      <t>5801</t>
    </point>
    <point>
      <x>0.65</x>
      <y>0.71666664</y>
      <w>0.53861195</w>
      <t>5801</t>
    </point>
    <point>
      <x>0.65</x>
      <y>0.7183333</y>
      <w>0.53861195</w>
      <t>5801</t>
    </point>
    <point>
      <x>0.6483333</x>
      <y>0.72</y>
      <w>0.53861195</w>
      <t>5801</t>
    </point>
    <point>
      <x>0.6483333</x>
      <y>0.72333336</y>
      <w>0.5542522</w>
      <t>5833</t>
    </point>
    <point>
      <x>0.6483333</x>
      <y>0.725</y>
      <w>0.5542522</w>
      <t>5833</t>
    </point>
    <point>
      <x>0.6483333</x>
      <y>0.7266667</y>
      <w>0.5542522</w>
      <t>5833</t>
    </point>
    <point>
      <x>0.64666665</x>
      <y>0.73</y>
      <w>0.5542522</w>
      <t>5833</t>
    </point>
    <point>
      <x>0.64666665</x>
      <y>0.7316667</y>
      <w>0.5542522</w>
      <t>5833</t>
    </point>
    <point>
      <x>0.64666665</x>
      <y>0.73333335</y>
      <w>0.5591398</w>
      <t>5867</t>
    </point>
    <point>
      <x>0.64666665</x>
      <y>0.735</y>
      <w>0.5591398</w>
      <t>5867</t>
    </point>
    <point>
      <x>0.64666665</x>
      <y>0.73833334</y>
      <w>0.5591398</w>
      <t>5867</t>
    </point>
    <point>
      <x>0.64666665</x>
      <y>0.74</y>
      <w>0.5591398</w>
      <t>5867</t>
    </point>
    <point>
      <x>0.64666665</x>
      <y>0.7416667</y>
      <w>0.5650049</w>
      <t>5900</t>
    </point>
    <point>
      <x>0.6483333</x>
      <y>0.74333334</y>
      <w>0.5650049</w>
      <t>5900</t>
    </point>
    <point>
      <x>0.6483333</x>
      <y>0.74666667</y>
      <w>0.5650049</w>
      <t>5900</t>
    </point>
    <point>
      <x>0.6483333</x>
      <y>0.74833333</y>
      <w>0.5650049</w>
      <t>5900</t>
    </point>
    <point>
      <x>0.6483333</x>
      <y>0.75</y>
      <w>0.5650049</w>
      <t>5900</t>
    </point>
    <point>
      <x>0.6483333</x>
      <y>0.75166667</y>
      <w>0.57087</w>
      <t>5933</t>
    </point>
    <point>
      <x>0.65</x>
      <y>0.755</y>
      <w>0.57087</w>
      <t>5933</t>
    </point>
    <point>
      <x>0.65</x>
      <y>0.75666666</y>
      <w>0.57087</w>
      <t>5933</t>
    </point>
    <point>
      <x>0.65</x>
      <y>0.7583333</y>
      <w>0.57087</w>
      <t>5933</t>
    </point>
    <point>
      <x>0.65</x>
      <y>0.76</y>
      <w>0.5786901</w>
      <t>5967</t>
    </point>
    <point>
      <x>0.65166664</x>
      <y>0.76166666</y>
      <w>0.5786901</w>
      <t>5967</t>
    </point>
    <point>
      <x>0.65166664</x>
      <y>0.7633333</y>
      <w>0.5786901</w>
      <t>5967</t>
    </point>
    <point>
      <x>0.6533333</x>
      <y>0.765</y>
      <w>0.5786901</w>
      <t>5967</t>
    </point>
    <point>
      <x>0.6533333</x>
      <y>0.76666665</y>
      <w>0.5786901</w>
      <t>5967</t>
    </point>
    <point>
      <x>0.655</x>
      <y>0.7683333</y>
      <w>0.58064514</w>
      <t>6001</t>
    </point>
    <point>
      <x>0.655</x>
      <y>0.77</y>
      <w>0.58064514</w>
      <t>6001</t>
    </point>
    <point>
      <x>0.6566667</x>
      <y>0.7733333</y>
      <w>0.58064514</w>
      <t>6001</t>
    </point>
    <point>
      <x>0.6566667</x>
      <y>0.775</y>
      <w>0.58064514</w>
      <t>6001</t>
    </point>
    <point>
      <x>0.65833336</x>
      <y>0.77666664</y>
      <w>0.58064514</w>
      <t>6034</t>
    </point>
    <point>
      <x>0.66</x>
      <y>0.7783333</y>
      <w>0.58064514</w>
      <t>6034</t>
    </point>
    <point>
      <x>0.66</x>
      <y>0.78</y>
      <w>0.58064514</w>
      <t>6034</t>
    </point>
    <point>
      <x>0.6616667</x>
      <y>0.7816667</y>
      <w>0.58064514</w>
      <t>6034</t>
    </point>
    <point>
      <x>0.66333336</x>
      <y>0.78333336</y>
      <w>0.58064514</w>
      <t>6034</t>
    </point>
    <point>
      <x>0.66333336</x>
      <y>0.785</y>
      <w>0.5826002</w>
      <t>6067</t>
    </point>
    <point>
      <x>0.665</x>
      <y>0.785</y>
      <w>0.5826002</w>
      <t>6067</t>
    </point>
    <point>
      <x>0.6666667</x>
      <y>0.7866667</y>
      <w>0.5826002</w>
      <t>6067</t>
    </point>
    <point>
      <x>0.66833335</x>
      <y>0.78833336</y>
      <w>0.5826002</w>
      <t>6067</t>
    </point>
    <point>
      <x>0.67</x>
      <y>0.79</y>
      <w>0.58162266</w>
      <t>6101</t>
    </point>
    <point>
      <x>0.6716667</x>
      <y>0.7916667</y>
      <w>0.58162266</w>
      <t>6101</t>
    </point>
    <point>
      <x>0.67333335</x>
      <y>0.79333335</y>
      <w>0.58162266</w>
      <t>6101</t>
    </point>
    <point>
      <x>0.675</x>
      <y>0.795</y>
      <w>0.58162266</w>
      <t>6101</t>
    </point>
    <point>
      <x>0.6766667</x>
      <y>0.7966667</y>
      <w>0.58162266</w>
      <t>6134</t>
    </point>
    <point>
      <x>0.67833334</x>
      <y>0.79833335</y>
      <w>0.58162266</w>
      <t>6134</t>
    </point>
    <point>
      <x>0.68</x>
      <y>0.79833335</y>
      <w>0.58162266</w>
      <t>6134</t>
    </point>
    <point>
      <x>0.6816667</x>
      <y>0.8</y>
      <w>0.58162266</w>
      <t>6134</t>
    </point>
    <point>
      <x>0.68333334</x>
      <y>0.8016667</y>
      <w>0.58162266</w>
      <t>6134</t>
    </point>
    <point>
      <x>0.685</x>
      <y>0.80333334</y>
      <w>0.58064514</w>
      <t>6167</t>
    </point>
    <point>
      <x>0.68666667</x>
      <y>0.805</y>
      <w>0.58064514</w>
      <t>6167</t>
    </point>
    <point>
      <x>0.69</x>
      <y>0.8066667</y>
      <w>0.58064514</w>
      <t>6167</t>
    </point>
    <point>
      <x>0.69166666</x>
      <y>0.80833334</y>
      <w>0.58064514</w>
      <t>6167</t>
    </point>
    <point>
      <x>0.6933333</x>
      <y>0.81</y>
      <w>0.5786901</w>
      <t>6201</t>
    </point>
    <point>
      <x>0.695</x>
      <y>0.81</y>
      <w>0.5786901</w>
      <t>6201</t>
    </point>
    <point>
      <x>0.69666666</x>
      <y>0.81166667</y>
      <w>0.5786901</w>
      <t>6201</t>
    </point>
    <point>
      <x>0.6983333</x>
      <y>0.81333333</y>
      <w>0.5786901</w>
      <t>6201</t>
    </point>
    <point>
      <x>0.7</x>
      <y>0.81333333</y>
      <w>0.5786901</w>
      <t>6201</t>
    </point>
    <point>
      <x>0.70166665</x>
      <y>0.815</y>
      <w>0.56304985</w>
      <t>6234</t>
    </point>
    <point>
      <x>0.7033333</x>
      <y>0.815</y>
      <w>0.56304985</w>
      <t>6234</t>
    </point>
    <point>
      <x>0.7033333</x>
      <y>0.81666666</y>
      <w>0.56304985</w>
      <t>6234</t>
    </point>
    <point>
      <x>0.705</x>
      <y>0.81666666</y>
      <w>0.56304985</w>
      <t>6234</t>
    </point>
    <point>
      <x>0.70666665</x>
      <y>0.8183333</y>
      <w>0.56304985</w>
      <t>6267</t>
    </point>
    <point>
      <x>0.7083333</x>
      <y>0.82</y>
      <w>0.56304985</w>
      <t>6267</t>
    </point>
    <point>
      <x>0.71</x>
      <y>0.82</y>
      <w>0.55718476</w>
      <t>6300</t>
    </point>
    <point>
      <x>0.71</x>
      <y>0.82166666</y>
      <w>0.55718476</w>
      <t>6300</t>
    </point>
    <point>
      <x>0.71166664</x>
      <y>0.82166666</y>
      <w>0.55718476</w>
      <t>6300</t>
    </point>
    <point>
      <x>0.7133333</x>
      <y>0.8233333</y>
      <w>0.55718476</w>
      <t>6300</t>
    </point>
    <point>
      <x>0.715</x>
      <y>0.8233333</y>
      <w>0.54545456</w>
      <t>6333</t>
    </point>
    <point>
      <x>0.715</x>
      <y>0.825</y>
      <w>0.54545456</w>
      <t>6333</t>
    </point>
    <point>
      <x>0.71666664</x>
      <y>0.825</y>
      <w>0.45845553</w>
      <t>6367</t>
    </point>
  </stroke>
</character>
