<?xml version="1.0" encoding="UTF-8"?>
<character>
  <stroke time="0">
    <point>
      <x>0.28</x>
      <y>0.25666666</y>
      <w>0.07820137</w>
      <t>5</t>
    </point>
    <point>
      <x>0.28</x>
      <y>0.25833333</y>
      <w>0.07820137</w>
      <t>5</t>
    </point>
    <point>
      <x>0.28166667</x>
      <y>0.26</y>
      <w>0.16129032</w>
      <t>33</t>
    </point>
    <point>
      <x>0.28166667</x>
      <y>0.26166666</y>
      <w>0.24828935</w>
      <t>66</t>
    </point>
    <point>
      <x>0.28166667</x>
      <y>0.26333332</y>
      <w>0.24828935</w>
      <t>66</t>
    </point>
    <point>
      <x>0.28333333</x>
      <y>0.26333332</y>
      <w>0.24828935</w>
      <t>67</t>
    </point>
    <point>
      <x>0.28333333</x>
      <y>0.265</y>
      <w>0.24828935</w>
      <t>67</t>
    </point>
    <point>
      <x>0.28333333</x>
      <y>0.26666668</y>
      <w>0.3489736</w>
      <t>100</t>
    </point>
    <point>
      <x>0.28333333</x>
      <y>0.27</y>
      <w>0.3489736</w>
      <t>100</t>
    </point>
    <point>
      <x>0.28333333</x>
      <y>0.27166668</y>
      <w>0.3489736</w>
      <t>100</t>
    </point>
    <point>
      <x>0.28333333</x>
      <y>0.275</y>
      <w>0.3489736</w>
      <t>100</t>
    </point>
    <point>
      <x>0.28333333</x>
      <y>0.27833334</y>
      <w>0.47605082</w>
      <t>134</t>
    </point>
    <point>
      <x>0.28333333</x>
      <y>0.28166667</y>
      <w>0.47605082</w>
      <t>134</t>
    </point>
    <point>
      <x>0.28333333</x>
      <y>0.285</y>
      <w>0.47605082</w>
      <t>134</t>
    </point>
    <point>
      <x>0.28333333</x>
      <y>0.28833333</y>
      <w>0.47605082</w>
      <t>135</t>
    </point>
    <point>
      <x>0.28333333</x>
      <y>0.29</y>
      <w>0.47605082</w>
      <t>135</t>
    </point>
    <point>
      <x>0.28333333</x>
      <y>0.29333332</y>
      <w>0.53763443</w>
      <t>166</t>
    </point>
    <point>
      <x>0.28333333</x>
      <y>0.295</y>
      <w>0.53763443</w>
      <t>166</t>
    </point>
    <point>
      <x>0.28333333</x>
      <y>0.29833335</y>
      <w>0.53763443</w>
      <t>166</t>
    </point>
    <point>
      <x>0.28333333</x>
      <y>0.3</y>
      <w>0.53763443</w>
      <t>167</t>
    </point>
    <point>
      <x>0.28333333</x>
      <y>0.30333334</y>
      <w>0.6158358</w>
      <t>200</t>
    </point>
    <point>
      <x>0.28166667</x>
      <y>0.30666667</y>
      <w>0.6158358</w>
      <t>200</t>
    </point>
    <point>
      <x>0.28166667</x>
      <y>0.31</y>
      <w>0.6158358</w>
      <t>200</t>
    </point>
    <point>
      <x>0.28</x>
      <y>0.31333333</y>
      <w>0.6158358</w>
      <t>201</t>
    </point>
    <point>
      <x>0.27666667</x>
      <y>0.31833333</y>
      <w>0.6158358</w>
      <t>201</t>
    </point>
    <point>
      <x>0.275</x>
      <y>0.32166666</y>
      <w>0.67155427</w>
      <t>233</t>
    </point>
    <point>
      <x>0.27333334</x>
      <y>0.32666665</y>
      <w>0.67155427</w>
      <t>233</t>
    </point>
    <point>
      <x>0.27166668</x>
      <y>0.33166668</y>
      <w>0.67155427</w>
      <t>233</t>
    </point>
    <point>
      <x>0.26833335</x>
      <y>0.33666667</y>
      <w>0.67155427</w>
      <t>234</t>
    </point>
    <point>
      <x>0.26666668</x>
      <y>0.34</y>
      <w>0.7096774</w>
      <t>267</t>
    </point>
    <point>
      <x>0.26333332</x>
      <y>0.345</y>
      <w>0.7096774</w>
      <t>267</t>
    </point>
    <point>
      <x>0.26166666</x>
      <y>0.35</y>
      <w>0.7096774</w>
      <t>267</t>
    </point>
    <point>
      <x>0.25833333</x>
      <y>0.355</y>
      <w>0.7096774</w>
      <t>268</t>
    </point>
    <point>
      <x>0.255</x>
      <y>0.36</y>
      <w>0.7096774</w>
      <t>268</t>
    </point>
    <point>
      <x>0.25</x>
      <y>0.365</y>
      <w>0.7302053</w>
      <t>300</t>
    </point>
    <point>
      <x>0.24666667</x>
      <y>0.37166667</y>
      <w>0.7302053</w>
      <t>300</t>
    </point>
    <point>
      <x>0.24166666</x>
      <y>0.37666667</y>
      <w>0.7302053</w>
      <t>300</t>
    </point>
    <point>
      <x>0.23833333</x>
      <y>0.38333333</y>
      <w>0.7302053</w>
      <t>301</t>
    </point>
    <point>
      <x>0.23333333</x>
      <y>0.38833332</y>
      <w>0.7536657</w>
      <t>333</t>
    </point>
    <point>
      <x>0.23</x>
      <y>0.39333335</y>
      <w>0.7536657</w>
      <t>333</t>
    </point>
    <point>
      <x>0.22666667</x>
      <y>0.39666668</y>
      <w>0.7536657</w>
      <t>333</t>
    </point>
    <point>
      <x>0.22333333</x>
      <y>0.40166667</y>
      <w>0.7536657</w>
      <t>333</t>
    </point>
    <point>
      <x>0.21833333</x>
      <y>0.405</y>
      <w>0.76441836</w>
      <t>366</t>
    </point>
    <point>
      <x>0.215</x>
      <y>0.41</y>
      <w>0.76441836</w>
      <t>366</t>
    </point>
    <point>
      <x>0.21166667</x>
      <y>0.41333333</y>
      <w>0.76441836</w>
      <t>366</t>
    </point>
    <point>
      <x>0.20833333</x>
      <y>0.41666666</y>
      <w>0.76441836</w>
      <t>367</t>
    </point>
    <point>
      <x>0.20666666</x>
      <y>0.42</y>
      <w>0.76441836</w>
      <t>367</t>
    </point>
    <point>
      <x>0.20333333</x>
      <y>0.42333335</y>
      <w>0.7653959</w>
      <t>400</t>
    </point>
    <point>
      <x>0.20166667</x>
      <y>0.425</y>
      <w>0.7653959</w>
      <t>400</t>
    </point>
    <point>
      <x>0.2</x>
      <y>0.42666668</y>
      <w>0.7653959</w>
      <t>400</t>
    </point>
    <point>
      <x>0.19833334</x>
      <y>0.42833334</y>
      <w>0.7653959</w>
      <t>401</t>
    </point>
    <point>
      <x>0.19833334</x>
      <y>0.43</y>
      <w>0.7653959</w>
      <t>433</t>
    </point>
    <point>
      <x>0.19666667</x>
      <y>0.43166667</y>
      <w>0.7653959</w>
      <t>433</t>
    </point>
    <point>
      <x>0.195</x>
      <y>0.43166667</y>
      <w>0.7653959</w>
      <t>433</t>
    </point>
  </stroke>
  <stroke time="1133">
    <point>
      <x>0.26</x>
      <y>0.51166666</y>
      <w>0.19159335</w>
      <t>1166</t>
    </point>
    <point>
      <x>0.26</x>
      <y>0.5133333</y>
      <w>0.19159335</w>
      <t>1166</t>
    </point>
    <point>
      <x>0.26</x>
      <y>0.515</y>
      <w>0.19159335</w>
      <t>1166</t>
    </point>
    <point>
      <x>0.26166666</x>
      <y>0.51666665</y>
      <w>0.19159335</w>
      <t>1166</t>
    </point>
    <point>
      <x>0.26333332</x>
      <y>0.5183333</y>
      <w>0.30498534</w>
      <t>1200</t>
    </point>
    <point>
      <x>0.26333332</x>
      <y>0.52</y>
      <w>0.30498534</w>
      <t>1200</t>
    </point>
    <point>
      <x>0.265</x>
      <y>0.5233333</y>
      <w>0.30498534</w>
      <t>1200</t>
    </point>
    <point>
      <x>0.26666668</x>
      <y>0.525</y>
      <w>0.30498534</w>
      <t>1201</t>
    </point>
    <point>
      <x>0.26666668</x>
      <y>0.5283333</y>
      <w>0.41055718</w>
      <t>1233</t>
    </point>
    <point>
      <x>0.26833335</x>
      <y>0.53333336</y>
      <w>0.41055718</w>
      <t>1233</t>
    </point>
    <point>
      <x>0.26833335</x>
      <y>0.5366667</y>
      <w>0.41055718</w>
      <t>1233</t>
    </point>
    <point>
      <x>0.27</x>
      <y>0.5416667</y>
      <w>0.41055718</w>
      <t>1233</t>
    </point>
    <point>
      <x>0.27166668</x>
      <y>0.5466667</y>
      <w>0.4965787</w>
      <t>1266</t>
    </point>
    <point>
      <x>0.27166668</x>
      <y>0.55</y>
      <w>0.4965787</w>
      <t>1266</t>
    </point>
    <point>
      <x>0.27166668</x>
      <y>0.55333334</y>
      <w>0.4965787</w>
      <t>1266</t>
    </point>
    <point>
      <x>0.27166668</x>
      <y>0.55833334</y>
      <w>0.4965787</w>
      <t>1266</t>
    </point>
    <point>
      <x>0.27166668</x>
      <y>0.56166667</y>
      <w>0.4965787</w>
      <t>1267</t>
    </point>
    <point>
      <x>0.27166668</x>
      <y>0.56666666</y>
      <w>0.5786901</w>
      <t>1300</t>
    </point>
    <point>
      <x>0.27166668</x>
      <y>0.57</y>
      <w>0.5786901</w>
      <t>1300</t>
    </point>
    <point>
      <x>0.27166668</x>
      <y>0.575</y>
      <w>0.5786901</w>
      <t>1300</t>
    </point>
    <point>
      <x>0.27166668</x>
      <y>0.5783333</y>
      <w>0.5786901</w>
      <t>1300</t>
    </point>
    <point>
      <x>0.27333334</x>
      <y>0.5833333</y>
      <w>0.65786904</w>
      <t>1333</t>
    </point>
    <point>
      <x>0.27333334</x>
      <y>0.58666664</y>
      <w>0.65786904</w>
      <t>1333</t>
    </point>
    <point>
      <x>0.27333334</x>
      <y>0.59166664</y>
      <w>0.65786904</w>
      <t>1333</t>
    </point>
    <point>
      <x>0.27333334</x>
      <y>0.5966667</y>
      <w>0.65786904</w>
      <t>1334</t>
    </point>
    <point>
      <x>0.27333334</x>
      <y>0.6016667</y>
      <w>0.65786904</w>
      <t>1334</t>
    </point>
    <point>
      <x>0.27333334</x>
      <y>0.6066667</y>
      <w>0.6911046</w>
      <t>1367</t>
    </point>
    <point>
      <x>0.27333334</x>
      <y>0.6116667</y>
      <w>0.6911046</w>
      <t>1367</t>
    </point>
    <point>
      <x>0.27333334</x>
      <y>0.6166667</y>
      <w>0.6911046</w>
      <t>1367</t>
    </point>
    <point>
      <x>0.275</x>
      <y>0.62333333</y>
      <w>0.6911046</w>
      <t>1367</t>
    </point>
    <point>
      <x>0.275</x>
      <y>0.62833333</y>
      <w>0.7302053</w>
      <t>1401</t>
    </point>
    <point>
      <x>0.275</x>
      <y>0.6333333</y>
      <w>0.7302053</w>
      <t>1402</t>
    </point>
    <point>
      <x>0.27666667</x>
      <y>0.6383333</y>
      <w>0.7302053</w>
      <t>1402</t>
    </point>
    <point>
      <x>0.27666667</x>
      <y>0.6433333</y>
      <w>0.7302053</w>
      <t>1402</t>
    </point>
    <point>
      <x>0.27666667</x>
      <y>0.64666665</y>
      <w>0.7302053</w>
      <t>1402</t>
    </point>
    <point>
      <x>0.27833334</x>
      <y>0.65</y>
      <w>0.7380254</w>
      <t>1433</t>
    </point>
    <point>
      <x>0.27833334</x>
      <y>0.655</y>
      <w>0.7380254</w>
      <t>1433</t>
    </point>
    <point>
      <x>0.28</x>
      <y>0.6566667</y>
      <w>0.7380254</w>
      <t>1433</t>
    </point>
    <point>
      <x>0.28</x>
      <y>0.6616667</y>
      <w>0.7380254</w>
      <t>1433</t>
    </point>
    <point>
      <x>0.28166667</x>
      <y>0.665</y>
      <w>0.7487781</w>
      <t>1467</t>
    </point>
    <point>
      <x>0.28333333</x>
      <y>0.66833335</y>
      <w>0.7487781</w>
      <t>1467</t>
    </point>
    <point>
      <x>0.28333333</x>
      <y>0.6716667</y>
      <w>0.7487781</w>
      <t>1467</t>
    </point>
    <point>
      <x>0.285</x>
      <y>0.6766667</y>
      <w>0.7487781</w>
      <t>1468</t>
    </point>
    <point>
      <x>0.285</x>
      <y>0.68</y>
      <w>0.7487781</w>
      <t>1468</t>
    </point>
    <point>
      <x>0.28666666</x>
      <y>0.68333334</y>
      <w>0.75855327</w>
      <t>1499</t>
    </point>
    <point>
      <x>0.28833333</x>
      <y>0.68666667</y>
      <w>0.75855327</w>
      <t>1499</t>
    </point>
    <point>
      <x>0.29</x>
      <y>0.69</y>
      <w>0.75855327</w>
      <t>1499</t>
    </point>
    <point>
      <x>0.29</x>
      <y>0.6933333</y>
      <w>0.75855327</w>
      <t>1499</t>
    </point>
    <point>
      <x>0.29166666</x>
      <y>0.695</y>
      <w>0.7614858</w>
      <t>1533</t>
    </point>
    <point>
      <x>0.29333332</x>
      <y>0.6983333</y>
      <w>0.7614858</w>
      <t>1533</t>
    </point>
    <point>
      <x>0.295</x>
      <y>0.7</y>
      <w>0.7614858</w>
      <t>1533</t>
    </point>
    <point>
      <x>0.29666665</x>
      <y>0.7033333</y>
      <w>0.7614858</w>
      <t>1533</t>
    </point>
    <point>
      <x>0.29833335</x>
      <y>0.70666665</y>
      <w>0.7663734</w>
      <t>1567</t>
    </point>
    <point>
      <x>0.3</x>
      <y>0.7083333</y>
      <w>0.7663734</w>
      <t>1567</t>
    </point>
    <point>
      <x>0.30166668</x>
      <y>0.71166664</y>
      <w>0.7663734</w>
      <t>1567</t>
    </point>
    <point>
      <x>0.30333334</x>
      <y>0.7133333</y>
      <w>0.7663734</w>
      <t>1567</t>
    </point>
    <point>
      <x>0.305</x>
      <y>0.71666664</y>
      <w>0.7663734</w>
      <t>1567</t>
    </point>
    <point>
      <x>0.30666667</x>
      <y>0.7183333</y>
      <w>0.7663734</w>
      <t>1600</t>
    </point>
    <point>
      <x>0.30833334</x>
      <y>0.72</y>
      <w>0.7663734</w>
      <t>1600</t>
    </point>
    <point>
      <x>0.31</x>
      <y>0.7216667</y>
      <w>0.7663734</w>
      <t>1600</t>
    </point>
    <point>
      <x>0.31</x>
      <y>0.72</y>
      <w>0.4692082</w>
      <t>1667</t>
    </point>
  </stroke>
  <stroke time="2767">
    <point>
      <x>0.5183333</x>
      <y>0.27166668</y>
      <w>0.032258064</w>
      <t>2767</t>
    </point>
    <point>
      <x>0.52</x>
      <y>0.27166668</y>
      <w>0.14858261</w>
      <t>2799</t>
    </point>
    <point>
      <x>0.52</x>
      <y>0.27333334</y>
      <w>0.3147605</w>
      <t>2834</t>
    </point>
    <point>
      <x>0.52166665</x>
      <y>0.27333334</y>
      <w>0.3147605</w>
      <t>2834</t>
    </point>
    <point>
      <x>0.52166665</x>
      <y>0.275</y>
      <w>0.3147605</w>
      <t>2836</t>
    </point>
    <point>
      <x>0.5233333</x>
      <y>0.275</y>
      <w>0.3147605</w>
      <t>2836</t>
    </point>
    <point>
      <x>0.525</x>
      <y>0.275</y>
      <w>0.42521995</w>
      <t>2867</t>
    </point>
    <point>
      <x>0.525</x>
      <y>0.27666667</y>
      <w>0.42521995</w>
      <t>2867</t>
    </point>
    <point>
      <x>0.52666664</x>
      <y>0.27833334</y>
      <w>0.42521995</w>
      <t>2867</t>
    </point>
    <point>
      <x>0.5283333</x>
      <y>0.27833334</y>
      <w>0.42521995</w>
      <t>2867</t>
    </point>
    <point>
      <x>0.5316667</x>
      <y>0.27833334</y>
      <w>0.50635386</w>
      <t>2900</t>
    </point>
    <point>
      <x>0.53333336</x>
      <y>0.28</y>
      <w>0.50635386</w>
      <t>2900</t>
    </point>
    <point>
      <x>0.535</x>
      <y>0.28</y>
      <w>0.50635386</w>
      <t>2900</t>
    </point>
    <point>
      <x>0.5366667</x>
      <y>0.28166667</y>
      <w>0.50635386</w>
      <t>2900</t>
    </point>
    <point>
      <x>0.53833336</x>
      <y>0.28166667</y>
      <w>0.55718476</w>
      <t>2934</t>
    </point>
    <point>
      <x>0.54</x>
      <y>0.28166667</y>
      <w>0.55718476</w>
      <t>2934</t>
    </point>
    <point>
      <x>0.5416667</x>
      <y>0.28166667</y>
      <w>0.55718476</w>
      <t>2934</t>
    </point>
    <point>
      <x>0.545</x>
      <y>0.28166667</y>
      <w>0.55718476</w>
      <t>2934</t>
    </point>
    <point>
      <x>0.5466667</x>
      <y>0.28166667</y>
      <w>0.5845552</w>
      <t>2967</t>
    </point>
    <point>
      <x>0.55</x>
      <y>0.28166667</y>
      <w>0.5845552</w>
      <t>2967</t>
    </point>
    <point>
      <x>0.55333334</x>
      <y>0.28166667</y>
      <w>0.5845552</w>
      <t>2967</t>
    </point>
    <point>
      <x>0.5566667</x>
      <y>0.28</y>
      <w>0.5845552</w>
      <t>2967</t>
    </point>
    <point>
      <x>0.56166667</x>
      <y>0.28</y>
      <w>0.6050831</w>
      <t>3000</t>
    </point>
    <point>
      <x>0.56666666</x>
      <y>0.27833334</y>
      <w>0.6050831</w>
      <t>3000</t>
    </point>
    <point>
      <x>0.57166666</x>
      <y>0.27666667</y>
      <w>0.6050831</w>
      <t>3000</t>
    </point>
    <point>
      <x>0.57666665</x>
      <y>0.275</y>
      <w>0.6050831</w>
      <t>3000</t>
    </point>
    <point>
      <x>0.5833333</x>
      <y>0.27333334</y>
      <w>0.6050831</w>
      <t>3000</t>
    </point>
    <point>
      <x>0.5883333</x>
      <y>0.27166668</y>
      <w>0.6217009</w>
      <t>3033</t>
    </point>
    <point>
      <x>0.595</x>
      <y>0.27</y>
      <w>0.6217009</w>
      <t>3033</t>
    </point>
    <point>
      <x>0.6</x>
      <y>0.26833335</y>
      <w>0.6217009</w>
      <t>3033</t>
    </point>
    <point>
      <x>0.605</x>
      <y>0.26666668</y>
      <w>0.6217009</w>
      <t>3033</t>
    </point>
    <point>
      <x>0.6116667</x>
      <y>0.265</y>
      <w>0.6226784</w>
      <t>3067</t>
    </point>
    <point>
      <x>0.6166667</x>
      <y>0.26333332</y>
      <w>0.6226784</w>
      <t>3067</t>
    </point>
    <point>
      <x>0.62333333</x>
      <y>0.26333332</y>
      <w>0.6226784</w>
      <t>3067</t>
    </point>
    <point>
      <x>0.62833333</x>
      <y>0.26166666</y>
      <w>0.6226784</w>
      <t>3067</t>
    </point>
    <point>
      <x>0.635</x>
      <y>0.26166666</y>
      <w>0.6226784</w>
      <t>3067</t>
    </point>
    <point>
      <x>0.64</x>
      <y>0.26</y>
      <w>0.6236559</w>
      <t>3099</t>
    </point>
    <point>
      <x>0.645</x>
      <y>0.25833333</y>
      <w>0.6236559</w>
      <t>3099</t>
    </point>
    <point>
      <x>0.65</x>
      <y>0.25833333</y>
      <w>0.6236559</w>
      <t>3099</t>
    </point>
    <point>
      <x>0.6533333</x>
      <y>0.25666666</y>
      <w>0.6236559</w>
      <t>3099</t>
    </point>
    <point>
      <x>0.6566667</x>
      <y>0.25666666</y>
      <w>0.62658846</w>
      <t>3133</t>
    </point>
    <point>
      <x>0.66</x>
      <y>0.255</y>
      <w>0.62658846</w>
      <t>3133</t>
    </point>
    <point>
      <x>0.6616667</x>
      <y>0.255</y>
      <w>0.62658846</w>
      <t>3133</t>
    </point>
    <point>
      <x>0.66333336</x>
      <y>0.255</y>
      <w>0.62658846</w>
      <t>3133</t>
    </point>
    <point>
      <x>0.665</x>
      <y>0.255</y>
      <w>0.63245356</w>
      <t>3167</t>
    </point>
    <point>
      <x>0.66333336</x>
      <y>0.255</y>
      <w>0.29618767</w>
      <t>3266</t>
    </point>
  </stroke>
  <stroke time="3767">
    <point>
      <x>0.59166664</x>
      <y>0.16666667</y>
      <w>0.06549364</w>
      <t>3767</t>
    </point>
    <point>
      <x>0.59166664</x>
      <y>0.16833334</y>
      <w>0.06549364</w>
      <t>3767</t>
    </point>
    <point>
      <x>0.5933333</x>
      <y>0.16833334</y>
      <w>0.19843598</w>
      <t>3800</t>
    </point>
    <point>
      <x>0.595</x>
      <y>0.17</y>
      <w>0.19843598</w>
      <t>3800</t>
    </point>
    <point>
      <x>0.5966667</x>
      <y>0.17</y>
      <w>0.19843598</w>
      <t>3800</t>
    </point>
    <point>
      <x>0.59833336</x>
      <y>0.17333333</y>
      <w>0.19843598</w>
      <t>3800</t>
    </point>
    <point>
      <x>0.59833336</x>
      <y>0.175</y>
      <w>0.19843598</w>
      <t>3800</t>
    </point>
    <point>
      <x>0.6016667</x>
      <y>0.17666666</y>
      <w>0.37829912</w>
      <t>3833</t>
    </point>
    <point>
      <x>0.60333335</x>
      <y>0.17833333</y>
      <w>0.37829912</w>
      <t>3833</t>
    </point>
    <point>
      <x>0.60333335</x>
      <y>0.18166667</y>
      <w>0.37829912</w>
      <t>3834</t>
    </point>
    <point>
      <x>0.605</x>
      <y>0.18333334</y>
      <w>0.37829912</w>
      <t>3834</t>
    </point>
    <point>
      <x>0.6066667</x>
      <y>0.185</y>
      <w>0.45454547</w>
      <t>3867</t>
    </point>
    <point>
      <x>0.60833335</x>
      <y>0.18833333</y>
      <w>0.45454547</w>
      <t>3867</t>
    </point>
    <point>
      <x>0.60833335</x>
      <y>0.19</y>
      <w>0.45454547</w>
      <t>3867</t>
    </point>
    <point>
      <x>0.61</x>
      <y>0.19166666</y>
      <w>0.45454547</w>
      <t>3867</t>
    </point>
    <point>
      <x>0.6116667</x>
      <y>0.195</y>
      <w>0.5102639</w>
      <t>3900</t>
    </point>
    <point>
      <x>0.6116667</x>
      <y>0.19666667</y>
      <w>0.5102639</w>
      <t>3900</t>
    </point>
    <point>
      <x>0.61333334</x>
      <y>0.2</y>
      <w>0.5102639</w>
      <t>3900</t>
    </point>
    <point>
      <x>0.615</x>
      <y>0.20333333</y>
      <w>0.5102639</w>
      <t>3900</t>
    </point>
    <point>
      <x>0.6166667</x>
      <y>0.20666666</y>
      <w>0.5102639</w>
      <t>3900</t>
    </point>
    <point>
      <x>0.61833334</x>
      <y>0.21</y>
      <w>0.5483871</w>
      <t>3933</t>
    </point>
    <point>
      <x>0.61833334</x>
      <y>0.21333334</y>
      <w>0.5483871</w>
      <t>3933</t>
    </point>
    <point>
      <x>0.62</x>
      <y>0.21833333</y>
      <w>0.5483871</w>
      <t>3933</t>
    </point>
    <point>
      <x>0.62166667</x>
      <y>0.22166666</y>
      <w>0.5483871</w>
      <t>3933</t>
    </point>
    <point>
      <x>0.62166667</x>
      <y>0.225</y>
      <w>0.57087</w>
      <t>3967</t>
    </point>
    <point>
      <x>0.62333333</x>
      <y>0.22833334</y>
      <w>0.57087</w>
      <t>3967</t>
    </point>
    <point>
      <x>0.625</x>
      <y>0.23333333</y>
      <w>0.57087</w>
      <t>3967</t>
    </point>
    <point>
      <x>0.625</x>
      <y>0.23666666</y>
      <w>0.57087</w>
      <t>3967</t>
    </point>
    <point>
      <x>0.62666667</x>
      <y>0.24</y>
      <w>0.57087</w>
      <t>3967</t>
    </point>
    <point>
      <x>0.62833333</x>
      <y>0.245</y>
      <w>0.5845552</w>
      <t>4000</t>
    </point>
    <point>
      <x>0.62833333</x>
      <y>0.24833333</y>
      <w>0.5845552</w>
      <t>4000</t>
    </point>
    <point>
      <x>0.62833333</x>
      <y>0.25166667</y>
      <w>0.5845552</w>
      <t>4000</t>
    </point>
    <point>
      <x>0.62833333</x>
      <y>0.25666666</y>
      <w>0.5845552</w>
      <t>4000</t>
    </point>
    <point>
      <x>0.63</x>
      <y>0.26</y>
      <w>0.60215056</w>
      <t>4033</t>
    </point>
    <point>
      <x>0.63</x>
      <y>0.265</y>
      <w>0.60215056</w>
      <t>4033</t>
    </point>
    <point>
      <x>0.63</x>
      <y>0.26833335</y>
      <w>0.60215056</w>
      <t>4033</t>
    </point>
    <point>
      <x>0.63</x>
      <y>0.27333334</y>
      <w>0.60215056</w>
      <t>4033</t>
    </point>
    <point>
      <x>0.63</x>
      <y>0.27833334</y>
      <w>0.60215056</w>
      <t>4033</t>
    </point>
    <point>
      <x>0.63</x>
      <y>0.28333333</y>
      <w>0.60801566</w>
      <t>4067</t>
    </point>
    <point>
      <x>0.63</x>
      <y>0.28833333</y>
      <w>0.60801566</w>
      <t>4067</t>
    </point>
    <point>
      <x>0.63</x>
      <y>0.29333332</y>
      <w>0.60801566</w>
      <t>4067</t>
    </point>
    <point>
      <x>0.62833333</x>
      <y>0.29833335</y>
      <w>0.60801566</w>
      <t>4067</t>
    </point>
    <point>
      <x>0.62833333</x>
      <y>0.30333334</y>
      <w>0.61290324</w>
      <t>4100</t>
    </point>
    <point>
      <x>0.62833333</x>
      <y>0.31</y>
      <w>0.61290324</w>
      <t>4100</t>
    </point>
    <point>
      <x>0.62666667</x>
      <y>0.315</y>
      <w>0.61290324</w>
      <t>4100</t>
    </point>
    <point>
      <x>0.625</x>
      <y>0.32166666</y>
      <w>0.61290324</w>
      <t>4100</t>
    </point>
    <point>
      <x>0.625</x>
      <y>0.32833335</y>
      <w>0.61290324</w>
      <t>4100</t>
    </point>
    <point>
      <x>0.62333333</x>
      <y>0.33333334</y>
      <w>0.61485827</w>
      <t>4134</t>
    </point>
    <point>
      <x>0.62166667</x>
      <y>0.34</y>
      <w>0.61485827</w>
      <t>4134</t>
    </point>
    <point>
      <x>0.62166667</x>
      <y>0.345</y>
      <w>0.61485827</w>
      <t>4134</t>
    </point>
    <point>
      <x>0.62166667</x>
      <y>0.35166666</y>
      <w>0.61485827</w>
      <t>4134</t>
    </point>
    <point>
      <x>0.62</x>
      <y>0.35666665</y>
      <w>0.6158358</w>
      <t>4167</t>
    </point>
    <point>
      <x>0.62</x>
      <y>0.36166668</y>
      <w>0.6158358</w>
      <t>4167</t>
    </point>
    <point>
      <x>0.62</x>
      <y>0.36666667</y>
      <w>0.6158358</w>
      <t>4167</t>
    </point>
    <point>
      <x>0.62</x>
      <y>0.37333333</y>
      <w>0.6158358</w>
      <t>4167</t>
    </point>
    <point>
      <x>0.61833334</x>
      <y>0.37833333</y>
      <w>0.6158358</w>
      <t>4200</t>
    </point>
    <point>
      <x>0.61833334</x>
      <y>0.385</y>
      <w>0.6158358</w>
      <t>4200</t>
    </point>
    <point>
      <x>0.61833334</x>
      <y>0.39</y>
      <w>0.6158358</w>
      <t>4200</t>
    </point>
    <point>
      <x>0.61833334</x>
      <y>0.39666668</y>
      <w>0.6158358</w>
      <t>4200</t>
    </point>
    <point>
      <x>0.6166667</x>
      <y>0.40333334</y>
      <w>0.6158358</w>
      <t>4200</t>
    </point>
    <point>
      <x>0.6166667</x>
      <y>0.40833333</y>
      <w>0.6158358</w>
      <t>4233</t>
    </point>
    <point>
      <x>0.6166667</x>
      <y>0.415</y>
      <w>0.6158358</w>
      <t>4233</t>
    </point>
    <point>
      <x>0.6166667</x>
      <y>0.42</y>
      <w>0.6158358</w>
      <t>4233</t>
    </point>
    <point>
      <x>0.6166667</x>
      <y>0.42666668</y>
      <w>0.6158358</w>
      <t>4233</t>
    </point>
    <point>
      <x>0.615</x>
      <y>0.43166667</y>
      <w>0.6158358</w>
      <t>4267</t>
    </point>
    <point>
      <x>0.615</x>
      <y>0.43666667</y>
      <w>0.6158358</w>
      <t>4267</t>
    </point>
    <point>
      <x>0.615</x>
      <y>0.44166666</y>
      <w>0.6158358</w>
      <t>4267</t>
    </point>
    <point>
      <x>0.615</x>
      <y>0.445</y>
      <w>0.6158358</w>
      <t>4267</t>
    </point>
    <point>
      <x>0.615</x>
      <y>0.45</y>
      <w>0.6158358</w>
      <t>4267</t>
    </point>
    <point>
      <x>0.615</x>
      <y>0.45333335</y>
      <w>0.61290324</w>
      <t>4300</t>
    </point>
    <point>
      <x>0.615</x>
      <y>0.45666668</y>
      <w>0.61290324</w>
      <t>4300</t>
    </point>
    <point>
      <x>0.6166667</x>
      <y>0.46</y>
      <w>0.61290324</w>
      <t>4300</t>
    </point>
    <point>
      <x>0.6166667</x>
      <y>0.46333334</y>
      <w>0.61290324</w>
      <t>4300</t>
    </point>
    <point>
      <x>0.61833334</x>
      <y>0.46666667</y>
      <w>0.6060606</w>
      <t>4333</t>
    </point>
    <point>
      <x>0.62</x>
      <y>0.46833333</y>
      <w>0.6060606</w>
      <t>4333</t>
    </point>
    <point>
      <x>0.62</x>
      <y>0.47166666</y>
      <w>0.6060606</w>
      <t>4333</t>
    </point>
    <point>
      <x>0.62166667</x>
      <y>0.47333333</y>
      <w>0.6060606</w>
      <t>4333</t>
    </point>
    <point>
      <x>0.62333333</x>
      <y>0.47666666</y>
      <w>0.6060606</w>
      <t>4333</t>
    </point>
    <point>
      <x>0.625</x>
      <y>0.47833332</y>
      <w>0.599218</w>
      <t>4366</t>
    </point>
    <point>
      <x>0.62666667</x>
      <y>0.48</y>
      <w>0.599218</w>
      <t>4366</t>
    </point>
    <point>
      <x>0.62833333</x>
      <y>0.48333332</y>
      <w>0.599218</w>
      <t>4366</t>
    </point>
    <point>
      <x>0.63</x>
      <y>0.485</y>
      <w>0.599218</w>
      <t>4366</t>
    </point>
    <point>
      <x>0.63166666</x>
      <y>0.48666668</y>
      <w>0.597263</w>
      <t>4400</t>
    </point>
    <point>
      <x>0.6333333</x>
      <y>0.48833334</y>
      <w>0.597263</w>
      <t>4400</t>
    </point>
    <point>
      <x>0.63666666</x>
      <y>0.49166667</y>
      <w>0.597263</w>
      <t>4400</t>
    </point>
    <point>
      <x>0.6383333</x>
      <y>0.49333334</y>
      <w>0.597263</w>
      <t>4400</t>
    </point>
    <point>
      <x>0.64</x>
      <y>0.495</y>
      <w>0.597263</w>
      <t>4400</t>
    </point>
    <point>
      <x>0.64166665</x>
      <y>0.49833333</y>
      <w>0.59628546</w>
      <t>4433</t>
    </point>
    <point>
      <x>0.6433333</x>
      <y>0.5</y>
      <w>0.59628546</w>
      <t>4433</t>
    </point>
    <point>
      <x>0.645</x>
      <y>0.50333333</y>
      <w>0.59628546</w>
      <t>4433</t>
    </point>
    <point>
      <x>0.64666665</x>
      <y>0.505</y>
      <w>0.59628546</w>
      <t>4433</t>
    </point>
    <point>
      <x>0.6483333</x>
      <y>0.50666666</y>
      <w>0.59628546</w>
      <t>4467</t>
    </point>
    <point>
      <x>0.6483333</x>
      <y>0.5083333</y>
      <w>0.59628546</w>
      <t>4467</t>
    </point>
    <point>
      <x>0.65</x>
      <y>0.51</y>
      <w>0.59628546</w>
      <t>4467</t>
    </point>
    <point>
      <x>0.65166664</x>
      <y>0.51166666</y>
      <w>0.59628546</w>
      <t>4467</t>
    </point>
    <point>
      <x>0.6533333</x>
      <y>0.5133333</y>
      <w>0.59628546</w>
      <t>4500</t>
    </point>
    <point>
      <x>0.6533333</x>
      <y>0.515</y>
      <w>0.59628546</w>
      <t>4500</t>
    </point>
    <point>
      <x>0.655</x>
      <y>0.51666665</y>
      <w>0.59628546</w>
      <t>4500</t>
    </point>
    <point>
      <x>0.6566667</x>
      <y>0.5183333</y>
      <w>0.59628546</w>
      <t>4500</t>
    </point>
    <point>
      <x>0.6566667</x>
      <y>0.52166665</y>
      <w>0.59628546</w>
      <t>4500</t>
    </point>
    <point>
      <x>0.65833336</x>
      <y>0.5233333</y>
      <w>0.59628546</w>
      <t>4533</t>
    </point>
    <point>
      <x>0.65833336</x>
      <y>0.52666664</y>
      <w>0.59628546</w>
      <t>4533</t>
    </point>
    <point>
      <x>0.66</x>
      <y>0.5283333</y>
      <w>0.59628546</w>
      <t>4533</t>
    </point>
    <point>
      <x>0.66</x>
      <y>0.5316667</y>
      <w>0.59628546</w>
      <t>4533</t>
    </point>
    <point>
      <x>0.6616667</x>
      <y>0.53333336</y>
      <w>0.597263</w>
      <t>4567</t>
    </point>
    <point>
      <x>0.6616667</x>
      <y>0.535</y>
      <w>0.597263</w>
      <t>4567</t>
    </point>
    <point>
      <x>0.66333336</x>
      <y>0.53833336</y>
      <w>0.597263</w>
      <t>4567</t>
    </point>
    <point>
      <x>0.66333336</x>
      <y>0.54</y>
      <w>0.597263</w>
      <t>4567</t>
    </point>
    <point>
      <x>0.665</x>
      <y>0.5416667</y>
      <w>0.597263</w>
      <t>4567</t>
    </point>
    <point>
      <x>0.665</x>
      <y>0.545</y>
      <w>0.5982405</w>
      <t>4600</t>
    </point>
    <point>
      <x>0.665</x>
      <y>0.5466667</y>
      <w>0.5982405</w>
      <t>4600</t>
    </point>
    <point>
      <x>0.665</x>
      <y>0.55</y>
      <w>0.5982405</w>
      <t>4600</t>
    </point>
    <point>
      <x>0.665</x>
      <y>0.5516667</y>
      <w>0.5982405</w>
      <t>4600</t>
    </point>
    <point>
      <x>0.665</x>
      <y>0.555</y>
      <w>0.6050831</w>
      <t>4633</t>
    </point>
    <point>
      <x>0.665</x>
      <y>0.5566667</y>
      <w>0.6050831</w>
      <t>4633</t>
    </point>
    <point>
      <x>0.665</x>
      <y>0.56</y>
      <w>0.6050831</w>
      <t>4633</t>
    </point>
    <point>
      <x>0.665</x>
      <y>0.56166667</y>
      <w>0.6050831</w>
      <t>4633</t>
    </point>
    <point>
      <x>0.665</x>
      <y>0.565</y>
      <w>0.6050831</w>
      <t>4633</t>
    </point>
    <point>
      <x>0.665</x>
      <y>0.5683333</y>
      <w>0.60801566</w>
      <t>4667</t>
    </point>
    <point>
      <x>0.665</x>
      <y>0.57166666</y>
      <w>0.60801566</w>
      <t>4667</t>
    </point>
    <point>
      <x>0.665</x>
      <y>0.575</y>
      <w>0.60801566</w>
      <t>4667</t>
    </point>
    <point>
      <x>0.66333336</x>
      <y>0.5783333</y>
      <w>0.60801566</w>
      <t>4667</t>
    </point>
    <point>
      <x>0.66333336</x>
      <y>0.5833333</y>
      <w>0.61485827</w>
      <t>4700</t>
    </point>
    <point>
      <x>0.66333336</x>
      <y>0.58666664</y>
      <w>0.61485827</w>
      <t>4700</t>
    </point>
    <point>
      <x>0.6616667</x>
      <y>0.59</y>
      <w>0.61485827</w>
      <t>4700</t>
    </point>
    <point>
      <x>0.6616667</x>
      <y>0.5933333</y>
      <w>0.61485827</w>
      <t>4700</t>
    </point>
    <point>
      <x>0.66</x>
      <y>0.5966667</y>
      <w>0.61485827</w>
      <t>4700</t>
    </point>
    <point>
      <x>0.66</x>
      <y>0.6016667</y>
      <w>0.6236559</w>
      <t>4734</t>
    </point>
    <point>
      <x>0.65833336</x>
      <y>0.605</y>
      <w>0.6236559</w>
      <t>4734</t>
    </point>
    <point>
      <x>0.6566667</x>
      <y>0.61</y>
      <w>0.6236559</w>
      <t>4734</t>
    </point>
    <point>
      <x>0.6566667</x>
      <y>0.615</y>
      <w>0.6236559</w>
      <t>4734</t>
    </point>
    <point>
      <x>0.655</x>
      <y>0.61833334</y>
      <w>0.6285435</w>
      <t>4767</t>
    </point>
    <point>
      <x>0.655</x>
      <y>0.62333333</y>
      <w>0.6285435</w>
      <t>4767</t>
    </point>
    <point>
      <x>0.6533333</x>
      <y>0.62833333</y>
      <w>0.6285435</w>
      <t>4767</t>
    </point>
    <point>
      <x>0.6533333</x>
      <y>0.63166666</y>
      <w>0.6285435</w>
      <t>4767</t>
    </point>
    <point>
      <x>0.65166664</x>
      <y>0.63666666</y>
      <w>0.6334311</w>
      <t>4800</t>
    </point>
    <point>
      <x>0.65166664</x>
      <y>0.64166665</y>
      <w>0.6334311</w>
      <t>4800</t>
    </point>
    <point>
      <x>0.65</x>
      <y>0.645</y>
      <w>0.6334311</w>
      <t>4800</t>
    </point>
    <point>
      <x>0.65</x>
      <y>0.65</y>
      <w>0.6334311</w>
      <t>4800</t>
    </point>
    <point>
      <x>0.65</x>
      <y>0.655</y>
      <w>0.6334311</w>
      <t>4800</t>
    </point>
    <point>
      <x>0.65</x>
      <y>0.65833336</y>
      <w>0.6353861</w>
      <t>4834</t>
    </point>
    <point>
      <x>0.6483333</x>
      <y>0.6616667</y>
      <w>0.6353861</w>
      <t>4834</t>
    </point>
    <point>
      <x>0.6483333</x>
      <y>0.6666667</y>
      <w>0.6353861</w>
      <t>4834</t>
    </point>
    <point>
      <x>0.6483333</x>
      <y>0.67</y>
      <w>0.6353861</w>
      <t>4834</t>
    </point>
    <point>
      <x>0.6483333</x>
      <y>0.675</y>
      <w>0.6353861</w>
      <t>4834</t>
    </point>
    <point>
      <x>0.6483333</x>
      <y>0.67833334</y>
      <w>0.63831866</w>
      <t>4867</t>
    </point>
    <point>
      <x>0.6483333</x>
      <y>0.6816667</y>
      <w>0.63831866</w>
      <t>4867</t>
    </point>
    <point>
      <x>0.6483333</x>
      <y>0.685</y>
      <w>0.63831866</w>
      <t>4867</t>
    </point>
    <point>
      <x>0.65</x>
      <y>0.68833333</y>
      <w>0.63831866</w>
      <t>4867</t>
    </point>
    <point>
      <x>0.65</x>
      <y>0.69166666</y>
      <w>0.6392962</w>
      <t>4900</t>
    </point>
    <point>
      <x>0.65166664</x>
      <y>0.6933333</y>
      <w>0.6392962</w>
      <t>4900</t>
    </point>
    <point>
      <x>0.65166664</x>
      <y>0.69666666</y>
      <w>0.6392962</w>
      <t>4900</t>
    </point>
    <point>
      <x>0.6533333</x>
      <y>0.7</y>
      <w>0.6392962</w>
      <t>4900</t>
    </point>
    <point>
      <x>0.655</x>
      <y>0.70166665</y>
      <w>0.6392962</w>
      <t>4933</t>
    </point>
    <point>
      <x>0.6566667</x>
      <y>0.705</y>
      <w>0.6392962</w>
      <t>4933</t>
    </point>
    <point>
      <x>0.65833336</x>
      <y>0.7083333</y>
      <w>0.6392962</w>
      <t>4933</t>
    </point>
    <point>
      <x>0.66</x>
      <y>0.71166664</y>
      <w>0.6392962</w>
      <t>4933</t>
    </point>
    <point>
      <x>0.6616667</x>
      <y>0.715</y>
      <w>0.6392962</w>
      <t>4933</t>
    </point>
    <point>
      <x>0.66333336</x>
      <y>0.7183333</y>
      <w>0.6344086</w>
      <t>4967</t>
    </point>
    <point>
      <x>0.665</x>
      <y>0.7216667</y>
      <w>0.6344086</w>
      <t>4967</t>
    </point>
    <point>
      <x>0.66833335</x>
      <y>0.725</y>
      <w>0.6344086</w>
      <t>4967</t>
    </point>
    <point>
      <x>0.67</x>
      <y>0.7266667</y>
      <w>0.6344086</w>
      <t>4967</t>
    </point>
    <point>
      <x>0.67333335</x>
      <y>0.73</y>
      <w>0.629521</w>
      <t>5000</t>
    </point>
    <point>
      <x>0.675</x>
      <y>0.73333335</y>
      <w>0.629521</w>
      <t>5000</t>
    </point>
    <point>
      <x>0.67833334</x>
      <y>0.7366667</y>
      <w>0.629521</w>
      <t>5000</t>
    </point>
    <point>
      <x>0.6816667</x>
      <y>0.74</y>
      <w>0.629521</w>
      <t>5000</t>
    </point>
    <point>
      <x>0.68333334</x>
      <y>0.7416667</y>
      <w>0.629521</w>
      <t>5000</t>
    </point>
    <point>
      <x>0.68666667</x>
      <y>0.745</y>
      <w>0.6236559</w>
      <t>5034</t>
    </point>
    <point>
      <x>0.68833333</x>
      <y>0.74666667</y>
      <w>0.6236559</w>
      <t>5034</t>
    </point>
    <point>
      <x>0.69166666</x>
      <y>0.75</y>
      <w>0.6236559</w>
      <t>5034</t>
    </point>
    <point>
      <x>0.6933333</x>
      <y>0.75166667</y>
      <w>0.6236559</w>
      <t>5034</t>
    </point>
    <point>
      <x>0.69666666</x>
      <y>0.755</y>
      <w>0.61974585</w>
      <t>5067</t>
    </point>
    <point>
      <x>0.6983333</x>
      <y>0.75666666</y>
      <w>0.61974585</w>
      <t>5067</t>
    </point>
    <point>
      <x>0.70166665</x>
      <y>0.76</y>
      <w>0.61974585</w>
      <t>5067</t>
    </point>
    <point>
      <x>0.7033333</x>
      <y>0.76166666</y>
      <w>0.61974585</w>
      <t>5067</t>
    </point>
    <point>
      <x>0.705</x>
      <y>0.7633333</y>
      <w>0.61974585</w>
      <t>5067</t>
    </point>
    <point>
      <x>0.70666665</x>
      <y>0.76666665</y>
      <w>0.6177908</w>
      <t>5100</t>
    </point>
    <point>
      <x>0.71</x>
      <y>0.7683333</y>
      <w>0.6177908</w>
      <t>5100</t>
    </point>
    <point>
      <x>0.71166664</x>
      <y>0.77</y>
      <w>0.6177908</w>
      <t>5100</t>
    </point>
    <point>
      <x>0.71166664</x>
      <y>0.77166665</y>
      <w>0.6177908</w>
      <t>5100</t>
    </point>
    <point>
      <x>0.7133333</x>
      <y>0.7733333</y>
      <w>0.6031281</w>
      <t>5133</t>
    </point>
    <point>
      <x>0.715</x>
      <y>0.775</y>
      <w>0.6031281</w>
      <t>5133</t>
    </point>
    <point>
      <x>0.7133333</x>
      <y>0.775</y>
      <w>0.0</w>
      <t>5200</t>
    </point>
  </stroke>
  <stroke time="5834">
    <point>
      <x>0.46</x>
      <y>0.43</y>
      <w>0.27174976</w>
      <t>5868</t>
    </point>
    <point>
      <x>0.46</x>
      <y>0.43166667</y>
      <w>0.27174976</w>
      <t>5868</t>
    </point>
    <point>
      <x>0.46166667</x>
      <y>0.43333334</y>
      <w>0.36754644</w>
      <t>5900</t>
    </point>
    <point>
      <x>0.46333334</x>
      <y>0.43666667</y>
      <w>0.36754644</w>
      <t>5900</t>
    </point>
    <point>
      <x>0.465</x>
      <y>0.43833333</y>
      <w>0.36754644</w>
      <t>5900</t>
    </point>
    <point>
      <x>0.46666667</x>
      <y>0.44</y>
      <w>0.4682307</w>
      <t>5935</t>
    </point>
    <point>
      <x>0.46666667</x>
      <y>0.44333333</y>
      <w>0.4682307</w>
      <t>5935</t>
    </point>
    <point>
      <x>0.46833333</x>
      <y>0.445</y>
      <w>0.4682307</w>
      <t>5935</t>
    </point>
    <point>
      <x>0.47166666</x>
      <y>0.44833332</y>
      <w>0.4682307</w>
      <t>5935</t>
    </point>
    <point>
      <x>0.47333333</x>
      <y>0.45166665</y>
      <w>0.4682307</w>
      <t>5935</t>
    </point>
    <point>
      <x>0.475</x>
      <y>0.455</y>
      <w>0.5102639</w>
      <t>5968</t>
    </point>
    <point>
      <x>0.47666666</x>
      <y>0.45666668</y>
      <w>0.5102639</w>
      <t>5968</t>
    </point>
    <point>
      <x>0.47833332</x>
      <y>0.45833334</y>
      <w>0.5102639</w>
      <t>5968</t>
    </point>
    <point>
      <x>0.48</x>
      <y>0.46</y>
      <w>0.5102639</w>
      <t>5968</t>
    </point>
    <point>
      <x>0.48166665</x>
      <y>0.46166667</y>
      <w>0.53861195</w>
      <t>6001</t>
    </point>
    <point>
      <x>0.48333332</x>
      <y>0.46333334</y>
      <w>0.53861195</w>
      <t>6001</t>
    </point>
    <point>
      <x>0.485</x>
      <y>0.465</y>
      <w>0.53861195</w>
      <t>6001</t>
    </point>
    <point>
      <x>0.48666668</x>
      <y>0.46666667</y>
      <w>0.53861195</w>
      <t>6001</t>
    </point>
    <point>
      <x>0.48833334</x>
      <y>0.46666667</y>
      <w>0.53861195</w>
      <t>6001</t>
    </point>
    <point>
      <x>0.49</x>
      <y>0.46833333</y>
      <w>0.56402737</w>
      <t>6035</t>
    </point>
    <point>
      <x>0.49333334</x>
      <y>0.46833333</y>
      <w>0.56402737</w>
      <t>6035</t>
    </point>
    <point>
      <x>0.495</x>
      <y>0.46833333</y>
      <w>0.56402737</w>
      <t>6035</t>
    </point>
    <point>
      <x>0.49833333</x>
      <y>0.46833333</y>
      <w>0.56402737</w>
      <t>6035</t>
    </point>
    <point>
      <x>0.5</x>
      <y>0.46833333</y>
      <w>0.56402737</w>
      <t>6035</t>
    </point>
    <point>
      <x>0.50333333</x>
      <y>0.46666667</y>
      <w>0.5855327</w>
      <t>6068</t>
    </point>
    <point>
      <x>0.505</x>
      <y>0.465</y>
      <w>0.5855327</w>
      <t>6068</t>
    </point>
    <point>
      <x>0.5083333</x>
      <y>0.46333334</y>
      <w>0.5855327</w>
      <t>6068</t>
    </point>
    <point>
      <x>0.51166666</x>
      <y>0.46166667</y>
      <w>0.5855327</w>
      <t>6068</t>
    </point>
    <point>
      <x>0.515</x>
      <y>0.46</y>
      <w>0.50048876</w>
      <t>6101</t>
    </point>
    <point>
      <x>0.5183333</x>
      <y>0.45833334</y>
      <w>0.50048876</w>
      <t>6101</t>
    </point>
    <point>
      <x>0.52166665</x>
      <y>0.455</y>
      <w>0.50048876</w>
      <t>6101</t>
    </point>
    <point>
      <x>0.525</x>
      <y>0.45333335</y>
      <w>0.50048876</w>
      <t>6101</t>
    </point>
    <point>
      <x>0.5283333</x>
      <y>0.45</y>
      <w>0.0</w>
      <t>6134</t>
    </point>
    <point>
      <x>0.53333336</x>
      <y>0.44833332</y>
      <w>0.0</w>
      <t>6134</t>
    </point>
  </stroke>
  <stroke time="6534">
    <point>
      <x>0.75666666</x>
      <y>0.34833333</y>
      <w>0.40371457</w>
      <t>6568</t>
    </point>
    <point>
      <x>0.7583333</x>
      <y>0.34833333</y>
      <w>0.48778105</w>
      <t>6601</t>
    </point>
    <point>
      <x>0.7583333</x>
      <y>0.35</y>
      <w>0.48778105</w>
      <t>6601</t>
    </point>
    <point>
      <x>0.76</x>
      <y>0.35</y>
      <w>0.48778105</w>
      <t>6601</t>
    </point>
    <point>
      <x>0.76166666</x>
      <y>0.35166666</y>
      <w>0.48778105</w>
      <t>6601</t>
    </point>
    <point>
      <x>0.7633333</x>
      <y>0.35333332</y>
      <w>0.53958946</w>
      <t>6634</t>
    </point>
    <point>
      <x>0.765</x>
      <y>0.355</y>
      <w>0.53958946</w>
      <t>6634</t>
    </point>
    <point>
      <x>0.76666665</x>
      <y>0.35666665</y>
      <w>0.53958946</w>
      <t>6634</t>
    </point>
    <point>
      <x>0.7683333</x>
      <y>0.35833332</y>
      <w>0.5464321</w>
      <t>6668</t>
    </point>
    <point>
      <x>0.7683333</x>
      <y>0.36</y>
      <w>0.5464321</w>
      <t>6668</t>
    </point>
    <point>
      <x>0.77</x>
      <y>0.36166668</y>
      <w>0.5464321</w>
      <t>6668</t>
    </point>
    <point>
      <x>0.77</x>
      <y>0.36333334</y>
      <w>0.5464321</w>
      <t>6668</t>
    </point>
    <point>
      <x>0.77166665</x>
      <y>0.365</y>
      <w>0.55131966</w>
      <t>6701</t>
    </point>
    <point>
      <x>0.77166665</x>
      <y>0.36666667</y>
      <w>0.55131966</w>
      <t>6701</t>
    </point>
    <point>
      <x>0.7733333</x>
      <y>0.36833334</y>
      <w>0.55131966</w>
      <t>6701</t>
    </point>
    <point>
      <x>0.7733333</x>
      <y>0.37</y>
      <w>0.55131966</w>
      <t>6701</t>
    </point>
    <point>
      <x>0.7733333</x>
      <y>0.37166667</y>
      <w>0.5532747</w>
      <t>6735</t>
    </point>
    <point>
      <x>0.7733333</x>
      <y>0.37333333</y>
      <w>0.5532747</w>
      <t>6735</t>
    </point>
    <point>
      <x>0.7733333</x>
      <y>0.375</y>
      <w>0.5552297</w>
      <t>6767</t>
    </point>
    <point>
      <x>0.7733333</x>
      <y>0.37666667</y>
      <w>0.5552297</w>
      <t>6767</t>
    </point>
    <point>
      <x>0.7733333</x>
      <y>0.37833333</y>
      <w>0.5552297</w>
      <t>6767</t>
    </point>
    <point>
      <x>0.7733333</x>
      <y>0.38</y>
      <w>0.5493646</w>
      <t>6801</t>
    </point>
    <point>
      <x>0.77166665</x>
      <y>0.38166666</y>
      <w>0.5493646</w>
      <t>6801</t>
    </point>
    <point>
      <x>0.77</x>
      <y>0.38333333</y>
      <w>0.5493646</w>
      <t>6801</t>
    </point>
    <point>
      <x>0.77</x>
      <y>0.385</y>
      <w>0.5493646</w>
      <t>6801</t>
    </point>
    <point>
      <x>0.7683333</x>
      <y>0.385</y>
      <w>0.5434995</w>
      <t>6835</t>
    </point>
    <point>
      <x>0.7683333</x>
      <y>0.38666666</y>
      <w>0.5434995</w>
      <t>6835</t>
    </point>
    <point>
      <x>0.76666665</x>
      <y>0.38833332</y>
      <w>0.5434995</w>
      <t>6835</t>
    </point>
    <point>
      <x>0.765</x>
      <y>0.39</y>
      <w>0.5434995</w>
      <t>6835</t>
    </point>
    <point>
      <x>0.765</x>
      <y>0.39166668</y>
      <w>0.540567</w>
      <t>6868</t>
    </point>
    <point>
      <x>0.7633333</x>
      <y>0.39333335</y>
      <w>0.540567</w>
      <t>6868</t>
    </point>
    <point>
      <x>0.76166666</x>
      <y>0.395</y>
      <w>0.540567</w>
      <t>6868</t>
    </point>
    <point>
      <x>0.7583333</x>
      <y>0.39666668</y>
      <w>0.540567</w>
      <t>6868</t>
    </point>
    <point>
      <x>0.75666666</x>
      <y>0.39833334</y>
      <w>0.540567</w>
      <t>6868</t>
    </point>
    <point>
      <x>0.75333333</x>
      <y>0.4</y>
      <w>0.5356794</w>
      <t>6901</t>
    </point>
    <point>
      <x>0.75166667</x>
      <y>0.40333334</y>
      <w>0.5356794</w>
      <t>6901</t>
    </point>
    <point>
      <x>0.74833333</x>
      <y>0.405</y>
      <w>0.5356794</w>
      <t>6901</t>
    </point>
    <point>
      <x>0.745</x>
      <y>0.40833333</y>
      <w>0.5356794</w>
      <t>6901</t>
    </point>
    <point>
      <x>0.7416667</x>
      <y>0.41166666</y>
      <w>0.50635386</w>
      <t>6935</t>
    </point>
    <point>
      <x>0.73833334</x>
      <y>0.415</y>
      <w>0.50635386</w>
      <t>6935</t>
    </point>
    <point>
      <x>0.735</x>
      <y>0.41833332</y>
      <w>0.50635386</w>
      <t>6935</t>
    </point>
    <point>
      <x>0.73</x>
      <y>0.42</y>
      <w>0.50635386</w>
      <t>6935</t>
    </point>
    <point>
      <x>0.7266667</x>
      <y>0.42333335</y>
      <w>0.50635386</w>
      <t>6935</t>
    </point>
    <point>
      <x>0.7216667</x>
      <y>0.42666668</y>
      <w>0.36950147</w>
      <t>6968</t>
    </point>
    <point>
      <x>0.71666664</x>
      <y>0.42833334</y>
      <w>0.36950147</w>
      <t>6968</t>
    </point>
    <point>
      <x>0.7133333</x>
      <y>0.43166667</y>
      <w>0.36950147</w>
      <t>6968</t>
    </point>
  </stroke>
</character>
