<?xml version="1.0" encoding="UTF-8"?>
<character>
  <stroke time="0">
    <point>
      <x>0.28833333</x>
      <y>0.40333334</y>
      <w>0.092864126</w>
      <t>5</t>
    </point>
    <point>
      <x>0.28833333</x>
      <y>0.405</y>
      <w>0.092864126</w>
      <t>5</t>
    </point>
    <point>
      <x>0.28833333</x>
      <y>0.40833333</y>
      <w>0.17986315</w>
      <t>33</t>
    </point>
    <point>
      <x>0.28833333</x>
      <y>0.41</y>
      <w>0.17986315</w>
      <t>33</t>
    </point>
    <point>
      <x>0.28833333</x>
      <y>0.41166666</y>
      <w>0.17986315</w>
      <t>33</t>
    </point>
    <point>
      <x>0.28833333</x>
      <y>0.41333333</y>
      <w>0.17986315</w>
      <t>34</t>
    </point>
    <point>
      <x>0.29</x>
      <y>0.415</y>
      <w>0.24242425</w>
      <t>66</t>
    </point>
    <point>
      <x>0.29</x>
      <y>0.41833332</y>
      <w>0.24242425</w>
      <t>66</t>
    </point>
    <point>
      <x>0.29</x>
      <y>0.42166665</y>
      <w>0.24242425</w>
      <t>66</t>
    </point>
    <point>
      <x>0.29</x>
      <y>0.42333335</y>
      <w>0.24242425</w>
      <t>67</t>
    </point>
    <point>
      <x>0.29</x>
      <y>0.42833334</y>
      <w>0.24242425</w>
      <t>67</t>
    </point>
    <point>
      <x>0.29</x>
      <y>0.43166667</y>
      <w>0.3597263</w>
      <t>100</t>
    </point>
    <point>
      <x>0.29</x>
      <y>0.43666667</y>
      <w>0.3597263</w>
      <t>100</t>
    </point>
    <point>
      <x>0.29</x>
      <y>0.44166666</y>
      <w>0.3597263</w>
      <t>100</t>
    </point>
    <point>
      <x>0.29</x>
      <y>0.44666666</y>
      <w>0.3597263</w>
      <t>101</t>
    </point>
    <point>
      <x>0.29</x>
      <y>0.45</y>
      <w>0.4467253</w>
      <t>133</t>
    </point>
    <point>
      <x>0.29</x>
      <y>0.455</y>
      <w>0.4467253</w>
      <t>133</t>
    </point>
    <point>
      <x>0.29</x>
      <y>0.45833334</y>
      <w>0.4467253</w>
      <t>133</t>
    </point>
    <point>
      <x>0.29</x>
      <y>0.46333334</y>
      <w>0.4467253</w>
      <t>133</t>
    </point>
    <point>
      <x>0.29</x>
      <y>0.46666667</y>
      <w>0.4467253</w>
      <t>134</t>
    </point>
    <point>
      <x>0.29</x>
      <y>0.47166666</y>
      <w>0.51319647</w>
      <t>166</t>
    </point>
    <point>
      <x>0.29</x>
      <y>0.475</y>
      <w>0.51319647</w>
      <t>166</t>
    </point>
    <point>
      <x>0.29</x>
      <y>0.48</y>
      <w>0.51319647</w>
      <t>166</t>
    </point>
    <point>
      <x>0.29</x>
      <y>0.485</y>
      <w>0.51319647</w>
      <t>167</t>
    </point>
    <point>
      <x>0.29</x>
      <y>0.49</y>
      <w>0.57087</w>
      <t>200</t>
    </point>
    <point>
      <x>0.28833333</x>
      <y>0.495</y>
      <w>0.57087</w>
      <t>200</t>
    </point>
    <point>
      <x>0.28833333</x>
      <y>0.5</y>
      <w>0.57087</w>
      <t>200</t>
    </point>
    <point>
      <x>0.28833333</x>
      <y>0.505</y>
      <w>0.6050831</w>
      <t>201</t>
    </point>
    <point>
      <x>0.28833333</x>
      <y>0.51</y>
      <w>0.6050831</w>
      <t>201</t>
    </point>
    <point>
      <x>0.28666666</x>
      <y>0.515</y>
      <w>0.64907134</w>
      <t>233</t>
    </point>
    <point>
      <x>0.28666666</x>
      <y>0.52</y>
      <w>0.64907134</w>
      <t>233</t>
    </point>
    <point>
      <x>0.28666666</x>
      <y>0.525</y>
      <w>0.64907134</w>
      <t>233</t>
    </point>
    <point>
      <x>0.28666666</x>
      <y>0.53</y>
      <w>0.64907134</w>
      <t>234</t>
    </point>
    <point>
      <x>0.28666666</x>
      <y>0.535</y>
      <w>0.6803519</w>
      <t>266</t>
    </point>
    <point>
      <x>0.28666666</x>
      <y>0.54</y>
      <w>0.6803519</w>
      <t>266</t>
    </point>
    <point>
      <x>0.285</x>
      <y>0.545</y>
      <w>0.6803519</w>
      <t>266</t>
    </point>
    <point>
      <x>0.285</x>
      <y>0.54833335</y>
      <w>0.6803519</w>
      <t>267</t>
    </point>
    <point>
      <x>0.285</x>
      <y>0.5516667</y>
      <w>0.6969697</w>
      <t>299</t>
    </point>
    <point>
      <x>0.285</x>
      <y>0.55333334</y>
      <w>0.6969697</w>
      <t>299</t>
    </point>
    <point>
      <x>0.285</x>
      <y>0.5566667</y>
      <w>0.6969697</w>
      <t>299</t>
    </point>
    <point>
      <x>0.28333333</x>
      <y>0.56</y>
      <w>0.6969697</w>
      <t>300</t>
    </point>
    <point>
      <x>0.28333333</x>
      <y>0.56166667</y>
      <w>0.6969697</w>
      <t>300</t>
    </point>
    <point>
      <x>0.28333333</x>
      <y>0.56333333</y>
      <w>0.70674485</w>
      <t>333</t>
    </point>
    <point>
      <x>0.28333333</x>
      <y>0.565</y>
      <w>0.70674485</w>
      <t>333</t>
    </point>
    <point>
      <x>0.28333333</x>
      <y>0.56333333</y>
      <w>0.71260995</w>
      <t>433</t>
    </point>
    <point>
      <x>0.28333333</x>
      <y>0.56166667</y>
      <w>0.71260995</w>
      <t>433</t>
    </point>
    <point>
      <x>0.28333333</x>
      <y>0.56</y>
      <w>0.71260995</w>
      <t>433</t>
    </point>
    <point>
      <x>0.285</x>
      <y>0.555</y>
      <w>0.71260995</w>
      <t>434</t>
    </point>
    <point>
      <x>0.28833333</x>
      <y>0.5516667</y>
      <w>0.7028348</w>
      <t>466</t>
    </point>
    <point>
      <x>0.29</x>
      <y>0.545</y>
      <w>0.7028348</w>
      <t>466</t>
    </point>
    <point>
      <x>0.29333332</x>
      <y>0.53833336</y>
      <w>0.7028348</w>
      <t>466</t>
    </point>
    <point>
      <x>0.29666665</x>
      <y>0.53</y>
      <w>0.7028348</w>
      <t>466</t>
    </point>
    <point>
      <x>0.3</x>
      <y>0.52166665</y>
      <w>0.6050831</w>
      <t>500</t>
    </point>
    <point>
      <x>0.30333334</x>
      <y>0.5133333</y>
      <w>0.6050831</w>
      <t>500</t>
    </point>
    <point>
      <x>0.30666667</x>
      <y>0.50666666</y>
      <w>0.6050831</w>
      <t>500</t>
    </point>
    <point>
      <x>0.31</x>
      <y>0.5</y>
      <w>0.6050831</w>
      <t>501</t>
    </point>
    <point>
      <x>0.315</x>
      <y>0.49333334</y>
      <w>0.42913002</w>
      <t>533</t>
    </point>
    <point>
      <x>0.31833333</x>
      <y>0.48666668</y>
      <w>0.42913002</w>
      <t>533</t>
    </point>
    <point>
      <x>0.32166666</x>
      <y>0.48</y>
      <w>0.42913002</w>
      <t>533</t>
    </point>
    <point>
      <x>0.32666665</x>
      <y>0.475</y>
      <w>0.42913002</w>
      <t>533</t>
    </point>
    <point>
      <x>0.33</x>
      <y>0.47</y>
      <w>0.42913002</w>
      <t>534</t>
    </point>
    <point>
      <x>0.335</x>
      <y>0.465</y>
      <w>0.0</w>
      <t>566</t>
    </point>
  </stroke>
  <stroke time="1700">
    <point>
      <x>0.62666667</x>
      <y>0.355</y>
      <w>0.18963832</w>
      <t>1733</t>
    </point>
    <point>
      <x>0.62833333</x>
      <y>0.355</y>
      <w>0.34701857</w>
      <t>1767</t>
    </point>
    <point>
      <x>0.63</x>
      <y>0.355</y>
      <w>0.34701857</w>
      <t>1767</t>
    </point>
    <point>
      <x>0.63166666</x>
      <y>0.35666665</y>
      <w>0.34701857</w>
      <t>1767</t>
    </point>
    <point>
      <x>0.6333333</x>
      <y>0.35666665</y>
      <w>0.48387095</w>
      <t>1800</t>
    </point>
    <point>
      <x>0.635</x>
      <y>0.35833332</y>
      <w>0.48387095</w>
      <t>1800</t>
    </point>
    <point>
      <x>0.63666666</x>
      <y>0.35833332</y>
      <w>0.48387095</w>
      <t>1800</t>
    </point>
    <point>
      <x>0.6383333</x>
      <y>0.36</y>
      <w>0.48387095</w>
      <t>1800</t>
    </point>
    <point>
      <x>0.64166665</x>
      <y>0.36166668</y>
      <w>0.48387095</w>
      <t>1801</t>
    </point>
    <point>
      <x>0.6433333</x>
      <y>0.36333334</y>
      <w>0.5855327</w>
      <t>1833</t>
    </point>
    <point>
      <x>0.64666665</x>
      <y>0.365</y>
      <w>0.5855327</w>
      <t>1833</t>
    </point>
    <point>
      <x>0.65</x>
      <y>0.36833334</y>
      <w>0.5855327</w>
      <t>1833</t>
    </point>
    <point>
      <x>0.6533333</x>
      <y>0.37</y>
      <w>0.5855327</w>
      <t>1833</t>
    </point>
    <point>
      <x>0.65833336</x>
      <y>0.37166667</y>
      <w>0.6226784</w>
      <t>1866</t>
    </point>
    <point>
      <x>0.6616667</x>
      <y>0.375</y>
      <w>0.6226784</w>
      <t>1866</t>
    </point>
    <point>
      <x>0.6666667</x>
      <y>0.37833333</y>
      <w>0.6226784</w>
      <t>1866</t>
    </point>
    <point>
      <x>0.67</x>
      <y>0.38166666</y>
      <w>0.6226784</w>
      <t>1866</t>
    </point>
    <point>
      <x>0.675</x>
      <y>0.385</y>
      <w>0.6226784</w>
      <t>1866</t>
    </point>
    <point>
      <x>0.68</x>
      <y>0.39</y>
      <w>0.66959924</w>
      <t>1900</t>
    </point>
    <point>
      <x>0.68333334</x>
      <y>0.39333335</y>
      <w>0.66959924</w>
      <t>1900</t>
    </point>
    <point>
      <x>0.68833333</x>
      <y>0.39833334</y>
      <w>0.66959924</w>
      <t>1900</t>
    </point>
    <point>
      <x>0.6933333</x>
      <y>0.40333334</y>
      <w>0.66959924</w>
      <t>1900</t>
    </point>
    <point>
      <x>0.69666666</x>
      <y>0.40666667</y>
      <w>0.71163243</w>
      <t>1934</t>
    </point>
    <point>
      <x>0.7</x>
      <y>0.41</y>
      <w>0.71163243</w>
      <t>1935</t>
    </point>
    <point>
      <x>0.7033333</x>
      <y>0.415</y>
      <w>0.71163243</w>
      <t>1935</t>
    </point>
    <point>
      <x>0.70666665</x>
      <y>0.41833332</y>
      <w>0.71163243</w>
      <t>1935</t>
    </point>
    <point>
      <x>0.71</x>
      <y>0.42166665</y>
      <w>0.71163243</w>
      <t>1935</t>
    </point>
    <point>
      <x>0.71166664</x>
      <y>0.425</y>
      <w>0.7302053</w>
      <t>1967</t>
    </point>
    <point>
      <x>0.7133333</x>
      <y>0.42833334</y>
      <w>0.7302053</w>
      <t>1967</t>
    </point>
    <point>
      <x>0.715</x>
      <y>0.43166667</y>
      <w>0.7302053</w>
      <t>1967</t>
    </point>
    <point>
      <x>0.71666664</x>
      <y>0.435</y>
      <w>0.7302053</w>
      <t>1967</t>
    </point>
    <point>
      <x>0.7183333</x>
      <y>0.43833333</y>
      <w>0.73900294</w>
      <t>2000</t>
    </point>
    <point>
      <x>0.72</x>
      <y>0.44166666</y>
      <w>0.73900294</w>
      <t>2000</t>
    </point>
    <point>
      <x>0.72</x>
      <y>0.445</y>
      <w>0.73900294</w>
      <t>2000</t>
    </point>
    <point>
      <x>0.7216667</x>
      <y>0.44666666</y>
      <w>0.73900294</w>
      <t>2000</t>
    </point>
    <point>
      <x>0.7216667</x>
      <y>0.45</y>
      <w>0.7438905</w>
      <t>2033</t>
    </point>
    <point>
      <x>0.7216667</x>
      <y>0.45166665</y>
      <w>0.7438905</w>
      <t>2033</t>
    </point>
    <point>
      <x>0.72333336</x>
      <y>0.455</y>
      <w>0.7438905</w>
      <t>2033</t>
    </point>
    <point>
      <x>0.72333336</x>
      <y>0.45666668</y>
      <w>0.7438905</w>
      <t>2033</t>
    </point>
    <point>
      <x>0.72333336</x>
      <y>0.45833334</y>
      <w>0.7438905</w>
      <t>2033</t>
    </point>
    <point>
      <x>0.725</x>
      <y>0.45833334</y>
      <w>0.7438905</w>
      <t>2066</t>
    </point>
    <point>
      <x>0.725</x>
      <y>0.46</y>
      <w>0.7438905</w>
      <t>2066</t>
    </point>
    <point>
      <x>0.725</x>
      <y>0.46166667</y>
      <w>0.7438905</w>
      <t>2066</t>
    </point>
    <point>
      <x>0.72333336</x>
      <y>0.46166667</y>
      <w>0.31573802</w>
      <t>2166</t>
    </point>
    <point>
      <x>0.7216667</x>
      <y>0.46166667</y>
      <w>0.31573802</w>
      <t>2166</t>
    </point>
  </stroke>
</character>
